video_id,channel_id,split,t,day,truth_day,est30,actual30,baseline,score,confidence,q,n_baseline,priors_derived,coverage,changed
UFUIy5U5tVs,UC8kGsMa0LygSX9nkBcBH1Sg,time,5,6.8327,27,18068.20,25606,,,insufficient,,0,0,none,0
UFUIy5U5tVs,UC8kGsMa0LygSX9nkBcBH1Sg,time,7,6.8327,27,18068.20,25606,,,insufficient,,0,0,none,0
UFUIy5U5tVs,UC8kGsMa0LygSX9nkBcBH1Sg,time,14,12.8327,27,20403.89,25606,10519.784750629315,1.9395728952774396,confirmed,0.3435186189196919,15,10,none,0
eXwUnRlQc1M,UCg_6LRcTUvdlwjnimkKxKxA,time,5,5.3938,28,67.99,69,,,insufficient,,2,2,none,0
eXwUnRlQc1M,UCg_6LRcTUvdlwjnimkKxKxA,time,7,7.3938,28,58.27,69,,,insufficient,0.21409360694790153,2,2,none,0
eXwUnRlQc1M,UCg_6LRcTUvdlwjnimkKxKxA,time,14,13.3938,28,64.13,69,,,insufficient,0.20396836567794635,2,2,none,0
Dart_BYcL7E,UCYzrlZP_m1cV51q9GGDHCMg,time,0.5,0.3528,27,560.23,161,282.66618645044355,1.9819445272451373,early,,13,13,none,0
Dart_BYcL7E,UCYzrlZP_m1cV51q9GGDHCMg,time,1,1.3528,27,362.47,161,283.2439582552081,1.2797222610963805,early,0.12381219650425268,14,14,none,0
Dart_BYcL7E,UCYzrlZP_m1cV51q9GGDHCMg,time,2,2.3528,27,220.23,161,269.6301884006504,0.8167890684791068,early,0.0827681072437968,15,15,none,0
Dart_BYcL7E,UCYzrlZP_m1cV51q9GGDHCMg,time,3,3.3528,27,190.90,161,264.40828819717416,0.7219837048697564,likely,0.06989244320409319,15,15,none,0
Dart_BYcL7E,UCYzrlZP_m1cV51q9GGDHCMg,time,5,5.3528,27,177.88,161,256.76024460135733,0.692798981170188,likely,0.06536252750858144,15,15,none,0
Dart_BYcL7E,UCYzrlZP_m1cV51q9GGDHCMg,time,7,7.3528,27,172.62,161,249.5329655990154,0.6917899511170535,confirmed,0.059045276121689264,15,15,none,0
Dart_BYcL7E,UCYzrlZP_m1cV51q9GGDHCMg,time,14,15.3528,27,166.31,161,234.03687819539928,0.7106027480847651,confirmed,0.05322388141933424,15,15,none,0
YfY-F-oTkrY,UCcCzzSbdw5-qmdF_NuTtb2w,heldout,0.5,0.3955,30,3436.86,5901,2584.890569555597,1.3295974920272684,early,,12,11,none,0
YfY-F-oTkrY,UCcCzzSbdw5-qmdF_NuTtb2w,heldout,1,0.3955,30,3436.86,5901,2584.890569555597,1.3295974920272684,early,,12,11,none,0
YfY-F-oTkrY,UCcCzzSbdw5-qmdF_NuTtb2w,heldout,5,5.3955,30,7970.88,5901,2702.471366042622,2.949476277134545,likely,1.0495548665100196,15,13,none,0
YfY-F-oTkrY,UCcCzzSbdw5-qmdF_NuTtb2w,heldout,7,6.3955,30,7288.27,5901,2696.9067606529347,2.702454480775114,likely,0.9831226119555855,15,12,none,0
YfY-F-oTkrY,UCcCzzSbdw5-qmdF_NuTtb2w,heldout,14,14.3955,30,6615.55,5901,2683.7924958059752,2.464998728943088,confirmed,0.7547220565027144,15,9,none,0
K_mlC_aeDSU,UChpleBmo18P08aKCIgti38g,time,0.5,0.5029,27,338494.35,202087,95969.94204023443,3.52708720225495,early,,14,9,none,0
K_mlC_aeDSU,UChpleBmo18P08aKCIgti38g,time,1,0.5029,27,338494.35,202087,95969.94204023443,3.52708720225495,early,,14,9,none,0
K_mlC_aeDSU,UChpleBmo18P08aKCIgti38g,time,2,1.5029,27,333059.09,202087,96012,3.468931940844259,early,0.8435823831337811,15,9,none,0
K_mlC_aeDSU,UChpleBmo18P08aKCIgti38g,time,3,2.5029,27,288004.29,202087,96012,2.9996697181819103,early,0.5991569090993978,15,9,none,0
K_mlC_aeDSU,UChpleBmo18P08aKCIgti38g,time,5,4.5029,27,279220.64,202087,96012,2.9081847858250187,likely,0.45240092004809673,15,8,none,0
K_mlC_aeDSU,UChpleBmo18P08aKCIgti38g,time,7,6.5029,27,234088.63,202087,96012,2.438118507909159,likely,0.3860952934626793,15,8,none,0
K_mlC_aeDSU,UChpleBmo18P08aKCIgti38g,time,14,12.5029,27,217106.58,202087,96012,2.261244214650032,confirmed,0.2875113158604974,15,6,none,0
WYcTU11_1UA,UCGznz4NfW5iymkvn1l40qyA,time,1,0.8747,28,48768.30,59786,45021.48393827239,1.0832228955447918,early,,15,10,none,0
WYcTU11_1UA,UCGznz4NfW5iymkvn1l40qyA,time,2,2.8747,28,56823.90,59786,45021.48393827239,1.262150721410582,early,0.6407695252541551,15,9,none,0
WYcTU11_1UA,UCGznz4NfW5iymkvn1l40qyA,time,3,2.8747,28,56823.90,59786,45021.48393827239,1.262150721410582,early,0.6407695252541551,15,9,none,0
WYcTU11_1UA,UCGznz4NfW5iymkvn1l40qyA,time,5,4.8747,28,67853.61,59786,47938.98002793808,1.4154162066565241,likely,0.5332585786713783,15,9,none,0
WYcTU11_1UA,UCGznz4NfW5iymkvn1l40qyA,time,7,6.8747,28,60121.68,59786,51575.067263313125,1.165712013120512,likely,0.5352288689099132,15,9,none,0
WYcTU11_1UA,UCGznz4NfW5iymkvn1l40qyA,time,14,13.8747,28,64465.65,59786,53180.53398738613,1.2122038331787697,confirmed,0.45931227350443515,15,8,none,0
YZuCKWqal5c,UC6BW8DqrAmBEIeCtMa4bfBw,time,14,15.2267,27,1988.46,2048,3672.6980579393658,0.5414156579900953,confirmed,0.1027204386099998,15,15,none,0
7XFJ8cEwtgM,UCcCzzSbdw5-qmdF_NuTtb2w,heldout,0.5,0.3958,27,4376.28,2878,5886.623730684379,0.7434286215105227,early,,15,9,none,0
7XFJ8cEwtgM,UCcCzzSbdw5-qmdF_NuTtb2w,time,0.5,0.3958,27,4376.28,2878,5886.623730684379,0.7434286215105227,early,,15,9,none,0
7XFJ8cEwtgM,UCcCzzSbdw5-qmdF_NuTtb2w,heldout,1,1.3958,27,4652.27,2878,5880.965205719968,0.7910720591247689,early,0.7350102837947212,15,9,none,0
7XFJ8cEwtgM,UCcCzzSbdw5-qmdF_NuTtb2w,time,1,1.3958,27,4652.27,2878,5880.965205719968,0.7910720591247689,early,0.7350102837947212,15,9,none,0
7XFJ8cEwtgM,UCcCzzSbdw5-qmdF_NuTtb2w,heldout,2,2.3958,27,3046.49,2878,5896.253970708856,0.5166822914008458,early,0.62674639198877,15,8,none,0
7XFJ8cEwtgM,UCcCzzSbdw5-qmdF_NuTtb2w,time,2,2.3958,27,3046.49,2878,5896.253970708856,0.5166822914008458,early,0.62674639198877,15,8,none,0
7XFJ8cEwtgM,UCcCzzSbdw5-qmdF_NuTtb2w,heldout,3,3.3958,27,3221.09,2878,5888.951906254206,0.5469715083110203,likely,0.5556647227596817,15,8,none,0
7XFJ8cEwtgM,UCcCzzSbdw5-qmdF_NuTtb2w,time,3,3.3958,27,3221.09,2878,5888.951906254206,0.5469715083110203,likely,0.5556647227596817,15,8,none,0
7XFJ8cEwtgM,UCcCzzSbdw5-qmdF_NuTtb2w,heldout,5,5.3958,27,2936.46,2878,5885.848620896116,0.4989016940586706,likely,0.5098366827397262,15,8,none,0
7XFJ8cEwtgM,UCcCzzSbdw5-qmdF_NuTtb2w,time,5,5.3958,27,2936.46,2878,5885.848620896116,0.4989016940586706,likely,0.5098366827397262,15,8,none,0
7XFJ8cEwtgM,UCcCzzSbdw5-qmdF_NuTtb2w,heldout,7,7.3958,27,2762.37,2878,5869.372166232561,0.470642081636694,confirmed,0.46394855065825336,15,7,none,0
7XFJ8cEwtgM,UCcCzzSbdw5-qmdF_NuTtb2w,time,7,7.3958,27,2762.37,2878,5869.372166232561,0.470642081636694,confirmed,0.46394855065825336,15,7,none,0
7XFJ8cEwtgM,UCcCzzSbdw5-qmdF_NuTtb2w,heldout,14,15.3958,27,3084.46,2878,5901,0.522702019778909,confirmed,0.4083092177397341,15,4,none,0
7XFJ8cEwtgM,UCcCzzSbdw5-qmdF_NuTtb2w,time,14,15.3958,27,3084.46,2878,5901,0.522702019778909,confirmed,0.4083092177397341,15,4,none,0
M2zC_6OwJJI,UCBhPkAuGks2UkizNMbtW6uw,time,5,5.3314,27,85.52,87,81.04633661347462,1.0552085392994401,likely,0.23746535863665064,4,4,none,0
M2zC_6OwJJI,UCBhPkAuGks2UkizNMbtW6uw,time,7,7.3314,27,83.56,87,76.74810794873247,1.0888008202764519,confirmed,0.12111376145487257,4,4,none,0
M2zC_6OwJJI,UCBhPkAuGks2UkizNMbtW6uw,time,14,15.3314,27,85.74,87,73.82139242101891,1.1613982381431993,confirmed,0.1270011250565764,4,4,none,0
YRMiL_vw8pg,UCP4k407eomZThGHo_9sgMkg,time,7,7.9786,27,27112.37,29440,170019.14811842042,0.15946657748972495,confirmed,,15,15,none,0
YRMiL_vw8pg,UCP4k407eomZThGHo_9sgMkg,time,14,14.9786,27,30532.76,29440,175998.68439702992,0.17348287863092218,confirmed,0.3341508824408208,15,13,none,0
yuQ8KP559BQ,UCDNHPNeWScAC8h8IxtEBtkQ,heldout,14,12.0820,31,55227.99,53127,68234.31303396294,0.8093874123011516,confirmed,,15,12,none,0
gY0u23USApk,UC6BW8DqrAmBEIeCtMa4bfBw,time,14,15.2591,27,64.58,66,3672.6980579393658,0.017582904506965865,confirmed,0.723816998239705,15,15,none,0
C-JhnSwk_Dw,UCMekTeLUP4PllG4z53Qny2Q,heldout,5,4.6665,28,802.25,803,778.6106359566106,1.0303643498332444,likely,,15,15,none,0
C-JhnSwk_Dw,UCMekTeLUP4PllG4z53Qny2Q,time,5,4.6665,28,802.25,803,778.6106359566106,1.0303643498332444,likely,,15,15,none,0
C-JhnSwk_Dw,UCMekTeLUP4PllG4z53Qny2Q,heldout,7,6.6665,28,783.70,803,779.0445614167211,1.0059746595963257,likely,0.31019607944215016,15,15,none,0
C-JhnSwk_Dw,UCMekTeLUP4PllG4z53Qny2Q,time,7,6.6665,28,783.70,803,779.0445614167211,1.0059746595963257,likely,0.31019607944215016,15,15,none,0
C-JhnSwk_Dw,UCMekTeLUP4PllG4z53Qny2Q,heldout,14,12.6665,28,822.65,803,759.1459450574099,1.083647511222381,confirmed,0.24960811298982033,15,11,none,0
C-JhnSwk_Dw,UCMekTeLUP4PllG4z53Qny2Q,time,14,12.6665,28,822.65,803,759.1459450574099,1.083647511222381,confirmed,0.24960811298982033,15,11,none,0
QbEPCbNW_dY,UCPfe6kkX-LqgAovxwxHQXdQ,time,14,12.5830,27,520.73,503,908.5712793069529,0.5731263616776523,confirmed,,10,9,none,0
q6tYDSHlLME,UC6BW8DqrAmBEIeCtMa4bfBw,time,14,13.3193,28,19306.75,17990,3833.2426084010244,5.036663470113843,confirmed,,15,15,none,0
9J1f3fCsOMg,UCKmkpoEqg1sOMGEiIysP8Tw,time,5,4.8672,28,29773.09,62370,63136.14533994207,0.4715696705603265,likely,,15,15,none,0
9J1f3fCsOMg,UCKmkpoEqg1sOMGEiIysP8Tw,time,7,6.8672,28,55647.24,62370,62231.227041538084,0.8942012452341244,likely,1.5032486701247105,15,15,none,0
9J1f3fCsOMg,UCKmkpoEqg1sOMGEiIysP8Tw,time,14,12.8672,28,72970.40,62370,60183.505356949696,1.2124651678848803,confirmed,1.1250662398039655,15,15,none,0
DWi0YY8sNN0,UC6gi5tigsPyfEnFXFPeYH0Q,time,2,2.8845,27,196.56,341,165.53822491307994,1.1874105520796256,early,,15,15,none,0
DWi0YY8sNN0,UC6gi5tigsPyfEnFXFPeYH0Q,time,3,2.8845,27,196.56,341,165.53822491307994,1.1874105520796256,early,,15,15,none,0
DWi0YY8sNN0,UC6gi5tigsPyfEnFXFPeYH0Q,time,5,4.8845,27,211.86,341,164.98490438249294,1.2841307681395846,likely,0.5059968546266025,15,15,none,0
DWi0YY8sNN0,UC6gi5tigsPyfEnFXFPeYH0Q,time,7,6.8845,27,262.19,341,175.120348477178,1.497212575779762,likely,0.6102353325564189,15,15,none,0
DWi0YY8sNN0,UC6gi5tigsPyfEnFXFPeYH0Q,time,14,12.8845,27,314.02,341,191.84051950467298,1.6368806155580842,confirmed,0.5441625533748485,15,14,none,0
FBUPqwhKwmg,UC1LJVKQ0hp7sKyfAbKoDHMw,time,5,5.0546,27,130.54,115,78.49994072798809,1.6628805301532439,likely,,15,13,none,0
FBUPqwhKwmg,UC1LJVKQ0hp7sKyfAbKoDHMw,time,7,7.0546,27,112.15,115,80.42827204412632,1.3944211404107931,confirmed,0.21240245802721594,15,11,none,0
FBUPqwhKwmg,UC1LJVKQ0hp7sKyfAbKoDHMw,time,14,13.0546,27,116.68,115,82.57517760661429,1.4130454846611684,confirmed,0.1723990726150383,15,8,none,0
RCoAYrh84zY,UCsjrTadAFqgr29SsPPN6QRA,time,14,12.7371,27,2241.85,2321,2189.167484232656,1.0240659726709833,confirmed,0.2755922408669756,15,15,none,0
V8GyMt6n10Q,UC8wwEsUeTG9cpzvWT5Dsdqw,heldout,14,13.0410,31,54558.81,67840,24140.676934305557,2.2600362742075975,confirmed,,10,10,none,0
PgPtHrhg44o,UCBhPkAuGks2UkizNMbtW6uw,time,5,5.3915,27,37.63,44,,,insufficient,0,1,1,none,0
PgPtHrhg44o,UCBhPkAuGks2UkizNMbtW6uw,time,7,6.3915,27,35.18,44,,,insufficient,-0.09753106240495744,1,1,none,0
PgPtHrhg44o,UCBhPkAuGks2UkizNMbtW6uw,time,14,15.3915,27,39.25,44,,,insufficient,0.12687640247661572,1,1,none,0
DvDSkyDHb9o,UCgdHSFcXvkN6O3NXvif0-pA,time,5,4.9480,27,3313.71,3599,,,insufficient,,1,1,none,0
DvDSkyDHb9o,UCgdHSFcXvkN6O3NXvif0-pA,time,7,6.9480,27,3408.71,3599,,,insufficient,0.33690599856772396,1,1,none,0
DvDSkyDHb9o,UCgdHSFcXvkN6O3NXvif0-pA,time,14,12.9480,27,3514.44,3599,,,insufficient,0.29738384076470975,1,1,none,0
JKFzRL6UfCg,UCyapQzPW5tjyIVsOLSkZ6Vg,time,14,13.8330,28,161.76,159,100.99309686553113,1.6016687320379512,confirmed,,15,15,none,0
WNuzqJz6m6g,UC8DqDLFZCni7Jkys3N3818w,time,5,4.8179,27,16.32,35,42.62346820029508,0.3828173438437236,likely,,4,4,none,0
WNuzqJz6m6g,UC8DqDLFZCni7Jkys3N3818w,time,7,6.8179,27,19.22,35,45.58947406966385,0.4215510403042892,likely,0.521701308471672,4,4,none,0
WNuzqJz6m6g,UC8DqDLFZCni7Jkys3N3818w,time,14,15.8179,27,29.12,35,45.73130011578723,0.6368247802218752,confirmed,0.6128915764715054,4,4,none,0
Br_Dz5FZELU,UC70SrI3VkT1MXALRtf0pcHg,heldout,1,0.9236,30,87939.46,55831,75946.77583979067,1.1579090060723447,early,,13,13,none,0
Br_Dz5FZELU,UC70SrI3VkT1MXALRtf0pcHg,heldout,2,1.9236,30,59161.00,55831,69403.82927777557,0.8524169243204958,early,0.25916358771289294,15,15,none,0
Br_Dz5FZELU,UC70SrI3VkT1MXALRtf0pcHg,heldout,3,2.9236,30,63469.95,55831,68414.50291810946,0.9277264668189973,early,0.29859191756496933,15,15,none,0
Br_Dz5FZELU,UC70SrI3VkT1MXALRtf0pcHg,heldout,5,4.9236,30,65617.23,55831,66870.00326173051,0.9812655517352701,likely,0.29270824974591747,15,15,none,0
Br_Dz5FZELU,UC70SrI3VkT1MXALRtf0pcHg,heldout,7,6.9236,30,62608.85,55831,65048.10878029445,0.9625006859708142,likely,0.24426820739287194,15,15,none,0
Br_Dz5FZELU,UC70SrI3VkT1MXALRtf0pcHg,heldout,14,13.9236,30,58430.43,55831,60942.27210783748,0.9587831886103743,confirmed,0.18716002020021094,15,15,none,0
Qi07yb1S6Ps,UC70SrI3VkT1MXALRtf0pcHg,time,1,0.8477,27,73973.86,43060,71892.55761173926,1.0289502093405603,early,,13,13,none,0
Qi07yb1S6Ps,UC70SrI3VkT1MXALRtf0pcHg,time,2,1.8477,27,53297.63,43060,70840.1840883927,0.7523643817535631,early,0.40854482753585764,15,15,none,0
Qi07yb1S6Ps,UC70SrI3VkT1MXALRtf0pcHg,time,3,2.8477,27,49683.09,43060,69761.82383982727,0.7121816457287184,early,0.32659594299305594,15,15,none,0
Qi07yb1S6Ps,UC70SrI3VkT1MXALRtf0pcHg,time,5,4.8477,27,49545.73,43060,67926.66299758627,0.7294003572621416,likely,0.2776748201906878,15,15,none,0
Qi07yb1S6Ps,UC70SrI3VkT1MXALRtf0pcHg,time,7,7.8477,27,50196.65,43060,66628.4596669196,0.7533815497376563,confirmed,0.25313896298030836,15,15,none,0
Qi07yb1S6Ps,UC70SrI3VkT1MXALRtf0pcHg,time,14,12.8477,27,46056.05,43060,63921.537778417245,0.7205091742979314,confirmed,0.20708054055906772,15,15,none,0
_h9AyLOG-f4,UC6XTIVq86zJPKNeiPay1czQ,time,5,5.9445,28,768.26,1005,,,insufficient,,0,0,none,0
_h9AyLOG-f4,UC6XTIVq86zJPKNeiPay1czQ,time,7,6.9445,28,634.42,1005,,,insufficient,0.15622259181439874,0,0,none,0
_h9AyLOG-f4,UC6XTIVq86zJPKNeiPay1czQ,time,14,13.9445,28,781.23,1005,,,insufficient,0.27582952058633803,0,0,none,0
rHIUKM0SDhE,UCloEmVCpDUoPHyi5qU940TQ,time,0.5,0.5012,28,664.69,1853,572.6339459555624,1.160765047938484,early,,15,12,none,0
rHIUKM0SDhE,UCloEmVCpDUoPHyi5qU940TQ,time,1,0.5012,28,664.69,1853,572.6339459555624,1.160765047938484,early,,15,12,none,0
rHIUKM0SDhE,UCloEmVCpDUoPHyi5qU940TQ,time,2,2.5012,28,1087.25,1853,572.6339459555624,1.8986894363805307,early,1.0347322303231368,15,12,none,0
rHIUKM0SDhE,UCloEmVCpDUoPHyi5qU940TQ,time,3,2.5012,28,1087.25,1853,572.6339459555624,1.8986894363805307,early,1.0347322303231368,15,12,none,0
rHIUKM0SDhE,UCloEmVCpDUoPHyi5qU940TQ,time,5,4.5012,28,1318.83,1853,582.9581574364441,2.2623080615213316,likely,0.8372768326751117,15,11,none,0
rHIUKM0SDhE,UCloEmVCpDUoPHyi5qU940TQ,time,7,6.5012,28,1465.85,1853,590,2.4844920012531078,likely,0.7991641838211357,15,11,none,0
rHIUKM0SDhE,UCloEmVCpDUoPHyi5qU940TQ,time,14,13.5012,28,1640.28,1853,595,2.7567786778150625,confirmed,0.7789856523121829,15,9,none,0
FYyjcU387fQ,UCPa0bvFsR1mbBpk5mIPFGLA,heldout,14,14.9164,30,86450.51,96398,85814.65171688858,1.0074096997828954,confirmed,,15,14,none,0
8RlLlCWFt1g,UCq_2n18CJaRVGxEfxtCfI-Q,time,3,3.8443,27,170694.93,126419,118256.23427948795,1.4434328359451924,likely,,15,15,none,0
8RlLlCWFt1g,UCq_2n18CJaRVGxEfxtCfI-Q,time,5,4.8443,27,127111.26,126419,117474.75831278975,1.0820303627508456,likely,0.18441903000502852,15,15,none,0
8RlLlCWFt1g,UCq_2n18CJaRVGxEfxtCfI-Q,time,7,6.8443,27,129058.18,126419,116180.16559710265,1.110845190371832,likely,0.1788611614198124,15,15,none,0
8RlLlCWFt1g,UCq_2n18CJaRVGxEfxtCfI-Q,time,14,12.8443,27,127171.33,126419,113062.37429250973,1.1247891439076285,confirmed,0.12753415046658526,15,14,none,0
rMrvu2Ka40w,UCUccYwZMnNshyTFTtUTqijA,time,14,14.9888,27,16.62,16,21.762805993237343,0.7636386474319696,confirmed,,13,13,none,0
jqe3Bjx8TmU,UCDvZTWvHZPTxJ4K1yTD2a1g,time,14,13.8323,28,81197.83,78272,147915.9985984583,0.5489455280621721,confirmed,,15,14,none,0
ljwFexdPqIc,UC6BW8DqrAmBEIeCtMa4bfBw,time,14,15.3006,27,5245.91,5259,3672.6980579393658,1.4283535009816686,confirmed,0.3084366919686509,15,15,none,0
Fyj8OhfrsbI,UCfYfK0tzHZTpNFrc_NDKfTA,time,7,7.8749,29,1617.50,1429,1686.7343770385196,0.9589553895084277,confirmed,,15,15,none,0
Fyj8OhfrsbI,UCfYfK0tzHZTpNFrc_NDKfTA,time,14,14.8749,29,1389.34,1429,1679.4808459196795,0.8272419168259696,confirmed,0.07847714215467459,15,13,none,0
P7KdJhE9Yn8,UCZG-C5esGZyVfxO2qXa1Zmw,time,0.5,0.7118,28,120056.50,80993,45097.74492339,2.662139873056707,early,,15,13,none,0
P7KdJhE9Yn8,UCZG-C5esGZyVfxO2qXa1Zmw,time,1,0.7118,28,120056.50,80993,45097.74492339,2.662139873056707,early,,15,13,none,0
P7KdJhE9Yn8,UCZG-C5esGZyVfxO2qXa1Zmw,time,2,1.7118,28,101975.04,80993,44958.55206555741,2.268201189747087,early,0.5724980046147728,15,12,none,0
P7KdJhE9Yn8,UCZG-C5esGZyVfxO2qXa1Zmw,time,3,2.7118,28,109042.65,80993,44991.74603463961,2.4236145772177964,early,0.5034866166137513,15,12,none,0
P7KdJhE9Yn8,UCZG-C5esGZyVfxO2qXa1Zmw,time,5,4.7118,28,83911.58,80993,44898.5590968067,1.8689147607075498,likely,0.38667059242574187,15,11,none,0
P7KdJhE9Yn8,UCZG-C5esGZyVfxO2qXa1Zmw,time,7,6.7118,28,87291.14,80993,45428.24284365929,1.9215169845853828,likely,0.34212617010120056,15,10,none,0
P7KdJhE9Yn8,UCZG-C5esGZyVfxO2qXa1Zmw,time,14,12.7118,28,82772.96,80993,47477,1.7434327680982415,confirmed,0.2650261826963993,15,7,none,0
tHf-gnrbr6g,UCI0vQvr9aFn27yR6Ej6n5UA,time,5,5.7907,27,1048.37,967,1111.4946605264215,0.9432051024536438,likely,,15,13,none,0
tHf-gnrbr6g,UCI0vQvr9aFn27yR6Ej6n5UA,time,7,6.7907,27,969.95,967,1099.454117015114,0.8822092227085585,likely,0.28695156755972306,15,13,none,0
tHf-gnrbr6g,UCI0vQvr9aFn27yR6Ej6n5UA,time,14,12.7907,27,968.51,967,1017.4270474690323,0.9519249080011878,confirmed,0.20419031868350568,15,12,none,0
oEEL1fIq-d8,UC5RR3esc7XkvLyLsmQKbfYg,time,14,13.6662,28,436.97,432,831.5229550309236,0.525508900082514,confirmed,0.14160471944429762,10,9,none,0
WEqgNna8vkE,UC-No2ITxJsNt50oJQ3fLmUA,time,14,12.7512,27,139088.84,142055,90296.32609492778,1.5403598615147382,confirmed,0.24526367573997837,15,13,none,0
aDizcTftOx8,UCYL1Kn00HYDP0gOZKHBC84w,heldout,14,13.6666,29,48184.90,45393,5356.427648827474,8.995714874335748,confirmed,,12,10,none,0
aDizcTftOx8,UCYL1Kn00HYDP0gOZKHBC84w,time,14,13.6666,29,48184.90,45393,5356.427648827474,8.995714874335748,confirmed,,12,10,none,0
lMAbWZMYF60,UCLKZ20yD2tNMBOkSDZo4FeQ,time,0.5,0.4994,29,5498.83,2955,4638.701448947601,1.1854239501170443,early,,14,14,none,0
lMAbWZMYF60,UCLKZ20yD2tNMBOkSDZo4FeQ,time,1,1.4994,29,5297.88,2955,4520.8919386177095,1.171865150226104,early,0.4776946249797405,15,15,none,0
lMAbWZMYF60,UCLKZ20yD2tNMBOkSDZo4FeQ,time,2,1.4994,29,5297.88,2955,4520.8919386177095,1.171865150226104,early,0.4776946249797405,15,15,none,0
lMAbWZMYF60,UCLKZ20yD2tNMBOkSDZo4FeQ,time,3,3.4994,29,3463.17,2955,4745.347407432551,0.7298028875647534,likely,0.32568966529086907,15,14,none,0
lMAbWZMYF60,UCLKZ20yD2tNMBOkSDZo4FeQ,time,5,5.4994,29,3958.48,2955,5085.652423948678,0.7783626713014897,likely,0.279739156610858,15,13,none,0
lMAbWZMYF60,UCLKZ20yD2tNMBOkSDZo4FeQ,time,7,7.4994,29,3671.31,2955,5102.135529552487,0.7195638427406952,confirmed,0.2577587942171029,15,12,none,0
lMAbWZMYF60,UCLKZ20yD2tNMBOkSDZo4FeQ,time,14,14.4994,29,3194.64,2955,4918.786247763049,0.6494766321539072,confirmed,0.2114096541762862,15,9,none,0
wOl2MRYQZMQ,UCxiI1Gr_bfs_N0fWoDw2yAg,time,7,7.9155,27,3815.29,3635,4642.800608460144,0.8217654474143836,confirmed,,15,14,none,0
wOl2MRYQZMQ,UCxiI1Gr_bfs_N0fWoDw2yAg,time,14,12.9155,27,3755.07,3635,4652.224068419893,0.8071567372522801,confirmed,0.22811366299495608,15,12,none,0
CAdfrc55Dfg,UCEf_Bc-KVd7onSeifS3py9g,time,1,1.1248,28,121817.53,59103,384963.981033447,0.3164387852540227,early,1.2519868634513494,14,13,none,0
CAdfrc55Dfg,UCEf_Bc-KVd7onSeifS3py9g,time,2,2.1248,28,94157.53,59103,359691.14940249105,0.2617732799862092,early,0.8127045772908867,15,12,none,0
CAdfrc55Dfg,UCEf_Bc-KVd7onSeifS3py9g,time,3,3.1248,28,125001.45,59103,360101.72823696793,0.347128152451849,likely,0.6558427195198578,15,12,none,0
CAdfrc55Dfg,UCEf_Bc-KVd7onSeifS3py9g,time,5,5.1248,28,121301.88,59103,362995.91795401706,0.3341687184731421,likely,0.5159170506070613,15,12,none,0
CAdfrc55Dfg,UCEf_Bc-KVd7onSeifS3py9g,time,7,7.1248,28,69300.23,59103,366805.9039929254,0.18892888130728924,confirmed,0.45079844838934424,15,11,none,0
CAdfrc55Dfg,UCEf_Bc-KVd7onSeifS3py9g,time,14,14.1248,28,64978.05,59103,368427,0.1763661455974779,confirmed,0.3542826778196137,15,8,none,0
jdKtPL6UmH8,UCebT5m6aSB3Yd8Adn92yeDQ,time,14,13.7071,29,25138.06,28497,19817.514302228075,1.2684770933604537,confirmed,0.6806097784874877,15,13,none,0
bHJnf2McbZI,UCh7mi5sI3BSzKReLzXpgimA,time,5,6.3531,28,161.12,136,56.40770628999505,2.856363680471109,likely,,15,13,none,0
bHJnf2McbZI,UCh7mi5sI3BSzKReLzXpgimA,time,7,7.3531,28,140.74,136,56.40770628999505,2.4950201314212492,confirmed,0,15,13,none,0
bHJnf2McbZI,UCh7mi5sI3BSzKReLzXpgimA,time,14,13.3531,28,137.38,136,56.201121233356695,2.4445108210081132,confirmed,0.05729113217633714,15,10,none,0
ezdqs2r1DeQ,UCRte954rw0oeMWFroy_ClAw,heldout,1,1.7910,30,7956.77,10441,28291.562621466284,0.28124167332771544,early,,8,8,none,0
ezdqs2r1DeQ,UCRte954rw0oeMWFroy_ClAw,heldout,2,1.7910,30,7956.77,10441,28291.562621466284,0.28124167332771544,early,,8,8,none,0
ezdqs2r1DeQ,UCRte954rw0oeMWFroy_ClAw,heldout,5,5.7910,30,10983.30,10441,27625.840944870804,0.39757353174444077,likely,0.5774832252551212,10,10,none,0
ezdqs2r1DeQ,UCRte954rw0oeMWFroy_ClAw,heldout,7,6.7910,30,10570.06,10441,27661.23921023571,0.3821253104826335,likely,0.5779983885539868,10,10,none,0
ezdqs2r1DeQ,UCRte954rw0oeMWFroy_ClAw,heldout,14,13.7910,30,10672.74,10441,27848.88729339568,0.38323743454534354,confirmed,0.4669547297451839,10,9,none,0
Z_BrzVJGfI4,UC2EHd4fvq9t8WrKPgqhoYIQ,time,2,2.6874,27,6697.37,5660,8491.755641710253,0.7886907323464796,early,,14,13,none,0
Z_BrzVJGfI4,UC2EHd4fvq9t8WrKPgqhoYIQ,time,3,2.6874,27,6697.37,5660,8491.755641710253,0.7886907323464796,early,,14,13,none,0
Z_BrzVJGfI4,UC2EHd4fvq9t8WrKPgqhoYIQ,time,5,4.6874,27,5214.49,5660,8512,0.6126042552368461,likely,0.18265576450426982,15,13,none,0
Z_BrzVJGfI4,UC2EHd4fvq9t8WrKPgqhoYIQ,time,7,7.6874,27,5404.13,5660,8512,0.6348840726414753,confirmed,0.17652447113743794,15,13,none,0
Z_BrzVJGfI4,UC2EHd4fvq9t8WrKPgqhoYIQ,time,14,12.6874,27,5654.56,5660,8512,0.6643042002112407,confirmed,0.15860916670505815,15,11,none,0
xuAULcvEHN4,UC4cTmHcWEXfkRdCvFLe4KiQ,time,14,13.9686,29,6227.40,6225,3770.7892073529997,1.6514857562211862,confirmed,0.15226815539016092,15,13,none,0
wSvPCnvvnpc,UCNcpeWJ-c3jMX_9fQ4b9v1Q,time,1,1.5410,27,417.10,2239,2037.6203611562817,0.2047013535691211,early,,10,10,none,0
wSvPCnvvnpc,UCNcpeWJ-c3jMX_9fQ4b9v1Q,time,2,1.5410,27,417.10,2239,2037.6203611562817,0.2047013535691211,early,,10,10,none,0
wSvPCnvvnpc,UCNcpeWJ-c3jMX_9fQ4b9v1Q,time,3,2.5410,27,1002.79,2239,2037.6203611562817,0.49213587629170663,early,2.2014491982201747,10,10,none,0
wSvPCnvvnpc,UCNcpeWJ-c3jMX_9fQ4b9v1Q,time,5,4.5410,27,2994.44,2239,2058.1881193611557,1.4548906855708554,likely,2.532431824600222,10,10,none,0
wSvPCnvvnpc,UCNcpeWJ-c3jMX_9fQ4b9v1Q,time,7,6.5410,27,3654.76,2239,2058.1881193611557,1.7757186089506658,likely,2.1187978776804743,10,10,none,0
wSvPCnvvnpc,UCNcpeWJ-c3jMX_9fQ4b9v1Q,time,14,12.5410,27,2747.68,2239,2104.2027242080003,1.3058034809941488,confirmed,1.35988348846303,10,10,none,0
uGe5GXwbcHo,UCrrG7mvA6j0Z6oGwRgLayVw,time,14,13.8519,28,10146.40,10225,13782.904088173073,0.7361586786121636,confirmed,,15,14,none,0
fzsT5LPKiC8,UC1LJVKQ0hp7sKyfAbKoDHMw,heldout,14,13.0608,30,62.04,60,69,0.8991879275826155,confirmed,,15,12,none,0
rxg-jB71Luc,UC2d_Fhm3BJ5I24BCIiumJjA,time,5,4.7908,27,2349.65,2374,,,insufficient,,0,0,none,0
rxg-jB71Luc,UC2d_Fhm3BJ5I24BCIiumJjA,time,7,6.7908,27,2029.71,2374,,,insufficient,0.22265698491524707,0,0,none,0
rxg-jB71Luc,UC2d_Fhm3BJ5I24BCIiumJjA,time,14,15.7908,27,2485.85,2374,,,insufficient,0.23577099621328476,0,0,none,0
zTxPLhbm-I0,UCFYwroBRnRal6AB0G7MDHgA,heldout,1,1.8736,30,561.13,467,1417.4378263743713,0.3958734349470531,early,,4,4,none,0
zTxPLhbm-I0,UCFYwroBRnRal6AB0G7MDHgA,heldout,2,1.8736,30,561.13,467,1417.4378263743713,0.3958734349470531,early,,4,4,none,0
zTxPLhbm-I0,UCFYwroBRnRal6AB0G7MDHgA,heldout,3,2.8736,30,383.04,467,1432.4219131621949,0.26741049543876877,early,0.0772398684164353,4,4,none,0
zTxPLhbm-I0,UCFYwroBRnRal6AB0G7MDHgA,heldout,5,4.8736,30,372.87,467,1433.7502816725641,0.2600666474425199,likely,0.12054473213413386,4,4,none,0
zTxPLhbm-I0,UCFYwroBRnRal6AB0G7MDHgA,heldout,7,6.8736,30,373.84,467,1436.023480509436,0.26032741188246233,likely,0.12417595721784733,4,4,none,0
zTxPLhbm-I0,UCFYwroBRnRal6AB0G7MDHgA,heldout,14,13.8736,30,374.97,467,1437.8920092622866,0.26077482216375564,confirmed,0.11594754683510207,4,4,none,0
Z0YTMT4yZYk,UCAv6BKSKYopVNODaEROEcqA,time,5,5.1576,27,88442.22,76350,,,insufficient,0.8357644327061353,1,1,none,0
Z0YTMT4yZYk,UCAv6BKSKYopVNODaEROEcqA,time,7,7.1576,27,71254.56,76350,,,insufficient,0.5195981632025811,1,1,none,0
Z0YTMT4yZYk,UCAv6BKSKYopVNODaEROEcqA,time,14,12.1576,27,67661.03,76350,,,insufficient,0.37046684683088493,1,1,none,0
jep3NQ65vd0,UCxEQsjgRRfGWiJJu_PDygxw,time,14,13.4478,28,426736.14,423852,228909.45758459778,1.8642136555055346,confirmed,0.04724752168206766,15,13,none,0
rhAxQ9bV0ls,UCbAlVnKhbGLK78GsSemQXxw,time,5,4.5118,27,91980.30,334589,9755.299626235648,9.428752423741807,likely,,4,4,none,0
rhAxQ9bV0ls,UCbAlVnKhbGLK78GsSemQXxw,time,7,6.5118,27,187447.64,334589,9912.073315896492,18.911042566932238,likely,1.7036921679369317,4,4,none,0
rhAxQ9bV0ls,UCbAlVnKhbGLK78GsSemQXxw,time,14,12.5118,27,272576.98,334589,9845.046295399401,27.686714016909832,confirmed,1.2910167940538402,4,4,none,0
NnbBFh66TQQ,UCLasRuEwYys3CeBhn3NXFXw,time,14,13.3075,28,10610.84,11017,398.96779722843127,26.595725532196333,confirmed,0.7860174724270109,15,15,none,0
E3vmC5QWZV4,UCanFJj7l5LIdEsxlJVK0c5g,time,14,14.9580,27,10173.20,9843,33016.820602662934,0.3081218258749383,confirmed,0.15009096883093292,15,14,none,0
P_Q77OpMFlg,UCnpWedLQdHpZqhgTLdB9Yyg,heldout,2,2.8956,30,71383.65,90986,64058.79360932802,1.1143458316524366,early,,15,15,none,0
P_Q77OpMFlg,UCnpWedLQdHpZqhgTLdB9Yyg,heldout,3,2.8956,30,71383.65,90986,64058.79360932802,1.1143458316524366,early,,15,15,none,0
P_Q77OpMFlg,UCnpWedLQdHpZqhgTLdB9Yyg,heldout,7,7.8956,30,77273.81,90986,66119.91676070707,1.1686918259287362,confirmed,0.3658365908943555,15,15,none,0
P_Q77OpMFlg,UCnpWedLQdHpZqhgTLdB9Yyg,heldout,14,13.8956,30,87986.58,90986,69689.0504649909,1.2625596694893262,confirmed,0.38284915378719625,15,13,none,0
DhBc-n1yzV0,UCuTaETsuCOkJ0H_GAztWt0Q,time,14,13.0384,28,114300.60,115270,153943.95121868377,0.7424818927716571,confirmed,0.10869229461569163,15,11,none,0
NglpqOIQzlg,UCUpbDOT-OVNBlaQpb9pbd2w,time,5,5.6945,29,60571.43,54178,28382.652869851278,2.134100518215725,likely,,15,15,none,0
NglpqOIQzlg,UCUpbDOT-OVNBlaQpb9pbd2w,time,7,6.6945,29,55938.94,54178,27931.878948838938,2.0026916662427148,likely,0.27010480516733243,15,15,none,0
NglpqOIQzlg,UCUpbDOT-OVNBlaQpb9pbd2w,time,14,13.6945,29,57146.68,54178,25142.563087496157,2.272906010153429,confirmed,0.21073862063088206,15,15,none,0
MXHfBRFiaJY,UCKjyzU_ElNwSXr4b0UzUjdw,time,1,0.9995,27,1891.58,2216,7394.621320714625,0.25580540178392436,early,,15,13,none,0
MXHfBRFiaJY,UCKjyzU_ElNwSXr4b0UzUjdw,time,2,1.9995,27,1755.30,2216,7472.085239987264,0.23491409810798766,early,0.6241947629894202,15,12,none,0
MXHfBRFiaJY,UCKjyzU_ElNwSXr4b0UzUjdw,time,3,2.9995,27,1848.21,2216,7472.085239987264,0.24734837722490657,early,0.5250500697240729,15,12,none,0
MXHfBRFiaJY,UCKjyzU_ElNwSXr4b0UzUjdw,time,5,5.9995,27,2572.40,2216,7555.174873833661,0.34048201253964,likely,0.5970533262058781,15,12,none,0
MXHfBRFiaJY,UCKjyzU_ElNwSXr4b0UzUjdw,time,7,6.9995,27,2311.69,2216,7555.174873833661,0.30597382657394484,likely,0.5477316894460854,15,12,none,0
MXHfBRFiaJY,UCKjyzU_ElNwSXr4b0UzUjdw,time,14,14.9995,27,2714.56,2216,7845.8549404344785,0.34598690961579914,confirmed,0.45359532985708967,15,11,none,0
0YtOfmWnyR0,UCdR7eGozLjafYMTd2BFnJaQ,time,1,0.8807,29,26090.90,18817,52210.84162578837,0.4997218361503045,early,,15,14,none,0
0YtOfmWnyR0,UCdR7eGozLjafYMTd2BFnJaQ,time,2,1.8807,29,20271.56,18817,52210.84162578837,0.3882634324663044,early,0.35995222062586335,15,14,none,0
0YtOfmWnyR0,UCdR7eGozLjafYMTd2BFnJaQ,time,3,2.8807,29,16352.39,18817,52681.86054660127,0.31039883930911844,early,0.2583688704464603,15,14,none,0
0YtOfmWnyR0,UCdR7eGozLjafYMTd2BFnJaQ,time,5,4.8807,29,15499.79,18817,52681.86054660127,0.2942148811684788,likely,0.19616985117655963,15,14,none,0
0YtOfmWnyR0,UCdR7eGozLjafYMTd2BFnJaQ,time,7,6.8807,29,15605.47,18817,52681.86054660127,0.29622084959893064,likely,0.1862359387379663,15,14,none,0
0YtOfmWnyR0,UCdR7eGozLjafYMTd2BFnJaQ,time,14,13.8807,29,18198.23,18817,53939.69516468115,0.33738109574514086,confirmed,0.1798799184806752,15,13,none,0
QXqtcIfgc64,UC2eftfsjqc-H1_c8_uXbZJA,time,1,0.9994,27,288.06,312,326.9603894353507,0.8810195312367145,early,,6,6,none,0
QXqtcIfgc64,UC2eftfsjqc-H1_c8_uXbZJA,time,2,1.9994,27,333.02,312,329.44208994589997,1.0108541701591574,early,0.7702165082419694,6,6,none,0
QXqtcIfgc64,UC2eftfsjqc-H1_c8_uXbZJA,time,3,2.9994,27,286.85,312,331.4310166887609,0.8654806194130017,early,0.5524187741119827,6,6,none,0
QXqtcIfgc64,UC2eftfsjqc-H1_c8_uXbZJA,time,5,4.9994,27,282.48,312,334.1376695633395,0.8454087892294776,likely,0.48290875081555945,6,5,none,0
QXqtcIfgc64,UC2eftfsjqc-H1_c8_uXbZJA,time,7,6.9994,27,284.16,312,341.9127891692775,0.8311032640241791,likely,0.4501574520361861,6,5,none,0
QXqtcIfgc64,UC2eftfsjqc-H1_c8_uXbZJA,time,14,12.9994,27,361.69,312,342.5,1.0560338586031106,confirmed,0.41093822482663755,6,4,none,0
FXrcFeuYtq8,UCBJycsmduvYEL83R_U4JriQ,heldout,7,7.7625,29,5896359.66,5850631,3239744.421662619,1.820007658330316,confirmed,,15,11,none,0
FXrcFeuYtq8,UCBJycsmduvYEL83R_U4JriQ,heldout,14,13.7625,29,5992710.10,5850631,3195553.1264363085,1.875327951850556,confirmed,0.1461955948867363,15,10,none,0
hN5vkxH2BBI,UCs7_DmeDzs0C8HkwucWRNTA,time,3,3.0407,29,10089.65,11089,,,insufficient,,1,1,none,0
hN5vkxH2BBI,UCs7_DmeDzs0C8HkwucWRNTA,time,5,5.0407,29,10345.24,11089,14174.677713308347,0.7298398518549731,likely,0.39844328407360396,15,13,none,0
hN5vkxH2BBI,UCs7_DmeDzs0C8HkwucWRNTA,time,7,7.0407,29,10939.08,11089,14168.546331666726,0.7720677408881355,confirmed,0.4412439198386009,15,11,none,0
hN5vkxH2BBI,UCs7_DmeDzs0C8HkwucWRNTA,time,14,12.0407,29,11150.76,11089,13911.387176332586,0.8015562157771584,confirmed,0.34512232903378365,15,9,none,0
zMrE7h-n6p0,UC3lJL1pUvQ2Ih2qZ-4ozrLw,time,5,6.9783,27,319.72,465,232.4052422584923,1.3757191083703573,likely,,6,6,none,0
zMrE7h-n6p0,UC3lJL1pUvQ2Ih2qZ-4ozrLw,time,7,6.9783,27,319.72,465,232.4052422584923,1.3757191083703573,likely,,6,6,none,0
zMrE7h-n6p0,UC3lJL1pUvQ2Ih2qZ-4ozrLw,time,14,14.9783,27,417.41,465,1244.9284709944789,0.3352868019659233,confirmed,0.490133511030205,12,12,none,0
sWvYbdypK_Q,UC1mTmeM4xNp6FjyLTr8kGww,time,14,12.5409,27,14738.33,14732,16381.330809336061,0.8997031128705815,confirmed,0.054945511795983726,15,11,none,0
jcBex0QObBs,UCdwo4k1RQHTcq_-WS7Cazqg,time,5,4.9572,27,554.78,461,,,insufficient,,1,1,none,0
jcBex0QObBs,UCdwo4k1RQHTcq_-WS7Cazqg,time,7,6.9572,27,468.39,461,,,insufficient,0.1491397103886086,1,1,none,0
jcBex0QObBs,UCdwo4k1RQHTcq_-WS7Cazqg,time,14,15.9572,27,468.97,461,,,insufficient,0.10212345877978361,1,1,none,0
XQnJ4YfCFOg,UCAGgFGwq4HZKLZ4gXo9xLiw,time,5,4.8221,27,10385.77,8251,2731.8339344216224,3.8017582999578634,likely,,7,7,none,0
XQnJ4YfCFOg,UCAGgFGwq4HZKLZ4gXo9xLiw,time,7,6.8221,27,8599.33,8251,2712.0950398943883,3.1707347057843807,likely,0.08017992857088695,7,7,none,0
XQnJ4YfCFOg,UCAGgFGwq4HZKLZ4gXo9xLiw,time,14,15.8221,27,8446.55,8251,2453.6755490944283,3.4424065995184496,confirmed,0.06426689143469397,7,7,none,0
TmsnVTkLDL0,UCGWNHkr2WZcRbxqoet-nyeg,time,14,14.4743,29,1146.71,1093,4774.537931192403,0.24017098159080452,confirmed,,15,15,none,0
tkMof3D6vtw,UCtOV5M-T3GcsJAq8QKaf0lg,heldout,14,13.6241,29,2198.15,2187,3182,0.6908070346083182,confirmed,0.032872483056834004,15,11,none,0
nhrMhcCE1kA,UCFF20WbbyKSiYQe0J6a7HTQ,time,5,4.9990,28,12206.48,15011,,,insufficient,,0,0,none,0
nhrMhcCE1kA,UCFF20WbbyKSiYQe0J6a7HTQ,time,7,6.9990,28,18115.20,15011,,,insufficient,0.7308927427808377,0,0,none,0
nhrMhcCE1kA,UCFF20WbbyKSiYQe0J6a7HTQ,time,14,12.9990,28,15579.73,15011,,,insufficient,0.4661070598212876,0,0,none,0
Xj9vnLxzueo,UCDnwlb3IQDPJtFysPUJbDFQ,time,5,5.9992,27,46379.72,58756,,,insufficient,,0,0,none,0
Xj9vnLxzueo,UCDnwlb3IQDPJtFysPUJbDFQ,time,7,6.9992,27,45476.52,58756,,,insufficient,0.37235752297831964,0,0,none,0
Xj9vnLxzueo,UCDnwlb3IQDPJtFysPUJbDFQ,time,14,14.9992,27,56714.89,58756,30184.26382428935,1.878955389568264,confirmed,0.4259463126949632,15,14,none,0
0f6_pRAIJjI,UCg5WjzrwxRRUUDf7WHKPzsA,time,1,0.9375,27,18927.84,29578,43064.60678745415,0.43952202583238287,early,,15,11,none,0
0f6_pRAIJjI,UCg5WjzrwxRRUUDf7WHKPzsA,time,2,1.9375,27,30109.07,29578,43064.60678745415,0.6991604859850162,early,0.9899939116531613,15,10,none,0
0f6_pRAIJjI,UCg5WjzrwxRRUUDf7WHKPzsA,time,3,2.9375,27,31320.90,29578,43064.60678745415,0.7273003554918143,early,0.8025894961587687,15,10,none,0
0f6_pRAIJjI,UCg5WjzrwxRRUUDf7WHKPzsA,time,5,4.9375,27,26488.78,29578,43471.131487340805,0.6093418428121956,likely,0.6935900691260188,15,10,none,0
0f6_pRAIJjI,UCg5WjzrwxRRUUDf7WHKPzsA,time,7,6.9375,27,26723.03,29578,44082.37479387024,0.6062067363032714,likely,0.6408726276642518,15,10,none,0
0f6_pRAIJjI,UCg5WjzrwxRRUUDf7WHKPzsA,time,14,12.9375,27,31460.61,29578,45163.39943938332,0.6965951976244377,confirmed,0.5562138327916234,15,9,none,0
OlAmyf8_4O4,UC8butISFwT-Wl7EV0hUK0BQ,time,5,6.9053,29,26295.44,32516,,,insufficient,,1,1,none,0
OlAmyf8_4O4,UC8butISFwT-Wl7EV0hUK0BQ,time,7,6.9053,29,26295.44,32516,,,insufficient,,1,1,none,0
OlAmyf8_4O4,UC8butISFwT-Wl7EV0hUK0BQ,time,14,13.9053,29,30677.74,32516,,,insufficient,0.35941840355559707,1,1,none,0
MGSJ-Hv7VIE,UCRvyCd-JyXV_W6zwPpMgWTg,time,14,13.7188,28,9045.12,8471,9375.125099947008,0.9648003573554442,confirmed,,15,15,none,0
Myd7c7yScbY,UC2qUDKqTsz00csykCYgdLuA,time,14,13.7497,28,2991.75,2928,7824.335427742432,0.3823644205468559,confirmed,0.26896372016232095,15,14,none,0
TTqHFSBJm60,UCnYMOamNKLGVlJgRUbamveA,heldout,0.5,0.6665,31,37286.32,23707,33830.55120417991,1.1021494641837088,early,,10,10,none,0
TTqHFSBJm60,UCnYMOamNKLGVlJgRUbamveA,heldout,1,0.6665,31,37286.32,23707,33830.55120417991,1.1021494641837088,early,,10,10,none,0
TTqHFSBJm60,UCnYMOamNKLGVlJgRUbamveA,heldout,3,3.6665,31,31182.52,23707,34203.01803987762,0.9116890808545074,likely,0.4456169473590545,15,15,none,0
TTqHFSBJm60,UCnYMOamNKLGVlJgRUbamveA,heldout,5,4.6665,31,31620.09,23707,33655.452359080184,0.939523428121107,likely,0.3955017760108893,15,15,none,0
TTqHFSBJm60,UCnYMOamNKLGVlJgRUbamveA,heldout,7,6.6665,31,27964.03,23707,33155.07015422518,0.8434314303006295,likely,0.3253472254758605,15,15,none,0
TTqHFSBJm60,UCnYMOamNKLGVlJgRUbamveA,heldout,14,13.6665,31,26369.46,23707,30716.309273535935,0.85848404824429,confirmed,0.23693231277482,15,15,none,0
-m33dn_3sNQ,UCQHX6ViZmPsWiYSFAyS0a3Q,time,0.5,0.6812,27,645935.95,552139,382394.2643082514,1.6891883843197026,early,,14,14,none,0
-m33dn_3sNQ,UCQHX6ViZmPsWiYSFAyS0a3Q,time,1,0.6812,27,645935.95,552139,382394.2643082514,1.6891883843197026,early,,14,14,none,0
-m33dn_3sNQ,UCQHX6ViZmPsWiYSFAyS0a3Q,time,2,1.6812,27,560638.78,552139,378948.2260488737,1.4794600863418506,early,0.6105967326530748,15,15,none,0
-m33dn_3sNQ,UCQHX6ViZmPsWiYSFAyS0a3Q,time,3,2.6812,27,581703.15,552139,373411.62792324554,1.5578067252182493,early,0.4863519552939565,15,15,none,0
-m33dn_3sNQ,UCQHX6ViZmPsWiYSFAyS0a3Q,time,5,4.6812,27,544189.50,552139,362921.7453573497,1.4994678887853858,likely,0.39212590562621313,15,15,none,0
-m33dn_3sNQ,UCQHX6ViZmPsWiYSFAyS0a3Q,time,7,6.6812,27,553126.85,552139,358311.01556407625,1.5437059634694779,likely,0.3826539995426525,15,15,none,0
-m33dn_3sNQ,UCQHX6ViZmPsWiYSFAyS0a3Q,time,14,13.6812,27,499622.94,552139,346469.25013321004,1.4420412152581132,confirmed,0.3118765377811666,15,11,none,0
3k2S5QkmgUM,UCEQWOzx3JDV65lGMrtonBrg,time,1,0.8905,28,4181.65,3404,7971.026122868403,0.5246061173734281,early,,10,9,none,0
3k2S5QkmgUM,UCEQWOzx3JDV65lGMrtonBrg,time,2,2.8905,28,4030.53,3404,7971.026122868403,0.5056473230951098,early,0.48551125029982667,10,9,none,0
3k2S5QkmgUM,UCEQWOzx3JDV65lGMrtonBrg,time,3,2.8905,28,4030.53,3404,7971.026122868403,0.5056473230951098,early,0.48551125029982667,10,9,none,0
3k2S5QkmgUM,UCEQWOzx3JDV65lGMrtonBrg,time,5,4.8905,28,3430.55,3404,7971.026122868403,0.43037685592928765,likely,0.3731082256892527,10,9,none,0
3k2S5QkmgUM,UCEQWOzx3JDV65lGMrtonBrg,time,7,6.8905,28,3568.12,3404,7969.380542182102,0.447728543658219,likely,0.33886437622538834,10,9,none,0
3k2S5QkmgUM,UCEQWOzx3JDV65lGMrtonBrg,time,14,13.8905,28,3524.51,3404,7968.444234211166,0.442308309513817,confirmed,0.2868597141701407,10,9,none,0
N0K0m7dZBJI,UC8butISFwT-Wl7EV0hUK0BQ,time,3,3.9578,27,17113.56,15156,30086.045219765838,0.568820558890028,likely,,3,3,none,0
N0K0m7dZBJI,UC8butISFwT-Wl7EV0hUK0BQ,time,5,4.9578,27,14882.02,15156,30761.312585392832,0.483790128055378,likely,0.366479906648661,3,3,none,0
N0K0m7dZBJI,UC8butISFwT-Wl7EV0hUK0BQ,time,7,6.9578,27,15172.08,15156,31104.756045537608,0.48777349920451696,likely,0.3173072806163986,3,3,none,0
N0K0m7dZBJI,UC8butISFwT-Wl7EV0hUK0BQ,time,14,14.9578,27,16238.04,15156,34608.62923573535,0.46919040704233184,confirmed,0.2528046149731904,3,3,none,0
qTLTy6v2Vrw,UCq6YaxJHA-t4bYBHHvaoZ8w,time,0.5,0.5826,29,9894.07,5941,10450,0.9468013023166947,early,,15,12,none,0
qTLTy6v2Vrw,UCq6YaxJHA-t4bYBHHvaoZ8w,time,1,0.5826,29,9894.07,5941,10450,0.9468013023166947,early,,15,12,none,0
qTLTy6v2Vrw,UCq6YaxJHA-t4bYBHHvaoZ8w,time,2,1.5826,29,7015.51,5941,10450,0.6713403740285604,early,0.7083290929807017,15,12,none,0
qTLTy6v2Vrw,UCq6YaxJHA-t4bYBHHvaoZ8w,time,3,2.5826,29,7660.24,5941,10450,0.7330371448141532,early,0.5439863403467281,15,11,none,0
qTLTy6v2Vrw,UCq6YaxJHA-t4bYBHHvaoZ8w,time,5,4.5826,29,7584.68,5941,10450,0.7258069959726803,likely,0.41314560150670343,15,11,none,0
qTLTy6v2Vrw,UCq6YaxJHA-t4bYBHHvaoZ8w,time,7,6.5826,29,6235.40,5941,10450,0.5966887500728705,likely,0.34805341820131325,15,9,none,0
qTLTy6v2Vrw,UCq6YaxJHA-t4bYBHHvaoZ8w,time,14,13.5826,29,6036.52,5941,10450,0.5776576194937633,confirmed,0.26621972939329364,15,7,none,0
z9ri8lnSRRQ,UCkqcY4CAuBFNFho6JgygCnA,heldout,14,14.1386,29,39617.17,35487,34266.0398798038,1.1561642960538685,confirmed,0.5888130181996698,15,13,none,0
z9ri8lnSRRQ,UCkqcY4CAuBFNFho6JgygCnA,time,14,14.1386,29,39617.17,35487,34266.0398798038,1.1561642960538685,confirmed,0.5888130181996698,15,13,none,0
7dcTwB-_iNA,UCGpsgNbzdF7BECCVbB1COHw,time,14,13.9487,27,2134.10,2129,6798.533906546982,0.3139065316445366,confirmed,0.06432593819403862,15,15,none,0
OmbfAWoTStM,UCDNHPNeWScAC8h8IxtEBtkQ,time,1,1.0827,27,92505.18,54122,72518.91994396392,1.2756006687593908,early,1.0671087028626518,15,13,none,0
OmbfAWoTStM,UCDNHPNeWScAC8h8IxtEBtkQ,time,2,2.0827,27,86606.99,54122,71299.52761881426,1.2146923854335405,early,0.7641506081005934,15,12,none,0
OmbfAWoTStM,UCDNHPNeWScAC8h8IxtEBtkQ,time,3,3.0827,27,79186.34,54122,70159.11463158096,1.12866792094122,likely,0.6441469597690266,15,12,none,0
OmbfAWoTStM,UCDNHPNeWScAC8h8IxtEBtkQ,time,5,5.0827,27,69013.79,54122,69112,0.9985790411371669,likely,0.5421701701185461,15,11,none,0
OmbfAWoTStM,UCDNHPNeWScAC8h8IxtEBtkQ,time,7,7.0827,27,63406.59,54122,69112,0.9174468958298323,confirmed,0.47713845515631514,15,10,none,0
OmbfAWoTStM,UCDNHPNeWScAC8h8IxtEBtkQ,time,14,15.0827,27,58634.14,54122,69112,0.8483929979629629,confirmed,0.374553224786271,15,6,none,0
vd9UpxLInes,UCzr30osBdTmuFUS8IfXtXmg,time,1,0.9986,28,163432.38,294526,103148.30933638851,1.5844407464543822,early,,15,9,none,0
vd9UpxLInes,UCzr30osBdTmuFUS8IfXtXmg,time,2,1.9986,28,129176.29,294526,102912,1.2552111277500777,early,0.5685574351355862,15,8,none,0
vd9UpxLInes,UCzr30osBdTmuFUS8IfXtXmg,time,3,2.9986,28,139161.12,294526,102912,1.3522341196457361,early,0.5056246786652104,15,8,none,0
vd9UpxLInes,UCzr30osBdTmuFUS8IfXtXmg,time,5,4.9986,28,178394.16,294526,102912,1.7334631807616436,likely,0.5141559010511653,15,8,none,0
vd9UpxLInes,UCzr30osBdTmuFUS8IfXtXmg,time,7,6.9986,28,243924.29,294526,102912,2.3702220093574136,likely,0.6115186105925348,15,7,none,0
vd9UpxLInes,UCzr30osBdTmuFUS8IfXtXmg,time,14,13.9986,28,343964.37,294526,102912,3.3423154401387007,confirmed,0.666695269474657,15,5,none,0
nlGkzIPWmnk,UCUoJk48pujh29p8zLsnD5PQ,heldout,0.5,0.6627,30,5725.56,13929,13939.082953926263,0.4107555538347931,early,,14,13,none,0
nlGkzIPWmnk,UCUoJk48pujh29p8zLsnD5PQ,heldout,1,0.6627,30,5725.56,13929,13939.082953926263,0.4107555538347931,early,,14,13,none,0
nlGkzIPWmnk,UCUoJk48pujh29p8zLsnD5PQ,heldout,14,15.6627,30,12858.36,13929,14181.289840900787,0.9067130388623773,confirmed,0.6714047317661743,14,13,none,0
xl2B9ssZc-s,UC9_p50tH3WmMslWRWKnM7dQ,time,0.5,0.7014,27,254671.98,216822,194504,1.3093405657399049,early,,15,11,none,0
xl2B9ssZc-s,UC9_p50tH3WmMslWRWKnM7dQ,time,1,0.7014,27,254671.98,216822,194504,1.3093405657399049,early,,15,11,none,0
xl2B9ssZc-s,UC9_p50tH3WmMslWRWKnM7dQ,time,2,1.7014,27,229202.17,216822,194504,1.1783930671740153,early,0.6948708774144369,15,11,none,0
xl2B9ssZc-s,UC9_p50tH3WmMslWRWKnM7dQ,time,3,2.7014,27,239931.32,216822,194504,1.2335546780542657,early,0.5484468481355881,15,10,none,0
xl2B9ssZc-s,UC9_p50tH3WmMslWRWKnM7dQ,time,5,4.7014,27,213768.96,216822,194504,1.0990466082021269,likely,0.45057898427625476,15,10,none,0
xl2B9ssZc-s,UC9_p50tH3WmMslWRWKnM7dQ,time,7,6.7014,27,224041.14,216822,194504,1.1518587679141428,likely,0.40287404314562464,15,10,none,0
xl2B9ssZc-s,UC9_p50tH3WmMslWRWKnM7dQ,time,14,15.7014,27,219809.91,216822,194504,1.1301048051255476,confirmed,0.3239736779898151,15,9,none,0
nhB-cWIdaDA,UC8fQzKHIhSoZeSq3bwQx4mw,time,5,6.7953,27,419.17,350,,,insufficient,,2,2,none,0
nhB-cWIdaDA,UC8fQzKHIhSoZeSq3bwQx4mw,time,7,6.7953,27,419.17,350,,,insufficient,,2,2,none,0
nhB-cWIdaDA,UC8fQzKHIhSoZeSq3bwQx4mw,time,14,15.7953,27,356.37,350,,,insufficient,0.0461214565927574,2,2,none,0
t-CYeO6OXrs,UCJnGicTZoqdAFpVU1Jee4Zw,heldout,0.5,0.4993,30,165.38,359,609.5553222182014,0.27130971303442675,early,,14,13,none,0
t-CYeO6OXrs,UCJnGicTZoqdAFpVU1Jee4Zw,heldout,1,0.4993,30,165.38,359,609.5553222182014,0.27130971303442675,early,,14,13,none,0
t-CYeO6OXrs,UCJnGicTZoqdAFpVU1Jee4Zw,heldout,3,3.4993,30,545.79,359,543.9206232776531,1.0034421078390947,likely,1.4360957371199046,15,13,none,0
t-CYeO6OXrs,UCJnGicTZoqdAFpVU1Jee4Zw,heldout,5,5.4993,30,531.39,359,543.8101878745739,0.9771638905762867,likely,1.1599002412616277,15,13,none,0
t-CYeO6OXrs,UCJnGicTZoqdAFpVU1Jee4Zw,heldout,7,6.4993,30,474.22,359,543.8101878745739,0.8720318430013578,likely,1.0675872012647174,15,13,none,0
t-CYeO6OXrs,UCJnGicTZoqdAFpVU1Jee4Zw,heldout,14,14.4993,30,389.32,359,539.6902711126937,0.7213689805602501,confirmed,0.7738854980599889,15,12,none,0
K-Rr8zuF2bk,UClZT1TPdg5Hrx2HPmkALofw,time,14,13.6267,27,3691.00,4710,764.6349092920722,4.827142326213901,confirmed,1.0909134542317531,15,12,none,0
eWJcg6j_7CE,UCsLt8oYvDYGpSHcGhRBBkyw,time,14,13.8704,27,5356.07,4956,2659.2324359804056,2.0141403717568864,confirmed,0.7457472023952023,15,15,none,0
w-psE8_l0s8,UCBhPkAuGks2UkizNMbtW6uw,time,5,5.0827,27,64247.78,97584,77.7233770662582,826.6210030055198,likely,-0.0011856761612808893,7,7,none,0
w-psE8_l0s8,UCBhPkAuGks2UkizNMbtW6uw,time,7,7.0827,27,61725.87,97584,79.88335942755273,772.6999367077915,confirmed,-0.008316642507182991,7,7,none,0
w-psE8_l0s8,UCBhPkAuGks2UkizNMbtW6uw,time,14,15.0827,27,58008.17,97584,74.37343179062427,779.9582939401257,confirmed,-0.0030708973210745697,7,7,none,0
zabuTOuSrtA,UC46snQOXkyWD_-4IZHnJ6Jg,heldout,1,1.7861,29,1264.40,1947,269.50280308339177,4.6916167960413295,early,,10,9,none,0
zabuTOuSrtA,UC46snQOXkyWD_-4IZHnJ6Jg,heldout,2,1.7861,29,1264.40,1947,269.50280308339177,4.6916167960413295,early,,10,9,none,0
zabuTOuSrtA,UC46snQOXkyWD_-4IZHnJ6Jg,heldout,3,3.7861,29,2919.56,1947,269.50280308339177,10.833128936357383,likely,1.2755961268137102,10,9,none,0
zabuTOuSrtA,UC46snQOXkyWD_-4IZHnJ6Jg,heldout,5,4.7861,29,2783.75,1947,272.1790469516468,10.227629995136972,likely,1.0842085234853347,10,9,none,0
zabuTOuSrtA,UC46snQOXkyWD_-4IZHnJ6Jg,heldout,7,6.7861,29,2734.12,1947,272.1790469516468,10.045308284705229,likely,0.8811832573911873,10,9,none,0
zabuTOuSrtA,UC46snQOXkyWD_-4IZHnJ6Jg,heldout,14,13.7861,29,2507.89,1947,272.37983928893306,9.207308970128423,confirmed,0.6270020069044775,10,8,none,0
Gvmr8lEUDyI,UCUpbDOT-OVNBlaQpb9pbd2w,time,3,3.4446,27,30088.23,20005,30396.9490237019,0.9898436623225209,likely,,15,15,none,0
Gvmr8lEUDyI,UCUpbDOT-OVNBlaQpb9pbd2w,time,5,5.4446,27,22089.45,20005,28181.843397749104,0.7838184570029395,likely,0.05487818494335951,15,15,none,0
Gvmr8lEUDyI,UCUpbDOT-OVNBlaQpb9pbd2w,time,7,7.4446,27,21441.71,20005,26674.838294926285,0.8038177863812324,confirmed,0.042109021108471284,15,15,none,0
Gvmr8lEUDyI,UCUpbDOT-OVNBlaQpb9pbd2w,time,14,15.4446,27,20511.57,20005,23811.217692572674,0.8614247258627132,confirmed,0.03448574488195714,15,15,none,0
Q7qr0nxCGGY,UCEM2sO7E5KSMIqonVgb98ug,time,14,13.7431,29,2748.94,2872,3088.7554646114277,0.8899835170742257,confirmed,0.6920136701175084,8,8,none,0
oFvDZ1NFIVk,UC4MndkrWaqQF1uZ5-kO3t6Q,heldout,7,7.0267,29,32.73,51,,,insufficient,,0,0,none,0
oFvDZ1NFIVk,UC4MndkrWaqQF1uZ5-kO3t6Q,time,7,7.0267,29,32.73,51,,,insufficient,,0,0,none,0
oFvDZ1NFIVk,UC4MndkrWaqQF1uZ5-kO3t6Q,heldout,14,14.0267,29,28.92,51,,,insufficient,0.11818428240976712,0,0,none,0
oFvDZ1NFIVk,UC4MndkrWaqQF1uZ5-kO3t6Q,time,14,14.0267,29,28.92,51,,,insufficient,0.11818428240976712,0,0,none,0
c8BwMOA8Kp0,UCZEEC1w4jP1cV2dibuDFwIQ,time,3,3.8645,27,45467.61,55674,12147,3.7431140001974756,likely,,15,14,none,0
c8BwMOA8Kp0,UCZEEC1w4jP1cV2dibuDFwIQ,time,5,4.8645,27,62120.62,55674,12147,5.11407092546972,likely,0.8010764519308526,15,13,none,0
c8BwMOA8Kp0,UCZEEC1w4jP1cV2dibuDFwIQ,time,7,6.8645,27,65802.09,55674,12147,5.417147065430435,likely,0.7047498448231112,15,12,none,0
c8BwMOA8Kp0,UCZEEC1w4jP1cV2dibuDFwIQ,time,14,15.8645,27,57018.88,55674,12147,4.694070953904163,confirmed,0.4269070271531053,15,9,none,0
nyaUwkTo7cg,UCP0f9FXZ4g-MxAqSUreHpCw,time,1,0.8131,27,117497.09,299625,124042.30517721106,0.9472340418791231,early,,10,8,none,0
nyaUwkTo7cg,UCP0f9FXZ4g-MxAqSUreHpCw,time,2,1.8131,27,179681.47,299625,124042.30517721106,1.4485499401078643,early,1.1415912352754618,10,8,none,0
nyaUwkTo7cg,UCP0f9FXZ4g-MxAqSUreHpCw,time,3,2.8131,27,198235.43,299625,124042.30517721106,1.598127595489002,early,0.9747143065854387,10,8,none,0
nyaUwkTo7cg,UCP0f9FXZ4g-MxAqSUreHpCw,time,5,4.8131,27,229240.51,299625,124163.02751542047,1.8462863731699908,likely,0.8752431834960138,10,8,none,0
nyaUwkTo7cg,UCP0f9FXZ4g-MxAqSUreHpCw,time,7,7.8131,27,255498.74,299625,125116.91872173651,2.0420798855697693,confirmed,0.7853982034733646,10,8,none,0
nyaUwkTo7cg,UCP0f9FXZ4g-MxAqSUreHpCw,time,14,12.8131,27,283248.43,299625,125584.9737210932,2.255432491372723,confirmed,0.7659414858445253,10,7,none,0
dnmJ7alN1Yo,UCglNXzBo6bmKc9otKf-OuGQ,time,14,12.7136,27,2202.79,2399,9711.243309534968,0.226829066110088,confirmed,0.37448848475798535,15,15,none,0
WO8ZKMmPaws,UCtbLA0YM6EpwUQhFUyPQU9Q,heldout,1,1.0314,27,818268.55,1125397,483241.1338883842,1.6932924134861467,early,,10,8,none,0
WO8ZKMmPaws,UCtbLA0YM6EpwUQhFUyPQU9Q,time,1,1.0314,27,818268.55,1125397,483241.1338883842,1.6932924134861467,early,,10,8,none,0
WO8ZKMmPaws,UCtbLA0YM6EpwUQhFUyPQU9Q,heldout,2,2.0314,27,946832.87,1125397,483241.1338883842,1.9593383127214101,early,0.78258470194413,10,8,none,0
WO8ZKMmPaws,UCtbLA0YM6EpwUQhFUyPQU9Q,time,2,2.0314,27,946832.87,1125397,483241.1338883842,1.9593383127214101,early,0.78258470194413,10,8,none,0
WO8ZKMmPaws,UCtbLA0YM6EpwUQhFUyPQU9Q,heldout,3,3.0314,27,932481.05,1125397,483301.22534148814,1.9293993117276422,likely,0.6463193630286928,10,8,none,0
WO8ZKMmPaws,UCtbLA0YM6EpwUQhFUyPQU9Q,time,3,3.0314,27,932481.05,1125397,483301.22534148814,1.9293993117276422,likely,0.6463193630286928,10,8,none,0
WO8ZKMmPaws,UCtbLA0YM6EpwUQhFUyPQU9Q,heldout,5,5.0314,27,964293.54,1125397,483301.22534148814,1.9952226221390972,likely,0.5558022755502803,10,8,none,0
WO8ZKMmPaws,UCtbLA0YM6EpwUQhFUyPQU9Q,time,5,5.0314,27,964293.54,1125397,483301.22534148814,1.9952226221390972,likely,0.5558022755502803,10,8,none,0
WO8ZKMmPaws,UCtbLA0YM6EpwUQhFUyPQU9Q,heldout,7,7.0314,27,996070.09,1125397,483086.32272226154,2.061888407052797,confirmed,0.5332280854685236,10,7,none,0
WO8ZKMmPaws,UCtbLA0YM6EpwUQhFUyPQU9Q,time,7,7.0314,27,996070.09,1125397,483086.32272226154,2.061888407052797,confirmed,0.5332280854685236,10,7,none,0
WO8ZKMmPaws,UCtbLA0YM6EpwUQhFUyPQU9Q,heldout,14,13.0314,27,1165819.21,1125397,483811.3631253368,2.409656533806223,confirmed,0.5060701619579088,10,7,none,0
WO8ZKMmPaws,UCtbLA0YM6EpwUQhFUyPQU9Q,time,14,13.0314,27,1165819.21,1125397,483811.3631253368,2.409656533806223,confirmed,0.5060701619579088,10,7,none,0
kc6NOjS1ThE,UCn5hg2riwFTCNif80JbaA8A,time,14,14.7340,29,87159.46,85421,42504.276245263085,2.050604493711291,confirmed,0.058312067387431554,15,13,none,0
NiURKoONLVY,UCbRP3c757lWg9M-U7TyEkXA,time,1,0.7684,27,643463.97,334700,77944.51458652153,8.25541060015297,early,,14,14,none,0
NiURKoONLVY,UCbRP3c757lWg9M-U7TyEkXA,time,2,1.7684,27,454655.97,334700,77700.52405938008,5.851388773187706,early,0.35078447482092895,15,15,none,0
NiURKoONLVY,UCbRP3c757lWg9M-U7TyEkXA,time,3,2.7684,27,369669.28,334700,77470.86031617229,4.7717203817933855,early,0.26277314001105784,15,15,none,0
NiURKoONLVY,UCbRP3c757lWg9M-U7TyEkXA,time,5,4.7684,27,366707.43,334700,77041.98184888433,4.759839015198018,likely,0.23749564763490724,15,15,none,0
NiURKoONLVY,UCbRP3c757lWg9M-U7TyEkXA,time,7,6.7684,27,364184.70,334700,76604.52207169021,4.7540888344546754,likely,0.20965804006234467,15,15,none,0
NiURKoONLVY,UCbRP3c757lWg9M-U7TyEkXA,time,14,12.7684,27,362176.48,334700,75620.46706345378,4.789397536748715,confirmed,0.1543826639285481,15,11,none,0
KA5MUJzQYrM,UCPAt6z5uX_c5Eo_cSNROzYw,time,14,13.6457,29,1420.33,1410,10446.150090037161,0.13596644413077277,confirmed,0.020586759789967567,15,15,none,0
dQn0XPnK8AA,UCeHIseom2u9zxGM_yIEBhDQ,time,5,5.9395,28,157.73,164,,,insufficient,,0,0,none,0
dQn0XPnK8AA,UCeHIseom2u9zxGM_yIEBhDQ,time,7,6.9395,28,156.04,164,,,insufficient,0.4352549668784232,0,0,none,0
dQn0XPnK8AA,UCeHIseom2u9zxGM_yIEBhDQ,time,14,13.9395,28,155.58,164,,,insufficient,0.23590108508846655,0,0,none,0
eQH5AMqpuYU,UCXGR70CkW_pXb8n52LzCCRw,time,1,1.0825,28,305173.96,370931,368964.593850372,0.8271090758926872,early,,15,12,none,0
eQH5AMqpuYU,UCXGR70CkW_pXb8n52LzCCRw,time,2,2.0825,28,353561.41,370931,368805.3667894882,0.9586666568601703,early,0.760248825036813,15,11,none,0
eQH5AMqpuYU,UCXGR70CkW_pXb8n52LzCCRw,time,3,3.0825,28,351271.41,370931,368599.91778178734,0.9529883144384911,likely,0.6248292540358318,15,11,none,0
eQH5AMqpuYU,UCXGR70CkW_pXb8n52LzCCRw,time,5,5.0825,28,358201.47,370931,366696.42722948093,0.9768338120556161,likely,0.5698287299158916,15,10,none,0
eQH5AMqpuYU,UCXGR70CkW_pXb8n52LzCCRw,time,7,7.0825,28,357589.55,370931,366398.64702733926,0.9759576119820355,confirmed,0.5404075792278089,15,9,none,0
eQH5AMqpuYU,UCXGR70CkW_pXb8n52LzCCRw,time,14,13.0825,28,366939.09,370931,365823,1.0030509020524534,confirmed,0.47364283267717844,15,6,none,0
qMojhcFHm7g,UCbprhISv-0ReKPPyhf7-Dtw,time,5,6.9573,30,1220.99,2633,,,insufficient,,0,0,none,0
qMojhcFHm7g,UCbprhISv-0ReKPPyhf7-Dtw,time,7,6.9573,30,1220.99,2633,,,insufficient,,0,0,none,0
qMojhcFHm7g,UCbprhISv-0ReKPPyhf7-Dtw,time,14,13.9573,30,2132.30,2633,,,insufficient,0.8740627499501797,0,0,none,0
sUMw8uxKjHo,UC2cC48A261pBVKztLyzOAnA,heldout,3,3.5520,29,59807.11,51343,31792.815450882867,1.8811516945948705,likely,,15,12,none,0
sUMw8uxKjHo,UC2cC48A261pBVKztLyzOAnA,heldout,5,4.5520,29,44769.56,51343,31792.815450882867,1.4081659942779496,likely,0.2005548119344517,15,12,none,0
sUMw8uxKjHo,UC2cC48A261pBVKztLyzOAnA,heldout,7,6.5520,29,46004.95,51343,31557.646721409365,1.4578067956726375,likely,0.20434455216266245,15,11,none,0
sUMw8uxKjHo,UC2cC48A261pBVKztLyzOAnA,heldout,14,13.5520,29,49979.96,51343,31140.548435839853,1.6049800585965328,confirmed,0.18020996238617618,15,9,none,0
IX2o6hk3F9s,UCN7dywl5wDxTu1RM3eJ_h9Q,time,3,3.0412,28,2953.18,3928,11245.693799046387,0.26260567880944846,likely,,8,8,none,0
IX2o6hk3F9s,UCN7dywl5wDxTu1RM3eJ_h9Q,time,5,5.0412,28,2781.04,3928,10547.853543841848,0.263658902004249,likely,0.3656044141174374,15,14,none,0
IX2o6hk3F9s,UCN7dywl5wDxTu1RM3eJ_h9Q,time,7,6.0412,28,3007.83,3928,10669.272227842011,0.28191557694629743,likely,0.43427587496726433,15,14,none,0
IX2o6hk3F9s,UCN7dywl5wDxTu1RM3eJ_h9Q,time,14,12.0412,28,3668.98,3928,10791.171105020801,0.33999850075840493,confirmed,0.44504427175063566,15,13,none,0
DAOMt3ClIJg,UCw33382AK54Vd90P56EISig,time,7,8.7348,27,1125.33,994,2122.0239054608696,0.5303092710179268,confirmed,,9,9,none,0
DAOMt3ClIJg,UCw33382AK54Vd90P56EISig,time,14,12.7348,27,1017.43,994,2125,0.47879011978717717,confirmed,0.13337124859673144,15,12,none,0
TAXPyRnWwI0,UCyaN6mg5u8Cjy2ZI4ikWaug,time,1,1.6045,28,58132.65,80115,43994.58955484219,1.3213591088228478,early,,15,11,none,0
TAXPyRnWwI0,UCyaN6mg5u8Cjy2ZI4ikWaug,time,2,1.6045,28,58132.65,80115,43994.58955484219,1.3213591088228478,early,,15,11,none,0
TAXPyRnWwI0,UCyaN6mg5u8Cjy2ZI4ikWaug,time,3,2.6045,28,61372.25,80115,44387.93063573628,1.3826336267856179,early,0.5906499968858365,15,10,none,0
TAXPyRnWwI0,UCyaN6mg5u8Cjy2ZI4ikWaug,time,5,4.6045,28,64030.85,80115,44544.388776206106,1.4374615737089742,likely,0.5184473924670454,15,9,none,0
TAXPyRnWwI0,UCyaN6mg5u8Cjy2ZI4ikWaug,time,7,6.6045,28,79928.87,80115,45819.21560253367,1.7444399249970306,likely,0.5858762597044879,15,9,none,0
TAXPyRnWwI0,UCyaN6mg5u8Cjy2ZI4ikWaug,time,14,13.6045,28,92364.42,80115,45522.93119268136,2.0289645808100762,confirmed,0.4766380987304037,15,8,none,0
qoo6D4fviOM,UC2zZkTwX2DtWeBCMdhk6AQQ,time,5,6.8026,27,8175.63,55210,,,insufficient,,0,0,none,0
qoo6D4fviOM,UC2zZkTwX2DtWeBCMdhk6AQQ,time,7,6.8026,27,8175.63,55210,,,insufficient,,0,0,none,0
qoo6D4fviOM,UC2zZkTwX2DtWeBCMdhk6AQQ,time,14,12.8026,27,31859.10,55210,,,insufficient,2.3742341373340063,0,0,none,0
YyBrLCsE1Fo,UCJ1RVDuSiJncq6VQYiqpzLA,time,14,12.9992,28,515.97,503,1138.3931297985064,0.4532466832252651,confirmed,0.22913631728126402,15,15,none,0
Z9CC0_NTf5g,UC0T6MVd3wQDB5ICAe45OxaQ,time,14,15.9159,27,14952.16,14771,9513,1.5717605306129414,confirmed,0.07633489594673869,15,13,none,0
gHlNf7G1Grk,UCgxSTAUCx4JbT5J0ako61Ww,time,14,14.6671,29,4045.05,3783,3202.5718290119135,1.2630614640297528,confirmed,,15,15,none,0
a5isoMkmHOQ,UC8wwEsUeTG9cpzvWT5Dsdqw,time,1,1.0417,27,43672.07,45016,24033.562018220044,1.817128372055282,early,2.1819573964338916,15,12,none,0
a5isoMkmHOQ,UC8wwEsUeTG9cpzvWT5Dsdqw,time,2,2.0417,27,63115.88,45016,24033.562018220044,2.6261556751460553,early,1.6933519119434834,15,11,none,0
a5isoMkmHOQ,UC8wwEsUeTG9cpzvWT5Dsdqw,time,3,3.0417,27,63989.88,45016,24033.562018220044,2.6625217149434053,likely,1.4405982804227748,15,11,none,0
a5isoMkmHOQ,UC8wwEsUeTG9cpzvWT5Dsdqw,time,5,4.0417,27,67402.99,45016,24033.562018220044,2.8045361051515543,likely,1.3177116530313069,15,11,none,0
a5isoMkmHOQ,UC8wwEsUeTG9cpzvWT5Dsdqw,time,7,7.0417,27,71508.70,45016,24033.562018220044,2.975368359992829,confirmed,1.090940923064009,15,11,none,0
a5isoMkmHOQ,UC8wwEsUeTG9cpzvWT5Dsdqw,time,14,15.0417,27,60982.06,45016,24086.194814295726,2.5318260915820705,confirmed,0.8514061901428419,15,10,none,0
hDL2UuulKhk,UC8DqDLFZCni7Jkys3N3818w,time,5,4.8183,27,55.75,59,,,insufficient,,1,1,none,0
hDL2UuulKhk,UC8DqDLFZCni7Jkys3N3818w,time,7,6.8183,27,59.62,59,,,insufficient,0.46225095429181856,1,1,none,0
hDL2UuulKhk,UC8DqDLFZCni7Jkys3N3818w,time,14,15.8183,27,54.35,59,,,insufficient,0.1869611110232646,1,1,none,0
WnapZ9yDtaQ,UCihUiDJzjyo2ov_qGtW33lw,time,14,13.9371,28,308052.73,279739,22526,13.675429631662041,confirmed,,15,11,none,0
PNQGAKbQAhI,UC7vGEKe2pHPYgpQxsmsk6Pw,time,5,5.7912,28,615.97,614,,,insufficient,,0,0,none,0
PNQGAKbQAhI,UC7vGEKe2pHPYgpQxsmsk6Pw,time,7,6.7912,28,512.38,614,,,insufficient,0.20597060953639304,0,0,none,0
PNQGAKbQAhI,UC7vGEKe2pHPYgpQxsmsk6Pw,time,14,13.7912,28,642.45,614,,,insufficient,0.304132163054214,0,0,none,0
M7FK_G8XTIY,UC7-Z34pbJ0ZAOJRmUCEz0Cg,time,0.5,0.6246,28,68743.76,63066,266102.53746209654,0.25833561164334506,early,,15,11,none,0
M7FK_G8XTIY,UC7-Z34pbJ0ZAOJRmUCEz0Cg,time,1,0.6246,28,68743.76,63066,266102.53746209654,0.25833561164334506,early,,15,11,none,0
M7FK_G8XTIY,UC7-Z34pbJ0ZAOJRmUCEz0Cg,time,2,1.6246,28,86562.32,63066,267285.3959355291,0.32385727565202665,early,1.0351444718352298,15,11,none,0
M7FK_G8XTIY,UC7-Z34pbJ0ZAOJRmUCEz0Cg,time,3,2.6246,28,87970.77,63066,267285.3959355291,0.3291267445053088,early,0.8195226852983379,15,10,none,0
M7FK_G8XTIY,UC7-Z34pbJ0ZAOJRmUCEz0Cg,time,5,4.6246,28,84997.48,63066,267285.3959355291,0.3180027204432377,likely,0.5940327512506721,15,10,none,0
M7FK_G8XTIY,UC7-Z34pbJ0ZAOJRmUCEz0Cg,time,7,6.6246,28,81714.02,63066,267285.3959355291,0.30571823500935297,likely,0.5031615066999793,15,10,none,0
M7FK_G8XTIY,UC7-Z34pbJ0ZAOJRmUCEz0Cg,time,14,13.6246,28,77603.29,63066,271043.7344078486,0.28631278514893294,confirmed,0.38139014402581817,15,9,none,0
yU2u7D8RuG4,UCGWNHkr2WZcRbxqoet-nyeg,time,14,12.8786,27,4481.57,4140,2598.4508950356426,1.7247078621193495,confirmed,,15,15,none,0
PPaeqm6WnNU,UCeYUHG6o0YguM-g23htdsSw,time,1,1.9995,27,720.11,730,785.5159425926529,0.9167371873233949,early,,13,12,none,0
PPaeqm6WnNU,UCeYUHG6o0YguM-g23htdsSw,time,2,1.9995,27,720.11,730,785.5159425926529,0.9167371873233949,early,,13,12,none,0
PPaeqm6WnNU,UCeYUHG6o0YguM-g23htdsSw,time,3,2.9995,27,509.06,730,732,0.6954407122435922,early,0.2016625382576528,15,12,none,0
PPaeqm6WnNU,UCeYUHG6o0YguM-g23htdsSw,time,5,4.9995,27,710.36,730,732,0.9704391629523639,likely,0.4140462154560346,15,11,none,0
PPaeqm6WnNU,UCeYUHG6o0YguM-g23htdsSw,time,7,6.9995,27,701.53,730,732,0.9583769626078212,likely,0.36914970201461467,15,10,none,0
PPaeqm6WnNU,UCeYUHG6o0YguM-g23htdsSw,time,14,14.9995,27,714.08,730,732,0.9755186419505291,confirmed,0.30170705163439826,15,6,none,0
VrpFPoFgRz8,UCEBpSZhI1X8WaP-kY_2LLcg,time,2,2.1784,27,920.25,898,1724.3931324456903,0.5336640420169051,early,,15,15,none,0
VrpFPoFgRz8,UCEBpSZhI1X8WaP-kY_2LLcg,time,3,3.1784,27,651.30,898,1724.3931324456903,0.3776984893409926,likely,0.21637430642172906,15,14,none,0
VrpFPoFgRz8,UCEBpSZhI1X8WaP-kY_2LLcg,time,5,5.1784,27,761.63,898,1724.3931324456903,0.4416785273753845,likely,0.2758289759007345,15,14,none,0
VrpFPoFgRz8,UCEBpSZhI1X8WaP-kY_2LLcg,time,7,6.1784,27,765.56,898,1724.3931324456903,0.44395787161085476,likely,0.3093083922848592,15,14,none,0
VrpFPoFgRz8,UCEBpSZhI1X8WaP-kY_2LLcg,time,14,15.1784,27,895.40,898,1794.8675543097409,0.4988655976144318,confirmed,0.2987373194592619,15,13,none,0
PCeflwCXSLg,UCZv_19T3Yuk8k0RZRGNqgow,heldout,1,0.8124,30,8443.94,9763,23726.4909349927,0.355886432099313,early,,15,14,none,0
PCeflwCXSLg,UCZv_19T3Yuk8k0RZRGNqgow,heldout,7,7.8124,30,9281.06,9763,23852.37403025581,0.3891043059257241,confirmed,0.47555089558409763,15,13,none,0
PCeflwCXSLg,UCZv_19T3Yuk8k0RZRGNqgow,heldout,14,13.8124,30,9372.39,9763,24065.998172559113,0.389445303330488,confirmed,0.43904730173567913,15,13,none,0
z3h5rxz-IKw,UC0wN7fS1ATmM4ZTafhB9oBg,time,14,12.8321,27,5096.93,5015,5794.778263340606,0.879572567285435,confirmed,0.13105924971484573,15,14,none,0
cLb9w_PnL9k,UCLhu5JoRWPgEGDoUFfQHTPQ,time,3,3.7707,27,9368.39,7387,6787.426783418722,1.3802566104722365,likely,,12,12,none,0
cLb9w_PnL9k,UCLhu5JoRWPgEGDoUFfQHTPQ,time,5,4.7707,27,8050.57,7387,6170.170382393827,1.3047564096139836,likely,0.29141211295419267,15,15,none,0
cLb9w_PnL9k,UCLhu5JoRWPgEGDoUFfQHTPQ,time,7,6.7707,27,7991.80,7387,6020.486117142558,1.3274336120601606,likely,0.2288240397652,15,15,none,0
cLb9w_PnL9k,UCLhu5JoRWPgEGDoUFfQHTPQ,time,14,12.7707,27,7608.98,7387,6024,1.2631104910547022,confirmed,0.1596763731651343,15,12,none,0
AAXWxPfNSzA,UCeHILuUwWmHDQqbocxUvVoA,heldout,14,14.6768,31,4181.32,4008,9152.176944978135,0.45686618931872286,confirmed,,15,13,none,0
ALaaOEQcRwM,UCCYBgzNZ3JIK2w_zvPKvgfQ,heldout,5,4.0104,27,95.18,101,,,insufficient,,0,0,none,0
ALaaOEQcRwM,UCCYBgzNZ3JIK2w_zvPKvgfQ,time,5,4.0104,27,95.18,101,,,insufficient,,0,0,none,0
ALaaOEQcRwM,UCCYBgzNZ3JIK2w_zvPKvgfQ,heldout,7,7.0104,27,95.54,101,,,insufficient,0.25777079155012106,0,0,none,0
ALaaOEQcRwM,UCCYBgzNZ3JIK2w_zvPKvgfQ,time,7,7.0104,27,95.54,101,,,insufficient,0.25777079155012106,0,0,none,0
ALaaOEQcRwM,UCCYBgzNZ3JIK2w_zvPKvgfQ,heldout,14,15.0104,27,104.09,101,,,insufficient,0.24455407418425862,0,0,none,0
ALaaOEQcRwM,UCCYBgzNZ3JIK2w_zvPKvgfQ,time,14,15.0104,27,104.09,101,,,insufficient,0.24455407418425862,0,0,none,0
7A6G5yvp804,UCN8fW1T36q7P9KjaHEifPYQ,time,1,0.9919,27,4700.23,1657,1887.857246081561,2.489717481049628,early,,15,9,none,0
7A6G5yvp804,UCN8fW1T36q7P9KjaHEifPYQ,time,2,1.9919,27,1570.59,1657,1881.5152058688466,0.8347499344790456,early,0.28584051531189153,15,9,none,0
7A6G5yvp804,UCN8fW1T36q7P9KjaHEifPYQ,time,3,2.9919,27,1349.67,1657,1870.6440368639467,0.7215015661858132,early,0.265988620839189,15,8,none,0
7A6G5yvp804,UCN8fW1T36q7P9KjaHEifPYQ,time,5,4.9919,27,1706.10,1657,1856.659405717414,0.9189102676880058,likely,0.2816847428715296,15,8,none,0
7A6G5yvp804,UCN8fW1T36q7P9KjaHEifPYQ,time,7,6.9919,27,1550.99,1657,1847.573385615395,0.8394740502743551,likely,0.2790480739665666,15,7,none,0
7A6G5yvp804,UCN8fW1T36q7P9KjaHEifPYQ,time,14,12.9919,27,1635.23,1657,1820,0.8984779348432353,confirmed,0.23441522838039242,15,6,none,0
grS5cSMnGeg,UCztm4C-jD0jpHlDFhRyEltw,time,1,1.6667,27,890.32,938,,,insufficient,,1,1,none,0
grS5cSMnGeg,UCztm4C-jD0jpHlDFhRyEltw,time,2,1.6667,27,890.32,938,,,insufficient,,1,1,none,0
grS5cSMnGeg,UCztm4C-jD0jpHlDFhRyEltw,time,3,2.6667,27,764.61,938,2884.813678036394,0.26504788793692197,early,0.4308337385357438,15,14,none,0
grS5cSMnGeg,UCztm4C-jD0jpHlDFhRyEltw,time,5,4.6667,27,809.31,938,2884.813678036394,0.2805414032736519,likely,0.3676463706717964,15,14,none,0
grS5cSMnGeg,UCztm4C-jD0jpHlDFhRyEltw,time,7,6.6667,27,901.97,938,2925.377392717912,0.30832590525033604,likely,0.37995595280749184,15,13,none,0
grS5cSMnGeg,UCztm4C-jD0jpHlDFhRyEltw,time,14,12.6667,27,903.23,938,3053.598666786887,0.29579276890607026,confirmed,0.3230492775289101,15,13,none,0
b3EugpoXF5I,UC8jRs1LfVO5vsrSk-YRu5ZA,time,5,6.9687,27,1993.87,1602,,,insufficient,,0,0,none,0
b3EugpoXF5I,UC8jRs1LfVO5vsrSk-YRu5ZA,time,7,6.9687,27,1993.87,1602,,,insufficient,,0,0,none,0
b3EugpoXF5I,UC8jRs1LfVO5vsrSk-YRu5ZA,time,14,12.9687,27,1644.48,1602,2731.158971587159,0.6021176899944715,confirmed,0.00897524472848579,15,11,none,0
S2KmStTbL6c,UCQHX6ViZmPsWiYSFAyS0a3Q,heldout,0.5,0.6840,29,563120.73,359637,384848.6519692999,1.4632264506161852,early,,15,15,none,0
S2KmStTbL6c,UCQHX6ViZmPsWiYSFAyS0a3Q,time,0.5,0.6840,29,563120.73,359637,384848.6519692999,1.4632264506161852,early,,15,15,none,0
S2KmStTbL6c,UCQHX6ViZmPsWiYSFAyS0a3Q,heldout,1,0.6840,29,563120.73,359637,384848.6519692999,1.4632264506161852,early,,15,15,none,0
S2KmStTbL6c,UCQHX6ViZmPsWiYSFAyS0a3Q,time,1,0.6840,29,563120.73,359637,384848.6519692999,1.4632264506161852,early,,15,15,none,0
S2KmStTbL6c,UCQHX6ViZmPsWiYSFAyS0a3Q,heldout,2,1.6840,29,507846.67,359637,379221.0223152363,1.3391838527944564,early,0.6935915642148051,15,15,none,0
S2KmStTbL6c,UCQHX6ViZmPsWiYSFAyS0a3Q,time,2,1.6840,29,507846.67,359637,379221.0223152363,1.3391838527944564,early,0.6935915642148051,15,15,none,0
S2KmStTbL6c,UCQHX6ViZmPsWiYSFAyS0a3Q,heldout,3,2.6840,29,425581.79,359637,374467.7319101788,1.1364978844803246,early,0.4567851875424036,15,15,none,0
S2KmStTbL6c,UCQHX6ViZmPsWiYSFAyS0a3Q,time,3,2.6840,29,425581.79,359637,374467.7319101788,1.1364978844803246,early,0.4567851875424036,15,15,none,0
S2KmStTbL6c,UCQHX6ViZmPsWiYSFAyS0a3Q,heldout,5,4.6840,29,413244.09,359637,366560.97284592775,1.127354299344277,likely,0.3380855207142953,15,15,none,0
S2KmStTbL6c,UCQHX6ViZmPsWiYSFAyS0a3Q,time,5,4.6840,29,413244.09,359637,366560.97284592775,1.127354299344277,likely,0.3380855207142953,15,15,none,0
S2KmStTbL6c,UCQHX6ViZmPsWiYSFAyS0a3Q,heldout,7,6.6840,29,398502.52,359637,358509.6265916525,1.1115531928325773,likely,0.28884503043787624,15,15,none,0
S2KmStTbL6c,UCQHX6ViZmPsWiYSFAyS0a3Q,time,7,6.6840,29,398502.52,359637,358509.6265916525,1.1115531928325773,likely,0.28884503043787624,15,15,none,0
S2KmStTbL6c,UCQHX6ViZmPsWiYSFAyS0a3Q,heldout,14,13.6840,29,359439.10,359637,341561.1795372262,1.0523417759986118,confirmed,0.2247725361226347,15,10,none,0
S2KmStTbL6c,UCQHX6ViZmPsWiYSFAyS0a3Q,time,14,13.6840,29,359439.10,359637,341561.1795372262,1.0523417759986118,confirmed,0.2247725361226347,15,10,none,0
WsxWpt-1WoI,UC8DqDLFZCni7Jkys3N3818w,time,5,4.8174,27,42.15,95,32.99954094112205,1.2773589038699937,likely,,6,6,none,0
WsxWpt-1WoI,UC8DqDLFZCni7Jkys3N3818w,time,7,6.8174,27,50.79,95,38.81282464016882,1.3086188922072208,likely,0.5987507004677219,6,6,none,0
WsxWpt-1WoI,UC8DqDLFZCni7Jkys3N3818w,time,14,12.8174,27,78.51,95,40.89492155798222,1.9196761828394961,confirmed,0.8012540060098736,6,6,none,0
VahbUHjhkXA,UCammHPYWYI4q3WLbx-TP7GA,time,14,12.7271,28,3966.58,4136,5012.197956411786,0.791385907537758,confirmed,0.1218870367358644,15,11,none,0
swE9ey6sJjw,UCDNHPNeWScAC8h8IxtEBtkQ,time,1,1.0822,29,141050.24,84885,70248.62527675345,2.007871884850153,early,1.7339665051217996,15,13,none,0
swE9ey6sJjw,UCDNHPNeWScAC8h8IxtEBtkQ,time,2,2.0822,29,165774.88,84885,70018.50197165257,2.3675867440717893,early,1.217449844434336,15,13,none,0
swE9ey6sJjw,UCDNHPNeWScAC8h8IxtEBtkQ,time,3,3.0822,29,155182.77,84885,69797.75287776026,2.223320439023894,likely,1.004117721646445,15,12,none,0
swE9ey6sJjw,UCDNHPNeWScAC8h8IxtEBtkQ,time,5,5.0822,29,127993.10,84885,69395.2191252125,1.8444080049255938,likely,0.799512177797247,15,11,none,0
swE9ey6sJjw,UCDNHPNeWScAC8h8IxtEBtkQ,time,7,7.0822,29,118796.79,84885,68591.97274919713,1.7319342836970912,confirmed,0.7082310077693438,15,10,none,0
swE9ey6sJjw,UCDNHPNeWScAC8h8IxtEBtkQ,time,14,13.0822,29,98787.04,84885,67764,1.4578099820069232,confirmed,0.5710385011982971,15,7,none,0
pU48KY8nIes,UCPAt6z5uX_c5Eo_cSNROzYw,time,7,8.7357,28,21572.58,17198,2989.04851882644,7.21720675265044,confirmed,,15,15,none,0
pU48KY8nIes,UCPAt6z5uX_c5Eo_cSNROzYw,time,14,13.7357,28,17726.70,17198,2806.0511352660933,6.317311811008425,confirmed,0.003235779814552223,15,15,none,0
HN7aZm8FtVw,UC_2su4ftsi4r6aGkAQ8MyVQ,time,5,6.0556,29,528.68,628,,,insufficient,,0,0,none,0
HN7aZm8FtVw,UC_2su4ftsi4r6aGkAQ8MyVQ,time,7,7.0556,29,623.22,628,,,insufficient,0.5872836715417449,0,0,none,0
HN7aZm8FtVw,UC_2su4ftsi4r6aGkAQ8MyVQ,time,14,14.0556,29,639.56,628,,,insufficient,0.3485724098178214,0,0,none,0
qIM9ZqWk13E,UCGpsgNbzdF7BECCVbB1COHw,time,14,13.7696,28,8484.77,8236,6788.935267168043,1.2497937080956234,confirmed,0.00858747039514102,15,15,none,0
fqaDF7EUzw4,UCWyL3FzhX0CaxgkOMTQMa0A,time,14,13.7909,28,14250.78,14386,16217,0.8787553297642421,confirmed,0.09349603555710204,15,14,none,0
cBIZ6tCBAbw,UCbJ8oD5Gmh6CKv0GPpXpK8w,time,7,8.8562,27,17730.85,15364,161542.54029432376,0.10975965897888514,confirmed,,6,6,none,0
cBIZ6tCBAbw,UCbJ8oD5Gmh6CKv0GPpXpK8w,time,14,12.8562,27,16049.51,15364,119391.23777432254,0.1344278528911663,confirmed,0.13820829716136301,8,7,none,0
Y-3_H7jdOUk,UChh5m7TLxLv5qsvppqIXsWA,time,14,12.8474,27,3856.06,3745,661.1610950135541,5.8322482645730735,confirmed,0.39827251603387326,10,9,none,0
BaksFFzrdBQ,UCGxjDWAN1KwrkXYVi8CXtjQ,time,1,0.9998,27,19146.29,39293,25816.137572669268,0.7416402828341756,early,,15,10,none,0
BaksFFzrdBQ,UCGxjDWAN1KwrkXYVi8CXtjQ,time,2,1.9998,27,19711.39,39293,25900,0.7610573660207322,early,0.6298753334968942,15,8,none,0
BaksFFzrdBQ,UCGxjDWAN1KwrkXYVi8CXtjQ,time,3,2.9998,27,20870.04,39293,25900,0.8057929961726376,early,0.6201724712481499,15,8,none,0
BaksFFzrdBQ,UCGxjDWAN1KwrkXYVi8CXtjQ,time,5,5.9998,27,39740.98,39293,25900,1.5344007277959264,likely,0.8961109227334202,15,7,none,0
BaksFFzrdBQ,UCGxjDWAN1KwrkXYVi8CXtjQ,time,7,6.9998,27,42305.55,39293,25900,1.6334187909299416,likely,0.8539990799424119,15,7,none,0
BaksFFzrdBQ,UCGxjDWAN1KwrkXYVi8CXtjQ,time,14,14.9998,27,44801.66,39293,25900,1.7297938092101233,confirmed,0.7126682216400987,15,3,none,0
Z2R6ZsTOqwI,UCjB9rCM_kqa-tQj1UcwauAg,time,14,13.2773,28,8457.91,8782,3410.676108015993,2.479834274049703,confirmed,0.10622938189019164,15,11,none,0
b4m2MNXJzRk,UCmGyCEbHfY91NFwHgioNLMQ,time,5,6.9564,27,45130.22,41046,51154.64600243444,0.8822311551988541,likely,,15,15,none,0
b4m2MNXJzRk,UCmGyCEbHfY91NFwHgioNLMQ,time,7,6.9564,27,45130.22,41046,51154.64600243444,0.8822311551988541,likely,,15,15,none,0
b4m2MNXJzRk,UCmGyCEbHfY91NFwHgioNLMQ,time,14,14.9564,27,39159.68,41046,49156.37543605142,0.7966347282772663,confirmed,0.08016798801057104,15,15,none,0
Nq3XKbu1aaI,UCn7fYS0P7nkqmAEREjdtkDg,time,2,2.0410,27,1786.25,1239,1647.2095274517555,1.0844103377423757,early,,12,11,none,0
Nq3XKbu1aaI,UCn7fYS0P7nkqmAEREjdtkDg,time,3,3.0410,27,1464.81,1239,1889.5384306393007,0.7752208216696611,likely,0.320141535405236,15,14,none,0
Nq3XKbu1aaI,UCn7fYS0P7nkqmAEREjdtkDg,time,5,5.0410,27,1285.09,1239,1889.5384306393007,0.680109137009346,likely,0.24127101403635226,15,14,none,0
Nq3XKbu1aaI,UCn7fYS0P7nkqmAEREjdtkDg,time,7,7.0410,27,1273.24,1239,1879.425650097231,0.6774635514504421,confirmed,0.19821685477148585,15,14,none,0
Nq3XKbu1aaI,UCn7fYS0P7nkqmAEREjdtkDg,time,14,15.0410,27,1342.14,1239,1850.5650732085883,0.7252573902669278,confirmed,0.1438047222085218,15,12,none,0
noyn12MBQKs,UCFs23bEpTlHJt1RVN0UWI3Q,time,7,7.8538,27,2251.92,2009,2894.574948754414,0.77797835532273,confirmed,,15,15,none,0
noyn12MBQKs,UCFs23bEpTlHJt1RVN0UWI3Q,time,14,12.8538,27,1952.30,2009,2844.358145557482,0.686377167006396,confirmed,0.12266845025590875,15,15,none,0
QgOcUQVBY2w,UCAYLryveVTTC__-iYIvAP2g,time,5,4.9577,28,44.87,42,,,insufficient,,1,1,none,0
QgOcUQVBY2w,UCAYLryveVTTC__-iYIvAP2g,time,7,6.9577,28,43.54,42,,,insufficient,0.3006039920152785,1,1,none,0
QgOcUQVBY2w,UCAYLryveVTTC__-iYIvAP2g,time,14,15.9577,28,44.57,42,,,insufficient,0.20751138652566067,1,1,none,0
inqWcd7tz4g,UC0QHWhjbe5fGJEPz3sVb6nw,time,1,0.8311,28,90808.74,124673,1025889,0.08851712489574455,early,,15,9,none,0
inqWcd7tz4g,UC0QHWhjbe5fGJEPz3sVb6nw,time,2,1.8311,28,100159.20,124673,1025889,0.09763161293394707,early,0.8354494288794263,15,9,none,0
inqWcd7tz4g,UC0QHWhjbe5fGJEPz3sVb6nw,time,3,2.8311,28,106871.09,124673,1025889,0.10417412203950797,early,0.7773888857316051,15,8,none,0
inqWcd7tz4g,UC0QHWhjbe5fGJEPz3sVb6nw,time,5,4.8311,28,109851.57,124673,1025889,0.10707939294280851,likely,0.6300078615157565,15,8,none,0
inqWcd7tz4g,UC0QHWhjbe5fGJEPz3sVb6nw,time,7,6.8311,28,110628.71,124673,1025889,0.10783692477658488,likely,0.5883556515898417,15,7,none,0
inqWcd7tz4g,UC0QHWhjbe5fGJEPz3sVb6nw,time,14,13.8311,28,133933.62,124673,1025889,0.13055371151024855,confirmed,0.528557407039857,15,5,none,0
pN7XXZavnaY,UCcTiu6qN0sm433gR8wjoVCA,time,3,3.9583,27,3301.92,2755,,,insufficient,,2,2,none,0
pN7XXZavnaY,UCcTiu6qN0sm433gR8wjoVCA,time,5,4.9583,27,2839.03,2755,,,insufficient,0.3048652418995958,2,2,none,0
pN7XXZavnaY,UCcTiu6qN0sm433gR8wjoVCA,time,7,6.9583,27,2521.20,2755,,,insufficient,0.20300281732999675,2,2,none,0
pN7XXZavnaY,UCcTiu6qN0sm433gR8wjoVCA,time,14,14.9583,27,2756.62,2755,,,insufficient,0.1683422994535728,2,2,none,0
7QL71cJ83AY,UCcTiu6qN0sm433gR8wjoVCA,time,5,6.5236,29,1506.73,1334,,,insufficient,,1,1,none,0
7QL71cJ83AY,UCcTiu6qN0sm433gR8wjoVCA,time,7,6.5236,29,1506.73,1334,,,insufficient,,1,1,none,0
7QL71cJ83AY,UCcTiu6qN0sm433gR8wjoVCA,time,14,13.5236,29,1318.06,1334,,,insufficient,0.0971701752395135,1,1,none,0
EHFWNNJCFTw,UCkr6cLAnZiz5NH0NzjNK8rg,time,0.5,0.6595,27,42749.58,24890,99739.99592869112,0.42861020149242957,early,,14,14,none,0
EHFWNNJCFTw,UCkr6cLAnZiz5NH0NzjNK8rg,time,1,0.6595,27,42749.58,24890,99739.99592869112,0.42861020149242957,early,,14,14,none,0
EHFWNNJCFTw,UCkr6cLAnZiz5NH0NzjNK8rg,time,2,1.6595,27,37065.33,24890,102046.18791015013,0.3632210712340256,early,0.6020428959546252,15,15,none,0
EHFWNNJCFTw,UCkr6cLAnZiz5NH0NzjNK8rg,time,3,2.6595,27,31833.70,24890,96982.61396431562,0.328241308796835,early,0.4334518991713218,15,14,none,0
EHFWNNJCFTw,UCkr6cLAnZiz5NH0NzjNK8rg,time,5,4.6595,27,30207.35,24890,88933.87660379018,0.3396608355810985,likely,0.30440421753880775,15,13,none,0
EHFWNNJCFTw,UCkr6cLAnZiz5NH0NzjNK8rg,time,7,6.6595,27,28709.03,24890,85653.38256354918,0.3351767937310816,likely,0.25243545816920543,15,13,none,0
EHFWNNJCFTw,UCkr6cLAnZiz5NH0NzjNK8rg,time,14,12.6595,27,25666.96,24890,81289.95358638091,0.31574576337627563,confirmed,0.1954094218271255,15,8,none,0
wAbfSBIODyA,UCfa9hkgsTHfK8bpDoiQZI5g,heldout,1,1.9270,30,2042.50,1788,3005.57091490026,0.6795709132207762,early,,15,15,none,0
wAbfSBIODyA,UCfa9hkgsTHfK8bpDoiQZI5g,heldout,2,1.9270,30,2042.50,1788,3005.57091490026,0.6795709132207762,early,,15,15,none,0
wAbfSBIODyA,UCfa9hkgsTHfK8bpDoiQZI5g,heldout,3,2.9270,30,1749.09,1788,3005.57091490026,0.581949008625264,early,0.4570720180540113,15,15,none,0
wAbfSBIODyA,UCfa9hkgsTHfK8bpDoiQZI5g,heldout,5,4.9270,30,1777.13,1788,2921.306184847342,0.6083342630701196,likely,0.3307364514695318,15,15,none,0
wAbfSBIODyA,UCfa9hkgsTHfK8bpDoiQZI5g,heldout,7,6.9270,30,1792.35,1788,2897.342737592826,0.618618161982302,likely,0.3065169431546615,15,15,none,0
wAbfSBIODyA,UCfa9hkgsTHfK8bpDoiQZI5g,heldout,14,13.9270,30,1806.25,1788,2816.259621932673,0.6413643115508976,confirmed,0.23561726198728355,15,12,none,0
yesW-xqQ6ZM,UC6-X3epFE06GDWRHLQG_YMA,time,2,2.6429,27,53567.86,45206,99504.1068675543,0.5383481874413633,early,,12,11,none,0
yesW-xqQ6ZM,UC6-X3epFE06GDWRHLQG_YMA,time,3,2.6429,27,53567.86,45206,99504.1068675543,0.5383481874413633,early,,12,11,none,0
yesW-xqQ6ZM,UC6-X3epFE06GDWRHLQG_YMA,time,5,4.6429,27,42016.93,45206,108575.21373510863,0.3869845712254712,likely,0.19776856211931415,15,14,none,0
yesW-xqQ6ZM,UC6-X3epFE06GDWRHLQG_YMA,time,7,6.6429,27,43360.61,45206,108575.21373510863,0.3993601159987854,likely,0.2084010162731405,15,14,none,0
yesW-xqQ6ZM,UC6-X3epFE06GDWRHLQG_YMA,time,14,12.6429,27,46386.50,45206,110639.48983882272,0.41925809219903665,confirmed,0.1767102237423657,15,13,none,0
uTrWqhNtejU,UC0ArlFuFYMpEewyRBzdLHiw,heldout,14,13.8330,31,2799.33,2923,4557.430128581437,0.6142350217311168,confirmed,0.10612758563801293,15,15,none,0
1OsOF7jWWm0,UCUoJk48pujh29p8zLsnD5PQ,heldout,5,6.6648,29,13223.24,13750,14505.241765942537,0.911618348665441,likely,,13,12,none,0
1OsOF7jWWm0,UCUoJk48pujh29p8zLsnD5PQ,heldout,7,6.6648,29,13223.24,13750,14505.241765942537,0.911618348665441,likely,,13,12,none,0
TweVaQib0Z4,UCAGgFGwq4HZKLZ4gXo9xLiw,time,5,5.0428,27,2737.18,2293,2839.573363989608,0.9639396073160982,likely,,6,6,none,0
TweVaQib0Z4,UCAGgFGwq4HZKLZ4gXo9xLiw,time,7,7.0428,27,2608.70,2293,2735.0755288542878,0.9537952526604776,confirmed,0.2416566330325141,6,6,none,0
TweVaQib0Z4,UCAGgFGwq4HZKLZ4gXo9xLiw,time,14,13.0428,27,2446.83,2293,2531.1264693820553,0.9666959852822874,confirmed,0.132521973685533,6,6,none,0
CX_oTA7ZnC4,UCctXZhXmG-kf3tlIXgVZUlw,time,5,6.7081,27,23206.45,22804,,,insufficient,,0,0,none,0
CX_oTA7ZnC4,UCctXZhXmG-kf3tlIXgVZUlw,time,7,6.7081,27,23206.45,22804,,,insufficient,,0,0,none,0
CX_oTA7ZnC4,UCctXZhXmG-kf3tlIXgVZUlw,time,14,12.7081,27,22506.27,22804,,,insufficient,0.20161073720042855,0,0,none,0
hUq_3jjCB3o,UCfWCrexzFjIqqYZYgvVTPvw,time,5,5.1504,27,221.64,180,,,insufficient,,1,1,none,0
hUq_3jjCB3o,UCfWCrexzFjIqqYZYgvVTPvw,time,7,7.1504,27,175.92,180,,,insufficient,-0.06597906779144735,1,1,none,0
hUq_3jjCB3o,UCfWCrexzFjIqqYZYgvVTPvw,time,14,13.1504,27,180.77,180,,,insufficient,0.08525397968056261,1,1,none,0
iiZgsKwiA9A,UCBn-uKDGsRBfcB0lQeOB_gA,time,7,7.3328,28,750.22,845,,,insufficient,,0,0,none,0
iiZgsKwiA9A,UCBn-uKDGsRBfcB0lQeOB_gA,time,14,14.3328,28,865.22,845,,,insufficient,0.35488764475112244,0,0,none,0
uGuOxIClhGY,UCUynOuMTPXvUrTpcFWQ_qDA,time,1,0.9583,27,1718.92,2167,1142.5212379553968,1.5044994845686257,early,,6,4,none,0
uGuOxIClhGY,UCUynOuMTPXvUrTpcFWQ_qDA,time,2,1.9583,27,2162.20,2167,1142.9027054571936,1.891849198351976,early,0.7601624600711199,6,4,none,0
uGuOxIClhGY,UCUynOuMTPXvUrTpcFWQ_qDA,time,3,2.9583,27,1884.76,2167,1149.741158799918,1.639292242504931,early,0.6565150975588808,6,3,none,0
uGuOxIClhGY,UCUynOuMTPXvUrTpcFWQ_qDA,time,5,4.9583,27,2198.51,2167,1190.8252735131168,1.846210911105843,likely,0.6689274601256019,6,3,none,0
uGuOxIClhGY,UCUynOuMTPXvUrTpcFWQ_qDA,time,7,7.9583,27,2325.23,2167,1222.86683971524,1.9014612259918426,confirmed,0.5772277181333612,6,3,none,0
uGuOxIClhGY,UCUynOuMTPXvUrTpcFWQ_qDA,time,14,14.9583,27,2403.67,2167,1285.795105533994,1.8694057790248044,confirmed,0.4993171058043164,6,2,none,0
GwuxefNfx4U,UC2E4tXgSUeD5S9W6fGPoTsA,time,5,5.3953,28,528.94,510,,,insufficient,,1,1,none,0
GwuxefNfx4U,UC2E4tXgSUeD5S9W6fGPoTsA,time,7,7.3953,28,546.76,510,,,insufficient,0.3767916267068624,1,1,none,0
GwuxefNfx4U,UC2E4tXgSUeD5S9W6fGPoTsA,time,14,13.3953,28,529.40,510,,,insufficient,0.24097877361668893,1,1,none,0
ItYKt9t-Rj8,UCzUd3H_e_qWqs4dR4GxVHOQ,time,7,7.8360,27,6710.43,5990,4450,1.5079628571289556,confirmed,,15,13,none,0
ItYKt9t-Rj8,UCzUd3H_e_qWqs4dR4GxVHOQ,time,14,12.8360,27,6167.62,5990,4450,1.385981986892332,confirmed,0.1390497307335701,15,10,none,0
Q4NKhkbmTgs,UC8T8KJwCworH4Hpr5YjEzZA,time,5,5.0624,27,25430.35,31566,,,insufficient,1.34111822350763,1,1,none,0
Q4NKhkbmTgs,UC8T8KJwCworH4Hpr5YjEzZA,time,7,7.0624,27,29051.69,31566,,,insufficient,1.0875441564585402,1,1,none,0
Q4NKhkbmTgs,UC8T8KJwCworH4Hpr5YjEzZA,time,14,15.0624,27,33692.58,31566,,,insufficient,0.7881889741235288,1,1,none,0
EXIgjIBu4EU,UC4JX40jDee_tINbkjycV4Sg,time,3,3.9165,28,15303.29,29941,33627.217769504816,0.45508641446255077,likely,,14,13,none,0
EXIgjIBu4EU,UC4JX40jDee_tINbkjycV4Sg,time,5,4.9165,28,13147.42,29941,32580.174924003877,0.40354037876407245,likely,0.29819909816346757,15,14,none,0
EXIgjIBu4EU,UC4JX40jDee_tINbkjycV4Sg,time,7,6.9165,28,16892.88,29941,32445.68148322554,0.5206510183176702,likely,0.509524101978584,15,13,none,0
EXIgjIBu4EU,UC4JX40jDee_tINbkjycV4Sg,time,14,13.9165,28,23372.97,29941,32400,0.7213878547513765,confirmed,0.5840105291082437,15,9,none,0
8LUcoCag4Ds,UC-No2ITxJsNt50oJQ3fLmUA,time,14,13.7406,28,135169.14,134716,83921,1.6106712151104952,confirmed,0.18538765717818081,15,13,none,0
OcVAkuk8dfU,UCbAlVnKhbGLK78GsSemQXxw,heldout,5,6.6040,29,31338.02,27537,,,insufficient,,1,1,none,0
OcVAkuk8dfU,UCbAlVnKhbGLK78GsSemQXxw,time,5,6.6040,29,31338.02,27537,,,insufficient,,1,1,none,0
OcVAkuk8dfU,UCbAlVnKhbGLK78GsSemQXxw,heldout,7,6.6040,29,31338.02,27537,,,insufficient,,1,1,none,0
OcVAkuk8dfU,UCbAlVnKhbGLK78GsSemQXxw,time,7,6.6040,29,31338.02,27537,,,insufficient,,1,1,none,0
OcVAkuk8dfU,UCbAlVnKhbGLK78GsSemQXxw,heldout,14,13.6040,29,26996.52,27537,,,insufficient,0.07442059918068701,1,1,none,0
OcVAkuk8dfU,UCbAlVnKhbGLK78GsSemQXxw,time,14,13.6040,29,26996.52,27537,,,insufficient,0.07442059918068701,1,1,none,0
FMrZTjC31uc,UCI0vQvr9aFn27yR6Ej6n5UA,heldout,14,13.2660,30,870.83,807,1066,0.8169150037609817,confirmed,,15,13,none,0
ht12QquRuII,UC70SrI3VkT1MXALRtf0pcHg,heldout,5,4.9223,30,27057.67,21961,65158.83468929819,0.4152571198953999,likely,,15,15,none,0
ht12QquRuII,UC70SrI3VkT1MXALRtf0pcHg,heldout,14,12.9223,30,22030.03,21961,57669.617768981116,0.38200407796293634,confirmed,0.08108021991445358,15,15,none,0
CoorirSMGto,UCuoxrRDDgk3UUnxR4tlkJYQ,time,3,3.9010,28,14147.70,19156,7415,1.9079833572763572,likely,,11,9,none,0
CoorirSMGto,UCuoxrRDDgk3UUnxR4tlkJYQ,time,5,4.9010,28,12313.62,19156,9380.379498330803,1.3126996588925948,likely,0.3673407910109432,15,13,none,0
CoorirSMGto,UCuoxrRDDgk3UUnxR4tlkJYQ,time,7,6.9010,28,15710.95,19156,9380.379498330803,1.674873842626178,likely,0.5207795446037765,15,13,none,0
CoorirSMGto,UCuoxrRDDgk3UUnxR4tlkJYQ,time,14,13.9010,28,21283.72,19156,9706.2885272387,2.1927763925906447,confirmed,0.569305401571943,15,11,none,0
xIun4HFgHLQ,UCsga4ThrENksdN7RghkPJow,time,1,1.0155,27,5192.25,6008,8784.35641866648,0.5910796440126187,early,1.900206461468182,10,10,none,0
xIun4HFgHLQ,UCsga4ThrENksdN7RghkPJow,time,2,2.0155,27,6574.16,6008,8767.029988846272,0.7498732589471343,early,1.3933604094339707,10,10,none,0
xIun4HFgHLQ,UCsga4ThrENksdN7RghkPJow,time,3,2.0155,27,6574.16,6008,8767.029988846272,0.7498732589471343,early,1.3933604094339707,10,10,none,0
xIun4HFgHLQ,UCsga4ThrENksdN7RghkPJow,time,5,5.0155,27,7288.46,6008,8704.018376825501,0.8373668437465445,likely,1.0648637333421633,10,10,none,0
xIun4HFgHLQ,UCsga4ThrENksdN7RghkPJow,time,7,7.0155,27,7034.81,6008,8667.640953563388,0.8116170812970784,confirmed,0.9632858596036521,10,10,none,0
xIun4HFgHLQ,UCsga4ThrENksdN7RghkPJow,time,14,15.0155,27,6844.82,6008,8567.117585654567,0.7989647107032793,confirmed,0.7958109953470706,10,9,none,0
xk6yKMFsHNI,UCtak3C1t8k3u8CVzVGYvemA,time,14,14.0403,29,12724.05,12827,27311.309698593574,0.46588955710839186,confirmed,0.09021435664627128,15,9,none,0
17z6QWnlgmk,UC2EvrwxrEaP5BF5uUZ56uIw,time,5,6.8080,29,40.28,52,,,insufficient,,0,0,none,0
17z6QWnlgmk,UC2EvrwxrEaP5BF5uUZ56uIw,time,7,6.8080,29,40.28,52,,,insufficient,,0,0,none,0
17z6QWnlgmk,UC2EvrwxrEaP5BF5uUZ56uIw,time,14,13.8080,29,47.94,52,,,insufficient,0.38723174310029324,0,0,none,0
49PhdIW0Neo,UCQr41WBbI0oGTsYTm2FB99g,time,5,5.4231,29,25240.03,30337,156986.83018219192,0.16077803948211802,likely,0.13473297345274243,15,13,none,0
49PhdIW0Neo,UCQr41WBbI0oGTsYTm2FB99g,time,7,7.4231,29,25328.51,30337,156104.24068489257,0.16225380625143518,confirmed,0.1423977512936613,15,13,none,0
49PhdIW0Neo,UCQr41WBbI0oGTsYTm2FB99g,time,14,13.4231,29,26815.12,30337,151488.62652873388,0.1770108071279238,confirmed,0.13411675801272221,15,11,none,0
0VgQWEBi1zs,UCqvXGJXKeLCm6zg-JagDdzQ,time,1,1.8284,27,8833.99,6262,8222.56340598157,1.0743600173180712,early,,15,15,none,0
0VgQWEBi1zs,UCqvXGJXKeLCm6zg-JagDdzQ,time,2,1.8284,27,8833.99,6262,8222.56340598157,1.0743600173180712,early,,15,15,none,0
0VgQWEBi1zs,UCqvXGJXKeLCm6zg-JagDdzQ,time,3,2.8284,27,6340.82,6262,8222.56340598157,0.7711492827453829,early,0.24199740528636682,15,15,none,0
0VgQWEBi1zs,UCqvXGJXKeLCm6zg-JagDdzQ,time,5,4.8284,27,6181.44,6262,8225.918303514989,0.7514592557601044,likely,0.19063766850621844,15,15,none,0
0VgQWEBi1zs,UCqvXGJXKeLCm6zg-JagDdzQ,time,7,6.8284,27,6423.39,6262,8225.918303514989,0.7808717034226397,likely,0.20886092970390252,15,15,none,0
0VgQWEBi1zs,UCqvXGJXKeLCm6zg-JagDdzQ,time,14,12.8284,27,6643.72,6262,8275.838121934128,0.8027856927680151,confirmed,0.16245046635070964,15,13,none,0
VZdQ7CnU2Jc,UC4lvPJb78E_MUOAug4w0_Bg,time,5,4.7912,27,811.77,773,,,insufficient,,0,0,none,0
VZdQ7CnU2Jc,UC4lvPJb78E_MUOAug4w0_Bg,time,7,6.7912,27,776.44,773,,,insufficient,0.2449672630436551,0,0,none,0
VZdQ7CnU2Jc,UC4lvPJb78E_MUOAug4w0_Bg,time,14,12.7912,27,768.51,773,,,insufficient,0.19489992539369386,0,0,none,0
qnd4_iC3iyE,UCPCPE5MoI7DS1WiVB_-mzNw,time,5,6.8000,28,7095.61,5675,4345.763527750807,1.6327658826266225,likely,,15,15,none,0
qnd4_iC3iyE,UCPCPE5MoI7DS1WiVB_-mzNw,time,7,6.8000,28,7095.61,5675,4345.763527750807,1.6327658826266225,likely,,15,15,none,0
qnd4_iC3iyE,UCPCPE5MoI7DS1WiVB_-mzNw,time,14,13.8000,28,5848.64,5675,4054.1786701501146,1.4426211125163224,confirmed,0.006908874909490957,15,15,none,0
bUdsiDvYlcc,UCFbNIlppjAuEX4znoulh0Cw,time,3,3.8326,29,27030.42,23119,,,insufficient,,0,0,none,0
bUdsiDvYlcc,UCFbNIlppjAuEX4znoulh0Cw,time,5,4.8326,29,20025.55,23119,32559.07803417203,0.6150526541203464,likely,0.156689769529702,15,14,none,0
bUdsiDvYlcc,UCFbNIlppjAuEX4znoulh0Cw,time,7,6.8326,29,20520.31,23119,32559.07803417203,0.6302485893509718,likely,0.18694035506627346,15,14,none,0
bUdsiDvYlcc,UCFbNIlppjAuEX4znoulh0Cw,time,14,14.8326,29,23271.51,23119,32062.873199334488,0.7258087676906444,confirmed,0.19174710003017048,15,13,none,0
gt3EQcfzroE,UCLVGBWZrAniy5r767EXaR8A,time,1,0.8190,29,1122.46,972,658.9525641713713,1.7033985742622912,early,,15,10,none,0
gt3EQcfzroE,UCLVGBWZrAniy5r767EXaR8A,time,2,1.8190,29,1367.49,972,654.0507220688914,2.0908081213142737,early,0.8825904210221929,15,10,none,0
gt3EQcfzroE,UCLVGBWZrAniy5r767EXaR8A,time,3,2.8190,29,1349.49,972,651,2.0729421231186014,early,0.6297731412173835,15,8,none,0
gt3EQcfzroE,UCLVGBWZrAniy5r767EXaR8A,time,5,4.8190,29,1060.95,972,651,1.6297186590871033,likely,0.43829179630589454,15,5,none,0
gt3EQcfzroE,UCLVGBWZrAniy5r767EXaR8A,time,7,6.8190,29,1010.79,972,651,1.552677900112151,likely,0.37136992494439,15,3,none,0
gt3EQcfzroE,UCLVGBWZrAniy5r767EXaR8A,time,14,13.8190,29,965.90,972,626.3738475324046,1.5420500123199714,confirmed,0.2872043172204474,15,2,none,0
h2eURoPn7uU,UCzaZ1sPWEuZN-I8_XT6AH8g,time,14,14.9159,29,15787.85,17385,13245.052192446547,1.1919807319289826,confirmed,0.3534579725517043,10,9,none,0
k1L27EjTYEo,UCvnSyOfwtn7J14CYRbCaveQ,time,14,12.8323,27,33096.84,32633,29064.221777342653,1.138748420612459,confirmed,0.35460157580830465,15,13,none,0
xESqfiTJmws,UCll3zdukvI1oWlG-F13UCZw,heldout,1,1.0299,27,2921.39,1985,4132.260801549534,0.7069721192776531,early,1.2962850039248857,15,15,none,0
xESqfiTJmws,UCll3zdukvI1oWlG-F13UCZw,time,1,1.0299,27,2921.39,1985,4132.260801549534,0.7069721192776531,early,1.2962850039248857,15,15,none,0
xESqfiTJmws,UCll3zdukvI1oWlG-F13UCZw,heldout,2,2.0299,27,2832.68,1985,4089.909056491984,0.6926028908453425,early,0.9416161759243423,15,15,none,0
xESqfiTJmws,UCll3zdukvI1oWlG-F13UCZw,time,2,2.0299,27,2832.68,1985,4089.909056491984,0.6926028908453425,early,0.9416161759243423,15,15,none,0
xESqfiTJmws,UCll3zdukvI1oWlG-F13UCZw,heldout,3,3.0299,27,2654.12,1985,4053.787465669642,0.6547269672106087,likely,0.8033146206582529,15,15,none,0
xESqfiTJmws,UCll3zdukvI1oWlG-F13UCZw,time,3,3.0299,27,2654.12,1985,4053.787465669642,0.6547269672106087,likely,0.8033146206582529,15,15,none,0
xESqfiTJmws,UCll3zdukvI1oWlG-F13UCZw,heldout,5,5.0299,27,2563.13,1985,4035.2270436501362,0.6351888516719408,likely,0.6730107181139587,15,15,none,0
xESqfiTJmws,UCll3zdukvI1oWlG-F13UCZw,time,5,5.0299,27,2563.13,1985,4035.2270436501362,0.6351888516719408,likely,0.6730107181139587,15,15,none,0
xESqfiTJmws,UCll3zdukvI1oWlG-F13UCZw,heldout,7,7.0299,27,2377.58,1985,4000.3290238631575,0.5943453733822734,confirmed,0.6001108661702753,15,15,none,0
xESqfiTJmws,UCll3zdukvI1oWlG-F13UCZw,time,7,7.0299,27,2377.58,1985,4000.3290238631575,0.5943453733822734,confirmed,0.6001108661702753,15,15,none,0
xESqfiTJmws,UCll3zdukvI1oWlG-F13UCZw,heldout,14,15.0299,27,2155.64,1985,3871.3949017988025,0.5568119356125601,confirmed,0.4773006257549015,15,13,none,0
xESqfiTJmws,UCll3zdukvI1oWlG-F13UCZw,time,14,15.0299,27,2155.64,1985,3871.3949017988025,0.5568119356125601,confirmed,0.4773006257549015,15,13,none,0
hoxbK3cI1I0,UCMIjEnXruVHtvgSVf6TgfUg,heldout,14,14.6353,31,77122.87,74192,45105.0503497375,1.7098499224132093,confirmed,,4,4,none,0
RHb2kwaeTi4,UC2OjGgjNiqyLr_1qkqAwsUQ,time,14,13.7650,29,15894.22,15476,10340.483244059402,1.537086901486873,confirmed,0.012052241101526648,15,13,none,0
UknYGN61y98,UC1NVV2D3Jhv2ykmpTwooUwQ,time,5,6.8215,29,2746.61,2312,,,insufficient,,0,0,none,0
UknYGN61y98,UC1NVV2D3Jhv2ykmpTwooUwQ,time,7,6.8215,29,2746.61,2312,,,insufficient,,0,0,none,0
UknYGN61y98,UC1NVV2D3Jhv2ykmpTwooUwQ,time,14,13.8215,29,2360.32,2312,,,insufficient,0.07215915149947155,0,0,none,0
FAouX9NYR9s,UCNq_6MwbXuGnrHqQVkRJIYQ,time,1,0.8270,29,3335.71,4792,7504,0.4445245845750743,early,,14,11,none,0
FAouX9NYR9s,UCNq_6MwbXuGnrHqQVkRJIYQ,time,2,1.8270,29,2825.77,4792,6274,0.4503937905964034,early,0.5972351798836739,15,12,none,0
FAouX9NYR9s,UCNq_6MwbXuGnrHqQVkRJIYQ,time,3,2.8270,29,2949.96,4792,6274,0.47018837674766184,early,0.49095399043197996,15,12,none,0
FAouX9NYR9s,UCNq_6MwbXuGnrHqQVkRJIYQ,time,5,4.8270,29,3808.39,4792,6274,0.6070114256955298,likely,0.579295108259293,15,12,none,0
FAouX9NYR9s,UCNq_6MwbXuGnrHqQVkRJIYQ,time,7,6.8270,29,5440.45,4792,6274,0.8671415012411493,likely,0.6679228387490966,15,12,none,0
FAouX9NYR9s,UCNq_6MwbXuGnrHqQVkRJIYQ,time,14,12.8270,29,5083.95,4792,6274,0.8103209280037459,confirmed,0.5939652506985635,15,11,none,0
WYkluiEAKpQ,UCaipqYFk8bhIs1Gyqmm_Yxg,time,1,1.0205,27,25358.75,28152,43125.315742645165,0.5880246566980839,early,1.711919632423187,15,14,none,0
WYkluiEAKpQ,UCaipqYFk8bhIs1Gyqmm_Yxg,time,2,2.0205,27,35938.26,28152,43301.06314114363,0.8299624838000728,early,1.3786183766697686,15,13,none,0
WYkluiEAKpQ,UCaipqYFk8bhIs1Gyqmm_Yxg,time,3,3.0205,27,34514.90,28152,43080.38532138408,0.8011743719554982,likely,1.1526833334773334,15,13,none,0
WYkluiEAKpQ,UCaipqYFk8bhIs1Gyqmm_Yxg,time,5,5.0205,27,37135.89,28152,42914.750687830114,0.8653408761851843,likely,1.0160994610884817,15,13,none,0
WYkluiEAKpQ,UCaipqYFk8bhIs1Gyqmm_Yxg,time,7,6.0205,27,34881.32,28152,42821.952569745335,0.8145662933472887,likely,0.9707020948399918,15,13,none,0
WYkluiEAKpQ,UCaipqYFk8bhIs1Gyqmm_Yxg,time,14,15.0205,27,35612.12,28152,45334.55144565089,0.785540325948484,confirmed,0.7519344374108748,15,12,none,0
v9DQJaDntz4,UCfk2tHbUwraPERg3Q4fQM5w,time,5,5.9368,28,21.76,19,,,insufficient,,0,0,none,0
v9DQJaDntz4,UCfk2tHbUwraPERg3Q4fQM5w,time,7,7.9368,28,20.56,19,,,insufficient,0.2393037083228545,0,0,none,0
v9DQJaDntz4,UCfk2tHbUwraPERg3Q4fQM5w,time,14,13.9368,28,19.57,19,,,insufficient,0.15356553190967512,0,0,none,0
pG-GEyC5XJw,UCiMwMz3RMbW5mbx0iDcRQ2g,time,14,12.9686,28,1561.35,1527,1928.0609959687715,0.8098030608233342,confirmed,0.25065980068385374,15,12,none,0
2NcuCTnkGk8,UCtKKlsOLiQWeu_slHMhjvRw,time,14,13.5937,27,240.23,247,328.7240028141615,0.7307841553518961,confirmed,0.1552605722186277,15,12,none,0
z_P7yAHeC4I,UCrzsbcwbAhyxizIs2szrQRA,time,1,1.8737,27,10498.67,14535,11882.076734407849,0.8835717309355464,early,,10,10,none,0
z_P7yAHeC4I,UCrzsbcwbAhyxizIs2szrQRA,time,2,1.8737,27,10498.67,14535,11882.076734407849,0.8835717309355464,early,,10,10,none,0
z_P7yAHeC4I,UCrzsbcwbAhyxizIs2szrQRA,time,3,2.8737,27,8885.48,14535,11882.076734407849,0.7478056591007857,early,0.4105044519723122,10,10,none,0
z_P7yAHeC4I,UCrzsbcwbAhyxizIs2szrQRA,time,5,4.8737,27,10606.96,14535,11882.076734407849,0.8926854319314563,likely,0.43492943337114787,10,10,none,0
z_P7yAHeC4I,UCrzsbcwbAhyxizIs2szrQRA,time,7,6.8737,27,13429.47,14535,11882.076734407849,1.1302289119659914,likely,0.5511874263598306,10,10,none,0
z_P7yAHeC4I,UCrzsbcwbAhyxizIs2szrQRA,time,14,12.8737,27,15699.74,14535,12366.476874562019,1.2695398481110804,confirmed,0.5033847286778148,10,9,none,0
An1ZXDxgCZY,UC3_BakzLfadvFrsnClMFWmQ,time,1,0.0949,28,21960.03,686,785.5360726015911,27.955468782723194,early,,14,14,none,0
An1ZXDxgCZY,UC3_BakzLfadvFrsnClMFWmQ,time,2,2.0949,28,949.02,686,790.4862635268266,1.200554324491844,early,0.11206532219370448,15,15,none,0
An1ZXDxgCZY,UC3_BakzLfadvFrsnClMFWmQ,time,3,3.0949,28,817.25,686,779.750145631942,1.0480858671938666,likely,0.08827857366159819,15,15,none,0
An1ZXDxgCZY,UC3_BakzLfadvFrsnClMFWmQ,time,5,5.0949,28,759.42,686,758.2661641875818,1.0015277217309573,likely,0.07752896400905994,15,15,none,0
An1ZXDxgCZY,UC3_BakzLfadvFrsnClMFWmQ,time,7,7.0949,28,737.78,686,744.3992705979431,0.9911037197050037,confirmed,0.07027014821725358,15,15,none,0
An1ZXDxgCZY,UC3_BakzLfadvFrsnClMFWmQ,time,14,13.0949,28,653.31,686,708.9583710010284,0.9215001311472961,confirmed,0.059656994235581,15,12,none,0
YirNB8gmKN8,UCzUd3H_e_qWqs4dR4GxVHOQ,time,7,8.7599,27,10499.29,8999,4051.7567677741645,2.5912942295742742,confirmed,,15,13,none,0
YirNB8gmKN8,UCzUd3H_e_qWqs4dR4GxVHOQ,time,14,13.7599,27,9047.73,8999,4126.241050231089,2.1927303817397186,confirmed,0.11821747566182174,15,10,none,0
dXPmeqvpCWQ,UCAXUwGU47XVY-0lH9qhUr1Q,heldout,0.5,0.6664,30,89786.04,56676,78176.4837704077,1.148504459012476,early,,14,11,none,0
dXPmeqvpCWQ,UCAXUwGU47XVY-0lH9qhUr1Q,heldout,1,0.6664,30,89786.04,56676,78176.4837704077,1.148504459012476,early,,14,11,none,0
dXPmeqvpCWQ,UCAXUwGU47XVY-0lH9qhUr1Q,heldout,7,7.6664,30,60974.93,56676,77858.41974849996,0.7831514391722166,confirmed,0.24094436905562513,15,11,none,0
dXPmeqvpCWQ,UCAXUwGU47XVY-0lH9qhUr1Q,heldout,14,13.6664,30,57514.09,56676,76892.72907428215,0.7479782336113893,confirmed,0.20486017630982947,15,10,none,0
uLZVd6VvUD0,UCxEQsjgRRfGWiJJu_PDygxw,time,14,13.4576,27,302731.87,294917,228366.59988563665,1.3256398884235543,confirmed,0.012455653003386757,15,13,none,0
E-tYxgNA_bg,UCUJXaEduMHGB3Iap3DusmAA,heldout,14,13.5572,30,10423.44,13246,18674.829712683953,0.5581544326174169,confirmed,0.7754614598566634,15,14,none,0
Lzz0TA7RBlA,UC-BlDCX__nCLs_ZF9meYQbw,time,5,5.5973,27,5705.51,4730,,,insufficient,,0,0,none,0
Lzz0TA7RBlA,UC-BlDCX__nCLs_ZF9meYQbw,time,7,6.5973,27,4709.24,4730,,,insufficient,0.14540987260307178,0,0,none,0
Lzz0TA7RBlA,UC-BlDCX__nCLs_ZF9meYQbw,time,14,13.5973,27,4726.84,4730,,,insufficient,0.10916180588518645,0,0,none,0
wmnIc2Qtd3o,UCQVakLjtBUGlQOThqRZ7uhw,time,14,13.7792,29,7305.33,7119,2949.14224234911,2.4771018762601607,confirmed,0.24884788409971134,15,12,none,0
bsWiHfc65O4,UCYPHQSj2QrRNfIiHNzbB6IA,time,2,2.0684,28,5117.47,3910,3630.2981062412587,1.4096552950559142,early,,15,14,none,0
bsWiHfc65O4,UCYPHQSj2QrRNfIiHNzbB6IA,time,3,3.0684,28,5280.59,3910,3614.833934746124,1.4608125391573519,likely,0.5993709782111344,15,14,none,0
bsWiHfc65O4,UCYPHQSj2QrRNfIiHNzbB6IA,time,5,5.0684,28,4502.75,3910,3650.587322224888,1.2334321070722885,likely,0.35861440049231574,15,14,none,0
bsWiHfc65O4,UCYPHQSj2QrRNfIiHNzbB6IA,time,7,7.0684,28,4364.77,3910,3612.208689648507,1.2083378630361052,confirmed,0.28644690449787025,15,13,none,0
bsWiHfc65O4,UCYPHQSj2QrRNfIiHNzbB6IA,time,14,13.0684,28,4125.15,3910,3502.246857788963,1.1778589638257397,confirmed,0.2148643894542821,15,13,none,0
qxavxDrfFIg,UC8jRs1LfVO5vsrSk-YRu5ZA,time,7,8.6978,27,4022.99,3237,2863.576930633329,1.4048821307151131,confirmed,,10,8,none,0
qxavxDrfFIg,UC8jRs1LfVO5vsrSk-YRu5ZA,time,14,13.6978,27,3322.01,3237,2716.5886767698753,1.222862020765538,confirmed,0.015003287069919935,15,11,none,0
-PXFrev--9A,UCI8gcSTo1FowsRJdilsjsZw,time,0.5,0.7302,27,29647.83,108026,39508.22179411885,0.7504218715854143,early,,12,12,none,0
-PXFrev--9A,UCI8gcSTo1FowsRJdilsjsZw,time,1,0.7302,27,29647.83,108026,39508.22179411885,0.7504218715854143,early,,12,12,none,0
-PXFrev--9A,UCI8gcSTo1FowsRJdilsjsZw,time,2,2.7302,27,21526.82,108026,34824.57074154844,0.6181502903962387,early,0.4133214037301653,15,15,none,0
-PXFrev--9A,UCI8gcSTo1FowsRJdilsjsZw,time,3,2.7302,27,21526.82,108026,34824.57074154844,0.6181502903962387,early,0.4133214037301653,15,15,none,0
-PXFrev--9A,UCI8gcSTo1FowsRJdilsjsZw,time,5,4.7302,27,26606.01,108026,32805.41443972005,0.8110250869415627,likely,0.45144700655811887,15,15,none,0
-PXFrev--9A,UCI8gcSTo1FowsRJdilsjsZw,time,7,6.7302,27,31888.63,108026,31937.14798915001,0.9984809672899638,likely,0.48795467777474755,15,15,none,0
-PXFrev--9A,UCI8gcSTo1FowsRJdilsjsZw,time,14,12.7302,27,35232.98,108026,34222.42294397046,1.0295292056075986,confirmed,0.4782494752652352,15,15,none,0
sOseXZeEYyI,UCwrXi5ZknKThspJc-Gai04g,time,14,13.5624,29,8052.47,8420,93142.39426503675,0.08645335301871515,confirmed,0.19631433260915604,15,13,none,0
B_G7af8LBow,UCS7BAYpqOSaYy-pZp6oO4PA,time,7,7.9572,28,10251.32,8455,14520.448620962581,0.7059918758831021,confirmed,,15,15,none,0
B_G7af8LBow,UCS7BAYpqOSaYy-pZp6oO4PA,time,14,12.9572,28,8579.80,8455,14079.585665567653,0.6093788197302407,confirmed,0.044408033516557095,15,15,none,0
lTfkgBNNqN8,UCLBVA29QFjSo3c8NpGD89lw,time,5,4.7909,28,1586.83,2172,5939.302264388355,0.2671742335415188,likely,,5,5,none,0
lTfkgBNNqN8,UCLBVA29QFjSo3c8NpGD89lw,time,7,6.7909,28,1656.78,2172,6230.680418277862,0.26590715055080355,likely,0.3793199211944468,10,10,none,0
lTfkgBNNqN8,UCLBVA29QFjSo3c8NpGD89lw,time,14,13.7909,28,1891.78,2172,6283.382375220774,0.3010770619197552,confirmed,0.348453892308343,10,10,none,0
Uq3JztvbuWI,UChp9CTuvR1yfh_qLnvxm8cA,heldout,1,0.9160,29,14268.50,35613,51993.20477704312,0.27443003788608855,early,,10,10,none,0
Uq3JztvbuWI,UChp9CTuvR1yfh_qLnvxm8cA,heldout,3,3.9160,29,39990.16,35613,52048.071347319026,0.7683311781362597,likely,1.202894926262612,10,10,none,0
Uq3JztvbuWI,UChp9CTuvR1yfh_qLnvxm8cA,heldout,5,4.9160,29,38364.61,35613,52056.888922174985,0.7369747881604476,likely,1.1013959213878808,10,10,none,0
Uq3JztvbuWI,UChp9CTuvR1yfh_qLnvxm8cA,heldout,7,5.9160,29,40937.67,35613,52056.888922174985,0.7864025295903376,likely,1.0179604775346465,10,10,none,0
Uq3JztvbuWI,UChp9CTuvR1yfh_qLnvxm8cA,heldout,14,13.9160,29,35328.52,35613,52060.85304807208,0.6786004695014077,confirmed,0.7534736382625798,10,10,none,0
8jMVUrVXE5I,UC1AK451J7bKkJRq2qkJEv4w,time,0.5,0.5831,29,308.49,364,479,0.644037783696559,early,,11,6,none,0
8jMVUrVXE5I,UC1AK451J7bKkJRq2qkJEv4w,time,1,0.5831,29,308.49,364,479,0.644037783696559,early,,11,6,none,0
8jMVUrVXE5I,UC1AK451J7bKkJRq2qkJEv4w,time,2,1.5831,29,233.46,364,479,0.4873972917584417,early,0.6751684091526956,11,6,none,0
8jMVUrVXE5I,UC1AK451J7bKkJRq2qkJEv4w,time,3,2.5831,29,214.30,364,479,0.44738863799259626,early,0.6354244055631983,11,6,none,0
8jMVUrVXE5I,UC1AK451J7bKkJRq2qkJEv4w,time,5,4.5831,29,283.69,364,479,0.5922475037738647,likely,0.6315111352917163,11,5,none,0
8jMVUrVXE5I,UC1AK451J7bKkJRq2qkJEv4w,time,7,6.5831,29,306.41,364,479,0.6396872116305756,likely,0.570272461621927,11,4,none,0
8jMVUrVXE5I,UC1AK451J7bKkJRq2qkJEv4w,time,14,13.5831,29,357.75,364,479,0.7468640476518749,confirmed,0.494765471283767,11,4,none,0
2wUZfbPeuJQ,UClhLazRwMSdXeF-MBFUo4gg,time,14,13.7500,28,3271.56,3182,2569.3930118656917,1.2732809812899193,confirmed,0.2412009253554882,10,10,none,0
Y_qcWAmmwVU,UCI8gcSTo1FowsRJdilsjsZw,time,1,0.8075,29,46779.46,24615,36328.02868863842,1.2876960642983746,early,,13,13,none,0
Y_qcWAmmwVU,UCI8gcSTo1FowsRJdilsjsZw,time,2,1.8075,29,38903.63,24615,37079.251315586494,1.0492022262372258,early,0.550157814913589,14,14,none,0
Y_qcWAmmwVU,UCI8gcSTo1FowsRJdilsjsZw,time,3,2.8075,29,32504.49,24615,35062.87190731969,0.9270343788268972,early,0.3671681967372295,15,15,none,0
Y_qcWAmmwVU,UCI8gcSTo1FowsRJdilsjsZw,time,5,4.8075,29,30676.45,24615,34964.26708103389,0.87736559986211,likely,0.25597717121092356,15,15,none,0
Y_qcWAmmwVU,UCI8gcSTo1FowsRJdilsjsZw,time,7,6.8075,29,26466.51,24615,34460.25922631826,0.7680298820281999,likely,0.21182668702033539,15,15,none,0
Y_qcWAmmwVU,UCI8gcSTo1FowsRJdilsjsZw,time,14,13.8075,29,26535.77,24615,34751.292703824,0.7635907562109504,confirmed,0.15405135965751157,15,15,none,0
vUcrW80cgHo,UCGpsgNbzdF7BECCVbB1COHw,time,14,14.0083,29,1281.91,1246,6788.935267168043,0.1888232276292511,confirmed,0.0104157750174699,15,15,none,0
pOWnUoNDGdo,UCnwAlhoB5rVhh6y5P96RXAw,time,1,0.9570,29,6354.09,93184,75115.23535220281,0.0845912302717251,early,,15,15,none,0
pOWnUoNDGdo,UCnwAlhoB5rVhh6y5P96RXAw,time,2,1.9570,29,4837.53,93184,79649.95318302776,0.060734894486467454,early,0.3225929981382566,15,15,none,0
pOWnUoNDGdo,UCnwAlhoB5rVhh6y5P96RXAw,time,3,2.9570,29,6201.44,93184,83977.8853989526,0.07384609843775015,early,0.5154162602380031,15,15,none,0
pOWnUoNDGdo,UCnwAlhoB5rVhh6y5P96RXAw,time,5,4.9570,29,6157.85,93184,84378,0.07297934023061606,likely,0.4660674666141018,15,14,none,0
pOWnUoNDGdo,UCnwAlhoB5rVhh6y5P96RXAw,time,7,6.9570,29,10416.00,93184,84378,0.12344451891628651,likely,0.5499764184657119,15,12,none,0
pOWnUoNDGdo,UCnwAlhoB5rVhh6y5P96RXAw,time,14,13.9570,29,20130.41,93184,104668.67897672462,0.19232510589691065,confirmed,0.7669114107171454,15,8,none,0
v1xUWEU2HFA,UCS7BAYpqOSaYy-pZp6oO4PA,time,14,13.9570,30,10243.91,10556,14153.98070919226,0.723747400672103,confirmed,0.08005127770583496,15,15,none,0
Fsj9i8V8ay4,UC3_BakzLfadvFrsnClMFWmQ,heldout,2,2.1321,30,1219.51,679,855.5414434324671,1.425429251143538,early,,15,15,none,0
Fsj9i8V8ay4,UC3_BakzLfadvFrsnClMFWmQ,heldout,3,3.1321,30,819.74,679,833.0348779595672,0.9840410457911513,likely,0.027570881982250148,15,15,none,0
Fsj9i8V8ay4,UC3_BakzLfadvFrsnClMFWmQ,heldout,5,4.1321,30,756.00,679,803.5328413763574,0.9408498489378182,likely,0.033879969366759154,15,15,none,0
Fsj9i8V8ay4,UC3_BakzLfadvFrsnClMFWmQ,heldout,7,7.1321,30,733.38,679,780.7816134145658,0.9392880154948529,confirmed,0.023839202010271583,15,15,none,0
Fsj9i8V8ay4,UC3_BakzLfadvFrsnClMFWmQ,heldout,14,14.1321,30,646.81,679,738,0.8764404159008036,confirmed,0.0210685610722473,15,12,none,0
mtO2By_vc70,UC8DqDLFZCni7Jkys3N3818w,time,5,4.8185,27,17.68,24,,,insufficient,,0,0,none,0
mtO2By_vc70,UC8DqDLFZCni7Jkys3N3818w,time,7,7.8185,27,15.39,24,,,insufficient,0.17822633292632953,0,0,none,0
mtO2By_vc70,UC8DqDLFZCni7Jkys3N3818w,time,14,12.8185,27,19.03,24,,,insufficient,0.3101447074846745,0,0,none,0
Dd9XvEzvGQM,UCbAlVnKhbGLK78GsSemQXxw,heldout,5,5.6595,27,8328.47,7001,,,insufficient,,2,2,none,0
Dd9XvEzvGQM,UCbAlVnKhbGLK78GsSemQXxw,time,5,5.6595,27,8328.47,7001,,,insufficient,,2,2,none,0
Dd9XvEzvGQM,UCbAlVnKhbGLK78GsSemQXxw,heldout,7,6.6595,27,6875.29,7001,,,insufficient,0.1478355370416324,2,2,none,0
Dd9XvEzvGQM,UCbAlVnKhbGLK78GsSemQXxw,time,7,6.6595,27,6875.29,7001,,,insufficient,0.1478355370416324,2,2,none,0
Dd9XvEzvGQM,UCbAlVnKhbGLK78GsSemQXxw,heldout,14,13.6595,27,6909.50,7001,,,insufficient,0.11163562324977228,2,2,none,0
Dd9XvEzvGQM,UCbAlVnKhbGLK78GsSemQXxw,time,14,13.6595,27,6909.50,7001,,,insufficient,0.11163562324977228,2,2,none,0
ckCPYDABQNI,UChISHLovxnSLP0w81NEQj5w,time,14,13.3211,28,5942.64,5763,17180.6438858992,0.3458917798575833,confirmed,0,15,15,none,0
5WIsNsq1Zuw,UC1iFTPspSKcb4vb1N7czmRQ,time,5,4.7778,27,140.05,128,,,insufficient,,0,0,none,0
5WIsNsq1Zuw,UC1iFTPspSKcb4vb1N7czmRQ,time,7,6.7778,27,117.65,128,,,insufficient,0.12817354059013605,0,0,none,0
5WIsNsq1Zuw,UC1iFTPspSKcb4vb1N7czmRQ,time,14,12.7778,27,126.09,128,,,insufficient,0.13677314997927523,0,0,none,0
0SSjtMeaAP4,UC41S9MSkeQ1TWo1URYLeRuw,heldout,1,0.9108,29,7993.62,4413,4772.255243489547,1.6750200194298888,early,,14,12,none,0
0SSjtMeaAP4,UC41S9MSkeQ1TWo1URYLeRuw,heldout,7,8.9108,29,4671.85,4413,4611.637675153826,1.0130574563034018,confirmed,0.1480543488579785,15,13,none,0
0SSjtMeaAP4,UC41S9MSkeQ1TWo1URYLeRuw,heldout,14,14.9108,29,4446.91,4413,5308.130920895263,0.8377546228893225,confirmed,0.12116486963529438,15,12,none,0
h2apnrnZp3s,UC5_SBQbLA9Kg7Jh5GpXoP3g,time,1,0.8324,28,29.14,123,822.3605821248865,0.035439964639810376,early,,4,3,none,0
h2apnrnZp3s,UC5_SBQbLA9Kg7Jh5GpXoP3g,time,2,2.8324,28,49.81,123,344.0038104996173,0.1448077779330326,early,0.9996338163514447,15,14,none,0
h2apnrnZp3s,UC5_SBQbLA9Kg7Jh5GpXoP3g,time,3,2.8324,28,49.81,123,344.0038104996173,0.1448077779330326,early,0.9996338163514447,15,14,none,0
h2apnrnZp3s,UC5_SBQbLA9Kg7Jh5GpXoP3g,time,5,4.8324,28,40.17,123,318.69909397817213,0.12604249044371166,likely,0.7429568188729567,15,12,none,0
h2apnrnZp3s,UC5_SBQbLA9Kg7Jh5GpXoP3g,time,7,6.8324,28,71.95,123,317.70254298123643,0.2264715596122904,likely,0.9543216468287559,15,12,none,0
h2apnrnZp3s,UC5_SBQbLA9Kg7Jh5GpXoP3g,time,14,13.8324,28,105.93,123,285.3672879033379,0.37118986647483243,confirmed,0.8984197624994906,15,12,none,0
71RtGmmLIHI,UCGpsgNbzdF7BECCVbB1COHw,time,7,8.1501,27,3707.04,2949,5460.565203271489,0.6788747795812436,confirmed,,9,9,none,0
71RtGmmLIHI,UCGpsgNbzdF7BECCVbB1COHw,time,14,15.1501,27,3043.11,2949,6626.592178417574,0.4592274100775897,confirmed,0.0005975421414577302,15,15,none,0
3m6Fm0nXaMQ,UCacg8HOfIUfFSUl2qk5m1sA,time,3,3.4928,28,10248.16,9090,6162.233536279048,1.6630598881011662,likely,,15,13,none,0
3m6Fm0nXaMQ,UCacg8HOfIUfFSUl2qk5m1sA,time,5,5.4928,28,7952.29,9090,6179,1.2869870310536047,likely,0.20581962165105697,15,12,none,0
3m6Fm0nXaMQ,UCacg8HOfIUfFSUl2qk5m1sA,time,7,7.4928,28,9077.85,9090,6179,1.4691451308185808,confirmed,0.23447552845452355,15,11,none,0
3m6Fm0nXaMQ,UCacg8HOfIUfFSUl2qk5m1sA,time,14,13.4928,28,8767.72,9090,6179,1.418953906235029,confirmed,0.1889175880903962,15,8,none,0
k7b_5N8Zg64,UCBhPkAuGks2UkizNMbtW6uw,time,3,3.9992,27,99488.82,120047,90.15568009102654,1103.5225023705505,likely,,8,8,none,0
k7b_5N8Zg64,UCBhPkAuGks2UkizNMbtW6uw,time,5,4.9992,27,71551.25,120047,89.1072144830604,802.9793265047412,likely,-0.0011360284430178024,8,8,none,0
k7b_5N8Zg64,UCBhPkAuGks2UkizNMbtW6uw,time,7,6.9992,27,68806.77,120047,87.36875617237511,787.544296891754,likely,-0.006211991834791114,8,8,none,0
k7b_5N8Zg64,UCBhPkAuGks2UkizNMbtW6uw,time,14,14.9992,27,64707.98,120047,82.57508652676479,783.6259579536364,confirmed,-0.001631490730503033,8,8,none,0
0jMSYk576Tg,UCEjIjshJ8bvvCkGNk0pkYcA,time,0.5,0.7162,27,1102743.10,1272287,3478273.0118592796,0.31703753308298044,early,,10,9,none,0
0jMSYk576Tg,UCEjIjshJ8bvvCkGNk0pkYcA,time,1,0.7162,27,1102743.10,1272287,3478273.0118592796,0.31703753308298044,early,,10,9,none,0
0jMSYk576Tg,UCEjIjshJ8bvvCkGNk0pkYcA,time,2,1.7162,27,1183379.14,1272287,3478273.0118592796,0.34022031644478495,early,0.733154929568402,10,9,none,0
0jMSYk576Tg,UCEjIjshJ8bvvCkGNk0pkYcA,time,3,2.7162,27,1074314.18,1272287,3478273.0118592796,0.308864249175144,early,0.595114583950338,10,8,none,0
0jMSYk576Tg,UCEjIjshJ8bvvCkGNk0pkYcA,time,5,4.7162,27,1048044.88,1272287,3499961.884671864,0.29944465422584177,likely,0.49700289206636233,10,8,none,0
0jMSYk576Tg,UCEjIjshJ8bvvCkGNk0pkYcA,time,7,6.7162,27,1190207.93,1272287,3499961.884671864,0.3400631123695382,likely,0.48821126180445423,10,8,none,0
0jMSYk576Tg,UCEjIjshJ8bvvCkGNk0pkYcA,time,14,12.7162,27,1332280.41,1272287,3533071.521373511,0.37708843477279613,confirmed,0.4557172224137732,10,8,none,0
l1fA8Gyb_Po,UC3-yU9goxlunhnRS8tmeeHg,time,5,4.9909,27,33.99,63,,,insufficient,,0,0,none,0
l1fA8Gyb_Po,UC3-yU9goxlunhnRS8tmeeHg,time,7,6.9909,27,53.96,63,,,insufficient,0.9637928507110132,0,0,none,0
l1fA8Gyb_Po,UC3-yU9goxlunhnRS8tmeeHg,time,14,15.9909,27,60.78,63,,,insufficient,0.6257700368052259,0,0,none,0
0Cld8TsNlAY,UCLdTYHvdML-EXsPeiiYJLqA,heldout,1,0.8750,28,60449.07,56024,97637,0.619120558022464,early,,15,9,none,0
0Cld8TsNlAY,UCLdTYHvdML-EXsPeiiYJLqA,time,1,0.8750,28,60449.07,56024,97637,0.619120558022464,early,,15,9,none,0
0Cld8TsNlAY,UCLdTYHvdML-EXsPeiiYJLqA,heldout,2,2.8750,28,64299.39,56024,97637,0.6585555681907196,early,0.6184439513095313,15,7,none,0
0Cld8TsNlAY,UCLdTYHvdML-EXsPeiiYJLqA,time,2,2.8750,28,64299.39,56024,97637,0.6585555681907196,early,0.6184439513095313,15,7,none,0
0Cld8TsNlAY,UCLdTYHvdML-EXsPeiiYJLqA,heldout,3,2.8750,28,64299.39,56024,97637,0.6585555681907196,early,0.6184439513095313,15,7,none,0
0Cld8TsNlAY,UCLdTYHvdML-EXsPeiiYJLqA,time,3,2.8750,28,64299.39,56024,97637,0.6585555681907196,early,0.6184439513095313,15,7,none,0
0Cld8TsNlAY,UCLdTYHvdML-EXsPeiiYJLqA,heldout,5,4.8750,28,72157.01,56024,97637,0.7390334697732638,likely,0.5408433764671293,15,7,none,0
0Cld8TsNlAY,UCLdTYHvdML-EXsPeiiYJLqA,time,5,4.8750,28,72157.01,56024,97637,0.7390334697732638,likely,0.5408433764671293,15,7,none,0
0Cld8TsNlAY,UCLdTYHvdML-EXsPeiiYJLqA,heldout,7,7.8750,28,65316.05,56024,97637,0.668968203665518,confirmed,0.46004230232011223,15,7,none,0
0Cld8TsNlAY,UCLdTYHvdML-EXsPeiiYJLqA,time,7,7.8750,28,65316.05,56024,97637,0.668968203665518,confirmed,0.46004230232011223,15,7,none,0
0Cld8TsNlAY,UCLdTYHvdML-EXsPeiiYJLqA,heldout,14,13.8750,28,61927.76,56024,97637,0.6342652577914236,confirmed,0.36732444357291527,15,4,none,0
0Cld8TsNlAY,UCLdTYHvdML-EXsPeiiYJLqA,time,14,13.8750,28,61927.76,56024,97637,0.6342652577914236,confirmed,0.36732444357291527,15,4,none,0
--bqgsljOzA,UCMrvLMUITAImCHMOhX88PYQ,heldout,14,13.8750,30,53958.31,59192,121870.18417072094,0.4427523348411266,confirmed,,15,15,none,0
xRg8IH2F5Xo,UCfkYw-BU8gjwP4yAL2M8Iiw,time,14,13.7906,28,1374.94,1345,440.68815697266996,3.1199808847948676,confirmed,,15,15,none,0
v9HMCzFl-sY,UCs07L46sXZqkJbUSXTJa_0Q,time,14,13.9783,29,36543.90,41949,12917.4119961381,2.82904165136256,confirmed,,15,15,none,0
AKvM8OYr-Yw,UCiDJtJKMICpb9B1qf7qjEOA,heldout,14,13.9165,30,413816.42,409644,110558.69545563367,3.742956797396952,confirmed,0.130196943546274,15,15,none,0
E6z36buJS6M,UCtW1WA-bJ4s6l-ZCCT35QBg,time,1,0.9558,30,8214.47,9211,7206.477907961525,1.1398727668604,early,,15,11,none,0
E6z36buJS6M,UCtW1WA-bJ4s6l-ZCCT35QBg,time,2,1.9558,30,9832.15,9211,7167.910983276937,1.3716898506702317,early,0.8405069204972979,15,11,none,0
E6z36buJS6M,UCtW1WA-bJ4s6l-ZCCT35QBg,time,3,2.9558,30,9996.90,9211,7208.9806557868305,1.3867283887266462,early,0.6903534788346104,15,10,none,0
E6z36buJS6M,UCtW1WA-bJ4s6l-ZCCT35QBg,time,5,4.9558,30,10986.59,9211,7196.054377299407,1.5267517598162408,likely,0.5678201623989142,15,9,none,0
E6z36buJS6M,UCtW1WA-bJ4s6l-ZCCT35QBg,time,7,6.9558,30,9567.96,9211,7139.3505625884945,1.3401727476670542,likely,0.5070138083161154,15,9,none,0
E6z36buJS6M,UCtW1WA-bJ4s6l-ZCCT35QBg,time,14,13.9558,30,9870.09,9211,7105.78446575724,1.3890225007225263,confirmed,0.4527719180115395,15,8,none,0
G8hsdLJhVs8,UCcCzzSbdw5-qmdF_NuTtb2w,heldout,14,12.3957,30,1995.38,1942,3381.4720484638046,0.5900916131625902,confirmed,,11,10,none,0
UnMSrVoENuw,UCEPWaN-XiZqEQAPiwvBa3ng,heldout,3,3.9994,30,51255.08,55503,22355,2.292779407796391,likely,,15,9,none,0
UnMSrVoENuw,UCEPWaN-XiZqEQAPiwvBa3ng,heldout,5,4.9994,30,45977.61,55503,22355,2.0567035943044845,likely,0.41913256490656514,15,9,none,0
UnMSrVoENuw,UCEPWaN-XiZqEQAPiwvBa3ng,heldout,7,6.9994,30,48381.11,55503,22355,2.164218783380115,likely,0.37524269452768916,15,9,none,0
UnMSrVoENuw,UCEPWaN-XiZqEQAPiwvBa3ng,heldout,14,13.9994,30,53778.89,55503,22440.829191400037,2.3964751435000817,confirmed,0.3065587364346622,15,7,none,0
YCGq-Q-yenc,UCcBbwZNe1l1wjvWkea0ZMGA,time,7,8.8775,27,1034.70,1114,2591.5408315797695,0.39925993767288176,confirmed,,10,10,none,0
YCGq-Q-yenc,UCcBbwZNe1l1wjvWkea0ZMGA,time,14,12.8775,27,1080.35,1114,2665.8098138732703,0.4052615958865862,confirmed,0.3440262185097811,10,9,none,0
UGiNrxKce3M,UCGwAh9NT7iHZlw4zrBueyIw,heldout,5,5.0236,30,3801.09,3921,4617.622347010035,0.8231698415908504,likely,0.3920587762787168,15,12,none,0
UGiNrxKce3M,UCGwAh9NT7iHZlw4zrBueyIw,heldout,7,7.0236,30,3922.94,3921,4565.121950062287,0.8593285705843409,confirmed,0.3585432690667857,15,10,none,0
UGiNrxKce3M,UCGwAh9NT7iHZlw4zrBueyIw,heldout,14,14.0236,30,4057.08,3921,4394.914004549262,0.9231300299796755,confirmed,0.2573387986236179,15,8,none,0
CMoPkNzVq-s,UCgaO4TQKdcTrLoWTD3zqbaA,time,5,4.9580,27,198.52,171,,,insufficient,,0,0,none,0
CMoPkNzVq-s,UCgaO4TQKdcTrLoWTD3zqbaA,time,7,6.9580,27,168.23,171,,,insufficient,0.16179857482166488,0,0,none,0
CMoPkNzVq-s,UCgaO4TQKdcTrLoWTD3zqbaA,time,14,15.9580,27,167.34,171,,,insufficient,0.09941630725205802,0,0,none,0
-EsdeUBBVNM,UC_gSotrFVZ_PiAxo3fTQVuQ,heldout,1,0.7912,31,1704019.18,2134452,766909,2.2219313893935912,early,,5,4,none,0
-EsdeUBBVNM,UC_gSotrFVZ_PiAxo3fTQVuQ,heldout,2,1.7912,31,1191773.24,2134452,766909,1.5539956332769653,early,0.3313789401534652,5,4,none,0
-EsdeUBBVNM,UC_gSotrFVZ_PiAxo3fTQVuQ,heldout,3,2.7912,31,1641586.96,2134452,766909,2.140523792906945,early,0.5982573126075461,5,4,none,0
-EsdeUBBVNM,UC_gSotrFVZ_PiAxo3fTQVuQ,heldout,5,4.7912,31,1940922.24,2134452,766909,2.530837741940453,likely,0.570555629422199,5,4,none,0
-EsdeUBBVNM,UC_gSotrFVZ_PiAxo3fTQVuQ,heldout,7,7.7912,31,2051676.03,2134452,766909,2.6752535532147093,confirmed,0.5300407249193487,5,4,none,0
-EsdeUBBVNM,UC_gSotrFVZ_PiAxo3fTQVuQ,heldout,14,14.7912,31,2052263.44,2134452,766909,2.676019497357923,confirmed,0.46127064858259054,5,2,none,0
9qhKEF1iRq8,UCHQ4lSaKRap5HyrpitrTOhQ,time,3,3.8748,27,7528.00,6529,8114.262132671898,0.9277493287141149,likely,,10,10,none,0
9qhKEF1iRq8,UCHQ4lSaKRap5HyrpitrTOhQ,time,5,4.8748,27,6428.08,6529,9273.753409851804,0.6931480261421427,likely,0.2631438017588026,15,15,none,0
9qhKEF1iRq8,UCHQ4lSaKRap5HyrpitrTOhQ,time,7,6.8748,27,6414.72,6529,9263.819525539548,0.692448956158131,likely,0.23046169053425217,15,15,none,0
9qhKEF1iRq8,UCHQ4lSaKRap5HyrpitrTOhQ,time,14,12.8748,27,6114.36,6529,9214.701792913367,0.6635436648841283,confirmed,0.1618424779834339,15,15,none,0
DN7U1eQ9o-s,UCM3hWnv_tshvTS660fhHH7A,heldout,1,0.8123,28,15979.10,35784,60002.3028086984,0.26630804729881163,early,,10,7,none,0
DN7U1eQ9o-s,UCM3hWnv_tshvTS660fhHH7A,time,1,0.8123,28,15979.10,35784,60002.3028086984,0.26630804729881163,early,,10,7,none,0
DN7U1eQ9o-s,UCM3hWnv_tshvTS660fhHH7A,heldout,2,1.8123,28,28058.59,35784,60313.16709222658,0.46521498872100286,early,1.4558127051154066,10,6,none,0
DN7U1eQ9o-s,UCM3hWnv_tshvTS660fhHH7A,time,2,1.8123,28,28058.59,35784,60313.16709222658,0.46521498872100286,early,1.4558127051154066,10,6,none,0
DN7U1eQ9o-s,UCM3hWnv_tshvTS660fhHH7A,heldout,3,2.8123,28,29780.36,35784,60479.514149618335,0.4924041574179764,early,1.10825990804727,10,6,none,0
DN7U1eQ9o-s,UCM3hWnv_tshvTS660fhHH7A,time,3,2.8123,28,29780.36,35784,60479.514149618335,0.4924041574179764,early,1.10825990804727,10,6,none,0
DN7U1eQ9o-s,UCM3hWnv_tshvTS660fhHH7A,heldout,5,4.8123,28,28597.26,35784,61079.64953953663,0.4681961241792002,likely,0.7979448937393159,10,6,none,0
DN7U1eQ9o-s,UCM3hWnv_tshvTS660fhHH7A,time,5,4.8123,28,28597.26,35784,61079.64953953663,0.4681961241792002,likely,0.7979448937393159,10,6,none,0
DN7U1eQ9o-s,UCM3hWnv_tshvTS660fhHH7A,heldout,7,6.8123,28,29563.54,35784,62769.07595972678,0.4709889956050864,likely,0.722585931553116,10,6,none,0
DN7U1eQ9o-s,UCM3hWnv_tshvTS660fhHH7A,time,7,6.8123,28,29563.54,35784,62769.07595972678,0.4709889956050864,likely,0.722585931553116,10,6,none,0
DN7U1eQ9o-s,UCM3hWnv_tshvTS660fhHH7A,heldout,14,13.8123,28,32154.24,35784,65350.37656648827,0.4920283323052862,confirmed,0.6502904045058684,10,6,none,0
DN7U1eQ9o-s,UCM3hWnv_tshvTS660fhHH7A,time,14,13.8123,28,32154.24,35784,65350.37656648827,0.4920283323052862,confirmed,0.6502904045058684,10,6,none,0
ogHrw4K_MMk,UCSJhfA8s9mLYTfavcV5yoHA,time,3,3.2278,27,1417.15,1173,1086.1544725369874,1.3047383768938443,likely,,13,12,none,0
ogHrw4K_MMk,UCSJhfA8s9mLYTfavcV5yoHA,time,5,5.2278,27,1082.12,1173,1095.4848554741004,0.9878028096603761,likely,0.1541368411079905,15,14,none,0
ogHrw4K_MMk,UCSJhfA8s9mLYTfavcV5yoHA,time,7,7.2278,27,1106.12,1173,1092,1.0129263459921565,confirmed,0.17726944523989113,15,13,none,0
ogHrw4K_MMk,UCSJhfA8s9mLYTfavcV5yoHA,time,14,13.2278,27,1181.57,1173,1079.62416655216,1.0944230019233943,confirmed,0.16107935206997537,15,9,none,0
1pD7d-EsUwc,UCBXQM4wXOpzZPcjXMqecArA,heldout,1,0.9166,32,1857.98,4751,6361.466453192819,0.2920674451300937,early,,14,12,none,0
1pD7d-EsUwc,UCBXQM4wXOpzZPcjXMqecArA,heldout,2,1.9166,32,1722.44,4751,6691.630240255397,0.2574022032195756,early,0.6006117819155631,15,11,none,0
1pD7d-EsUwc,UCBXQM4wXOpzZPcjXMqecArA,heldout,3,2.9166,32,3365.72,4751,6751.544748302612,0.4985114876531442,early,0.9752988426035528,15,11,none,0
1pD7d-EsUwc,UCBXQM4wXOpzZPcjXMqecArA,heldout,5,4.9166,32,4003.15,4751,6847.284959459348,0.5846332775040641,likely,0.9051183700643737,15,11,none,0
1pD7d-EsUwc,UCBXQM4wXOpzZPcjXMqecArA,heldout,7,6.9166,32,4236.91,4751,7012.81694687895,0.604166437302234,likely,0.8518207637927929,15,10,none,0
1pD7d-EsUwc,UCBXQM4wXOpzZPcjXMqecArA,heldout,14,13.9166,32,5352.19,4751,7592,0.7049781813983576,confirmed,0.729358890724044,15,7,none,0
hfBJTpewWos,UCftwRNsjfRo08xYE31tkiyw,time,5,4.8332,27,419356.49,625427,,,insufficient,,0,0,none,0
hfBJTpewWos,UCftwRNsjfRo08xYE31tkiyw,time,7,6.8332,27,498705.02,625427,,,insufficient,0.5555860680845954,0,0,none,0
hfBJTpewWos,UCftwRNsjfRo08xYE31tkiyw,time,14,12.8332,27,550168.41,625427,,,insufficient,0.4892571410156532,0,0,none,0
1NFKwdr6PLw,UCFs23bEpTlHJt1RVN0UWI3Q,time,7,8.8542,28,2650.94,2506,2894.574948754414,0.9158314233145161,confirmed,,15,15,none,0
1NFKwdr6PLw,UCFs23bEpTlHJt1RVN0UWI3Q,time,14,13.8542,28,2468.57,2506,2844.358145557482,0.8678828775636286,confirmed,0.18380218512385335,15,14,none,0
lKtHyIX7d5g,UCAbcoKROFsRA_uA9aSprCwg,time,5,4.8739,27,1902.29,2991,,,insufficient,,2,2,none,0
lKtHyIX7d5g,UCAbcoKROFsRA_uA9aSprCwg,time,7,6.8739,27,2807.71,2991,,,insufficient,0.6989658947083227,2,2,none,0
lKtHyIX7d5g,UCAbcoKROFsRA_uA9aSprCwg,time,14,15.8739,27,3156.66,2991,,,insufficient,0.5474818818055095,2,2,none,0
3c7nytrk4-M,UCyO9K3_tU2OTrNljdHm7L_g,time,14,13.0046,27,2891.69,2801,3006.600292348555,0.9617813318587904,confirmed,,15,15,none,0
WFstpTquNiE,UC4cTmHcWEXfkRdCvFLe4KiQ,time,14,12.9160,27,6455.82,6803,4436.209812208544,1.4552551639566105,confirmed,0.3009328738609096,15,14,none,0
V6LAU6acHh0,UCBXQM4wXOpzZPcjXMqecArA,time,0.5,0.7079,27,14784.17,14367,6957.621996959674,2.1248890027164387,early,,15,11,none,0
V6LAU6acHh0,UCBXQM4wXOpzZPcjXMqecArA,time,1,0.7079,27,14784.17,14367,6957.621996959674,2.1248890027164387,early,,15,11,none,0
V6LAU6acHh0,UCBXQM4wXOpzZPcjXMqecArA,time,2,1.7079,27,17227.59,14367,7012.81694687895,2.4565855925120066,early,0.9090658772272431,15,11,none,0
V6LAU6acHh0,UCBXQM4wXOpzZPcjXMqecArA,time,3,2.7079,27,16288.35,14367,7151.294887979157,2.277677928599862,early,0.6552126959204561,15,10,none,0
V6LAU6acHh0,UCBXQM4wXOpzZPcjXMqecArA,time,5,4.7079,27,17191.43,14367,7365.124293231286,2.3341668494289873,likely,0.5083322255428296,15,9,none,0
V6LAU6acHh0,UCBXQM4wXOpzZPcjXMqecArA,time,7,7.7079,27,18056.87,14367,7592,2.378406912013442,confirmed,0.43766144985799277,15,8,none,0
V6LAU6acHh0,UCBXQM4wXOpzZPcjXMqecArA,time,14,12.7079,27,17005.16,14367,7902.115860579813,2.151975601917912,confirmed,0.38289674825431824,15,6,none,0
CEZht9HDU7o,UCc11676iKpKrJMYqNYHqNig,time,7,8.2083,28,4315.02,4383,3059.2032368116097,1.4105044351999685,confirmed,,15,15,none,0
CEZht9HDU7o,UCc11676iKpKrJMYqNYHqNig,time,14,13.2083,28,4250.90,4383,3078.0108540224082,1.3810544095627793,confirmed,0.236320513102774,15,13,none,0
7cH0HHWHgb4,UCI8gcSTo1FowsRJdilsjsZw,heldout,3,3.8438,29,42346.39,29004,39304.09566435397,1.0774041057402977,likely,,15,15,none,0
7cH0HHWHgb4,UCI8gcSTo1FowsRJdilsjsZw,heldout,5,4.8438,29,30945.98,29004,39935.01912894464,0.7749083969334033,likely,0.08409921593869246,15,15,none,0
7cH0HHWHgb4,UCI8gcSTo1FowsRJdilsjsZw,heldout,7,6.8438,29,30619.39,29004,40134.89084566249,0.7629120050656181,likely,0.08624684310420062,15,15,none,0
7cH0HHWHgb4,UCI8gcSTo1FowsRJdilsjsZw,heldout,14,13.8438,29,29513.86,29004,40443.149116600776,0.7297615542541258,confirmed,0.060041132185981054,15,15,none,0
WTdlAEFKyhY,UC3JhfsgFPLSLNEROQCdj-GQ,time,14,12.6247,27,61831.24,202552,4362,14.174975889641923,confirmed,,15,13,none,0
4N5mpIOx4Ak,UC5_SBQbLA9Kg7Jh5GpXoP3g,time,1,1.8332,28,338.55,484,2318.896054757392,0.145994473505201,early,,14,13,none,0
4N5mpIOx4Ak,UC5_SBQbLA9Kg7Jh5GpXoP3g,time,2,1.8332,28,338.55,484,2318.896054757392,0.145994473505201,early,,14,13,none,0
4N5mpIOx4Ak,UC5_SBQbLA9Kg7Jh5GpXoP3g,time,3,2.8332,28,287.08,484,2282.160023259046,0.12579322204665278,early,0.41189981851622753,15,14,none,0
4N5mpIOx4Ak,UC5_SBQbLA9Kg7Jh5GpXoP3g,time,5,4.8332,28,247.44,484,2283.5361564483756,0.10835832027351676,likely,0.25119426616758683,15,12,none,0
4N5mpIOx4Ak,UC5_SBQbLA9Kg7Jh5GpXoP3g,time,7,6.8332,28,348.86,484,2283.5361564483756,0.15277317935546167,likely,0.4113004194506441,15,12,none,0
4N5mpIOx4Ak,UC5_SBQbLA9Kg7Jh5GpXoP3g,time,14,12.8332,28,465.96,484,2283.4023940504617,0.20406402362887682,confirmed,0.40313568914158615,15,12,none,0
29KlQIDd750,UCRAoLjIeDYFOSuXFImfecqg,heldout,14,12.9166,30,168508.42,188070,211789.13862078075,0.7956423968914905,confirmed,0.1870414828433337,15,14,none,0
BnfPYwhzoaM,UCPCPE5MoI7DS1WiVB_-mzNw,heldout,5,5.8103,27,8260.48,6131,4345.763527750807,1.9008127469855711,likely,,15,15,none,0
BnfPYwhzoaM,UCPCPE5MoI7DS1WiVB_-mzNw,time,5,5.8103,27,8260.48,6131,4345.763527750807,1.9008127469855711,likely,,15,15,none,0
BnfPYwhzoaM,UCPCPE5MoI7DS1WiVB_-mzNw,heldout,7,6.8103,27,6691.67,6131,4281.865676700487,1.5627929148516673,likely,0.013204057458751927,15,15,none,0
BnfPYwhzoaM,UCPCPE5MoI7DS1WiVB_-mzNw,time,7,6.8103,27,6691.67,6131,4281.865676700487,1.5627929148516673,likely,0.013204057458751927,15,15,none,0
BnfPYwhzoaM,UCPCPE5MoI7DS1WiVB_-mzNw,heldout,14,12.8103,27,6313.48,6131,4054.1786701501146,1.5572766230483508,confirmed,0.008588710231409337,15,15,none,0
BnfPYwhzoaM,UCPCPE5MoI7DS1WiVB_-mzNw,time,14,12.8103,27,6313.48,6131,4054.1786701501146,1.5572766230483508,confirmed,0.008588710231409337,15,15,none,0
VsOfwiULBlI,UCdjEFkZWl9eBgV8azx1A_hg,time,5,5.8245,28,409.28,367,,,insufficient,,2,2,none,0
VsOfwiULBlI,UCdjEFkZWl9eBgV8azx1A_hg,time,7,7.8245,28,348.55,367,,,insufficient,0.20151365551350972,2,2,none,0
VsOfwiULBlI,UCdjEFkZWl9eBgV8azx1A_hg,time,14,13.8245,28,363.06,367,,,insufficient,0.13410151159902534,2,2,none,0
sML5oQkUglo,UCGb34D3ThpmjLNn-FLv2_yQ,heldout,7,8.5409,28,2502.41,2229,2868.54740997408,0.8723611592103585,confirmed,,15,14,none,0
sML5oQkUglo,UCGb34D3ThpmjLNn-FLv2_yQ,time,7,8.5409,28,2502.41,2229,2868.54740997408,0.8723611592103585,confirmed,,15,14,none,0
sML5oQkUglo,UCGb34D3ThpmjLNn-FLv2_yQ,heldout,14,13.5409,28,2153.73,2229,2869,0.7506903172390252,confirmed,0.11305729445495878,15,10,none,0
sML5oQkUglo,UCGb34D3ThpmjLNn-FLv2_yQ,time,14,13.5409,28,2153.73,2229,2869,0.7506903172390252,confirmed,0.11305729445495878,15,10,none,0
xGFLq5S44jU,UCGpsgNbzdF7BECCVbB1COHw,time,14,12.7077,28,3522.41,3629,7191.965334093932,0.48976990644637924,confirmed,0.12662498908706074,15,15,none,0
FWib1vMXO0Y,UCeYda7MUy54yNYJya8txkJA,time,5,4.9479,27,6861.30,6661,,,insufficient,,0,0,none,0
FWib1vMXO0Y,UCeYda7MUy54yNYJya8txkJA,time,7,6.9479,27,7302.02,6661,,,insufficient,0.4541596287615017,0,0,none,0
FWib1vMXO0Y,UCeYda7MUy54yNYJya8txkJA,time,14,12.9479,27,6419.80,6661,,,insufficient,0.1846471113670972,0,0,none,0
TcOMMjmKiYA,UCkLxJCuQZ4hStBfs8TCnT9Q,time,14,13.8538,28,4008.93,4145,6256.16608269096,0.6407973047572731,confirmed,0.08766063269516813,15,15,none,0
565DJot1eIk,UC5lBPQsMMJEE5PTJMzf_sug,heldout,0.5,0.2896,31,2320.38,16155,4483.333728882998,0.5175568024643274,early,,13,13,none,0
565DJot1eIk,UC5lBPQsMMJEE5PTJMzf_sug,heldout,1,0.2896,31,2320.38,16155,4483.333728882998,0.5175568024643274,early,,13,13,none,0
565DJot1eIk,UC5lBPQsMMJEE5PTJMzf_sug,heldout,14,14.2896,31,9490.24,16155,8322.348524308725,1.1403322439988106,confirmed,1.0320396559216198,15,13,none,0
tgy5EinyiP4,UCPCPE5MoI7DS1WiVB_-mzNw,time,5,6.8814,28,3036.12,2420,5588.110834519706,0.5433182148614323,likely,,15,15,none,0
tgy5EinyiP4,UCPCPE5MoI7DS1WiVB_-mzNw,time,7,6.8814,28,3036.12,2420,5588.110834519706,0.5433182148614323,likely,,15,15,none,0
tgy5EinyiP4,UCPCPE5MoI7DS1WiVB_-mzNw,time,14,12.8814,28,2495.64,2420,5362.026922523681,0.4654287888368364,confirmed,0.0029273483138728138,15,15,none,0
Pc4O99PeSCs,UC9BNGVGr_lvbn3d23ckuVOA,time,5,5.9373,28,39929.07,45323,,,insufficient,,0,0,none,0
Pc4O99PeSCs,UC9BNGVGr_lvbn3d23ckuVOA,time,7,6.9373,28,43265.86,45323,,,insufficient,0.5254333914727246,0,0,none,0
Pc4O99PeSCs,UC9BNGVGr_lvbn3d23ckuVOA,time,14,13.9373,28,44880.14,45323,,,insufficient,0.3492576503140063,0,0,none,0
1dM4ZdSD2Dw,UC8fQzKHIhSoZeSq3bwQx4mw,time,5,6.7962,27,251.75,223,,,insufficient,,1,1,none,0
1dM4ZdSD2Dw,UC8fQzKHIhSoZeSq3bwQx4mw,time,7,6.7962,27,251.75,223,,,insufficient,,1,1,none,0
1dM4ZdSD2Dw,UC8fQzKHIhSoZeSq3bwQx4mw,time,14,12.7963,27,218.99,223,,,insufficient,0.1020911136282714,1,1,none,0
Vug4adDs3yA,UCnSg7AKhnTGnac-3zGdv5Qg,time,14,13.9160,28,897.95,1014,2195.1055839775845,0.4090707688457919,confirmed,0.36199888597514596,15,13,none,0
JnWDfW6QTt0,UCX5nh607M8hSBLiMB9MgbIQ,time,0.5,0.7187,29,7238.42,6496,6427.755124174034,1.1261189113010313,early,,15,9,none,0
JnWDfW6QTt0,UCX5nh607M8hSBLiMB9MgbIQ,time,1,0.7187,29,7238.42,6496,6427.755124174034,1.1261189113010313,early,,15,9,none,0
JnWDfW6QTt0,UCX5nh607M8hSBLiMB9MgbIQ,time,2,1.7187,29,7801.55,6496,6444.365251985642,1.210600800278889,early,0.7435108519441548,15,9,none,0
JnWDfW6QTt0,UCX5nh607M8hSBLiMB9MgbIQ,time,3,3.7187,29,7698.96,6496,6491.2560918873,1.1860514155684816,likely,0.5094079975146137,15,8,none,0
JnWDfW6QTt0,UCX5nh607M8hSBLiMB9MgbIQ,time,5,4.7187,29,6966.94,6496,6526.319741934973,1.0675139115869328,likely,0.45200155514623397,15,8,none,0
JnWDfW6QTt0,UCX5nh607M8hSBLiMB9MgbIQ,time,7,6.7187,29,6568.02,6496,6519.818011012391,1.0073939012579403,likely,0.4058347978111343,15,7,none,0
JnWDfW6QTt0,UCX5nh607M8hSBLiMB9MgbIQ,time,14,14.7187,29,7246.58,6496,6628,1.093327807019807,confirmed,0.35980523740031783,15,5,none,0
W6BOaobUC38,UCrwbBzP11NhxRUCRKx_BgoQ,time,14,12.9313,27,239193.90,220856,523197.9511133602,0.4571766677451701,confirmed,,15,15,none,0
vUTiAx74tBQ,UCQNFJVAUF-qWtK0dawxcOaQ,heldout,5,4.9570,27,9232.70,7922,8924.161984787002,1.0345737948708886,likely,,15,13,none,0
vUTiAx74tBQ,UCQNFJVAUF-qWtK0dawxcOaQ,time,5,4.9570,27,9232.70,7922,8924.161984787002,1.0345737948708886,likely,,15,13,none,0
vUTiAx74tBQ,UCQNFJVAUF-qWtK0dawxcOaQ,heldout,7,6.9570,27,7825.27,7922,8924.161984787002,0.8768636076456192,likely,0.16247832457591904,15,13,none,0
vUTiAx74tBQ,UCQNFJVAUF-qWtK0dawxcOaQ,time,7,6.9570,27,7825.27,7922,8924.161984787002,0.8768636076456192,likely,0.16247832457591904,15,13,none,0
vUTiAx74tBQ,UCQNFJVAUF-qWtK0dawxcOaQ,heldout,14,15.9570,27,7923.87,7922,8745.093311854316,0.9060931308465603,confirmed,0.11661780306852874,15,11,none,0
vUTiAx74tBQ,UCQNFJVAUF-qWtK0dawxcOaQ,time,14,15.9570,27,7923.87,7922,8745.093311854316,0.9060931308465603,confirmed,0.11661780306852874,15,11,none,0
miADlbTHPns,UCsvqVGtbbyHaMoevxPAq9Fg,time,7,7.8539,27,2877.52,2967,2943.5727203747606,0.9775600154283596,confirmed,,15,15,none,0
miADlbTHPns,UCsvqVGtbbyHaMoevxPAq9Fg,time,14,12.8539,27,2877.58,2967,3038.6104493946114,0.9470066421276686,confirmed,0.2624270239131679,15,15,none,0
Wjyut4PVTKg,UC-b3c7kxa5vU-bnmaROgvog,time,5,4.9371,27,8769.03,11234,,,insufficient,,1,1,none,0
Wjyut4PVTKg,UC-b3c7kxa5vU-bnmaROgvog,time,7,6.9371,27,10302.38,11234,,,insufficient,0.5223211292406602,1,1,none,0
Wjyut4PVTKg,UC-b3c7kxa5vU-bnmaROgvog,time,14,12.9371,27,10811.69,11234,,,insufficient,0.4223124870945328,1,1,none,0
Zg4rV7douMs,UCEf_Bc-KVd7onSeifS3py9g,time,0.5,0.3745,28,597128.30,420979,356760.24689408817,1.6737523559433165,early,,13,13,none,0
Zg4rV7douMs,UCEf_Bc-KVd7onSeifS3py9g,time,1,0.3745,28,597128.30,420979,356760.24689408817,1.6737523559433165,early,,13,13,none,0
Zg4rV7douMs,UCEf_Bc-KVd7onSeifS3py9g,time,2,2.3745,28,397858.08,420979,303092,1.3126644028769034,early,0.6124195568474032,15,13,none,0
Zg4rV7douMs,UCEf_Bc-KVd7onSeifS3py9g,time,3,3.3745,28,598254.46,420979,303092,1.973837855883752,likely,0.5275340737058761,15,13,none,0
Zg4rV7douMs,UCEf_Bc-KVd7onSeifS3py9g,time,5,5.3745,28,769183.05,420979,303092,2.5377873671759508,likely,0.4585603124689842,15,13,none,0
Zg4rV7douMs,UCEf_Bc-KVd7onSeifS3py9g,time,7,7.3745,28,410327.40,420979,303092,1.3538047700989673,confirmed,0.43596029717670354,15,12,none,0
Zg4rV7douMs,UCEf_Bc-KVd7onSeifS3py9g,time,14,12.3745,28,409189.44,420979,303092,1.3500502978758555,confirmed,0.38765764910273104,15,9,none,0
krH4kdFuZG0,UCnwlWgbcxwpsnB7LtOL1kPg,time,14,14.0824,29,14683.37,13332,7315.169540683902,2.007249383139239,confirmed,,15,15,none,0
x5p9yM2TKF8,UCegFJbscuSjjsyFP4qhOyeA,time,14,13.5387,29,1848.67,2537,1267.6019507820072,1.458396534262277,confirmed,0.7096730778776961,10,10,none,0
m0lOUwk_YHg,UCVGVbOl6F5rGF4wSYS6Y5yQ,time,5,4.5343,27,12022.91,10539,23161.840938968733,0.5190827298710529,likely,,13,12,none,0
m0lOUwk_YHg,UCVGVbOl6F5rGF4wSYS6Y5yQ,time,7,6.5343,27,11499.09,10539,21191.76011989738,0.5426208520053146,likely,0.23539811870565172,15,13,none,0
m0lOUwk_YHg,UCVGVbOl6F5rGF4wSYS6Y5yQ,time,14,13.5343,27,11119.98,10539,20683,0.5376385080134919,confirmed,0.15101459246135554,15,9,none,0
GcdPwJvIfnk,UC6BW8DqrAmBEIeCtMa4bfBw,time,14,13.1835,27,4333.11,3938,3756.6535261124955,1.1534484903291757,confirmed,,15,15,none,0
ZAZ02djukoo,UCmu7bw5BYIeR0VDw0hJKblw,time,14,14.4272,29,365.99,400,429.81532138332915,0.8515140840656034,confirmed,0.3094150854746538,15,13,none,0
hhqml53VRbQ,UCxa1v9wVMmjYUhUfQOJxbzw,time,14,14.6153,28,8095.63,7579,9850,0.8218913467954783,confirmed,,15,13,none,0
i6r0a1H0UEQ,UCvIBHWtafirbX5GQmjXPIzw,heldout,5,4.8216,29,13220.85,12591,17571.32515767344,0.7524106159540751,likely,,15,11,none,0
i6r0a1H0UEQ,UCvIBHWtafirbX5GQmjXPIzw,heldout,7,7.8216,29,11518.56,12591,17571.32515767344,0.655531399814594,confirmed,0.17946860543675688,15,11,none,0
i6r0a1H0UEQ,UCvIBHWtafirbX5GQmjXPIzw,heldout,14,13.8216,29,12319.80,12591,17604.332165381922,0.6998164772202218,confirmed,0.19852199007802973,15,10,none,0
BapqrOH3dHE,UCT6fVez_0DmaZ_WDaRhUw2A,heldout,1,1.6665,30,129968.00,283549,26322.521590418823,4.937520871915023,early,,14,14,none,0
BapqrOH3dHE,UCT6fVez_0DmaZ_WDaRhUw2A,heldout,2,1.6665,30,129968.00,283549,26322.521590418823,4.937520871915023,early,,14,14,none,0
BapqrOH3dHE,UCT6fVez_0DmaZ_WDaRhUw2A,heldout,3,2.6665,30,112085.94,283549,24691.38191964206,4.539476065199014,early,0.4439653300593665,15,15,none,0
BapqrOH3dHE,UCT6fVez_0DmaZ_WDaRhUw2A,heldout,5,4.6665,30,311526.04,283549,25283.474579093625,12.321330287346266,likely,1.1639004661092116,15,15,none,0
BapqrOH3dHE,UCT6fVez_0DmaZ_WDaRhUw2A,heldout,7,6.6665,30,335606.99,283549,25283.474579093625,13.273768481319088,likely,1.0255081867559113,15,15,none,0
BapqrOH3dHE,UCT6fVez_0DmaZ_WDaRhUw2A,heldout,14,13.6665,30,323657.68,283549,26565,12.183613084455112,confirmed,0.7115660902567784,15,14,none,0
ekspSM3gGhc,UC0COu43Li7CUL2jseBpH9kQ,time,5,5.5438,27,50.31,53,,,insufficient,,0,0,none,0
ekspSM3gGhc,UC0COu43Li7CUL2jseBpH9kQ,time,7,6.5438,27,41.78,53,,,insufficient,0.18753007900882118,0,0,none,0
ekspSM3gGhc,UC0COu43Li7CUL2jseBpH9kQ,time,14,13.5438,27,53.72,53,,,insufficient,0.3259054319612247,0,0,none,0
PyuikiggdYs,UC45mrEqnoknLzwvYJgJ9Teg,time,0.5,0.6875,29,8282.32,24764,820.6348150965612,10.092573384869699,early,,15,14,none,0
PyuikiggdYs,UC45mrEqnoknLzwvYJgJ9Teg,time,1,0.6875,29,8282.32,24764,820.6348150965612,10.092573384869699,early,,15,14,none,0
PyuikiggdYs,UC45mrEqnoknLzwvYJgJ9Teg,time,2,1.6875,29,9186.42,24764,820.6348150965612,11.19428608989914,early,0.7942918095501517,15,14,none,0
PyuikiggdYs,UC45mrEqnoknLzwvYJgJ9Teg,time,3,2.6875,29,9704.85,24764,822,11.80639217631635,early,0.7285630717589601,15,13,none,0
PyuikiggdYs,UC45mrEqnoknLzwvYJgJ9Teg,time,5,4.6875,29,11897.93,24764,822,14.47437307845147,likely,0.7420286757805977,15,13,none,0
PyuikiggdYs,UC45mrEqnoknLzwvYJgJ9Teg,time,7,6.6875,29,16332.78,24764,822,19.869566935763448,likely,0.7660603819208838,15,12,none,0
PyuikiggdYs,UC45mrEqnoknLzwvYJgJ9Teg,time,14,13.6875,29,22356.09,24764,822,27.197189512875916,confirmed,0.7760155882946546,15,10,none,0
bGnwvRVzv4o,UCstwpLSByklww1YojZN-KiQ,heldout,2,2.5670,30,112336.67,123815,119386.13217851822,0.9409524527541152,early,,7,6,none,0
bGnwvRVzv4o,UCstwpLSByklww1YojZN-KiQ,heldout,3,2.5670,30,112336.67,123815,119386.13217851822,0.9409524527541152,early,,7,6,none,0
bGnwvRVzv4o,UCstwpLSByklww1YojZN-KiQ,heldout,5,6.5670,30,115884.70,123815,100761.75417040335,1.1500862025608332,likely,0.3375806580414612,8,7,none,0
bGnwvRVzv4o,UCstwpLSByklww1YojZN-KiQ,heldout,7,6.5670,30,115884.70,123815,100761.75417040335,1.1500862025608332,likely,0.3375806580414612,8,7,none,0
bGnwvRVzv4o,UCstwpLSByklww1YojZN-KiQ,heldout,14,13.5670,30,127571.97,123815,99490.42526932419,1.2822537042155906,confirmed,0.28863675808248695,8,5,none,0
vLSs53YpXf4,UCOCsRROSlsrA31YJgCah32A,heldout,1,1.5827,32,10566.00,10707,21709.72777943165,0.4866943672632465,early,,15,10,none,0
vLSs53YpXf4,UCOCsRROSlsrA31YJgCah32A,heldout,2,1.5827,32,10566.00,10707,21709.72777943165,0.4866943672632465,early,,15,10,none,0
vLSs53YpXf4,UCOCsRROSlsrA31YJgCah32A,heldout,3,3.5827,32,9834.95,10707,22748.856028452657,0.4323272196750062,likely,0.379645355738314,15,9,none,0
vLSs53YpXf4,UCOCsRROSlsrA31YJgCah32A,heldout,5,4.5827,32,8632.89,10707,23119.608322784992,0.3734012847905591,likely,0.33119304017468615,15,9,none,0
vLSs53YpXf4,UCOCsRROSlsrA31YJgCah32A,heldout,7,6.5827,32,11287.26,10707,23508.75616294828,0.4801300513547025,likely,0.3658256840020063,15,8,none,0
vLSs53YpXf4,UCOCsRROSlsrA31YJgCah32A,heldout,14,13.5827,32,10453.59,10707,23620.83890435641,0.44255796057138247,confirmed,0.30724484578716826,15,6,none,0
atrWZ7Lkc3M,UCyNlnI6hQO3pVHswmGYvQxA,heldout,14,14.1591,30,10529.75,10409,13114.487035739314,0.8029096002103202,confirmed,,15,15,none,0
4_gB3mJ3P8Q,UC8DqDLFZCni7Jkys3N3818w,time,5,4.8182,27,28.55,34,,,insufficient,,2,2,none,0
4_gB3mJ3P8Q,UC8DqDLFZCni7Jkys3N3818w,time,7,6.8182,27,34.32,34,,,insufficient,0.5900999404858832,2,2,none,0
4_gB3mJ3P8Q,UC8DqDLFZCni7Jkys3N3818w,time,14,12.8182,27,35.08,34,,,insufficient,0.4123422471021517,2,2,none,0
96aNewh1ZUM,UCUpbDOT-OVNBlaQpb9pbd2w,time,5,4.6984,27,25412.37,19014,30396.9490237019,0.8360172008847753,likely,,15,15,none,0
96aNewh1ZUM,UCUpbDOT-OVNBlaQpb9pbd2w,time,7,6.6984,27,20664.35,19014,28563.856818067583,0.7234439680663954,likely,0.01862371398406485,15,15,none,0
96aNewh1ZUM,UCUpbDOT-OVNBlaQpb9pbd2w,time,14,13.6984,27,19578.80,19014,25469.429183138585,0.7687178534405659,confirmed,0.014859119168241152,15,15,none,0
woMQaKshRmU,UCHQ4lSaKRap5HyrpitrTOhQ,time,5,4.8737,28,26734.05,32750,6468.094936990185,4.133218471914095,likely,,10,10,none,0
woMQaKshRmU,UCHQ4lSaKRap5HyrpitrTOhQ,time,7,6.8737,28,28526.85,32750,6870.550458659408,4.152047390215392,likely,0.4582932165675529,15,15,none,0
woMQaKshRmU,UCHQ4lSaKRap5HyrpitrTOhQ,time,14,12.8737,28,31179.33,32750,6699.718615360721,4.653827049125949,confirmed,0.3546075276912044,15,15,none,0
KHqS3pnLVwg,UC5_SBQbLA9Kg7Jh5GpXoP3g,time,1,1.8329,28,91.65,262,1651.7965498215342,0.055485390698499996,early,,10,9,none,0
KHqS3pnLVwg,UC5_SBQbLA9Kg7Jh5GpXoP3g,time,2,1.8329,28,91.65,262,1651.7965498215342,0.055485390698499996,early,,10,9,none,0
KHqS3pnLVwg,UC5_SBQbLA9Kg7Jh5GpXoP3g,time,3,2.8329,28,463.49,262,729.1312329720399,0.6356753603708534,early,4.876087035858724,15,14,none,0
KHqS3pnLVwg,UC5_SBQbLA9Kg7Jh5GpXoP3g,time,5,4.8329,28,432.57,262,737,0.5869355114813554,likely,2.15297241914428,15,12,none,0
KHqS3pnLVwg,UC5_SBQbLA9Kg7Jh5GpXoP3g,time,7,6.8329,28,389.19,262,737,0.528069585408191,likely,1.5539729051931297,15,12,none,0
KHqS3pnLVwg,UC5_SBQbLA9Kg7Jh5GpXoP3g,time,14,13.8329,28,357.50,262,737,0.4850724267833068,confirmed,0.9671928304441784,15,12,none,0
99XP-52n-Ps,UCnwAlhoB5rVhh6y5P96RXAw,heldout,1,0.9582,30,80848.42,84378,41842.896214533306,1.9321897678281055,early,,11,11,none,0
99XP-52n-Ps,UCnwAlhoB5rVhh6y5P96RXAw,heldout,14,12.9582,30,90459.92,84378,33222.25561964966,2.722871211675351,confirmed,0.4160796408523486,15,10,none,0
ckxTb0gafok,UCsQLTECz1bCA56JIryaw-lA,heldout,1,1.8743,30,327359.03,415552,404641.90914233535,0.8090091994604411,early,,10,10,none,0
ckxTb0gafok,UCsQLTECz1bCA56JIryaw-lA,heldout,2,1.8743,30,327359.03,415552,404641.90914233535,0.8090091994604411,early,,10,10,none,0
ckxTb0gafok,UCsQLTECz1bCA56JIryaw-lA,heldout,3,2.8743,30,230475.60,415552,406589.84598734457,0.5668503521090164,early,0.18069284607106334,10,9,none,0
ckxTb0gafok,UCsQLTECz1bCA56JIryaw-lA,heldout,5,4.8743,30,339453.08,415552,407524.6149477731,0.8329633819758995,likely,0.4713976275320813,10,9,none,0
ckxTb0gafok,UCsQLTECz1bCA56JIryaw-lA,heldout,7,6.8743,30,346338.58,415552,407524.6149477731,0.8498592870045449,likely,0.4411765281673385,10,9,none,0
ckxTb0gafok,UCsQLTECz1bCA56JIryaw-lA,heldout,14,13.8743,30,376619.01,415552,411679.5798298195,0.9148353059046351,confirmed,0.371093331583117,10,8,none,0
eaSBkX-Yg4s,UC7ZddA__ewP3AtDefjl_tWg,heldout,1,1.0825,28,130212.04,161427,111560.7907543279,1.1671846184689885,early,,15,12,none,0
eaSBkX-Yg4s,UC7ZddA__ewP3AtDefjl_tWg,time,1,1.0825,28,130212.04,161427,111560.7907543279,1.1671846184689885,early,,15,12,none,0
eaSBkX-Yg4s,UC7ZddA__ewP3AtDefjl_tWg,heldout,2,2.0825,28,148389.85,161427,111538.45336480677,1.3303918997013156,early,0.7706044282015128,15,12,none,0
eaSBkX-Yg4s,UC7ZddA__ewP3AtDefjl_tWg,time,2,2.0825,28,148389.85,161427,111538.45336480677,1.3303918997013156,early,0.7706044282015128,15,12,none,0
eaSBkX-Yg4s,UC7ZddA__ewP3AtDefjl_tWg,heldout,3,3.0825,28,133854.35,161427,111643.60269097888,1.1989433259142714,likely,0.6240004286060331,15,12,none,0
eaSBkX-Yg4s,UC7ZddA__ewP3AtDefjl_tWg,time,3,3.0825,28,133854.35,161427,111643.60269097888,1.1989433259142714,likely,0.6240004286060331,15,12,none,0
eaSBkX-Yg4s,UC7ZddA__ewP3AtDefjl_tWg,heldout,5,5.0825,28,151224.73,161427,111434.44337470463,1.3570735233349758,likely,0.5578008227837794,15,11,none,0
eaSBkX-Yg4s,UC7ZddA__ewP3AtDefjl_tWg,time,5,5.0825,28,151224.73,161427,111434.44337470463,1.3570735233349758,likely,0.5578008227837794,15,11,none,0
eaSBkX-Yg4s,UC7ZddA__ewP3AtDefjl_tWg,heldout,7,7.0825,28,153383.89,161427,111648,1.3738167239566705,confirmed,0.5284800024526999,15,9,none,0
eaSBkX-Yg4s,UC7ZddA__ewP3AtDefjl_tWg,time,7,7.0825,28,153383.89,161427,111648,1.3738167239566705,confirmed,0.5284800024526999,15,9,none,0
eaSBkX-Yg4s,UC7ZddA__ewP3AtDefjl_tWg,heldout,14,13.0825,28,153740.28,161427,111648,1.3770087775335444,confirmed,0.47524696627547475,15,6,none,0
eaSBkX-Yg4s,UC7ZddA__ewP3AtDefjl_tWg,time,14,13.0825,28,153740.28,161427,111648,1.3770087775335444,confirmed,0.47524696627547475,15,6,none,0
jTdxmKB2EtM,UCiDJtJKMICpb9B1qf7qjEOA,time,1,0.9158,29,120535.67,108461,76220.81936801717,1.5814009249440855,early,,14,14,none,0
jTdxmKB2EtM,UCiDJtJKMICpb9B1qf7qjEOA,time,2,1.9158,29,107713.05,108461,83063.08929306881,1.296761911643752,early,0.5129646351100225,15,15,none,0
jTdxmKB2EtM,UCiDJtJKMICpb9B1qf7qjEOA,time,3,2.9158,29,94666.47,108461,81333.39030895485,1.1639311567643507,early,0.4159242223380188,15,15,none,0
jTdxmKB2EtM,UCiDJtJKMICpb9B1qf7qjEOA,time,5,4.9158,29,108973.33,108461,78589.37780463067,1.386616478481523,likely,0.398526984215395,15,15,none,0
jTdxmKB2EtM,UCiDJtJKMICpb9B1qf7qjEOA,time,7,6.9158,29,107269.69,108461,77211.96408418434,1.389288426124812,likely,0.3673498410866593,15,15,none,0
jTdxmKB2EtM,UCiDJtJKMICpb9B1qf7qjEOA,time,14,13.9158,29,108937.44,108461,78209.07515039074,1.3929002316782118,confirmed,0.3224933317900564,15,15,none,0
VcxzpuCa7Oc,UCGWNHkr2WZcRbxqoet-nyeg,time,14,14.4539,29,2610.28,2397,4050.302281017389,0.6444650658043103,confirmed,,15,15,none,0
t1FEjEtAzsw,UC4ARIU_9FbVtMqvJtpZlDGA,time,5,5.8114,28,18657.13,20878,,,insufficient,,0,0,none,0
t1FEjEtAzsw,UC4ARIU_9FbVtMqvJtpZlDGA,time,7,6.8114,28,20140.77,20878,,,insufficient,0.48920022580189254,0,0,none,0
t1FEjEtAzsw,UC4ARIU_9FbVtMqvJtpZlDGA,time,14,12.8114,28,19290.22,20878,,,insufficient,0.322558910680906,0,0,none,0
3sTKc5JBknQ,UC682ktH2UsgNdCjl83TpDWg,time,14,12.9165,27,41.32,43,85.33673252344548,0.48418271837150834,confirmed,0.10427446629840677,15,15,none,0
_98yAEMZPsU,UC_Gz-8R2G8jBs20ro9AL9hA,heldout,7,8.8465,30,378.89,581,442.56944673472765,0.8561050126035612,confirmed,,15,15,none,0
_98yAEMZPsU,UC_Gz-8R2G8jBs20ro9AL9hA,heldout,14,13.8465,30,426.76,581,577.6623505298031,0.7387737281436778,confirmed,0.4694691454868906,15,15,none,0
lTcMzAGSJZQ,UCI8gcSTo1FowsRJdilsjsZw,time,1,0.9238,28,19110.28,17184,38687.823073254025,0.49396111597612047,early,,13,13,none,0
lTcMzAGSJZQ,UCI8gcSTo1FowsRJdilsjsZw,time,2,1.9238,28,17623.89,17184,37802.89419211928,0.46620465701737046,early,0.5899683232429468,15,15,none,0
lTcMzAGSJZQ,UCI8gcSTo1FowsRJdilsjsZw,time,3,2.9238,28,18526.09,17184,34969.16154043745,0.5297835500203297,early,0.4996916522474688,15,15,none,0
lTcMzAGSJZQ,UCI8gcSTo1FowsRJdilsjsZw,time,5,4.9238,28,15452.92,17184,34630.61321517736,0.4462213142435209,likely,0.36419499501875846,15,15,none,0
lTcMzAGSJZQ,UCI8gcSTo1FowsRJdilsjsZw,time,7,6.9238,28,17875.74,17184,34924.21475025726,0.5118438391592199,likely,0.40335814962046934,15,15,none,0
lTcMzAGSJZQ,UCI8gcSTo1FowsRJdilsjsZw,time,14,13.9238,28,18757.64,17184,34751.292703824,0.5397681574023263,confirmed,0.34203781137567396,15,15,none,0
kVEjOXPOFOo,UCnwlWgbcxwpsnB7LtOL1kPg,time,14,12.9977,27,7231.45,6650,7105.370669302925,1.0177436584781152,confirmed,,15,15,none,0
098ep9xrxSQ,UCGb34D3ThpmjLNn-FLv2_yQ,time,7,7.5417,27,1112.74,929,2868.54740997408,0.38791109896476705,confirmed,,15,15,none,0
098ep9xrxSQ,UCGb34D3ThpmjLNn-FLv2_yQ,time,14,12.5417,27,934.83,929,2869,0.3258392024466752,confirmed,0.05094852645803852,15,11,none,0
FqmKVqaLsWM,UCKU0u3VbuYn0wD3CUr-Yn6A,time,5,6.9579,27,3885.78,3651,8493.288768091767,0.4575122345912166,likely,,15,14,none,0
FqmKVqaLsWM,UCKU0u3VbuYn0wD3CUr-Yn6A,time,7,6.9579,27,3885.78,3651,8493.288768091767,0.4575122345912166,likely,,15,14,none,0
FqmKVqaLsWM,UCKU0u3VbuYn0wD3CUr-Yn6A,time,14,14.9579,27,3716.44,3651,8695.500838461377,0.4273982749608011,confirmed,0.14680934302265683,15,12,none,0
NeC2f0FIS_Y,UCgdHSFcXvkN6O3NXvif0-pA,time,5,6.9481,29,1438.76,1377,,,insufficient,,0,0,none,0
NeC2f0FIS_Y,UCgdHSFcXvkN6O3NXvif0-pA,time,7,6.9481,29,1438.76,1377,,,insufficient,,0,0,none,0
NeC2f0FIS_Y,UCgdHSFcXvkN6O3NXvif0-pA,time,14,13.9481,29,1388.09,1377,,,insufficient,0.1755034350318372,0,0,none,0
2H5xTcswgt4,UCLFgO1aEI66fh06p6u6-juw,time,0.5,0.7302,27,7442.43,8142,10565.247456240293,0.7044253003094997,early,,14,14,none,0
2H5xTcswgt4,UCLFgO1aEI66fh06p6u6-juw,time,1,0.7302,27,7442.43,8142,10565.247456240293,0.7044253003094997,early,,14,14,none,0
2H5xTcswgt4,UCLFgO1aEI66fh06p6u6-juw,time,2,2.7302,27,7031.01,8142,10304.603864491917,0.6823177483040671,early,0.5584724796494611,15,15,none,0
2H5xTcswgt4,UCLFgO1aEI66fh06p6u6-juw,time,3,2.7302,27,7031.01,8142,10304.603864491917,0.6823177483040671,early,0.5584724796494611,15,15,none,0
2H5xTcswgt4,UCLFgO1aEI66fh06p6u6-juw,time,5,4.7302,27,7123.00,8142,10273.666470028542,0.6933260658713272,likely,0.5052110875027955,15,15,none,0
2H5xTcswgt4,UCLFgO1aEI66fh06p6u6-juw,time,7,7.7302,27,7652.15,8142,10493.313319158304,0.7292408819284549,confirmed,0.472178003979238,15,15,none,0
2H5xTcswgt4,UCLFgO1aEI66fh06p6u6-juw,time,14,13.7302,27,8332.76,8142,11539.14468492424,0.7221300384422743,confirmed,0.4254049107774444,15,13,none,0
HDiDqaUU5oM,UC41S9MSkeQ1TWo1URYLeRuw,heldout,14,14.6699,31,4428.39,4206,5574.067649614186,0.7944625762049996,confirmed,,15,13,none,0
HccuMt_GNmk,UC3lJL1pUvQ2Ih2qZ-4ozrLw,time,5,6.9788,27,104.48,115,,,insufficient,,1,1,none,0
HccuMt_GNmk,UC3lJL1pUvQ2Ih2qZ-4ozrLw,time,7,6.9788,27,104.48,115,,,insufficient,,1,1,none,0
HccuMt_GNmk,UC3lJL1pUvQ2Ih2qZ-4ozrLw,time,14,14.9788,27,108.57,115,4677.666814836459,0.023209641132174778,confirmed,0.22444344155127957,12,12,none,0
nB280m0HBe0,UCrzICdOsXhtn4zMlk4bnTIg,time,14,12.6249,28,5150.78,5396,2608,1.9749904624711745,confirmed,0.3095605795738727,15,7,none,0
X1c1Xp45U1E,UC6QNjBn6KMq5-pe3OE11zZg,time,0.5,0.6120,27,4850.04,21937,10811,0.4486204868139685,early,,15,9,none,0
X1c1Xp45U1E,UC6QNjBn6KMq5-pe3OE11zZg,time,1,0.6120,27,4850.04,21937,10811,0.4486204868139685,early,,15,9,none,0
X1c1Xp45U1E,UC6QNjBn6KMq5-pe3OE11zZg,time,2,2.6120,27,40841.33,21937,10811,3.777757185563486,early,3.117143217034386,15,9,none,0
X1c1Xp45U1E,UC6QNjBn6KMq5-pe3OE11zZg,time,3,2.6120,27,40841.33,21937,10811,3.777757185563486,early,3.117143217034386,15,9,none,0
X1c1Xp45U1E,UC6QNjBn6KMq5-pe3OE11zZg,time,5,4.6120,27,34758.56,21937,10811,3.2151100787163793,likely,2.04525859024282,15,8,none,0
X1c1Xp45U1E,UC6QNjBn6KMq5-pe3OE11zZg,time,7,6.6120,27,32298.69,21937,10811,2.9875764630812354,likely,1.6590235673604514,15,7,none,0
X1c1Xp45U1E,UC6QNjBn6KMq5-pe3OE11zZg,time,14,13.6120,27,26227.33,21937,10811,2.4259853662005546,confirmed,1.1945461644296078,15,5,none,0
4J9tru21CxU,UC63fON8nPB6FfHOJi_wCZXw,time,5,6.6514,29,3679.35,3369,,,insufficient,,0,0,none,0
4J9tru21CxU,UC63fON8nPB6FfHOJi_wCZXw,time,7,6.6514,29,3679.35,3369,,,insufficient,,0,0,none,0
4J9tru21CxU,UC63fON8nPB6FfHOJi_wCZXw,time,14,13.6514,29,3275.53,3369,,,insufficient,0.1253552500044941,0,0,none,0
EGp2RzokJA8,UCwsa-MpLNx4pnsM1PiQwhyQ,heldout,5,6.9581,30,239053.10,344777,567819.5536089699,0.42100188120225435,likely,,15,14,none,0
EGp2RzokJA8,UCwsa-MpLNx4pnsM1PiQwhyQ,heldout,7,6.9581,30,239053.10,344777,567819.5536089699,0.42100188120225435,likely,,15,14,none,0
EGp2RzokJA8,UCwsa-MpLNx4pnsM1PiQwhyQ,heldout,14,16.9581,30,321272.11,344777,587557.7442186405,0.5467923934216622,confirmed,0.4538885449441436,15,13,none,0
hgpodyPrvC4,UCq3o7OGsNqJ8bap2b18p6VA,heldout,1,0.0103,30,3706.96,501,3334.16224979085,1.1118118522789144,early,,10,9,none,0
hgpodyPrvC4,UCq3o7OGsNqJ8bap2b18p6VA,heldout,14,15.0103,30,516.61,501,3433.358060716,0.15046889510195713,confirmed,0.7597713000845998,10,9,none,0
uGyvilB0BjA,UCWGijuL19i21bgv_ow2i2YA,time,14,13.6873,28,965.01,892,1248.2146330057617,0.773108443835839,confirmed,,15,11,none,0
Bkkps-ycDBU,UCll3zdukvI1oWlG-F13UCZw,time,1,1.0214,27,7163.05,3897,4182.6191838056375,1.712576285937999,early,,15,15,none,0
Bkkps-ycDBU,UCll3zdukvI1oWlG-F13UCZw,time,2,2.0214,27,4714.68,3897,4132.260801549534,1.140944893624046,early,0.21551408641596015,15,15,none,0
Bkkps-ycDBU,UCll3zdukvI1oWlG-F13UCZw,time,3,3.0214,27,4107.44,3897,4089.909056491984,1.0042855288186943,likely,0.14281209442429552,15,15,none,0
Bkkps-ycDBU,UCll3zdukvI1oWlG-F13UCZw,time,5,5.0214,27,3910.01,3897,4050.453550150845,0.9653265514973443,likely,0.12734925630283217,15,15,none,0
Bkkps-ycDBU,UCll3zdukvI1oWlG-F13UCZw,time,7,7.0214,27,3941.77,3897,4016.785272637666,0.9813254650712336,confirmed,0.1331295888869722,15,15,none,0
Bkkps-ycDBU,UCll3zdukvI1oWlG-F13UCZw,time,14,13.0214,27,3928.36,3897,3917.9426602317353,1.00265968414303,confirmed,0.12522104196285824,15,15,none,0
vhkqtvrnjE4,UC4AkVj-qnJxNtKuz3rkq16A,time,14,13.8738,28,4412.82,4464,5872.243598752553,0.7514714474101202,confirmed,0.06911789293036615,15,11,none,0
cHh37cWjqLA,UC1jY1bsRgYKlQ08IVIzwhVw,time,5,5.0662,27,424.24,371,,,insufficient,,1,1,none,0
cHh37cWjqLA,UC1jY1bsRgYKlQ08IVIzwhVw,time,7,7.0662,27,358.44,371,,,insufficient,0.15404150454293847,1,1,none,0
cHh37cWjqLA,UC1jY1bsRgYKlQ08IVIzwhVw,time,14,13.0662,27,380.45,371,,,insufficient,0.1366516943388021,1,1,none,0
i4TkaesMBtM,UCIp9sEZiv36cDG7cEnrVU7Q,time,1,0.9682,30,11822.40,29613,11205.697347162824,1.0550347846403267,early,,15,14,none,0
i4TkaesMBtM,UCIp9sEZiv36cDG7cEnrVU7Q,time,2,1.9682,30,14953.32,29613,11207.5521094453,1.3342178802192104,early,0.9791640330906665,15,14,none,0
i4TkaesMBtM,UCIp9sEZiv36cDG7cEnrVU7Q,time,3,3.9682,30,18649.13,29613,11248.831306796412,1.6578725995853996,likely,0.8295671035772534,15,13,none,0
i4TkaesMBtM,UCIp9sEZiv36cDG7cEnrVU7Q,time,5,4.9682,30,21859.78,29613,11265.938645834722,1.9403421480379484,likely,0.7818343958101098,15,13,none,0
i4TkaesMBtM,UCIp9sEZiv36cDG7cEnrVU7Q,time,7,6.9682,30,23024.19,29613,11267.482227992976,2.043419147479021,likely,0.7511955271608174,15,13,none,0
i4TkaesMBtM,UCIp9sEZiv36cDG7cEnrVU7Q,time,14,13.9682,30,32275.29,29613,11541,2.7965768629262904,confirmed,0.7729595719643761,15,12,none,0
rY7035hs9g0,UCat0LyGytYMwfZEPbO_rOrA,time,14,13.0462,28,727.21,714,2413.1849575524056,0.3013473333714598,confirmed,0.027802088364086364,15,15,none,0
I9OUh7iTQ_I,UC-__rBmcQsAbJsdfe5R_xTA,time,14,12.6703,27,106.40,111,281.3531990232281,0.378165735686083,confirmed,0.4312119985765911,10,10,none,0
sHiM7k9dftk,UC8DqDLFZCni7Jkys3N3818w,time,5,4.8177,27,36.71,75,28.874141379826412,1.2714925788165745,likely,,5,5,none,0
sHiM7k9dftk,UC8DqDLFZCni7Jkys3N3818w,time,7,7.8177,27,58.87,75,30.834862987006375,1.9091592817833207,confirmed,0.6917858522316284,5,5,none,0
sHiM7k9dftk,UC8DqDLFZCni7Jkys3N3818w,time,14,15.8177,27,62.04,75,37.02060611501801,1.6759390558067686,confirmed,0.5614416501784473,5,5,none,0
xmQLP2dZLT4,UC4PIiYewI1YGyiZvgNlJNrA,time,0.5,0.5375,29,113102.84,133402,188532.45970567624,0.5999117692033756,early,,15,13,none,0
xmQLP2dZLT4,UC4PIiYewI1YGyiZvgNlJNrA,time,1,0.5375,29,113102.84,133402,188532.45970567624,0.5999117692033756,early,,15,13,none,0
xmQLP2dZLT4,UC4PIiYewI1YGyiZvgNlJNrA,time,2,1.5375,29,152988.40,133402,188532.45970567624,0.811469794950179,early,1.057247580158903,15,13,none,0
xmQLP2dZLT4,UC4PIiYewI1YGyiZvgNlJNrA,time,3,2.5375,29,133315.21,133402,188532.45970567624,0.7071207045153594,early,0.7535036212802342,15,12,none,0
xmQLP2dZLT4,UC4PIiYewI1YGyiZvgNlJNrA,time,5,4.5375,29,141315.79,133402,188532.45970567624,0.7495568319521407,likely,0.6443759757634359,15,11,none,0
xmQLP2dZLT4,UC4PIiYewI1YGyiZvgNlJNrA,time,7,6.5375,29,126224.36,133402,188532.45970567624,0.6695099487563773,likely,0.5975442585362389,15,11,none,0
xmQLP2dZLT4,UC4PIiYewI1YGyiZvgNlJNrA,time,14,13.5375,29,156447.85,133402,188076.92250800034,0.8318290522605198,confirmed,0.530881378469967,15,10,none,0
r4wYdFIrT_E,UCPCPE5MoI7DS1WiVB_-mzNw,time,7,7.8079,29,11015.38,8787,4345.763527750807,2.534740861959477,confirmed,,15,15,none,0
r4wYdFIrT_E,UCPCPE5MoI7DS1WiVB_-mzNw,time,14,13.8079,29,9059.10,8787,4083.4620924653054,2.218484343714052,confirmed,0.004174729505259625,15,15,none,0
QSz_cgBDjRQ,UCGuIM34mGnfTDjfd9vwPtAQ,time,1,0.9993,29,19635.99,40380,20612.864260191018,0.9526083689572153,early,,15,10,none,0
QSz_cgBDjRQ,UCGuIM34mGnfTDjfd9vwPtAQ,time,2,1.9993,29,24515.40,40380,20612.864260191018,1.1893251443245496,early,0.9598162186152506,15,9,none,0
QSz_cgBDjRQ,UCGuIM34mGnfTDjfd9vwPtAQ,time,3,2.9993,29,21624.97,40380,20612.864260191018,1.0491006966932297,early,0.8744817876318697,15,9,none,0
QSz_cgBDjRQ,UCGuIM34mGnfTDjfd9vwPtAQ,time,5,4.9993,29,31032.10,40380,20686.73004818241,1.500096811044319,likely,0.7563460283125256,15,9,none,0
QSz_cgBDjRQ,UCGuIM34mGnfTDjfd9vwPtAQ,time,7,6.9993,29,43507.43,40380,20730.77192622745,2.098688530148017,likely,0.8894464747399539,15,9,none,0
QSz_cgBDjRQ,UCGuIM34mGnfTDjfd9vwPtAQ,time,14,13.9993,29,45984.23,40380,20945.683144287555,2.19540355290239,confirmed,0.7709839585383976,15,9,none,0
GFTDR8_q63M,UCN7dywl5wDxTu1RM3eJ_h9Q,time,5,4.9164,29,55241.21,148282,8145.982483203335,6.781405848881844,likely,,8,8,none,0
GFTDR8_q63M,UCN7dywl5wDxTu1RM3eJ_h9Q,time,7,6.9164,29,65209.03,148282,6748.462948192736,9.662797581530116,likely,0.537022343476069,15,14,none,0
GFTDR8_q63M,UCN7dywl5wDxTu1RM3eJ_h9Q,time,14,13.9164,29,107550.59,148282,6957.723443645969,15.45772753594261,confirmed,0.7975576299254676,15,13,none,0
hqNiOsuUM4E,UC9vUu4vlIlMC0dHQCTvQPbg,time,3,3.9583,27,94898.15,93115,26149.4277643027,3.6290718327997866,likely,,3,3,none,0
hqNiOsuUM4E,UC9vUu4vlIlMC0dHQCTvQPbg,time,5,4.9583,27,81882.04,93115,25673.781469560552,3.189325093420783,likely,0.32401638763152785,3,3,none,0
hqNiOsuUM4E,UC9vUu4vlIlMC0dHQCTvQPbg,time,7,6.9583,27,82731.05,93115,24944.484591288023,3.3166068730649942,likely,0.2818352301444638,3,3,none,0
hqNiOsuUM4E,UC9vUu4vlIlMC0dHQCTvQPbg,time,14,14.9583,27,95510.95,93115,23122.11544303794,4.130718531926525,confirmed,0.3032505276722446,3,3,none,0
LKpq24P0uqM,UCuxbOHa_nj8k6qotTzJrWZA,heldout,3,3.0624,29,3780.64,3546,9196.378800365517,0.4111014839974242,likely,,15,14,none,0
LKpq24P0uqM,UCuxbOHa_nj8k6qotTzJrWZA,heldout,5,4.0624,29,4441.90,3546,9140.966432845828,0.48593325766880535,likely,0.7192098909525977,15,14,none,0
LKpq24P0uqM,UCuxbOHa_nj8k6qotTzJrWZA,heldout,7,7.0624,29,3859.06,3546,9014.238394660966,0.42810715437165103,confirmed,0.3549775722019005,15,13,none,0
LKpq24P0uqM,UCuxbOHa_nj8k6qotTzJrWZA,heldout,14,14.0624,29,3835.13,3546,8711.570753061354,0.44023380952925034,confirmed,0.24129612336350253,15,10,none,0
K5yfMcVaXIE,UCkr6cLAnZiz5NH0NzjNK8rg,time,0.5,0.6676,27,97323.85,78829,99898.01491723412,0.9742320672119469,early,,14,14,none,0
K5yfMcVaXIE,UCkr6cLAnZiz5NH0NzjNK8rg,time,1,0.6676,27,97323.85,78829,99898.01491723412,0.9742320672119469,early,,14,14,none,0
K5yfMcVaXIE,UCkr6cLAnZiz5NH0NzjNK8rg,time,2,1.6676,27,105556.52,78829,85982.37927802313,1.22765298556754,early,0.7391369498329331,15,15,none,0
K5yfMcVaXIE,UCkr6cLAnZiz5NH0NzjNK8rg,time,3,2.6676,27,107786.24,78829,85228.19533291113,1.264678197830462,early,0.6510576405190718,15,14,none,0
K5yfMcVaXIE,UCkr6cLAnZiz5NH0NzjNK8rg,time,5,4.6676,27,91762.64,78829,84550.12631531616,1.0853045739527594,likely,0.4822968395743337,15,12,none,0
K5yfMcVaXIE,UCkr6cLAnZiz5NH0NzjNK8rg,time,7,6.6676,27,86860.56,78829,83104.90329066965,1.045191802350988,likely,0.408176148446961,15,12,none,0
K5yfMcVaXIE,UCkr6cLAnZiz5NH0NzjNK8rg,time,14,12.6676,27,77824.90,78829,81313.39711549408,0.957098122974191,confirmed,0.3197058013055096,15,8,none,0
yO4Y45LGVvE,UCsvqVGtbbyHaMoevxPAq9Fg,time,7,7.9368,27,1523.10,1549,2943.5727203747606,0.5174311542731037,confirmed,,15,15,none,0
yO4Y45LGVvE,UCsvqVGtbbyHaMoevxPAq9Fg,time,14,12.9368,27,1528.89,1549,3038.6104493946114,0.5031548320289363,confirmed,0.2729043147463805,15,15,none,0
ria70BFUIrs,UCnmGIkw-KdI0W5siakKPKog,heldout,14,12.8739,30,3446584.47,3725481,4537564.908151829,0.7595669787773723,confirmed,,15,15,none,0
7YOJx3D-3RQ,UCV6KDgJskWaEckne5aPA0aQ,time,0.5,0.6645,29,137943.24,118975,370465.78587442194,0.3723508127190234,early,,15,9,none,0
7YOJx3D-3RQ,UCV6KDgJskWaEckne5aPA0aQ,time,1,0.6645,29,137943.24,118975,370465.78587442194,0.3723508127190234,early,,15,9,none,0
7YOJx3D-3RQ,UCV6KDgJskWaEckne5aPA0aQ,time,2,1.6645,29,124804.29,118975,367136.07490472065,0.33994015328069005,early,0.6940084491009896,15,9,none,0
7YOJx3D-3RQ,UCV6KDgJskWaEckne5aPA0aQ,time,3,2.6645,29,128396.68,118975,366652,0.35018677979989266,early,0.5248417032626351,15,9,none,0
7YOJx3D-3RQ,UCV6KDgJskWaEckne5aPA0aQ,time,5,4.6645,29,107614.10,118975,366652,0.2935047510721846,likely,0.4081909288503271,15,8,none,0
7YOJx3D-3RQ,UCV6KDgJskWaEckne5aPA0aQ,time,7,6.6645,29,116669.96,118975,366652,0.3182035343943216,likely,0.3725878422820024,15,8,none,0
7YOJx3D-3RQ,UCV6KDgJskWaEckne5aPA0aQ,time,14,13.6645,29,109405.60,118975,362532,0.3017819153697659,confirmed,0.3239756568630239,15,6,none,0
Lz4UD7Uyor8,UC1J4DKcJXENzC-FkyMU6dow,time,7,8.5066,27,39509.87,44313,54237.57384124784,0.7284594179359654,confirmed,,13,13,none,0
Lz4UD7Uyor8,UC1J4DKcJXENzC-FkyMU6dow,time,14,13.5066,27,32655.10,44313,56593.159447199134,0.5770149616562414,confirmed,0.016901222591957994,15,11,none,0
tjWNpax8ndw,UCka3KDW7ykrJd6aCd7TI6fA,time,14,14.9987,27,395.53,483,488.86054660126143,0.809086133858163,confirmed,,15,14,none,0
qwOO7WVPYWE,UClPWZq1CXsdOE9GlD6qIcZA,time,1,0.9988,29,1675.74,5098,5499.656304732365,0.3046990282839341,early,,10,7,none,0
qwOO7WVPYWE,UClPWZq1CXsdOE9GlD6qIcZA,time,2,1.9988,29,2132.42,5098,5527.889443688622,0.3857566588601044,early,0.8015836411266428,10,7,none,0
qwOO7WVPYWE,UClPWZq1CXsdOE9GlD6qIcZA,time,3,2.9988,29,2044.61,5098,5549.7008745100475,0.36841741004356693,early,0.7879283326186983,10,7,none,0
qwOO7WVPYWE,UClPWZq1CXsdOE9GlD6qIcZA,time,5,4.9988,29,2899.35,5098,5630.882601156243,0.5149010886628097,likely,0.760682715463327,10,7,none,0
qwOO7WVPYWE,UClPWZq1CXsdOE9GlD6qIcZA,time,7,6.9988,29,3501.05,5098,5698.687204399808,0.6143608507970946,likely,0.8334606658029388,10,7,none,0
qwOO7WVPYWE,UClPWZq1CXsdOE9GlD6qIcZA,time,14,12.9988,29,4271.16,5098,5751.534337771549,0.7426122443206921,confirmed,0.7774591342712802,10,6,none,0
YqeEsJahLeA,UCq33AlEZl8QBmxatFEwknew,time,14,14.3193,29,245.85,259,346.5695504766745,0.7093684309144291,confirmed,0.12738966477096095,15,11,none,0
8iZl4ZzhW3E,UCa09am-cOsC-FSgr_nLkFFA,time,1,1.8708,27,67952.36,64324,100899.74632095305,0.6734640947579814,early,,15,14,none,0
8iZl4ZzhW3E,UCa09am-cOsC-FSgr_nLkFFA,time,2,1.8708,27,67952.36,64324,100899.74632095305,0.6734640947579814,early,,15,14,none,0
8iZl4ZzhW3E,UCa09am-cOsC-FSgr_nLkFFA,time,3,2.8708,27,56945.52,64324,100899.74632095305,0.5643772460730003,early,0.37708799402295784,15,14,none,0
8iZl4ZzhW3E,UCa09am-cOsC-FSgr_nLkFFA,time,5,4.8708,27,59615.71,64324,100899.74632095305,0.590841026376688,likely,0.33776314759153625,15,14,none,0
8iZl4ZzhW3E,UCa09am-cOsC-FSgr_nLkFFA,time,7,6.8708,27,66380.40,64324,101076.37841625788,0.6567350263232967,likely,0.3617523555431033,15,14,none,0
8iZl4ZzhW3E,UCa09am-cOsC-FSgr_nLkFFA,time,14,12.8708,27,66057.96,64324,102451,0.6447761708713416,confirmed,0.3080477693316087,15,13,none,0
YhjqyX69Eto,UC1CVzH-XVr3E-kTT6D8hhfg,time,1,0.9160,29,21585.18,25623,46430.2252715402,0.46489506893389776,early,,15,8,none,0
YhjqyX69Eto,UC1CVzH-XVr3E-kTT6D8hhfg,time,2,1.9160,29,25226.11,25623,46434.100986108744,0.543266827195913,early,0.7696207518082275,15,8,none,0
YhjqyX69Eto,UC1CVzH-XVr3E-kTT6D8hhfg,time,3,2.9160,29,21771.04,25623,46529.805013847064,0.46789460215736306,early,0.5536781246815744,15,8,none,0
YhjqyX69Eto,UC1CVzH-XVr3E-kTT6D8hhfg,time,5,4.9160,29,20011.72,25623,45931.676777317436,0.435684593546608,likely,0.49586715619230554,15,7,none,0
YhjqyX69Eto,UC1CVzH-XVr3E-kTT6D8hhfg,time,7,6.9160,29,22159.96,25623,44722.10769143831,0.4955034672729334,likely,0.44898030717841986,15,7,none,0
YhjqyX69Eto,UC1CVzH-XVr3E-kTT6D8hhfg,time,14,13.9160,29,25682.62,25623,43239,0.5939689293590634,confirmed,0.43482664259043924,15,5,none,0
SpH5EJEiRnU,UC6BW8DqrAmBEIeCtMa4bfBw,time,14,13.3266,28,4471.60,4100,3756.6535261124955,1.1903140135434807,confirmed,,15,15,none,0
uzggnC5Jwts,UCznv7Vf9nBdJYvBagFdAHWw,time,5,6.5591,28,9639.56,11856,37745.68582599313,0.2553818414753209,likely,,15,14,none,0
uzggnC5Jwts,UCznv7Vf9nBdJYvBagFdAHWw,time,7,6.5591,28,9639.56,11856,37745.68582599313,0.2553818414753209,likely,,15,14,none,0
uzggnC5Jwts,UCznv7Vf9nBdJYvBagFdAHWw,time,14,13.5591,28,12158.62,11856,37646.517547864,0.3229679384080495,confirmed,0.4667802323613257,15,13,none,0
mrEek21gC9E,UCYzrlZP_m1cV51q9GGDHCMg,heldout,5,4.7745,30,121.02,89,,,insufficient,,2,2,none,0
mrEek21gC9E,UCYzrlZP_m1cV51q9GGDHCMg,heldout,7,7.7745,30,97.86,89,204.18525621123476,0.47925665482872665,confirmed,0,15,15,none,0
mrEek21gC9E,UCYzrlZP_m1cV51q9GGDHCMg,heldout,14,14.7745,30,91.93,89,191.01664170397962,0.48128697031037465,confirmed,0,15,15,none,0
k7D85T_RJb4,UC0r_-7jgl1yl0oWzGEJ6o3w,time,1,0.8739,27,1570746.93,2557126,1096201.4520935717,1.4328998838558473,early,,10,8,none,0
k7D85T_RJb4,UC0r_-7jgl1yl0oWzGEJ6o3w,time,2,1.8739,27,1944775.86,2557126,1096201.4520935717,1.7741044394461916,early,0.890791052016052,10,8,none,0
k7D85T_RJb4,UC0r_-7jgl1yl0oWzGEJ6o3w,time,3,2.8739,27,1952037.04,2557126,1101614.8514999333,1.7719777832617571,early,0.7293188072679765,10,8,none,0
k7D85T_RJb4,UC0r_-7jgl1yl0oWzGEJ6o3w,time,5,4.8739,27,2179528.28,2557126,1110923.2737143692,1.9619071233906553,likely,0.6724094768925076,10,8,none,0
k7D85T_RJb4,UC0r_-7jgl1yl0oWzGEJ6o3w,time,7,6.8739,27,2783935.14,2557126,1115451.7772449146,2.4957915653425693,likely,0.6661006973489736,10,8,none,0
k7D85T_RJb4,UC0r_-7jgl1yl0oWzGEJ6o3w,time,14,12.8739,27,3020764.82,2557126,1133493.1168856965,2.665004993086143,confirmed,0.5725848152086708,10,7,none,0
SqWhDBaJ3O4,UCEh_IoMVGA7NPsx6-2H8Bqw,time,14,14.4458,29,1814.92,1831,1195.227712544247,1.5184706795562972,confirmed,0.06818160176263646,15,13,none,0
cwhCl8VdYh0,UCrfKGpvbEQXcbe68dzXgJuA,time,7,7.9573,27,169408.58,142190,145209.61588449022,1.1666485033956058,confirmed,,15,15,none,0
cwhCl8VdYh0,UCrfKGpvbEQXcbe68dzXgJuA,time,14,11.9573,27,142083.20,142190,144272,0.9848286813068711,confirmed,0.05902532875307639,15,10,none,0
HALEYgzuJgQ,UC1J4DKcJXENzC-FkyMU6dow,time,14,13.6637,28,53079.90,51771,62429.71321447176,0.8502346025519668,confirmed,0.002811625061717758,15,12,none,0
qfe5SGtQHd8,UCGb34D3ThpmjLNn-FLv2_yQ,time,14,13.5411,28,3378.83,3502,2371.7967397581892,1.4245850403319202,confirmed,0.12013176980215325,15,11,none,0
5NnV6CZardk,UCTJdHk01ygktpSPfVTQRE6Q,heldout,5,5.6475,30,5770.78,7182,3811.710329685025,1.5139607997675824,likely,,10,10,none,0
5NnV6CZardk,UCTJdHk01ygktpSPfVTQRE6Q,heldout,7,5.6475,30,5770.78,7182,3811.710329685025,1.5139607997675824,likely,,10,10,none,0
5NnV6CZardk,UCTJdHk01ygktpSPfVTQRE6Q,heldout,14,13.6475,30,5973.42,7182,3838.6484446305576,1.5561262841082457,confirmed,0.2900635669492158,10,9,none,0
nvszAm0e2-g,UC5r1tWnU1rYAXxXaJ56nX2Q,time,14,13.6590,27,51.45,54,57.61068137520191,0.8929811804667924,confirmed,0.46007544540070155,15,14,none,0
i1EdSmxLylU,UCfYfK0tzHZTpNFrc_NDKfTA,heldout,5,5.8749,27,1333.91,1262,1663.9787383332125,0.8016418448513019,likely,,15,15,none,0
i1EdSmxLylU,UCfYfK0tzHZTpNFrc_NDKfTA,time,5,5.8749,27,1333.91,1262,1663.9787383332125,0.8016418448513019,likely,,15,15,none,0
i1EdSmxLylU,UCfYfK0tzHZTpNFrc_NDKfTA,heldout,7,6.8749,27,1100.62,1262,1663.9787383332125,0.6614375245146255,likely,0.1486148754444381,15,15,none,0
i1EdSmxLylU,UCfYfK0tzHZTpNFrc_NDKfTA,time,7,6.8749,27,1100.62,1262,1663.9787383332125,0.6614375245146255,likely,0.1486148754444381,15,15,none,0
i1EdSmxLylU,UCfYfK0tzHZTpNFrc_NDKfTA,heldout,14,12.8749,27,1210.91,1262,1664.3483600322083,0.7275606861993409,confirmed,0.18105892694824952,15,13,none,0
i1EdSmxLylU,UCfYfK0tzHZTpNFrc_NDKfTA,time,14,12.8749,27,1210.91,1262,1664.3483600322083,0.7275606861993409,confirmed,0.18105892694824952,15,13,none,0
y7yC1YhfD_o,UCuVaqIpPgUyGP6AytqSfs0g,heldout,1,1.0821,28,4496.11,3171,3562.537037958838,1.2620536624383405,early,,15,15,none,0
y7yC1YhfD_o,UCuVaqIpPgUyGP6AytqSfs0g,time,1,1.0821,28,4496.11,3171,3562.537037958838,1.2620536624383405,early,,15,15,none,0
y7yC1YhfD_o,UCuVaqIpPgUyGP6AytqSfs0g,heldout,2,2.0821,28,3434.58,3171,3527.3389514314636,0.9737038105778745,early,0.34808240867547574,15,15,none,0
y7yC1YhfD_o,UCuVaqIpPgUyGP6AytqSfs0g,time,2,2.0821,28,3434.58,3171,3527.3389514314636,0.9737038105778745,early,0.34808240867547574,15,15,none,0
y7yC1YhfD_o,UCuVaqIpPgUyGP6AytqSfs0g,heldout,3,3.0821,28,2836.03,3171,3494.5663943728346,0.8115535258493615,likely,0.28750570420878324,15,15,none,0
y7yC1YhfD_o,UCuVaqIpPgUyGP6AytqSfs0g,time,3,3.0821,28,2836.03,3171,3494.5663943728346,0.8115535258493615,likely,0.28750570420878324,15,15,none,0
y7yC1YhfD_o,UCuVaqIpPgUyGP6AytqSfs0g,heldout,5,5.0821,28,3318.43,3171,3440.251749180458,0.9645885421453124,likely,0.2969362322667488,15,15,none,0
y7yC1YhfD_o,UCuVaqIpPgUyGP6AytqSfs0g,time,5,5.0821,28,3318.43,3171,3440.251749180458,0.9645885421453124,likely,0.2969362322667488,15,15,none,0
y7yC1YhfD_o,UCuVaqIpPgUyGP6AytqSfs0g,heldout,7,7.0821,28,3403.29,3171,3379.4795876409335,1.0070443581210264,confirmed,0.30013461008411807,15,15,none,0
y7yC1YhfD_o,UCuVaqIpPgUyGP6AytqSfs0g,time,7,7.0821,28,3403.29,3171,3379.4795876409335,1.0070443581210264,confirmed,0.30013461008411807,15,15,none,0
y7yC1YhfD_o,UCuVaqIpPgUyGP6AytqSfs0g,heldout,14,13.0821,28,3351.03,3171,3263.088370687451,1.0269491409540605,confirmed,0.24538927853980763,15,15,none,0
y7yC1YhfD_o,UCuVaqIpPgUyGP6AytqSfs0g,time,14,13.0821,28,3351.03,3171,3263.088370687451,1.0269491409540605,confirmed,0.24538927853980763,15,15,none,0
0-3hjkqCX1k,UCFw5CGngtluNE5iBnnt64ww,time,14,13.6667,27,12413.13,12582,12567.394086063025,0.987725191616252,confirmed,0.07561881381088292,15,11,none,0
Dt-XlIc8lgE,UCayab18rVcu2PA685_WZXig,time,14,13.7476,27,454.25,419,494.98722030727123,0.9177014154426456,confirmed,,11,10,none,0
AQvBKGxeYxI,UC0Hk4EE6iUXv21AdUdJ6vlg,time,5,6.8332,29,208.95,229,,,insufficient,,0,0,none,0
AQvBKGxeYxI,UC0Hk4EE6iUXv21AdUdJ6vlg,time,7,6.8332,29,208.95,229,,,insufficient,,0,0,none,0
AQvBKGxeYxI,UC0Hk4EE6iUXv21AdUdJ6vlg,time,14,13.8332,29,217.13,229,,,insufficient,0.2441204382270235,0,0,none,0
BzJoiYVBSTQ,UCNRXCkyFGkmw_TcFMw7fBaQ,time,1,0.8747,28,40952.32,47708,212386.38987735912,0.1928198657858882,early,,6,5,none,0
BzJoiYVBSTQ,UCNRXCkyFGkmw_TcFMw7fBaQ,time,2,1.8747,28,47260.11,47708,213873.509050675,0.22097227064327712,early,0.7265507073411251,6,5,none,0
BzJoiYVBSTQ,UCNRXCkyFGkmw_TcFMw7fBaQ,time,3,2.8747,28,47783.01,47708,213873.509050675,0.22341717027877508,early,0.6426693706288928,6,5,none,0
BzJoiYVBSTQ,UCNRXCkyFGkmw_TcFMw7fBaQ,time,5,4.8747,28,40753.70,47708,214774.63250836142,0.18975099618979255,likely,0.47741972263381377,6,5,none,0
BzJoiYVBSTQ,UCNRXCkyFGkmw_TcFMw7fBaQ,time,7,7.8747,28,41271.14,47708,215970.33369562545,0.19109632240497743,confirmed,0.41518945904513255,6,5,none,0
BzJoiYVBSTQ,UCNRXCkyFGkmw_TcFMw7fBaQ,time,14,13.8747,28,44151.88,47708,216871.3185003504,0.2035855907624368,confirmed,0.36874457227135804,6,5,none,0
L0yG4EGiY_g,UCnjOBqS_4w-AsjyDr4bQEUg,time,1,0.9162,27,10804.59,10937,7470.437295325782,1.4463134350806988,early,,15,8,none,0
L0yG4EGiY_g,UCnjOBqS_4w-AsjyDr4bQEUg,time,2,1.9162,27,10284.49,10937,7482.6290817224,1.374448835210835,early,0.6634096500808024,15,8,none,0
L0yG4EGiY_g,UCnjOBqS_4w-AsjyDr4bQEUg,time,3,2.9162,27,10460.14,10937,7552.167435163329,1.3850515298630834,early,0.49639276948172034,15,8,none,0
L0yG4EGiY_g,UCnjOBqS_4w-AsjyDr4bQEUg,time,5,4.9162,27,10614.57,10937,7616,1.393719356344815,likely,0.3916009073726783,15,7,none,0
L0yG4EGiY_g,UCnjOBqS_4w-AsjyDr4bQEUg,time,7,6.9162,27,11263.84,10937,7616,1.478970108380703,likely,0.3651897642978146,15,7,none,0
L0yG4EGiY_g,UCnjOBqS_4w-AsjyDr4bQEUg,time,14,15.9162,27,12095.88,10937,7616,1.5882200594504874,confirmed,0.3445289994152575,15,4,none,0
csBoh1NBNUM,UC_7aK9PpYTqt08ERh1MewlQ,heldout,1,0.9575,28,30022.90,44554,24624,1.219253412097805,early,,15,10,none,0
csBoh1NBNUM,UC_7aK9PpYTqt08ERh1MewlQ,heldout,2,2.9575,28,49933.14,44554,24624,2.0278239736705643,early,0.9329732309718599,15,9,none,0
csBoh1NBNUM,UC_7aK9PpYTqt08ERh1MewlQ,heldout,3,2.9575,28,49933.14,44554,24624,2.0278239736705643,early,0.9329732309718599,15,9,none,0
csBoh1NBNUM,UC_7aK9PpYTqt08ERh1MewlQ,heldout,5,4.9575,28,58460.43,44554,24624,2.3741241931135995,likely,0.8612215310155299,15,9,none,0
csBoh1NBNUM,UC_7aK9PpYTqt08ERh1MewlQ,heldout,7,6.9575,28,60400.35,44554,24624,2.4529055169419167,likely,0.7727933956798969,15,9,none,0
csBoh1NBNUM,UC_7aK9PpYTqt08ERh1MewlQ,heldout,14,13.9575,28,50473.04,44554,25168.686846552835,2.005390378087748,confirmed,0.5944141836287586,15,8,none,0
NsKflqx9Bf0,UCr3GuyRSJO1yRwzTt5rzFWA,time,14,13.9787,29,2283.26,2561,2995.1753962582,0.7623139781420168,confirmed,0.30767226459551233,15,13,none,0
7IdJ0_taonw,UC9vUu4vlIlMC0dHQCTvQPbg,heldout,5,6.8245,29,60313.35,58053,,,insufficient,,0,0,none,0
7IdJ0_taonw,UC9vUu4vlIlMC0dHQCTvQPbg,time,5,6.8245,29,60313.35,58053,,,insufficient,,0,0,none,0
7IdJ0_taonw,UC9vUu4vlIlMC0dHQCTvQPbg,heldout,7,6.8245,29,60313.35,58053,,,insufficient,,0,0,none,0
7IdJ0_taonw,UC9vUu4vlIlMC0dHQCTvQPbg,time,7,6.8245,29,60313.35,58053,,,insufficient,,0,0,none,0
7IdJ0_taonw,UC9vUu4vlIlMC0dHQCTvQPbg,heldout,14,13.8245,29,57123.86,58053,,,insufficient,0.14455661842970122,0,0,none,0
7IdJ0_taonw,UC9vUu4vlIlMC0dHQCTvQPbg,time,14,13.8245,29,57123.86,58053,,,insufficient,0.14455661842970122,0,0,none,0
K9_gZJ0oM-0,UCgH_SmWw9WianYyOB5Y6tEA,heldout,14,12.6457,27,29153.35,27924,202.93403412340427,143.65924844042317,confirmed,-0.28734202106533535,15,15,none,0
K9_gZJ0oM-0,UCgH_SmWw9WianYyOB5Y6tEA,time,14,12.6457,27,29153.35,27924,202.93403412340427,143.65924844042317,confirmed,-0.28734202106533535,15,15,none,0
Ak0TudcBVqU,UCNh7tqEn68tf0oOfq4NsFsg,time,2,2.7081,28,540.55,599,,,insufficient,,0,0,none,0
Ak0TudcBVqU,UCNh7tqEn68tf0oOfq4NsFsg,time,3,2.7081,28,540.55,599,,,insufficient,,0,0,none,0
Ak0TudcBVqU,UCNh7tqEn68tf0oOfq4NsFsg,time,5,4.7081,28,432.17,599,575.3924316748423,0.7510787719632611,likely,0.24492740545778882,10,10,none,0
Ak0TudcBVqU,UCNh7tqEn68tf0oOfq4NsFsg,time,7,6.7081,28,492.23,599,575.7118833153863,0.8549949519634928,likely,0.24179005056564104,10,10,none,0
Ak0TudcBVqU,UCNh7tqEn68tf0oOfq4NsFsg,time,14,13.7081,28,481.54,599,579.4067974772249,0.8310906678645607,confirmed,0.18992013705015126,10,10,none,0
5k3gxj2Sj2M,UCGy7EnfIC59wJNSSwt5nzdg,time,14,13.9642,28,489.63,518,288.7562275570734,1.6956346605388188,confirmed,0.029472181930096413,15,14,none,0
2PJ8yXYa9JY,UCkU_KcVKHrxgE4uhbIWaQtg,heldout,5,6.7499,28,54467.68,63602,59429,0.9165169102434764,likely,,15,13,none,0
2PJ8yXYa9JY,UCkU_KcVKHrxgE4uhbIWaQtg,time,5,6.7499,28,54467.68,63602,59429,0.9165169102434764,likely,,15,13,none,0
2PJ8yXYa9JY,UCkU_KcVKHrxgE4uhbIWaQtg,heldout,7,6.7499,28,54467.68,63602,59429,0.9165169102434764,likely,,15,13,none,0
2PJ8yXYa9JY,UCkU_KcVKHrxgE4uhbIWaQtg,time,7,6.7499,28,54467.68,63602,59429,0.9165169102434764,likely,,15,13,none,0
2PJ8yXYa9JY,UCkU_KcVKHrxgE4uhbIWaQtg,heldout,14,13.7499,28,53230.23,63602,59429,0.8956945814804685,confirmed,0.19225287461533253,15,9,none,0
2PJ8yXYa9JY,UCkU_KcVKHrxgE4uhbIWaQtg,time,14,13.7499,28,53230.23,63602,59429,0.8956945814804685,confirmed,0.19225287461533253,15,9,none,0
UbJjs2hZz1Q,UCGpsgNbzdF7BECCVbB1COHw,time,14,13.0014,29,3387.09,3348,6863.744313025553,0.4934755308361027,confirmed,0.038116684907735315,15,15,none,0
gzEc4CO2uHw,UCWZwfV3ICOt3uEPpW6hYK4g,time,7,8.8741,28,5259.09,5560,18562.42747021724,0.28331895995487993,confirmed,,15,15,none,0
gzEc4CO2uHw,UCWZwfV3ICOt3uEPpW6hYK4g,time,14,13.8741,28,5273.89,5560,18562.42747021724,0.2841165205852265,confirmed,0.293575008621047,15,15,none,0
0zJqU2JG6VI,UChISHLovxnSLP0w81NEQj5w,time,14,12.8663,27,46490.62,45115,17180.6438858992,2.7059884123153575,confirmed,0.017228012287556625,15,15,none,0
emTHA3aquoQ,UCrtPXCqjm9c7nqgJL-vBSZg,time,5,5.0885,27,9623.72,10046,6536,1.4724167318409305,likely,0.6745049420827912,15,14,none,0
emTHA3aquoQ,UCrtPXCqjm9c7nqgJL-vBSZg,time,7,7.0885,27,12354.24,10046,6536,1.8901841218052164,confirmed,0.6775384499625514,15,13,none,0
emTHA3aquoQ,UCrtPXCqjm9c7nqgJL-vBSZg,time,14,13.0885,27,9827.21,10046,6536,1.5035515260635905,confirmed,0.4130393264695225,15,10,none,0
uh_a6XdQd_8,UCZ_ze60L9PratISNxDwFEVg,time,14,14.9570,27,1207.96,1242,767.9417307130481,1.5729893171999307,confirmed,0.5584670188592723,15,13,none,0
WjLnnmeDV1w,UCPAt6z5uX_c5Eo_cSNROzYw,time,7,8.9418,28,557.63,456,8681.514584837194,0.06423181587541464,confirmed,,15,15,none,0
WjLnnmeDV1w,UCPAt6z5uX_c5Eo_cSNROzYw,time,14,13.9418,28,461.74,456,8330.187887664022,0.05542912580196819,confirmed,0.022063101071045414,15,15,none,0
dfE7KMC9l2Y,UC2lvPVVm0Mv53QK7vdnC-rw,time,14,12.9370,27,10798.97,10838,20964.014968385105,0.5151195540925215,confirmed,,13,12,none,0
FB5RYQiXSqY,UCGxjDWAN1KwrkXYVi8CXtjQ,heldout,7,8.9895,30,15223.41,14225,18075.75376921651,0.8422005496964671,confirmed,,15,12,none,0
FB5RYQiXSqY,UCGxjDWAN1KwrkXYVi8CXtjQ,heldout,14,16.9895,30,14532.06,14225,18152.150453599294,0.800569621364923,confirmed,0.17038451789071202,15,10,none,0
MuzOJIgJBSc,UCFBpVaKCC0ajGps1vf0AgBg,time,5,4.7498,27,93836.36,117114,,,insufficient,,0,0,none,0
MuzOJIgJBSc,UCFBpVaKCC0ajGps1vf0AgBg,time,7,6.7498,27,110841.49,117114,,,insufficient,0.5261103352798752,0,0,none,0
MuzOJIgJBSc,UCFBpVaKCC0ajGps1vf0AgBg,time,14,12.7498,27,112845.17,117114,,,insufficient,0.3847378429928544,0,0,none,0
aZycIUtsObg,UCB0rRESYOIUs1Jd2RnJhOXg,heldout,5,6.8005,29,12.59,22,,,insufficient,,0,0,none,0
aZycIUtsObg,UCB0rRESYOIUs1Jd2RnJhOXg,time,5,6.8005,29,12.59,22,,,insufficient,,0,0,none,0
aZycIUtsObg,UCB0rRESYOIUs1Jd2RnJhOXg,heldout,7,6.8005,29,12.59,22,,,insufficient,,0,0,none,0
aZycIUtsObg,UCB0rRESYOIUs1Jd2RnJhOXg,time,7,6.8005,29,12.59,22,,,insufficient,,0,0,none,0
aZycIUtsObg,UCB0rRESYOIUs1Jd2RnJhOXg,heldout,14,13.8005,29,11.96,22,,,insufficient,0.14881178558122665,0,0,none,0
aZycIUtsObg,UCB0rRESYOIUs1Jd2RnJhOXg,time,14,13.8005,29,11.96,22,,,insufficient,0.14881178558122665,0,0,none,0
U65_yCel5iM,UCnwlWgbcxwpsnB7LtOL1kPg,time,14,12.7395,27,4564.66,4154,7331.042574999041,0.6226485851045042,confirmed,,15,15,none,0
vP_TFGUrbx0,UC6BW8DqrAmBEIeCtMa4bfBw,time,14,13.3478,28,15762.49,14329,3756.6535261124955,4.195886390159341,confirmed,,15,15,none,0
a4I9uRjMvjk,UC6jZvmJ7QJ_LAH-DpMpLf2Q,time,14,13.7083,28,3693.83,3466,2416.39393910806,1.52865467541203,confirmed,,15,11,none,0
qjH5nhHZIGw,UCGuIM34mGnfTDjfd9vwPtAQ,heldout,1,1.9573,32,21214.30,25560,20529,1.0333821875089417,early,,15,10,none,0
qjH5nhHZIGw,UCGuIM34mGnfTDjfd9vwPtAQ,heldout,2,1.9573,32,21214.30,25560,20529,1.0333821875089417,early,,15,10,none,0
qjH5nhHZIGw,UCGuIM34mGnfTDjfd9vwPtAQ,heldout,3,3.9573,32,20148.83,25560,20529,0.981481477741916,likely,0.4604844888234594,15,10,none,0
qjH5nhHZIGw,UCGuIM34mGnfTDjfd9vwPtAQ,heldout,5,4.9573,32,21389.77,25560,20529,1.0419296151957735,likely,0.4410695255147232,15,10,none,0
qjH5nhHZIGw,UCGuIM34mGnfTDjfd9vwPtAQ,heldout,7,6.9573,32,20985.68,25560,20529,1.022245500858569,likely,0.43566214484688764,15,10,none,0
qjH5nhHZIGw,UCGuIM34mGnfTDjfd9vwPtAQ,heldout,14,13.9573,32,22598.52,25560,20529,1.1008096200023623,confirmed,0.3677799267367661,15,9,none,0
WtyDkr9lM3g,UCc2lUKVOTXKlQR7Fm7h1JfQ,time,5,6.9061,29,28873.37,25872,,,insufficient,,0,0,none,0
WtyDkr9lM3g,UCc2lUKVOTXKlQR7Fm7h1JfQ,time,7,6.9061,29,28873.37,25872,,,insufficient,,0,0,none,0
WtyDkr9lM3g,UCc2lUKVOTXKlQR7Fm7h1JfQ,time,14,13.9061,29,25464.64,25872,,,insufficient,0.1136400903170104,0,0,none,0
DEN9s1yE8wI,UCihUiDJzjyo2ov_qGtW33lw,time,14,13.1894,28,6035.99,5468,22526,0.2679566566201565,confirmed,,15,12,none,0
z2kUM-xuwy8,UCnmGIkw-KdI0W5siakKPKog,heldout,5,6.8737,30,2936297.92,2871270,3157757.63319078,0.9298680462369621,likely,,15,15,none,0
z2kUM-xuwy8,UCnmGIkw-KdI0W5siakKPKog,heldout,7,6.8737,30,2936297.92,2871270,3157757.63319078,0.9298680462369621,likely,,15,15,none,0
z2kUM-xuwy8,UCnmGIkw-KdI0W5siakKPKog,heldout,14,13.8737,30,2842742.29,2871270,3164543.6569222966,0.8983103413200306,confirmed,0.17973908261766128,15,15,none,0
fVY1wRZnAQE,UCnpWedLQdHpZqhgTLdB9Yyg,heldout,14,14.8955,29,48505.09,45161,61569.203569292695,0.7878141058967346,confirmed,,15,11,none,0
C5aK1Vji-mU,UCYNGKZuT3dj0J0bBt4qfqXQ,time,14,13.2839,28,11583.37,13071,8303,1.3950821005903713,confirmed,0.3682600274419158,15,12,none,0
qG0zAY2oaNQ,UCB5Nin2VBUeNLqamqEVh-2A,heldout,1,1.4553,30,12249.69,7706,46042.093574308594,0.2660540886650005,early,,15,14,none,0
qG0zAY2oaNQ,UCB5Nin2VBUeNLqamqEVh-2A,heldout,2,1.4553,30,12249.69,7706,46042.093574308594,0.2660540886650005,early,,15,14,none,0
qG0zAY2oaNQ,UCB5Nin2VBUeNLqamqEVh-2A,heldout,14,13.4553,30,7857.90,7706,45110.46783634041,0.17419238243682297,confirmed,0.1964526844326549,15,14,none,0
WvO5lOVPyJM,UCUpbDOT-OVNBlaQpb9pbd2w,heldout,7,8.4122,30,44116.92,35506,16946.34843981415,2.6033291499324984,confirmed,,15,15,none,0
WvO5lOVPyJM,UCUpbDOT-OVNBlaQpb9pbd2w,heldout,14,13.4122,30,36439.88,35506,15666.098057183806,2.326034262707975,confirmed,0.015285486563271082,15,15,none,0
X61yahEIJoM,UC0Fh1HN4RvOw2hMk9n5PysA,time,7,8.8327,27,473.29,496,425.0767344078487,1.1134288814324316,confirmed,,4,4,none,0
X61yahEIJoM,UC0Fh1HN4RvOw2hMk9n5PysA,time,14,12.8327,27,460.01,496,437.5349809675718,1.0513686347440367,confirmed,0.2607631214732419,15,14,none,0
LzZOssOIV8w,UCiLSEwYKrRPY-wC758azVqA,time,7,8.9995,27,4313.76,4869,3781.3949269746377,1.1407856253557116,confirmed,,15,15,none,0
LzZOssOIV8w,UCiLSEwYKrRPY-wC758azVqA,time,14,14.9995,27,4387.45,4869,3790.6450667300123,1.157441156016826,confirmed,0.2859569952505778,15,14,none,0
A5bu-OvOvos,UCC_ycdL5_Rw9b6UEmtmUE3g,time,5,6.9465,29,4413.20,4688,,,insufficient,,1,1,none,0
A5bu-OvOvos,UCC_ycdL5_Rw9b6UEmtmUE3g,time,7,6.9465,29,4413.20,4688,,,insufficient,,1,1,none,0
A5bu-OvOvos,UCC_ycdL5_Rw9b6UEmtmUE3g,time,14,13.9465,29,4550.86,4688,,,insufficient,0.2345632763296861,1,1,none,0
VQLKPautr4Y,UCUpbDOT-OVNBlaQpb9pbd2w,time,5,4.5056,28,75778.88,61220,30396.9490237019,2.4929765426351613,likely,,15,15,none,0
VQLKPautr4Y,UCUpbDOT-OVNBlaQpb9pbd2w,time,7,6.5056,28,64932.06,61220,28563.856818067583,2.2732246213770875,likely,0.18700803520245757,15,15,none,0
VQLKPautr4Y,UCUpbDOT-OVNBlaQpb9pbd2w,time,14,12.5056,28,62889.96,61220,25758.09072892671,2.4415615588420847,confirmed,0.09855312660054923,15,15,none,0
J8dR9D3pJrs,UCvJiYiBUbw4tmpRSZT2r1Hw,time,14,13.8746,29,10658.59,10480,21671.636933506325,0.4918221040665548,confirmed,0.24047162092824964,15,12,none,0
C9zWKCEaWHw,UCNMZWa1QP42jHrmmzayFEeg,time,14,13.4866,28,5852.39,5862,5681.310459646983,1.030112825433004,confirmed,0.19146525339353346,15,15,none,0
PQmxLKP_Fjw,UCCiQOYmPsqoLL7j27Zr0C8A,time,5,5.8328,28,592.85,512,,,insufficient,,0,0,none,0
PQmxLKP_Fjw,UCCiQOYmPsqoLL7j27Zr0C8A,time,7,6.8328,28,484.89,512,,,insufficient,0.0834832210135947,0,0,none,0
PQmxLKP_Fjw,UCCiQOYmPsqoLL7j27Zr0C8A,time,14,13.8328,28,488.59,512,,,insufficient,0.10508616739510539,0,0,none,0
1SOp7omsRG8,UCiMwMz3RMbW5mbx0iDcRQ2g,time,14,13.7426,28,1100.11,1107,1928.0609959687715,0.5705768430771709,confirmed,0.09729439419790077,15,12,none,0
xIskeMTcuYg,UCBWgT48azZkWSpw-iKMlBRw,time,5,5.6824,28,1385.59,1362,,,insufficient,,1,1,none,0
xIskeMTcuYg,UCBWgT48azZkWSpw-iKMlBRw,time,7,6.6824,28,1852.73,1362,,,insufficient,0.7604460837091803,1,1,none,0
xIskeMTcuYg,UCBWgT48azZkWSpw-iKMlBRw,time,14,13.6824,28,1468.45,1362,,,insufficient,0.3210631794297695,1,1,none,0
_z1GUvjMNxs,UC_e2d5wMDP2gCf8IBNFyKKg,heldout,5,6.9576,30,162.38,229,,,insufficient,,0,0,none,0
_z1GUvjMNxs,UC_e2d5wMDP2gCf8IBNFyKKg,time,5,6.9576,30,162.38,229,,,insufficient,,0,0,none,0
_z1GUvjMNxs,UC_e2d5wMDP2gCf8IBNFyKKg,heldout,7,6.9576,30,162.38,229,,,insufficient,,0,0,none,0
_z1GUvjMNxs,UC_e2d5wMDP2gCf8IBNFyKKg,time,7,6.9576,30,162.38,229,,,insufficient,,0,0,none,0
_z1GUvjMNxs,UC_e2d5wMDP2gCf8IBNFyKKg,heldout,14,13.9576,30,250.71,229,,,insufficient,0.678907174404426,0,0,none,0
_z1GUvjMNxs,UC_e2d5wMDP2gCf8IBNFyKKg,time,14,13.9576,30,250.71,229,,,insufficient,0.678907174404426,0,0,none,0
G0-x2z4wUgg,UC0WFn9iVCx3fCa31rqAvlXA,time,5,6.6451,29,50.35,46,,,insufficient,,0,0,none,0
G0-x2z4wUgg,UC0WFn9iVCx3fCa31rqAvlXA,time,7,6.6451,29,50.35,46,,,insufficient,,0,0,none,0
G0-x2z4wUgg,UC0WFn9iVCx3fCa31rqAvlXA,time,14,13.6451,29,42.35,46,,,insufficient,0.03798621813547768,0,0,none,0
pXPs6wB3yJk,UCUpbDOT-OVNBlaQpb9pbd2w,time,3,3.8056,27,8645.55,5677,31628.213937600372,0.27334930788027006,likely,,15,15,none,0
pXPs6wB3yJk,UCUpbDOT-OVNBlaQpb9pbd2w,time,5,4.8056,27,6295.47,5677,30822.150413199226,0.20425149047695257,likely,0.0645873932952077,15,15,none,0
pXPs6wB3yJk,UCUpbDOT-OVNBlaQpb9pbd2w,time,7,6.8056,27,6158.40,5677,29295.988691393122,0.2102131781288837,likely,0.05482992149554204,15,15,none,0
pXPs6wB3yJk,UCUpbDOT-OVNBlaQpb9pbd2w,time,14,12.8056,27,5830.05,5677,26668.10125878783,0.21861512860958507,confirmed,0.03244944789091011,15,15,none,0
uOiE40EKZtQ,UChzLnWVsl3puKQwc5PoO6Zg,time,14,13.5165,28,6039.74,6044,15265.494622846636,0.3956466714094952,confirmed,0.08170825303476166,15,15,none,0
p_LcLnx2bCk,UCPAt6z5uX_c5Eo_cSNROzYw,time,7,8.9368,28,4461.04,3685,8175.859645569858,0.5456350480626408,confirmed,,15,15,none,0
p_LcLnx2bCk,UCPAt6z5uX_c5Eo_cSNROzYw,time,14,13.9368,28,3731.07,3685,8004.9369004170985,0.4660957381010221,confirmed,0.04663004794086322,15,15,none,0
7w7eSJc3RXc,UCMekTeLUP4PllG4z53Qny2Q,time,5,5.7767,29,5583.13,4904,617.1162686281556,9.047135474944369,likely,,15,15,none,0
7w7eSJc3RXc,UCMekTeLUP4PllG4z53Qny2Q,time,7,6.7767,29,5476.52,4904,622.2233081746185,8.801528275469826,likely,0.3640687517779246,15,14,none,0
7w7eSJc3RXc,UCMekTeLUP4PllG4z53Qny2Q,time,14,13.7767,29,5073.01,4904,634.1481066688051,7.999730679621395,confirmed,0.16428028102597622,15,10,none,0
_qyy3oY6sXw,UC4wKN1tlnlNVMiRPOu7qyvQ,time,1,1.5828,27,879.10,899,2229.309836346984,0.3943361107265185,early,,15,15,none,0
_qyy3oY6sXw,UC4wKN1tlnlNVMiRPOu7qyvQ,time,2,1.5828,27,879.10,899,2229.309836346984,0.3943361107265185,early,,15,15,none,0
_qyy3oY6sXw,UC4wKN1tlnlNVMiRPOu7qyvQ,time,3,2.5828,27,636.33,899,2250.5020545499847,0.28274946491001024,early,0.249576370331942,15,15,none,0
_qyy3oY6sXw,UC4wKN1tlnlNVMiRPOu7qyvQ,time,5,4.5828,27,752.61,899,2377.073142436143,0.31661055698168156,likely,0.28174074751546685,15,15,none,0
_qyy3oY6sXw,UC4wKN1tlnlNVMiRPOu7qyvQ,time,7,6.5828,27,753.46,899,2355.6196377801057,0.3198579987601988,likely,0.26166573470005716,15,15,none,0
_qyy3oY6sXw,UC4wKN1tlnlNVMiRPOu7qyvQ,time,14,13.5828,27,848.39,899,2298.423707993581,0.3691178846724979,confirmed,0.27611928232693694,15,15,none,0
2RIW9Un55aI,UCVS6ejD9NLZvjsvhcbiDzjw,time,7,7.7961,29,27419.51,24391,28541.865025559222,0.9606768301271631,confirmed,,15,14,none,0
2RIW9Un55aI,UCVS6ejD9NLZvjsvhcbiDzjw,time,14,13.7961,29,23883.17,24391,28645.534134566493,0.8337483590044777,confirmed,0.11462510866107437,15,13,none,0
ilkOBHdBYrw,UCLI5Dd7feZbOShyDS-dHjQg,time,0.5,0.7284,27,6350.84,4499,3423,1.8553421664721699,early,,15,12,none,0
ilkOBHdBYrw,UCLI5Dd7feZbOShyDS-dHjQg,time,1,0.7284,27,6350.84,4499,3423,1.8553421664721699,early,,15,12,none,0
ilkOBHdBYrw,UCLI5Dd7feZbOShyDS-dHjQg,time,2,1.7284,27,5338.53,4499,3423,1.5596048854618112,early,0.5541603048998682,15,12,none,0
ilkOBHdBYrw,UCLI5Dd7feZbOShyDS-dHjQg,time,3,2.7284,27,4121.82,4499,3423,1.2041552455884783,early,0.4276340174218347,15,11,none,0
ilkOBHdBYrw,UCLI5Dd7feZbOShyDS-dHjQg,time,5,4.7284,27,4555.45,4499,3423,1.3308344264495684,likely,0.3631986218167126,15,11,none,0
ilkOBHdBYrw,UCLI5Dd7feZbOShyDS-dHjQg,time,7,6.7284,27,5158.10,4499,3423,1.5068943015169745,likely,0.3528369144325147,15,11,none,0
ilkOBHdBYrw,UCLI5Dd7feZbOShyDS-dHjQg,time,14,12.7284,27,4661.38,4499,3423,1.3617819426342768,confirmed,0.293323124297636,15,10,none,0
3wT9uNRk3AM,UCdJ9oJ2GUF8Vmb-G63ldGWg,time,5,5.7329,28,492857.79,740388,,,insufficient,,0,0,none,0
3wT9uNRk3AM,UCdJ9oJ2GUF8Vmb-G63ldGWg,time,7,7.7329,28,720964.54,740388,81287.33917309041,8.869333724636295,confirmed,0.7531234031340762,10,10,none,0
3wT9uNRk3AM,UCdJ9oJ2GUF8Vmb-G63ldGWg,time,14,13.7329,28,602772.35,740388,81976.02592852138,7.353032124408022,confirmed,0.44988211897732944,10,10,none,0
Jk1FtgY8sSQ,UCYO_YUHK7ZROCqJMtSOuOHQ,time,0.5,0.7226,29,527.25,15009,915.8888801509718,0.5756694334746137,early,,14,13,none,0
Jk1FtgY8sSQ,UCYO_YUHK7ZROCqJMtSOuOHQ,time,1,0.7226,29,527.25,15009,915.8888801509718,0.5756694334746137,early,,14,13,none,0
Jk1FtgY8sSQ,UCYO_YUHK7ZROCqJMtSOuOHQ,time,2,1.7226,29,449.63,15009,920.5013156590942,0.488465382801752,early,0.5841088982563076,14,13,none,0
Jk1FtgY8sSQ,UCYO_YUHK7ZROCqJMtSOuOHQ,time,3,3.7226,29,596.51,15009,879.3779382261608,0.6783336287810807,likely,0.6041789815693346,15,13,none,0
Jk1FtgY8sSQ,UCYO_YUHK7ZROCqJMtSOuOHQ,time,5,4.7226,29,934.13,15009,869.5691734547519,1.0742453436583317,likely,0.7690416820655107,15,12,none,0
Jk1FtgY8sSQ,UCYO_YUHK7ZROCqJMtSOuOHQ,time,7,6.7226,29,3056.26,15009,1877.021499783398,1.6282524476870224,likely,1.4929230337511767,15,12,none,0
Jk1FtgY8sSQ,UCYO_YUHK7ZROCqJMtSOuOHQ,time,14,14.7226,29,37335.25,15009,4786.4510684975985,7.800195461294682,confirmed,1.766583312691383,15,9,none,0
yKEz3es8ITs,UCE3qIUaYYSQfgZZZlFIenZw,time,14,12.6742,27,14765.27,15570,14130.507204257428,1.0449216107627197,confirmed,0.5329464906834828,15,14,none,0
QCXmhhMlb2A,UCPb5icVxZvFpmORSjDKrrnw,time,1,0.7923,28,16935.56,12909,11943.184302733007,1.4180107135818485,early,,15,13,none,0
QCXmhhMlb2A,UCPb5icVxZvFpmORSjDKrrnw,time,2,2.7923,28,18910.85,12909,12033.284512964261,1.5715453960143746,early,0.6956269182540485,15,12,none,0
QCXmhhMlb2A,UCPb5icVxZvFpmORSjDKrrnw,time,3,2.7923,28,18910.85,12909,12033.284512964261,1.5715453960143746,early,0.6956269182540485,15,12,none,0
QCXmhhMlb2A,UCPb5icVxZvFpmORSjDKrrnw,time,5,4.7923,28,15861.47,12909,12033.284512964261,1.3181332919037523,likely,0.4649473647065772,15,12,none,0
QCXmhhMlb2A,UCPb5icVxZvFpmORSjDKrrnw,time,7,6.7923,28,15626.12,12909,12033.284512964261,1.2985751463198445,likely,0.39428079173974684,15,12,none,0
QCXmhhMlb2A,UCPb5icVxZvFpmORSjDKrrnw,time,14,12.7923,28,13775.63,12909,12352.649614576034,1.1151966976173098,confirmed,0.31123105782267124,15,10,none,0
RPhkTFlwaOk,UCXGR70CkW_pXb8n52LzCCRw,heldout,5,4.0828,30,411835.71,440398,296874.5579316018,1.3872381540747458,likely,,15,12,none,0
RPhkTFlwaOk,UCXGR70CkW_pXb8n52LzCCRw,heldout,14,14.0828,30,436955.18,440398,310113,1.409019243647965,confirmed,0.233384811874524,15,11,none,0
foru-QnySpY,UCEKt2bUDBoRUw3wpPpDOUaA,time,3,3.8437,28,266052.78,284478,134601,1.9766033270429646,likely,,15,14,none,0
foru-QnySpY,UCEKt2bUDBoRUw3wpPpDOUaA,time,5,5.8437,28,244616.43,284478,134601,1.817344799959546,likely,0.3559963858738398,15,13,none,0
foru-QnySpY,UCEKt2bUDBoRUw3wpPpDOUaA,time,7,6.8437,28,255304.34,284478,134601,1.896749236828473,likely,0.37663028978431484,15,13,none,0
foru-QnySpY,UCEKt2bUDBoRUw3wpPpDOUaA,time,14,13.8437,28,287707.58,284478,134601,2.1374847472144354,confirmed,0.34165237375348095,15,11,none,0
M5f3XQODM4E,UCGDy78008pRm0Y-HYq9jOwg,time,5,6.6041,29,625.60,2443,,,insufficient,,0,0,none,0
M5f3XQODM4E,UCGDy78008pRm0Y-HYq9jOwg,time,7,6.6041,29,625.60,2443,,,insufficient,,0,0,none,0
M5f3XQODM4E,UCGDy78008pRm0Y-HYq9jOwg,time,14,13.6041,29,1319.39,2443,,,insufficient,1.1343693752359603,0,0,none,0
2_3dynQg0gw,UCQQFz2LkJMoqSFTas-oozOw,time,14,12.8991,27,15102.17,16195,7744.193555422829,1.950127694676885,confirmed,,15,15,none,0
5wwGpoej35w,UC9vUu4vlIlMC0dHQCTvQPbg,time,5,5.7708,28,27023.68,21801,,,insufficient,,1,1,none,0
5wwGpoej35w,UC9vUu4vlIlMC0dHQCTvQPbg,time,7,6.7708,28,22255.35,21801,,,insufficient,0.132830825912159,1,1,none,0
5wwGpoej35w,UC9vUu4vlIlMC0dHQCTvQPbg,time,14,13.7708,28,21973.22,21801,,,insufficient,0.08714946662204816,1,1,none,0
Fqbp7ghZ6pU,UCc2lUKVOTXKlQR7Fm7h1JfQ,time,5,4.9164,27,26829.23,23192,,,insufficient,,1,1,none,0
Fqbp7ghZ6pU,UCc2lUKVOTXKlQR7Fm7h1JfQ,time,7,6.9164,27,22731.44,23192,,,insufficient,0.16031855480586438,1,1,none,0
Fqbp7ghZ6pU,UCc2lUKVOTXKlQR7Fm7h1JfQ,time,14,12.9164,27,24074.81,23192,,,insufficient,0.13510028619064535,1,1,none,0
5UgGiXN-s9U,UCTJdHk01ygktpSPfVTQRE6Q,heldout,5,5.7178,30,3321.87,3275,4964.102939523897,0.6691782739328292,likely,,10,9,none,0
5UgGiXN-s9U,UCTJdHk01ygktpSPfVTQRE6Q,heldout,7,6.7178,30,3056.18,3275,4964.102939523897,0.6156569668228461,likely,0.2436144295710165,10,9,none,0
5UgGiXN-s9U,UCTJdHk01ygktpSPfVTQRE6Q,heldout,14,13.7178,30,3315.21,3275,5155.141288002893,0.643088075945674,confirmed,0.24561863712213433,10,9,none,0
kmDkhO47Svs,UC8wXC0ZCfGt3HaVLy_fdTQw,time,5,5.8853,28,14838.95,17246,,,insufficient,,0,0,none,0
kmDkhO47Svs,UC8wXC0ZCfGt3HaVLy_fdTQw,time,7,6.8853,28,13626.45,17246,,,insufficient,0.23540370649023867,0,0,none,0
kmDkhO47Svs,UC8wXC0ZCfGt3HaVLy_fdTQw,time,14,13.8853,28,14929.64,17246,,,insufficient,0.26036525942759003,0,0,none,0
v2wc7Pde8Ms,UCObA5o3mcc1felIMAv6cukw,heldout,5,5.0135,29,54986.44,60606,70348.82589015862,0.7816256231033695,likely,0.14159815943147644,10,9,none,0
v2wc7Pde8Ms,UCObA5o3mcc1felIMAv6cukw,time,5,5.0135,29,54986.44,60606,70348.82589015862,0.7816256231033695,likely,0.14159815943147644,10,9,none,0
v2wc7Pde8Ms,UCObA5o3mcc1felIMAv6cukw,heldout,7,7.0135,29,56650.49,60606,70348.82589015862,0.8052798159711464,confirmed,0.19609180238433044,10,9,none,0
v2wc7Pde8Ms,UCObA5o3mcc1felIMAv6cukw,time,7,7.0135,29,56650.49,60606,70348.82589015862,0.8052798159711464,confirmed,0.19609180238433044,10,9,none,0
v2wc7Pde8Ms,UCObA5o3mcc1felIMAv6cukw,heldout,14,14.0135,29,62458.84,60606,70553.0167106546,0.8852752018905875,confirmed,0.18328191479432765,10,9,none,0
v2wc7Pde8Ms,UCObA5o3mcc1felIMAv6cukw,time,14,14.0135,29,62458.84,60606,70553.0167106546,0.8852752018905875,confirmed,0.18328191479432765,10,9,none,0
XGl-8BSbgFk,UCuVaqIpPgUyGP6AytqSfs0g,time,1,1.0826,29,2467.70,1687,3787.339969455221,0.6515657627659314,early,1.6555879967677434,15,15,none,0
XGl-8BSbgFk,UCuVaqIpPgUyGP6AytqSfs0g,time,2,2.0826,29,2750.89,1687,3824.690743522062,0.7192451349260776,early,1.1178975238451756,15,15,none,0
XGl-8BSbgFk,UCuVaqIpPgUyGP6AytqSfs0g,time,3,3.0826,29,2646.66,1687,3829.1881001845463,0.6911810328735537,likely,0.9462665042654352,15,15,none,0
XGl-8BSbgFk,UCuVaqIpPgUyGP6AytqSfs0g,time,5,5.0826,29,2515.25,1687,3868.549536402732,0.650180105802642,likely,0.7849748071638842,15,15,none,0
XGl-8BSbgFk,UCuVaqIpPgUyGP6AytqSfs0g,time,7,7.0826,29,2356.38,1687,3870.4718521065,0.6088099657345133,confirmed,0.7067892914572402,15,15,none,0
XGl-8BSbgFk,UCuVaqIpPgUyGP6AytqSfs0g,time,14,14.0826,29,2002.65,1687,3921.5188854682747,0.5106812898692464,confirmed,0.5653696927727041,15,14,none,0
dh9teT_Pe7w,UCCT5Ht1fD3xm0mi9rsmArYg,time,5,5.9687,29,47.59,72,,,insufficient,,0,0,none,0
dh9teT_Pe7w,UCCT5Ht1fD3xm0mi9rsmArYg,time,7,7.9687,29,68.68,72,,,insufficient,0.7226006196494977,0,0,none,0
dh9teT_Pe7w,UCCT5Ht1fD3xm0mi9rsmArYg,time,14,13.9687,29,70.91,72,,,insufficient,0.6147574734733722,0,0,none,0
JIAnC9Cf7yg,UCHYoe8kQ-7Gn9ASOlmI0k6Q,time,7,7.6215,29,505523.19,546433,434355.13486123324,1.1638476233769997,confirmed,,15,14,none,0
JIAnC9Cf7yg,UCHYoe8kQ-7Gn9ASOlmI0k6Q,time,14,13.6215,29,489960.55,546433,429082.9659455937,1.1418783437566027,confirmed,0.21853406530474834,15,13,none,0
flyw7NFt5wc,UCeKKrZ5GnBXRwnKlrixiREQ,time,5,4.8370,27,11734.64,9236,,,insufficient,,1,1,none,0
flyw7NFt5wc,UCeKKrZ5GnBXRwnKlrixiREQ,time,7,6.8370,27,9817.60,9236,,,insufficient,0.11559913566887953,1,1,none,0
flyw7NFt5wc,UCeKKrZ5GnBXRwnKlrixiREQ,time,14,12.8370,27,9419.60,9236,,,insufficient,0.06385579942155904,1,1,none,0
Hn1o3mcpWXs,UCsP7Bpw36J666Fct5M8u-ZA,time,14,15.1041,27,294720.20,298906,364214.04239663633,0.8091950576934943,confirmed,0.125755405022871,10,10,none,0
a8NA0WGI9OI,UCuwpzP90g1LuGk6JUNms_AQ,time,14,13.9583,30,5187.71,5435,6876.162578836721,0.7544484617321447,confirmed,0.30103275143906855,15,14,none,0
sSwiiBpEc5E,UCstwpLSByklww1YojZN-KiQ,heldout,0.5,0.5487,30,21082.55,73039,119386.13217851822,0.1765912833118923,early,,7,6,none,0
sSwiiBpEc5E,UCstwpLSByklww1YojZN-KiQ,heldout,1,0.5487,30,21082.55,73039,119386.13217851822,0.1765912833118923,early,,7,6,none,0
sSwiiBpEc5E,UCstwpLSByklww1YojZN-KiQ,heldout,14,13.5487,30,88361.18,73039,117381.73698579564,0.7527677318466313,confirmed,1.0508316545581378,7,6,none,0
ks_jjLJb-u4,UCWZVKz_sV9PPREGQfJy-9og,time,14,13.8538,28,52958.21,50646,70723.31254379818,0.7488084270452946,confirmed,0.40055685802340746,10,9,none,0
BEbH8PlL8cc,UCWyL3FzhX0CaxgkOMTQMa0A,time,14,12.7915,27,6518.00,6558,15327.379352645097,0.42525238306021335,confirmed,0.12905574663911393,15,15,none,0
yxlnqy72HHc,UCcqoA9k6BIY34CnAtrX6Gfg,time,14,14.9570,27,11293.90,10771,2501.395935529082,4.515037619108911,confirmed,0.17130649647288199,15,14,none,0
oRHoyBsT6e8,UC8jRs1LfVO5vsrSk-YRu5ZA,time,7,8.9062,28,2287.16,1840,2919.1287887577273,0.7835083771652387,confirmed,,9,7,none,0
oRHoyBsT6e8,UC8jRs1LfVO5vsrSk-YRu5ZA,time,14,13.9062,28,1886.19,1840,2716.5886767698753,0.6943240204968508,confirmed,0.012091988172626314,15,11,none,0
HxAnH7rR-1E,UCmu7bw5BYIeR0VDw0hJKblw,time,14,14.4273,28,182.44,215,434.2492211533892,0.42012113647787636,confirmed,0.2992140870414048,15,13,none,0
bDlxnLu8mb0,UCkRhsBbu0tvQrXBtvpl0kIg,time,14,12.5623,27,3932.04,3972,4163,0.9445199156444463,confirmed,,15,14,none,0
eNslRSeP7Cw,UCGc8ZVCsrR3dAuhvUbkbToQ,heldout,2,2.8742,31,96966.81,100301,175407.26769446392,0.5528095147590704,early,,10,9,none,0
eNslRSeP7Cw,UCGc8ZVCsrR3dAuhvUbkbToQ,heldout,3,2.8742,31,96966.81,100301,175407.26769446392,0.5528095147590704,early,,10,9,none,0
eNslRSeP7Cw,UCGc8ZVCsrR3dAuhvUbkbToQ,heldout,5,5.8742,31,96146.76,100301,175771.23686054663,0.5469994102590672,likely,0.346263991133961,10,9,none,0
eNslRSeP7Cw,UCGc8ZVCsrR3dAuhvUbkbToQ,heldout,7,6.8742,31,93185.21,100301,176181.59425367904,0.528915680723514,likely,0.3253854504158417,10,9,none,0
eNslRSeP7Cw,UCGc8ZVCsrR3dAuhvUbkbToQ,heldout,14,13.8742,31,99794.31,100301,176522.81534688157,0.5653337739382314,confirmed,0.2800740670077501,10,9,none,0
hyAzuvVa7rs,UCqg4NBVlXBMRNvMGQ63cYfg,time,14,13.8959,29,4646.27,4677,3715.9717795607507,1.2503521552937962,confirmed,0.04806848609351684,10,9,none,0
o7RyfMOfS04,UCClMPKqtJ1LbRBCDP948g5Q,time,7,7.9571,29,4614.60,4385,3544.9209101368665,1.3017508903294492,confirmed,,15,14,none,0
o7RyfMOfS04,UCClMPKqtJ1LbRBCDP948g5Q,time,14,13.9571,29,4327.33,4385,3843.8315039397553,1.1257866676236488,confirmed,0.16076814223087113,15,12,none,0
cSzZ5xSVxkE,UCCZLVYAGIoGvaFUrTyyeaXA,time,5,5.9160,28,11628.58,8927,21247.591085939825,0.5472895259872266,likely,,5,5,none,0
cSzZ5xSVxkE,UCCZLVYAGIoGvaFUrTyyeaXA,time,7,7.9160,28,9583.40,8927,20576.541268128378,0.4657441094869333,confirmed,0.07478192122652762,5,5,none,0
cSzZ5xSVxkE,UCCZLVYAGIoGvaFUrTyyeaXA,time,14,13.9160,28,9101.45,8927,19371.850636277275,0.4698285376332812,confirmed,0.03881864838118347,5,5,none,0
Plmb7c0pNdo,UCrzFIb07hYMhMguR1G0ZtOw,time,1,0.9994,29,12070.67,16968,7517.90805342538,1.605589412759994,early,,15,11,none,0
Plmb7c0pNdo,UCrzFIb07hYMhMguR1G0ZtOw,time,2,1.9994,29,11749.13,16968,7517.83067660815,1.5628352990198555,early,0.5369160488546397,15,10,none,0
Plmb7c0pNdo,UCrzFIb07hYMhMguR1G0ZtOw,time,3,2.9994,29,11592.44,16968,7503.75136505929,1.5448860812438894,early,0.46686964855378,15,10,none,0
Plmb7c0pNdo,UCrzFIb07hYMhMguR1G0ZtOw,time,5,4.9994,29,10695.23,16968,7482,1.4294620170065888,likely,0.36040459930271856,15,9,none,0
Plmb7c0pNdo,UCrzFIb07hYMhMguR1G0ZtOw,time,7,6.9994,29,11970.06,16968,7482,1.5998481359694334,likely,0.3629369190237464,15,9,none,0
Plmb7c0pNdo,UCrzFIb07hYMhMguR1G0ZtOw,time,14,13.9994,29,18955.11,16968,7482,2.5334288267218112,confirmed,0.4615301836160251,15,5,none,0
-gjZLwLAoGI,UC_AuoGXQt-y7eqjKaTsYmjg,heldout,14,13.7292,30,2580.36,2558,4212.904054057911,0.612490632930125,confirmed,,15,13,none,0
DvMA-1sBhpU,UCll3zdukvI1oWlG-F13UCZw,heldout,1,1.0299,31,12909.82,13701,1461.6665553943446,8.832261527682276,early,,15,15,none,0
DvMA-1sBhpU,UCll3zdukvI1oWlG-F13UCZw,heldout,2,1.0299,31,12909.82,13701,1461.6665553943446,8.832261527682276,early,,15,15,none,0
DvMA-1sBhpU,UCll3zdukvI1oWlG-F13UCZw,heldout,14,16.0299,31,15268.20,13701,1302.0629357319242,11.726164449250751,confirmed,0.42858182805120565,15,13,none,0
np06L0fI-B0,UCHXLx_WGu4zQAq4fLVurzfA,heldout,5,4.9158,30,8726.88,14057,4543.928569981948,1.9205577083578813,likely,,15,12,none,0
np06L0fI-B0,UCHXLx_WGu4zQAq4fLVurzfA,heldout,7,7.9158,30,11417.04,14057,4532.085331744814,2.5191575821211867,confirmed,0.6318784606231092,15,12,none,0
np06L0fI-B0,UCHXLx_WGu4zQAq4fLVurzfA,heldout,14,13.9158,30,13333.44,14057,4620.1614388462185,2.8859242179957727,confirmed,0.5628632825520073,15,11,none,0
neI5pn3rqf4,UCJS9pqu9BzkAMNTmzNMNhvg,time,14,12.6130,27,2023.90,2013,2300.793618668292,0.8796543308601926,confirmed,0.47805860465168076,15,10,none,0
KP5CplhE4r8,UCiDJtJKMICpb9B1qf7qjEOA,time,1,0.9163,28,268770.57,287991,94255.78297087023,2.851502202132058,early,,14,14,none,0
KP5CplhE4r8,UCiDJtJKMICpb9B1qf7qjEOA,time,2,1.9163,28,217762.50,287991,104707.92552782288,2.0797136730582118,early,0.46530687578320296,15,15,none,0
KP5CplhE4r8,UCiDJtJKMICpb9B1qf7qjEOA,time,3,2.9163,28,212491.21,287991,103958.61123945075,2.0439981473523274,early,0.4252642454052755,15,15,none,0
KP5CplhE4r8,UCiDJtJKMICpb9B1qf7qjEOA,time,5,4.9163,28,223591.13,287991,102824.04978715153,2.174502263770952,likely,0.38852140324671436,15,15,none,0
KP5CplhE4r8,UCiDJtJKMICpb9B1qf7qjEOA,time,7,6.9163,28,249590.60,287991,102690.34578689649,2.43051670709305,likely,0.3973987972491127,15,15,none,0
KP5CplhE4r8,UCiDJtJKMICpb9B1qf7qjEOA,time,14,13.9163,28,299174.03,287991,105705.160157107,2.8302689259818874,confirmed,0.4027680336139969,15,15,none,0
7QhK_0leZ7k,UCycGV6fAhD_-7GPmCkkESdw,time,1,0.8125,27,39392.67,401771,1910.040995094604,20.623992585139337,early,,10,9,none,0
7QhK_0leZ7k,UCycGV6fAhD_-7GPmCkkESdw,time,2,1.8125,27,159232.62,401771,1910.040995094604,83.36607311567889,early,3.3535284913142855,10,9,none,0
7QhK_0leZ7k,UCycGV6fAhD_-7GPmCkkESdw,time,3,2.8125,27,206190.58,401771,1910.040995094604,107.95086540679269,early,2.497053454176277,10,9,none,0
7QhK_0leZ7k,UCycGV6fAhD_-7GPmCkkESdw,time,5,4.8125,27,382492.00,401771,1910.040995094604,200.25329425047593,likely,2.2521654111267413,10,9,none,0
7QhK_0leZ7k,UCycGV6fAhD_-7GPmCkkESdw,time,7,6.8125,27,464612.76,401771,1963.1198318149966,236.67060654483745,likely,2.0192588372659888,10,9,none,0
7QhK_0leZ7k,UCycGV6fAhD_-7GPmCkkESdw,time,14,12.8125,27,494362.75,401771,1963.1198318149966,251.8250495560054,confirmed,1.5191197816272541,10,8,none,0
kDoHzbiOQHs,UCB2zycIY_qMKZjlE98zO4gg,time,7,8.8749,28,1967.44,1967,2080.3212665975584,0.9457373526605638,confirmed,,12,8,none,0
kDoHzbiOQHs,UCB2zycIY_qMKZjlE98zO4gg,time,14,13.8749,28,1970.99,1967,2000.443178436805,0.9852787390326895,confirmed,0.29114274325794914,15,9,none,0
N1CGq7zSjjM,UC3KEoMzNz8eYnwBC34RaKCQ,time,0.5,0.6246,27,278689.64,231830,482858.3716738173,0.5771664188122483,early,,10,10,none,0
N1CGq7zSjjM,UC3KEoMzNz8eYnwBC34RaKCQ,time,1,0.6246,27,278689.64,231830,482858.3716738173,0.5771664188122483,early,,10,10,none,0
N1CGq7zSjjM,UC3KEoMzNz8eYnwBC34RaKCQ,time,2,1.6246,27,319839.34,231830,482858.3716738173,0.6623874713245209,early,0.8417556533261605,10,10,none,0
N1CGq7zSjjM,UC3KEoMzNz8eYnwBC34RaKCQ,time,3,2.6246,27,281234.04,231830,482858.3716738173,0.5824358890408491,early,0.6168302889322819,10,10,none,0
N1CGq7zSjjM,UC3KEoMzNz8eYnwBC34RaKCQ,time,5,4.6246,27,263861.21,231830,482611.2366463608,0.5467365557477404,likely,0.4784639163804531,10,10,none,0
N1CGq7zSjjM,UC3KEoMzNz8eYnwBC34RaKCQ,time,7,6.6246,27,257279.54,231830,480332.3025299463,0.5356282348568236,likely,0.42463006841676787,10,10,none,0
N1CGq7zSjjM,UC3KEoMzNz8eYnwBC34RaKCQ,time,14,12.6246,27,254783.79,231830,479661.37716399436,0.5311742889304872,confirmed,0.3424972284112842,10,10,none,0
Vs6vJwmJL0Y,UC-ew9TfeD887qUSiWWAAj1w,heldout,14,14.5532,30,15672.82,18924,6900.360800052682,2.2713039955465786,confirmed,0.32412632882635367,15,14,none,0
ygqu_w6P5Mk,UCUct4nBOq47nXbHtq7p8eUA,time,7,7.7187,28,20984.74,19330,9811.937004383202,2.1386950940677556,confirmed,,12,11,none,0
ygqu_w6P5Mk,UCUct4nBOq47nXbHtq7p8eUA,time,14,12.7187,28,17878.55,19330,9828.928003539397,1.8189720915216092,confirmed,0.08272429394867672,15,14,none,0
If1JnWnvptE,UChISHLovxnSLP0w81NEQj5w,time,14,13.7848,29,5957.33,5388,19798.00757538534,0.3009054692804608,confirmed,,15,15,none,0
PDgM-SD3Fx4,UCacg8HOfIUfFSUl2qk5m1sA,heldout,14,13.5418,30,14731.53,15296,5595.33784042203,2.6328223013594036,confirmed,0.2539262172481562,15,11,none,0
MFtIWCYWwGw,UC5_SBQbLA9Kg7Jh5GpXoP3g,time,1,0.8328,28,92.73,249,2272.895712233732,0.04079917816724064,early,,9,8,none,0
MFtIWCYWwGw,UC5_SBQbLA9Kg7Jh5GpXoP3g,time,2,1.8328,28,105.59,249,2282.160023259046,0.04626802840290305,early,0.9092444695459587,9,8,none,0
MFtIWCYWwGw,UC5_SBQbLA9Kg7Jh5GpXoP3g,time,3,2.8328,28,400.68,249,726.8977667542015,0.5512209311774837,early,2.256911424483513,15,14,none,0
MFtIWCYWwGw,UC5_SBQbLA9Kg7Jh5GpXoP3g,time,5,4.8328,28,382.23,249,682.6817413434579,0.5598935480943273,likely,1.526960112258604,15,12,none,0
MFtIWCYWwGw,UC5_SBQbLA9Kg7Jh5GpXoP3g,time,7,6.8328,28,346.67,249,669.4739217092007,0.5178260350994658,likely,1.2401331859078635,15,12,none,0
MFtIWCYWwGw,UC5_SBQbLA9Kg7Jh5GpXoP3g,time,14,13.8328,28,331.02,249,640.908670873874,0.5164807908039015,confirmed,0.8898976148907874,15,12,none,0
I1G0PGxQ9RY,UCll3zdukvI1oWlG-F13UCZw,time,1,0.8972,29,5506.72,2638,4470.872591304252,1.2316875515674093,early,,15,15,none,0
I1G0PGxQ9RY,UCll3zdukvI1oWlG-F13UCZw,time,2,1.8972,29,3555.57,2638,4460.456297071698,0.7971317614080908,early,0.15925470876276343,15,15,none,0
I1G0PGxQ9RY,UCll3zdukvI1oWlG-F13UCZw,time,3,2.8972,29,3083.07,2638,4460.379975741854,0.6912130314885165,early,0.10324860847636445,15,15,none,0
I1G0PGxQ9RY,UCll3zdukvI1oWlG-F13UCZw,time,5,4.8972,29,2878.06,2638,4497.931411279625,0.6398629216317695,likely,0.08425069901128365,15,15,none,0
I1G0PGxQ9RY,UCll3zdukvI1oWlG-F13UCZw,time,7,6.8972,29,2800.47,2638,4511.237742248151,0.6207771958063986,likely,0.07335929570983812,15,15,none,0
I1G0PGxQ9RY,UCll3zdukvI1oWlG-F13UCZw,time,14,13.8972,29,2587.13,2638,4607.4589273562,0.5615092781176068,confirmed,0.05720148520903392,15,13,none,0
q8g75De09eM,UC7F-suscQATns3qRYHpyijw,time,5,4.7907,27,53451.78,127435,,,insufficient,,0,0,none,0
q8g75De09eM,UC7F-suscQATns3qRYHpyijw,time,7,6.7907,27,62986.57,127435,,,insufficient,0.5212314895548573,0,0,none,0
q8g75De09eM,UC7F-suscQATns3qRYHpyijw,time,14,15.7907,27,95087.29,127435,,,insufficient,0.6080272467958165,0,0,none,0
zvCZANVXaKw,UCx6yJsJ8qmJu7ja-hTQglRA,time,1,0.9868,27,9777.19,21937,5770.873861247373,1.6942295829628133,early,,15,13,none,0
zvCZANVXaKw,UCx6yJsJ8qmJu7ja-hTQglRA,time,2,1.9868,27,16505.34,21937,5770.873861247373,2.8601112511030777,early,1.230401510389345,15,13,none,0
zvCZANVXaKw,UCx6yJsJ8qmJu7ja-hTQglRA,time,3,2.9868,27,19182.89,21937,5770.873861247373,3.324086905927749,early,1.1154012386588983,15,13,none,0
zvCZANVXaKw,UCx6yJsJ8qmJu7ja-hTQglRA,time,5,4.9868,27,30134.57,21937,5770.873861247373,5.221838191189379,likely,1.249551566670998,15,13,none,0
zvCZANVXaKw,UCx6yJsJ8qmJu7ja-hTQglRA,time,7,7.9868,27,30865.17,21937,5985.865451997197,5.156341766980771,confirmed,1.0160600742994543,15,13,none,0
zvCZANVXaKw,UCx6yJsJ8qmJu7ja-hTQglRA,time,14,14.9868,27,27814.08,21937,5985.865451997197,4.646626332114231,confirmed,0.7819879872905935,15,12,none,0
t33396oOt-A,UCdwo4k1RQHTcq_-WS7Cazqg,time,5,6.9572,29,760.29,667,,,insufficient,,0,0,none,0
t33396oOt-A,UCdwo4k1RQHTcq_-WS7Cazqg,time,7,6.9572,29,760.29,667,,,insufficient,,0,0,none,0
t33396oOt-A,UCdwo4k1RQHTcq_-WS7Cazqg,time,14,13.9572,29,664.20,667,,,insufficient,0.09914304506618772,0,0,none,0
6dNLIhtyVvg,UCxkIzPnPzWLz4IeuxIROflg,time,1,0.8749,28,2338.07,6549,1834.5674695264822,1.2744555732204712,early,,15,13,none,0
6dNLIhtyVvg,UCxkIzPnPzWLz4IeuxIROflg,time,2,1.8749,28,2735.21,6549,1817.6285542600356,1.5048257096830189,early,0.7584796501235954,15,12,none,0
6dNLIhtyVvg,UCxkIzPnPzWLz4IeuxIROflg,time,3,2.8749,28,3177.57,6549,1810.7015439236393,1.7548840848704803,early,0.8528164386824207,15,12,none,0
6dNLIhtyVvg,UCxkIzPnPzWLz4IeuxIROflg,time,5,4.8749,28,7071.27,6549,1900.355129038427,3.72102344896334,likely,0.8281209571546763,15,11,none,0
6dNLIhtyVvg,UCxkIzPnPzWLz4IeuxIROflg,time,7,6.8749,28,5726.38,6549,1908.2760879539937,3.0008116744338014,likely,0.8830713100927539,15,10,none,0
6dNLIhtyVvg,UCxkIzPnPzWLz4IeuxIROflg,time,14,13.8749,28,6471.21,6549,1846.3772428261852,3.5048137544311184,confirmed,0.7918263347702984,15,7,none,0
R2JtYN2wY0Y,UCGxjDWAN1KwrkXYVi8CXtjQ,time,1,0.9993,29,6274.87,5905,25984.659473321237,0.2414837913327802,early,,15,10,none,0
R2JtYN2wY0Y,UCGxjDWAN1KwrkXYVi8CXtjQ,time,2,1.9993,29,5629.06,5905,25882.085672898764,0.21748864075980298,early,0.5407296702582337,15,10,none,0
R2JtYN2wY0Y,UCGxjDWAN1KwrkXYVi8CXtjQ,time,3,2.9993,29,4885.97,5905,25816.137572669268,0.18926014845273062,early,0.4164483829184875,15,9,none,0
R2JtYN2wY0Y,UCGxjDWAN1KwrkXYVi8CXtjQ,time,5,4.9993,29,4069.01,5905,25900,0.15710471351395563,likely,0.2990646311976412,15,7,none,0
R2JtYN2wY0Y,UCGxjDWAN1KwrkXYVi8CXtjQ,time,7,6.9993,29,4668.12,5905,25900,0.18023620815914207,likely,0.2863298430583539,15,6,none,0
R2JtYN2wY0Y,UCGxjDWAN1KwrkXYVi8CXtjQ,time,14,12.9993,29,5111.66,5905,25900,0.1973613764924617,confirmed,0.2804723625015545,15,4,none,0
xPIOR7t7_Z8,UC6h1nurnE-9auq41a5oiPnA,time,3,3.9231,27,245.70,321,448.71688857743516,0.547566405561089,likely,,14,13,none,0
xPIOR7t7_Z8,UC6h1nurnE-9auq41a5oiPnA,time,5,4.9231,27,234.02,321,446.93272599859847,0.5236083681705166,likely,0.46762231578402075,15,14,none,0
xPIOR7t7_Z8,UC6h1nurnE-9auq41a5oiPnA,time,7,6.9231,27,239.76,321,446.93272599859847,0.5364657042547966,likely,0.4167784658750693,15,14,none,0
xPIOR7t7_Z8,UC6h1nurnE-9auq41a5oiPnA,time,14,12.9231,27,281.78,321,448.7168885774352,0.6279676457237263,confirmed,0.42455428951614893,15,13,none,0
HUH-JIHHQfw,UC5_SBQbLA9Kg7Jh5GpXoP3g,time,1,0.8329,28,15.90,175,2272.895712233732,0.0069941448286698245,early,,11,10,none,0
HUH-JIHHQfw,UC5_SBQbLA9Kg7Jh5GpXoP3g,time,2,1.8329,28,29.45,175,2282.160023259046,0.01290335950963424,early,1.5919841218419692,11,10,none,0
HUH-JIHHQfw,UC5_SBQbLA9Kg7Jh5GpXoP3g,time,3,2.8329,28,134.28,175,916,0.1465964732644118,early,3.1656762768721016,15,14,none,0
HUH-JIHHQfw,UC5_SBQbLA9Kg7Jh5GpXoP3g,time,5,4.8329,28,137.98,175,916,0.1506281477054009,likely,2.1702546976311083,15,12,none,0
HUH-JIHHQfw,UC5_SBQbLA9Kg7Jh5GpXoP3g,time,7,7.8329,28,155.35,175,916,0.1695937397818176,confirmed,1.7564277165334627,15,12,none,0
HUH-JIHHQfw,UC5_SBQbLA9Kg7Jh5GpXoP3g,time,14,13.8329,28,178.01,175,916,0.1943379867883936,confirmed,1.4366890670597519,15,12,none,0
05TiKhSd0d4,UC3_BakzLfadvFrsnClMFWmQ,time,0.5,0.5659,27,2432.97,908,776.4479572218827,3.133460391862615,early,,14,14,none,0
05TiKhSd0d4,UC3_BakzLfadvFrsnClMFWmQ,time,1,0.5659,27,2432.97,908,776.4479572218827,3.133460391862615,early,,14,14,none,0
05TiKhSd0d4,UC3_BakzLfadvFrsnClMFWmQ,time,2,1.5659,27,1224.31,908,790.4862635268266,1.5488067239627605,early,0.20140083790550742,15,15,none,0
05TiKhSd0d4,UC3_BakzLfadvFrsnClMFWmQ,time,3,2.5659,27,1088.00,908,779.750145631942,1.3953143147985523,early,0.1590783097999724,15,15,none,0
05TiKhSd0d4,UC3_BakzLfadvFrsnClMFWmQ,time,5,4.5659,27,1003.44,908,758.2661641875818,1.3233399326174808,likely,0.11042976383163915,15,15,none,0
05TiKhSd0d4,UC3_BakzLfadvFrsnClMFWmQ,time,7,6.5659,27,978.57,908,744.3992705979431,1.3145787042286934,likely,0.09608128062571261,15,15,none,0
05TiKhSd0d4,UC3_BakzLfadvFrsnClMFWmQ,time,14,12.5659,27,866.80,908,708.9583710010284,1.2226374671621738,confirmed,0.07217388307500647,15,13,none,0
BHaekyT6NyI,UCVNsLoYc5c6BhatQ5aO1T9g,time,7,7.0281,27,59.16,69,66.2679323925529,0.8927634676132392,confirmed,,15,15,none,0
BHaekyT6NyI,UCVNsLoYc5c6BhatQ5aO1T9g,time,14,13.0281,27,60.44,69,64.43511528501777,0.9379876609706045,confirmed,0.2487587000828974,15,10,none,0
pG39Zer2EVU,UCPAt6z5uX_c5Eo_cSNROzYw,time,7,8.8756,28,12038.75,9813,4125.058250618295,2.918444607262251,confirmed,,15,15,none,0
pG39Zer2EVU,UCPAt6z5uX_c5Eo_cSNROzYw,time,14,13.8756,28,9999.09,9813,3834.3936578001244,2.607738043055178,confirmed,0.029429268829547016,15,15,none,0
SOg-CUeEqdY,UCUpbDOT-OVNBlaQpb9pbd2w,heldout,14,14.6690,29,8285.41,8036,22604.405489226447,0.36653945532082616,confirmed,0.008046150686578376,15,15,none,0
NB_u7v_9ebM,UCqXT5lnIuR8vCQbD9-gkWnA,time,14,14.9752,27,719.59,695,2446.1141964880844,0.2941775500320959,confirmed,0.21068316230289577,10,9,none,0
A1i-ZbNGw9M,UCwrJa8xO9xRzZUOf9Q1c7kw,time,14,12.8654,27,17471.45,18213,13920.594081996675,1.2550791318859371,confirmed,0.2670371017812713,15,14,none,0
Szs1lg_TfSM,UCCS6ZRelvETSbA53xFEsa6w,heldout,14,13.8745,31,19105.55,22193,22749.28843164415,0.839830570976727,confirmed,0.31524337125137963,10,9,none,0
DiDbiiIPcMM,UCglNXzBo6bmKc9otKf-OuGQ,time,14,13.7081,29,9057.03,9132,9063.525459357314,0.9992834281032428,confirmed,0.03243269153694945,15,15,none,0
AkErVPPN9rg,UC2cfzvGC8CJNWtvaynN7TeA,heldout,3,3.9580,27,10837.85,10068,,,insufficient,,1,1,none,0
AkErVPPN9rg,UC2cfzvGC8CJNWtvaynN7TeA,time,3,3.9580,27,10837.85,10068,,,insufficient,,1,1,none,0
AkErVPPN9rg,UC2cfzvGC8CJNWtvaynN7TeA,heldout,5,4.9580,27,12064.79,10068,,,insufficient,0.7234859180757437,1,1,none,0
AkErVPPN9rg,UC2cfzvGC8CJNWtvaynN7TeA,time,5,4.9580,27,12064.79,10068,,,insufficient,0.7234859180757437,1,1,none,0
AkErVPPN9rg,UC2cfzvGC8CJNWtvaynN7TeA,heldout,7,6.9580,27,11745.12,10068,,,insufficient,0.4739970135898579,1,1,none,0
AkErVPPN9rg,UC2cfzvGC8CJNWtvaynN7TeA,time,7,6.9580,27,11745.12,10068,,,insufficient,0.4739970135898579,1,1,none,0
AkErVPPN9rg,UC2cfzvGC8CJNWtvaynN7TeA,heldout,14,14.9580,27,10720.15,10068,,,insufficient,0.2883933529733385,1,1,none,0
AkErVPPN9rg,UC2cfzvGC8CJNWtvaynN7TeA,time,14,14.9580,27,10720.15,10068,,,insufficient,0.2883933529733385,1,1,none,0
TCFUrwug74s,UCKsP3v2JeT2hWI_HzkxWiMA,time,1,0.9371,28,25205.12,31408,74236,0.3395268844012918,early,,15,8,none,0
TCFUrwug74s,UCKsP3v2JeT2hWI_HzkxWiMA,time,2,1.9371,28,30119.85,31408,82112.09628409949,0.3668137446908731,early,0.8300207661021011,15,8,none,0
TCFUrwug74s,UCKsP3v2JeT2hWI_HzkxWiMA,time,3,2.9371,28,31297.94,31408,88782.66459466581,0.3525230507087678,early,0.7456234067166918,15,7,none,0
TCFUrwug74s,UCKsP3v2JeT2hWI_HzkxWiMA,time,5,4.9371,28,32665.63,31408,90085,0.36260900362647,likely,0.6249259301978956,15,7,none,0
TCFUrwug74s,UCKsP3v2JeT2hWI_HzkxWiMA,time,7,6.9371,28,35303.30,31408,90085,0.3918888138035171,likely,0.5838417964009348,15,6,none,0
TCFUrwug74s,UCKsP3v2JeT2hWI_HzkxWiMA,time,14,13.9371,28,35359.64,31408,90085,0.3925141759153358,confirmed,0.4849761894124866,15,4,none,0
nv7R32VmKFU,UCOkISdoa50NuCsMYwy4uW9g,time,14,14.1041,28,2426.11,2386,2415.852126446143,1.0042466573267967,confirmed,0.3485642116417452,15,14,none,0
2ElucWj2yR0,UCGpsgNbzdF7BECCVbB1COHw,time,7,7.9591,27,7179.95,6166,5015.754127020608,1.4314798879022959,confirmed,,10,10,none,0
2ElucWj2yR0,UCGpsgNbzdF7BECCVbB1COHw,time,14,14.9591,27,6161.63,6166,6214.558218574276,0.991483497791791,confirmed,0.07749293113042105,15,15,none,0
UypKP0JmlGY,UCnpWedLQdHpZqhgTLdB9Yyg,time,1,0.8956,28,99080.12,122411,71283.38934330989,1.389946784281424,early,,14,14,none,0
UypKP0JmlGY,UCnpWedLQdHpZqhgTLdB9Yyg,time,2,1.8956,28,96415.16,122411,72454.35878035617,1.330701942385319,early,0.7096768722091544,15,15,none,0
UypKP0JmlGY,UCnpWedLQdHpZqhgTLdB9Yyg,time,3,2.8956,28,121267.64,122411,72749.728297341,1.6669154284011436,early,0.7141415233391898,15,15,none,0
UypKP0JmlGY,UCnpWedLQdHpZqhgTLdB9Yyg,time,5,4.8956,28,127510.76,122411,72776.46336408764,1.7520878550419479,likely,0.6106921154179449,15,15,none,0
UypKP0JmlGY,UCnpWedLQdHpZqhgTLdB9Yyg,time,7,6.8956,28,127060.35,122411,73166.70504581193,1.736587058027525,likely,0.5660377181146632,15,15,none,0
UypKP0JmlGY,UCnpWedLQdHpZqhgTLdB9Yyg,time,14,12.8956,28,123869.37,122411,70853,1.7482585855991155,confirmed,0.4829786162752264,15,13,none,0
M8HbJzbEnHc,UC_UnVDztkvE1hw064XFTNSQ,time,0.5,0.4865,27,1148211.85,1404820,695091.7356440773,1.6518853483339633,early,,15,11,none,0
M8HbJzbEnHc,UC_UnVDztkvE1hw064XFTNSQ,time,1,1.4865,27,1658893.13,1404820,696370.1772697641,2.3822001405263324,early,1.0641453083306547,15,11,none,0
M8HbJzbEnHc,UC_UnVDztkvE1hw064XFTNSQ,time,2,2.4865,27,1505543.51,1404820,699749.9469070808,2.1515450209516405,early,0.8441404341798927,15,11,none,0
M8HbJzbEnHc,UC_UnVDztkvE1hw064XFTNSQ,time,3,3.4865,27,1461644.16,1404820,699967.0501958441,2.08816138401481,likely,0.7558988321822954,15,11,none,0
M8HbJzbEnHc,UC_UnVDztkvE1hw064XFTNSQ,time,5,4.4865,27,1498708.92,1404820,701483.007635366,2.136486418137993,likely,0.7193728767399312,15,11,none,0
M8HbJzbEnHc,UC_UnVDztkvE1hw064XFTNSQ,time,7,7.4865,27,1585035.01,1404820,705892.630365149,2.245433573783147,confirmed,0.6171416180303716,15,10,none,0
M8HbJzbEnHc,UC_UnVDztkvE1hw064XFTNSQ,time,14,15.4865,27,1654540.08,1404820,708998,2.3336315138450474,confirmed,0.5147008696136837,15,8,none,0
410kMINGZ0o,UCbvIIQc5Jo9-jIXnkPe03oA,time,1,0.9653,28,25017.05,34133,22867.44305753956,1.094003112855686,early,,15,10,none,0
410kMINGZ0o,UCbvIIQc5Jo9-jIXnkPe03oA,time,2,1.9653,28,30960.90,34133,22867.44305753956,1.3539294346369888,early,0.7228582287521462,15,10,none,0
410kMINGZ0o,UCbvIIQc5Jo9-jIXnkPe03oA,time,3,2.9653,28,29344.79,34133,22867.44305753956,1.2832561310053363,early,0.6209294116134236,15,10,none,0
410kMINGZ0o,UCbvIIQc5Jo9-jIXnkPe03oA,time,5,4.9653,28,33741.88,34133,22841.797266099442,1.4771991111036007,likely,0.5702431059241855,15,10,none,0
410kMINGZ0o,UCbvIIQc5Jo9-jIXnkPe03oA,time,7,6.9653,28,35933.13,34133,22814.243939595464,1.575030637709847,likely,0.5542821104540577,15,10,none,0
410kMINGZ0o,UCbvIIQc5Jo9-jIXnkPe03oA,time,14,12.9653,28,38767.91,34133,22751.891230079542,1.7039421657267033,confirmed,0.5072979894858882,15,9,none,0
KOwBCWfboD4,UCQheERIaSGDBrcRfNahTBcA,time,14,13.7498,27,16206.70,16789,18315.398258751848,0.8848673499042484,confirmed,0.2962003758880297,15,15,none,0
RyMOM9S_gdw,UCix7wE05YbRdOVUPNHy0KTg,heldout,1,1.9162,30,976.36,826,1761.0402961189484,0.5544218433581389,early,,10,9,none,0
RyMOM9S_gdw,UCix7wE05YbRdOVUPNHy0KTg,heldout,2,1.9162,30,976.36,826,1761.0402961189484,0.5544218433581389,early,,10,9,none,0
RyMOM9S_gdw,UCix7wE05YbRdOVUPNHy0KTg,heldout,3,2.9162,30,798.22,826,1761.9323774083666,0.45303848165877514,early,0.2983568775019356,10,9,none,0
RyMOM9S_gdw,UCix7wE05YbRdOVUPNHy0KTg,heldout,5,4.9162,30,708.11,826,1749.659899831999,0.404714145913939,likely,0.2454884030665956,10,9,none,0
RyMOM9S_gdw,UCix7wE05YbRdOVUPNHy0KTg,heldout,7,6.9162,30,797.00,826,1747.8683058910674,0.4559855102857277,likely,0.2333735402422511,10,9,none,0
RyMOM9S_gdw,UCix7wE05YbRdOVUPNHy0KTg,heldout,14,13.9162,30,773.89,826,1748.5273300630693,0.4425935868590328,confirmed,0.20799083669202825,10,7,none,0
95CPy2MANY0,UCh7mi5sI3BSzKReLzXpgimA,time,7,7.3450,29,70.49,57,56.40770628999505,1.2496591102061103,confirmed,,15,13,none,0
95CPy2MANY0,UCh7mi5sI3BSzKReLzXpgimA,time,14,14.3450,29,58.88,57,56.201121233356695,1.0476474947177628,confirmed,0.029057309359739342,15,10,none,0
WsoxkC31RRY,UCnp2wP2eA-YghOQr0j0wHrQ,heldout,1,1.0963,30,192.04,317,667.2768044849335,0.28779509702439676,early,,15,15,none,0
WsoxkC31RRY,UCnp2wP2eA-YghOQr0j0wHrQ,heldout,2,1.0963,30,192.04,317,667.2768044849335,0.28779509702439676,early,,15,15,none,0
WsoxkC31RRY,UCnp2wP2eA-YghOQr0j0wHrQ,heldout,14,13.0963,30,293.76,317,718.86629248197,0.40864438088840466,confirmed,0.5586876383152217,15,15,none,0
T0o7lz5w34o,UCGWNHkr2WZcRbxqoet-nyeg,time,14,12.7312,27,2088.44,1916,2824.1799559727215,0.7394869586940684,confirmed,,15,15,none,0
1MXUF1ucd1s,UC0Le_ilaOlp9HftXeiMglsg,time,14,13.6388,27,9271.14,8705,7397.1415966741315,1.2533410688282778,confirmed,,15,13,none,0
PqS_AMc-3iY,UCK09g6gYGMvU-0x1VCF1hgA,time,14,13.7498,29,61155.66,57945,59716.39020931961,1.024101775011786,confirmed,0.23523921227533204,10,10,none,0
l2RSwUeFXWU,UCQq79zHGZJNzm3SPOfLNmrw,time,3,3.9638,29,282.16,363,517.2552140936582,0.545497340870691,likely,,15,13,none,0
l2RSwUeFXWU,UCQq79zHGZJNzm3SPOfLNmrw,time,5,5.9638,29,252.59,363,521.5015548938949,0.4843458171962404,likely,0.2845347087125033,15,13,none,0
l2RSwUeFXWU,UCQq79zHGZJNzm3SPOfLNmrw,time,7,6.9638,29,268.94,363,532.3597473916315,0.5051879302339584,likely,0.3697662189842424,15,12,none,0
l2RSwUeFXWU,UCQq79zHGZJNzm3SPOfLNmrw,time,14,13.9637,29,303.99,363,580,0.5241287659913892,confirmed,0.34336990371726595,15,9,none,0
i3ZNdFRWNLI,UCUpbDOT-OVNBlaQpb9pbd2w,heldout,14,14.3912,30,65068.49,63397,26608.461178392987,2.4454058195815134,confirmed,0.05554188748623538,15,15,none,0
9g_MPKyYHTQ,UCJP9OOLkOzsXbb_Bo_kqjTw,heldout,2,2.0207,30,28609.94,35517,24984.55681258348,1.1451050972626409,early,,15,13,none,0
9g_MPKyYHTQ,UCJP9OOLkOzsXbb_Bo_kqjTw,heldout,3,2.0207,30,28609.94,35517,24984.55681258348,1.1451050972626409,early,,15,13,none,0
9g_MPKyYHTQ,UCJP9OOLkOzsXbb_Bo_kqjTw,heldout,14,12.0207,30,40545.30,35517,25161.762922171245,1.6113856480123583,confirmed,0.5056670926544254,15,7,none,0
Zdy-qZO93Qg,UCx0irbDsRLjMvEXaW56cqlQ,heldout,14,14.9992,29,3402.45,3148,5758.477576270461,0.5908587449149808,confirmed,,15,13,none,0
jZTtx24pQ6c,UCoNTMWgGuXtGPLv9UeJZwBw,heldout,5,6.6667,31,454388.70,533130,402790.2846894376,1.1281024253282947,likely,,15,15,none,0
jZTtx24pQ6c,UCoNTMWgGuXtGPLv9UeJZwBw,heldout,7,6.6667,31,454388.70,533130,402790.2846894376,1.1281024253282947,likely,,15,15,none,0
jZTtx24pQ6c,UCoNTMWgGuXtGPLv9UeJZwBw,heldout,14,13.6667,31,475072.26,533130,405029.0118861669,1.1729339128643863,confirmed,0.24970490768879883,15,14,none,0
oyEQHHlRgE0,UC9Nrmsn0jlFsbuzmeUVdIUw,time,2,2.8333,28,388.37,355,,,insufficient,,1,1,none,0
oyEQHHlRgE0,UC9Nrmsn0jlFsbuzmeUVdIUw,time,3,2.8333,28,388.37,355,,,insufficient,,1,1,none,0
oyEQHHlRgE0,UC9Nrmsn0jlFsbuzmeUVdIUw,time,5,5.8333,28,365.99,355,101.37996086087486,3.610117278397403,likely,0.2555261287098042,15,13,none,0
oyEQHHlRgE0,UC9Nrmsn0jlFsbuzmeUVdIUw,time,7,6.8333,28,356.78,355,100.778885238259,3.5401918755913133,likely,0.2598668746399945,15,13,none,0
oyEQHHlRgE0,UC9Nrmsn0jlFsbuzmeUVdIUw,time,14,13.8333,28,373.83,355,103.50893479457297,3.6115580756800907,confirmed,0.2290075029972622,15,10,none,0
exWKlZWo2kA,UCI3yTtc0kShZ-S_Qsd5VTSQ,time,1,0.8743,27,664046.83,2458836,1673067.7438220857,0.3969037322583419,early,,10,10,none,0
exWKlZWo2kA,UCI3yTtc0kShZ-S_Qsd5VTSQ,time,2,1.8743,27,1088130.45,2458836,1673067.7438220857,0.6503803893070733,early,1.103523594589508,10,10,none,0
exWKlZWo2kA,UCI3yTtc0kShZ-S_Qsd5VTSQ,time,3,2.8743,27,1257846.78,2458836,1673067.7438220857,0.7518205907310703,early,1.0214061697426728,10,10,none,0
exWKlZWo2kA,UCI3yTtc0kShZ-S_Qsd5VTSQ,time,5,4.8743,27,1839713.42,2458836,1695386.0146510405,1.0851295236775795,likely,1.1132173105588177,10,10,none,0
exWKlZWo2kA,UCI3yTtc0kShZ-S_Qsd5VTSQ,time,7,6.8743,27,2125202.95,2458836,1695386.0146510405,1.2535215786201153,likely,1.0778860666443293,10,10,none,0
exWKlZWo2kA,UCI3yTtc0kShZ-S_Qsd5VTSQ,time,14,12.8743,27,2292576.65,2458836,1716933.7712471127,1.3352737831020873,confirmed,0.9385215342906054,10,10,none,0
uCc3pJymQbw,UCaBOIBVD_f6eyRRRBRrCz8w,time,14,13.8122,28,38569.19,36633,34671.6364190638,1.1124132835893454,confirmed,,4,4,none,0
NYgLyDCvCe8,UCdOIkjWFRXVho4Ua_j9_q4A,time,1,0.8328,27,27133.46,18183,31809.83461807989,0.8529897942189231,early,,15,11,none,0
NYgLyDCvCe8,UCdOIkjWFRXVho4Ua_j9_q4A,time,2,1.8328,27,18824.73,18183,31809.83461807989,0.5917894815814481,early,0.4474806759069256,15,11,none,0
NYgLyDCvCe8,UCdOIkjWFRXVho4Ua_j9_q4A,time,3,2.8328,27,18506.75,18183,31809.83461807989,0.5817932236848209,early,0.34712432147482086,15,10,none,0
NYgLyDCvCe8,UCdOIkjWFRXVho4Ua_j9_q4A,time,5,4.8328,27,18858.81,18183,31809.83461807989,0.5928610634390896,likely,0.30152653351195036,15,9,none,0
NYgLyDCvCe8,UCdOIkjWFRXVho4Ua_j9_q4A,time,7,6.8328,27,18635.83,18183,32345.77067785224,0.5761443233045607,likely,0.28128306492235783,15,9,none,0
NYgLyDCvCe8,UCdOIkjWFRXVho4Ua_j9_q4A,time,14,12.8328,27,19493.83,18183,33395.54254561527,0.5837255497181466,confirmed,0.23909011261377766,15,9,none,0
EjZPGbZDJx8,UC1KoulyXR8gBGyxv7r6pWQg,time,7,7.8957,27,66485.04,101983,20825.928492818868,3.1924165405295595,confirmed,,15,14,none,0
EjZPGbZDJx8,UC1KoulyXR8gBGyxv7r6pWQg,time,14,13.8957,27,87046.86,101983,20903,4.164323692776207,confirmed,0.5112795028377786,15,10,none,0
2sChlIik85Y,UCkU_KcVKHrxgE4uhbIWaQtg,time,5,5.7500,27,133894.61,147691,54924.06056813742,2.4378133146552114,likely,,15,14,none,0
2sChlIik85Y,UCkU_KcVKHrxgE4uhbIWaQtg,time,7,6.7500,27,123398.74,147691,54696.7820394634,2.2560512362225684,likely,0.2572149230222893,15,14,none,0
2sChlIik85Y,UCkU_KcVKHrxgE4uhbIWaQtg,time,14,12.7500,27,119658.78,147691,54435.59383688452,2.198171697483252,confirmed,0.15667412365941008,15,10,none,0
dsnVXpwNm8I,UCsvqVGtbbyHaMoevxPAq9Fg,time,14,13.9371,29,2482.23,2493,5484.560318947443,0.45258569033555773,confirmed,0.43468008080012777,15,15,none,0
BSECHrEhZjE,UCxkIzPnPzWLz4IeuxIROflg,heldout,1,0.8748,28,664.94,3675,1737.5042775548723,0.3826954677320016,early,,14,13,none,0
BSECHrEhZjE,UCxkIzPnPzWLz4IeuxIROflg,heldout,2,1.8748,28,1528.82,3675,1747.1611798778579,0.8750295514114586,early,1.8960416547614014,15,13,none,0
BSECHrEhZjE,UCxkIzPnPzWLz4IeuxIROflg,heldout,3,2.8748,28,1669.87,3675,1749.0008090674844,0.9547544126579113,early,1.4100197421178384,15,13,none,0
BSECHrEhZjE,UCxkIzPnPzWLz4IeuxIROflg,heldout,5,4.8748,28,1801.14,3675,1749.0008090674844,1.0298097647325586,likely,1.0936536491422084,15,13,none,0
BSECHrEhZjE,UCxkIzPnPzWLz4IeuxIROflg,heldout,7,6.8748,28,1967.19,3675,1764,1.1151896548818139,likely,1.0232601213128238,15,13,none,0
BSECHrEhZjE,UCxkIzPnPzWLz4IeuxIROflg,heldout,14,13.8748,28,2595.51,3675,1764,1.471378346822352,confirmed,0.925626376012938,15,7,none,0
OhOhawdB8Mc,UCBRpqrzuuqE8TZcWw75JSdw,time,5,5.7570,28,13125.67,10587,28135.89811641197,0.46650968857991804,likely,,3,3,none,0
OhOhawdB8Mc,UCBRpqrzuuqE8TZcWw75JSdw,time,7,6.7570,28,12069.93,10587,27999.270447906132,0.4310802847313546,likely,0.24138037944247592,3,3,none,0
OhOhawdB8Mc,UCBRpqrzuuqE8TZcWw75JSdw,time,14,13.7570,28,10762.45,10587,26060.64576071183,0.4129772882047849,confirmed,0.09775808125239246,3,3,none,0
ijtin-5wYY8,UCUZng4iHwYU90FLdaEkiiMA,time,3,3.8325,29,17077.10,12370,10298.862028974409,1.658154265840938,likely,,15,14,none,0
ijtin-5wYY8,UCUZng4iHwYU90FLdaEkiiMA,time,5,4.8325,29,12497.44,12370,10268,1.2171248146335403,likely,0.09149870265190603,15,13,none,0
ijtin-5wYY8,UCUZng4iHwYU90FLdaEkiiMA,time,7,6.8325,29,12392.67,12370,10268,1.2069217522562266,likely,0.09357692842536451,15,13,none,0
ijtin-5wYY8,UCUZng4iHwYU90FLdaEkiiMA,time,14,13.8325,29,12325.33,12370,10268,1.2003632419285155,confirmed,0.09111426922118483,15,10,none,0
65VnyQkpBMU,UCPf9IYnKY-IKwgo58z0SOUQ,heldout,5,6.7909,31,2900.18,2450,1963.116978889192,1.4773325558310115,likely,,15,12,none,0
65VnyQkpBMU,UCPf9IYnKY-IKwgo58z0SOUQ,heldout,7,6.7909,31,2900.18,2450,1963.116978889192,1.4773325558310115,likely,,15,12,none,0
9IMDTevhNX0,UCXxIurzUx2ztE6D5IzcyTcw,heldout,5,4.9582,31,20804.18,22872,19790.901411044186,1.051199146631186,likely,,15,11,none,0
9IMDTevhNX0,UCXxIurzUx2ztE6D5IzcyTcw,heldout,7,7.9582,31,22449.02,22872,19800.011394937155,1.1337883359938772,confirmed,0.3567555252114585,15,11,none,0
9IMDTevhNX0,UCXxIurzUx2ztE6D5IzcyTcw,heldout,14,13.9582,31,22925.20,22872,19846.923083537433,1.155100738216791,confirmed,0.3163044884431659,15,10,none,0
yqCZ1ii2Jk8,UC5_SBQbLA9Kg7Jh5GpXoP3g,time,1,0.8320,28,174.87,286,,,insufficient,,1,1,none,0
yqCZ1ii2Jk8,UC5_SBQbLA9Kg7Jh5GpXoP3g,time,2,2.8320,28,433.17,286,116.84473078287766,3.707218382905044,early,1.5023246457998656,15,15,none,0
yqCZ1ii2Jk8,UC5_SBQbLA9Kg7Jh5GpXoP3g,time,3,2.8320,28,433.17,286,116.84473078287766,3.707218382905044,early,1.5023246457998656,15,15,none,0
yqCZ1ii2Jk8,UC5_SBQbLA9Kg7Jh5GpXoP3g,time,5,4.8320,28,412.06,286,101.65372893988977,4.053580935839271,likely,1.0436764534744547,15,15,none,0
yqCZ1ii2Jk8,UC5_SBQbLA9Kg7Jh5GpXoP3g,time,7,6.8320,28,389.19,286,106.32557252722962,3.6603356576910717,likely,0.8828643777956506,15,15,none,0
yqCZ1ii2Jk8,UC5_SBQbLA9Kg7Jh5GpXoP3g,time,14,13.8320,28,320.35,286,134.35599110872764,2.3843453050130137,confirmed,0.6425185750340525,15,15,none,0
qoLS2ooaX1Q,UCMPaviJxybo1RTdzvYcU91A,time,14,14.1666,29,602.72,565,2138.580732059537,0.28182983718947646,confirmed,0.6615062814949844,15,12,none,0
aIaODi78vCo,UCLKZ20yD2tNMBOkSDZo4FeQ,heldout,1,1.5000,30,10038.84,16843,4781.638683772474,2.0994556483072833,early,,15,14,none,0
aIaODi78vCo,UCLKZ20yD2tNMBOkSDZo4FeQ,heldout,2,2.5000,30,11231.23,16843,4520.8919386177095,2.484295630606525,early,0.8309028273501785,15,14,none,0
aIaODi78vCo,UCLKZ20yD2tNMBOkSDZo4FeQ,heldout,3,3.5000,30,11489.49,16843,4672.385390899479,2.459020969108726,likely,0.7609831716229732,15,13,none,0
aIaODi78vCo,UCLKZ20yD2tNMBOkSDZo4FeQ,heldout,5,5.5000,30,22869.30,16843,4991.238539307532,4.581888948678496,likely,0.9540281410971623,15,12,none,0
aIaODi78vCo,UCLKZ20yD2tNMBOkSDZo4FeQ,heldout,7,7.5000,30,21546.75,16843,5143.166717162258,4.189394311843798,confirmed,0.9151792170160004,15,12,none,0
aIaODi78vCo,UCLKZ20yD2tNMBOkSDZo4FeQ,heldout,14,14.5000,30,19840.12,16843,4933.415604660434,4.021578779507554,confirmed,0.7038241253646164,15,9,none,0
oYoV1baxwE0,UCsvqVGtbbyHaMoevxPAq9Fg,time,14,13.8323,29,1382.66,1574,5484.560318947443,0.25210041440888936,confirmed,0.21738660272810123,15,15,none,0
BOAOyymkuJc,UCUpbDOT-OVNBlaQpb9pbd2w,time,5,4.6757,28,62379.90,46783,30396.9490237019,2.0521764197008907,likely,,15,15,none,0
BOAOyymkuJc,UCUpbDOT-OVNBlaQpb9pbd2w,time,7,6.6757,28,50887.91,46783,28563.856818067583,1.7815490970548533,likely,0.029188656987064947,15,15,none,0
BOAOyymkuJc,UCUpbDOT-OVNBlaQpb9pbd2w,time,14,13.6757,28,48159.89,46783,25469.429183138585,1.8908901804874698,confirmed,0.017002047311104797,15,15,none,0
hQcpJXeZz94,UC0Le_ilaOlp9HftXeiMglsg,heldout,14,15.4693,27,8436.22,8450,7269.428899806585,1.160506468495983,confirmed,0.07560406077298881,15,11,none,0
hQcpJXeZz94,UC0Le_ilaOlp9HftXeiMglsg,time,14,15.4693,27,8436.22,8450,7269.428899806585,1.160506468495983,confirmed,0.07560406077298881,15,11,none,0
pk-D6lXw6Lo,UC8fQzKHIhSoZeSq3bwQx4mw,time,5,6.7976,27,312.17,274,,,insufficient,,0,0,none,0
pk-D6lXw6Lo,UC8fQzKHIhSoZeSq3bwQx4mw,time,7,6.7976,27,312.17,274,,,insufficient,,0,0,none,0
pk-D6lXw6Lo,UC8fQzKHIhSoZeSq3bwQx4mw,time,14,12.7976,27,267.54,274,,,insufficient,0.07604871984441143,0,0,none,0
FNWYh0OjLKI,UCbNBM6s09xhYD4i_mjnEoLA,time,5,6.8493,29,2405.49,2239,,,insufficient,,0,0,none,0
FNWYh0OjLKI,UCbNBM6s09xhYD4i_mjnEoLA,time,7,6.8493,29,2405.49,2239,,,insufficient,,0,0,none,0
FNWYh0OjLKI,UCbNBM6s09xhYD4i_mjnEoLA,time,14,13.8493,29,2271.82,2239,,,insufficient,0.14044418866225986,0,0,none,0
M8-hIfEm6iM,UCgYej_4CT6jSRViJrJbDXHw,time,14,13.0829,28,1195.14,1282,1737.0243462843869,0.6880385254794524,confirmed,0.11384224921841664,15,14,none,0
RP9UUtdx6as,UCRQc4NTDrz0Qncp7zx3YM1g,time,14,14.0621,29,23715.73,25871,6584.994704841208,3.6014799913503164,confirmed,0.3180870316614419,15,10,none,0
TNOqbQjtMzI,UC-ew9TfeD887qUSiWWAAj1w,heldout,2,2.9577,30,4411.55,3817,9278.705681771164,0.4754483229612723,early,,15,14,none,0
TNOqbQjtMzI,UC-ew9TfeD887qUSiWWAAj1w,heldout,3,2.9577,30,4411.55,3817,9278.705681771164,0.4754483229612723,early,,15,14,none,0
TNOqbQjtMzI,UC-ew9TfeD887qUSiWWAAj1w,heldout,5,4.9577,30,3420.83,3817,9061.235871034147,0.37752371835659954,likely,0.18356855400846578,15,14,none,0
TNOqbQjtMzI,UC-ew9TfeD887qUSiWWAAj1w,heldout,7,6.9577,30,3537.15,3817,9377.328656952124,0.37720240083541084,likely,0.20748128795537013,15,14,none,0
TNOqbQjtMzI,UC-ew9TfeD887qUSiWWAAj1w,heldout,14,13.9577,30,3802.31,3817,9850.543440075922,0.3860005114020385,confirmed,0.17198375776972433,15,14,none,0
euXpFbWr2Yw,UC3JhfsgFPLSLNEROQCdj-GQ,time,14,14.0407,29,2316.68,2427,4505.040293739468,0.5142412186633805,confirmed,,15,13,none,0
sc_sIPA0Em8,UCLo67YCh8z836Mgl8-3-Zfw,time,14,14.1501,27,474.19,485,113.47101930887194,4.178980494489379,confirmed,,15,15,none,0
bsjVhpK8d9U,UCP35tS1rd6DJthNZK1fSPIA,time,14,14.4258,29,25197.61,24517,15440.915946929907,1.6318727406819502,confirmed,0.2917993423888025,15,14,none,0
7INb9mzVWSE,UC4cTmHcWEXfkRdCvFLe4KiQ,time,14,13.9687,30,4808.41,4718,3579.3333787839065,1.3433807175518568,confirmed,,15,14,none,0
esRuyVoxqp4,UCPAt6z5uX_c5Eo_cSNROzYw,time,14,14.7276,29,12480.27,12853,10337.074035777017,1.2073314331178553,confirmed,0.04384847473726444,15,15,none,0
5Q_l8m6rsqI,UC6unsgtxsnMeFG3OBRX-PQw,time,7,7.0832,27,1408.55,1206,,,insufficient,,0,0,none,0
5Q_l8m6rsqI,UC6unsgtxsnMeFG3OBRX-PQw,time,14,15.0832,27,1216.83,1206,8278.009193069045,0.14699571979233433,confirmed,0.07468557653618925,15,10,none,0
OUQhHT9onaQ,UCUpbDOT-OVNBlaQpb9pbd2w,time,3,3.5436,27,14398.15,9600,30999.098527204824,0.4644701007556146,likely,,15,15,none,0
OUQhHT9onaQ,UCUpbDOT-OVNBlaQpb9pbd2w,time,5,4.5436,27,10509.93,9600,29349.066408433908,0.3581011529550198,likely,0.07362176898304698,15,15,none,0
OUQhHT9onaQ,UCUpbDOT-OVNBlaQpb9pbd2w,time,7,7.5436,27,10368.46,9600,27422.10804636903,0.37810583531683506,confirmed,0.05937288913084066,15,15,none,0
OUQhHT9onaQ,UCUpbDOT-OVNBlaQpb9pbd2w,time,14,15.5436,27,9871.01,9600,24811.45764915827,0.39784065823824377,confirmed,0.03928322246609968,15,15,none,0
-0jZnTfLpeM,UCBXQM4wXOpzZPcjXMqecArA,heldout,2,2.7083,30,3777.47,7592,7620.457036557716,0.495701845956616,early,,15,13,none,0
-0jZnTfLpeM,UCBXQM4wXOpzZPcjXMqecArA,heldout,3,2.7083,30,3777.47,7592,7620.457036557716,0.495701845956616,early,,15,13,none,0
-0jZnTfLpeM,UCBXQM4wXOpzZPcjXMqecArA,heldout,5,6.7083,30,7577.71,7592,8065.062510850749,0.9395718076161366,likely,0.9089005670608167,15,11,none,0
-0jZnTfLpeM,UCBXQM4wXOpzZPcjXMqecArA,heldout,7,6.7083,30,7577.71,7592,8065.062510850749,0.9395718076161366,likely,0.9089005670608167,15,11,none,0
-0jZnTfLpeM,UCBXQM4wXOpzZPcjXMqecArA,heldout,14,13.7083,30,7451.64,7592,8969,0.8308222330115265,confirmed,0.6561371399666819,15,8,none,0
Oq494uiCdnI,UCic4iGbudp-7bELJppHBNfw,time,7,7.8329,29,526.16,444,780.5341961316631,0.6741030931901276,confirmed,,15,14,none,0
Oq494uiCdnI,UCic4iGbudp-7bELJppHBNfw,time,14,14.8329,29,449.34,444,774.333559219153,0.5802918596133644,confirmed,0.06830713134328338,15,12,none,0
Z_qTdDy5LlQ,UCbJCFAtGMXQZm6WfSMMLzvw,time,14,13.9133,28,3653.95,3558,4029.8317212996917,0.9067243344139356,confirmed,,10,10,none,0
KihWWM1TE-w,UCfa9hkgsTHfK8bpDoiQZI5g,time,1,0.7756,29,2588.56,2235,3082.634752805984,0.8397216945923676,early,,14,14,none,0
KihWWM1TE-w,UCfa9hkgsTHfK8bpDoiQZI5g,time,2,1.7756,29,2298.32,2235,3230.9573100630637,0.7113422720266793,early,0.6887863354205369,15,15,none,0
KihWWM1TE-w,UCfa9hkgsTHfK8bpDoiQZI5g,time,3,2.7756,29,2495.24,2235,3269.1982276745034,0.7632587018744474,early,0.5954185924919033,15,15,none,0
KihWWM1TE-w,UCfa9hkgsTHfK8bpDoiQZI5g,time,5,4.7756,29,2439.88,2235,3259.99486992111,0.7484297079698509,likely,0.49997745686213413,15,15,none,0
KihWWM1TE-w,UCfa9hkgsTHfK8bpDoiQZI5g,time,7,6.7756,29,2381.15,2235,3215.207045050771,0.740589658311289,likely,0.4421230491574299,15,15,none,0
KihWWM1TE-w,UCfa9hkgsTHfK8bpDoiQZI5g,time,14,14.7756,29,2385.57,2235,3101.262625806667,0.7692259628435347,confirmed,0.35487503798981807,15,10,none,0
1zfTDaO1cO8,UC2r2JPFr-m6Q0z2WRiCg7dA,time,7,7.0833,27,31282.63,27505,,,insufficient,,0,0,none,0
1zfTDaO1cO8,UC2r2JPFr-m6Q0z2WRiCg7dA,time,14,15.0833,27,27117.38,27505,28306.401759490185,0.9579945364699013,confirmed,0.07965905564927023,15,11,none,0
tO96suFjNgA,UCnpWedLQdHpZqhgTLdB9Yyg,heldout,1,1.8954,27,55478.53,47060,74601.45871665211,0.7436654284078603,early,,15,15,none,0
tO96suFjNgA,UCnpWedLQdHpZqhgTLdB9Yyg,heldout,2,1.8954,27,55478.53,47060,74601.45871665211,0.7436654284078603,early,,15,15,none,0
tO96suFjNgA,UCnpWedLQdHpZqhgTLdB9Yyg,heldout,3,3.8954,27,52079.16,47060,76122.07775804392,0.6841531648083011,likely,0.43067252998805156,15,15,none,0
tO96suFjNgA,UCnpWedLQdHpZqhgTLdB9Yyg,heldout,5,4.8954,27,49946.52,47060,76122.07775804392,0.6561371213026832,likely,0.3761703703520478,15,15,none,0
tO96suFjNgA,UCnpWedLQdHpZqhgTLdB9Yyg,heldout,7,6.8954,27,49237.59,47060,77131.81901197613,0.63835637456475,likely,0.31569034540111546,15,15,none,0
tO96suFjNgA,UCnpWedLQdHpZqhgTLdB9Yyg,heldout,14,13.8954,27,53262.37,47060,75031.81899865932,0.7098638376237112,confirmed,0.2448294936354677,15,11,none,0
Oexn81_0-9E,UCBRpqrzuuqE8TZcWw75JSdw,time,5,6.5686,29,49315.59,42997,,,insufficient,,1,1,none,0
Oexn81_0-9E,UCBRpqrzuuqE8TZcWw75JSdw,time,7,6.5686,29,49315.59,42997,,,insufficient,,1,1,none,0
Oexn81_0-9E,UCBRpqrzuuqE8TZcWw75JSdw,time,14,13.5686,29,42798.81,42997,,,insufficient,0.08545692906204377,1,1,none,0
oPa8EGD92Ws,UCigUBIf-zt_DA6xyOQtq2WA,time,14,13.8322,28,472978.85,471181,304924.9959601655,1.5511317694989484,confirmed,0.06887244148951284,15,13,none,0
cC-J0ZCUH28,UC67dKTEwpAhKv2oYDATwR8g,time,1,0.9118,28,16532.16,13066,53702,0.3078499270623658,early,,15,9,none,0
cC-J0ZCUH28,UC67dKTEwpAhKv2oYDATwR8g,time,2,1.9118,28,12940.08,13066,53702,0.24096079897252515,early,0.3823567888667621,15,8,none,0
cC-J0ZCUH28,UC67dKTEwpAhKv2oYDATwR8g,time,3,2.9118,28,11463.99,13066,53702,0.2134741364499146,early,0.359240500854155,15,8,none,0
cC-J0ZCUH28,UC67dKTEwpAhKv2oYDATwR8g,time,5,4.9118,28,11691.18,13066,53702,0.21770481460908786,likely,0.31616340194607867,15,8,none,0
cC-J0ZCUH28,UC67dKTEwpAhKv2oYDATwR8g,time,7,6.9118,28,12796.79,13066,53702,0.2382926183819835,likely,0.3023430323508245,15,8,none,0
cC-J0ZCUH28,UC67dKTEwpAhKv2oYDATwR8g,time,14,13.9118,28,13083.24,13066,53702,0.24362674112442292,confirmed,0.27040166687735273,15,7,none,0
P9ln2d3lFso,UCgsTVmZXTKrnfXtxATXxUzQ,time,1,1.1904,29,32550.61,18372,14380,2.2636028693159673,early,1.331349329008504,15,9,none,0
P9ln2d3lFso,UCgsTVmZXTKrnfXtxATXxUzQ,time,2,2.1904,29,30178.73,18372,14380,2.09866014157308,early,0.9164964609698473,15,8,none,0
P9ln2d3lFso,UCgsTVmZXTKrnfXtxATXxUzQ,time,3,3.1904,29,27505.58,18372,14380,1.9127661541369902,likely,0.7594505216762042,15,8,none,0
P9ln2d3lFso,UCgsTVmZXTKrnfXtxATXxUzQ,time,5,5.1904,29,25381.02,18372,14380,1.765022575927247,likely,0.6087890668788546,15,8,none,0
P9ln2d3lFso,UCgsTVmZXTKrnfXtxATXxUzQ,time,7,7.1904,29,21940.95,18372,14380,1.5257962179362659,confirmed,0.5355658588523997,15,7,none,0
P9ln2d3lFso,UCgsTVmZXTKrnfXtxATXxUzQ,time,14,14.1904,29,20481.64,18372,14380,1.424314199300613,confirmed,0.42335302585621226,15,7,none,0
DJ18LeXxL4I,UC5lBPQsMMJEE5PTJMzf_sug,heldout,1,1.9432,30,2558.73,3533,4096.184750225945,0.6246628582624562,early,,10,10,none,0
DJ18LeXxL4I,UC5lBPQsMMJEE5PTJMzf_sug,heldout,2,1.9432,30,2558.73,3533,4096.184750225945,0.6246628582624562,early,,10,10,none,0
DJ18LeXxL4I,UC5lBPQsMMJEE5PTJMzf_sug,heldout,3,2.9432,30,1728.07,3533,6956.670385863462,0.24840445261628732,early,0.04222409249573834,15,15,none,0
DJ18LeXxL4I,UC5lBPQsMMJEE5PTJMzf_sug,heldout,5,4.9432,30,1859.79,3533,7256.010221049992,0.25631055908858946,likely,0.2502222577683959,15,13,none,0
DJ18LeXxL4I,UC5lBPQsMMJEE5PTJMzf_sug,heldout,7,5.9432,30,2197.25,3533,7256.010221049992,0.3028179306619063,likely,0.2565821825923143,15,13,none,0
DJ18LeXxL4I,UC5lBPQsMMJEE5PTJMzf_sug,heldout,14,13.9432,30,4691.88,3533,8616.392150512393,0.5445297826527749,confirmed,0.40112519260266766,15,8,none,0
Xnj1zy1Cz5Q,UCBv7HEHuVlNAELGi5XJd85Q,time,5,4.7916,27,399115.25,540286,,,insufficient,,0,0,none,0
Xnj1zy1Cz5Q,UCBv7HEHuVlNAELGi5XJd85Q,time,7,7.7916,27,497243.06,540286,,,insufficient,0.5039048235777105,0,0,none,0
Xnj1zy1Cz5Q,UCBv7HEHuVlNAELGi5XJd85Q,time,14,12.7916,27,506814.09,540286,,,insufficient,0.4493341924862352,0,0,none,0
HZy-Nz-a1MU,UCcQD9RunHRdJCWZFQRiuZCQ,time,2,2.7913,27,12622.76,10721,9202.620972177432,1.3716480592607239,early,,14,13,none,0
HZy-Nz-a1MU,UCcQD9RunHRdJCWZFQRiuZCQ,time,3,2.7913,27,12622.76,10721,9202.620972177432,1.3716480592607239,early,,14,13,none,0
HZy-Nz-a1MU,UCcQD9RunHRdJCWZFQRiuZCQ,time,5,4.7913,27,11456.63,10721,8838.741415557113,1.296183301854854,likely,0.2599362408141453,15,14,none,0
HZy-Nz-a1MU,UCcQD9RunHRdJCWZFQRiuZCQ,time,7,7.7913,27,11714.37,10721,8838.741415557113,1.325343252802426,confirmed,0.2328935981902907,15,14,none,0
HZy-Nz-a1MU,UCcQD9RunHRdJCWZFQRiuZCQ,time,14,12.7913,27,11121.06,10721,8853.906797477226,1.2560629462704018,confirmed,0.19407665096813273,15,13,none,0
reGN99ayQ14,UCaDa57ymCY9-MrSs-JdQ3kg,heldout,3,3.0354,31,464.46,2288,919.7079743102275,0.5050044221062365,likely,,15,12,none,0
reGN99ayQ14,UCaDa57ymCY9-MrSs-JdQ3kg,heldout,5,4.0354,31,1053.84,2288,921.1286978338718,1.1440748443726456,likely,0.9800955755523976,15,11,none,0
reGN99ayQ14,UCaDa57ymCY9-MrSs-JdQ3kg,heldout,7,7.0354,31,1551.75,2288,928.7314238905866,1.6708248786532285,confirmed,1.0113280061375616,15,11,none,0
reGN99ayQ14,UCaDa57ymCY9-MrSs-JdQ3kg,heldout,14,14.0354,31,1310.14,2288,947.2295710757224,1.3831307207656331,confirmed,0.9148385012501182,15,9,none,0
cBKAYlAVqXo,UChKlSK39lLg8eZHIX0iVzLA,heldout,14,13.7080,30,118737.75,128224,182836.58165236315,0.6494200925617798,confirmed,,9,9,none,0
9XW4OEaq-4E,UCll3zdukvI1oWlG-F13UCZw,time,1,1.0375,29,4474.51,2491,5188.053128609832,0.8624638990251937,early,2.041380526829588,14,14,none,0
9XW4OEaq-4E,UCll3zdukvI1oWlG-F13UCZw,time,2,2.0375,29,4714.06,2491,4460.379975741854,1.0568738503792563,early,1.3105950112683802,15,15,none,0
9XW4OEaq-4E,UCll3zdukvI1oWlG-F13UCZw,time,3,3.0375,29,4333.86,2491,4480.599608742289,0.9672489314270123,likely,1.0661297834228605,15,15,none,0
9XW4OEaq-4E,UCll3zdukvI1oWlG-F13UCZw,time,5,5.0375,29,3855.85,2491,4503.428230225743,0.8562038532426913,likely,0.8412586262517099,15,15,none,0
9XW4OEaq-4E,UCll3zdukvI1oWlG-F13UCZw,time,7,7.0375,29,3505.96,2491,4555.516762351674,0.7696066602956732,confirmed,0.7413143046500147,15,15,none,0
9XW4OEaq-4E,UCll3zdukvI1oWlG-F13UCZw,time,14,14.0375,29,2853.21,2491,4607.4589273562,0.6192581726577279,confirmed,0.6001893259172645,15,14,none,0
y_xPfoRBHFc,UCHu2KNu6TtJ0p4hpSW7Yv7Q,time,1,0.9601,27,231479.00,240942,227627.92221443588,1.0169183049269497,early,,15,10,none,0
y_xPfoRBHFc,UCHu2KNu6TtJ0p4hpSW7Yv7Q,time,2,1.9601,27,213058.61,240942,227627.92221443588,0.9359950572805045,early,0.5943325058399139,15,10,none,0
y_xPfoRBHFc,UCHu2KNu6TtJ0p4hpSW7Yv7Q,time,3,2.9601,27,239107.37,240942,227627.92221443588,1.050430765270057,early,0.5168532135540463,15,10,none,0
y_xPfoRBHFc,UCHu2KNu6TtJ0p4hpSW7Yv7Q,time,5,4.9601,27,266215.05,240942,227627.92221443588,1.169518436770026,likely,0.5009939802132106,15,10,none,0
y_xPfoRBHFc,UCHu2KNu6TtJ0p4hpSW7Yv7Q,time,7,6.9601,27,232568.52,240942,227627.92221443588,1.021704706078239,likely,0.459480692780974,15,10,none,0
y_xPfoRBHFc,UCHu2KNu6TtJ0p4hpSW7Yv7Q,time,14,14.9601,27,271199.25,240942,230356.79887876665,1.1773008230071693,confirmed,0.39642196174338407,15,8,none,0
tSzmW88tRJ8,UCyNlnI6hQO3pVHswmGYvQxA,time,0.5,0.7083,29,16405.66,25112,12233.110721793973,1.3410869027725036,early,,15,15,none,0
tSzmW88tRJ8,UCyNlnI6hQO3pVHswmGYvQxA,time,1,0.7083,29,16405.66,25112,12233.110721793973,1.3410869027725036,early,,15,15,none,0
tSzmW88tRJ8,UCyNlnI6hQO3pVHswmGYvQxA,time,2,1.7083,29,14438.41,25112,12233.110721793973,1.1802728337247776,early,0.6485764744752703,15,15,none,0
tSzmW88tRJ8,UCyNlnI6hQO3pVHswmGYvQxA,time,3,2.7083,29,15255.05,25112,12233.110721793973,1.2470296243299137,early,0.533085403334108,15,14,none,0
tSzmW88tRJ8,UCyNlnI6hQO3pVHswmGYvQxA,time,5,4.7083,29,14912.05,25112,12233.110721793973,1.2189910049208155,likely,0.4587171496553564,15,14,none,0
tSzmW88tRJ8,UCyNlnI6hQO3pVHswmGYvQxA,time,7,6.7083,29,15601.16,25112,12263.441485634197,1.2721679230037566,likely,0.45538326127415546,15,14,none,0
tSzmW88tRJ8,UCyNlnI6hQO3pVHswmGYvQxA,time,14,13.7083,29,20561.99,25112,12245.161640026066,1.6791927102053679,confirmed,0.4888716914057859,15,12,none,0
s7iMx07gXMY,UCqsvmrjWY7fPcKqWHnYVTMA,time,14,12.6509,27,14477.46,14477,14187.90337458075,1.020408779039626,confirmed,0.25195451499173616,10,10,none,0
VueWuPHSfJY,UCUpbDOT-OVNBlaQpb9pbd2w,time,5,5.8537,29,13154.22,9846,19676.824386744946,0.6685135550687773,likely,,15,15,none,0
VueWuPHSfJY,UCUpbDOT-OVNBlaQpb9pbd2w,time,7,6.8537,29,10668.63,9846,19255.996355212537,0.5540418377498677,likely,0.021977519740715632,15,15,none,0
VueWuPHSfJY,UCUpbDOT-OVNBlaQpb9pbd2w,time,14,13.8537,29,10119.95,9846,17534.621333391904,0.5771411222196576,confirmed,0.016334873006491092,15,15,none,0
HSOVWcT3sjw,UCLJs1QDIwWlaqdRJS9dZESw,time,1,0.8626,27,7837.20,10784,11243.016015940677,0.6970729341893754,early,,10,8,none,0
HSOVWcT3sjw,UCLJs1QDIwWlaqdRJS9dZESw,time,2,1.8626,27,6960.67,10784,11255.422586445831,0.6184277031052527,early,0.7167087276978742,10,8,none,0
HSOVWcT3sjw,UCLJs1QDIwWlaqdRJS9dZESw,time,3,2.8626,27,7563.96,10784,11291.233152011166,0.6698969826954739,early,0.6175424976479637,10,8,none,0
HSOVWcT3sjw,UCLJs1QDIwWlaqdRJS9dZESw,time,5,4.8626,27,9098.42,10784,11311.43093782194,0.8043562905865586,likely,0.6005226772916262,10,8,none,0
HSOVWcT3sjw,UCLJs1QDIwWlaqdRJS9dZESw,time,7,6.8626,27,12911.86,10784,11483.343341206059,1.1243990632414878,likely,0.6817657698280574,10,8,none,0
HSOVWcT3sjw,UCLJs1QDIwWlaqdRJS9dZESw,time,14,12.8626,27,15689.21,10784,11807.964617792408,1.3286973314692971,confirmed,0.5677877971996527,10,8,none,0
yvfGX43b_9Q,UC3_BakzLfadvFrsnClMFWmQ,heldout,5,5.1172,30,1094.60,812,886.6468449585598,1.2345376849278549,likely,,15,15,none,0
yvfGX43b_9Q,UC3_BakzLfadvFrsnClMFWmQ,heldout,7,5.1172,30,1094.60,812,886.6468449585598,1.2345376849278549,likely,,15,15,none,0
yvfGX43b_9Q,UC3_BakzLfadvFrsnClMFWmQ,heldout,14,12.1172,30,837.73,812,803.4328051977722,1.0426933332121742,confirmed,0.009734600145479212,15,11,none,0
s9zMTn0QOMs,UCso1B56GyEtnhn2OPENKXoQ,time,14,15.1655,27,64.04,66,161.5342874370605,0.3964717724506455,confirmed,0.0792116390830274,15,15,none,0
w2FbEhhhVMw,UCfXzRcRPMHw_AF7EdRtyiJQ,time,5,6.8853,29,12178.48,21941,,,insufficient,,0,0,none,0
w2FbEhhhVMw,UCfXzRcRPMHw_AF7EdRtyiJQ,time,7,6.8853,29,12178.48,21941,,,insufficient,,0,0,none,0
w2FbEhhhVMw,UCfXzRcRPMHw_AF7EdRtyiJQ,time,14,13.8853,29,20924.12,21941,,,insufficient,0.8425411034433423,0,0,none,0
sYxX2Z4tzbs,UCAmsTmQTOPbSfXs6QIDgGXg,time,14,13.6874,28,330.18,330,1647.9139293362518,0.20036112737592945,confirmed,0.2596050067022025,15,13,none,0
ITbUyiyQckY,UC4SVo0Ue36XCfOyb5Lh1viQ,time,7,7.9381,29,5193.63,5566,6430,0.8077188600170316,confirmed,,15,13,none,0
ITbUyiyQckY,UC4SVo0Ue36XCfOyb5Lh1viQ,time,14,13.9381,29,5277.25,5566,6430,0.8207231800521695,confirmed,0.2598184340971155,15,10,none,0
z48MYcN-lZI,UCjB9rCM_kqa-tQj1UcwauAg,heldout,14,14.5410,31,3234.04,4058,3102.3905736028846,1.0424354069275197,confirmed,,15,13,none,0
CMcLEHqNkLY,UC6BW8DqrAmBEIeCtMa4bfBw,time,14,15.2469,27,5371.41,5524,3672.6980579393658,1.462525413791426,confirmed,0.030238523350873243,15,15,none,0
CF5S8GHVx6Q,UCQskSBnZDt7yLHc7ZdS5Fpw,time,1,0.7620,27,2872.05,2371,6692.306706962494,0.4291571236668587,early,,10,10,none,0
CF5S8GHVx6Q,UCQskSBnZDt7yLHc7ZdS5Fpw,time,2,1.7620,27,2348.47,2371,6692.306706962494,0.3509205409645937,early,0.5013379335689855,10,10,none,0
CF5S8GHVx6Q,UCQskSBnZDt7yLHc7ZdS5Fpw,time,3,2.7620,27,2715.27,2371,6692.306706962494,0.4057298768727312,early,0.5665990454600963,10,10,none,0
CF5S8GHVx6Q,UCQskSBnZDt7yLHc7ZdS5Fpw,time,5,4.7620,27,2538.19,2371,6692.306706962494,0.3792701462240931,likely,0.4433481456079866,10,10,none,0
CF5S8GHVx6Q,UCQskSBnZDt7yLHc7ZdS5Fpw,time,7,6.7620,27,2419.21,2371,6783.2989984831665,0.35664163968727186,likely,0.38095191065153583,10,10,none,0
CF5S8GHVx6Q,UCQskSBnZDt7yLHc7ZdS5Fpw,time,14,13.7620,27,2309.01,2371,6927.991545295248,0.3332866011192517,confirmed,0.3027379922619772,10,10,none,0
IAGruxbR07Y,UCPAt6z5uX_c5Eo_cSNROzYw,time,7,8.9789,29,3129.27,2585,10669.663026000691,0.29328671668056583,confirmed,,15,15,none,0
IAGruxbR07Y,UCPAt6z5uX_c5Eo_cSNROzYw,time,14,13.9789,29,2615.47,2585,10337.074035777017,0.2530179762170509,confirmed,0.04514020293965157,15,15,none,0
qzXgW1L9wso,UCmlqW3C9C0_gA0LufzbHfKg,time,14,13.8891,29,45421.72,58714,49994.505062772994,0.9085343165058305,confirmed,,15,15,none,0
wUtSgoZ7_w8,UCD4NnnbISbr4dvmmzQxC2bA,time,5,6.8319,29,23667.15,22495,,,insufficient,,0,0,none,0
wUtSgoZ7_w8,UCD4NnnbISbr4dvmmzQxC2bA,time,7,6.8319,29,23667.15,22495,,,insufficient,,0,0,none,0
wUtSgoZ7_w8,UCD4NnnbISbr4dvmmzQxC2bA,time,14,13.8319,29,22735.63,22495,,,insufficient,0.1668583869251947,0,0,none,0
ufIJSwVSBzI,UChISHLovxnSLP0w81NEQj5w,time,14,15.3871,27,46882.12,45410,16865.940019097397,2.779691892638843,confirmed,0.0014175226669792488,15,15,none,0
eb6ToL9StIQ,UC5_SBQbLA9Kg7Jh5GpXoP3g,time,1,0.8325,28,225.21,368,822.3605821248865,0.27385427221671654,early,,6,5,none,0
eb6ToL9StIQ,UC5_SBQbLA9Kg7Jh5GpXoP3g,time,2,2.8325,28,461.32,368,347.25665602425573,1.3284840091744805,early,1.2450305728510958,15,14,none,0
eb6ToL9StIQ,UC5_SBQbLA9Kg7Jh5GpXoP3g,time,3,2.8325,28,461.32,368,347.25665602425573,1.3284840091744805,early,1.2450305728510958,15,14,none,0
eb6ToL9StIQ,UC5_SBQbLA9Kg7Jh5GpXoP3g,time,5,4.8325,28,440.03,368,331.0593258861011,1.3291563365898813,likely,0.8820179102986322,15,12,none,0
eb6ToL9StIQ,UC5_SBQbLA9Kg7Jh5GpXoP3g,time,7,6.8325,28,433.34,368,348.0779059762045,1.2449476845884069,likely,0.7827803567857428,15,12,none,0
eb6ToL9StIQ,UC5_SBQbLA9Kg7Jh5GpXoP3g,time,14,12.8325,28,436.94,368,386.1574878074738,1.1315136348644026,confirmed,0.6189314358884468,15,12,none,0
C8olVyhCUlo,UCulsuEDrIn2sj18PiuV_mPg,time,1,0.9581,27,547.31,552,647.6208843811753,0.8451103760902602,early,,15,10,none,0
C8olVyhCUlo,UCulsuEDrIn2sj18PiuV_mPg,time,2,1.9581,27,428.72,552,647.6208843811753,0.6619969187471848,early,0.3917816232866048,15,10,none,0
C8olVyhCUlo,UCulsuEDrIn2sj18PiuV_mPg,time,3,2.9581,27,420.12,552,654.3831785339814,0.6420052824922825,early,0.3899353069276913,15,10,none,0
C8olVyhCUlo,UCulsuEDrIn2sj18PiuV_mPg,time,5,4.9581,27,473.98,552,654.3831785339814,0.7243225317281324,likely,0.39281584094563854,15,9,none,0
C8olVyhCUlo,UCulsuEDrIn2sj18PiuV_mPg,time,7,6.9581,27,542.09,552,659.5466972476818,0.8219181935225035,likely,0.44242855894415556,15,9,none,0
C8olVyhCUlo,UCulsuEDrIn2sj18PiuV_mPg,time,14,12.9581,27,571.59,552,667,0.856961220924781,confirmed,0.38952082884985145,15,8,none,0
pjSgFEvOGAY,UC6S0jAvcapqJ48ZzLfva12g,time,5,5.0406,27,167869.33,159660,,,insufficient,,1,1,none,0
pjSgFEvOGAY,UC6S0jAvcapqJ48ZzLfva12g,time,7,7.0406,27,144668.04,159660,58503.1593021787,2.472824433058606,confirmed,0.2226725094735694,15,13,none,0
pjSgFEvOGAY,UC6S0jAvcapqJ48ZzLfva12g,time,14,12.0406,27,152861.10,159660,58469.51324163415,2.614372695800969,confirmed,0.16922025955912237,15,11,none,0
0BsiuLBfqOY,UC6BW8DqrAmBEIeCtMa4bfBw,time,14,13.2593,27,2778.68,2747,4011.705367001228,0.6926439319831461,confirmed,,15,15,none,0
8Q-t16IzGt8,UC2OjGgjNiqyLr_1qkqAwsUQ,time,14,13.7498,28,1857.68,1891,10855.226339046027,0.1711320863073488,confirmed,0.17611249496056372,15,13,none,0
pmeeqaXIppU,UCDdUNivjRfrqIE71438HJqQ,time,5,4.7187,27,596.93,724,,,insufficient,,1,1,none,0
pmeeqaXIppU,UCDdUNivjRfrqIE71438HJqQ,time,7,6.7187,27,570.84,724,,,insufficient,0.241675261944235,1,1,none,0
pmeeqaXIppU,UCDdUNivjRfrqIE71438HJqQ,time,14,15.7187,27,672.67,724,,,insufficient,0.2927845393801671,1,1,none,0
gp-61iLh08w,UCpXipTyhIY9kprpvVd-lu0A,heldout,14,14.9270,31,19932.08,19925,55204.87560508892,0.36105649174480065,confirmed,0.060798537066584536,15,14,none,0
fxx_E0ojKrc,UC8butISFwT-Wl7EV0hUK0BQ,time,5,4.9064,27,29915.87,36896,,,insufficient,,2,2,none,0
fxx_E0ojKrc,UC8butISFwT-Wl7EV0hUK0BQ,time,7,6.9064,27,31154.11,36896,,,insufficient,0.377012129490225,2,2,none,0
fxx_E0ojKrc,UC8butISFwT-Wl7EV0hUK0BQ,time,14,12.9064,27,35360.43,36896,,,insufficient,0.3715676938752246,2,2,none,0
50YZV2_mXGo,UCPq1_RaAg4lKCMwBktZniOw,time,5,5.0313,29,3136.90,4295,4058.897674258501,0.7728459053652144,likely,0.09505610195579457,10,9,none,0
50YZV2_mXGo,UCPq1_RaAg4lKCMwBktZniOw,time,7,6.0313,29,3185.30,4295,4059.8647221707674,0.7845840179176718,likely,0.20598857751395172,10,9,none,0
50YZV2_mXGo,UCPq1_RaAg4lKCMwBktZniOw,time,14,14.0313,29,4090.85,4295,4119.6739453118,0.9930028887013089,confirmed,0.2753532656162744,10,8,none,0
92LK3J0ZykA,UCFYGr5NPq7klB5N0tb5Cdyg,time,14,13.7708,29,3746.15,5198,4327.399284714133,0.8656815865732733,confirmed,0.4156012975554993,15,15,none,0
HSUsmLth0OY,UCxkIzPnPzWLz4IeuxIROflg,heldout,14,14.8746,30,2839.53,3210,1403.6864302797499,2.0229089745184403,confirmed,0.326768876956087,15,11,none,0
gZQWDgUNQY8,UCMmfUj8CcXeqpqWkund3ELg,time,7,7.8741,29,60615.45,70775,45985,1.318157088135036,confirmed,,15,13,none,0
gZQWDgUNQY8,UCMmfUj8CcXeqpqWkund3ELg,time,14,13.8741,29,67111.50,70775,45985,1.45942162433411,confirmed,0.3399940883343464,15,11,none,0
bB_0_F7fLJw,UChFahjDeMBV67DSXiF5pwBA,time,14,13.7912,29,49066.90,50330,45128.53692153077,1.0872698048315552,confirmed,0.5907593535762363,15,14,none,0
zB6DdxyXSIE,UCN3U77hj4a8bJ0jpwSxaZFw,time,14,13.9415,29,4681.39,4685,5722.417027379473,0.8180798579772735,confirmed,0.0634581881048552,15,15,none,0
TaBgZnScmY4,UC4eYXhJI4-7wSWc8UNRwD4A,time,5,5.1245,28,278089.32,311773,,,insufficient,,1,1,none,0
TaBgZnScmY4,UC4eYXhJI4-7wSWc8UNRwD4A,time,7,6.1245,28,275318.94,311773,,,insufficient,0.39261641551364845,1,1,none,0
TaBgZnScmY4,UC4eYXhJI4-7wSWc8UNRwD4A,time,14,12.1245,28,286319.08,311773,,,insufficient,0.2936415386789254,1,1,none,0
fe1HAmp1K4k,UCb_JYhqnSdEejiznUm3XNqQ,time,5,4.6640,27,248.83,217,,,insufficient,,0,0,none,0
fe1HAmp1K4k,UCb_JYhqnSdEejiznUm3XNqQ,time,7,6.6640,27,205.61,217,,,insufficient,0.07150153213371303,0,0,none,0
fe1HAmp1K4k,UCb_JYhqnSdEejiznUm3XNqQ,time,14,12.6640,27,205.56,217,,,insufficient,0.09517942212995009,0,0,none,0
fb8BDVvqSHk,UCdt0GYPfoQdIZTiqH4CDBaw,time,5,6.9166,29,9401.66,8038,,,insufficient,,0,0,none,0
fb8BDVvqSHk,UCdt0GYPfoQdIZTiqH4CDBaw,time,7,6.9166,29,9401.66,8038,,,insufficient,,0,0,none,0
fb8BDVvqSHk,UCdt0GYPfoQdIZTiqH4CDBaw,time,14,13.9166,29,8059.19,8038,,,insufficient,0.06885255329483861,0,0,none,0
uJI5dkS5oo0,UCK_qwlvj4ZQobgDsalN_Pvg,time,0.5,0.7493,27,349.24,2410,2810.056061667835,0.12428153548863605,early,,15,12,none,0
uJI5dkS5oo0,UCK_qwlvj4ZQobgDsalN_Pvg,time,1,0.7493,27,349.24,2410,2810.056061667835,0.12428153548863605,early,,15,12,none,0
uJI5dkS5oo0,UCK_qwlvj4ZQobgDsalN_Pvg,time,2,1.7493,27,635.58,2410,2810.056061667835,0.22617907565509462,early,1.9346261346238378,15,12,none,0
uJI5dkS5oo0,UCK_qwlvj4ZQobgDsalN_Pvg,time,3,2.7493,27,1141.40,2410,2810.056061667835,0.4061841172518324,early,2.079193301031502,15,11,none,0
uJI5dkS5oo0,UCK_qwlvj4ZQobgDsalN_Pvg,time,5,4.7493,27,3765.46,2410,2810.056061667835,1.3399933669265418,likely,2.076655716600163,15,11,none,0
uJI5dkS5oo0,UCK_qwlvj4ZQobgDsalN_Pvg,time,7,6.7493,27,4170.89,2410,2810.056061667835,1.4842724692407592,likely,1.7910842529937914,15,11,none,0
uJI5dkS5oo0,UCK_qwlvj4ZQobgDsalN_Pvg,time,14,15.7493,27,2806.29,2410,2973.3069376313947,0.9438288011190314,confirmed,1.2893240299292177,15,9,none,0
F_PuaNIvAkU,UC6QNjBn6KMq5-pe3OE11zZg,heldout,14,13.8330,30,11518.02,10811,11062.0442581714,1.0412197812753339,confirmed,,7,5,none,0
do0Jcw2xvOQ,UCwMbSEgxhmOB5dXcxRTKHJQ,heldout,1,0.8524,33,4822.08,5905,15456.475661102939,0.3119778736055628,early,,15,14,none,0
do0Jcw2xvOQ,UCwMbSEgxhmOB5dXcxRTKHJQ,heldout,2,2.8524,33,6047.75,5905,15621.231035324945,0.38714932599047314,early,0.870642994058637,15,13,none,0
do0Jcw2xvOQ,UCwMbSEgxhmOB5dXcxRTKHJQ,heldout,3,2.8524,33,6047.75,5905,15621.231035324945,0.38714932599047314,early,0.870642994058637,15,13,none,0
do0Jcw2xvOQ,UCwMbSEgxhmOB5dXcxRTKHJQ,heldout,5,4.8524,33,8304.63,5905,15621.231035324945,0.5316243278140805,likely,0.7779715296057778,15,13,none,0
do0Jcw2xvOQ,UCwMbSEgxhmOB5dXcxRTKHJQ,heldout,7,6.8524,33,8210.54,5905,15851.074205313209,0.5179802581772194,likely,0.7025931341813979,15,13,none,0
do0Jcw2xvOQ,UCwMbSEgxhmOB5dXcxRTKHJQ,heldout,14,14.8524,33,7265.51,5905,18689.43844101899,0.38874960271470077,confirmed,0.5348628377841966,15,12,none,0
HzA07cvOfh8,UCnwAlhoB5rVhh6y5P96RXAw,heldout,14,12.9579,30,122316.36,128904,53243.025363610504,2.2973216928890277,confirmed,,7,7,none,0
MyqkSP8Su28,UCFH4gw_N_l_umsg-Rh8Ytpw,time,5,4.7499,27,20590.70,28072,,,insufficient,,0,0,none,0
MyqkSP8Su28,UCFH4gw_N_l_umsg-Rh8Ytpw,time,7,6.7499,27,21377.06,28072,,,insufficient,0.35803356004561554,0,0,none,0
MyqkSP8Su28,UCFH4gw_N_l_umsg-Rh8Ytpw,time,14,12.7499,27,26433.51,28072,,,insufficient,0.45967458557584673,0,0,none,0
NfQDie3cBo4,UCuuq3lB_aWH9-bUubni59Rg,time,14,13.8745,29,752.13,717,459.84891814979983,1.6356112136276701,confirmed,0.2724422771149299,15,14,none,0
QsR3a2xPBXw,UCnpWedLQdHpZqhgTLdB9Yyg,heldout,1,1.8956,30,62198.94,73641,68489.76664732474,0.908149459917137,early,,15,15,none,0
QsR3a2xPBXw,UCnpWedLQdHpZqhgTLdB9Yyg,heldout,2,1.8956,30,62198.94,73641,68489.76664732474,0.908149459917137,early,,15,15,none,0
QsR3a2xPBXw,UCnpWedLQdHpZqhgTLdB9Yyg,heldout,5,6.8956,30,65341.42,73641,71324.4571076293,0.9161152150512024,likely,0.43618486296658426,15,15,none,0
QsR3a2xPBXw,UCnpWedLQdHpZqhgTLdB9Yyg,heldout,7,6.8956,30,65341.42,73641,71324.4571076293,0.9161152150512024,likely,0.43618486296658426,15,15,none,0
QsR3a2xPBXw,UCnpWedLQdHpZqhgTLdB9Yyg,heldout,14,13.8956,30,70886.88,73641,71148,0.9963299535002361,confirmed,0.36668396680993165,15,12,none,0
3TkK6VY6hTU,UCf6AGqO98eGk11nfazociVQ,time,14,14.1406,29,1495.71,1452,4514.037320329179,0.33134586408782746,confirmed,0.15714592072452407,15,12,none,0
AK7M1WahKb4,UCDdUNivjRfrqIE71438HJqQ,time,5,5.5938,27,270.59,989,,,insufficient,,0,0,none,0
AK7M1WahKb4,UCDdUNivjRfrqIE71438HJqQ,time,7,7.5938,27,423.53,989,,,insufficient,0.9947540233838458,0,0,none,0
AK7M1WahKb4,UCDdUNivjRfrqIE71438HJqQ,time,14,13.5938,27,515.35,989,,,insufficient,0.9006096495263399,0,0,none,0
P7zpRpVSqaw,UCGpsgNbzdF7BECCVbB1COHw,time,14,14.4789,27,6359.96,6207,7130.529747715923,0.8919338795612882,confirmed,0.012518384646585397,15,15,none,0
m6EfZ7WxuGA,UC6BW8DqrAmBEIeCtMa4bfBw,time,14,15.2826,27,2641.29,2751,3672.6980579393658,0.7191687467432071,confirmed,0.017314447660757102,15,15,none,0
8FGXMjxj_Vc,UCsLt8oYvDYGpSHcGhRBBkyw,time,14,13.8540,29,5870.15,5404,2659.2324359804056,2.207459754956247,confirmed,1.0062892517664888,15,15,none,0
zrC5jnzEnUs,UCfiZzwbPTOw8MCQfyxES43A,time,5,6.4457,29,2600.59,4212,,,insufficient,,0,0,none,0
zrC5jnzEnUs,UCfiZzwbPTOw8MCQfyxES43A,time,7,7.4457,29,2571.21,4212,,,insufficient,0.22716739248576537,0,0,none,0
zrC5jnzEnUs,UCfiZzwbPTOw8MCQfyxES43A,time,14,14.4457,29,2876.47,4212,,,insufficient,0.29915408648241903,0,0,none,0
9XOZwFzp53g,UCaNycZiNY1X7T44Pipi7V4A,time,14,14.7499,29,2474.00,2518,8199.119131044148,0.3017403060798758,confirmed,0.20391976271236079,15,14,none,0
xshlLGJdX80,UC3KNWfcAsfHDqIzHExknhFQ,time,5,6.6374,28,203.92,397,,,insufficient,,2,2,none,0
xshlLGJdX80,UC3KNWfcAsfHDqIzHExknhFQ,time,7,6.6374,28,203.92,397,,,insufficient,,2,2,none,0
xshlLGJdX80,UC3KNWfcAsfHDqIzHExknhFQ,time,14,13.6374,28,321.62,397,,,insufficient,0.6913460080516339,2,2,none,0
3uL_sJwNLvw,UC82CC3slHM06qAeH1KpWOGg,time,7,8.9243,27,1465.19,1687,2084.793973370708,0.7028000930577624,confirmed,,3,3,none,0
3uL_sJwNLvw,UC82CC3slHM06qAeH1KpWOGg,time,14,12.9243,27,1521.14,1687,1661.830651449252,0.9153415423963944,confirmed,0.3285727426624272,10,9,none,0
h6oSGYIQSxo,UCbY9xX3_jW5c2fjlZVBI4cg,time,14,14.3587,28,4124.63,4218,39633.081514191086,0.1040702919249357,confirmed,0.12701405104408298,15,15,none,0
pouxMfSKm0k,UC5Qbo0AR3CwpmEq751BIy0g,time,1,0.8956,28,904443.64,646895,705092,1.282731393037173,early,,15,11,none,0
pouxMfSKm0k,UC5Qbo0AR3CwpmEq751BIy0g,time,2,2.8956,28,696652.77,646895,705092,0.9880310254040097,early,0.3857804693352276,15,9,none,0
pouxMfSKm0k,UC5Qbo0AR3CwpmEq751BIy0g,time,3,2.8956,28,696652.77,646895,705092,0.9880310254040097,early,0.3857804693352276,15,9,none,0
pouxMfSKm0k,UC5Qbo0AR3CwpmEq751BIy0g,time,5,4.8956,28,556577.79,646895,705092,0.7893690345244815,likely,0.2963108965293641,15,7,none,0
pouxMfSKm0k,UC5Qbo0AR3CwpmEq751BIy0g,time,7,6.8956,28,560205.05,646895,705092,0.7945134067918053,likely,0.27065541176436725,15,7,none,0
pouxMfSKm0k,UC5Qbo0AR3CwpmEq751BIy0g,time,14,13.8956,28,620901.79,646895,705092,0.8805968455347847,confirmed,0.22875649806769308,15,6,none,0
l3yj7-dimxU,UC7u2HaYBKDaLPcWmldxgGEA,heldout,0.5,0.6210,27,167678.50,139695,184182.67133847234,0.9103923961358962,early,,14,11,none,0
l3yj7-dimxU,UC7u2HaYBKDaLPcWmldxgGEA,time,0.5,0.6210,27,167678.50,139695,184182.67133847234,0.9103923961358962,early,,14,11,none,0
l3yj7-dimxU,UC7u2HaYBKDaLPcWmldxgGEA,heldout,1,0.6210,27,167678.50,139695,184182.67133847234,0.9103923961358962,early,,14,11,none,0
l3yj7-dimxU,UC7u2HaYBKDaLPcWmldxgGEA,time,1,0.6210,27,167678.50,139695,184182.67133847234,0.9103923961358962,early,,14,11,none,0
l3yj7-dimxU,UC7u2HaYBKDaLPcWmldxgGEA,heldout,2,1.6210,27,152244.01,139695,184182.67133847234,0.8265924945875565,early,0.6868783906028895,14,11,none,0
l3yj7-dimxU,UC7u2HaYBKDaLPcWmldxgGEA,time,2,1.6210,27,152244.01,139695,184182.67133847234,0.8265924945875565,early,0.6868783906028895,14,11,none,0
l3yj7-dimxU,UC7u2HaYBKDaLPcWmldxgGEA,heldout,3,2.6210,27,156400.13,139695,184182.67133847234,0.8491576992472962,early,0.5179394133915449,14,11,none,0
l3yj7-dimxU,UC7u2HaYBKDaLPcWmldxgGEA,time,3,2.6210,27,156400.13,139695,184182.67133847234,0.8491576992472962,early,0.5179394133915449,14,11,none,0
l3yj7-dimxU,UC7u2HaYBKDaLPcWmldxgGEA,heldout,5,4.6210,27,147965.66,139695,185667.5406447092,0.796938776441312,likely,0.42124287835109736,14,11,none,0
l3yj7-dimxU,UC7u2HaYBKDaLPcWmldxgGEA,time,5,4.6210,27,147965.66,139695,185667.5406447092,0.796938776441312,likely,0.42124287835109736,14,11,none,0
l3yj7-dimxU,UC7u2HaYBKDaLPcWmldxgGEA,heldout,7,7.6210,27,151275.91,139695,186571.66503153468,0.8108193229154383,confirmed,0.3790881623724124,14,11,none,0
l3yj7-dimxU,UC7u2HaYBKDaLPcWmldxgGEA,time,7,7.6210,27,151275.91,139695,186571.66503153468,0.8108193229154383,confirmed,0.3790881623724124,14,11,none,0
l3yj7-dimxU,UC7u2HaYBKDaLPcWmldxgGEA,heldout,14,15.6210,27,146987.05,139695,187685.42852137354,0.7831564323764003,confirmed,0.31109904520897935,14,9,none,0
l3yj7-dimxU,UC7u2HaYBKDaLPcWmldxgGEA,time,14,15.6210,27,146987.05,139695,187685.42852137354,0.7831564323764003,confirmed,0.31109904520897935,14,9,none,0
P-bY4uFjSHw,UC5_SBQbLA9Kg7Jh5GpXoP3g,time,1,0.8328,28,7.95,57,1594.447856116866,0.004985099302821038,early,,8,7,none,0
P-bY4uFjSHw,UC5_SBQbLA9Kg7Jh5GpXoP3g,time,2,2.8328,28,60.64,57,700.5388708171415,0.08656714605401536,early,3.027530743451667,15,14,none,0
P-bY4uFjSHw,UC5_SBQbLA9Kg7Jh5GpXoP3g,time,3,2.8328,28,60.64,57,700.5388708171415,0.08656714605401536,early,3.027530743451667,15,14,none,0
P-bY4uFjSHw,UC5_SBQbLA9Kg7Jh5GpXoP3g,time,5,4.8328,28,55.94,57,633.8440581744454,0.08824878214217949,likely,1.98899093123687,15,12,none,0
P-bY4uFjSHw,UC5_SBQbLA9Kg7Jh5GpXoP3g,time,7,6.8328,28,52.33,57,603.7550320706625,0.0866704198404764,likely,1.6297012203176318,15,12,none,0
P-bY4uFjSHw,UC5_SBQbLA9Kg7Jh5GpXoP3g,time,14,13.8328,28,60.32,57,564.2389944002191,0.10690267255541434,confirmed,1.2505712355293148,15,12,none,0
BzXqHxy13iA,UC6BW8DqrAmBEIeCtMa4bfBw,time,14,14.2629,29,2224.72,2101,3831.7391473787034,0.5806030375996627,confirmed,,15,15,none,0
rvtZs_nTqr0,UC68TLK0mAEzUyHx5x5k-S1Q,time,1,1.8748,27,2153169.45,1690548,2587652.8290279293,0.8320936350104512,early,,10,10,none,0
rvtZs_nTqr0,UC68TLK0mAEzUyHx5x5k-S1Q,time,2,1.8748,27,2153169.45,1690548,2587652.8290279293,0.8320936350104512,early,,10,10,none,0
rvtZs_nTqr0,UC68TLK0mAEzUyHx5x5k-S1Q,time,3,2.8748,27,1542941.30,1690548,2587652.8290279293,0.5962705962587656,early,0.2398859337546418,10,10,none,0
rvtZs_nTqr0,UC68TLK0mAEzUyHx5x5k-S1Q,time,5,4.8748,27,1535976.13,1690548,2601031.1566222846,0.5905258484490068,likely,0.21983896719312332,10,10,none,0
rvtZs_nTqr0,UC68TLK0mAEzUyHx5x5k-S1Q,time,7,6.8748,27,1539659.00,1690548,2601031.1566222846,0.5919417738882982,likely,0.19441630883555402,10,9,none,0
rvtZs_nTqr0,UC68TLK0mAEzUyHx5x5k-S1Q,time,14,12.8748,27,1647417.57,1690548,2642794.4979270846,0.623361962901821,confirmed,0.17471157174035218,10,9,none,0
AQF4eteGhck,UC1usuCeFHj1tQikOJ00SWyA,time,2,2.3332,29,2771.96,2811,3641.999437965646,0.7611100424641636,early,,15,15,none,0
AQF4eteGhck,UC1usuCeFHj1tQikOJ00SWyA,time,3,3.3332,29,2267.23,2811,3641.999437965646,0.6225244998015397,likely,0.3369853270150382,15,15,none,0
AQF4eteGhck,UC1usuCeFHj1tQikOJ00SWyA,time,5,5.3332,29,2256.53,2811,3641.999437965646,0.6195856654008017,likely,0.2598557103552483,15,15,none,0
AQF4eteGhck,UC1usuCeFHj1tQikOJ00SWyA,time,7,7.3332,29,2343.84,2811,3641.999437965646,0.6435588004158657,confirmed,0.2927637025640874,15,15,none,0
AQF4eteGhck,UC1usuCeFHj1tQikOJ00SWyA,time,14,14.3332,29,2530.62,2811,3679.878964327959,0.6876904658652526,confirmed,0.27679558040077473,15,15,none,0
03wNsPlpKjM,UCR3rfDiOfD1hk0IEdIwusIw,heldout,14,14.6875,31,6521.26,6124,104223.78289907631,0.06256982736410581,confirmed,,15,14,none,0
xnLGAHGPLwg,UC4FS7jCXHd1V9JRSbsQuAUg,time,2,2.5645,28,1783.32,2656,,,insufficient,,0,0,none,0
xnLGAHGPLwg,UC4FS7jCXHd1V9JRSbsQuAUg,time,3,2.5645,28,1783.32,2656,,,insufficient,,0,0,none,0
xnLGAHGPLwg,UC4FS7jCXHd1V9JRSbsQuAUg,time,5,5.5645,28,1713.98,2656,10832.732159910402,0.15822267602173584,likely,0.27412840210024475,15,15,none,0
xnLGAHGPLwg,UC4FS7jCXHd1V9JRSbsQuAUg,time,7,6.5645,28,1712.53,2656,10826.246637277074,0.15818295047068712,likely,0.30574383001192557,15,15,none,0
xnLGAHGPLwg,UC4FS7jCXHd1V9JRSbsQuAUg,time,14,13.5645,28,2182.92,2656,10849.621469673482,0.20119740409939507,confirmed,0.3598791358651387,15,13,none,0
X17k-PWcaAk,UChjqM-6MiqlF3qUq4GMVhkg,time,14,14.7496,29,32355.93,30042,26654.85646069386,1.213884938374445,confirmed,,15,15,none,0
GWHkgIyZ0JI,UCPCPE5MoI7DS1WiVB_-mzNw,time,7,7.9093,29,3719.63,2976,5588.110834519706,0.6656323900976503,confirmed,,15,15,none,0
GWHkgIyZ0JI,UCPCPE5MoI7DS1WiVB_-mzNw,time,14,13.9093,29,3062.74,2976,5362.026922523681,0.5711905459028228,confirmed,0.006561381888794407,15,15,none,0
i9BQS6oSHGU,UC-OJ-24roEfQ_-PCnLJSckg,time,1,0.8382,28,270833.89,270292,200404,1.3514395349079704,early,,15,11,none,0
i9BQS6oSHGU,UC-OJ-24roEfQ_-PCnLJSckg,time,2,1.8382,28,225311.11,270292,200404,1.1242844957772455,early,0.5584884748658091,15,11,none,0
i9BQS6oSHGU,UC-OJ-24roEfQ_-PCnLJSckg,time,3,2.8382,28,229155.80,270292,200404,1.1434691777413324,early,0.48985974683233663,15,10,none,0
i9BQS6oSHGU,UC-OJ-24roEfQ_-PCnLJSckg,time,5,4.8382,28,233340.23,270292,200404,1.1643491476369834,likely,0.4023835405738438,15,10,none,0
i9BQS6oSHGU,UC-OJ-24roEfQ_-PCnLJSckg,time,7,6.8382,28,230746.92,270292,200404,1.1514087566380689,likely,0.3973740861496844,15,10,none,0
i9BQS6oSHGU,UC-OJ-24roEfQ_-PCnLJSckg,time,14,13.8382,28,256974.73,270292,200404,1.2822834172174364,confirmed,0.3630421205938333,15,9,none,0
UvMrFjQ9AAM,UCUpbDOT-OVNBlaQpb9pbd2w,time,5,5.3709,29,32506.19,24229,30396.9490237019,1.0693898659292331,likely,,15,15,none,0
UvMrFjQ9AAM,UCUpbDOT-OVNBlaQpb9pbd2w,time,7,7.3709,29,26413.73,24229,28563.856818067583,0.9247256807948824,confirmed,0.017882398535590555,15,15,none,0
UvMrFjQ9AAM,UCUpbDOT-OVNBlaQpb9pbd2w,time,14,14.3709,29,24956.42,24229,25469.429183138585,0.9798577260274388,confirmed,0.012000146875587364,15,15,none,0
T2t5S3ek5V4,UCEuQ7YIThAps6wERHfsY7fQ,heldout,0.5,0.6262,28,9127.51,5824,8735,1.0449348096324826,early,,15,7,none,0
T2t5S3ek5V4,UCEuQ7YIThAps6wERHfsY7fQ,time,0.5,0.6262,28,9127.51,5824,8735,1.0449348096324826,early,,15,7,none,0
T2t5S3ek5V4,UCEuQ7YIThAps6wERHfsY7fQ,heldout,1,0.6262,28,9127.51,5824,8735,1.0449348096324826,early,,15,7,none,0
T2t5S3ek5V4,UCEuQ7YIThAps6wERHfsY7fQ,time,1,0.6262,28,9127.51,5824,8735,1.0449348096324826,early,,15,7,none,0
T2t5S3ek5V4,UCEuQ7YIThAps6wERHfsY7fQ,heldout,2,2.6262,28,5201.78,5824,8735,0.5955103789291988,early,0.3580946920564462,15,6,none,0
T2t5S3ek5V4,UCEuQ7YIThAps6wERHfsY7fQ,time,2,2.6262,28,5201.78,5824,8735,0.5955103789291988,early,0.3580946920564462,15,6,none,0
T2t5S3ek5V4,UCEuQ7YIThAps6wERHfsY7fQ,heldout,3,2.6262,28,5201.78,5824,8735,0.5955103789291988,early,0.3580946920564462,15,6,none,0
T2t5S3ek5V4,UCEuQ7YIThAps6wERHfsY7fQ,time,3,2.6262,28,5201.78,5824,8735,0.5955103789291988,early,0.3580946920564462,15,6,none,0
T2t5S3ek5V4,UCEuQ7YIThAps6wERHfsY7fQ,heldout,5,4.6262,28,6230.97,5824,8735,0.7133339512934678,likely,0.2744198846832429,15,6,none,0
T2t5S3ek5V4,UCEuQ7YIThAps6wERHfsY7fQ,time,5,4.6262,28,6230.97,5824,8735,0.7133339512934678,likely,0.2744198846832429,15,6,none,0
T2t5S3ek5V4,UCEuQ7YIThAps6wERHfsY7fQ,heldout,7,6.6262,28,6652.26,5824,8735,0.7615635138402513,likely,0.27851494240966773,15,6,none,0
T2t5S3ek5V4,UCEuQ7YIThAps6wERHfsY7fQ,time,7,6.6262,28,6652.26,5824,8735,0.7615635138402513,likely,0.27851494240966773,15,6,none,0
T2t5S3ek5V4,UCEuQ7YIThAps6wERHfsY7fQ,heldout,14,12.6262,28,6249.98,5824,8735,0.7155099603480873,confirmed,0.2295565178211304,15,5,none,0
T2t5S3ek5V4,UCEuQ7YIThAps6wERHfsY7fQ,time,14,12.6262,28,6249.98,5824,8735,0.7155099603480873,confirmed,0.2295565178211304,15,5,none,0
tRE5_bQoGYw,UCcjhYlL1WRBjKaJsMH_h7Lg,time,1,0.8333,27,132074.61,164611,342997.2105403848,0.3850602978725,early,,15,11,none,0
tRE5_bQoGYw,UCcjhYlL1WRBjKaJsMH_h7Lg,time,2,1.8333,27,218825.03,164611,342997.2105403848,0.637979027750826,early,0.8943705774905404,15,10,none,0
tRE5_bQoGYw,UCcjhYlL1WRBjKaJsMH_h7Lg,time,3,2.8333,27,287890.59,164611,342997.2105403848,0.8393379951284236,early,0.7254569009803143,15,10,none,0
tRE5_bQoGYw,UCcjhYlL1WRBjKaJsMH_h7Lg,time,5,4.8333,27,159345.19,164611,350416.68301228865,0.45473059679342415,likely,0.6281409115296331,15,10,none,0
tRE5_bQoGYw,UCcjhYlL1WRBjKaJsMH_h7Lg,time,7,6.8333,27,160474.10,164611,350416.68301228865,0.4579522147770378,likely,0.5868897171801569,15,10,none,0
tRE5_bQoGYw,UCcjhYlL1WRBjKaJsMH_h7Lg,time,14,12.8333,27,184658.64,164611,360487.8686924169,0.5122464746306183,confirmed,0.5037782241574691,15,9,none,0
xN7KiItharc,UC2OjGgjNiqyLr_1qkqAwsUQ,time,14,13.6661,28,3260.04,3245,10275.195207353408,0.31727234338432225,confirmed,0.06732929595310982,15,12,none,0
wWEAEWcrYsI,UCxa1v9wVMmjYUhUfQOJxbzw,time,14,13.0603,28,9321.00,10036,8046.223235611813,1.1584314580031567,confirmed,,15,13,none,0
xx0jNSWZVMg,UCUnFheTbVpASikm0YPb8pSw,time,14,12.7222,27,3759.01,3438,6034.955334927109,0.6228730758515649,confirmed,0.333607003542118,15,14,none,0
7yZK9SGBunA,UC710HJmp-YgNbE5BnFBRoeg,time,5,6.9251,27,89935.69,83420,,,insufficient,,0,0,none,0
7yZK9SGBunA,UC710HJmp-YgNbE5BnFBRoeg,time,7,6.9251,27,89935.69,83420,,,insufficient,,0,0,none,0
7yZK9SGBunA,UC710HJmp-YgNbE5BnFBRoeg,time,14,12.9251,27,78288.36,83420,,,insufficient,0.10466701482134899,0,0,none,0
_ddXXvJwi_g,UC8kGsMa0LygSX9nkBcBH1Sg,time,14,13.8326,27,9786.30,10144,13898,0.7041519335281796,confirmed,0.0989233361016322,15,12,none,0
Koz8u_gbQcA,UChbcn2mOzPHEEHxPmU66Sdg,time,1,0.9188,29,2040.72,38266,1919.1619193645386,1.0633381409583655,early,,15,6,none,0
Koz8u_gbQcA,UChbcn2mOzPHEEHxPmU66Sdg,time,2,1.9188,29,3719.69,38266,1909.94175652157,1.9475386515399067,early,1.0773120682404025,15,6,none,0
Koz8u_gbQcA,UChbcn2mOzPHEEHxPmU66Sdg,time,3,2.9188,29,4267.45,38266,1903.1864203540035,2.2422673166963136,early,0.9856677467684795,15,6,none,0
Koz8u_gbQcA,UChbcn2mOzPHEEHxPmU66Sdg,time,5,4.9188,29,5872.94,38266,1875.0607981244623,3.1321339518543723,likely,0.9423163881888403,15,6,none,0
Koz8u_gbQcA,UChbcn2mOzPHEEHxPmU66Sdg,time,7,6.9188,29,8566.91,38266,1783.8969599536779,4.802357927911628,likely,1.1251766354374386,15,6,none,0
Koz8u_gbQcA,UChbcn2mOzPHEEHxPmU66Sdg,time,14,14.9188,29,31793.87,38266,1639,19.3983313788832,confirmed,1.5042234330571567,15,4,none,0
wh0uup4o7Mg,UCat0LyGytYMwfZEPbO_rOrA,heldout,14,13.9999,29,3068.94,3163,2413.1849575524056,1.2717371128502941,confirmed,0.12099784724208529,15,15,none,0
wh0uup4o7Mg,UCat0LyGytYMwfZEPbO_rOrA,time,14,13.9999,29,3068.94,3163,2413.1849575524056,1.2717371128502941,confirmed,0.12099784724208529,15,15,none,0
l9dDuZfnauM,UCe1Ka1W1V_TfRSwE_luacEg,time,14,12.7883,27,8208.64,8248,4871.149625777231,1.6851542347788397,confirmed,,15,13,none,0
00_HlYma2Qg,UCJHA_jMfCvEnv-3kRjTCQXw,time,1,0.9583,30,612419.49,547560,662148.4894139407,0.9248975051283559,early,,15,9,none,0
00_HlYma2Qg,UCJHA_jMfCvEnv-3kRjTCQXw,time,2,1.9583,30,622270.78,547560,670641.3876846625,0.927874112136699,early,0.6319623709301831,15,9,none,0
00_HlYma2Qg,UCJHA_jMfCvEnv-3kRjTCQXw,time,3,2.9583,30,663021.27,547560,680171,0.9747861465571143,early,0.48463343648243307,15,8,none,0
00_HlYma2Qg,UCJHA_jMfCvEnv-3kRjTCQXw,time,5,4.9583,30,619869.06,547560,680171,0.9113429655369012,likely,0.38813643994116287,15,8,none,0
00_HlYma2Qg,UCJHA_jMfCvEnv-3kRjTCQXw,time,7,6.9583,30,598495.55,547560,680171,0.8799192458071188,likely,0.34376646714871123,15,7,none,0
00_HlYma2Qg,UCJHA_jMfCvEnv-3kRjTCQXw,time,14,13.9583,30,592978.78,547560,680171,0.871808386402147,confirmed,0.285103008100027,15,5,none,0
NoVEbKJct5o,UC70SrI3VkT1MXALRtf0pcHg,time,1,0.9227,29,52484.26,29077,73495.15546407987,0.7141185887758226,early,,14,14,none,0
NoVEbKJct5o,UC70SrI3VkT1MXALRtf0pcHg,time,2,1.9227,29,35183.35,29077,73329.17999058614,0.47980012338642475,early,0.2505707710980111,15,15,none,0
NoVEbKJct5o,UC70SrI3VkT1MXALRtf0pcHg,time,3,3.9227,29,32444.01,29077,70840.1840883927,0.45798874377830706,likely,0.18440944832295267,15,15,none,0
NoVEbKJct5o,UC70SrI3VkT1MXALRtf0pcHg,time,5,4.9227,29,30088.49,29077,69761.82383982727,0.43130313371332685,likely,0.16712660375294605,15,15,none,0
NoVEbKJct5o,UC70SrI3VkT1MXALRtf0pcHg,time,7,6.9227,29,29568.25,29077,67926.66299758627,0.43529667285929813,likely,0.14617582984012278,15,15,none,0
NoVEbKJct5o,UC70SrI3VkT1MXALRtf0pcHg,time,14,13.9227,29,28855.86,29077,64719.012827669154,0.4458636782648474,confirmed,0.11957958532865179,15,15,none,0
duFpO13-pTA,UCRQc4NTDrz0Qncp7zx3YM1g,time,14,15.0204,27,10296.07,9710,6792,1.5159107942181413,confirmed,0.328947167579876,15,10,none,0
NCIIbjtz_JA,UCQIcXQ2n0sa-7CD0NtqnrrA,heldout,2,2.7995,29,168339.36,163440,100189.64961457603,1.680207093183763,early,,15,14,none,0
NCIIbjtz_JA,UCQIcXQ2n0sa-7CD0NtqnrrA,heldout,3,2.7995,29,168339.36,163440,100189.64961457603,1.680207093183763,early,,15,14,none,0
NCIIbjtz_JA,UCQIcXQ2n0sa-7CD0NtqnrrA,heldout,5,4.7995,29,158458.45,163440,100189.64961457603,1.5815850622832524,likely,0.3465659296964192,15,14,none,0
NCIIbjtz_JA,UCQIcXQ2n0sa-7CD0NtqnrrA,heldout,7,6.7995,29,160810.70,163440,100189.64961457603,1.6050629928942308,likely,0.31258165285095363,15,13,none,0
NCIIbjtz_JA,UCQIcXQ2n0sa-7CD0NtqnrrA,heldout,14,14.7995,29,165766.09,163440,100899.74632095305,1.6428791635875535,confirmed,0.23340921255563588,15,13,none,0
zYwuhExmBC0,UCBhPkAuGks2UkizNMbtW6uw,time,5,5.3272,27,38.77,51,89.1072144830604,0.4350873655542112,likely,0.1735300124607411,6,6,none,0
zYwuhExmBC0,UCBhPkAuGks2UkizNMbtW6uw,time,7,7.3272,27,45.96,51,87.36875617237511,0.5260194210253598,confirmed,0.3158207253738163,6,6,none,0
zYwuhExmBC0,UCBhPkAuGks2UkizNMbtW6uw,time,14,15.3272,27,48.13,51,82.57508652676479,0.5828346909702933,confirmed,0.2363299728595234,6,6,none,0
I1eNLPGrkqU,UC2tGWbH6jrsIqTqafdxjyjQ,time,2,2.6665,28,860.75,739,464.54172520910805,1.8529026987450758,early,,10,9,none,0
I1eNLPGrkqU,UC2tGWbH6jrsIqTqafdxjyjQ,time,3,2.6665,28,860.75,739,464.54172520910805,1.8529026987450758,early,,10,9,none,0
I1eNLPGrkqU,UC2tGWbH6jrsIqTqafdxjyjQ,time,5,4.6665,28,639.70,739,419.9209791292541,1.5233710974575847,likely,0.07491227604147513,15,14,none,0
I1eNLPGrkqU,UC2tGWbH6jrsIqTqafdxjyjQ,time,7,6.6665,28,636.62,739,416.5484426263303,1.5283244939942113,likely,0.08702775621714634,15,14,none,0
I1eNLPGrkqU,UC2tGWbH6jrsIqTqafdxjyjQ,time,14,13.6665,28,716.33,739,410.7113645434078,1.74412240045696,confirmed,0.13966051000942492,15,13,none,0
_qt72Qp4V3I,UCAxo00B7pKkNnBryYwhE5xg,time,5,5.4679,28,493.59,804,,,insufficient,,0,0,none,0
_qt72Qp4V3I,UCAxo00B7pKkNnBryYwhE5xg,time,7,7.4679,28,568.31,804,,,insufficient,0.4879259424067494,0,0,none,0
_qt72Qp4V3I,UCAxo00B7pKkNnBryYwhE5xg,time,14,13.4679,28,705.28,804,,,insufficient,0.5318229769221983,0,0,none,0
WH8Nmk2R6hY,UCGbg3DjQdcqWwqOLHpYHXIg,time,0.5,0.7499,28,694570.05,761233,309820.6590428254,2.241845513963697,early,,15,12,none,0
WH8Nmk2R6hY,UCGbg3DjQdcqWwqOLHpYHXIg,time,1,0.7499,28,694570.05,761233,309820.6590428254,2.241845513963697,early,,15,12,none,0
WH8Nmk2R6hY,UCGbg3DjQdcqWwqOLHpYHXIg,time,2,1.7499,28,824649.81,761233,309820.6590428254,2.6617005382180947,early,0.9683685796445236,15,12,none,0
WH8Nmk2R6hY,UCGbg3DjQdcqWwqOLHpYHXIg,time,3,2.7499,28,805402.79,761233,310611.38947568653,2.5929596190964554,early,0.7335357157239792,15,12,none,0
WH8Nmk2R6hY,UCGbg3DjQdcqWwqOLHpYHXIg,time,5,4.7499,28,809130.63,761233,310611.38947568653,2.604961229206417,likely,0.5817180386027612,15,11,none,0
WH8Nmk2R6hY,UCGbg3DjQdcqWwqOLHpYHXIg,time,7,6.7499,28,776237.72,761233,311453.2168036635,2.492309220216958,likely,0.5165799041894736,15,11,none,0
WH8Nmk2R6hY,UCGbg3DjQdcqWwqOLHpYHXIg,time,14,13.7499,28,780560.30,761233,312909.8360437096,2.494521454854021,confirmed,0.4388532277506458,15,10,none,0
IBnLsKOhpyU,UCsvqVGtbbyHaMoevxPAq9Fg,time,14,13.6484,29,8136.66,7987,5484.560318947443,1.483557322123711,confirmed,0.027587663462645223,15,15,none,0
Vx_ytwoY3t0,UCeKKrZ5GnBXRwnKlrixiREQ,time,5,4.7612,27,44835.04,35730,,,insufficient,,2,2,none,0
Vx_ytwoY3t0,UCeKKrZ5GnBXRwnKlrixiREQ,time,7,6.7612,27,37551.85,35730,,,insufficient,0.11799478515740436,2,2,none,0
Vx_ytwoY3t0,UCeKKrZ5GnBXRwnKlrixiREQ,time,14,15.7612,27,36448.14,35730,,,insufficient,0.06345875068244211,2,2,none,0
UQXMcNj8scw,UCS3lFRhXKfCZ8FvRqPjy9NA,time,3,3.9161,27,836.97,1043,846.0477889953083,0.9892738753903819,likely,,10,9,none,0
UQXMcNj8scw,UCS3lFRhXKfCZ8FvRqPjy9NA,time,5,4.9161,27,1154.15,1043,722,1.5985393849957537,likely,0.8587526868596904,15,13,none,0
UQXMcNj8scw,UCS3lFRhXKfCZ8FvRqPjy9NA,time,7,6.9161,27,1246.05,1043,722,1.725835743079027,likely,0.7700710824812119,15,13,none,0
UQXMcNj8scw,UCS3lFRhXKfCZ8FvRqPjy9NA,time,14,12.9161,27,1149.72,1043,744.9832380208823,1.543281015834654,confirmed,0.5210287087998231,15,11,none,0
ZAS2aGNVRf4,UCZB32syI0FFtThd6xkPTRrg,time,14,13.7079,28,39293.77,40964,28845.481546205807,1.3622159073254925,confirmed,,14,14,none,0
luJysbhW8jU,UCI0vQvr9aFn27yR6Ej6n5UA,time,5,6.2452,28,1098.90,937,1066,1.0308583948108787,likely,,15,13,none,0
luJysbhW8jU,UCI0vQvr9aFn27yR6Ej6n5UA,time,7,7.2452,28,966.48,937,1066,0.9066385792886203,confirmed,0.05297604121728289,15,13,none,0
luJysbhW8jU,UCI0vQvr9aFn27yR6Ej6n5UA,time,14,12.2452,28,924.50,937,1066,0.8672636294905958,confirmed,0.0412538318769563,15,12,none,0
5M8J56xBoEw,UCOv0Sk_k3j2l8hOeo6cXa3w,heldout,1,0.9525,29,16188.89,13585,3562.0805886475123,4.544784061109234,early,,15,11,none,0
5M8J56xBoEw,UCOv0Sk_k3j2l8hOeo6cXa3w,time,1,0.9525,29,16188.89,13585,3562.0805886475123,4.544784061109234,early,,15,11,none,0
5M8J56xBoEw,UCOv0Sk_k3j2l8hOeo6cXa3w,heldout,2,1.9525,29,13079.25,13585,3578.1380518570427,3.655323425292948,early,0.46561163826054763,15,10,none,0
5M8J56xBoEw,UCOv0Sk_k3j2l8hOeo6cXa3w,time,2,1.9525,29,13079.25,13585,3578.1380518570427,3.655323425292948,early,0.46561163826054763,15,10,none,0
5M8J56xBoEw,UCOv0Sk_k3j2l8hOeo6cXa3w,heldout,3,2.9525,29,15571.24,13585,3578.1380518570427,4.351770390401252,early,0.4938855374664398,15,10,none,0
5M8J56xBoEw,UCOv0Sk_k3j2l8hOeo6cXa3w,time,3,2.9525,29,15571.24,13585,3578.1380518570427,4.351770390401252,early,0.4938855374664398,15,10,none,0
5M8J56xBoEw,UCOv0Sk_k3j2l8hOeo6cXa3w,heldout,5,4.9525,29,12911.67,13585,3578.1380518570427,3.6084893239076226,likely,0.40040752861286927,15,10,none,0
5M8J56xBoEw,UCOv0Sk_k3j2l8hOeo6cXa3w,time,5,4.9525,29,12911.67,13585,3578.1380518570427,3.6084893239076226,likely,0.40040752861286927,15,10,none,0
5M8J56xBoEw,UCOv0Sk_k3j2l8hOeo6cXa3w,heldout,7,6.9525,29,13010.56,13585,3578.1380518570427,3.636125477994852,likely,0.35814178378982614,15,10,none,0
5M8J56xBoEw,UCOv0Sk_k3j2l8hOeo6cXa3w,time,7,6.9525,29,13010.56,13585,3578.1380518570427,3.636125477994852,likely,0.35814178378982614,15,10,none,0
5M8J56xBoEw,UCOv0Sk_k3j2l8hOeo6cXa3w,heldout,14,12.9525,29,13436.24,13585,3652.180798878767,3.6789635451295224,confirmed,0.31076678503165445,15,9,none,0
5M8J56xBoEw,UCOv0Sk_k3j2l8hOeo6cXa3w,time,14,12.9525,29,13436.24,13585,3652.180798878767,3.6789635451295224,confirmed,0.31076678503165445,15,9,none,0
RELWFl0AiUI,UCdt0GYPfoQdIZTiqH4CDBaw,time,5,4.9166,27,22934.91,18807,,,insufficient,,1,1,none,0
RELWFl0AiUI,UCdt0GYPfoQdIZTiqH4CDBaw,time,7,6.9166,27,19275.66,18807,,,insufficient,0.13259510570412697,1,1,none,0
RELWFl0AiUI,UCdt0GYPfoQdIZTiqH4CDBaw,time,14,12.9166,27,18908.41,18807,,,insufficient,0.09565441122863953,1,1,none,0
y-w3vnh_f4Q,UCFK6NCbuCIVzA6Yj1G_ZqCg,time,5,6.7908,28,6550.57,5848,,,insufficient,,0,0,none,0
y-w3vnh_f4Q,UCFK6NCbuCIVzA6Yj1G_ZqCg,time,7,6.7908,28,6550.57,5848,,,insufficient,,0,0,none,0
y-w3vnh_f4Q,UCFK6NCbuCIVzA6Yj1G_ZqCg,time,14,13.7908,28,6181.75,5848,,,insufficient,0.13844984130487048,0,0,none,0
N8UbjuIMaEg,UCCZLVYAGIoGvaFUrTyyeaXA,time,5,5.0200,28,7694.83,6091,16218.007238918388,0.4744619049475133,likely,,6,6,none,0
N8UbjuIMaEg,UCCZLVYAGIoGvaFUrTyyeaXA,time,7,7.0200,28,6381.61,6091,15651.10634182375,0.407741471884535,confirmed,0.08819952701591768,6,6,none,0
N8UbjuIMaEg,UCCZLVYAGIoGvaFUrTyyeaXA,time,14,13.0200,28,6189.52,6091,14572.311169906094,0.4247453875455144,confirmed,0.06763450304004698,6,6,none,0
wiAAf15K6K0,UCnYMOamNKLGVlJgRUbamveA,heldout,14,13.8197,31,29734.57,26939,34961.77486223243,0.8504880345306693,confirmed,,15,14,none,0
L-xgMQ-7lW0,UC4w1YQAJMWOz4qtxinq55LQ,time,1,0.8745,27,64153.03,56595,30746.451309693417,2.08651806183891,early,,15,12,none,0
L-xgMQ-7lW0,UC4w1YQAJMWOz4qtxinq55LQ,time,2,1.8745,27,58332.97,56595,30496.650302827347,1.9127663960031769,early,0.544559552849169,15,10,none,0
L-xgMQ-7lW0,UC4w1YQAJMWOz4qtxinq55LQ,time,3,2.8745,27,52504.88,56595,30465.740544104643,1.7234072927730264,early,0.46628341637764364,15,10,none,0
L-xgMQ-7lW0,UC4w1YQAJMWOz4qtxinq55LQ,time,5,4.8745,27,59668.98,56595,30138.064473163748,1.979854366047219,likely,0.41821377668025717,15,10,none,0
L-xgMQ-7lW0,UC4w1YQAJMWOz4qtxinq55LQ,time,7,6.8745,27,58537.96,56595,30008.722720711954,1.9506980211516274,likely,0.3805297156359333,15,9,none,0
L-xgMQ-7lW0,UC4w1YQAJMWOz4qtxinq55LQ,time,14,12.8745,27,54248.67,56595,29403.718424511546,1.8449594716450142,confirmed,0.3098280484860467,15,6,none,0
Iz8KyTqsGDM,UCsqg_qOYNGPqY52SsJ_gMxQ,heldout,0.5,0.5216,30,206.72,660,396.602430671364,0.5212344490352634,early,,13,9,none,0
Iz8KyTqsGDM,UCsqg_qOYNGPqY52SsJ_gMxQ,heldout,1,0.5216,30,206.72,660,396.602430671364,0.5212344490352634,early,,13,9,none,0
Iz8KyTqsGDM,UCsqg_qOYNGPqY52SsJ_gMxQ,heldout,7,7.5216,30,727.68,660,456.9924925402793,1.592328362829987,confirmed,1.1165891002725707,15,8,none,0
Iz8KyTqsGDM,UCsqg_qOYNGPqY52SsJ_gMxQ,heldout,14,13.5216,30,754.26,660,458,1.6468531004192843,confirmed,0.9217971144752019,15,8,none,0
wwm91eNl_yw,UCBWgT48azZkWSpw-iKMlBRw,time,5,5.1536,27,2865.52,2742,,,insufficient,0.21030773425716554,2,2,none,0
wwm91eNl_yw,UCBWgT48azZkWSpw-iKMlBRw,time,7,7.1536,27,2820.26,2742,,,insufficient,0.12594161325541894,2,2,none,0
wwm91eNl_yw,UCBWgT48azZkWSpw-iKMlBRw,time,14,15.1536,27,2794.17,2742,,,insufficient,0.09709049144100701,2,2,none,0
-vhggYpUPl0,UCS7BAYpqOSaYy-pZp6oO4PA,time,7,7.0126,27,4496.28,3600,14003.519117819686,0.3210822033275831,confirmed,,15,15,none,0
-vhggYpUPl0,UCS7BAYpqOSaYy-pZp6oO4PA,time,14,15.0126,27,3703.18,3600,13127.045869811749,0.28210284128399066,confirmed,0.005246978222034944,15,15,none,0
WfYYV2UfUCI,UCxXy4JFL-E7Ukr6smHpttjg,time,1,0.8955,29,67.21,384,738.1972669936931,0.09105106513714449,early,,10,7,none,0
WfYYV2UfUCI,UCxXy4JFL-E7Ukr6smHpttjg,time,2,1.8955,29,83.25,384,738.1972669936931,0.11278079902814324,early,0.9001315722100491,10,7,none,0
WfYYV2UfUCI,UCxXy4JFL-E7Ukr6smHpttjg,time,3,2.8955,29,271.50,384,738.1972669936931,0.36778130399124054,early,1.2917056566230494,10,7,none,0
WfYYV2UfUCI,UCxXy4JFL-E7Ukr6smHpttjg,time,5,4.8955,29,373.20,384,738.1972669936931,0.5055596049543627,likely,1.164834254048944,10,7,none,0
WfYYV2UfUCI,UCxXy4JFL-E7Ukr6smHpttjg,time,7,6.8955,29,214.22,384,758.2690960056062,0.28250726772691964,likely,1.0814203897527952,10,7,none,0
WfYYV2UfUCI,UCxXy4JFL-E7Ukr6smHpttjg,time,14,13.8955,29,393.47,384,807.333566923616,0.48736784254760673,confirmed,0.9703752969567676,10,7,none,0
Jg_KwMezX4I,UCammHPYWYI4q3WLbx-TP7GA,time,14,13.7081,29,44039.68,45561,4241,10.384266762810977,confirmed,0.21058370580154953,15,11,none,0
BSGJH9b_N3A,UC7geKfz2-IH0rsgRBtHTm0g,time,2,2.8124,27,2932.58,4359,7173.469290139704,0.4088085758805619,early,,12,12,none,0
BSGJH9b_N3A,UC7geKfz2-IH0rsgRBtHTm0g,time,3,2.8124,27,2932.58,4359,7173.469290139704,0.4088085758805619,early,,12,12,none,0
BSGJH9b_N3A,UC7geKfz2-IH0rsgRBtHTm0g,time,5,4.8124,27,6607.90,4359,6606.16085494909,1.0002635851209738,likely,1.5414266474096807,15,14,none,0
BSGJH9b_N3A,UC7geKfz2-IH0rsgRBtHTm0g,time,7,6.8124,27,6053.66,4359,6709.821131740529,0.9022090036433631,likely,0.9668783139381695,15,13,none,0
BSGJH9b_N3A,UC7geKfz2-IH0rsgRBtHTm0g,time,14,12.8124,27,5087.63,4359,6838,0.7440232424596959,confirmed,0.6024983167265485,15,12,none,0
55UluWQkFpk,UCnYMOamNKLGVlJgRUbamveA,time,1,0.9582,28,79508.94,45739,32291.43175257944,2.4622303698769437,early,,15,15,none,0
55UluWQkFpk,UCnYMOamNKLGVlJgRUbamveA,time,2,1.9582,28,60968.25,45739,31583.42776624942,1.9303875001987485,early,0.34014949293268454,15,15,none,0
55UluWQkFpk,UCnYMOamNKLGVlJgRUbamveA,time,3,2.9582,28,49715.95,45739,31303.62141992676,1.5881853197714328,early,0.2626210342822195,15,15,none,0
55UluWQkFpk,UCnYMOamNKLGVlJgRUbamveA,time,5,4.9582,28,47771.91,45739,30793.66538323763,1.551355148195112,likely,0.21116069848621652,15,15,none,0
55UluWQkFpk,UCnYMOamNKLGVlJgRUbamveA,time,7,6.9582,28,47456.32,45739,30345.889491844275,1.563846603495749,likely,0.18880520803838072,15,15,none,0
55UluWQkFpk,UCnYMOamNKLGVlJgRUbamveA,time,14,15.9582,28,46308.73,45739,28965.40937758853,1.5987597457770981,confirmed,0.13892868211926415,15,14,none,0
PtSPl3V3eNQ,UCQutm-K2rUEx1O5fy5iw6SA,heldout,14,13.9994,30,99.71,101,111.02931801658106,0.8980827783082445,confirmed,,12,12,none,0
SxOWwlp134U,UCj4p4EritSP1yXDj_Di3img,time,14,13.0410,28,92.39,86,106.69609524748856,0.8659616620718613,confirmed,0.18080509322830376,15,10,none,0
j-Wbu2HVU9A,UCwrXi5ZknKThspJc-Gai04g,time,14,13.4791,27,52158.98,54900,91822.2433425827,0.5680429701655524,confirmed,0.5252622966971123,15,12,none,0
2zr4OUlTipk,UCXlDgfWY2JbsYEam2m68Hyw,heldout,14,13.8750,30,55859.02,61022,85435.66978840265,0.6538138388085162,confirmed,0.39093314405207613,15,13,none,0
48un8_ywypI,UCrwbBzP11NhxRUCRKx_BgoQ,time,14,14.6458,27,391902.93,358954,523197.9511133602,0.7490528825613986,confirmed,,15,14,none,0
85ASDTMMTOo,UCdLlUhD9LUGm0-NTYDASPFA,heldout,14,13.0415,31,2787.06,2995,3902.977238970663,0.7140855874537577,confirmed,0.19962846934983028,15,13,none,0
N02M5l1fAME,UC_AuoGXQt-y7eqjKaTsYmjg,time,14,13.7914,28,5302.37,5534,3704,1.431525483014416,confirmed,0.17145589778798886,15,11,none,0
JjjJydJuxOQ,UC2RAGL6c9iQZ0H8PHCLZY_w,time,5,4.5206,27,2045.06,1658,,,insufficient,,0,0,none,0
JjjJydJuxOQ,UC2RAGL6c9iQZ0H8PHCLZY_w,time,7,6.5206,27,1588.80,1658,,,insufficient,-0.12944405690767866,0,0,none,0
JjjJydJuxOQ,UC2RAGL6c9iQZ0H8PHCLZY_w,time,14,12.5206,27,1575.27,1658,,,insufficient,0.0154803355208634,0,0,none,0
NtF5Yf3VxFs,UCzVyNPJzI9y01jZf3fq609w,time,14,12.6664,27,273.50,412,910.4007802048786,0.3004185852612448,confirmed,0.810567749451066,15,14,none,0
kN66McRztJU,UC1QvDo-qeCVKTlmDq1LjDuw,time,7,7.7633,27,941.55,846,,,insufficient,,0,0,none,0
kN66McRztJU,UC1QvDo-qeCVKTlmDq1LjDuw,time,14,13.7633,27,822.24,846,,,insufficient,0.11924811355083897,0,0,none,0
MMLKDSc0fQI,UCFYLFu6j4hxl5vEnpl7hw3w,time,5,6.8663,27,31622.50,48562,,,insufficient,,0,0,none,0
MMLKDSc0fQI,UCFYLFu6j4hxl5vEnpl7hw3w,time,7,6.8663,27,31622.50,48562,,,insufficient,,0,0,none,0
MMLKDSc0fQI,UCFYLFu6j4hxl5vEnpl7hw3w,time,14,13.8663,27,30459.82,48562,,,insufficient,0.17163367852808648,0,0,none,0
A-pqjLgFCqw,UCcjhYlL1WRBjKaJsMH_h7Lg,time,1,0.8333,29,80947.33,129949,338511.52844368346,0.23912724572818092,early,,15,11,none,0
A-pqjLgFCqw,UCcjhYlL1WRBjKaJsMH_h7Lg,time,2,1.8333,29,89618.37,129949,338511.52844368346,0.2647424419154628,early,0.8448871918989961,15,11,none,0
A-pqjLgFCqw,UCcjhYlL1WRBjKaJsMH_h7Lg,time,3,2.8333,29,86005.21,129949,342997.2105403848,0.2507460912658843,early,0.6394104098610408,15,11,none,0
A-pqjLgFCqw,UCcjhYlL1WRBjKaJsMH_h7Lg,time,5,4.8333,29,77138.61,129949,342997.2105403848,0.22489573185798425,likely,0.5189576010695509,15,10,none,0
A-pqjLgFCqw,UCcjhYlL1WRBjKaJsMH_h7Lg,time,7,6.8333,29,84612.64,129949,350416.68301228865,0.24146293542764435,likely,0.48327786341528384,15,10,none,0
A-pqjLgFCqw,UCcjhYlL1WRBjKaJsMH_h7Lg,time,14,13.8333,29,118950.40,129949,360487.8686924169,0.32997060054639915,confirmed,0.5107673406728097,15,9,none,0
dTvXLJdH4IE,UC6ITJIW6jgrrP5irR7WoHrw,time,5,6.9573,27,11696.37,13487,13098.410893243443,0.8929611491771827,likely,,15,14,none,0
dTvXLJdH4IE,UC6ITJIW6jgrrP5irR7WoHrw,time,7,6.9573,27,11696.37,13487,13098.410893243443,0.8929611491771827,likely,,15,14,none,0
dTvXLJdH4IE,UC6ITJIW6jgrrP5irR7WoHrw,time,14,14.9573,27,14011.82,13487,13082.875808496627,1.0710043211852223,confirmed,0.36563553588902953,15,12,none,0
fiwcP1bUdN4,UCB1t-8MBhxyDVabeUcTj0Zw,time,5,5.7650,27,31101.57,24560,,,insufficient,,2,2,none,0
fiwcP1bUdN4,UCB1t-8MBhxyDVabeUcTj0Zw,time,7,6.7650,27,25436.26,24560,,,insufficient,0.08229945923682946,2,2,none,0
fiwcP1bUdN4,UCB1t-8MBhxyDVabeUcTj0Zw,time,14,13.7650,27,24735.36,24560,,,insufficient,0.05873678817553228,2,2,none,0
b3_g_DPu6v4,UCJ1RVDuSiJncq6VQYiqpzLA,time,14,13.9991,28,1732.59,1804,1138.3931297985064,1.521965001372474,confirmed,0.22476164853700162,15,15,none,0
nx_Ek08Jj5Q,UCc8cHxAZ3jwWkrrDyaLwDUw,time,5,6.6041,28,3539.63,3078,,,insufficient,,1,1,none,0
nx_Ek08Jj5Q,UCc8cHxAZ3jwWkrrDyaLwDUw,time,7,6.6041,28,3539.63,3078,,,insufficient,,1,1,none,0
nx_Ek08Jj5Q,UCc8cHxAZ3jwWkrrDyaLwDUw,time,14,13.6041,28,3076.17,3078,,,insufficient,0.08788618085180773,1,1,none,0
c-EKgO6KjPo,UC3lJL1pUvQ2Ih2qZ-4ozrLw,time,5,6.9574,27,2301.01,2331,277.7535625110546,8.284351669806217,likely,,8,8,none,0
c-EKgO6KjPo,UC3lJL1pUvQ2Ih2qZ-4ozrLw,time,7,6.9574,27,2301.01,2331,277.7535625110546,8.284351669806217,likely,,8,8,none,0
c-EKgO6KjPo,UC3lJL1pUvQ2Ih2qZ-4ozrLw,time,14,14.9574,27,2285.95,2331,522.87635709234,4.371883025167171,confirmed,0.20140596516962064,12,12,none,0
DQl1ozO_iwY,UCUpbDOT-OVNBlaQpb9pbd2w,time,5,5.7688,29,32682.96,25945,19676.824386744946,1.6609873691992072,likely,,15,15,none,0
DQl1ozO_iwY,UCUpbDOT-OVNBlaQpb9pbd2w,time,7,6.7688,29,26741.39,25945,19255.996355212537,1.3887304478939022,likely,0.08554498655315909,15,15,none,0
DQl1ozO_iwY,UCUpbDOT-OVNBlaQpb9pbd2w,time,14,14.7688,29,26034.83,25945,17219.91190027987,1.511902721678889,confirmed,0.0561065290448013,15,15,none,0
tAd-OOrdyMw,UCJVXj8BvHykEklEeKjFwaXQ,time,1,0.9052,28,216149.49,278089,78894.00911002103,2.739745269118331,early,,10,9,none,0
tAd-OOrdyMw,UCJVXj8BvHykEklEeKjFwaXQ,time,2,2.9052,28,225528.66,278089,78894.00911002103,2.85862846210372,early,0.5986733240027938,10,9,none,0
tAd-OOrdyMw,UCJVXj8BvHykEklEeKjFwaXQ,time,3,2.9052,28,225528.66,278089,78894.00911002103,2.85862846210372,early,0.5986733240027938,10,9,none,0
tAd-OOrdyMw,UCJVXj8BvHykEklEeKjFwaXQ,time,5,4.9052,28,226331.13,278089,78894.00911002103,2.868800001602726,likely,0.5270291572996352,10,9,none,0
tAd-OOrdyMw,UCJVXj8BvHykEklEeKjFwaXQ,time,7,6.9052,28,267411.53,278089,78909.30528268963,3.388846544612053,likely,0.5423175891945872,10,9,none,0
tAd-OOrdyMw,UCJVXj8BvHykEklEeKjFwaXQ,time,14,13.9052,28,320280.17,278089,78871.01717433927,4.06080941170476,confirmed,0.502092581404904,10,9,none,0
d68lO7Hjj9s,UCat0LyGytYMwfZEPbO_rOrA,time,14,13.8897,29,5076.28,4909,2168.2913148211946,2.341140703761967,confirmed,0.136165798084678,15,15,none,0
dXAyP3i8m8c,UCmH99cCLXOXzaEFJKyGJXTw,time,3,3.8196,27,594.44,413,424.8963460160105,1.3990259952659718,likely,,12,12,none,0
dXAyP3i8m8c,UCmH99cCLXOXzaEFJKyGJXTw,time,5,4.8196,27,443.57,413,338,1.3123308062399168,likely,0.19440397926523345,15,14,none,0
dXAyP3i8m8c,UCmH99cCLXOXzaEFJKyGJXTw,time,7,6.8196,27,435.41,413,338,1.2881932242347107,likely,0.11259154206938105,15,13,none,0
dXAyP3i8m8c,UCmH99cCLXOXzaEFJKyGJXTw,time,14,12.8196,27,415.25,413,338,1.2285551475087237,confirmed,0.06600143317181281,15,12,none,0
VKoewh7wlb8,UCthfI4-SrAfqxLVngitqA4Q,time,14,13.8327,29,1256.91,1500,223.6429665086803,5.620183393517045,confirmed,0.31857161213586893,15,15,none,0
PmCCkltcTHg,UCArVi6FH57DfXJWn1Gc8iAQ,time,5,5.8327,28,13963.28,12069,,,insufficient,,0,0,none,0
PmCCkltcTHg,UCArVi6FH57DfXJWn1Gc8iAQ,time,7,6.8327,28,12848.79,12069,,,insufficient,0.2488207258213505,0,0,none,0
PmCCkltcTHg,UCArVi6FH57DfXJWn1Gc8iAQ,time,14,12.8327,28,12380.89,12069,,,insufficient,0.14689273727700028,0,0,none,0
RNt__s1A9TI,UC0T6MVd3wQDB5ICAe45OxaQ,time,14,13.9162,29,6355.83,6407,9651.867864756088,0.6585076892010518,confirmed,0.08518751697779692,15,15,none,0
7axXvMi_ckE,UCnnOksyxFnRBGHK1ZyLRJGA,time,14,14.0415,28,28147.78,27521,23980.38537972926,1.1737835603265514,confirmed,0.13533960777847387,15,13,none,0
WADuXiMZxq4,UCUHW94eEFW7hkUMVaZz4eDg,time,1,0.8594,29,638663.09,521608,446908.5261930356,1.4290689303259236,early,,10,8,none,0
WADuXiMZxq4,UCUHW94eEFW7hkUMVaZz4eDg,time,2,1.8594,29,524801.29,521608,446908.5261930356,1.1742924173957277,early,0.5350503867189569,10,8,none,0
WADuXiMZxq4,UCUHW94eEFW7hkUMVaZz4eDg,time,3,2.8594,29,452944.04,521608,446908.5261930356,1.013505020771121,early,0.40261199093355915,10,8,none,0
WADuXiMZxq4,UCUHW94eEFW7hkUMVaZz4eDg,time,5,4.8594,29,454444.14,521608,446908.5261930356,1.0168616404970616,likely,0.3314425792311118,10,8,none,0
WADuXiMZxq4,UCUHW94eEFW7hkUMVaZz4eDg,time,7,6.8594,29,465453.16,521608,445663.4887149194,1.0444049622756175,likely,0.32458237238776905,10,8,none,0
WADuXiMZxq4,UCUHW94eEFW7hkUMVaZz4eDg,time,14,13.8594,29,584125.71,521608,453284.98778972344,1.2886500127799738,confirmed,0.33516521616009187,10,7,none,0
xtwQWnIobTU,UChpleBmo18P08aKCIgti38g,time,0.5,0.3038,28,84042.25,91569,91013.68048448241,0.9234024077472238,early,,14,9,none,0
xtwQWnIobTU,UChpleBmo18P08aKCIgti38g,time,1,0.3038,28,84042.25,91569,91013.68048448241,0.9234024077472238,early,,14,9,none,0
xtwQWnIobTU,UChpleBmo18P08aKCIgti38g,time,2,2.3038,28,90704.05,91569,96012,0.9447157890444011,early,0.8016056846223243,15,9,none,0
xtwQWnIobTU,UChpleBmo18P08aKCIgti38g,time,3,3.3038,28,87874.16,91569,96012,0.9152414574018427,likely,0.7208306459158182,15,9,none,0
xtwQWnIobTU,UChpleBmo18P08aKCIgti38g,time,5,5.3038,28,93805.48,91569,96012,0.9770182689744745,likely,0.6362436561662246,15,8,none,0
xtwQWnIobTU,UChpleBmo18P08aKCIgti38g,time,7,7.3038,28,81200.34,91569,96012,0.8457311718125523,confirmed,0.5935381791270847,15,8,none,0
xtwQWnIobTU,UChpleBmo18P08aKCIgti38g,time,14,13.3038,28,90800.43,91569,96012,0.9457195694325964,confirmed,0.5226654302502413,15,6,none,0
I8-FADDae8M,UC6QNjBn6KMq5-pe3OE11zZg,heldout,0.5,0.5816,30,5969.52,5805,10685.50795364765,0.5586556902423923,early,,10,8,none,0
I8-FADDae8M,UC6QNjBn6KMq5-pe3OE11zZg,heldout,1,0.5816,30,5969.52,5805,10685.50795364765,0.5586556902423923,early,,10,8,none,0
I8-FADDae8M,UC6QNjBn6KMq5-pe3OE11zZg,heldout,14,12.5816,30,6061.56,5805,10164.645416262,0.5963373599084673,confirmed,0.49040237982786644,12,8,none,0
_-8J69gZAL4,UCEtxsMx4qsoitFwjBdLU_gA,time,5,5.4213,27,837.61,696,,,insufficient,,2,2,none,0
_-8J69gZAL4,UCEtxsMx4qsoitFwjBdLU_gA,time,7,7.4213,27,700.39,696,,,insufficient,0.12363516666347787,2,2,none,0
_-8J69gZAL4,UCEtxsMx4qsoitFwjBdLU_gA,time,14,12.4213,27,684.86,696,,,insufficient,0.09973702768113323,2,2,none,0
keF_HoK2_tE,UCQq79zHGZJNzm3SPOfLNmrw,heldout,14,13.9461,28,933.45,956,496.5518286449539,1.879868369147625,confirmed,0.22499892648728037,15,12,none,0
nUzfPPY1S8k,UC_Gz-8R2G8jBs20ro9AL9hA,time,2,2.9387,29,337.64,2362,363.9678449022046,0.9276712536098861,early,,15,15,none,0
nUzfPPY1S8k,UC_Gz-8R2G8jBs20ro9AL9hA,time,3,2.9387,29,337.64,2362,363.9678449022046,0.9276712536098861,early,,15,15,none,0
nUzfPPY1S8k,UC_Gz-8R2G8jBs20ro9AL9hA,time,5,4.9387,29,611.57,2362,380.88593235530635,1.605642298276086,likely,1.0513324167723648,15,15,none,0
nUzfPPY1S8k,UC_Gz-8R2G8jBs20ro9AL9hA,time,7,6.9387,29,748.94,2362,390.5866733598391,1.917475140695881,likely,1.0922727626087778,15,15,none,0
nUzfPPY1S8k,UC_Gz-8R2G8jBs20ro9AL9hA,time,14,13.9387,29,1044.62,2362,429.0786322446851,2.4345725873279513,confirmed,1.0157383684104546,15,14,none,0
UW4quI0Wv2k,UCcTiu6qN0sm433gR8wjoVCA,time,5,6.9583,30,6232.11,6327,,,insufficient,,0,0,none,0
UW4quI0Wv2k,UCcTiu6qN0sm433gR8wjoVCA,time,7,6.9583,30,6232.11,6327,,,insufficient,,0,0,none,0
UW4quI0Wv2k,UCcTiu6qN0sm433gR8wjoVCA,time,14,13.9583,30,5988.27,6327,,,insufficient,0.16923069009121125,0,0,none,0
B-ZXQcDEDAc,UCnSg7AKhnTGnac-3zGdv5Qg,time,14,13.9165,28,494.71,580,2540.165095041467,0.1947539616496613,confirmed,0.2887996897175076,15,13,none,0
y47-NKG4KrI,UCJP9OOLkOzsXbb_Bo_kqjTw,time,1,0.8047,29,6981.42,5128,28555.59644508446,0.24448502533187627,early,,15,13,none,0
y47-NKG4KrI,UCJP9OOLkOzsXbb_Bo_kqjTw,time,2,1.8047,29,5762.22,5128,28555.59644508446,0.20178952292478355,early,0.5322936480437388,15,12,none,0
y47-NKG4KrI,UCJP9OOLkOzsXbb_Bo_kqjTw,time,3,2.8047,29,5114.23,5128,28488,0.17952224964884564,early,0.4376145685738085,15,11,none,0
y47-NKG4KrI,UCJP9OOLkOzsXbb_Bo_kqjTw,time,5,4.8047,29,4872.89,5128,28488,0.17105059711618387,likely,0.38797479450736444,15,11,none,0
y47-NKG4KrI,UCJP9OOLkOzsXbb_Bo_kqjTw,time,7,6.8047,29,5409.56,5128,28488,0.18988893749608932,likely,0.349363601295108,15,9,none,0
y47-NKG4KrI,UCJP9OOLkOzsXbb_Bo_kqjTw,time,14,13.8047,29,5334.44,5128,28412.032344011397,0.18775297710618122,confirmed,0.2837800886851762,15,7,none,0
X-MwP-HotfE,UCzQUP1qoWDoEbmsQxvdjxgQ,time,14,13.7912,29,639299.53,647794,637908.8085640918,1.002180119320875,confirmed,0.08079920319707673,15,11,none,0
TnGji_u53UQ,UClozNP-QPyVatzpGKC25s0A,time,1,0.9577,28,80250.69,73511,59588.89795835005,1.3467390286922596,early,,15,13,none,0
TnGji_u53UQ,UClozNP-QPyVatzpGKC25s0A,time,2,1.9577,28,73828.01,73511,60064.526232957,1.229145027717857,early,0.5925253600366882,15,13,none,0
TnGji_u53UQ,UClozNP-QPyVatzpGKC25s0A,time,3,2.9577,28,64800.32,73511,60497.05396294265,1.0711317787391739,early,0.46181823343783435,15,13,none,0
TnGji_u53UQ,UClozNP-QPyVatzpGKC25s0A,time,5,4.9577,28,66627.58,73511,60766.37482990845,1.0964547287666206,likely,0.3917538436605056,15,13,none,0
TnGji_u53UQ,UClozNP-QPyVatzpGKC25s0A,time,7,7.9577,28,71736.40,73511,60614.879940089406,1.1834783441790566,confirmed,0.3456211346195749,15,12,none,0
TnGji_u53UQ,UClozNP-QPyVatzpGKC25s0A,time,14,15.9577,28,78750.62,73511,60107.82386524758,1.3101558444213022,confirmed,0.31019075358462245,15,12,none,0
zir51X51dVQ,UC6BW8DqrAmBEIeCtMa4bfBw,time,14,13.2167,28,3733.72,3464,3756.6535261124955,0.9938945058576635,confirmed,,15,15,none,0
wofvXUnbdBg,UCPAt6z5uX_c5Eo_cSNROzYw,time,7,8.7996,28,499.73,406,4125.058250618295,0.12114413520316958,confirmed,,15,15,none,0
wofvXUnbdBg,UCPAt6z5uX_c5Eo_cSNROzYw,time,14,13.7996,28,413.19,406,3834.3936578001244,0.10775777037418091,confirmed,0.018261022307738888,15,15,none,0
bVnaStHUmr0,UCLFgO1aEI66fh06p6u6-juw,time,1,0.7604,29,8897.00,15255,10979.833634818082,0.8103036814642662,early,,14,14,none,0
bVnaStHUmr0,UCLFgO1aEI66fh06p6u6-juw,time,2,1.7604,29,7925.65,15255,10757.546437770758,0.736752272912635,early,0.691381600319062,15,15,none,0
bVnaStHUmr0,UCLFgO1aEI66fh06p6u6-juw,time,3,2.7604,29,8336.49,15255,10650.49096500302,0.7827333499809496,early,0.5544657073390035,15,15,none,0
bVnaStHUmr0,UCLFgO1aEI66fh06p6u6-juw,time,5,4.7604,29,8718.20,15255,10459.222264523405,0.8335417506349673,likely,0.5302283411471892,15,15,none,0
bVnaStHUmr0,UCLFgO1aEI66fh06p6u6-juw,time,7,6.7604,29,9801.33,15255,10459.93797058854,0.9370350034833473,likely,0.5085065180741737,15,15,none,0
bVnaStHUmr0,UCLFgO1aEI66fh06p6u6-juw,time,14,14.7604,29,13912.18,15255,11539.14468492424,1.205650455935569,confirmed,0.5201822856082727,15,12,none,0
XVOvSJoWE6Y,UCrJhTwfygi-D-slK4gbZ8fA,time,2,2.9374,28,1846.73,3618,7038.016946371304,0.26239353467618126,early,,15,14,none,0
XVOvSJoWE6Y,UCrJhTwfygi-D-slK4gbZ8fA,time,3,2.9374,28,1846.73,3618,7038.016946371304,0.26239353467618126,early,,15,14,none,0
XVOvSJoWE6Y,UCrJhTwfygi-D-slK4gbZ8fA,time,5,5.9374,28,2111.70,3618,7316.806460557388,0.2886092901731302,likely,0.4754082700427144,15,14,none,0
XVOvSJoWE6Y,UCrJhTwfygi-D-slK4gbZ8fA,time,7,6.9374,28,2234.81,3618,7316.806460557388,0.3054355226894974,likely,0.47731988390879376,15,14,none,0
XVOvSJoWE6Y,UCrJhTwfygi-D-slK4gbZ8fA,time,14,13.9374,28,2928.74,3618,8010.363166556375,0.36561928353429296,confirmed,0.5143641157343967,15,13,none,0
UokgAhHN4gM,UC99GtVg2esxExp_J0uPxO-g,heldout,2,2.6257,30,235102.22,202509,105249.53468815697,2.233760196493333,early,,15,14,none,0
UokgAhHN4gM,UC99GtVg2esxExp_J0uPxO-g,heldout,3,2.6257,30,235102.22,202509,105249.53468815697,2.233760196493333,early,,15,14,none,0
UokgAhHN4gM,UC99GtVg2esxExp_J0uPxO-g,heldout,5,6.6257,30,186489.33,202509,114400.50455501051,1.63014426001086,likely,0.18047186231610987,15,14,none,0
UokgAhHN4gM,UC99GtVg2esxExp_J0uPxO-g,heldout,7,6.6257,30,186489.33,202509,114400.50455501051,1.63014426001086,likely,0.18047186231610987,15,14,none,0
UokgAhHN4gM,UC99GtVg2esxExp_J0uPxO-g,heldout,14,13.6257,30,193244.33,202509,117100.8346180799,1.650238744709273,confirmed,0.1405454537689297,15,13,none,0
eYXpFhoQPgA,UC5_SBQbLA9Kg7Jh5GpXoP3g,time,1,0.8325,28,15.90,54,822.3605821248865,0.01933088980353293,early,,6,5,none,0
eYXpFhoQPgA,UC5_SBQbLA9Kg7Jh5GpXoP3g,time,2,2.8325,28,17.57,54,347.25665602425573,0.05058318384790933,early,0.692320048673879,15,14,none,0
eYXpFhoQPgA,UC5_SBQbLA9Kg7Jh5GpXoP3g,time,3,2.8325,28,17.57,54,347.25665602425573,0.05058318384790933,early,0.692320048673879,15,14,none,0
eYXpFhoQPgA,UC5_SBQbLA9Kg7Jh5GpXoP3g,time,5,4.8325,28,11.60,54,331.0593258861011,0.03503416514768277,likely,0.3502098506141022,15,12,none,0
eYXpFhoQPgA,UC5_SBQbLA9Kg7Jh5GpXoP3g,time,7,6.8325,28,19.22,54,348.0779059762045,0.05521261157640389,likely,0.5832913742730421,15,12,none,0
eYXpFhoQPgA,UC5_SBQbLA9Kg7Jh5GpXoP3g,time,14,12.8325,28,42.66,54,386.1574878074738,0.1104844963335612,confirmed,0.7794451948272844,15,12,none,0
X5T8UrpeLCY,UCuuq3lB_aWH9-bUubni59Rg,time,14,13.9166,28,203.27,198,459.84891814979983,0.44203301024922215,confirmed,0.1941913104696319,15,14,none,0
MzV8Et4sLEk,UC1lfnF3avRvtFm_wajLLhyg,heldout,14,12.7990,28,27981.83,25971,23610.919708279904,1.1851223698258018,confirmed,,15,14,none,0
l18lG5RIHIs,UCtW1WA-bJ4s6l-ZCCT35QBg,time,1,0.8068,27,2885.30,1164,7208.9806557868305,0.4002366912859176,early,,15,10,none,0
l18lG5RIHIs,UCtW1WA-bJ4s6l-ZCCT35QBg,time,2,1.8068,27,1908.78,1164,7212.959473832234,0.26463250650395626,early,0.024879591686155042,15,9,none,0
l18lG5RIHIs,UCtW1WA-bJ4s6l-ZCCT35QBg,time,3,2.8068,27,1407.44,1164,7196.054377299407,0.19558496328763433,early,0.01714103253659809,15,9,none,0
l18lG5RIHIs,UCtW1WA-bJ4s6l-ZCCT35QBg,time,5,4.8068,27,1405.16,1164,7139.3505625884945,0.19681964834356505,likely,0.020978013063351546,15,9,none,0
l18lG5RIHIs,UCtW1WA-bJ4s6l-ZCCT35QBg,time,7,6.8068,27,1248.48,1164,7212.4800179895365,0.1731002558342563,likely,0.024043797497888007,15,8,none,0
l18lG5RIHIs,UCtW1WA-bJ4s6l-ZCCT35QBg,time,14,15.8068,27,1170.11,1164,7172.533759393997,0.16313789319274571,confirmed,0.025994982761377374,15,7,none,0
KOFmvoeC97U,UCMQ_mPIBPi4IMpYEmuyOMqQ,time,1,1.9579,28,5216.60,4791,3908.403119807606,1.3347142157181568,early,,15,14,none,0
KOFmvoeC97U,UCMQ_mPIBPi4IMpYEmuyOMqQ,time,2,1.9579,28,5216.60,4791,3908.403119807606,1.3347142157181568,early,,15,14,none,0
KOFmvoeC97U,UCMQ_mPIBPi4IMpYEmuyOMqQ,time,3,2.9579,28,4318.81,4791,3894.146917786316,1.1090509816856542,early,0.3452314067952375,15,14,none,0
KOFmvoeC97U,UCMQ_mPIBPi4IMpYEmuyOMqQ,time,5,4.9579,28,4538.84,4791,3875.2931366730727,1.171223781994346,likely,0.33323440473111965,15,14,none,0
KOFmvoeC97U,UCMQ_mPIBPi4IMpYEmuyOMqQ,time,7,6.9579,28,4933.56,4791,3896.7363726817875,1.2660744168473097,likely,0.33593093610612906,15,14,none,0
KOFmvoeC97U,UCMQ_mPIBPi4IMpYEmuyOMqQ,time,14,12.9579,28,4785.90,4791,3860.521611381877,1.239703090743874,confirmed,0.27541969443631364,15,13,none,0
Gw8o6OvEAHY,UCAYLryveVTTC__-iYIvAP2g,time,5,6.9580,27,543.78,439,,,insufficient,,0,0,none,0
Gw8o6OvEAHY,UCAYLryveVTTC__-iYIvAP2g,time,7,6.9580,27,543.78,439,,,insufficient,,0,0,none,0
Gw8o6OvEAHY,UCAYLryveVTTC__-iYIvAP2g,time,14,13.9580,27,453.47,439,,,insufficient,0.025470690498029046,0,0,none,0
KxiPnflbwJI,UCU_W0oE_ock8bWKjALiGs8Q,heldout,14,14.7032,31,85016.85,99235,204121.64274215206,0.41650092842683784,confirmed,,15,14,none,0
cQHE-iQBMek,UCpv6LoMeHrG-NPDCRnBWFpA,heldout,14,12.9159,27,537.35,628,371.0261769292296,1.448267278105012,confirmed,,10,10,none,0
cQHE-iQBMek,UCpv6LoMeHrG-NPDCRnBWFpA,time,14,12.9159,27,537.35,628,371.0261769292296,1.448267278105012,confirmed,,10,10,none,0
miUNy3YKx60,UC-mP1nlk0qOutA08zuQHORA,heldout,0.5,0.6979,30,1245193.12,1190116,645784.5730142426,1.928186538089425,early,,14,13,none,0
miUNy3YKx60,UC-mP1nlk0qOutA08zuQHORA,heldout,1,0.6979,30,1245193.12,1190116,645784.5730142426,1.928186538089425,early,,14,13,none,0
miUNy3YKx60,UC-mP1nlk0qOutA08zuQHORA,heldout,7,7.6979,30,1144174.49,1190116,667727.5165656345,1.7135350228779251,confirmed,0.39900586362230234,15,13,none,0
miUNy3YKx60,UC-mP1nlk0qOutA08zuQHORA,heldout,14,13.6979,30,1272817.53,1190116,709365.3154307783,1.7943047154934029,confirmed,0.36554310213871904,15,12,none,0
aZklQpFa2kE,UC2D2CMWXMOVWx7giW1n3LIg,time,5,5.0000,28,49418.76,53490,,,insufficient,,1,1,none,0
aZklQpFa2kE,UC2D2CMWXMOVWx7giW1n3LIg,time,7,7.0000,28,57285.60,53490,,,insufficient,0.48044159710689055,1,1,none,0
aZklQpFa2kE,UC2D2CMWXMOVWx7giW1n3LIg,time,14,13.0000,28,53248.18,53490,,,insufficient,0.3178070503429221,1,1,none,0
0jk1zGhHb-g,UCQ4FNww3XoNgqIlkBqEAVCg,heldout,1,0.8948,27,256468.07,543274,228599.11835208468,1.1219119154299582,early,,15,13,none,0
0jk1zGhHb-g,UCQ4FNww3XoNgqIlkBqEAVCg,time,1,0.8948,27,256468.07,543274,228599.11835208468,1.1219119154299582,early,,15,13,none,0
0jk1zGhHb-g,UCQ4FNww3XoNgqIlkBqEAVCg,heldout,2,1.8948,27,330106.03,543274,228599.11835208468,1.4440389652769097,early,0.9904327145359487,15,12,none,0
0jk1zGhHb-g,UCQ4FNww3XoNgqIlkBqEAVCg,time,2,1.8948,27,330106.03,543274,228599.11835208468,1.4440389652769097,early,0.9904327145359487,15,12,none,0
0jk1zGhHb-g,UCQ4FNww3XoNgqIlkBqEAVCg,heldout,3,2.8948,27,346155.03,543274,229254.7490239882,1.5099143228216987,early,0.8496629113426065,15,12,none,0
0jk1zGhHb-g,UCQ4FNww3XoNgqIlkBqEAVCg,time,3,2.8948,27,346155.03,543274,229254.7490239882,1.5099143228216987,early,0.8496629113426065,15,12,none,0
0jk1zGhHb-g,UCQ4FNww3XoNgqIlkBqEAVCg,heldout,5,4.8948,27,506622.82,543274,229254.7490239882,2.2098683808762094,likely,0.8361236794557674,15,12,none,0
0jk1zGhHb-g,UCQ4FNww3XoNgqIlkBqEAVCg,time,5,4.8948,27,506622.82,543274,229254.7490239882,2.2098683808762094,likely,0.8361236794557674,15,12,none,0
0jk1zGhHb-g,UCQ4FNww3XoNgqIlkBqEAVCg,heldout,7,6.8948,27,599709.30,543274,229832.25508058866,2.6093347937793534,likely,0.8480708159735377,15,12,none,0
0jk1zGhHb-g,UCQ4FNww3XoNgqIlkBqEAVCg,time,7,6.8948,27,599709.30,543274,229832.25508058866,2.6093347937793534,likely,0.8480708159735377,15,12,none,0
0jk1zGhHb-g,UCQ4FNww3XoNgqIlkBqEAVCg,heldout,14,12.8948,27,574995.96,543274,232235.52207428173,2.475917358691097,confirmed,0.7033175882827499,15,10,none,0
0jk1zGhHb-g,UCQ4FNww3XoNgqIlkBqEAVCg,time,14,12.8948,27,574995.96,543274,232235.52207428173,2.475917358691097,confirmed,0.7033175882827499,15,10,none,0
KC91DOOV4oU,UCI8gcSTo1FowsRJdilsjsZw,heldout,3,3.9996,30,113725.29,91789,45803.514507185064,2.482894366857288,likely,,15,15,none,0
KC91DOOV4oU,UCI8gcSTo1FowsRJdilsjsZw,heldout,5,3.9996,30,113725.29,91789,45803.514507185064,2.482894366857288,likely,,15,15,none,0
KC91DOOV4oU,UCI8gcSTo1FowsRJdilsjsZw,heldout,14,15.9996,30,96561.19,91789,47929.483502042356,2.0146511010565176,confirmed,0.17458916314389789,15,15,none,0
CmMMDqTJEMo,UCq33AlEZl8QBmxatFEwknew,time,7,8.3181,27,454.41,411,311.14675401110895,1.4604406082619088,confirmed,,15,15,none,0
CmMMDqTJEMo,UCq33AlEZl8QBmxatFEwknew,time,14,15.3181,27,391.49,411,314.12609665725495,1.2462939743757642,confirmed,0.08684054414325762,15,10,none,0
JFEi0ZoNTJY,UC2NH07Y5tx_PQvqaQGzxKxQ,time,5,6.9580,27,4457.26,4797,3526.288848519596,1.2640085626818582,likely,,10,10,none,0
JFEi0ZoNTJY,UC2NH07Y5tx_PQvqaQGzxKxQ,time,7,6.9580,27,4457.26,4797,3526.288848519596,1.2640085626818582,likely,,10,10,none,0
JFEi0ZoNTJY,UC2NH07Y5tx_PQvqaQGzxKxQ,time,14,12.9580,27,4670.62,4797,3704,1.2609660158860692,confirmed,0.29228299601822194,15,10,none,0
nSOgKuGUta0,UCGWNHkr2WZcRbxqoet-nyeg,time,14,13.9017,28,980.52,938,2598.4508950356426,0.37734646674304684,confirmed,,15,15,none,0
4HYm1xo7PAg,UCZPqG0yh_xPm2AyLjffbDvw,heldout,5,4.8332,30,73351.73,91935,76076.52446378166,0.964183461614527,likely,,15,13,none,0
4HYm1xo7PAg,UCZPqG0yh_xPm2AyLjffbDvw,heldout,7,7.8332,30,81123.99,91935,76046.50839822051,1.066768057533783,confirmed,0.40993962993431077,15,13,none,0
4HYm1xo7PAg,UCZPqG0yh_xPm2AyLjffbDvw,heldout,14,13.8332,30,87215.18,91935,75844.29879489464,1.1499239442739972,confirmed,0.3287106740131436,15,11,none,0
rt3DAL29AQU,UCMmfUj8CcXeqpqWkund3ELg,heldout,14,14.4791,32,54549.81,53367,45985,1.1862522685722419,confirmed,0.021658093106452298,15,13,none,0
9p9m04q4Nq0,UCUUe2Q6fFgu5Dzk_y2OyPYw,time,14,12.7697,27,507643.06,521934,361506.9641065525,1.4042414509286196,confirmed,0.11604497989176821,15,12,none,0
5LOmexHZ1kc,UCXGQTkyIfrJJ7ZT1A9MuJ0A,heldout,3,3.9581,30,99683.80,104600,,,insufficient,,1,1,none,0
5LOmexHZ1kc,UCXGQTkyIfrJJ7ZT1A9MuJ0A,heldout,5,4.9581,30,75070.15,104600,89588,0.837948680252005,likely,0.24952103578583484,15,13,none,0
5LOmexHZ1kc,UCXGQTkyIfrJJ7ZT1A9MuJ0A,heldout,7,6.9581,30,93898.72,104600,89588,1.048117132820435,likely,0.3444901499243684,15,12,none,0
5LOmexHZ1kc,UCXGQTkyIfrJJ7ZT1A9MuJ0A,heldout,14,13.9581,30,98638.13,104600,89588,1.1010194126250845,confirmed,0.30563866860501787,15,9,none,0
0etReI-mcpY,UCeHFOIlukVFTT8-lhB_Zqfw,heldout,14,13.8542,29,1801.15,1964,2285.4158076901076,0.7881076568617457,confirmed,0.1739394539572278,10,10,none,0
IdENz7Spr74,UCMyOj6fhvKFMjxUCp3b_3gA,heldout,7,7.8330,30,18039133.85,21205314,14264898.117028732,1.2645820318767942,confirmed,,10,9,none,0
rLmPiedNaTI,UCySH3WVP-5d4aJIfn8-WoPA,heldout,2,2.8933,27,117279.25,113948,110559.77431496234,1.060776884453099,early,,3,3,none,0
rLmPiedNaTI,UCySH3WVP-5d4aJIfn8-WoPA,time,2,2.8933,27,117279.25,113948,110559.77431496234,1.060776884453099,early,,3,3,none,0
rLmPiedNaTI,UCySH3WVP-5d4aJIfn8-WoPA,heldout,3,2.8933,27,117279.25,113948,110559.77431496234,1.060776884453099,early,,3,3,none,0
rLmPiedNaTI,UCySH3WVP-5d4aJIfn8-WoPA,time,3,2.8933,27,117279.25,113948,110559.77431496234,1.060776884453099,early,,3,3,none,0
rLmPiedNaTI,UCySH3WVP-5d4aJIfn8-WoPA,heldout,5,4.8933,27,196734.25,113948,117781.36924848269,1.6703342176812488,likely,0.8562841973105685,15,14,none,0
rLmPiedNaTI,UCySH3WVP-5d4aJIfn8-WoPA,time,5,4.8933,27,196734.25,113948,117781.36924848269,1.6703342176812488,likely,0.8562841973105685,15,14,none,0
rLmPiedNaTI,UCySH3WVP-5d4aJIfn8-WoPA,heldout,7,6.8933,27,154035.97,113948,116751.43870126086,1.3193496420237678,likely,0.5893363096555302,15,14,none,0
rLmPiedNaTI,UCySH3WVP-5d4aJIfn8-WoPA,time,7,6.8933,27,154035.97,113948,116751.43870126086,1.3193496420237678,likely,0.5893363096555302,15,14,none,0
rLmPiedNaTI,UCySH3WVP-5d4aJIfn8-WoPA,heldout,14,12.8933,27,132266.92,113948,115851.99626615297,1.1416887251029064,confirmed,0.33378954643007386,15,13,none,0
rLmPiedNaTI,UCySH3WVP-5d4aJIfn8-WoPA,time,14,12.8933,27,132266.92,113948,115851.99626615297,1.1416887251029064,confirmed,0.33378954643007386,15,13,none,0
Yk75K20y_1k,UCUpbDOT-OVNBlaQpb9pbd2w,time,3,3.9628,28,71112.58,66269,31628.213937600372,2.2483907775608354,likely,,15,15,none,0
Yk75K20y_1k,UCUpbDOT-OVNBlaQpb9pbd2w,time,5,4.9628,28,60660.85,66269,30822.150413199226,1.9680928297536682,likely,0.26196092306355545,15,15,none,0
Yk75K20y_1k,UCUpbDOT-OVNBlaQpb9pbd2w,time,7,7.9628,28,55952.30,66269,28751.97580249925,1.9460330562827164,confirmed,0.21325567902921133,15,15,none,0
Yk75K20y_1k,UCUpbDOT-OVNBlaQpb9pbd2w,time,14,12.9628,28,67406.66,66269,26668.10125878783,2.5276136300808556,confirmed,0.2847165258425396,15,15,none,0
xrYvmrObkfM,UCfa9hkgsTHfK8bpDoiQZI5g,time,0.5,0.7390,28,2437.53,2360,3013.075485186534,0.8089854215060664,early,,14,14,none,0
xrYvmrObkfM,UCfa9hkgsTHfK8bpDoiQZI5g,time,1,0.7390,28,2437.53,2360,3013.075485186534,0.8089854215060664,early,,14,14,none,0
xrYvmrObkfM,UCfa9hkgsTHfK8bpDoiQZI5g,time,2,2.7390,28,2407.23,2360,2759.6092650442856,0.8723097554436973,early,0.6184127672511006,15,15,none,0
xrYvmrObkfM,UCfa9hkgsTHfK8bpDoiQZI5g,time,3,2.7390,28,2407.23,2360,2759.6092650442856,0.8723097554436973,early,0.6184127672511006,15,15,none,0
xrYvmrObkfM,UCfa9hkgsTHfK8bpDoiQZI5g,time,5,4.7390,28,2359.56,2360,2727.763048414706,0.8650176699623249,likely,0.5162301697138579,15,15,none,0
xrYvmrObkfM,UCfa9hkgsTHfK8bpDoiQZI5g,time,7,6.7390,28,2616.43,2360,2706.864590232105,0.9665917347798179,likely,0.48788538264236414,15,15,none,0
xrYvmrObkfM,UCfa9hkgsTHfK8bpDoiQZI5g,time,14,13.7390,28,2577.81,2360,2646,0.9742294293965419,confirmed,0.41427779188054453,15,11,none,0
5vhZQOJU_7Q,UC_A0CYW-gTE4qR3nWQnkaIg,time,5,6.6249,29,529.94,490,,,insufficient,,0,0,none,0
5vhZQOJU_7Q,UC_A0CYW-gTE4qR3nWQnkaIg,time,7,6.6249,29,529.94,490,,,insufficient,,0,0,none,0
5vhZQOJU_7Q,UC_A0CYW-gTE4qR3nWQnkaIg,time,14,13.6249,29,473.10,490,,,insufficient,0.12933440136747018,0,0,none,0
-NNCca97v98,UCBJycsmduvYEL83R_U4JriQ,heldout,5,6.6774,31,2623148.08,2409319,2505918.4870440327,1.0467810867358847,likely,,15,13,none,0
-NNCca97v98,UCBJycsmduvYEL83R_U4JriQ,heldout,7,6.6774,31,2623148.08,2409319,2505918.4870440327,1.0467810867358847,likely,,15,13,none,0
cON8atShXMU,UCw4T39MvmTCmYoSdpB2Rwuw,time,14,13.9159,29,525.02,568,565.0546924300052,0.9291480299225529,confirmed,0.21913430396405256,15,14,none,0
x82aevwtMfM,UC1pDMQF-E5YNgBgqc0MK6lQ,time,7,7.6874,27,806.86,789,1263.1971705771498,0.6387469776976019,confirmed,,13,12,none,0
x82aevwtMfM,UC1pDMQF-E5YNgBgqc0MK6lQ,time,14,13.6874,27,766.33,789,1382.2139990465366,0.5544240937645171,confirmed,0.181232267006599,15,13,none,0
tQW6i__5hbU,UCJ1RVDuSiJncq6VQYiqpzLA,heldout,14,13.9988,30,980.28,1060,1135.0649278641238,0.8636361462663547,confirmed,0.07656143989770561,15,15,none,0
UIjuml-y59I,UCAub01nC6godaiC7iI9kasw,heldout,0.5,0.6664,28,25424.54,20060,9989.86587879203,2.5450332567895337,early,,15,13,none,0
UIjuml-y59I,UCAub01nC6godaiC7iI9kasw,time,0.5,0.6664,28,25424.54,20060,9989.86587879203,2.5450332567895337,early,,15,13,none,0
UIjuml-y59I,UCAub01nC6godaiC7iI9kasw,heldout,1,0.6664,28,25424.54,20060,9989.86587879203,2.5450332567895337,early,,15,13,none,0
UIjuml-y59I,UCAub01nC6godaiC7iI9kasw,time,1,0.6664,28,25424.54,20060,9989.86587879203,2.5450332567895337,early,,15,13,none,0
UIjuml-y59I,UCAub01nC6godaiC7iI9kasw,heldout,2,2.6664,28,19140.55,20060,9992,1.9155876059668555,early,0.44855540114408765,15,12,none,0
UIjuml-y59I,UCAub01nC6godaiC7iI9kasw,time,2,2.6664,28,19140.55,20060,9992,1.9155876059668555,early,0.44855540114408765,15,12,none,0
UIjuml-y59I,UCAub01nC6godaiC7iI9kasw,heldout,3,2.6664,28,19140.55,20060,9992,1.9155876059668555,early,0.44855540114408765,15,12,none,0
UIjuml-y59I,UCAub01nC6godaiC7iI9kasw,time,3,2.6664,28,19140.55,20060,9992,1.9155876059668555,early,0.44855540114408765,15,12,none,0
UIjuml-y59I,UCAub01nC6godaiC7iI9kasw,heldout,5,4.6664,28,19203.06,20060,9992,1.9218437653348486,likely,0.35957262681277624,15,12,none,0
UIjuml-y59I,UCAub01nC6godaiC7iI9kasw,time,5,4.6664,28,19203.06,20060,9992,1.9218437653348486,likely,0.35957262681277624,15,12,none,0
UIjuml-y59I,UCAub01nC6godaiC7iI9kasw,heldout,7,6.6664,28,23269.11,20060,9992,2.3287738403945224,likely,0.336450432066204,15,12,none,0
UIjuml-y59I,UCAub01nC6godaiC7iI9kasw,time,7,6.6664,28,23269.11,20060,9992,2.3287738403945224,likely,0.336450432066204,15,12,none,0
UIjuml-y59I,UCAub01nC6godaiC7iI9kasw,heldout,14,12.6664,28,19691.57,20060,9992,1.9707331544138005,confirmed,0.28445006888393387,15,11,none,0
UIjuml-y59I,UCAub01nC6godaiC7iI9kasw,time,14,12.6664,28,19691.57,20060,9992,1.9707331544138005,confirmed,0.28445006888393387,15,11,none,0
UY4MJYq4Hko,UCbY9xX3_jW5c2fjlZVBI4cg,heldout,14,14.4942,29,8972.33,8746,43717.450626287326,0.20523446798418146,confirmed,0.010357201187730593,15,15,none,0
UY4MJYq4Hko,UCbY9xX3_jW5c2fjlZVBI4cg,time,14,14.4942,29,8972.33,8746,43717.450626287326,0.20523446798418146,confirmed,0.010357201187730593,15,15,none,0
d8FyWx5J5i4,UCg2EPgrZtxyZPdaprLgSqpQ,time,5,6.4119,29,167.41,165,,,insufficient,,1,1,none,0
d8FyWx5J5i4,UCg2EPgrZtxyZPdaprLgSqpQ,time,7,7.4119,29,148.43,165,,,insufficient,0.11793267675304299,1,1,none,0
d8FyWx5J5i4,UCg2EPgrZtxyZPdaprLgSqpQ,time,14,14.4119,29,167.40,165,,,insufficient,0.20026317977093536,1,1,none,0
iJer4OuSOn8,UCihbzGj7YwFNq-aL-6-Titw,heldout,14,14.0204,32,40.29,42,110.06851436024596,0.36600482059782125,confirmed,0,15,14,none,0
UNMoQwNxRnk,UCxajFuHT9KGibttgRbvA4XQ,time,1,0.9992,27,1519.51,1655,6444.861509560931,0.23577054796235802,early,,15,13,none,0
UNMoQwNxRnk,UCxajFuHT9KGibttgRbvA4XQ,time,2,1.9992,27,1385.22,1655,6479.2356284038115,0.2137930576652804,early,0.5803594146646771,15,13,none,0
UNMoQwNxRnk,UCxajFuHT9KGibttgRbvA4XQ,time,3,2.9992,27,1473.35,1655,6465.637505774067,0.2278740686205579,early,0.5139734783695518,15,13,none,0
UNMoQwNxRnk,UCxajFuHT9KGibttgRbvA4XQ,time,5,4.9992,27,1570.27,1655,6456.812945828801,0.2431962533717477,likely,0.5305774247940558,15,13,none,0
UNMoQwNxRnk,UCxajFuHT9KGibttgRbvA4XQ,time,7,7.9992,27,1627.60,1655,6497.54206560298,0.2504954674038904,confirmed,0.4696196404033468,15,12,none,0
UNMoQwNxRnk,UCxajFuHT9KGibttgRbvA4XQ,time,14,14.9992,27,1858.29,1655,6478,0.2868624038882585,confirmed,0.425604239360328,15,10,none,0
YQPOeISbBJA,UCOSiQnmt9TJRTxIjyl0iO0A,time,1,0.7950,29,1674.48,1201,2365,0.7080253595795375,early,,15,12,none,0
YQPOeISbBJA,UCOSiQnmt9TJRTxIjyl0iO0A,time,2,1.7950,29,1898.61,1201,2365,0.8027941686914266,early,0.8844563249859738,15,12,none,0
YQPOeISbBJA,UCOSiQnmt9TJRTxIjyl0iO0A,time,3,2.7950,29,1649.37,1201,2365,0.6974084352197466,early,0.6288389080672864,15,11,none,0
YQPOeISbBJA,UCOSiQnmt9TJRTxIjyl0iO0A,time,5,4.7950,29,1495.50,1201,2334.226434872706,0.640682413459415,likely,0.4571974058459822,15,10,none,0
YQPOeISbBJA,UCOSiQnmt9TJRTxIjyl0iO0A,time,7,6.7950,29,1401.80,1201,2257.8452919547326,0.6208553284137766,likely,0.3804722944995025,15,10,none,0
YQPOeISbBJA,UCOSiQnmt9TJRTxIjyl0iO0A,time,14,13.7950,29,1251.23,1201,2192.102150192988,0.5707911080274917,confirmed,0.2891369575374355,15,7,none,0
j4EIPhX4gnQ,UCziz6FiCnkyQ810X7qXFMZw,time,1,0.9515,28,82111.07,86713,57456.9166939424,1.4290894294994565,early,,10,7,none,0
j4EIPhX4gnQ,UCziz6FiCnkyQ810X7qXFMZw,time,2,1.9515,28,96022.87,86713,57535.16074806376,1.6689424413404896,early,0.7827920587840047,10,7,none,0
j4EIPhX4gnQ,UCziz6FiCnkyQ810X7qXFMZw,time,3,2.9515,28,96414.43,86713,57676.55575585288,1.671639947795288,early,0.6703199496612454,10,7,none,0
j4EIPhX4gnQ,UCziz6FiCnkyQ810X7qXFMZw,time,5,4.9515,28,101398.95,86713,57823.83627720032,1.7535840106093907,likely,0.5844099223453681,10,7,none,0
j4EIPhX4gnQ,UCziz6FiCnkyQ810X7qXFMZw,time,7,6.9515,28,99380.52,86713,58149.79795472494,1.709043327719889,likely,0.5337174621261497,10,7,none,0
j4EIPhX4gnQ,UCziz6FiCnkyQ810X7qXFMZw,time,14,12.9515,28,99455.20,86713,59170.33707077785,1.6808287065626255,confirmed,0.4329816056281049,10,6,none,0
FnOHapHRqJs,UCLMtjmKyB2ORHx2A06crsmQ,time,3,3.8320,28,5850.88,5648,14089.572189923447,0.4152634917214493,likely,,10,10,none,0
FnOHapHRqJs,UCLMtjmKyB2ORHx2A06crsmQ,time,5,4.8320,28,4326.21,5648,12974.289796158964,0.3334449581730204,likely,0.14632295251167846,15,14,none,0
FnOHapHRqJs,UCLMtjmKyB2ORHx2A06crsmQ,time,7,6.8320,28,5058.97,5648,13151,0.3846833788792459,likely,0.25909239871467,15,13,none,0
FnOHapHRqJs,UCLMtjmKyB2ORHx2A06crsmQ,time,14,13.8320,28,5447.38,5648,13151,0.41421759607696385,confirmed,0.24660958058393562,15,12,none,0
pwDJiJn0sSY,UC0yHbz4OxdQFwmVX2BBQqLg,time,14,12.6040,27,176870.34,172553,28676.77712301713,6.1677203386390405,confirmed,0.01530758936787704,15,12,none,0
7ihpMAE7xac,UCUpbDOT-OVNBlaQpb9pbd2w,time,5,5.7579,29,109461.25,102919,19676.824386744946,5.562953245461199,likely,,15,15,none,0
7ihpMAE7xac,UCUpbDOT-OVNBlaQpb9pbd2w,time,7,6.7579,29,89970.30,102919,19255.996355212537,4.672326234933363,likely,0.11838971132928863,15,15,none,0
7ihpMAE7xac,UCUpbDOT-OVNBlaQpb9pbd2w,time,14,13.7579,29,96937.29,102919,17534.621333391904,5.528336526923733,confirmed,0.1310724462238176,15,15,none,0
lKDHTZKQ7p0,UCEcOWDGI1Q1ReD4xrtUorWQ,time,5,6.7812,29,5381.19,5483,,,insufficient,,0,0,none,0
lKDHTZKQ7p0,UCEcOWDGI1Q1ReD4xrtUorWQ,time,7,6.7812,29,5381.19,5483,,,insufficient,,0,0,none,0
lKDHTZKQ7p0,UCEcOWDGI1Q1ReD4xrtUorWQ,time,14,13.7812,29,5329.55,5483,,,insufficient,0.21361203489688785,0,0,none,0
ojhwWvs9lZQ,UCI4uVUontY0y9hiGFlJ-lBA,time,1,0.8324,29,1441.32,1842,3325.705498675736,0.43338910687253845,early,,15,10,none,0
ojhwWvs9lZQ,UCI4uVUontY0y9hiGFlJ-lBA,time,2,1.8324,29,1715.85,1842,3315.601594911431,0.5175092448517704,early,1.0112204643741078,15,10,none,0
ojhwWvs9lZQ,UCI4uVUontY0y9hiGFlJ-lBA,time,3,2.8324,29,1791.67,1842,3391.0649348640914,0.5283488981695043,early,0.8519243134253508,15,10,none,0
ojhwWvs9lZQ,UCI4uVUontY0y9hiGFlJ-lBA,time,5,4.8324,29,1892.61,1842,3412.5894311242173,0.5545957074693417,likely,0.7011067074609493,15,10,none,0
ojhwWvs9lZQ,UCI4uVUontY0y9hiGFlJ-lBA,time,7,6.8324,29,1894.37,1842,3419.0379229806313,0.5540664843319579,likely,0.64082207605875,15,10,none,0
ojhwWvs9lZQ,UCI4uVUontY0y9hiGFlJ-lBA,time,14,14.8324,29,2102.81,1842,3404.3334199526116,0.6176862346129878,confirmed,0.5264734496345475,15,10,none,0
zvfAco36cWc,UCmGyCEbHfY91NFwHgioNLMQ,time,7,8.9686,29,37655.72,31775,73012.95903295113,0.5157402547631653,confirmed,,15,15,none,0
zvfAco36cWc,UCmGyCEbHfY91NFwHgioNLMQ,time,14,13.9686,29,31840.09,31775,70987.88569707244,0.4485285144110464,confirmed,0.07363492194886549,15,15,none,0
uMZzus_nNvk,UCDdF3VYuCTZ9HuEnkGdPkCQ,time,5,5.7657,28,13721.24,14254,,,insufficient,,0,0,none,0
uMZzus_nNvk,UCDdF3VYuCTZ9HuEnkGdPkCQ,time,7,6.7657,28,20340.76,14254,,,insufficient,1.5175258964168286,0,0,none,0
uMZzus_nNvk,UCDdF3VYuCTZ9HuEnkGdPkCQ,time,14,13.7657,28,15673.26,14254,,,insufficient,0.36387537900952127,0,0,none,0
qUcZDThLY64,UCI0vQvr9aFn27yR6Ej6n5UA,time,5,6.0884,28,1086.31,939,1066,1.0190501657752444,likely,,15,13,none,0
qUcZDThLY64,UCI0vQvr9aFn27yR6Ej6n5UA,time,7,7.0884,28,965.38,939,1066,0.9056071360812386,confirmed,0.13057296281037717,15,13,none,0
qUcZDThLY64,UCI0vQvr9aFn27yR6Ej6n5UA,time,14,13.0884,28,936.90,939,1016.3517238598819,0.9218251697531266,confirmed,0.07239523215598995,15,12,none,0
fErFL7gbTAM,UCzOgdLi9p2UIdhukecTSygg,time,0.5,0.4766,28,2785.99,1203,3597.4328039619513,0.7744377982646353,early,,12,8,none,0
fErFL7gbTAM,UCzOgdLi9p2UIdhukecTSygg,time,1,1.4766,28,2855.36,1203,3594.5123189488386,0.794366271463055,early,0.42971905091167967,12,8,none,0
fErFL7gbTAM,UCzOgdLi9p2UIdhukecTSygg,time,2,2.4766,28,2130.25,1203,3589.117918189085,0.5935295272846205,early,0.2942213328037129,12,8,none,0
fErFL7gbTAM,UCzOgdLi9p2UIdhukecTSygg,time,3,3.4766,28,1422.38,1203,3578.2685397039504,0.397505324751781,likely,0.23749842796236278,12,7,none,0
fErFL7gbTAM,UCzOgdLi9p2UIdhukecTSygg,time,5,5.4766,28,1309.04,1203,3619.8604924674537,0.3616266909580167,likely,0.18289922583953064,12,6,none,0
fErFL7gbTAM,UCzOgdLi9p2UIdhukecTSygg,time,7,7.4766,28,1255.94,1203,3615.7417831124408,0.34735347435822733,confirmed,0.16363656316424485,12,6,none,0
fErFL7gbTAM,UCzOgdLi9p2UIdhukecTSygg,time,14,13.4766,28,1245.40,1203,3646.3714433408977,0.3415454817344239,confirmed,0.13272057855187672,12,4,none,0
4Nne92IjZ6M,UCNRMF4aKRFUCdzvJVBEMFdQ,time,7,8.4272,29,1951.07,1563,1467.739205312555,1.329305421900468,confirmed,,15,15,none,0
4Nne92IjZ6M,UCNRMF4aKRFUCdzvJVBEMFdQ,time,14,14.4272,29,1608.33,1563,1400.1063824767707,1.1487165556632584,confirmed,0.009148546485747205,15,15,none,0
Nj1MZxYhQIs,UCClMPKqtJ1LbRBCDP948g5Q,time,5,6.0700,27,5275.45,4648,3544.9209101368665,1.4881718443455323,likely,,15,14,none,0
Nj1MZxYhQIs,UCClMPKqtJ1LbRBCDP948g5Q,time,7,7.0700,27,4649.86,4648,3544.9209101368665,1.3116974063106421,confirmed,0.06822846154455915,15,14,none,0
Nj1MZxYhQIs,UCClMPKqtJ1LbRBCDP948g5Q,time,14,15.0700,27,4681.39,4648,3985.7511973262635,1.1745324475310253,confirmed,0.09526770477153909,15,11,none,0
YVdQjqUXuDc,UCOT2iLov0V7Re7ku_3UBtcQ,time,2,2.5194,28,1490908.84,1156747,428000.8651386177,3.4834248216852375,early,,15,9,none,0
YVdQjqUXuDc,UCOT2iLov0V7Re7ku_3UBtcQ,time,3,2.5194,28,1490908.84,1156747,428000.8651386177,3.4834248216852375,early,,15,9,none,0
YVdQjqUXuDc,UCOT2iLov0V7Re7ku_3UBtcQ,time,5,4.5194,28,1116953.92,1156747,425777.0812206371,2.623330313812313,likely,0.0903229577890468,15,9,none,0
YVdQjqUXuDc,UCOT2iLov0V7Re7ku_3UBtcQ,time,7,6.5194,28,1044635.18,1156747,424627,2.460124254008537,likely,0.1162224306001673,15,8,none,0
YVdQjqUXuDc,UCOT2iLov0V7Re7ku_3UBtcQ,time,14,13.5194,28,1152463.70,1156747,424627,2.714061290595918,confirmed,0.11427293932502117,15,6,none,0
eTgsId6Rmes,UCgCsMxVCJs0TSqAIlBxiT7g,heldout,0.5,0.4418,31,5082.20,65185,9246.476233413588,0.5496365984542221,early,,15,14,none,0
eTgsId6Rmes,UCgCsMxVCJs0TSqAIlBxiT7g,heldout,1,0.4418,31,5082.20,65185,9246.476233413588,0.5496365984542221,early,,15,14,none,0
eTgsId6Rmes,UCgCsMxVCJs0TSqAIlBxiT7g,heldout,14,14.4418,31,68762.79,65185,9834.026341238474,6.992333192105825,confirmed,1.4869583905831467,15,14,none,0
bLMOgtfs_qQ,UCXUSs6sOB2GIcdyvLKljUrg,time,14,12.7910,27,5380.22,5389,7130.717903855497,0.7545131995005955,confirmed,0.22014070245226464,15,13,none,0
BcJmDvnYF8Y,UCzV_hd9M_7UBEVrGLUJu-2Q,heldout,14,13.0831,28,5842.45,5932,8624.16913373943,0.6774502989448102,confirmed,0.10765585643048586,15,10,none,0
BcJmDvnYF8Y,UCzV_hd9M_7UBEVrGLUJu-2Q,time,14,13.0831,28,5842.45,5932,8624.16913373943,0.6774502989448102,confirmed,0.10765585643048586,15,10,none,0
F2wvE-mrT6M,UC5alq-VmYnfQZt7YaNgdcGw,time,5,4.9687,28,2909.87,4072,,,insufficient,,1,1,none,0
F2wvE-mrT6M,UC5alq-VmYnfQZt7YaNgdcGw,time,7,6.9687,28,2780.44,4072,,,insufficient,0.24799524660060526,1,1,none,0
F2wvE-mrT6M,UC5alq-VmYnfQZt7YaNgdcGw,time,14,12.9687,28,3046.59,4072,,,insufficient,0.28291737439255454,1,1,none,0
afEXNqx5COs,UCLhu5JoRWPgEGDoUFfQHTPQ,time,5,4.7708,28,6193.66,5416,6815.5582560334815,0.9087534888895049,likely,,11,11,none,0
afEXNqx5COs,UCLhu5JoRWPgEGDoUFfQHTPQ,time,7,6.7708,28,5254.60,5416,6700.405652484487,0.7842209842836102,likely,0.16133068368734646,15,15,none,0
afEXNqx5COs,UCLhu5JoRWPgEGDoUFfQHTPQ,time,14,13.7708,28,5644.77,5416,6526.196949010391,0.8649408568425841,confirmed,0.13947708101384587,15,11,none,0
_K-lEOPTFXU,UC3KNWfcAsfHDqIzHExknhFQ,time,5,6.6374,28,130.91,172,,,insufficient,,0,0,none,0
_K-lEOPTFXU,UC3KNWfcAsfHDqIzHExknhFQ,time,7,6.6374,28,130.91,172,,,insufficient,,0,0,none,0
_K-lEOPTFXU,UC3KNWfcAsfHDqIzHExknhFQ,time,14,13.6374,28,153.17,172,,,insufficient,0.3548029485960391,0,0,none,0
r9GNtMO7fYQ,UCAmsTmQTOPbSfXs6QIDgGXg,time,14,12.6662,27,742.42,749,1647.9139293362518,0.45052038276960626,confirmed,0.1308903871539254,15,13,none,0
7MfQaWYIT04,UCBhPkAuGks2UkizNMbtW6uw,time,5,5.3381,27,93.50,92,,,insufficient,0,2,2,none,0
7MfQaWYIT04,UCBhPkAuGks2UkizNMbtW6uw,time,7,7.3381,27,89.06,92,,,insufficient,-0.027513404528620566,2,2,none,0
7MfQaWYIT04,UCBhPkAuGks2UkizNMbtW6uw,time,14,15.3381,27,88.83,92,,,insufficient,0.042576966160196475,2,2,none,0
E72ce8S3JE4,UCBQza5Ie61SqzFNl2lkdNAQ,time,1,0.9791,27,19988.86,22408,35434.43562290382,0.5641082833723083,early,,10,9,none,0
E72ce8S3JE4,UCBQza5Ie61SqzFNl2lkdNAQ,time,2,1.9791,27,22974.17,22408,35432.32365266963,0.6483959350810089,early,0.7495147453561586,10,9,none,0
E72ce8S3JE4,UCBQza5Ie61SqzFNl2lkdNAQ,time,3,2.9791,27,20721.44,22408,35432.32365266963,0.5848175556741023,early,0.6059423429697601,10,9,none,0
E72ce8S3JE4,UCBQza5Ie61SqzFNl2lkdNAQ,time,5,4.9791,27,25469.09,22408,35432.32365266963,0.7188094428939872,likely,0.6176984660637255,10,9,none,0
E72ce8S3JE4,UCBQza5Ie61SqzFNl2lkdNAQ,time,7,6.9791,27,26009.84,22408,35709.379505746685,0.7283755044716314,likely,0.5476762377335561,10,8,none,0
E72ce8S3JE4,UCBQza5Ie61SqzFNl2lkdNAQ,time,14,14.9791,27,24184.85,22408,35657.17122474268,0.6782605804556772,confirmed,0.4288838901296368,10,8,none,0
QSd5MPr_NTU,UCjtWf6u79u_FisPyhqlGeNQ,time,1,1.4806,28,139.23,128,229.26489138051858,0.6072812494798847,early,,15,14,none,0
QSd5MPr_NTU,UCjtWf6u79u_FisPyhqlGeNQ,time,2,2.4806,28,121.06,128,229.26489138051858,0.5280138844749698,early,0.5552089159203923,15,14,none,0
QSd5MPr_NTU,UCjtWf6u79u_FisPyhqlGeNQ,time,3,3.4806,28,151.06,128,229.26489138051858,0.6588971632224735,likely,0.6662135983937032,15,13,none,0
QSd5MPr_NTU,UCjtWf6u79u_FisPyhqlGeNQ,time,5,5.4806,28,128.78,128,229.26489138051858,0.5617038817988368,likely,0.4916683144037732,15,13,none,0
QSd5MPr_NTU,UCjtWf6u79u_FisPyhqlGeNQ,time,7,7.4806,28,144.14,128,229.26489138051858,0.6286927570528552,confirmed,0.4828156690438032,15,12,none,0
QSd5MPr_NTU,UCjtWf6u79u_FisPyhqlGeNQ,time,14,13.4806,28,135.63,128,232.83321653819203,0.5825130950650703,confirmed,0.3928709566308545,15,10,none,0
LzG_-tL2Fg0,UCV50reu_f_tl3ZfKqCgPRsA,time,5,6.1548,27,451.89,757,1329.9110925322564,0.3397925190591977,likely,,10,10,none,0
LzG_-tL2Fg0,UCV50reu_f_tl3ZfKqCgPRsA,time,7,7.1548,27,452.32,757,1329.9110925322564,0.3401130758910325,confirmed,0.31289296303347086,10,10,none,0
LzG_-tL2Fg0,UCV50reu_f_tl3ZfKqCgPRsA,time,14,15.1548,27,688.82,757,1329.9110925322564,0.517942988105229,confirmed,0.5103285837710111,10,10,none,0
-9pjnS_1Kuw,UC3z8YEKBEjSPRb6L2RJPWUg,time,5,5.9167,27,5002.52,5046,,,insufficient,,0,0,none,0
-9pjnS_1Kuw,UC3z8YEKBEjSPRb6L2RJPWUg,time,7,6.9167,27,4163.88,5046,,,insufficient,0.2142622114736811,0,0,none,0
-9pjnS_1Kuw,UC3z8YEKBEjSPRb6L2RJPWUg,time,14,12.9167,27,4830.67,5046,,,insufficient,0.22840211589962997,0,0,none,0
04xhEGQ_Yy4,UCJP9OOLkOzsXbb_Bo_kqjTw,time,1,0.7634,28,13713.78,8897,27738.79822254223,0.49438980481629907,early,,14,12,none,0
04xhEGQ_Yy4,UCJP9OOLkOzsXbb_Bo_kqjTw,time,2,2.7634,28,10081.42,8897,26922,0.3744676690403801,early,0.4351899986919414,15,12,none,0
04xhEGQ_Yy4,UCJP9OOLkOzsXbb_Bo_kqjTw,time,3,2.7634,28,10081.42,8897,26922,0.3744676690403801,early,0.4351899986919414,15,12,none,0
04xhEGQ_Yy4,UCJP9OOLkOzsXbb_Bo_kqjTw,time,5,4.7634,28,9108.75,8897,26922,0.33833867180238103,likely,0.34084659533741113,15,11,none,0
04xhEGQ_Yy4,UCJP9OOLkOzsXbb_Bo_kqjTw,time,7,6.7634,28,9577.48,8897,26922,0.35574928513420545,likely,0.30728827409163856,15,10,none,0
04xhEGQ_Yy4,UCJP9OOLkOzsXbb_Bo_kqjTw,time,14,12.7634,28,9435.18,8897,26922,0.3504635037461448,confirmed,0.24340532121641906,15,8,none,0
qZSJNxKTGrE,UC3viByea5zDX2-zr1qFgU2g,time,3,3.9660,27,5903.20,3728,,,insufficient,,0,0,none,0
qZSJNxKTGrE,UC3viByea5zDX2-zr1qFgU2g,time,5,4.9660,27,4247.53,3728,,,insufficient,0.0014634851065829628,0,0,none,0
qZSJNxKTGrE,UC3viByea5zDX2-zr1qFgU2g,time,7,6.9660,27,4094.61,3728,,,insufficient,0,0,0,none,0
qZSJNxKTGrE,UC3viByea5zDX2-zr1qFgU2g,time,14,14.9660,27,3848.82,3728,,,insufficient,0.0004597475421206431,0,0,none,0
aCqm6Cwp6Ac,UCxmSA11SbI_3yBcHu6pKi_Q,time,14,12.8743,28,20599.15,38381,20524.41232279733,1.003641281739585,confirmed,0.43612813157743663,15,12,none,0
3d6lsn49-jE,UC9TwYQOO9mAxoF4v8ZioySg,time,5,4.8021,28,34366.33,62838,35706.759585364,0.9624599926936841,likely,,15,14,none,0
3d6lsn49-jE,UC9TwYQOO9mAxoF4v8ZioySg,time,7,6.8021,28,40352.92,62838,35706.759585364,1.1301198706521927,likely,0.5101132485612294,15,13,none,0
3d6lsn49-jE,UC9TwYQOO9mAxoF4v8ZioySg,time,14,12.8021,28,49707.60,62838,37077.13451777508,1.3406537029008299,confirmed,0.5081372211323978,15,11,none,0
OE5ZOvrWxxs,UCJS9pqu9BzkAMNTmzNMNhvg,time,14,13.5085,27,707.97,739,2487,0.2846666588764798,confirmed,,15,11,none,0
7C3JQ_NPWGk,UCfCAy6CkaliVqbwqKT2VSYw,time,1,1.9687,27,5684.21,5354,12487.414189568084,0.45519481477640233,early,,15,15,none,0
7C3JQ_NPWGk,UCfCAy6CkaliVqbwqKT2VSYw,time,2,1.9687,27,5684.21,5354,12487.414189568084,0.45519481477640233,early,,15,15,none,0
7C3JQ_NPWGk,UCfCAy6CkaliVqbwqKT2VSYw,time,3,3.9687,27,5264.07,5354,13113.483594082249,0.40142435862798864,likely,0.4128323125196047,15,14,none,0
7C3JQ_NPWGk,UCfCAy6CkaliVqbwqKT2VSYw,time,5,4.9687,27,5127.78,5354,13458.439731314667,0.38100819328413443,likely,0.3858792396036994,15,14,none,0
7C3JQ_NPWGk,UCfCAy6CkaliVqbwqKT2VSYw,time,7,6.9687,27,5429.58,5354,14010.482819022536,0.3875368300422104,likely,0.34679277468066294,15,14,none,0
7C3JQ_NPWGk,UCfCAy6CkaliVqbwqKT2VSYw,time,14,14.9687,27,5507.81,5354,17453,0.3155798400893094,confirmed,0.28646595843539324,15,13,none,0
u0xhXOyF-p0,UCPAt6z5uX_c5Eo_cSNROzYw,time,14,13.7005,29,3598.85,3497,10446.150090037161,0.3445142482557181,confirmed,0.003617113603078052,15,15,none,0
LEd_b2vTbAM,UChpleBmo18P08aKCIgti38g,heldout,0.5,0.5018,28,198132.72,112331,87157.91945651789,2.27326123880102,early,,15,10,none,0
LEd_b2vTbAM,UChpleBmo18P08aKCIgti38g,time,0.5,0.5018,28,198132.72,112331,87157.91945651789,2.27326123880102,early,,15,10,none,0
LEd_b2vTbAM,UChpleBmo18P08aKCIgti38g,heldout,1,0.5018,28,198132.72,112331,87157.91945651789,2.27326123880102,early,,15,10,none,0
LEd_b2vTbAM,UChpleBmo18P08aKCIgti38g,time,1,0.5018,28,198132.72,112331,87157.91945651789,2.27326123880102,early,,15,10,none,0
LEd_b2vTbAM,UChpleBmo18P08aKCIgti38g,heldout,2,1.5018,28,202452.99,112331,86782.99479123826,2.3328647735052352,early,0.9170470144256605,15,10,none,0
LEd_b2vTbAM,UChpleBmo18P08aKCIgti38g,time,2,1.5018,28,202452.99,112331,86782.99479123826,2.3328647735052352,early,0.9170470144256605,15,10,none,0
LEd_b2vTbAM,UChpleBmo18P08aKCIgti38g,heldout,3,2.5018,28,169300.10,112331,86482.5232904001,1.957622169201638,early,0.6038803291594689,15,10,none,0
LEd_b2vTbAM,UChpleBmo18P08aKCIgti38g,time,3,2.5018,28,169300.10,112331,86482.5232904001,1.957622169201638,early,0.6038803291594689,15,10,none,0
LEd_b2vTbAM,UChpleBmo18P08aKCIgti38g,heldout,5,4.5018,28,155197.60,112331,85911.7238833445,1.8064775746447412,likely,0.41235930922845965,15,9,none,0
LEd_b2vTbAM,UChpleBmo18P08aKCIgti38g,time,5,4.5018,28,155197.60,112331,85911.7238833445,1.8064775746447412,likely,0.41235930922845965,15,9,none,0
LEd_b2vTbAM,UChpleBmo18P08aKCIgti38g,heldout,7,6.5018,28,127742.21,112331,85612,1.4921063442166664,likely,0.34235397593565775,15,8,none,0
LEd_b2vTbAM,UChpleBmo18P08aKCIgti38g,time,7,6.5018,28,127742.21,112331,85612,1.4921063442166664,likely,0.34235397593565775,15,8,none,0
LEd_b2vTbAM,UChpleBmo18P08aKCIgti38g,heldout,14,13.5018,28,120007.85,112331,90119.19694617957,1.331656890891245,confirmed,0.25311227459627683,15,6,none,0
LEd_b2vTbAM,UChpleBmo18P08aKCIgti38g,time,14,13.5018,28,120007.85,112331,90119.19694617957,1.331656890891245,confirmed,0.25311227459627683,15,6,none,0
z-8dW0G5qJs,UCZG-C5esGZyVfxO2qXa1Zmw,heldout,1,0.9815,31,96413.18,58558,51215.64831204137,1.8824945003533187,early,,15,14,none,0
z-8dW0G5qJs,UCZG-C5esGZyVfxO2qXa1Zmw,heldout,2,2.9815,31,70379.48,58558,46236.47574593619,1.5221635238963929,early,0.32126624475347343,15,12,none,0
z-8dW0G5qJs,UCZG-C5esGZyVfxO2qXa1Zmw,heldout,3,2.9815,31,70379.48,58558,46236.47574593619,1.5221635238963929,early,0.32126624475347343,15,12,none,0
z-8dW0G5qJs,UCZG-C5esGZyVfxO2qXa1Zmw,heldout,5,4.9815,31,70241.12,58558,45554.378038532406,1.5419181205443773,likely,0.27635698331448244,15,12,none,0
z-8dW0G5qJs,UCZG-C5esGZyVfxO2qXa1Zmw,heldout,7,6.9815,31,62363.93,58558,46788.79893977698,1.332881533329248,likely,0.23960035947712854,15,10,none,0
z-8dW0G5qJs,UCZG-C5esGZyVfxO2qXa1Zmw,heldout,14,13.9815,31,59073.05,58558,47477,1.2442456141147087,confirmed,0.1783592835138403,15,8,none,0
GArdnanmozA,UCx1m6AboILQKMNXbsLjjI4Q,heldout,7,8.2082,30,67014.98,70400,58590.00845660114,1.1437952843034462,confirmed,,15,14,none,0
OUbmZFIsn64,UC3KNWfcAsfHDqIzHExknhFQ,time,5,6.6373,28,348.68,450,132.51746029775745,2.631168359449149,likely,,3,3,none,0
OUbmZFIsn64,UC3KNWfcAsfHDqIzHExknhFQ,time,7,6.6373,28,348.68,450,132.51746029775745,2.631168359449149,likely,,3,3,none,0
OUbmZFIsn64,UC3KNWfcAsfHDqIzHExknhFQ,time,14,13.6373,28,401.04,450,145.84148476605444,2.749828979192655,confirmed,0.3285222787671126,3,3,none,0
k7gaVsF-sjo,UCYzrlZP_m1cV51q9GGDHCMg,time,0.5,0.4268,29,305.31,125,244.70648490314454,1.247673297181704,early,,12,12,none,0
k7gaVsF-sjo,UCYzrlZP_m1cV51q9GGDHCMg,time,1,1.4268,29,276.06,125,228.7169395993108,1.2069768530213565,early,0.3399945511943102,14,14,none,0
k7gaVsF-sjo,UCYzrlZP_m1cV51q9GGDHCMg,time,2,2.4268,29,172.42,125,241.00813643553616,0.7154019189455504,early,0.24512399734623574,15,15,none,0
k7gaVsF-sjo,UCYzrlZP_m1cV51q9GGDHCMg,time,3,3.4268,29,150.97,125,231.51054616075112,0.6521171474746431,likely,0.2044110091305405,15,15,none,0
k7gaVsF-sjo,UCYzrlZP_m1cV51q9GGDHCMg,time,5,5.4268,29,140.25,125,218.7518062979472,0.6411562591874956,likely,0.1646708652870389,15,15,none,0
k7gaVsF-sjo,UCYzrlZP_m1cV51q9GGDHCMg,time,7,7.4268,29,135.24,125,210.15288610711787,0.643535156574321,confirmed,0.13954898510146727,15,15,none,0
k7gaVsF-sjo,UCYzrlZP_m1cV51q9GGDHCMg,time,14,13.4268,29,127.05,125,195.29378702494284,0.6505819164076421,confirmed,0.10711912955610538,15,15,none,0
u2a_FQa0f_8,UC3_BakzLfadvFrsnClMFWmQ,time,1,1.0898,29,1521.91,651,767.5520840776954,1.9828087873516167,early,0.32227183965383405,15,15,none,0
u2a_FQa0f_8,UC3_BakzLfadvFrsnClMFWmQ,time,2,2.0898,29,930.19,651,755.5956469976102,1.2310634141310608,early,0.21337675680657572,15,15,none,0
u2a_FQa0f_8,UC3_BakzLfadvFrsnClMFWmQ,time,3,3.0898,29,802.27,651,745.7462586597375,1.0757984620254315,likely,0.1693148373580384,15,15,none,0
u2a_FQa0f_8,UC3_BakzLfadvFrsnClMFWmQ,time,5,5.0898,29,733.20,651,732.9154918964634,1.0003857436124501,likely,0.13013877011766542,15,15,none,0
u2a_FQa0f_8,UC3_BakzLfadvFrsnClMFWmQ,time,7,7.0898,29,711.39,651,721.8935218914353,0.9854478831639125,confirmed,0.11479601303497887,15,15,none,0
u2a_FQa0f_8,UC3_BakzLfadvFrsnClMFWmQ,time,14,14.0898,29,621.33,651,692.2195796320243,0.8975958926229398,confirmed,0.08873886769514851,15,11,none,0
WbR-7UPGaDg,UCoGfV8iKGSeBa8FEJG5PZcA,heldout,14,14.3329,29,69.21,78,86,0.804751240034784,confirmed,0,15,12,none,0
heZ39fuLFJ4,UCqhmd5fM8oJrJnahTxaMUUA,time,14,14.9990,27,11839.57,11715,11692.509460406447,1.0125772557855246,confirmed,0.13701283385649388,15,13,none,0
0bwaO9dUfd0,UCYKuk74NJJUw0wkAPgov8mw,heldout,0.5,0.3924,30,2097.88,804,1695.5684705318586,1.2372709957352672,early,,4,4,none,0
0bwaO9dUfd0,UCYKuk74NJJUw0wkAPgov8mw,heldout,1,0.3924,30,2097.88,804,1695.5684705318586,1.2372709957352672,early,,4,4,none,0
0bwaO9dUfd0,UCYKuk74NJJUw0wkAPgov8mw,heldout,7,8.3924,30,833.43,804,1542.9032676445636,0.5401731977965549,confirmed,0.18942423794148994,6,5,none,0
0bwaO9dUfd0,UCYKuk74NJJUw0wkAPgov8mw,heldout,14,14.3924,30,841.14,804,1557.0873540768298,0.5402005651382122,confirmed,0.16292287768124744,6,4,none,0
vjy0Vig52aw,UCbpMy0Fg74eXXkvxJrtEn3w,time,5,5.8332,28,935342.28,1092272,,,insufficient,,0,0,none,0
vjy0Vig52aw,UCbpMy0Fg74eXXkvxJrtEn3w,time,7,6.8332,28,777507.99,1092272,1004036.1531184304,0.7743824593755059,likely,0.20215735569599294,6,6,none,0
vjy0Vig52aw,UCbpMy0Fg74eXXkvxJrtEn3w,time,14,13.8332,28,1046884.03,1092272,500332.3610180007,2.0923772155426,confirmed,0.3401406505548216,15,14,none,0
5wNrmU0MPkc,UCfAgm2ONoRBLFdN2--VC8xg,time,5,5.2028,27,108.78,90,,,insufficient,,1,1,none,0
5wNrmU0MPkc,UCfAgm2ONoRBLFdN2--VC8xg,time,7,7.2028,27,90.16,90,,,insufficient,0.08835350973442209,1,1,none,0
5wNrmU0MPkc,UCfAgm2ONoRBLFdN2--VC8xg,time,14,13.2028,27,88.83,90,,,insufficient,0.08729747883750334,1,1,none,0
mShn2vqGGEg,UCALhpooWFKJXRKWaU3vgSzA,heldout,14,13.4219,28,5004.53,5149,2716.282232604411,1.8424202043102196,confirmed,0.14889980967504307,15,11,none,0
mShn2vqGGEg,UCALhpooWFKJXRKWaU3vgSzA,time,14,13.4219,28,5004.53,5149,2716.282232604411,1.8424202043102196,confirmed,0.14889980967504307,15,11,none,0
cQwB_Kiv58M,UC1mTmeM4xNp6FjyLTr8kGww,time,14,14.5412,29,16247.50,16024,16041.293152716808,1.0128544487013005,confirmed,0.04767162220908171,15,11,none,0
TonjxDPHQ2s,UCEDEjunbQbKAQBlAGyKqpjQ,heldout,14,11.9895,28,4364.13,4277,3474.416374305276,1.2560752229238668,confirmed,,15,15,none,0
cirBprnMyA4,UCJquYOG5EL82sKTfH9aMA9Q,time,1,1.8261,28,298184.22,318055,443027.6087558588,0.6730601229137948,early,,15,8,none,0
cirBprnMyA4,UCJquYOG5EL82sKTfH9aMA9Q,time,2,1.8261,28,298184.22,318055,443027.6087558588,0.6730601229137948,early,,15,8,none,0
cirBprnMyA4,UCJquYOG5EL82sKTfH9aMA9Q,time,3,2.8261,28,235788.38,318055,447338.1310107458,0.5270920655097895,early,0.43822139178122416,15,7,none,0
cirBprnMyA4,UCJquYOG5EL82sKTfH9aMA9Q,time,5,4.8261,28,331759.71,318055,452143.02935104707,0.7337494809059218,likely,0.5624840041816765,15,7,none,0
cirBprnMyA4,UCJquYOG5EL82sKTfH9aMA9Q,time,7,6.8261,28,338187.01,318055,459383.01465912856,0.7361765579768312,likely,0.53007041466436,15,6,none,0
cirBprnMyA4,UCJquYOG5EL82sKTfH9aMA9Q,time,14,13.8261,28,348405.30,318055,468303.16454133147,0.7439738372192705,confirmed,0.39897363760491267,15,4,none,0
_5g09wlF2pY,UC-2vh3f5tIDkt4K01ZsGDXw,heldout,2,2.8157,31,8536.17,15474,18576.881011092533,0.45950519003136375,early,,12,11,none,0
_5g09wlF2pY,UC-2vh3f5tIDkt4K01ZsGDXw,heldout,3,2.8157,31,8536.17,15474,18576.881011092533,0.45950519003136375,early,,12,11,none,0
ToEkEqL1RAQ,UC5rR0BFgdu-oz7HDHb-f-uw,time,14,13.0126,28,2468.20,2413,3488.929922915207,0.7074383976694751,confirmed,0.34425300459933283,15,14,none,0
AO_B7T47oEU,UCraEIu_mORQKKo8eV9pk6Cw,time,14,13.8748,27,446.49,435,722.2568853576668,0.6181941437712924,confirmed,,6,6,none,0
Irm4KHKNV8o,UCl69GToBX-RxXP4Dp9sQ7jw,time,14,13.9579,29,132847.31,127910,139016.81459770014,0.9556204712610448,confirmed,0.20915564413119384,10,10,none,0
hVlAOIUA71Y,UCGq-a57w-aPwyi3pW7XLiHw,time,7,8.2079,27,1614938.93,1578695,2715602.94645201,0.5946889014805421,confirmed,,15,14,none,0
hVlAOIUA71Y,UCGq-a57w-aPwyi3pW7XLiHw,time,14,13.2079,27,1518814.97,1578695,2705588.0547827524,0.5613622412743091,confirmed,0.19675380662689218,15,12,none,0
2V82WCm22uA,UCmva4xZW0mDSkPbusltquyQ,time,1,1.0833,27,4152.35,4183,953,4.357139488874789,early,0.6737904043026671,15,9,none,0
2V82WCm22uA,UCmva4xZW0mDSkPbusltquyQ,time,2,2.0833,27,2361.18,4183,953,2.477624439106503,early,0.479327962685824,15,9,none,0
2V82WCm22uA,UCmva4xZW0mDSkPbusltquyQ,time,3,3.0833,27,3515.65,4183,953,3.689035602864981,likely,0.5900488356754204,15,9,none,0
2V82WCm22uA,UCmva4xZW0mDSkPbusltquyQ,time,5,5.0833,27,5739.68,4183,953,6.02274398507005,likely,0.7243295720151728,15,8,none,0
2V82WCm22uA,UCmva4xZW0mDSkPbusltquyQ,time,7,7.0833,27,4379.79,4183,953,4.595793612603825,confirmed,0.6450973277123159,15,8,none,0
2V82WCm22uA,UCmva4xZW0mDSkPbusltquyQ,time,14,15.0833,27,4833.30,4183,953,5.071672006360707,confirmed,0.5414175505417403,15,6,none,0
JYCkOIAVYCs,UCKU0u3VbuYn0wD3CUr-Yn6A,time,14,13.9579,30,14017.66,18180,6787.099091929965,2.065339313038398,confirmed,0.33266442556561343,15,13,none,0
PFwcTjurk30,UCDEs0NoYs8QTTA6YLBrsqGg,heldout,1,1.7497,30,46605.25,182108,280818.74949920067,0.16596204369385675,early,,6,6,none,0
PFwcTjurk30,UCDEs0NoYs8QTTA6YLBrsqGg,heldout,2,1.7497,30,46605.25,182108,280818.74949920067,0.16596204369385675,early,,6,6,none,0
PFwcTjurk30,UCDEs0NoYs8QTTA6YLBrsqGg,heldout,3,2.7497,30,99834.61,182108,282948.38204626413,0.35283682952875794,early,1.983219205541785,6,6,none,0
PFwcTjurk30,UCDEs0NoYs8QTTA6YLBrsqGg,heldout,5,4.7497,30,145073.66,182108,283178.376208643,0.5123048565766408,likely,1.5436661511599172,6,6,none,0
PFwcTjurk30,UCDEs0NoYs8QTTA6YLBrsqGg,heldout,7,6.7497,30,152392.99,182108,285489.54797786043,0.5337953238253692,likely,1.273097698947045,6,6,none,0
PFwcTjurk30,UCDEs0NoYs8QTTA6YLBrsqGg,heldout,14,13.7497,30,176136.11,182108,292404.39775118354,0.6023716265705198,confirmed,1.0237904512396665,6,6,none,0
oUt9u_kEu64,UC5_SBQbLA9Kg7Jh5GpXoP3g,time,1,0.8322,28,105.98,122,728.721164249773,0.14543250625627596,early,,3,3,none,0
oUt9u_kEu64,UC5_SBQbLA9Kg7Jh5GpXoP3g,time,2,2.8322,28,126.47,122,332.63465736324264,0.38020842859830173,early,0.7965538844396258,15,15,none,0
oUt9u_kEu64,UC5_SBQbLA9Kg7Jh5GpXoP3g,time,3,2.8322,28,126.47,122,332.63465736324264,0.38020842859830173,early,0.7965538844396258,15,15,none,0
oUt9u_kEu64,UC5_SBQbLA9Kg7Jh5GpXoP3g,time,5,4.8322,28,101.08,122,298.0866895050161,0.33911133514207026,likely,0.5195600518473079,15,13,none,0
oUt9u_kEu64,UC5_SBQbLA9Kg7Jh5GpXoP3g,time,7,6.8322,28,115.31,122,301.24935112960554,0.3827717500255924,likely,0.5107257364185278,15,13,none,0
oUt9u_kEu64,UC5_SBQbLA9Kg7Jh5GpXoP3g,time,14,13.8322,28,135.85,122,269.82252859303065,0.5034734455636972,confirmed,0.4381510240756948,15,13,none,0
knMsCciLCpc,UCb4GVe1qSCpWJYxcCF_EmOA,heldout,1,1.8577,27,34404.50,26951,31386.029044213206,1.0961725765251065,early,,10,10,none,0
knMsCciLCpc,UCb4GVe1qSCpWJYxcCF_EmOA,time,1,1.8577,27,34404.50,26951,31386.029044213206,1.0961725765251065,early,,10,10,none,0
knMsCciLCpc,UCb4GVe1qSCpWJYxcCF_EmOA,heldout,2,1.8577,27,34404.50,26951,31386.029044213206,1.0961725765251065,early,,10,10,none,0
knMsCciLCpc,UCb4GVe1qSCpWJYxcCF_EmOA,time,2,1.8577,27,34404.50,26951,31386.029044213206,1.0961725765251065,early,,10,10,none,0
knMsCciLCpc,UCb4GVe1qSCpWJYxcCF_EmOA,heldout,3,2.8577,27,24899.15,26951,31439.701883525624,0.7919652123497011,early,0.27163806805045,10,10,none,0
knMsCciLCpc,UCb4GVe1qSCpWJYxcCF_EmOA,time,3,2.8577,27,24899.15,26951,31439.701883525624,0.7919652123497011,early,0.27163806805045,10,10,none,0
knMsCciLCpc,UCb4GVe1qSCpWJYxcCF_EmOA,heldout,5,4.8577,27,25181.88,26951,31530.543961513275,0.7986503714347739,likely,0.25473053620243746,10,10,none,0
knMsCciLCpc,UCb4GVe1qSCpWJYxcCF_EmOA,time,5,4.8577,27,25181.88,26951,31530.543961513275,0.7986503714347739,likely,0.25473053620243746,10,10,none,0
knMsCciLCpc,UCb4GVe1qSCpWJYxcCF_EmOA,heldout,7,7.8577,27,29030.73,26951,31712.265305242054,0.9154416910366805,confirmed,0.23530873009257988,10,9,none,0
knMsCciLCpc,UCb4GVe1qSCpWJYxcCF_EmOA,time,7,7.8577,27,29030.73,26951,31712.265305242054,0.9154416910366805,confirmed,0.23530873009257988,10,9,none,0
knMsCciLCpc,UCb4GVe1qSCpWJYxcCF_EmOA,heldout,14,15.8577,27,28261.92,26951,32052.590045264544,0.8817358208207738,confirmed,0.19499417709590927,10,9,none,0
knMsCciLCpc,UCb4GVe1qSCpWJYxcCF_EmOA,time,14,15.8577,27,28261.92,26951,32052.590045264544,0.8817358208207738,confirmed,0.19499417709590927,10,9,none,0
ia21rG1uDHU,UC1ZZZtwkaDu1SnZLBDkd1pA,heldout,2,2.5339,29,318.62,729,607.7158568653686,0.5242917233223772,early,,10,10,none,0
ia21rG1uDHU,UC1ZZZtwkaDu1SnZLBDkd1pA,time,2,2.5339,29,318.62,729,607.7158568653686,0.5242917233223772,early,,10,10,none,0
ia21rG1uDHU,UC1ZZZtwkaDu1SnZLBDkd1pA,heldout,3,2.5339,29,318.62,729,607.7158568653686,0.5242917233223772,early,,10,10,none,0
ia21rG1uDHU,UC1ZZZtwkaDu1SnZLBDkd1pA,time,3,2.5339,29,318.62,729,607.7158568653686,0.5242917233223772,early,,10,10,none,0
ia21rG1uDHU,UC1ZZZtwkaDu1SnZLBDkd1pA,heldout,5,4.5339,29,350.33,729,606.7513544049565,0.5773933759936998,likely,0.5130156895234638,10,10,none,0
ia21rG1uDHU,UC1ZZZtwkaDu1SnZLBDkd1pA,time,5,4.5339,29,350.33,729,606.7513544049565,0.5773933759936998,likely,0.5130156895234638,10,10,none,0
ia21rG1uDHU,UC1ZZZtwkaDu1SnZLBDkd1pA,heldout,7,6.5339,29,399.47,729,603.1794802374659,0.6622670410409438,likely,0.48878544832559057,10,10,none,0
ia21rG1uDHU,UC1ZZZtwkaDu1SnZLBDkd1pA,time,7,6.5339,29,399.47,729,603.1794802374659,0.6622670410409438,likely,0.48878544832559057,10,10,none,0
ia21rG1uDHU,UC1ZZZtwkaDu1SnZLBDkd1pA,heldout,14,13.5339,29,748.33,729,601.4552653143144,1.244198909571945,confirmed,0.7626896354046917,10,10,none,0
ia21rG1uDHU,UC1ZZZtwkaDu1SnZLBDkd1pA,time,14,13.5339,29,748.33,729,601.4552653143144,1.244198909571945,confirmed,0.7626896354046917,10,10,none,0
cgh4LUT8ZzE,UCrfKGpvbEQXcbe68dzXgJuA,time,14,12.9575,29,111870.03,117892,144272,0.7754105532249173,confirmed,0.11071168376389114,15,11,none,0
Sw7wnZSy4Ug,UC7Hi_moNiYG88AgbyiJU9UQ,heldout,1,1.8539,30,1516.91,1859,14754.80250769879,0.10280792089576131,early,,7,7,none,0
Sw7wnZSy4Ug,UC7Hi_moNiYG88AgbyiJU9UQ,heldout,2,1.8539,30,1516.91,1859,14754.80250769879,0.10280792089576131,early,,7,7,none,0
m-WNnabbAD4,UCoZQiN0o7f36H7PaW4fVhFw,time,3,3.9158,29,192196.26,181857,101071.6792550207,1.9015837225807792,likely,,15,13,none,0
m-WNnabbAD4,UCoZQiN0o7f36H7PaW4fVhFw,time,5,4.9158,29,144387.59,181857,101223.29496553385,1.426426540898656,likely,0.23442333457223954,15,13,none,0
m-WNnabbAD4,UCoZQiN0o7f36H7PaW4fVhFw,time,7,6.9158,29,148175.51,181857,101761,1.4561129078721469,likely,0.22187813458774064,15,12,none,0
m-WNnabbAD4,UCoZQiN0o7f36H7PaW4fVhFw,time,14,13.9158,29,167545.34,181857,101761,1.6464592400159286,confirmed,0.21623604224423823,15,9,none,0
vMd0k2Kzy-M,UC0T6MVd3wQDB5ICAe45OxaQ,time,14,12.9368,28,5058.43,5204,9651.867864756088,0.5240877870985782,confirmed,0.10365174878870874,15,15,none,0
HNOpULzRT3M,UC6BW8DqrAmBEIeCtMa4bfBw,time,14,13.2522,28,2339.94,2189,3833.2426084010244,0.6104345947940112,confirmed,,15,15,none,0
4PMVQt9hzn8,UCMrvLMUITAImCHMOhX88PYQ,time,1,0.8750,28,118183.20,127782,74917.2754632552,1.577515944851802,early,,15,11,none,0
4PMVQt9hzn8,UCMrvLMUITAImCHMOhX88PYQ,time,2,1.8750,28,109748.50,127782,74838.02057861174,1.4664805901951048,early,0.5939544439875752,15,11,none,0
4PMVQt9hzn8,UCMrvLMUITAImCHMOhX88PYQ,time,3,2.8750,28,114890.42,127782,74838.02057861174,1.535187868212887,early,0.49447208706907547,15,11,none,0
4PMVQt9hzn8,UCMrvLMUITAImCHMOhX88PYQ,time,5,4.8750,28,107409.98,127782,74718.2902240949,1.4375325888649897,likely,0.39803744562631344,15,11,none,0
4PMVQt9hzn8,UCMrvLMUITAImCHMOhX88PYQ,time,7,6.8750,28,111936.84,127782,74718.2902240949,1.4981183512437852,likely,0.4065752811758106,15,11,none,0
4PMVQt9hzn8,UCMrvLMUITAImCHMOhX88PYQ,time,14,12.8750,28,127597.58,127782,74708.23966363,1.7079452129564046,confirmed,0.3713488365440743,15,9,none,0
tZFq9Qctf-8,UC5_SBQbLA9Kg7Jh5GpXoP3g,time,1,0.8320,28,103.33,192,,,insufficient,,1,1,none,0
tZFq9Qctf-8,UC5_SBQbLA9Kg7Jh5GpXoP3g,time,2,2.8320,28,249.07,192,116.84473078287766,2.1316505701704,early,1.465341656485472,15,15,none,0
tZFq9Qctf-8,UC5_SBQbLA9Kg7Jh5GpXoP3g,time,3,2.8320,28,249.07,192,116.84473078287766,2.1316505701704,early,1.465341656485472,15,15,none,0
tZFq9Qctf-8,UC5_SBQbLA9Kg7Jh5GpXoP3g,time,5,4.8320,28,261.03,192,101.65372893988977,2.5678793258710315,likely,1.1037600551771454,15,15,none,0
tZFq9Qctf-8,UC5_SBQbLA9Kg7Jh5GpXoP3g,time,7,6.8320,28,260.00,192,106.32557252722962,2.445350292323027,likely,0.967340924715741,15,15,none,0
tZFq9Qctf-8,UC5_SBQbLA9Kg7Jh5GpXoP3g,time,14,13.8320,28,216.52,192,134.35599110872764,1.6115535460759896,confirmed,0.7067674148782253,15,15,none,0
klP82OaYeJ4,UC70SrI3VkT1MXALRtf0pcHg,time,0.5,0.7033,29,84810.29,73455,72176.62692347728,1.1750381636607306,early,,13,13,none,0
klP82OaYeJ4,UC70SrI3VkT1MXALRtf0pcHg,time,1,0.7033,29,84810.29,73455,72176.62692347728,1.1750381636607306,early,,13,13,none,0
klP82OaYeJ4,UC70SrI3VkT1MXALRtf0pcHg,time,2,1.7033,29,102807.10,73455,71442.17724576578,1.4390252401602146,early,0.9925854307083701,14,14,none,0
klP82OaYeJ4,UC70SrI3VkT1MXALRtf0pcHg,time,3,2.7033,29,98329.06,73455,69547.46762247203,1.413840947298983,early,0.7196656932075931,14,14,none,0
klP82OaYeJ4,UC70SrI3VkT1MXALRtf0pcHg,time,5,4.7033,29,98441.85,73455,64294.6611556507,1.5311046108584294,likely,0.5696491698762568,15,15,none,0
klP82OaYeJ4,UC70SrI3VkT1MXALRtf0pcHg,time,7,6.7033,29,92901.21,73455,62707.27494740497,1.481506173026913,likely,0.4961218543335529,15,15,none,0
klP82OaYeJ4,UC70SrI3VkT1MXALRtf0pcHg,time,14,13.7033,29,83671.03,73455,59481.7242957057,1.4066678497711873,confirmed,0.37323981516537796,15,15,none,0
59B9VDdR-yA,UC3JGnf8zOIQ06PGQ0Yb2_1Q,heldout,1,1.8745,27,10650.17,13413,23431.72659849524,0.45451926376284885,early,,10,9,none,0
59B9VDdR-yA,UC3JGnf8zOIQ06PGQ0Yb2_1Q,time,1,1.8745,27,10650.17,13413,23431.72659849524,0.45451926376284885,early,,10,9,none,0
59B9VDdR-yA,UC3JGnf8zOIQ06PGQ0Yb2_1Q,heldout,2,1.8745,27,10650.17,13413,23431.72659849524,0.45451926376284885,early,,10,9,none,0
59B9VDdR-yA,UC3JGnf8zOIQ06PGQ0Yb2_1Q,time,2,1.8745,27,10650.17,13413,23431.72659849524,0.45451926376284885,early,,10,9,none,0
59B9VDdR-yA,UC3JGnf8zOIQ06PGQ0Yb2_1Q,heldout,3,2.8745,27,8956.90,13413,23431.72659849524,0.3822554071705484,early,0.38943230006405816,10,9,none,0
59B9VDdR-yA,UC3JGnf8zOIQ06PGQ0Yb2_1Q,time,3,2.8745,27,8956.90,13413,23431.72659849524,0.3822554071705484,early,0.38943230006405816,10,9,none,0
59B9VDdR-yA,UC3JGnf8zOIQ06PGQ0Yb2_1Q,heldout,5,4.8745,27,10802.20,13413,23689.335653117858,0.45599431362535825,likely,0.4404945264532642,10,9,none,0
59B9VDdR-yA,UC3JGnf8zOIQ06PGQ0Yb2_1Q,time,5,4.8745,27,10802.20,13413,23689.335653117858,0.45599431362535825,likely,0.4404945264532642,10,9,none,0
59B9VDdR-yA,UC3JGnf8zOIQ06PGQ0Yb2_1Q,heldout,7,6.8745,27,13176.88,13413,23689.335653117858,0.5562369333387137,likely,0.518230749635529,10,9,none,0
59B9VDdR-yA,UC3JGnf8zOIQ06PGQ0Yb2_1Q,time,7,6.8745,27,13176.88,13413,23689.335653117858,0.5562369333387137,likely,0.518230749635529,10,9,none,0
59B9VDdR-yA,UC3JGnf8zOIQ06PGQ0Yb2_1Q,heldout,14,12.8745,27,13395.64,13413,24390.048965516766,0.54922573966742,confirmed,0.44416288428496176,10,9,none,0
59B9VDdR-yA,UC3JGnf8zOIQ06PGQ0Yb2_1Q,time,14,12.8745,27,13395.64,13413,24390.048965516766,0.54922573966742,confirmed,0.44416288428496176,10,9,none,0
vORhopSp7l8,UCjNrOMGm7_ODMMBS-71xBcA,time,1,0.7920,27,1176.38,2693,2194,0.5361782919758786,early,,15,12,none,0
vORhopSp7l8,UCjNrOMGm7_ODMMBS-71xBcA,time,2,1.7920,27,2007.34,2693,2194,0.9149225369643212,early,1.3779873139052479,15,12,none,0
vORhopSp7l8,UCjNrOMGm7_ODMMBS-71xBcA,time,3,2.7920,27,2163.68,2693,2194,0.9861799566316568,early,1.0818692220554682,15,11,none,0
vORhopSp7l8,UCjNrOMGm7_ODMMBS-71xBcA,time,5,4.7920,27,2243.03,2693,2194,1.0223483339554507,likely,0.849635665149818,15,11,none,0
vORhopSp7l8,UCjNrOMGm7_ODMMBS-71xBcA,time,7,7.7920,27,2675.25,2693,2194,1.2193499409263404,confirmed,0.8199770270946191,15,10,none,0
vORhopSp7l8,UCjNrOMGm7_ODMMBS-71xBcA,time,14,12.7920,27,2604.45,2693,2194,1.187079940719174,confirmed,0.7426265167384082,15,9,none,0
pFxmj3nAKew,UCyO9K3_tU2OTrNljdHm7L_g,time,14,14.0406,29,3686.08,3815,3006.600292348555,1.2259948241740215,confirmed,,15,15,none,0
JSPKHozuELM,UCLKZ20yD2tNMBOkSDZo4FeQ,time,0.5,0.4997,27,6767.79,4882,4370.484174575468,1.5485213502856192,early,,13,13,none,0
JSPKHozuELM,UCLKZ20yD2tNMBOkSDZo4FeQ,time,1,1.4997,27,6392.50,4882,4354.2974990173425,1.4680893922781844,early,0.4389774391908989,15,15,none,0
JSPKHozuELM,UCLKZ20yD2tNMBOkSDZo4FeQ,time,2,2.4997,27,4645.57,4882,4349.363483739572,1.0681024899345894,early,0.36689686833612545,15,15,none,0
JSPKHozuELM,UCLKZ20yD2tNMBOkSDZo4FeQ,time,3,3.4997,27,4266.99,4882,4297.87570557514,0.992814419935925,likely,0.3267194019434756,15,15,none,0
JSPKHozuELM,UCLKZ20yD2tNMBOkSDZo4FeQ,time,5,5.4997,27,4409.96,4882,4287.344822439104,1.0286003806011035,likely,0.32393663794072797,15,14,none,0
JSPKHozuELM,UCLKZ20yD2tNMBOkSDZo4FeQ,time,7,7.4997,27,4898.79,4882,4239.077956863232,1.1556264835090528,confirmed,0.31133894510483023,15,14,none,0
JSPKHozuELM,UCLKZ20yD2tNMBOkSDZo4FeQ,time,14,15.4997,27,4999.05,4882,4170.793860599912,1.1985843706286132,confirmed,0.2904157000820808,15,10,none,0
ONaEai3s_Wk,UCaBqRxHEMomgFU-AkSfodCw,time,3,3.8749,27,83288.32,90090,132984.93867599283,0.6262989094611091,likely,,15,14,none,0
ONaEai3s_Wk,UCaBqRxHEMomgFU-AkSfodCw,time,5,4.8749,27,79761.27,90090,132984.93867599283,0.5997767082492077,likely,0.49266884863717786,15,14,none,0
ONaEai3s_Wk,UCaBqRxHEMomgFU-AkSfodCw,time,7,7.8749,27,86159.03,90090,133588.28100911004,0.6449595059320737,confirmed,0.42841116179707583,15,14,none,0
ONaEai3s_Wk,UCaBqRxHEMomgFU-AkSfodCw,time,14,12.8749,27,89926.30,90090,135394.74562018222,0.6641786875696795,confirmed,0.3642972336237235,15,13,none,0
gTjQShtWe7A,UCekqigelo-rjhHWL1NEL4yw,time,14,12.7910,27,234.88,225,252.69554578265124,0.929500880195283,confirmed,,15,11,none,0
PAYHOr73Zr4,UC5_SBQbLA9Kg7Jh5GpXoP3g,time,1,0.8328,28,10.60,43,916,0.011569841187645832,early,,7,6,none,0
PAYHOr73Zr4,UC5_SBQbLA9Kg7Jh5GpXoP3g,time,2,2.8328,28,19.49,43,517.1531393831526,0.03769212742075714,early,1.099173416979131,15,14,none,0
PAYHOr73Zr4,UC5_SBQbLA9Kg7Jh5GpXoP3g,time,3,2.8328,28,19.49,43,517.1531393831526,0.03769212742075714,early,1.099173416979131,15,14,none,0
PAYHOr73Zr4,UC5_SBQbLA9Kg7Jh5GpXoP3g,time,5,4.8328,28,20.51,43,517.1531393831526,0.03965915066959191,likely,0.8738254748746151,15,12,none,0
PAYHOr73Zr4,UC5_SBQbLA9Kg7Jh5GpXoP3g,time,7,6.8328,28,22.89,43,520.0043639568273,0.04402534143960609,likely,0.8624908842099287,15,12,none,0
PAYHOr73Zr4,UC5_SBQbLA9Kg7Jh5GpXoP3g,time,14,12.8328,28,35.31,43,519.2791866483558,0.06799518012446704,confirmed,0.8864745909061443,15,12,none,0
Mrl21JGKxg4,UCDr-9ViL8OpJsOXXrY1bbOw,time,14,12.8328,27,11997.27,11372,4520.636967752773,2.653888649216043,confirmed,0.4826835460725906,10,9,none,0
W8iV_m3QQ-4,UCWK4FbIkCfSNoscMXWbCxAg,time,3,3.7911,27,77789.35,66963,46066.215612762084,1.6886419945744826,likely,,4,4,none,0
W8iV_m3QQ-4,UCWK4FbIkCfSNoscMXWbCxAg,time,5,4.7911,27,67025.79,66963,72135.47722494745,0.9291654107113932,likely,0.3066402110562041,15,14,none,0
W8iV_m3QQ-4,UCWK4FbIkCfSNoscMXWbCxAg,time,7,6.7911,27,67481.57,66963,72135.47722494745,0.9354838085128314,likely,0.264101252720809,15,14,none,0
W8iV_m3QQ-4,UCWK4FbIkCfSNoscMXWbCxAg,time,14,15.7911,27,68417.75,66963,72414.69866853539,0.9448047679077793,confirmed,0.19847531190883344,15,12,none,0
oeIcQIBkxig,UCPDis9pjXuqyI7RYLJ-TTSA,heldout,14,12.9571,29,1226139.17,1737993,1269586.0234377526,0.9657787280113912,confirmed,0.42886237516394254,15,12,none,0
oeIcQIBkxig,UCPDis9pjXuqyI7RYLJ-TTSA,time,14,12.9571,29,1226139.17,1737993,1269586.0234377526,0.9657787280113912,confirmed,0.42886237516394254,15,12,none,0
u6TQNollK7c,UCvJJ_dzjViJCoLf5uKUTwoA,time,7,8.8321,28,58389.97,49951,365882.6385026207,0.15958661274659044,confirmed,,14,12,none,0
u6TQNollK7c,UCvJJ_dzjViJCoLf5uKUTwoA,time,14,13.8321,28,49639.10,49951,366417,0.1354716030955903,confirmed,0.0859239036030165,15,9,none,0
XYbB1O2GznI,UCkr6cLAnZiz5NH0NzjNK8rg,time,1,0.8253,29,33473.70,16582,113140.9960397741,0.2958582982118418,early,,15,15,none,0
XYbB1O2GznI,UCkr6cLAnZiz5NH0NzjNK8rg,time,2,1.8253,29,20697.37,16582,113036.23250356995,0.18310382411513426,early,0.281129801798898,15,15,none,0
XYbB1O2GznI,UCkr6cLAnZiz5NH0NzjNK8rg,time,3,2.8253,29,18198.99,16582,113497.61257935909,0.16034687941984313,early,0.19417594936549157,15,14,none,0
XYbB1O2GznI,UCkr6cLAnZiz5NH0NzjNK8rg,time,5,4.8253,29,17134.94,16582,114837.89066513632,0.14920985293774225,likely,0.14947074676237898,15,12,none,0
XYbB1O2GznI,UCkr6cLAnZiz5NH0NzjNK8rg,time,7,6.8253,29,16830.33,16582,114268.71734342306,0.14728728425635207,likely,0.13184602976166263,15,11,none,0
XYbB1O2GznI,UCkr6cLAnZiz5NH0NzjNK8rg,time,14,13.8253,29,15957.38,16582,112559.88330993596,0.1417678744896012,confirmed,0.11189860470731292,15,7,none,0
nMPiGLlVhYw,UCpXipTyhIY9kprpvVd-lu0A,heldout,7,8.8437,30,147363.97,174167,54336.500633592754,2.7120621354370438,confirmed,,15,15,none,0
nMPiGLlVhYw,UCpXipTyhIY9kprpvVd-lu0A,heldout,14,13.8437,30,156837.87,174167,53107.50947788882,2.953214609785445,confirmed,0.33135788441678854,15,15,none,0
Fp_LZ3oxGP8,UCso1B56GyEtnhn2OPENKXoQ,time,14,14.6461,28,129.63,117,176.1342649690518,0.735958866039936,confirmed,,12,12,none,0
Hs2Ywndv3NM,UC0Fh1HN4RvOw2hMk9n5PysA,time,7,7.9579,27,181.26,164,509.9626082560353,0.35543986177432907,confirmed,,4,4,none,0
Hs2Ywndv3NM,UC0Fh1HN4RvOw2hMk9n5PysA,time,14,14.9579,27,160.11,164,467.0519281105728,0.34280869747614706,confirmed,0.12748434227329816,15,13,none,0
bel9aSViPBc,UC2dSE9W3lGYbFi_CPmVtA-A,time,5,4.9536,30,13034.57,16780,33712.03366668928,0.38664430425604224,likely,,9,9,none,0
bel9aSViPBc,UC2dSE9W3lGYbFi_CPmVtA-A,time,7,6.9536,30,13651.33,16780,24017.180388656045,0.5683985047595982,likely,0.3992201328971587,10,10,none,0
bel9aSViPBc,UC2dSE9W3lGYbFi_CPmVtA-A,time,14,13.9536,30,16250.85,16780,24930.18079090287,0.6518546508526458,confirmed,0.4034015365796074,10,10,none,0
FL1NY8tb71M,UCgDcCZDBaXtAQGSc-Chs0xw,time,5,5.8919,28,633.64,822,,,insufficient,,0,0,none,0
FL1NY8tb71M,UCgDcCZDBaXtAQGSc-Chs0xw,time,7,6.8919,28,833.97,822,,,insufficient,0.6659162814710936,0,0,none,0
FL1NY8tb71M,UCgDcCZDBaXtAQGSc-Chs0xw,time,14,12.8919,28,742.45,822,,,insufficient,0.44145128134242473,0,0,none,0
eCx_AycNMHE,UCB5Nin2VBUeNLqamqEVh-2A,heldout,0.5,0.4967,30,3746.45,2179,51276.746902189974,0.0730634123348613,early,,13,12,none,0
eCx_AycNMHE,UCB5Nin2VBUeNLqamqEVh-2A,heldout,1,0.4967,30,3746.45,2179,51276.746902189974,0.0730634123348613,early,,13,12,none,0
eCx_AycNMHE,UCB5Nin2VBUeNLqamqEVh-2A,heldout,5,5.4967,30,2348.03,2179,51695.06487772063,0.04542075801262821,likely,0.29707716966095854,15,14,none,0
eCx_AycNMHE,UCB5Nin2VBUeNLqamqEVh-2A,heldout,7,6.4967,30,2289.42,2179,53196.46943532186,0.0430370147863705,likely,0.294405882175522,15,14,none,0
eCx_AycNMHE,UCB5Nin2VBUeNLqamqEVh-2A,heldout,14,14.4967,30,2322.44,2179,61764.031581624105,0.03760178311501486,confirmed,0.24221510364367183,15,13,none,0
qMXTd8DiwMU,UCPCPE5MoI7DS1WiVB_-mzNw,time,5,5.9031,27,3946.00,2952,5588.110834519706,0.7061411832689942,likely,,15,15,none,0
qMXTd8DiwMU,UCPCPE5MoI7DS1WiVB_-mzNw,time,7,6.9031,27,3208.39,2952,5544.032465154014,0.5787114133492495,likely,0.040642602826731045,15,15,none,0
qMXTd8DiwMU,UCPCPE5MoI7DS1WiVB_-mzNw,time,14,12.9031,27,3031.75,2952,5347.540933251398,0.5669428611238267,confirmed,0.016150067223440347,15,15,none,0
JbjefyhSta0,UC7r7A8qlvL8hoKJhfpbVb2w,time,14,13.9580,30,736.77,779,2400.4760874112108,0.3069274932697106,confirmed,,10,10,none,0
oBCjyy22-aw,UC6BW8DqrAmBEIeCtMa4bfBw,time,14,15.2758,27,16849.71,16427,3357.4985733878857,5.018531784473871,confirmed,0.01416273500810158,15,15,none,0
xLyCu8-W57g,UC3lJL1pUvQ2Ih2qZ-4ozrLw,time,5,6.9782,27,507.28,519,235.5547625611207,2.1535508440141093,likely,,7,7,none,0
xLyCu8-W57g,UC3lJL1pUvQ2Ih2qZ-4ozrLw,time,7,6.9782,27,507.28,519,235.5547625611207,2.1535508440141093,likely,,7,7,none,0
xLyCu8-W57g,UC3lJL1pUvQ2Ih2qZ-4ozrLw,time,14,14.9782,27,526.05,519,539.8834486855831,0.9743698115091768,confirmed,0.2214455540205495,12,12,none,0
EKBqqNFkIz8,UCuTaETsuCOkJ0H_GAztWt0Q,time,14,13.8652,29,130119.41,135946,180186.5304981598,0.7221372811776325,confirmed,0.10253310401900291,15,12,none,0
B_LOi9tpdYc,UCPAt6z5uX_c5Eo_cSNROzYw,time,7,8.9165,28,2143.66,1855,4264.830343205043,0.5026374708899388,confirmed,,15,15,none,0
B_LOi9tpdYc,UCPAt6z5uX_c5Eo_cSNROzYw,time,14,13.9165,28,1953.33,1855,4005.1709930444376,0.4877028352866738,confirmed,0.131597702503554,15,15,none,0
rK-bzOq9yS4,UCt_t6FwNsqr3WWoL6dFqG9w,time,1,0.9571,28,16416.93,21859,26984.667098105798,0.6083800599727333,early,,4,3,none,0
rK-bzOq9yS4,UCt_t6FwNsqr3WWoL6dFqG9w,time,2,1.9571,28,28279.45,21859,26984.667098105798,1.0479820162322084,early,1.2642040352463793,4,3,none,0
rK-bzOq9yS4,UCt_t6FwNsqr3WWoL6dFqG9w,time,3,2.9571,28,31619.17,21859,26984.667098105798,1.1717456515345661,early,1.07708126780176,4,3,none,0
rK-bzOq9yS4,UCt_t6FwNsqr3WWoL6dFqG9w,time,5,4.9571,28,37719.49,21859,26984.667098105798,1.3978118168013427,likely,0.9743164842114239,4,3,none,0
rK-bzOq9yS4,UCt_t6FwNsqr3WWoL6dFqG9w,time,7,7.9571,28,33618.91,21859,26867.940946833085,1.251264971578738,confirmed,0.7236521994649432,4,3,none,0
rK-bzOq9yS4,UCt_t6FwNsqr3WWoL6dFqG9w,time,14,12.9571,28,26116.32,21859,26867.940946833085,0.9720252660708313,confirmed,0.5750561432790973,4,3,none,0
Sopl5v4UTwc,UCLhu5JoRWPgEGDoUFfQHTPQ,time,5,5.7708,29,11102.36,9177,6759.295310803963,1.6425322759769185,likely,,11,11,none,0
Sopl5v4UTwc,UCLhu5JoRWPgEGDoUFfQHTPQ,time,7,6.7708,29,9185.38,9177,6170.170382393827,1.4886748076313203,likely,0.166119656002178,15,15,none,0
Sopl5v4UTwc,UCLhu5JoRWPgEGDoUFfQHTPQ,time,14,13.7708,29,9097.32,9177,6024,1.5101786850231549,confirmed,0.09703416660545701,15,11,none,0
jJMP33L-Ma4,UC4XsiyKOEWxdW0jpNyKsNEw,time,1,1.1709,29,79.22,123,204.36898544293373,0.38761304369384786,early,1.638558147642072,15,13,none,0
jJMP33L-Ma4,UC4XsiyKOEWxdW0jpNyKsNEw,time,2,1.1709,29,79.22,123,204.36898544293373,0.38761304369384786,early,1.638558147642072,15,13,none,0
jJMP33L-Ma4,UC4XsiyKOEWxdW0jpNyKsNEw,time,3,3.1709,29,175.43,123,204.36898544293373,0.8584150762937358,likely,1.5031452905782867,15,12,none,0
jJMP33L-Ma4,UC4XsiyKOEWxdW0jpNyKsNEw,time,5,5.1709,29,152.89,123,204.36898544293373,0.7481156723493798,likely,1.1562709359789063,15,11,none,0
jJMP33L-Ma4,UC4XsiyKOEWxdW0jpNyKsNEw,time,7,7.1709,29,140.63,123,217.3683331945799,0.6469695808713666,confirmed,1.0137058147402382,15,11,none,0
jJMP33L-Ma4,UC4XsiyKOEWxdW0jpNyKsNEw,time,14,14.1709,29,150.12,123,221.88901369453853,0.6765320385007791,confirmed,0.80355144855465,15,8,none,0
NPX47g74DuI,UC1cbIkRS5-QfXfgKij2n11Q,time,14,13.7913,29,215.89,226,353.3688126565054,0.6109467684259393,confirmed,0.1068224282031687,15,15,none,0
R0Dv446wBvc,UCnYMOamNKLGVlJgRUbamveA,time,1,0.9576,29,40429.01,26701,37894.61614406115,1.0668800228013546,early,,14,14,none,0
R0Dv446wBvc,UCnYMOamNKLGVlJgRUbamveA,time,2,1.9576,29,30866.46,26701,36417.824461577075,0.8475645896444847,early,0.3295032362949998,15,15,none,0
R0Dv446wBvc,UCnYMOamNKLGVlJgRUbamveA,time,3,2.9576,29,25269.72,26701,35242.68980153022,0.7170201238792314,early,0.2620044534696362,15,15,none,0
R0Dv446wBvc,UCnYMOamNKLGVlJgRUbamveA,time,5,4.9576,29,29325.88,26701,33680.882050708664,0.8706980231456798,likely,0.27041385275593416,15,15,none,0
R0Dv446wBvc,UCnYMOamNKLGVlJgRUbamveA,time,7,6.9576,29,29272.61,26701,32555.537361845654,0.8991592393848599,likely,0.25858805720173655,15,15,none,0
R0Dv446wBvc,UCnYMOamNKLGVlJgRUbamveA,time,14,13.9576,29,28206.48,26701,30358.054575648806,0.9291267293139457,confirmed,0.21256991061412542,15,15,none,0
83hJsRWVB0c,UCnmGIkw-KdI0W5siakKPKog,heldout,3,3.8748,30,3555993.82,3139671,3500214.8008638364,1.01593588371318,likely,,15,15,none,0
83hJsRWVB0c,UCnmGIkw-KdI0W5siakKPKog,heldout,5,3.8748,30,3555993.82,3139671,3500214.8008638364,1.01593588371318,likely,,15,15,none,0
SY2iM_XZM3Y,UC675NhQ4EU5TzwCMwYp5XCw,time,5,4.9452,27,4468.14,3747,,,insufficient,,1,1,none,0
SY2iM_XZM3Y,UC675NhQ4EU5TzwCMwYp5XCw,time,7,6.9452,27,3783.44,3747,,,insufficient,0.15894311812873732,1,1,none,0
SY2iM_XZM3Y,UC675NhQ4EU5TzwCMwYp5XCw,time,14,12.9452,27,3749.66,3747,,,insufficient,0.11678047284424764,1,1,none,0
bWRuVIJr0-I,UCYO_YUHK7ZROCqJMtSOuOHQ,time,0.5,0.7332,29,447.76,7629,867.2792840634362,0.5162863128762686,early,,15,13,none,0
bWRuVIJr0-I,UCYO_YUHK7ZROCqJMtSOuOHQ,time,1,0.7332,29,447.76,7629,867.2792840634362,0.5162863128762686,early,,15,13,none,0
bWRuVIJr0-I,UCYO_YUHK7ZROCqJMtSOuOHQ,time,2,1.7332,29,373.54,7629,877.706052132834,0.42558813796026684,early,0.5386896462114328,15,13,none,0
bWRuVIJr0-I,UCYO_YUHK7ZROCqJMtSOuOHQ,time,3,2.7332,29,317.89,7629,882.5281841905557,0.36020252020113075,early,0.3845274512715876,15,12,none,0
bWRuVIJr0-I,UCYO_YUHK7ZROCqJMtSOuOHQ,time,5,4.7332,29,425.11,7629,869.5691734547519,0.48887324571597035,likely,0.4989874885439563,15,11,none,0
bWRuVIJr0-I,UCYO_YUHK7ZROCqJMtSOuOHQ,time,7,6.7332,29,1985.18,7629,1877.021499783398,1.0576235802525655,likely,1.3184106745872144,15,11,none,0
bWRuVIJr0-I,UCYO_YUHK7ZROCqJMtSOuOHQ,time,14,13.7332,29,6831.19,7629,2612.4243938426603,2.614886472918118,confirmed,1.5475163590354906,15,9,none,0
1tA3nI2pr28,UCjkvta4m0l5d8ehlt1TXHzA,time,14,12.8332,27,1561.07,1602,1549.4042935115547,1.0075294959857228,confirmed,,15,15,none,0
GRKkObhgG0s,UCGyDjbX9F9ARt_8sgv5kGDg,time,2,2.7395,28,8617.02,7960,11884.430960243079,0.7250677166249588,early,,15,14,none,0
GRKkObhgG0s,UCGyDjbX9F9ARt_8sgv5kGDg,time,3,2.7395,28,8617.02,7960,11884.430960243079,0.7250677166249588,early,,15,14,none,0
GRKkObhgG0s,UCGyDjbX9F9ARt_8sgv5kGDg,time,5,4.7395,28,7880.46,7960,11842.088593291752,0.6654619761824311,likely,0.2747340865297837,15,14,none,0
GRKkObhgG0s,UCGyDjbX9F9ARt_8sgv5kGDg,time,7,6.7395,28,8130.88,7960,11749.847295018388,0.6919986131282235,likely,0.2921307111196857,15,14,none,0
GRKkObhgG0s,UCGyDjbX9F9ARt_8sgv5kGDg,time,14,12.7395,28,8307.05,7960,11659,0.7125012377494637,confirmed,0.23929932630574424,15,12,none,0
npqG2OZXxek,UCFY0YHhxiIQWYYsLgeUBcbg,time,14,13.8322,28,110303.30,118352,108425.21280978681,1.017321517019936,confirmed,0.4464088319320072,15,14,none,0
x10KBEAONDw,UCJMoh2CdnIesjxN9cmGhrLA,time,14,13.7812,29,12150.55,11371,40288.44245525406,0.3015888853203063,confirmed,0.2855798639458989,10,9,none,0
_w-InFZK32M,UCvt-PjJT5B3B2cqcewYjFBQ,time,14,13.0458,28,549.55,548,450,1.2212229402324053,confirmed,0.29843253569846523,15,11,none,0
8i9V9AedZYc,UCAGgFGwq4HZKLZ4gXo9xLiw,time,5,5.8347,28,3548.95,2756,2253.676058653163,1.5747374664494003,likely,,5,5,none,0
8i9V9AedZYc,UCAGgFGwq4HZKLZ4gXo9xLiw,time,7,6.8347,28,2908.23,2756,2227.2961075402454,1.3057205615329308,likely,0.09755331217584992,5,5,none,0
8i9V9AedZYc,UCAGgFGwq4HZKLZ4gXo9xLiw,time,14,13.8347,28,2798.30,2756,2054.3060241805983,1.3621632789132139,confirmed,0.04804072499897081,5,5,none,0
9o3eNg61At0,UCtW1WA-bJ4s6l-ZCCT35QBg,heldout,14,14.3480,31,2188.16,2111,7555.128744500366,0.2896254767912262,confirmed,,15,14,none,0
uqMITME4vms,UCecPJBL6E1PVky1-gj6KH5g,time,0.5,0.5090,28,94580.47,59184,106300.35705909274,0.8897474736812072,early,,15,15,none,0
uqMITME4vms,UCecPJBL6E1PVky1-gj6KH5g,time,1,0.5090,28,94580.47,59184,106300.35705909274,0.8897474736812072,early,,15,15,none,0
uqMITME4vms,UCecPJBL6E1PVky1-gj6KH5g,time,2,2.5090,28,72684.78,59184,108501.27863566553,0.6698979016018135,early,0.4801679578455546,15,14,none,0
uqMITME4vms,UCecPJBL6E1PVky1-gj6KH5g,time,3,2.5090,28,72684.78,59184,108501.27863566553,0.6698979016018135,early,0.4801679578455546,15,14,none,0
uqMITME4vms,UCecPJBL6E1PVky1-gj6KH5g,time,5,4.5090,28,62239.61,59184,108179.50851119253,0.5753364263439276,likely,0.37822982955336554,15,12,none,0
uqMITME4vms,UCecPJBL6E1PVky1-gj6KH5g,time,7,6.5090,28,69767.13,59184,107931.98551742233,0.6463990631639284,likely,0.3419146577518669,15,11,none,0
uqMITME4vms,UCecPJBL6E1PVky1-gj6KH5g,time,14,13.5090,28,65812.29,59184,110157,0.5974408272972945,confirmed,0.2815738277328938,15,7,none,0
umeNwM4IfCQ,UClZT1TPdg5Hrx2HPmkALofw,time,14,14.9692,27,781.55,807,764.075700882743,1.0228707680447109,confirmed,0.16419852439380495,15,11,none,0
9ddgWQ8wQo0,UCpXipTyhIY9kprpvVd-lu0A,time,3,3.9270,27,25537.19,21357,59882.03573878514,0.42645822705442343,likely,,15,15,none,0
9ddgWQ8wQo0,UCpXipTyhIY9kprpvVd-lu0A,time,5,4.9270,27,19039.21,21357,59362.009218062965,0.3207305122264665,likely,0.19367711804973597,15,15,none,0
9ddgWQ8wQo0,UCpXipTyhIY9kprpvVd-lu0A,time,7,6.9270,27,22001.63,21357,58945.72562983299,0.3732522756935271,likely,0.25558644312596757,15,15,none,0
9ddgWQ8wQo0,UCpXipTyhIY9kprpvVd-lu0A,time,14,12.9270,27,21987.77,21357,57014.287094404164,0.38565370866676474,confirmed,0.21906378196469237,15,15,none,0
SOBysPS6nJQ,UCg2EPgrZtxyZPdaprLgSqpQ,time,5,6.4419,28,94.41,79,,,insufficient,,0,0,none,0
SOBysPS6nJQ,UCg2EPgrZtxyZPdaprLgSqpQ,time,7,7.4419,28,82.46,79,,,insufficient,0,0,0,none,0
SOBysPS6nJQ,UCg2EPgrZtxyZPdaprLgSqpQ,time,14,14.4419,28,79.54,79,,,insufficient,0.036053035994912906,0,0,none,0
dxu6hxfKAI8,UCVKFs0cesQUEGtn8gQmhbHw,heldout,1,1.7563,30,52816.92,45811,65935.4342780778,0.8010399683276135,early,,15,13,none,0
dxu6hxfKAI8,UCVKFs0cesQUEGtn8gQmhbHw,heldout,2,1.7563,30,52816.92,45811,65935.4342780778,0.8010399683276135,early,,15,13,none,0
dxu6hxfKAI8,UCVKFs0cesQUEGtn8gQmhbHw,heldout,3,2.7563,30,54698.16,45811,65935.4342780778,0.8295715513536338,early,0.5579039748044718,15,13,none,0
dxu6hxfKAI8,UCVKFs0cesQUEGtn8gQmhbHw,heldout,5,4.7563,30,48097.22,45811,64089.02676637757,0.7504751594367784,likely,0.37875173654777666,15,13,none,0
dxu6hxfKAI8,UCVKFs0cesQUEGtn8gQmhbHw,heldout,7,6.7563,30,47942.31,45811,63671.05549383203,0.7529686376325205,likely,0.32784712428861323,15,13,none,0
dxu6hxfKAI8,UCVKFs0cesQUEGtn8gQmhbHw,heldout,14,13.7563,30,47829.36,45811,61431,0.7785867483090305,confirmed,0.2587155495408163,15,12,none,0
3aLI_fPUquo,UC5_SBQbLA9Kg7Jh5GpXoP3g,time,1,0.9591,29,626.53,533,2272.895712233732,0.2756515445364229,early,,15,14,none,0
3aLI_fPUquo,UC5_SBQbLA9Kg7Jh5GpXoP3g,time,2,1.9591,29,601.82,533,2282.160023259046,0.2637047830248301,early,0.6975895430827299,15,14,none,0
3aLI_fPUquo,UC5_SBQbLA9Kg7Jh5GpXoP3g,time,3,2.9591,29,800.98,533,2282.160023259046,0.3509744398004311,early,0.7931114686907164,15,14,none,0
3aLI_fPUquo,UC5_SBQbLA9Kg7Jh5GpXoP3g,time,5,4.9591,29,643.89,533,2283.5361564483756,0.2819727182444052,likely,0.5191521794437729,15,12,none,0
3aLI_fPUquo,UC5_SBQbLA9Kg7Jh5GpXoP3g,time,7,6.9591,29,607.66,533,2283.5361564483756,0.26610310149551325,likely,0.43313753589090315,15,12,none,0
3aLI_fPUquo,UC5_SBQbLA9Kg7Jh5GpXoP3g,time,14,13.9591,29,691.47,533,2283.6605961320415,0.302789633018549,confirmed,0.3285718653712617,15,12,none,0
-fwguGQLIgE,UCBhPkAuGks2UkizNMbtW6uw,time,5,5.3283,27,74.75,72,100.49105189986261,0.7437991729333742,likely,0.308780906475061,5,5,none,0
-fwguGQLIgE,UCBhPkAuGks2UkizNMbtW6uw,time,7,7.3283,27,81.19,72,94.8541529171975,0.8559451577601244,confirmed,0.33932257454738357,5,5,none,0
-fwguGQLIgE,UCBhPkAuGks2UkizNMbtW6uw,time,14,15.3283,27,73.92,72,90.77674126290532,0.8142590420557312,confirmed,0.1894646526717163,5,5,none,0
ynu_7PUh0Zs,UCH6Oc4MAJzzmK0SM805ZnjQ,time,2,2.9368,28,2041.71,2843,4711,0.43339138242720554,early,,15,14,none,0
ynu_7PUh0Zs,UCH6Oc4MAJzzmK0SM805ZnjQ,time,3,2.9368,28,2041.71,2843,4711,0.43339138242720554,early,,15,14,none,0
ynu_7PUh0Zs,UCH6Oc4MAJzzmK0SM805ZnjQ,time,5,5.9368,28,2230.78,2843,4711,0.4735266943112697,likely,0.3950116998787883,15,14,none,0
ynu_7PUh0Zs,UCH6Oc4MAJzzmK0SM805ZnjQ,time,7,6.9368,28,2211.16,2843,4711,0.4693605652824452,likely,0.43146116585731176,15,14,none,0
ynu_7PUh0Zs,UCH6Oc4MAJzzmK0SM805ZnjQ,time,14,13.9368,28,2762.84,2843,4711,0.5864665667438226,confirmed,0.45508601572857244,15,13,none,0
kZ199uq-P0A,UC0AAvxmjMAqljjpc23e1f7g,time,5,6.8927,29,7337.30,7538,,,insufficient,,0,0,none,0
kZ199uq-P0A,UC0AAvxmjMAqljjpc23e1f7g,time,7,6.8927,29,7337.30,7538,,,insufficient,,0,0,none,0
kZ199uq-P0A,UC0AAvxmjMAqljjpc23e1f7g,time,14,13.8927,29,7627.67,7538,,,insufficient,0.24613766779696436,0,0,none,0
J0ydlAqg6_8,UCn_zjOECM_3Raq5953rMm4Q,time,1,0.9163,27,13735.59,97069,6796.6462120568885,2.0209362858559983,early,,10,10,none,0
J0ydlAqg6_8,UCn_zjOECM_3Raq5953rMm4Q,time,2,1.9163,27,24738.38,97069,6929.120283535514,3.5702050461101935,early,1.3486909465685875,10,9,none,0
J0ydlAqg6_8,UCn_zjOECM_3Raq5953rMm4Q,time,3,2.9163,27,27551.71,97069,6929.120283535514,3.9762204888292083,early,1.1177947553671475,10,9,none,0
J0ydlAqg6_8,UCn_zjOECM_3Raq5953rMm4Q,time,5,4.9163,27,33848.72,97069,6929.120283535514,4.88499496269917,likely,1.0241890914294116,10,9,none,0
J0ydlAqg6_8,UCn_zjOECM_3Raq5953rMm4Q,time,7,6.9163,27,43577.53,97069,7071.239796648342,6.162643387338123,likely,1.0845375506603667,10,9,none,0
J0ydlAqg6_8,UCn_zjOECM_3Raq5953rMm4Q,time,14,12.9163,27,71885.69,97069,7213.52676231057,9.965401043645093,confirmed,1.046588324397775,10,9,none,0
C7D0C1dQbfE,UCfWlwgHS9mnVbIi4jNgIGtA,time,14,13.9283,29,7003.21,11100,3708,1.888676584543218,confirmed,,15,14,none,0
EaM3EBLILKg,UCnmGIkw-KdI0W5siakKPKog,heldout,2,2.8747,31,3092684.89,2877921,3493818.768990892,0.8851875540213542,early,,15,15,none,0
EaM3EBLILKg,UCnmGIkw-KdI0W5siakKPKog,heldout,3,2.8747,31,3092684.89,2877921,3493818.768990892,0.8851875540213542,early,,15,15,none,0
0HG9SDtZkts,UCk7G9VbYTKntMsLmKuy942g,heldout,14,13.2335,30,13119.71,19685,,,insufficient,0.46407412509230833,2,1,none,0
kTAZhXttzeo,UCmGyCEbHfY91NFwHgioNLMQ,time,7,8.9784,28,10241.25,8664,116277.63503814563,0.08807582558327987,confirmed,,15,15,none,0
kTAZhXttzeo,UCmGyCEbHfY91NFwHgioNLMQ,time,14,13.9784,28,8700.66,8664,112968.09101476696,0.07701872305333345,confirmed,0.08534876378173596,15,15,none,0
jlSnIXTyo1w,UCEtxsMx4qsoitFwjBdLU_gA,time,5,4.8092,27,421.52,364,513.4247918360936,0.8210015978001582,likely,,3,3,none,0
jlSnIXTyo1w,UCEtxsMx4qsoitFwjBdLU_gA,time,7,7.8092,27,359.54,364,473.59650735289523,0.7591748049942029,confirmed,0.12822721615398364,3,3,none,0
jlSnIXTyo1w,UCEtxsMx4qsoitFwjBdLU_gA,time,14,12.8092,27,355.34,364,452.8444812780828,0.7846837632123699,confirmed,0.1201874555196194,3,3,none,0
J6J3zaXm3wM,UCbY9xX3_jW5c2fjlZVBI4cg,time,14,13.0569,28,69163.16,67138,35765.174043457,1.9338129357545013,confirmed,0.004250692852370821,15,15,none,0
ghMJA3J7JiE,UCWnlQMQ-ACfhpD68yWRsnJw,time,5,6.7915,28,20405.71,18343,48191.931795708035,0.4234259232870633,likely,,6,6,none,0
ghMJA3J7JiE,UCWnlQMQ-ACfhpD68yWRsnJw,time,7,6.7915,28,20405.71,18343,48191.931795708035,0.4234259232870633,likely,,6,6,none,0
ghMJA3J7JiE,UCWnlQMQ-ACfhpD68yWRsnJw,time,14,13.7915,28,18082.04,18343,65417.83912829166,0.2764083915301519,confirmed,0.11980382566987824,10,9,none,0
rvZENjxs7yg,UCNRFvq0JOm5VqHIBDDQgkMA,heldout,1,0.9156,30,5331.48,5545,4357.114480337705,1.223626911476412,early,,15,14,none,0
rvZENjxs7yg,UCNRFvq0JOm5VqHIBDDQgkMA,heldout,5,4.9156,30,5094.39,5545,4376.07800151534,1.1641441600462423,likely,0.44758843058136394,15,13,none,0
rvZENjxs7yg,UCNRFvq0JOm5VqHIBDDQgkMA,heldout,7,6.9156,30,5055.34,5545,4433.925444741758,1.1401506910699986,likely,0.4120229569378491,15,13,none,0
rvZENjxs7yg,UCNRFvq0JOm5VqHIBDDQgkMA,heldout,14,14.9156,30,5421.99,5545,5301.2604545899385,1.0227729372874756,confirmed,0.36201510351391014,15,12,none,0
Ch4LoBCDDZQ,UC6RxjqZyhTKshYyBJcIIvPQ,time,5,4.8747,27,1298.56,1262,,,insufficient,,2,2,none,0
Ch4LoBCDDZQ,UC6RxjqZyhTKshYyBJcIIvPQ,time,7,6.8747,27,1339.63,1262,,,insufficient,0.34311289368271614,2,2,none,0
Ch4LoBCDDZQ,UC6RxjqZyhTKshYyBJcIIvPQ,time,14,12.8747,27,1292.73,1262,,,insufficient,0.22124924120361472,2,2,none,0
BdrqCvjZebQ,UCNq_6MwbXuGnrHqQVkRJIYQ,heldout,2,2.3848,31,10270.48,8863,,,insufficient,,1,1,none,0
BdrqCvjZebQ,UCNq_6MwbXuGnrHqQVkRJIYQ,heldout,3,3.3848,31,10321.61,8863,,,insufficient,0.551152995350039,2,2,none,0
BdrqCvjZebQ,UCNq_6MwbXuGnrHqQVkRJIYQ,heldout,5,5.3848,31,9752.58,8863,11980.608704547027,0.8140307953773691,likely,0.39224170072676606,8,8,none,0
BdrqCvjZebQ,UCNq_6MwbXuGnrHqQVkRJIYQ,heldout,7,7.3848,31,9807.49,8863,14107.566766900809,0.6951937744972118,confirmed,0.37715954369124866,15,14,none,0
BdrqCvjZebQ,UCNq_6MwbXuGnrHqQVkRJIYQ,heldout,14,14.3848,31,9264.01,8863,13330.783462834825,0.6949335140003039,confirmed,0.2710371203910332,15,12,none,0
ew9MdsRSM5k,UCX7dV4OPDSutwMUauSD5AAA,heldout,1,1.8954,29,48329.78,37979,36027.03126327802,1.3414866299508958,early,,14,11,none,0
ew9MdsRSM5k,UCX7dV4OPDSutwMUauSD5AAA,heldout,2,1.8954,29,48329.78,37979,36027.03126327802,1.3414866299508958,early,,14,11,none,0
ew9MdsRSM5k,UCX7dV4OPDSutwMUauSD5AAA,heldout,3,3.8954,29,37151.59,37979,36126.297702160016,1.0283807265861267,likely,0.27004304231991794,14,11,none,0
ew9MdsRSM5k,UCX7dV4OPDSutwMUauSD5AAA,heldout,5,4.8954,29,34424.97,37979,36063.450197715414,0.9545666612518691,likely,0.2188699675983696,14,9,none,0
ew9MdsRSM5k,UCX7dV4OPDSutwMUauSD5AAA,heldout,7,7.8954,29,36130.18,37979,36277.63614751959,0.9959352483190488,confirmed,0.21415784103556085,14,8,none,0
ew9MdsRSM5k,UCX7dV4OPDSutwMUauSD5AAA,heldout,14,13.8954,29,37993.53,37979,37241.948793555064,1.0201809541736298,confirmed,0.19456982029286904,14,5,none,0
drL2HoyAkSM,UCwMbSEgxhmOB5dXcxRTKHJQ,time,0.5,0.5082,27,3342.55,52273,15851.074205313209,0.21087210964541145,early,,15,13,none,0
drL2HoyAkSM,UCwMbSEgxhmOB5dXcxRTKHJQ,time,1,0.5082,27,3342.55,52273,15851.074205313209,0.21087210964541145,early,,15,13,none,0
drL2HoyAkSM,UCwMbSEgxhmOB5dXcxRTKHJQ,time,2,1.5082,27,33177.55,52273,16143.510406602012,2.055163407868086,early,5.022097139659823,15,12,none,0
drL2HoyAkSM,UCwMbSEgxhmOB5dXcxRTKHJQ,time,3,2.5082,27,47256.56,52273,16805.96260035964,2.8118927768667032,early,3.592921078425841,15,12,none,0
drL2HoyAkSM,UCwMbSEgxhmOB5dXcxRTKHJQ,time,5,4.5082,27,56799.24,52273,17393.892886630845,3.2654705294480078,likely,2.5992180440662005,15,12,none,0
drL2HoyAkSM,UCwMbSEgxhmOB5dXcxRTKHJQ,time,7,6.5082,27,56894.93,52273,18194.87821857297,3.1269750023447624,likely,2.1804045009124473,15,12,none,0
drL2HoyAkSM,UCwMbSEgxhmOB5dXcxRTKHJQ,time,14,15.5082,27,64687.99,52273,19780,3.270373645914517,confirmed,1.5451074094353845,15,11,none,0
rlAfC7QjQec,UCsWLcxLC1B-MLCeIpYtPiMw,heldout,14,13.5485,29,26743.17,27247,32366.211688807838,0.8262680196085946,confirmed,,15,14,none,0
oSW-__CBzoU,UCyHGVG2E0yo1NidXwG_JrpA,time,0.5,0.5029,28,909.58,824,1473.4869705132062,0.6172979847973487,early,,15,10,none,0
oSW-__CBzoU,UCyHGVG2E0yo1NidXwG_JrpA,time,1,0.5029,28,909.58,824,1473.4869705132062,0.6172979847973487,early,,15,10,none,0
oSW-__CBzoU,UCyHGVG2E0yo1NidXwG_JrpA,time,2,1.5029,28,1398.76,824,1453.841541894817,0.9621115462223918,early,1.3520815374640665,15,10,none,0
oSW-__CBzoU,UCyHGVG2E0yo1NidXwG_JrpA,time,3,2.5029,28,1368.81,824,1415.8332758166532,0.9667902672697902,early,0.9370031614620382,15,10,none,0
oSW-__CBzoU,UCyHGVG2E0yo1NidXwG_JrpA,time,5,4.5029,28,1498.93,824,1364.1063202485755,1.098835974110071,likely,0.6973139293802002,15,10,none,0
oSW-__CBzoU,UCyHGVG2E0yo1NidXwG_JrpA,time,7,6.5029,28,1087.27,824,1334.7613275703295,0.8145766117326295,likely,0.5802161569334403,15,10,none,0
oSW-__CBzoU,UCyHGVG2E0yo1NidXwG_JrpA,time,14,13.5029,28,915.93,824,1263.792534873963,0.7247488252371491,confirmed,0.44986547409057936,15,7,none,0
yatLOwL7Ncc,UCfQgsKhHjSyRLOp9mnffqVg,heldout,5,6.8322,30,584852.59,602280,334148.98514799826,1.7502749211315196,likely,,15,12,none,0
yatLOwL7Ncc,UCfQgsKhHjSyRLOp9mnffqVg,heldout,7,6.8322,30,584852.59,602280,334148.98514799826,1.7502749211315196,likely,,15,12,none,0
9lgYN0cPEg8,UC6Oihk5E2X9kuvI4q4rWxtQ,time,14,14.5761,28,116493.09,116449,125433.24819695679,0.9287257514490977,confirmed,,15,14,none,0
l-whUD5pMpU,UCq_2n18CJaRVGxEfxtCfI-Q,time,3,3.4337,27,146484.54,146080,120872.94984679096,1.2118884944300805,likely,,15,15,none,0
l-whUD5pMpU,UCq_2n18CJaRVGxEfxtCfI-Q,time,5,5.4337,27,152254.14,146080,119284.76145492923,1.276392217219215,likely,0.4668847722005633,15,15,none,0
l-whUD5pMpU,UCq_2n18CJaRVGxEfxtCfI-Q,time,7,7.4337,27,149074.90,146080,117250.79513808645,1.2714191154232592,confirmed,0.3737408100586999,15,15,none,0
l-whUD5pMpU,UCq_2n18CJaRVGxEfxtCfI-Q,time,14,15.4337,27,147194.42,146080,112480,1.3086275232298339,confirmed,0.26934849981435693,15,14,none,0
Ntro6RYioLE,UCRte954rw0oeMWFroy_ClAw,heldout,1,1.8604,30,7797.78,23646,23013.254632591685,0.33883867547419105,early,,10,9,none,0
Ntro6RYioLE,UCRte954rw0oeMWFroy_ClAw,heldout,2,1.8604,30,7797.78,23646,23013.254632591685,0.33883867547419105,early,,10,9,none,0
Ntro6RYioLE,UCRte954rw0oeMWFroy_ClAw,heldout,3,2.8604,30,8178.40,23646,23036.89478676127,0.355013237163861,early,0.6182468780357254,10,9,none,0
Ntro6RYioLE,UCRte954rw0oeMWFroy_ClAw,heldout,5,4.8604,30,8147.69,23646,22931.304751929863,0.355308771072255,likely,0.4803889427822406,10,8,none,0
Ntro6RYioLE,UCRte954rw0oeMWFroy_ClAw,heldout,7,6.8604,30,8306.75,23646,22867.822280458167,0.36325046401255595,likely,0.44662758517544876,10,8,none,0
Ntro6RYioLE,UCRte954rw0oeMWFroy_ClAw,heldout,14,13.8604,30,13148.63,23646,22888.785213735107,0.5744574789703831,confirmed,0.5832221543967625,10,7,none,0
kcCj7bp9dIE,UCBXQM4wXOpzZPcjXMqecArA,heldout,1,1.9160,31,1240.09,8838,8095.004553626086,0.1531918123242532,early,,15,13,none,0
kcCj7bp9dIE,UCBXQM4wXOpzZPcjXMqecArA,heldout,2,1.9160,31,1240.09,8838,8095.004553626086,0.1531918123242532,early,,15,13,none,0
kcCj7bp9dIE,UCBXQM4wXOpzZPcjXMqecArA,heldout,3,2.9160,31,1942.76,8838,8053.797619028553,0.24122317948103772,early,1.0251732968642477,15,11,none,0
kcCj7bp9dIE,UCBXQM4wXOpzZPcjXMqecArA,heldout,5,5.9160,31,5364.26,8838,8019.811135921117,0.6688759956877767,likely,1.699495998171247,15,10,none,0
kcCj7bp9dIE,UCBXQM4wXOpzZPcjXMqecArA,heldout,7,6.9160,31,5687.37,8838,8020.25027683755,0.7091258909395067,likely,1.6596380255798755,15,10,none,0
kcCj7bp9dIE,UCBXQM4wXOpzZPcjXMqecArA,heldout,14,13.9160,31,8549.75,8838,8812.294950825726,0.9702074401032562,confirmed,1.294663644502873,15,7,none,0
G9WwukClfZo,UC_1mrs0pBzQdPqUSmbJEeNg,heldout,1,1.8766,30,17428.57,46953,47070.479088392414,0.37026546812519795,early,,10,9,none,0
G9WwukClfZo,UC_1mrs0pBzQdPqUSmbJEeNg,heldout,2,1.8766,30,17428.57,46953,47070.479088392414,0.37026546812519795,early,,10,9,none,0
G9WwukClfZo,UC_1mrs0pBzQdPqUSmbJEeNg,heldout,3,2.8766,30,12487.01,46953,47853.683601962155,0.2609413784462855,early,0.23943969935677117,10,8,none,0
G9WwukClfZo,UC_1mrs0pBzQdPqUSmbJEeNg,heldout,5,4.8766,30,21909.44,46953,48038.79046951647,0.45607813226924937,likely,0.5878678216479944,10,8,none,0
G9WwukClfZo,UC_1mrs0pBzQdPqUSmbJEeNg,heldout,7,6.8766,30,24388.01,46953,48038.79046951647,0.5076732792828078,likely,0.6406693639843691,10,8,none,0
G9WwukClfZo,UC_1mrs0pBzQdPqUSmbJEeNg,heldout,14,13.8766,30,31144.96,46953,48422.831464611074,0.6431875467915824,confirmed,0.5907300080305831,10,8,none,0
3udh47o3XTg,UCCZLVYAGIoGvaFUrTyyeaXA,time,5,6.9162,29,6031.96,5098,38839.14648170242,0.15530631132879105,likely,,3,3,none,0
3udh47o3XTg,UCCZLVYAGIoGvaFUrTyyeaXA,time,7,6.9162,29,6031.96,5098,38839.14648170242,0.15530631132879105,likely,,3,3,none,0
3udh47o3XTg,UCCZLVYAGIoGvaFUrTyyeaXA,time,14,13.9162,29,5155.52,5098,36053.176166424855,0.14299779550532102,confirmed,0.06422423128490964,3,3,none,0
fhjbxVgm208,UCso1B56GyEtnhn2OPENKXoQ,time,14,13.1738,27,101.93,94,168.63171753125798,0.6044496009091936,confirmed,,12,12,none,0
5rTwOt9Qgik,UCn8ujwUInbJkBhffxqAPBVQ,time,1,1.0321,27,16889.83,23957,50813.942380272994,0.3323857314708801,early,,10,10,none,0
5rTwOt9Qgik,UCn8ujwUInbJkBhffxqAPBVQ,time,2,2.0321,27,40755.38,23957,50819.329661243944,0.8019661712566903,early,2.1461310400926066,10,10,none,0
5rTwOt9Qgik,UCn8ujwUInbJkBhffxqAPBVQ,time,3,3.0321,27,37988.92,23957,51288.15257435081,0.7406957278934643,likely,1.3330802467347538,10,10,none,0
5rTwOt9Qgik,UCn8ujwUInbJkBhffxqAPBVQ,time,5,5.0321,27,34441.64,23957,51943.44061134639,0.6630604079627521,likely,0.8871313224731309,10,10,none,0
5rTwOt9Qgik,UCn8ujwUInbJkBhffxqAPBVQ,time,7,7.0321,27,31285.42,23957,52498.87602241621,0.5959256134526737,confirmed,0.7278409487843417,10,10,none,0
5rTwOt9Qgik,UCn8ujwUInbJkBhffxqAPBVQ,time,14,13.0321,27,27323.54,23957,54649.9024090566,0.499974196310598,confirmed,0.5799814019440125,10,10,none,0
LcLHUrURRGQ,UCnmGIkw-KdI0W5siakKPKog,heldout,1,0.8745,30,3215937.78,2814967,,,insufficient,,1,1,none,0
LcLHUrURRGQ,UCnmGIkw-KdI0W5siakKPKog,heldout,3,3.8745,30,2910142.42,2814967,2948584.784056068,0.9869624370187787,likely,0.4593680265305922,15,15,none,0
LcLHUrURRGQ,UCnmGIkw-KdI0W5siakKPKog,heldout,5,4.8745,30,3018480.96,2814967,2941661.4797186228,1.0261143180314787,likely,0.4261764000410058,15,15,none,0
LcLHUrURRGQ,UCnmGIkw-KdI0W5siakKPKog,heldout,7,5.8745,30,3135970.32,2814967,2932620.844047154,1.0693405269522633,likely,0.4040066438479539,15,15,none,0
LcLHUrURRGQ,UCnmGIkw-KdI0W5siakKPKog,heldout,14,13.8745,30,2917255.99,2814967,2909121.0497364304,1.0027963573130811,confirmed,0.3213159790030061,15,15,none,0
lKSk8hauUsA,UCO1SasMJdmlfrCS5pNJJFQA,time,1,1.0407,29,5468.31,23250,5090.975640610441,1.0741183425029925,early,2.251880212400205,15,12,none,0
lKSk8hauUsA,UCO1SasMJdmlfrCS5pNJJFQA,time,2,2.0407,29,7246.55,23250,5077.133148086308,1.427291038914376,early,1.6563592243168102,15,11,none,0
lKSk8hauUsA,UCO1SasMJdmlfrCS5pNJJFQA,time,3,3.0407,29,8986.09,23250,5015.3316553268505,1.7917238881483817,likely,1.559855915320061,15,11,none,0
lKSk8hauUsA,UCO1SasMJdmlfrCS5pNJJFQA,time,5,5.0407,29,13461.92,23250,4934.650540275732,2.728039690496666,likely,1.5182119242299756,15,11,none,0
lKSk8hauUsA,UCO1SasMJdmlfrCS5pNJJFQA,time,7,7.0407,29,23924.68,23250,4895.018068340084,4.887556860640583,confirmed,1.514964293264244,15,11,none,0
lKSk8hauUsA,UCO1SasMJdmlfrCS5pNJJFQA,time,14,14.0407,29,21227.97,23250,4726.932835536399,4.490855814151787,confirmed,1.3156170787873607,15,10,none,0
JPNjd7ZJvo8,UC_7aK9PpYTqt08ERh1MewlQ,time,1,0.9578,27,24453.77,20242,24624,0.9930866322091899,early,,15,9,none,0
JPNjd7ZJvo8,UC_7aK9PpYTqt08ERh1MewlQ,time,2,1.9578,27,25737.49,20242,24661.75693908414,1.0436194838080766,early,0.7361955369140988,15,8,none,0
JPNjd7ZJvo8,UC_7aK9PpYTqt08ERh1MewlQ,time,3,3.9578,27,26388.20,20242,24802.53635630713,1.0639316955964773,likely,0.5472846650400811,15,8,none,0
JPNjd7ZJvo8,UC_7aK9PpYTqt08ERh1MewlQ,time,5,4.9578,27,23650.35,20242,25022.64816391571,0.9451577757218002,likely,0.4998100743484063,15,8,none,0
JPNjd7ZJvo8,UC_7aK9PpYTqt08ERh1MewlQ,time,7,6.9578,27,23495.34,20242,25168.686846552835,0.9335148736396612,likely,0.42689957446621224,15,8,none,0
JPNjd7ZJvo8,UC_7aK9PpYTqt08ERh1MewlQ,time,14,14.9578,27,20888.59,20242,24630.511565042256,0.8480777642402725,confirmed,0.3142093427336207,15,7,none,0
BgM4zMJYfzw,UC7Hi_moNiYG88AgbyiJU9UQ,heldout,5,4.5680,30,5962.50,7049,14897.277987565167,0.40024122581661564,likely,,6,6,none,0
55cNdkFLO7Y,UC4wKN1tlnlNVMiRPOu7qyvQ,time,2,2.5833,29,1241.19,1903,2229.309836346984,0.5567610465982863,early,,15,15,none,0
55cNdkFLO7Y,UC4wKN1tlnlNVMiRPOu7qyvQ,time,3,2.5833,29,1241.19,1903,2229.309836346984,0.5567610465982863,early,,15,15,none,0
55cNdkFLO7Y,UC4wKN1tlnlNVMiRPOu7qyvQ,time,5,4.5833,29,1339.02,1903,2330.7962753910238,0.5744922695996865,likely,0.4759099508272012,15,15,none,0
55cNdkFLO7Y,UC4wKN1tlnlNVMiRPOu7qyvQ,time,7,6.5833,29,1353.59,1903,2363.4701212125356,0.572712442425712,likely,0.4128132577584704,15,15,none,0
55cNdkFLO7Y,UC4wKN1tlnlNVMiRPOu7qyvQ,time,14,13.5833,29,1557.39,1903,2300.599810563223,0.6769487438000197,confirmed,0.3785294776277429,15,15,none,0
5Uxx3qPjIOg,UCqLbTAc5Mn2cJDu1-FZ2W3g,time,1,1.0415,27,69798.97,49761,67408,1.0354701575507168,early,1.5282487541254475,15,11,none,0
5Uxx3qPjIOg,UCqLbTAc5Mn2cJDu1-FZ2W3g,time,2,2.0415,27,79018.16,49761,67408,1.1722371885991176,early,1.1334081454851066,15,10,none,0
5Uxx3qPjIOg,UCqLbTAc5Mn2cJDu1-FZ2W3g,time,3,3.0415,27,76784.74,49761,67408,1.1391042146970962,likely,0.9367506977877472,15,10,none,0
5Uxx3qPjIOg,UCqLbTAc5Mn2cJDu1-FZ2W3g,time,5,5.0415,27,75226.42,49761,67408,1.1159864765724832,likely,0.7713854469383369,15,10,none,0
5Uxx3qPjIOg,UCqLbTAc5Mn2cJDu1-FZ2W3g,time,7,7.0415,27,68536.21,49761,67408,1.0167370021221525,confirmed,0.6820932070315167,15,10,none,0
5Uxx3qPjIOg,UCqLbTAc5Mn2cJDu1-FZ2W3g,time,14,15.0415,27,58897.47,49761,67408,0.8737460646027785,confirmed,0.5447637065946962,15,8,none,0
RecYAjxdcEg,UC0cd_-e49hZpWLH3UIwoWRA,time,5,5.9161,28,7795.45,7223,,,insufficient,,1,1,none,0
RecYAjxdcEg,UC0cd_-e49hZpWLH3UIwoWRA,time,7,6.9161,28,7239.54,7223,,,insufficient,0.3197733739957174,1,1,none,0
RecYAjxdcEg,UC0cd_-e49hZpWLH3UIwoWRA,time,14,13.9161,28,7227.44,7223,,,insufficient,0.1928561733992365,1,1,none,0
CaRsHjDHr5Y,UCtiGeFDbY7iVDODlLKQ5onw,time,14,14.6555,29,211.61,247,362.74334276004504,0.5833718214924886,confirmed,,15,15,none,0
djnzs24h9bo,UCbtA3P0ji7FsvxDzyxmd-0Q,time,5,6.8095,29,3350.81,5048,,,insufficient,,0,0,none,0
djnzs24h9bo,UCbtA3P0ji7FsvxDzyxmd-0Q,time,7,6.8095,29,3350.81,5048,,,insufficient,,0,0,none,0
djnzs24h9bo,UCbtA3P0ji7FsvxDzyxmd-0Q,time,14,13.8095,29,4260.60,5048,,,insufficient,0.49068917082999425,0,0,none,0
5EsD-Q0OqIQ,UC5efErrEnb4krh7dwJdj3RA,time,14,14.9479,29,944.72,987,1597.7992125969274,0.5912644933435135,confirmed,0.35629695251132565,15,12,none,0
SI5YJfEsFvw,UC0gk8Jjvjf-HXFnAfCimsnQ,time,5,6.7103,29,39.02,39,,,insufficient,,0,0,none,0
SI5YJfEsFvw,UC0gk8Jjvjf-HXFnAfCimsnQ,time,7,6.7103,29,39.02,39,,,insufficient,,0,0,none,0
SI5YJfEsFvw,UC0gk8Jjvjf-HXFnAfCimsnQ,time,14,13.7103,29,38.04,39,,,insufficient,0.18786840994994872,0,0,none,0
Kw9OC2uaFs0,UCuK2Mf5As9OKfWU7XV6yzCg,time,1,0.8330,29,12921.58,11656,5267.000817978376,2.4533089873492226,early,,15,12,none,0
Kw9OC2uaFs0,UCuK2Mf5As9OKfWU7XV6yzCg,time,2,1.8330,29,21641.48,11656,5243.605388776106,4.127213986349448,early,1.3605989483858616,15,11,none,0
Kw9OC2uaFs0,UCuK2Mf5As9OKfWU7XV6yzCg,time,3,3.8330,29,17742.76,11656,5183.824343727544,3.422715760618362,likely,0.7510019860597746,15,11,none,0
Kw9OC2uaFs0,UCuK2Mf5As9OKfWU7XV6yzCg,time,5,4.8330,29,15964.34,11656,5156.646625328665,3.095875696491654,likely,0.6486085302916049,15,11,none,0
Kw9OC2uaFs0,UCuK2Mf5As9OKfWU7XV6yzCg,time,7,6.8330,29,15276.40,11656,5103.293851288679,2.9934400496699176,likely,0.5338006017689935,15,11,none,0
Kw9OC2uaFs0,UCuK2Mf5As9OKfWU7XV6yzCg,time,14,13.8330,29,12764.00,11656,4996.593836412211,2.5545399392753687,confirmed,0.395695213139707,15,10,none,0
-yPZYhydW9g,UCKmkpoEqg1sOMGEiIysP8Tw,time,5,5.8643,29,99922.61,73845,59163.986183390516,1.688909294214976,likely,,15,15,none,0
-yPZYhydW9g,UCKmkpoEqg1sOMGEiIysP8Tw,time,7,6.8643,29,80844.29,73845,58603.99610316592,1.3795013841317298,likely,0.004101290892917423,15,15,none,0
-yPZYhydW9g,UCKmkpoEqg1sOMGEiIysP8Tw,time,14,13.8643,29,76157.36,73845,60014.034309797426,1.2689924651569469,confirmed,0.004237701750607326,15,15,none,0
WKsmIp2ggNE,UCEx34P7EmFhvM5FlgKxa2cg,time,5,6.6245,29,16036.57,13616,,,insufficient,,0,0,none,0
WKsmIp2ggNE,UCEx34P7EmFhvM5FlgKxa2cg,time,7,6.6245,29,16036.57,13616,,,insufficient,,0,0,none,0
WKsmIp2ggNE,UCEx34P7EmFhvM5FlgKxa2cg,time,14,13.6245,29,13507.04,13616,,,insufficient,0.03996725680715844,0,0,none,0
1oHvbl9pP5E,UC_DDXSh__21IGWlL2-38clw,time,5,6.8333,27,25543.96,28013,,,insufficient,,0,0,none,0
1oHvbl9pP5E,UC_DDXSh__21IGWlL2-38clw,time,7,6.8333,27,25543.96,28013,,,insufficient,,0,0,none,0
1oHvbl9pP5E,UC_DDXSh__21IGWlL2-38clw,time,14,12.8333,27,26982.81,28013,,,insufficient,0.30291629381740404,0,0,none,0
KKj7tYu25s0,UCgBc9iNvvjWDInV6fBeTGXQ,time,5,5.5634,29,22974.34,24052,22554.374436156664,1.0186201405261315,likely,,15,15,none,0
KKj7tYu25s0,UCgBc9iNvvjWDInV6fBeTGXQ,time,7,6.5634,29,22756.02,24052,22554.374436156664,1.0089404849546257,likely,0.42199645980910677,15,15,none,0
KKj7tYu25s0,UCgBc9iNvvjWDInV6fBeTGXQ,time,14,13.5634,29,25719.12,24052,22553.267425682312,1.1403722136820948,confirmed,0.3310255592551695,15,15,none,0
mfIMmkLiP-Q,UCwSozl89jl2zUDzQ4jGJD3g,time,7,7.4460,27,131815.80,111669,27752.77956401762,4.749643058790692,confirmed,,8,8,none,0
mfIMmkLiP-Q,UCwSozl89jl2zUDzQ4jGJD3g,time,14,15.4460,27,112170.62,111669,26854.33445521734,4.17700256645326,confirmed,0.054484691351132694,15,13,none,0
7BBb7EP1SRY,UCq_2n18CJaRVGxEfxtCfI-Q,heldout,5,4.5178,28,114270.69,94699,118256.23427948795,0.966297391239163,likely,,15,15,none,0
7BBb7EP1SRY,UCq_2n18CJaRVGxEfxtCfI-Q,time,5,4.5178,28,114270.69,94699,118256.23427948795,0.966297391239163,likely,,15,15,none,0
7BBb7EP1SRY,UCq_2n18CJaRVGxEfxtCfI-Q,heldout,7,6.5178,28,97009.41,94699,116798.32791584081,0.8305719427344962,likely,0.15734705427683482,15,15,none,0
7BBb7EP1SRY,UCq_2n18CJaRVGxEfxtCfI-Q,time,7,6.5178,28,97009.41,94699,116798.32791584081,0.8305719427344962,likely,0.15734705427683482,15,15,none,0
7BBb7EP1SRY,UCq_2n18CJaRVGxEfxtCfI-Q,heldout,14,13.5178,28,95309.55,94699,113062.37429250973,0.842982014328861,confirmed,0.09657696372369177,15,13,none,0
7BBb7EP1SRY,UCq_2n18CJaRVGxEfxtCfI-Q,time,14,13.5178,28,95309.55,94699,113062.37429250973,0.842982014328861,confirmed,0.09657696372369177,15,13,none,0
2Fn5cwmern8,UCLMv-CaznZ3x7LDn-1fjmVA,time,5,7.0000,27,2604.37,2787,2603.0126107192805,1.0005209607979166,likely,,15,15,none,0
2Fn5cwmern8,UCLMv-CaznZ3x7LDn-1fjmVA,time,7,7.0000,27,2604.37,2787,2603.0126107192805,1.0005209607979166,likely,,15,15,none,0
2Fn5cwmern8,UCLMv-CaznZ3x7LDn-1fjmVA,time,14,15.0000,27,2849.60,2787,2815.965211818973,1.0119454207415624,confirmed,0.29929752462893916,15,13,none,0
QUIFZaKIB4M,UC1jY1bsRgYKlQ08IVIzwhVw,heldout,7,8.0196,31,34348.97,33699,,,insufficient,,0,0,none,0
QUIFZaKIB4M,UC1jY1bsRgYKlQ08IVIzwhVw,heldout,14,14.0196,31,34649.65,33699,,,insufficient,0.24744261614307245,0,0,none,0
2ezqMROXaqs,UC8qhCPBiqf3qje6CdDBjdgQ,time,5,5.0719,27,328.40,350,,,insufficient,0.11699238649176086,0,0,none,0
2ezqMROXaqs,UC8qhCPBiqf3qje6CdDBjdgQ,time,7,7.0719,27,330.96,350,,,insufficient,0.14032095162727634,0,0,none,0
2ezqMROXaqs,UC8qhCPBiqf3qje6CdDBjdgQ,time,14,15.0719,27,330.55,350,,,insufficient,0.10960548233780264,0,0,none,0
bC3FBWE1oMU,UCsLt8oYvDYGpSHcGhRBBkyw,time,14,15.1611,27,6984.41,5507,3006.9078813382985,2.3227892144986204,confirmed,1.2342642005775522,15,15,none,0
sZXnZ0uyikQ,UCsilEv_20FmmBr5CDzmTMgg,time,1,0.8539,29,15059.72,11369,37933.442317373134,0.3970038278657714,early,,15,9,none,0
sZXnZ0uyikQ,UCsilEv_20FmmBr5CDzmTMgg,time,2,1.8539,29,15791.95,11369,37803.70383650568,0.4177356021349661,early,0.7267445343702178,15,9,none,0
sZXnZ0uyikQ,UCsilEv_20FmmBr5CDzmTMgg,time,3,2.8539,29,13625.24,11369,37707.99642779704,0.361335514149414,early,0.5271996318361853,15,8,none,0
sZXnZ0uyikQ,UCsilEv_20FmmBr5CDzmTMgg,time,5,4.8539,29,11483.69,11369,37466.23928975648,0.30650772944333354,likely,0.3910446811518644,15,8,none,0
sZXnZ0uyikQ,UCsilEv_20FmmBr5CDzmTMgg,time,7,6.8539,29,13118.02,11369,37242.494068535954,0.35223256385466856,likely,0.352849595183656,15,8,none,0
sZXnZ0uyikQ,UCsilEv_20FmmBr5CDzmTMgg,time,14,13.8539,29,11704.43,11369,37054,0.31587483274175254,confirmed,0.29381966214203553,15,7,none,0
PAikDF8fksE,UCnmGIkw-KdI0W5siakKPKog,heldout,1,0.8745,29,3896610.39,3249831,3239735.665153158,1.2027556543699307,early,,6,6,none,0
PAikDF8fksE,UCnmGIkw-KdI0W5siakKPKog,heldout,7,8.8745,29,3408635.08,3249831,3171021.761915737,1.0749327308610512,confirmed,0.3320492666315341,15,15,none,0
PAikDF8fksE,UCnmGIkw-KdI0W5siakKPKog,heldout,14,14.8745,29,3393310.95,3249831,3182954.754775196,1.0660883411086506,confirmed,0.29241638621176086,15,15,none,0
cD9lXJF81eo,UCOYiZJJ25t0ZAH7Y_pKPC0w,heldout,5,5.9574,28,3330.03,3490,24158.461338183886,0.13784107735673956,likely,,8,8,none,0
cD9lXJF81eo,UCOYiZJJ25t0ZAH7Y_pKPC0w,time,5,5.9574,28,3330.03,3490,24158.461338183886,0.13784107735673956,likely,,8,8,none,0
cD9lXJF81eo,UCOYiZJJ25t0ZAH7Y_pKPC0w,heldout,7,6.9574,28,2749.90,3490,24158.461338183886,0.11382743410836547,likely,0.15645182075990058,8,8,none,0
cD9lXJF81eo,UCOYiZJJ25t0ZAH7Y_pKPC0w,time,7,6.9574,28,2749.90,3490,24158.461338183886,0.11382743410836547,likely,0.15645182075990058,8,8,none,0
cD9lXJF81eo,UCOYiZJJ25t0ZAH7Y_pKPC0w,heldout,14,12.9574,28,3071.85,3490,33394.07803591244,0.09198795525167341,confirmed,0.20566211813395938,8,7,none,0
cD9lXJF81eo,UCOYiZJJ25t0ZAH7Y_pKPC0w,time,14,12.9574,28,3071.85,3490,33394.07803591244,0.09198795525167341,confirmed,0.20566211813395938,8,7,none,0
9ZsAWvf29qo,UCeKKrZ5GnBXRwnKlrixiREQ,time,5,6.4445,29,123657.79,107525,,,insufficient,,0,0,none,0
9ZsAWvf29qo,UCeKKrZ5GnBXRwnKlrixiREQ,time,7,7.4445,29,110381.76,107525,,,insufficient,0.17200408805883008,0,0,none,0
9ZsAWvf29qo,UCeKKrZ5GnBXRwnKlrixiREQ,time,14,13.4445,29,107848.70,107525,,,insufficient,0.0918827882102769,0,0,none,0
RS61P0tsIts,UCfQgsKhHjSyRLOp9mnffqVg,heldout,1,1.8328,30,1093791.65,893913,534920.9581460049,2.044772476906585,early,,15,15,none,0
RS61P0tsIts,UCfQgsKhHjSyRLOp9mnffqVg,heldout,2,1.8328,30,1093791.65,893913,534920.9581460049,2.044772476906585,early,,15,15,none,0
RS61P0tsIts,UCfQgsKhHjSyRLOp9mnffqVg,heldout,3,2.8328,30,896312.19,893913,535524.1400715926,1.6737101578255515,early,0.2986617461989453,15,15,none,0
RS61P0tsIts,UCfQgsKhHjSyRLOp9mnffqVg,heldout,5,4.8328,30,907254.19,893913,537416.9572836877,1.6881755925756288,likely,0.25689641380538314,15,13,none,0
RS61P0tsIts,UCfQgsKhHjSyRLOp9mnffqVg,heldout,7,7.8328,30,784669.61,893913,539516.8694844688,1.454393100707894,confirmed,0.2167063438589566,15,10,none,0
RS61P0tsIts,UCfQgsKhHjSyRLOp9mnffqVg,heldout,14,13.8328,30,888269.71,893913,545317,1.6289052226751848,confirmed,0.18838958034153877,15,7,none,0
YsQ3hsMVrK4,UCOCsRROSlsrA31YJgCah32A,heldout,14,12.5828,31,21030.69,37866,13477.05741320955,1.5604807721236915,confirmed,,13,10,none,0
KLjXWukMylk,UC1lfnF3avRvtFm_wajLLhyg,time,1,0.7618,28,22552.49,17072,22370.603144342418,1.0081306100609024,early,,15,10,none,0
KLjXWukMylk,UC1lfnF3avRvtFm_wajLLhyg,time,2,1.7618,28,19714.68,17072,22181.19752244796,0.8888013768927846,early,0.6498449798182215,15,9,none,0
KLjXWukMylk,UC1lfnF3avRvtFm_wajLLhyg,time,3,2.7618,28,18005.81,17072,21995.082606804022,0.8186287465350675,early,0.5522592448849961,15,9,none,0
KLjXWukMylk,UC1lfnF3avRvtFm_wajLLhyg,time,5,4.7618,28,17168.40,17072,21652.36425336026,0.7929110824079851,likely,0.42215621036393797,15,8,none,0
KLjXWukMylk,UC1lfnF3avRvtFm_wajLLhyg,time,7,6.7618,28,17789.94,17072,21517.833037931596,0.82675330737984,likely,0.38432018461623607,15,7,none,0
KLjXWukMylk,UC1lfnF3avRvtFm_wajLLhyg,time,14,13.7618,28,17475.75,17072,20911.633385779955,0.8356951668938667,confirmed,0.3069304759128464,15,5,none,0
KqKvhLW9hAs,UCSJeAFuGa9hxO821P7rylFg,heldout,14,13.9270,29,9781.90,9747,1434.540013933899,6.81883813614878,confirmed,,15,15,none,0
eJubwlD0ujo,UCO2x-p9gg9TLKneXlibGR7w,time,1,0.8741,28,316945.95,326943,254624.97827610373,1.2447559412841576,early,,10,8,none,0
eJubwlD0ujo,UCO2x-p9gg9TLKneXlibGR7w,time,2,1.8741,28,397338.66,326943,254963.07708479327,1.558416462012483,early,0.8118022923680186,10,7,none,0
eJubwlD0ujo,UCO2x-p9gg9TLKneXlibGR7w,time,3,2.8741,28,429061.74,326943,256431.8889278206,1.6731996191536036,early,0.6376726081561381,10,7,none,0
eJubwlD0ujo,UCO2x-p9gg9TLKneXlibGR7w,time,5,4.8741,28,325420.33,326943,256431.8889278206,1.2690322107234036,likely,0.5046826276391309,10,6,none,0
eJubwlD0ujo,UCO2x-p9gg9TLKneXlibGR7w,time,7,6.8741,28,358658.60,326943,256431.8889278206,1.3986505238441282,likely,0.4754661655963303,10,6,none,0
eJubwlD0ujo,UCO2x-p9gg9TLKneXlibGR7w,time,14,13.8741,28,358265.96,326943,258926.59425367907,1.3836584197722674,confirmed,0.3902054598872732,10,6,none,0
f9v50uNJkZ0,UCrtPXCqjm9c7nqgJL-vBSZg,heldout,5,5.0886,27,931.74,1521,6870.768918212605,0.13560885366183734,likely,0.31722043313186626,15,13,none,0
f9v50uNJkZ0,UCrtPXCqjm9c7nqgJL-vBSZg,time,5,5.0886,27,931.74,1521,6870.768918212605,0.13560885366183734,likely,0.31722043313186626,15,13,none,0
f9v50uNJkZ0,UCrtPXCqjm9c7nqgJL-vBSZg,heldout,7,7.0886,27,1050.40,1521,6948,0.15117947832796405,confirmed,0.41539911032396937,15,12,none,0
f9v50uNJkZ0,UCrtPXCqjm9c7nqgJL-vBSZg,time,7,7.0886,27,1050.40,1521,6948,0.15117947832796405,confirmed,0.41539911032396937,15,12,none,0
f9v50uNJkZ0,UCrtPXCqjm9c7nqgJL-vBSZg,heldout,14,13.0886,27,1208.96,1521,6948,0.1740016515767437,confirmed,0.40721677058506006,15,9,none,0
f9v50uNJkZ0,UCrtPXCqjm9c7nqgJL-vBSZg,time,14,13.0886,27,1208.96,1521,6948,0.1740016515767437,confirmed,0.40721677058506006,15,9,none,0
-8wBUYMP3Hs,UCUpbDOT-OVNBlaQpb9pbd2w,heldout,5,6.6954,30,56038.61,57247,16946.34843981415,3.306825223289343,likely,,15,15,none,0
-8wBUYMP3Hs,UCUpbDOT-OVNBlaQpb9pbd2w,heldout,7,6.6954,30,56038.61,57247,16946.34843981415,3.306825223289343,likely,,15,15,none,0
-8wBUYMP3Hs,UCUpbDOT-OVNBlaQpb9pbd2w,heldout,14,13.6954,30,54419.41,57247,15355.8034416202,3.54389843479047,confirmed,0.1814566450725109,15,15,none,0
h90hvDOpPn4,UC8mv1jxVbta9thZUP1uHeug,time,5,5.5758,27,390.25,420,,,insufficient,,2,2,none,0
h90hvDOpPn4,UC8mv1jxVbta9thZUP1uHeug,time,7,6.5758,27,323.26,420,,,insufficient,0.17022607872920253,2,2,none,0
h90hvDOpPn4,UC8mv1jxVbta9thZUP1uHeug,time,14,12.5758,27,445.47,420,,,insufficient,0.3908416220201675,2,2,none,0
rdlM8qh_4mA,UC1226ElkVkwZyh74jipyw1Q,time,5,6.9571,30,100.70,112,,,insufficient,,0,0,none,0
rdlM8qh_4mA,UC1226ElkVkwZyh74jipyw1Q,time,7,6.9571,30,100.70,112,,,insufficient,,0,0,none,0
rdlM8qh_4mA,UC1226ElkVkwZyh74jipyw1Q,time,14,13.9571,30,104.09,112,,,insufficient,0.23857971724563273,0,0,none,0
OIU8pKY9j5A,UCFWjEwhX6cSAKBQ28pufG3w,time,14,13.9551,30,75912.15,81082,14614,5.194481285395201,confirmed,0.42272122251592925,15,11,none,0
TBWsUPEDlvk,UCfzP_CiebRdveD9rRZv5Ndw,time,1,0.9161,27,24953.07,19411,21134.196872414108,1.1806962319481709,early,,15,15,none,0
TBWsUPEDlvk,UCfzP_CiebRdveD9rRZv5Ndw,time,2,1.9161,27,22391.72,19411,21160.510316475036,1.0581845350491652,early,0.5229466992082309,15,15,none,0
TBWsUPEDlvk,UCfzP_CiebRdveD9rRZv5Ndw,time,3,2.9161,27,19728.72,19411,21464.48341611558,0.919133035568819,early,0.4252852634090344,15,15,none,0
TBWsUPEDlvk,UCfzP_CiebRdveD9rRZv5Ndw,time,5,4.9161,27,19968.56,19411,21858.45053530516,0.913539430407487,likely,0.35408428822270765,15,15,none,0
TBWsUPEDlvk,UCfzP_CiebRdveD9rRZv5Ndw,time,7,7.9161,27,20553.96,19411,21591.39603225697,0.9519514084732251,confirmed,0.3197202106615467,15,15,none,0
TBWsUPEDlvk,UCfzP_CiebRdveD9rRZv5Ndw,time,14,15.9161,27,19932.96,19411,21637.606285795344,0.9212185130800841,confirmed,0.2600297534561507,15,12,none,0
0OyZqtutPtY,UC1CL9_o8c7sXfiMWJuTLp-Q,time,5,5.4827,27,1953.96,1681,,,insufficient,,0,0,none,0
0OyZqtutPtY,UC1CL9_o8c7sXfiMWJuTLp-Q,time,7,7.4827,27,1644.88,1681,,,insufficient,0.14964041315432672,0,0,none,0
0OyZqtutPtY,UC1CL9_o8c7sXfiMWJuTLp-Q,time,14,13.4827,27,1646.55,1681,,,insufficient,0.12899510722201896,0,0,none,0
g8aK5P-FtZE,UCAv4LHSCXRoegzvAbwbZGoA,time,5,4.9159,27,2153.84,2411,,,insufficient,,0,0,none,0
g8aK5P-FtZE,UCAv4LHSCXRoegzvAbwbZGoA,time,7,6.9159,27,2221.31,2411,,,insufficient,0.344171977574471,0,0,none,0
g8aK5P-FtZE,UCAv4LHSCXRoegzvAbwbZGoA,time,14,15.9159,27,2418.69,2411,,,insufficient,0.2956532504489649,0,0,none,0
EmloRnMIZdw,UCgJCa5JyZUFkw2evyuvLbJA,heldout,1,0.8370,31,6586.64,17988,11897.831654625717,0.5536001315432001,early,,14,12,none,0
EmloRnMIZdw,UCgJCa5JyZUFkw2evyuvLbJA,heldout,14,15.8370,31,18920.97,17988,12325.47310576852,1.535111286494558,confirmed,0.8095770334226832,15,13,none,0
-lgYGnMDinA,UCzH5n3Ih5kgQoiDAQt2FwLw,heldout,5,6.8266,29,166659.46,165835,355638.6942374193,0.4686201417133707,likely,,10,9,none,0
-lgYGnMDinA,UCzH5n3Ih5kgQoiDAQt2FwLw,heldout,7,6.8266,29,166659.46,165835,355638.6942374193,0.4686201417133707,likely,,10,9,none,0
-lgYGnMDinA,UCzH5n3Ih5kgQoiDAQt2FwLw,heldout,14,13.8266,29,160982.05,165835,361926.74597056763,0.44479180894682874,confirmed,0.17537541880090887,10,9,none,0
B1o1D1J0uEM,UC58njGoJSZKIthLSbQIS-1g,time,5,5.9581,28,97.90,92,,,insufficient,,1,1,none,0
B1o1D1J0uEM,UC58njGoJSZKIthLSbQIS-1g,time,7,6.9581,28,96.41,92,,,insufficient,0.40263211536960475,1,1,none,0
B1o1D1J0uEM,UC58njGoJSZKIthLSbQIS-1g,time,14,13.9581,28,96.26,92,,,insufficient,0.23215705334498044,1,1,none,0
mRv0WbPMJdU,UCGwAh9NT7iHZlw4zrBueyIw,heldout,14,13.9369,30,210384.44,331877,5558,37.85254489743785,confirmed,,15,9,none,0
kvw13R5Z5kQ,UC9KBMJwxMFC-7G6prUCpFhg,time,14,12.9157,27,33326.00,32942,72765.9207062134,0.45798914581677114,confirmed,0.32959391030709795,10,10,none,0
IQ4oQw0UfC4,UCbQUXtMwQM9QWQ15yDDN1BA,time,5,5.0412,27,5717.99,6553,6742.670700138555,0.8480307331277301,likely,0.7470966177204172,15,14,none,0
IQ4oQw0UfC4,UCbQUXtMwQM9QWQ15yDDN1BA,time,7,7.0412,27,5975.52,6553,6854.352515631373,0.8717840977810246,confirmed,0.637041772004671,15,14,none,0
IQ4oQw0UfC4,UCbQUXtMwQM9QWQ15yDDN1BA,time,14,12.0412,27,6036.63,6553,6930.104549831225,0.8710738575587793,confirmed,0.4925035948806169,15,13,none,0
00J0Hso1lUg,UCsLt8oYvDYGpSHcGhRBBkyw,heldout,14,14.2854,28,16154.30,13366,2613.209498219954,6.181786993439315,confirmed,0.802191777219168,15,15,none,0
RtiPa7UBzek,UCFKE7WVJfvaHW5q283SxchA,time,14,13.9161,29,244159.05,252545,325963.2921933721,0.7490384746053649,confirmed,0.1958247431445207,10,10,none,0
Fxp9-97auQ0,UCAGgFGwq4HZKLZ4gXo9xLiw,time,5,6.0307,29,1651.49,1380,3524.7413226748595,0.46854203334482075,likely,,4,4,none,0
Fxp9-97auQ0,UCAGgFGwq4HZKLZ4gXo9xLiw,time,7,7.0307,29,1476.65,1380,3476.649629100856,0.4247345715166565,confirmed,0.17560783118244175,4,4,none,0
Fxp9-97auQ0,UCAGgFGwq4HZKLZ4gXo9xLiw,time,14,14.0307,29,1421.36,1380,3192.823921722207,0.4451729508811367,confirmed,0.06268439000427038,4,4,none,0
votoW03Y8eU,UC_2su4ftsi4r6aGkAQ8MyVQ,time,5,6.0317,28,130.91,118,,,insufficient,,1,1,none,0
votoW03Y8eU,UC_2su4ftsi4r6aGkAQ8MyVQ,time,7,6.0317,28,130.91,118,,,insufficient,,1,1,none,0
votoW03Y8eU,UC_2su4ftsi4r6aGkAQ8MyVQ,time,14,13.0317,28,111.56,118,,,insufficient,0.05462569688458449,1,1,none,0
xohCD96GmcQ,UCD4NnnbISbr4dvmmzQxC2bA,time,5,5.8319,28,36990.65,45023,,,insufficient,,1,1,none,0
xohCD96GmcQ,UCD4NnnbISbr4dvmmzQxC2bA,time,7,6.8319,28,40251.34,45023,,,insufficient,0.5488490129811764,1,1,none,0
xohCD96GmcQ,UCD4NnnbISbr4dvmmzQxC2bA,time,14,12.8319,28,41821.48,45023,,,insufficient,0.38804556244222005,1,1,none,0
ngE3q-fnz1I,UC3w193M5tYPJqF0Hi-7U-2g,time,14,13.0822,28,183198.09,184295,285502.10775742517,0.6416698429247083,confirmed,0.18655655926307504,15,11,none,0
kG86csxVVAE,UCPAt6z5uX_c5Eo_cSNROzYw,time,14,13.5460,27,1337.69,1300,10446.150090037161,0.12805566919952782,confirmed,0.0048064067289848526,15,15,none,0
I5f-PqC43UU,UCE_--R1P5-kfBzHTca0dsnw,time,14,12.8330,27,453189.08,477484,430507.5287364215,1.0526856034903889,confirmed,,14,14,none,0
tNeSpSkidyc,UCfuz9Iw2mqdDIYQxCABWAnw,time,5,4.0681,27,133.26,155,,,insufficient,,0,0,none,0
tNeSpSkidyc,UCfuz9Iw2mqdDIYQxCABWAnw,time,7,7.0681,27,111.05,155,,,insufficient,0.06485242759640664,0,0,none,0
tNeSpSkidyc,UCfuz9Iw2mqdDIYQxCABWAnw,time,14,15.0681,27,142.14,155,,,insufficient,0.22465362733357203,0,0,none,0
GdvrTH_SHxA,UCFNWnGcWFs8d_RjlLLXdh_A,heldout,3,3.8747,28,20551.81,35375,14852.776616258447,1.3837014131898184,likely,,10,10,none,0
GdvrTH_SHxA,UCFNWnGcWFs8d_RjlLLXdh_A,heldout,5,4.8747,28,22561.43,35375,14852.776616258447,1.51900391225631,likely,0.6376023379176881,10,9,none,0
GdvrTH_SHxA,UCFNWnGcWFs8d_RjlLLXdh_A,heldout,7,6.8747,28,21760.86,35375,14852.776616258447,1.46510356047488,likely,0.6212453276941451,10,9,none,0
GdvrTH_SHxA,UCFNWnGcWFs8d_RjlLLXdh_A,heldout,14,13.8747,28,30223.16,35375,14970.085305816961,2.018903756035187,confirmed,0.5470849011337489,10,9,none,0
v3AgDM0Oeok,UCS7BAYpqOSaYy-pZp6oO4PA,time,14,13.8945,29,13862.38,13571,13498.712156413187,1.0269409743341624,confirmed,0.011457514983478245,15,15,none,0
TW6qwQfY7_k,UC5lBPQsMMJEE5PTJMzf_sug,heldout,5,4.0638,31,2605.28,2689,5048.253649921707,0.5160757839842083,likely,,15,14,none,0
F7Y-94Q6Vtc,UCboCCtnsCslt0ZT9W47thcA,time,5,6.7777,29,697.35,679,,,insufficient,,0,0,none,0
F7Y-94Q6Vtc,UCboCCtnsCslt0ZT9W47thcA,time,7,6.7777,29,697.35,679,,,insufficient,,0,0,none,0
F7Y-94Q6Vtc,UCboCCtnsCslt0ZT9W47thcA,time,14,13.7777,29,669.59,679,,,insufficient,0.16527299136165458,0,0,none,0
r_Vv6aliR7E,UCUpbDOT-OVNBlaQpb9pbd2w,time,5,5.4686,27,10009.35,8914,30822.150413199226,0.3247454416603314,likely,0.04494102660283735,15,15,none,0
r_Vv6aliR7E,UCUpbDOT-OVNBlaQpb9pbd2w,time,7,7.4686,27,9701.05,8914,29295.988691393122,0.33113923774882004,confirmed,0.028949042727549102,15,15,none,0
r_Vv6aliR7E,UCUpbDOT-OVNBlaQpb9pbd2w,time,14,13.4686,27,9173.76,8914,26668.10125878783,0.34399733472390587,confirmed,0.019746872723911818,15,15,none,0
O_MY-4kIxwo,UCnjOBqS_4w-AsjyDr4bQEUg,time,1,0.9162,29,1697.14,3370,9617,0.17647339065071188,early,,15,8,none,0
O_MY-4kIxwo,UCnjOBqS_4w-AsjyDr4bQEUg,time,2,1.9162,29,1382.15,3370,9617,0.14371964831394596,early,0.47755790744591015,15,8,none,0
O_MY-4kIxwo,UCnjOBqS_4w-AsjyDr4bQEUg,time,3,2.9162,29,1375.18,3370,9617,0.14299516244145236,early,0.45967286717037514,15,7,none,0
O_MY-4kIxwo,UCnjOBqS_4w-AsjyDr4bQEUg,time,5,4.9162,29,1939.75,3370,9617,0.2017006057380409,likely,0.4976571473193282,15,7,none,0
O_MY-4kIxwo,UCnjOBqS_4w-AsjyDr4bQEUg,time,7,6.9162,29,2540.62,3370,9617,0.26417986940882815,likely,0.5646442854225616,15,6,none,0
O_MY-4kIxwo,UCnjOBqS_4w-AsjyDr4bQEUg,time,14,13.9162,29,3172.86,3370,9617,0.32992153120643425,confirmed,0.5688757335018597,15,4,none,0
MB5zIxsVf0w,UCSCydFbXzl_kheTt4XbRLhg,heldout,5,6.9162,30,1067.43,995,2178.251403274735,0.49003807222788265,likely,,15,11,none,0
MB5zIxsVf0w,UCSCydFbXzl_kheTt4XbRLhg,heldout,7,6.9162,30,1067.43,995,2178.251403274735,0.49003807222788265,likely,,15,11,none,0
MB5zIxsVf0w,UCSCydFbXzl_kheTt4XbRLhg,heldout,14,13.9162,30,1025.55,995,2212.172751381011,0.4635923026955155,confirmed,0.18094253556056622,15,9,none,0
cqmPjO-iHLo,UCR-DXc1voovS8nhAvccRZhg,heldout,14,12.9159,30,193251.09,204644,255131.6035321574,0.7574564905223092,confirmed,0.06625003190683415,15,14,none,0
Dv1rzmU_fdw,UC41S9MSkeQ1TWo1URYLeRuw,heldout,5,4.5899,30,3926.96,3388,9518.893020297448,0.41254363140654043,likely,,14,14,none,0
Dv1rzmU_fdw,UC41S9MSkeQ1TWo1URYLeRuw,heldout,7,7.5899,30,3365.63,3388,9481.259105161209,0.354976693061596,confirmed,0.13541438993936228,14,14,none,0
Dv1rzmU_fdw,UC41S9MSkeQ1TWo1URYLeRuw,heldout,14,13.5899,30,3222.32,3388,9171.843040391712,0.35132735741579607,confirmed,0.09875614062579988,14,12,none,0
HvKOs2PsmNI,UCJS9pqu9BzkAMNTmzNMNhvg,time,14,13.8102,27,1936.66,1875,2487,0.7787125504164112,confirmed,,15,11,none,0
KSVCqyh_W-w,UCMmfUj8CcXeqpqWkund3ELg,time,5,5.8329,27,62734.80,91898,55936.862092861724,1.1215287108137044,likely,,15,13,none,0
KSVCqyh_W-w,UCMmfUj8CcXeqpqWkund3ELg,time,7,6.8329,27,68531.05,91898,56767.12627270464,1.2072312743792046,likely,0.5774229078259431,15,13,none,0
KSVCqyh_W-w,UCMmfUj8CcXeqpqWkund3ELg,time,14,12.8329,27,74629.53,91898,56468.01173949723,1.3216248187288175,confirmed,0.46021819035978095,15,9,none,0
bgyAfecwuGY,UCq_2n18CJaRVGxEfxtCfI-Q,time,5,5.7707,29,174774.14,132138,82518.44659680026,2.1180008177067706,likely,,15,15,none,0
bgyAfecwuGY,UCq_2n18CJaRVGxEfxtCfI-Q,time,7,6.7707,29,142108.36,132138,82131.08275088496,1.7302628676145566,likely,0.04010055201285231,15,15,none,0
bgyAfecwuGY,UCq_2n18CJaRVGxEfxtCfI-Q,time,14,13.7707,29,135162.34,132138,80728,1.6742932172877536,confirmed,0.022884018995626396,15,12,none,0
cNjQrPiLMbw,UCnBTvMFhuvbE_dhw2mo0NaQ,time,14,13.9575,29,15856.37,15256,17463.617684721285,0.9079661422698626,confirmed,0.26768976891002644,15,14,none,0
f24r-FG39wA,UCcilAnkcu67nJwNlgqVKdXw,time,14,15.4522,27,6746.29,7051,8998,0.7497543566652906,confirmed,0.10047440629776427,15,9,none,0
STAUQ68Lui4,UC6BW8DqrAmBEIeCtMa4bfBw,time,14,14.3850,29,2521.64,2437,3985.564492658703,0.632694337811373,confirmed,,15,15,none,0
VW1VDN0dYLE,UCglNXzBo6bmKc9otKf-OuGQ,time,14,13.7079,28,22284.14,22046,6352.1916631477025,3.508102330105469,confirmed,0.04390671689144198,15,15,none,0
MHoK2X2q3jE,UCnHjOLBTYCC1cbJNW6jVzhg,time,5,5.6247,28,38135.56,34070,15307.602102700459,2.491282108033303,likely,,15,14,none,0
MHoK2X2q3jE,UCnHjOLBTYCC1cbJNW6jVzhg,time,7,6.6247,28,31814.57,34070,15307.602102700459,2.0783507697492096,likely,0.22196583425588348,15,13,none,0
MHoK2X2q3jE,UCnHjOLBTYCC1cbJNW6jVzhg,time,14,13.6247,28,34831.73,34070,15210.368714981501,2.289998756983231,confirmed,0.1682815252662544,15,11,none,0
-as-rFACUM4,UCmW0I6tx3Co4B6T2euHj6iw,time,14,13.9174,28,2987.33,2895,3207.7676944639106,0.9312807730184616,confirmed,0.3619805115523876,10,9,none,0
QF80WBMDOns,UCh39IWu1XUSScEOuXCJ3J1A,heldout,1,1.2035,27,5889.11,2444,1622.1390515329413,3.630456982900269,early,0.10981702270447634,9,7,none,0
QF80WBMDOns,UCh39IWu1XUSScEOuXCJ3J1A,time,1,1.2035,27,5889.11,2444,1622.1390515329413,3.630456982900269,early,0.10981702270447634,9,7,none,0
QF80WBMDOns,UCh39IWu1XUSScEOuXCJ3J1A,heldout,2,2.2035,27,3216.53,2444,3138.0695257664706,1.0250032843958108,early,0.09441120994275948,10,8,none,0
QF80WBMDOns,UCh39IWu1XUSScEOuXCJ3J1A,time,2,2.2035,27,3216.53,2444,3138.0695257664706,1.0250032843958108,early,0.09441120994275948,10,8,none,0
QF80WBMDOns,UCh39IWu1XUSScEOuXCJ3J1A,heldout,3,3.2035,27,2813.57,2444,2986.330279814277,0.9421493173438251,likely,0.08641051242460905,10,8,none,0
QF80WBMDOns,UCh39IWu1XUSScEOuXCJ3J1A,time,3,3.2035,27,2813.57,2444,2986.330279814277,0.9421493173438251,likely,0.08641051242460905,10,8,none,0
QF80WBMDOns,UCh39IWu1XUSScEOuXCJ3J1A,heldout,5,4.2035,27,2613.52,2444,2834.0785381963483,0.9221745972829275,likely,0.08493075960387104,10,8,none,0
QF80WBMDOns,UCh39IWu1XUSScEOuXCJ3J1A,time,5,4.2035,27,2613.52,2444,2834.0785381963483,0.9221745972829275,likely,0.08493075960387104,10,8,none,0
QF80WBMDOns,UCh39IWu1XUSScEOuXCJ3J1A,heldout,7,7.2035,27,2614.65,2444,2625.028937483968,0.996048027635162,confirmed,0.08397824390268253,10,8,none,0
QF80WBMDOns,UCh39IWu1XUSScEOuXCJ3J1A,time,7,7.2035,27,2614.65,2444,2625.028937483968,0.996048027635162,confirmed,0.08397824390268253,10,8,none,0
QF80WBMDOns,UCh39IWu1XUSScEOuXCJ3J1A,heldout,14,15.2035,27,2482.25,2444,2423.479080972769,1.0242508858438628,confirmed,0.06824990090040245,10,8,none,0
QF80WBMDOns,UCh39IWu1XUSScEOuXCJ3J1A,time,14,15.2035,27,2482.25,2444,2423.479080972769,1.0242508858438628,confirmed,0.06824990090040245,10,8,none,0
7k4tQoOSd-8,UCIcCXe3iWo6lq-iWKV40Oug,heldout,14,12.8315,30,18812.62,20029,12737.569776027614,1.476939280298342,confirmed,,15,14,none,0
qCpYiNuintI,UC_wSuaxwUYsJOBZDWwHIQZg,time,1,1.2152,28,54543.87,31659,59218,0.9210691833303479,early,0.4437705499247436,15,8,none,0
qCpYiNuintI,UC_wSuaxwUYsJOBZDWwHIQZg,time,2,2.2152,28,40288.77,31659,59218,0.6803466315684008,early,0.379625931797562,15,8,none,0
qCpYiNuintI,UC_wSuaxwUYsJOBZDWwHIQZg,time,3,3.2152,28,36736.47,31659,59218,0.6203598714235602,likely,0.32974934880041273,15,7,none,0
qCpYiNuintI,UC_wSuaxwUYsJOBZDWwHIQZg,time,5,5.2152,28,35739.79,31659,59218,0.6035290871672628,likely,0.28536640919317746,15,7,none,0
qCpYiNuintI,UC_wSuaxwUYsJOBZDWwHIQZg,time,7,7.2152,28,34960.48,31659,59218,0.5903691049536288,confirmed,0.26540227242704145,15,7,none,0
qCpYiNuintI,UC_wSuaxwUYsJOBZDWwHIQZg,time,14,13.2152,28,35376.54,31659,59218,0.5973949908123429,confirmed,0.22268801645357342,15,6,none,0
7HuXSoDXfTY,UCwSozl89jl2zUDzQ4jGJD3g,time,7,8.7835,28,38836.44,97479,27752.77956401762,1.3993710529404333,confirmed,,8,8,none,0
7HuXSoDXfTY,UCwSozl89jl2zUDzQ4jGJD3g,time,14,12.7835,28,50649.66,97479,27086.370684844685,1.8699315001073251,confirmed,0.7575565654046811,15,14,none,0
8MoN2775TUA,UC0yHbz4OxdQFwmVX2BBQqLg,time,14,13.8332,27,12775.52,11687,28788.049596897286,0.4437785032899629,confirmed,,15,13,none,0
SqtF-D4tPuI,UCwSozl89jl2zUDzQ4jGJD3g,time,14,14.7228,28,58716.31,57821,26846.18823191086,2.187137541606342,confirmed,0.1537513550895494,15,14,none,0
0MaBOq9QlSY,UC9Nrmsn0jlFsbuzmeUVdIUw,time,2,2.0416,27,82.30,86,,,insufficient,,2,2,none,0
0MaBOq9QlSY,UC9Nrmsn0jlFsbuzmeUVdIUw,time,3,3.0416,27,67.22,86,118.55068853421201,0.567004662849062,likely,0.3061008873526544,15,14,none,0
0MaBOq9QlSY,UC9Nrmsn0jlFsbuzmeUVdIUw,time,5,5.0416,27,85.85,86,117.74967511993768,0.7291115909942231,likely,0.49971139130096615,15,13,none,0
0MaBOq9QlSY,UC9Nrmsn0jlFsbuzmeUVdIUw,time,7,7.0416,27,98.84,86,119.22178330693191,0.8290173019982391,confirmed,0.5065354038762033,15,13,none,0
0MaBOq9QlSY,UC9Nrmsn0jlFsbuzmeUVdIUw,time,14,13.0416,27,94.71,86,124.63811656441277,0.7598481015714138,confirmed,0.3989559453387587,15,10,none,0
JGyamfRGnHs,UC1HX8DWEmVTWj5WNaLd1a_Q,time,5,6.1150,29,81.82,84,,,insufficient,,0,0,none,0
JGyamfRGnHs,UC1HX8DWEmVTWj5WNaLd1a_Q,time,7,7.1150,29,86.26,84,,,insufficient,0.3430988245976747,0,0,none,0
JGyamfRGnHs,UC1HX8DWEmVTWj5WNaLd1a_Q,time,14,13.1150,29,86.18,84,,,insufficient,0.2473144987064785,0,0,none,0
hqOrDZVlh_Y,UCV8a3gTVi7eZmOBlPQdz3hw,heldout,14,13.0127,28,70.15,82,274.1044690510003,0.2559338769300603,confirmed,0.33307433772796835,15,15,none,0
BButao-i5jk,UCT_8YwHmACxpUootXe7yKjA,time,1,1.8745,28,34266.09,53728,39303.85334027596,0.8718252877720493,early,,15,14,none,0
BButao-i5jk,UCT_8YwHmACxpUootXe7yKjA,time,2,1.8745,28,34266.09,53728,39303.85334027596,0.8718252877720493,early,,15,14,none,0
BButao-i5jk,UCT_8YwHmACxpUootXe7yKjA,time,3,2.8745,28,28612.80,53728,41084.24346104939,0.6964421690917363,early,0.36547415014737455,15,14,none,0
BButao-i5jk,UCT_8YwHmACxpUootXe7yKjA,time,5,4.8745,28,29154.48,53728,47636.528476209685,0.6120193885836622,likely,0.2951722005732087,15,14,none,0
BButao-i5jk,UCT_8YwHmACxpUootXe7yKjA,time,7,6.8745,28,33745.84,53728,50401.76383206793,0.6695369406596855,likely,0.3700842976383877,15,13,none,0
BButao-i5jk,UCT_8YwHmACxpUootXe7yKjA,time,14,13.8745,28,46808.17,53728,57069.50862769339,0.8201957094421534,confirmed,0.4755723748634673,15,11,none,0
JSYpmQtUnGo,UCLKZ20yD2tNMBOkSDZo4FeQ,time,0.5,0.4997,28,8415.21,23730,4508.328076370219,1.8665922278281781,early,,14,14,none,0
JSYpmQtUnGo,UCLKZ20yD2tNMBOkSDZo4FeQ,time,1,1.4997,28,8973.02,23730,4521.434782737473,1.9845518877427737,early,0.6762611866456713,14,14,none,0
JSYpmQtUnGo,UCLKZ20yD2tNMBOkSDZo4FeQ,time,2,2.4997,28,11046.45,23730,4354.2974990173425,2.5369069898616115,early,0.8505155215388314,15,15,none,0
JSYpmQtUnGo,UCLKZ20yD2tNMBOkSDZo4FeQ,time,3,3.4997,28,18376.67,23730,4349.363483739572,4.225140917889831,likely,0.9344126855378027,15,14,none,0
JSYpmQtUnGo,UCLKZ20yD2tNMBOkSDZo4FeQ,time,5,5.4997,28,22452.76,23730,4253.391034980647,5.278791258408701,likely,0.8865498531885992,15,14,none,0
JSYpmQtUnGo,UCLKZ20yD2tNMBOkSDZo4FeQ,time,7,7.4997,28,22500.76,23730,4269.8008717648145,5.26974531025864,confirmed,0.8906920158249549,15,13,none,0
JSYpmQtUnGo,UCLKZ20yD2tNMBOkSDZo4FeQ,time,14,13.4997,28,22474.78,23730,4199.421753925848,5.351874343701133,confirmed,0.8190666739007031,15,10,none,0
ts0Q_HNo_LA,UCAuUUnT6oDeKwE6v1NGQxug,heldout,5,4.8737,27,23311.56,22087,24029.000252031172,0.9701426556531197,likely,,3,3,none,0
ts0Q_HNo_LA,UCAuUUnT6oDeKwE6v1NGQxug,time,5,4.8737,27,23311.56,22087,24029.000252031172,0.9701426556531197,likely,,3,3,none,0
ts0Q_HNo_LA,UCAuUUnT6oDeKwE6v1NGQxug,heldout,7,6.8737,27,22554.33,22087,24249.793008397293,0.9300833037442123,likely,0.28713899972647905,3,3,none,0
ts0Q_HNo_LA,UCAuUUnT6oDeKwE6v1NGQxug,time,7,6.8737,27,22554.33,22087,24249.793008397293,0.9300833037442123,likely,0.28713899972647905,3,3,none,0
ts0Q_HNo_LA,UCAuUUnT6oDeKwE6v1NGQxug,heldout,14,15.8737,27,22695.41,22087,23512.59484859546,0.9652446413386361,confirmed,0.18677227561389362,3,3,none,0
ts0Q_HNo_LA,UCAuUUnT6oDeKwE6v1NGQxug,time,14,15.8737,27,22695.41,22087,23512.59484859546,0.9652446413386361,confirmed,0.18677227561389362,3,3,none,0
QD72G14JEA4,UCFyP8J94wihApZc4N2BoX6A,heldout,14,13.8328,31,255126.84,289126,9568.786348102287,26.662403735427187,confirmed,0.15200991351407767,10,10,none,0
eI1SB9ZG1VA,UCat0LyGytYMwfZEPbO_rOrA,heldout,14,12.7924,27,259.27,254,2167.263733904007,0.1196319717742014,confirmed,0.025481593312747873,15,15,none,0
eI1SB9ZG1VA,UCat0LyGytYMwfZEPbO_rOrA,time,14,12.7924,27,259.27,254,2167.263733904007,0.1196319717742014,confirmed,0.025481593312747873,15,15,none,0
dP1_AJO04kc,UC1NVV2D3Jhv2ykmpTwooUwQ,time,5,4.9125,27,3304.19,2659,,,insufficient,,1,1,none,0
dP1_AJO04kc,UC1NVV2D3Jhv2ykmpTwooUwQ,time,7,6.9125,27,2744.40,2659,,,insufficient,0.09197148025629374,1,1,none,0
dP1_AJO04kc,UC1NVV2D3Jhv2ykmpTwooUwQ,time,14,12.9125,27,2698.10,2659,,,insufficient,0.0844026569503418,1,1,none,0
eoonc29MGA8,UClIZqOLqUCro7bKztUjYCNA,heldout,5,6.1043,29,2954.30,3289,3671.8065872459706,0.8045911770878522,likely,,7,7,none,0
eoonc29MGA8,UClIZqOLqUCro7bKztUjYCNA,heldout,7,6.1043,29,2954.30,3289,3671.8065872459706,0.8045911770878522,likely,,7,7,none,0
eoonc29MGA8,UClIZqOLqUCro7bKztUjYCNA,heldout,14,14.1043,29,3231.27,3289,3722.655220742817,0.8680004374519181,confirmed,0.2745400515837956,7,7,none,0
ESxTjNZHqZM,UCsvqVGtbbyHaMoevxPAq9Fg,time,14,14.2911,29,3018.32,2942,5516.2219623865985,0.5471718943940301,confirmed,0.00519075587753178,15,15,none,0
RBuvKF56k4E,UCKegeYEy0lJxpkjWRthaRMw,time,14,13.0411,27,7199.18,7235,15318,0.46998170809603906,confirmed,0.15828064949052142,15,13,none,0
sSJx-X9BEWY,UCAbcoKROFsRA_uA9aSprCwg,time,5,6.8740,29,2246.88,2975,,,insufficient,,1,1,none,0
sSJx-X9BEWY,UCAbcoKROFsRA_uA9aSprCwg,time,7,6.8740,29,2246.88,2975,,,insufficient,,1,1,none,0
sSJx-X9BEWY,UCAbcoKROFsRA_uA9aSprCwg,time,14,13.8740,29,2788.57,2975,,,insufficient,0.4555944889165782,1,1,none,0
QHKbpUjmbfU,UCAbq1eKey19tt-FfaIO1RMA,time,0.5,0.5413,27,6777.33,17689,7635.231720722083,0.8876389555553642,early,,15,11,none,0
QHKbpUjmbfU,UCAbq1eKey19tt-FfaIO1RMA,time,1,0.5413,27,6777.33,17689,7635.231720722083,0.8876389555553642,early,,15,11,none,0
QHKbpUjmbfU,UCAbq1eKey19tt-FfaIO1RMA,time,2,1.5413,27,8961.87,17689,7622.232419427025,1.1757533550731591,early,1.0772457050067448,15,11,none,0
QHKbpUjmbfU,UCAbq1eKey19tt-FfaIO1RMA,time,3,2.5413,27,10419.88,17689,7640.075503666787,1.3638449908062795,early,0.9788864291975291,15,11,none,0
QHKbpUjmbfU,UCAbq1eKey19tt-FfaIO1RMA,time,5,4.5413,27,12779.50,17689,7623.2632248791715,1.6763823270895593,likely,0.9129625887107901,15,11,none,0
QHKbpUjmbfU,UCAbq1eKey19tt-FfaIO1RMA,time,7,6.5413,27,14900.35,17689,7638.305108007548,1.9507403115779303,likely,0.9134524151056703,15,10,none,0
QHKbpUjmbfU,UCAbq1eKey19tt-FfaIO1RMA,time,14,12.5413,27,17079.86,17689,7702,2.2175874942450524,confirmed,0.8396216075107938,15,8,none,0
07Ps865aPxE,UCnwlWgbcxwpsnB7LtOL1kPg,time,14,14.7396,28,9584.68,9742,7105.370669302925,1.348935251952532,confirmed,,15,15,none,0
kbs1XMHabz8,UCSJhfA8s9mLYTfavcV5yoHA,heldout,14,14.1458,27,1897.90,1861,1092,1.7380003775910802,confirmed,0.20026268587898374,15,13,none,0
CmkkuCfZJbc,UCfJT_eYDTmDE-ovKaxVE1ig,time,5,4.7914,27,262922.67,252086,,,insufficient,,0,0,none,0
CmkkuCfZJbc,UCfJT_eYDTmDE-ovKaxVE1ig,time,7,6.7914,27,274099.82,252086,,,insufficient,0.37426447685822545,0,0,none,0
CmkkuCfZJbc,UCfJT_eYDTmDE-ovKaxVE1ig,time,14,15.7914,27,262648.86,252086,,,insufficient,0.2093385334871405,0,0,none,0
DBGOm-ntqtM,UCxkIzPnPzWLz4IeuxIROflg,heldout,5,6.8747,30,1260.02,1197,1744.5559115151675,0.7222559988458503,likely,,15,11,none,0
DBGOm-ntqtM,UCxkIzPnPzWLz4IeuxIROflg,heldout,7,6.8747,30,1260.02,1197,1744.5559115151675,0.7222559988458503,likely,,15,11,none,0
DBGOm-ntqtM,UCxkIzPnPzWLz4IeuxIROflg,heldout,14,13.8747,30,1261.15,1197,1722.864979613486,0.7320059247798719,confirmed,0.13392699659682003,15,6,none,0
YBmAT6cu9Js,UCf5LdDDOm1hYgDcSP3KimNA,time,1,0.9992,29,3372.68,12905,13455.978805187115,0.25064581758988547,early,,15,10,none,0
YBmAT6cu9Js,UCf5LdDDOm1hYgDcSP3KimNA,time,2,1.9992,29,4120.08,12905,13455.978805187115,0.3061896427553335,early,0.9060831850071611,15,9,none,0
YBmAT6cu9Js,UCf5LdDDOm1hYgDcSP3KimNA,time,3,2.9992,29,8758.68,12905,13455.978805187115,0.6509133204163482,early,1.5247735423927635,15,8,none,0
YBmAT6cu9Js,UCf5LdDDOm1hYgDcSP3KimNA,time,5,4.9992,29,8161.06,12905,13497.801986575798,0.6046212173642267,likely,1.0340780987258502,15,8,none,0
YBmAT6cu9Js,UCf5LdDDOm1hYgDcSP3KimNA,time,7,6.9992,29,10488.87,12905,13515.076449362161,0.7760868424038799,likely,1.141993440740527,15,8,none,0
YBmAT6cu9Js,UCf5LdDDOm1hYgDcSP3KimNA,time,14,13.9992,29,15325.45,12905,13629.625396354106,1.124422175686509,confirmed,1.084377704197616,15,7,none,0
kDwpXldLRug,UCLVGBWZrAniy5r767EXaR8A,heldout,1,0.7706,30,1141.93,1030,1262.5778338768223,0.9044446407498576,early,,5,4,none,0
kDwpXldLRug,UCLVGBWZrAniy5r767EXaR8A,heldout,7,7.7706,30,1044.05,1030,696.1841169350224,1.499678066414667,confirmed,0.40426099862109915,15,14,none,0
kDwpXldLRug,UCLVGBWZrAniy5r767EXaR8A,heldout,14,13.7706,30,1013.28,1030,676.223918915809,1.498432938904596,confirmed,0.3465668384345594,15,13,none,0
LYw2CDwr62w,UCuVaqIpPgUyGP6AytqSfs0g,heldout,3,3.0829,31,2667.85,2008,2716.3842401454303,0.9821332778831711,likely,,15,15,none,0
LYw2CDwr62w,UCuVaqIpPgUyGP6AytqSfs0g,heldout,5,3.0829,31,2667.85,2008,2716.3842401454303,0.9821332778831711,likely,,15,15,none,0
Tv9LKqpODgo,UCI8gcSTo1FowsRJdilsjsZw,time,1,0.9279,27,66527.11,61109,37802.89419211928,1.759841659322235,early,,13,13,none,0
Tv9LKqpODgo,UCI8gcSTo1FowsRJdilsjsZw,time,2,1.9279,27,113017.17,61109,33955.24011480891,3.3284161899836646,early,1.2155013066997689,15,15,none,0
Tv9LKqpODgo,UCI8gcSTo1FowsRJdilsjsZw,time,3,2.9279,27,114863.41,61109,32751.349412410662,3.507135072723588,early,0.9119342446749144,15,15,none,0
Tv9LKqpODgo,UCI8gcSTo1FowsRJdilsjsZw,time,5,4.9279,27,87864.88,61109,30493.961528556338,2.8813862097564638,likely,0.6399811397030395,15,15,none,0
Tv9LKqpODgo,UCI8gcSTo1FowsRJdilsjsZw,time,7,6.9279,27,81047.65,61109,31520.42339599686,2.571274092633689,likely,0.5348804764331744,15,15,none,0
Tv9LKqpODgo,UCI8gcSTo1FowsRJdilsjsZw,time,14,15.9279,27,70722.02,61109,34593.93215966571,2.044347677781167,confirmed,0.35925527527232265,15,15,none,0
B-wgjETpX0M,UCdOIkjWFRXVho4Ua_j9_q4A,heldout,7,7.7830,29,23279.46,21539,30583.222845129643,0.761183870508616,confirmed,,15,13,none,0
B-wgjETpX0M,UCdOIkjWFRXVho4Ua_j9_q4A,heldout,14,13.7830,29,21836.72,21539,31461.03083391731,0.6940878150032348,confirmed,0.14901440678421968,15,11,none,0
ZUgWZps-O9I,UChbcn2mOzPHEEHxPmU66Sdg,time,1,0.8302,27,799.48,845,1920.002833829164,0.4163947184499109,early,,15,7,none,0
ZUgWZps-O9I,UChbcn2mOzPHEEHxPmU66Sdg,time,2,1.8302,27,821.41,845,1905.705138033677,0.4310284716427805,early,0.6753141252213717,15,7,none,0
ZUgWZps-O9I,UChbcn2mOzPHEEHxPmU66Sdg,time,3,2.8302,27,836.30,845,1883.9144885101948,0.44391747570015283,early,0.48925504841940765,15,7,none,0
ZUgWZps-O9I,UChbcn2mOzPHEEHxPmU66Sdg,time,5,4.8302,27,905.34,845,1866.0163996847587,0.4851747361667967,likely,0.4247015064567429,15,7,none,0
ZUgWZps-O9I,UChbcn2mOzPHEEHxPmU66Sdg,time,7,7.8302,27,897.43,845,1835.1365121735118,0.4890269047948751,confirmed,0.37848104186080855,15,7,none,0
ZUgWZps-O9I,UChbcn2mOzPHEEHxPmU66Sdg,time,14,12.8302,27,811.24,845,1787.166467219469,0.45392344911868554,confirmed,0.3166679781279554,15,5,none,0
0TLvesx0Q68,UCEuQ7YIThAps6wERHfsY7fQ,heldout,14,14.9688,30,19858.50,20855,13632.681172870583,1.4566834580179224,confirmed,,8,6,none,0
-Z2KjOUcvTA,UC7cs8q-gJRlGwj4A8OmCmXg,time,1,1.8945,27,4236.50,3147,4080.8130964215734,1.038151235449324,early,,15,13,none,0
-Z2KjOUcvTA,UC7cs8q-gJRlGwj4A8OmCmXg,time,2,1.8945,27,4236.50,3147,4080.8130964215734,1.038151235449324,early,,15,13,none,0
-Z2KjOUcvTA,UC7cs8q-gJRlGwj4A8OmCmXg,time,3,2.8945,27,3011.95,3147,4049.8819261180893,0.7437139599805639,early,0.21469250896617528,15,13,none,0
-Z2KjOUcvTA,UC7cs8q-gJRlGwj4A8OmCmXg,time,5,4.8945,27,3081.03,3147,3994.460316793157,0.7713254414865711,likely,0.24805437090242616,15,13,none,0
-Z2KjOUcvTA,UC7cs8q-gJRlGwj4A8OmCmXg,time,7,6.8945,27,3582.28,3147,3945.044085902802,0.9080453286648192,likely,0.26739394896232355,15,13,none,0
-Z2KjOUcvTA,UC7cs8q-gJRlGwj4A8OmCmXg,time,14,12.8945,27,3318.60,3147,3831.9137919870077,0.8660427686334754,confirmed,0.19031959720609926,15,10,none,0
f7xro08O23A,UCMIjEnXruVHtvgSVf6TgfUg,time,14,13.6841,29,64215.26,64621,76826.28599287046,0.8358500803731778,confirmed,0.07289115520086857,12,11,none,0
GYtTNEFt49E,UCk9dtbM-wjpLk134r55OUbg,time,14,15.4893,27,8683.10,8620,10872,0.7986660893119749,confirmed,0.10860786064644944,15,12,none,0
wt_l1417xbI,UCPAt6z5uX_c5Eo_cSNROzYw,time,7,7.9384,27,6331.55,6363,4125.058250618295,1.5348992445137102,confirmed,,15,15,none,0
wt_l1417xbI,UCPAt6z5uX_c5Eo_cSNROzYw,time,14,12.9384,27,5355.92,6363,3834.3936578001244,1.39681009847532,confirmed,0.06831056380865931,15,15,none,0
ioD2hN8pJVE,UCpXipTyhIY9kprpvVd-lu0A,time,5,5.9270,29,62264.32,54015,56716.373277520586,1.0978191948594909,likely,,15,15,none,0
ioD2hN8pJVE,UCpXipTyhIY9kprpvVd-lu0A,time,7,6.9270,29,51727.95,54015,56352.882468723714,0.9179290066319246,likely,0.20051025835262357,15,15,none,0
ioD2hN8pJVE,UCpXipTyhIY9kprpvVd-lu0A,time,14,14.9270,29,56449.92,54015,54336.354569138384,1.0388977738978937,confirmed,0.15115251914792685,15,13,none,0
xNpDEbOUZEw,UCBRxDSTfr2aJVODDh4WG_7g,time,7,7.2612,28,334.83,277,2411.850357841489,0.13882678009198401,confirmed,,10,10,none,0
xNpDEbOUZEw,UCBRxDSTfr2aJVODDh4WG_7g,time,14,12.2612,28,278.90,277,2323.1805566495877,0.12005108872411259,confirmed,0.0315371904932965,15,15,none,0
9jGCaysNceg,UCIjZGb-JlfZuUzggOcIx_Mg,time,14,15.0152,27,274.77,290,400.1004415999634,0.6867487996681173,confirmed,0.10626401833084437,9,8,none,0
Nvx3MWoXnzI,UCEdGrVhYNUONApiHxV40oyw,time,14,12.8533,27,8571.54,8562,10978.618423126694,0.7807482918699746,confirmed,0.07581303202732577,15,14,none,0
f4PRRw5BGGQ,UCDNHPNeWScAC8h8IxtEBtkQ,heldout,1,1.0826,29,99982.70,73177,68590.61428339736,1.4576732122991531,early,0.5024427414394159,15,12,none,0
f4PRRw5BGGQ,UCDNHPNeWScAC8h8IxtEBtkQ,heldout,2,2.0826,29,98556.10,73177,66495.88113630125,1.4821384307309782,early,0.613787095803507,15,11,none,0
f4PRRw5BGGQ,UCDNHPNeWScAC8h8IxtEBtkQ,heldout,3,3.0826,29,98642.81,73177,66343.21781460471,1.4868560317333661,likely,0.5291943938698227,15,10,none,0
f4PRRw5BGGQ,UCDNHPNeWScAC8h8IxtEBtkQ,heldout,5,5.0826,29,88622.09,73177,66343.21781460471,1.335812405597419,likely,0.43931069322899075,15,10,none,0
f4PRRw5BGGQ,UCDNHPNeWScAC8h8IxtEBtkQ,heldout,7,7.0826,29,83755.05,73177,66343.21781460471,1.2624507932500433,confirmed,0.3926607915710882,15,10,none,0
f4PRRw5BGGQ,UCDNHPNeWScAC8h8IxtEBtkQ,heldout,14,14.0826,29,74833.69,73177,65550,1.1416275850289987,confirmed,0.3205560121372907,15,6,none,0
kNBH1OgdbEw,UC-No2ITxJsNt50oJQ3fLmUA,time,14,13.7004,29,128120.79,122959,82170.44290014879,1.559207755729122,confirmed,,15,13,none,0
nGt7P7saaZs,UCEf_Bc-KVd7onSeifS3py9g,time,0.5,0.3745,29,79818.68,38248,415604.85465950146,0.1920542617591741,early,,13,11,none,0
nGt7P7saaZs,UCEf_Bc-KVd7onSeifS3py9g,time,1,1.3745,29,60590.70,38248,356760.24689408817,0.16983591419795996,early,0.4175916980486847,15,13,none,0
nGt7P7saaZs,UCEf_Bc-KVd7onSeifS3py9g,time,2,2.3745,29,37718.96,38248,359691.14940249105,0.10486484713936083,early,0.3166650675682967,15,11,none,0
nGt7P7saaZs,UCEf_Bc-KVd7onSeifS3py9g,time,3,3.3745,29,53745.17,38248,360101.72823696793,0.1492499663832804,likely,0.31532363263608815,15,11,none,0
nGt7P7saaZs,UCEf_Bc-KVd7onSeifS3py9g,time,5,5.3745,29,48260.02,38248,362995.91795401706,0.13294922231611137,likely,0.3099584737103437,15,11,none,0
nGt7P7saaZs,UCEf_Bc-KVd7onSeifS3py9g,time,7,7.3745,29,41488.45,38248,366805.9039929254,0.11310737725485756,confirmed,0.30791315645183215,15,10,none,0
nGt7P7saaZs,UCEf_Bc-KVd7onSeifS3py9g,time,14,14.3745,29,39841.18,38248,368427,0.10813859079281746,confirmed,0.2526895009599474,15,7,none,0
IPCFGcc9Vks,UCPAt6z5uX_c5Eo_cSNROzYw,time,7,7.6246,27,767.84,687,4125.058250618295,0.18614086265474417,confirmed,,15,15,none,0
IPCFGcc9Vks,UCPAt6z5uX_c5Eo_cSNROzYw,time,14,12.6246,27,667.29,687,3834.3936578001244,0.17402879915430214,confirmed,0.1254010971821285,15,15,none,0
F9w5QpdToos,UCjrb6YumTXFixchqoGyULkg,time,14,13.9163,28,245704.87,243827,46364.0986544184,5.299464022950059,confirmed,0.4352303236433653,10,9,none,0
iulluNrzRGk,UC675NhQ4EU5TzwCMwYp5XCw,heldout,5,6.8326,29,12266.59,10388,,,insufficient,,0,0,none,0
iulluNrzRGk,UC675NhQ4EU5TzwCMwYp5XCw,time,5,6.8326,29,12266.59,10388,,,insufficient,,0,0,none,0
iulluNrzRGk,UC675NhQ4EU5TzwCMwYp5XCw,heldout,7,6.8326,29,12266.59,10388,,,insufficient,,0,0,none,0
iulluNrzRGk,UC675NhQ4EU5TzwCMwYp5XCw,time,7,6.8326,29,12266.59,10388,,,insufficient,,0,0,none,0
iulluNrzRGk,UC675NhQ4EU5TzwCMwYp5XCw,heldout,14,13.8326,29,10595.11,10388,,,insufficient,0.08019359732440534,0,0,none,0
iulluNrzRGk,UC675NhQ4EU5TzwCMwYp5XCw,time,14,13.8326,29,10595.11,10388,,,insufficient,0.08019359732440534,0,0,none,0
6CVxv685hK0,UCNMZWa1QP42jHrmmzayFEeg,time,14,12.7101,27,5362.16,5888,7398.839946146408,0.724729180803997,confirmed,0.1573455745334789,15,15,none,0
hJ-rRXWhElI,UCJVXj8BvHykEklEeKjFwaXQ,heldout,1,1.9791,30,1140467.98,1212819,,,insufficient,,2,2,none,0
hJ-rRXWhElI,UCJVXj8BvHykEklEeKjFwaXQ,heldout,2,1.9791,30,1140467.98,1212819,,,insufficient,,2,2,none,0
hJ-rRXWhElI,UCJVXj8BvHykEklEeKjFwaXQ,heldout,3,2.9791,30,1711407.14,1212819,42830.606867554314,39.95757394362932,early,0.8956508455376436,3,3,none,0
hJ-rRXWhElI,UCJVXj8BvHykEklEeKjFwaXQ,heldout,5,4.9791,30,1416038.08,1212819,59001.92604593328,23.999861936383265,likely,0.5850518532625706,7,7,none,0
hJ-rRXWhElI,UCJVXj8BvHykEklEeKjFwaXQ,heldout,7,6.9791,30,1346368.89,1212819,54603.486155361825,24.657196621222784,likely,0.4824721469841248,10,10,none,0
hJ-rRXWhElI,UCJVXj8BvHykEklEeKjFwaXQ,heldout,14,13.9791,30,1251461.93,1212819,56983.77002607802,21.961725793925932,confirmed,0.3484204520524728,10,9,none,0
bSP4lJ8Wx3s,UC2OjGgjNiqyLr_1qkqAwsUQ,time,14,13.8155,29,15680.40,15264,6416.205495866927,2.4438739928124824,confirmed,0.01037307144781144,15,13,none,0
4Xw48cPRWqg,UChbcn2mOzPHEEHxPmU66Sdg,heldout,5,5.8972,30,1503.88,1616,2186,0.68796146642726,likely,,15,12,none,0
4Xw48cPRWqg,UChbcn2mOzPHEEHxPmU66Sdg,heldout,7,5.8972,30,1503.88,1616,2186,0.68796146642726,likely,,15,12,none,0
lakqZvIoAkY,UCRix1GJvSBNDpEFY561eSzw,heldout,2,2.8333,31,109044.26,109982,94246.26925517322,1.157014108071905,early,,15,12,none,0
lakqZvIoAkY,UCRix1GJvSBNDpEFY561eSzw,heldout,3,2.8333,31,109044.26,109982,94246.26925517322,1.157014108071905,early,,15,12,none,0
lakqZvIoAkY,UCRix1GJvSBNDpEFY561eSzw,heldout,5,4.8333,31,93341.32,109982,94098.36570687247,0.9919547686197447,likely,0.31245184205949533,15,12,none,0
lakqZvIoAkY,UCRix1GJvSBNDpEFY561eSzw,heldout,7,6.8333,31,99099.96,109982,94141.0142726029,1.0526757640605733,likely,0.30219998782161045,15,12,none,0
lakqZvIoAkY,UCRix1GJvSBNDpEFY561eSzw,heldout,14,13.8333,31,109458.23,109982,94342,1.1602279993511255,confirmed,0.2783331130787343,15,11,none,0
BPfC0E4pWHc,UCI8gcSTo1FowsRJdilsjsZw,time,0.5,0.7175,27,22814.79,29078,38790.54333673965,0.588153392615484,early,,12,12,none,0
BPfC0E4pWHc,UCI8gcSTo1FowsRJdilsjsZw,time,1,0.7175,27,22814.79,29078,38790.54333673965,0.588153392615484,early,,12,12,none,0
BPfC0E4pWHc,UCI8gcSTo1FowsRJdilsjsZw,time,2,1.7175,27,20629.51,29078,34389.90542817868,0.599871064414395,early,0.7103311608533768,14,14,none,0
BPfC0E4pWHc,UCI8gcSTo1FowsRJdilsjsZw,time,3,2.7175,27,22038.33,29078,33349.17865443764,0.6608358843585953,early,0.5844161301471872,15,15,none,0
BPfC0E4pWHc,UCI8gcSTo1FowsRJdilsjsZw,time,5,4.7175,27,26793.14,29078,32355.86534961956,0.8280768033172994,likely,0.5821154754705822,15,15,none,0
BPfC0E4pWHc,UCI8gcSTo1FowsRJdilsjsZw,time,7,6.7175,27,28226.18,29078,31777.924270110554,0.8882322569168934,likely,0.5792554321038207,15,15,none,0
BPfC0E4pWHc,UCI8gcSTo1FowsRJdilsjsZw,time,14,15.7175,27,30646.17,29078,37358.43921398643,0.8203279486692132,confirmed,0.4891643713523215,15,15,none,0
mwFwoyyUgKM,UCVbwsYKbh6Pz3RHXCXj4MdQ,heldout,1,0.9573,30,652.93,978,1994.2367149678566,0.32740976547144,early,,15,14,none,0
mwFwoyyUgKM,UCVbwsYKbh6Pz3RHXCXj4MdQ,heldout,2,1.9573,30,1379.13,978,2002.0533664385764,0.6888557864946718,early,1.7583422810432128,15,14,none,0
mwFwoyyUgKM,UCVbwsYKbh6Pz3RHXCXj4MdQ,heldout,3,2.9573,30,1355.82,978,2007.4503646387664,0.6753934179404247,early,1.1840055045087652,15,13,none,0
mwFwoyyUgKM,UCVbwsYKbh6Pz3RHXCXj4MdQ,heldout,5,4.9573,30,1327.55,978,2007.4503646387664,0.6613099654057307,likely,0.864527090223329,15,13,none,0
mwFwoyyUgKM,UCVbwsYKbh6Pz3RHXCXj4MdQ,heldout,7,6.9573,30,1255.86,978,2102.670634064407,0.5972713131115533,likely,0.740076860520016,15,13,none,0
mwFwoyyUgKM,UCVbwsYKbh6Pz3RHXCXj4MdQ,heldout,14,13.9573,30,1115.53,978,2184.2519996970964,0.5107152582239225,confirmed,0.5779037910358814,15,12,none,0
dw9UTRj424o,UC9kUnVpufVjhTZHhxaKuHaA,time,14,14.9991,27,28659.88,49841,5440.326520588347,5.268044286512858,confirmed,,15,12,none,0
bCdUMEAP-zc,UCGWNHkr2WZcRbxqoet-nyeg,time,14,13.8783,28,5152.97,4877,2598.4508950356426,1.9830942562959444,confirmed,,15,15,none,0
JxxrvNLxIy4,UC2cC48A261pBVKztLyzOAnA,time,0.5,0.6145,27,54934.60,49701,31905.022113577983,1.7218167337331434,early,,14,9,none,0
JxxrvNLxIy4,UC2cC48A261pBVKztLyzOAnA,time,1,0.6145,27,54934.60,49701,31905.022113577983,1.7218167337331434,early,,14,9,none,0
JxxrvNLxIy4,UC2cC48A261pBVKztLyzOAnA,time,2,1.6145,27,47661.10,49701,30354,1.5701752954283188,early,0.590392736620074,15,10,none,0
JxxrvNLxIy4,UC2cC48A261pBVKztLyzOAnA,time,3,2.6145,27,49502.32,49701,30354,1.6308333679358258,early,0.4737234316556866,15,10,none,0
JxxrvNLxIy4,UC2cC48A261pBVKztLyzOAnA,time,5,4.6145,27,45281.35,49701,30354,1.4917753874445863,likely,0.42681188153679017,15,9,none,0
JxxrvNLxIy4,UC2cC48A261pBVKztLyzOAnA,time,7,6.6145,27,47170.55,49701,30557.10939794108,1.5436848163713162,likely,0.4009103947351121,15,9,none,0
JxxrvNLxIy4,UC2cC48A261pBVKztLyzOAnA,time,14,15.6145,27,49112.96,49701,31842.259251110092,1.5423829755606424,confirmed,0.32687881274612673,15,6,none,0
B0jru4K6-WI,UCEaIzMzCEkTy547iHSs2xUg,time,2,2.9581,29,6312.17,5407,7220.094769211984,0.8742504618167252,early,,15,13,none,0
B0jru4K6-WI,UCEaIzMzCEkTy547iHSs2xUg,time,3,2.9581,29,6312.17,5407,7220.094769211984,0.8742504618167252,early,,15,13,none,0
B0jru4K6-WI,UCEaIzMzCEkTy547iHSs2xUg,time,5,4.9581,29,4870.12,5407,7220.094769211984,0.6745235174950077,likely,0.1713112135381175,15,13,none,0
B0jru4K6-WI,UCEaIzMzCEkTy547iHSs2xUg,time,7,6.9581,29,5112.76,5407,7214.489041869994,0.7086795481978748,likely,0.2220474067191789,15,12,none,0
B0jru4K6-WI,UCEaIzMzCEkTy547iHSs2xUg,time,14,13.9581,29,5574.12,5407,7200.9606786802715,0.7740799926211509,confirmed,0.19024785218355317,15,10,none,0
kzestjld8Ng,UCEh_IoMVGA7NPsx6-2H8Bqw,time,14,14.1689,29,1074.28,1064,1195.227712544247,0.8988101916554064,confirmed,0.04235900123329879,15,14,none,0
LcEs7wVCG0c,UCBI1lCGZBXGl54w_25hUsTg,heldout,7,7.2090,30,4724.12,3980,4229.010847573769,1.1170734715307495,confirmed,,15,14,none,0
XKzB9HDuIA4,UC1R0kzpJLBJ8r5e1IVovIUg,time,1,1.0410,28,933.79,814,1737.6325163825559,0.53739187840109,early,,15,8,none,0
XKzB9HDuIA4,UC1R0kzpJLBJ8r5e1IVovIUg,time,2,2.0410,28,719.87,814,1732.3158093777297,0.41555399736712156,early,0.36531299042663384,15,8,none,0
XKzB9HDuIA4,UC1R0kzpJLBJ8r5e1IVovIUg,time,3,3.0410,28,669.39,814,1726.5581801500507,0.38770031411347494,likely,0.301631665668722,15,8,none,0
XKzB9HDuIA4,UC1R0kzpJLBJ8r5e1IVovIUg,time,5,5.0410,28,676.45,814,1713.9999894487364,0.3946637609163856,likely,0.3374156986151324,15,8,none,0
XKzB9HDuIA4,UC1R0kzpJLBJ8r5e1IVovIUg,time,7,7.0410,28,789.75,814,1723.7227750863547,0.458162745450073,confirmed,0.3619853069172764,15,7,none,0
XKzB9HDuIA4,UC1R0kzpJLBJ8r5e1IVovIUg,time,14,12.0410,28,808.70,814,1767,0.4576671105561045,confirmed,0.3327068639784744,15,5,none,0
9-8kdVSLqHc,UCGWNHkr2WZcRbxqoet-nyeg,time,14,13.7245,28,2619.14,2377,2598.4508950356426,1.0079627654017658,confirmed,,15,15,none,0
FG_h7a3uFJ0,UCUpbDOT-OVNBlaQpb9pbd2w,time,5,5.5422,28,31123.32,23187,31628.213937600372,0.9840366992673543,likely,,15,15,none,0
FG_h7a3uFJ0,UCUpbDOT-OVNBlaQpb9pbd2w,time,7,6.5422,28,25241.65,23187,30851.026408818063,0.8181784596195075,likely,0.02085528538485119,15,15,none,0
FG_h7a3uFJ0,UCUpbDOT-OVNBlaQpb9pbd2w,time,14,13.5422,28,23868.71,23187,28177.34103884415,0.8470886427751141,confirmed,0.01186705132160876,15,15,none,0
zcMnpQee1rs,UCGpsgNbzdF7BECCVbB1COHw,heldout,14,14.2076,29,12451.35,12203,6788.935267168043,1.834065419696207,confirmed,0.04400709089344457,15,15,none,0
zcMnpQee1rs,UCGpsgNbzdF7BECCVbB1COHw,time,14,14.2076,29,12451.35,12203,6788.935267168043,1.834065419696207,confirmed,0.04400709089344457,15,15,none,0
C4jXKfGDeWE,UCBRpqrzuuqE8TZcWw75JSdw,time,5,5.9581,29,29290.38,24129,,,insufficient,,2,2,none,0
C4jXKfGDeWE,UCBRpqrzuuqE8TZcWw75JSdw,time,7,6.9581,29,26864.67,24129,,,insufficient,0.22876736852286864,2,2,none,0
C4jXKfGDeWE,UCBRpqrzuuqE8TZcWw75JSdw,time,14,13.9581,29,24283.96,24129,,,insufficient,0.11423002596749547,2,2,none,0
eDkmf_mF3Ek,UCm5dQhtBpw1S3ajLVPKWs0A,time,14,14.9939,27,3954.19,3686,5645.09826523747,0.7004652147194271,confirmed,,14,14,none,0
dMl8COIdEcc,UC4wKN1tlnlNVMiRPOu7qyvQ,time,0.5,0.5828,27,2487.03,1550,2327.9031694170744,1.0683583960783,early,,14,14,none,0
dMl8COIdEcc,UC4wKN1tlnlNVMiRPOu7qyvQ,time,1,0.5828,27,2487.03,1550,2327.9031694170744,1.0683583960783,early,,14,14,none,0
dMl8COIdEcc,UC4wKN1tlnlNVMiRPOu7qyvQ,time,2,1.5828,27,1848.68,1550,2250.5020545499847,0.8214538096070296,early,0.6384164221885154,15,15,none,0
dMl8COIdEcc,UC4wKN1tlnlNVMiRPOu7qyvQ,time,3,2.5828,27,1606.25,1550,2330.7962753910238,0.6891417734465338,early,0.4688722308875025,15,15,none,0
dMl8COIdEcc,UC4wKN1tlnlNVMiRPOu7qyvQ,time,5,4.5828,27,1812.60,1550,2363.4701212125356,0.7669226437331552,likely,0.40869481265363317,15,15,none,0
dMl8COIdEcc,UC4wKN1tlnlNVMiRPOu7qyvQ,time,7,6.5828,27,1734.17,1550,2355.6196377801057,0.7361827954078062,likely,0.3564930579815311,15,15,none,0
dMl8COIdEcc,UC4wKN1tlnlNVMiRPOu7qyvQ,time,14,12.5828,27,1650.89,1550,2298.423707993581,0.7182702900949003,confirmed,0.2951946154526008,15,15,none,0
HNTPo3EoBio,UCmH99cCLXOXzaEFJKyGJXTw,time,5,5.8773,29,293.71,268,449.1629292221444,0.6538964655472255,likely,,12,12,none,0
HNTPo3EoBio,UCmH99cCLXOXzaEFJKyGJXTw,time,7,6.8773,29,272.12,268,346.12754029432375,0.7861776571649932,likely,0.3006954912012448,15,14,none,0
HNTPo3EoBio,UCmH99cCLXOXzaEFJKyGJXTw,time,14,13.8773,29,264.14,268,348.80378416257884,0.7572745317791494,confirmed,0.15264613631441115,15,12,none,0
FA9ozJB26eA,UCiBwt71hOgx2qnga5OOpRaA,time,14,12.8540,27,3090.22,3130,3660.565411459719,0.8441927788023224,confirmed,0.3375610841940095,15,14,none,0
ll_c_EYp3Is,UCXuqSBlHAE6Xw-yeJA0Tunw,heldout,1,0.7909,31,1197706.25,811714,1435062.9293433186,0.8346018988687436,early,,14,14,none,0
ll_c_EYp3Is,UCXuqSBlHAE6Xw-yeJA0Tunw,heldout,2,2.7909,31,1076566.58,811714,1457580.249099291,0.7385984989363783,early,0.5057828675821164,15,15,none,0
ll_c_EYp3Is,UCXuqSBlHAE6Xw-yeJA0Tunw,heldout,3,2.7909,31,1076566.58,811714,1457580.249099291,0.7385984989363783,early,0.5057828675821164,15,15,none,0
ll_c_EYp3Is,UCXuqSBlHAE6Xw-yeJA0Tunw,heldout,5,4.7909,31,1008638.51,811714,1449077.5234443797,0.6960555886964781,likely,0.4065130365719247,15,15,none,0
ll_c_EYp3Is,UCXuqSBlHAE6Xw-yeJA0Tunw,heldout,7,6.7909,31,965703.75,811714,1439573.0854129381,0.6708264801607452,likely,0.35447398483643855,15,15,none,0
ll_c_EYp3Is,UCXuqSBlHAE6Xw-yeJA0Tunw,heldout,14,13.7909,31,850709.32,811714,1428864.5956034213,0.5953743451959781,confirmed,0.26729387559032763,15,12,none,0
Xu4lfpvm2PA,UCbAlVnKhbGLK78GsSemQXxw,time,5,5.0132,27,1462.98,1378,11949.706430093484,0.12242774296016513,likely,0.05166586905711488,5,5,none,0
Xu4lfpvm2PA,UCbAlVnKhbGLK78GsSemQXxw,time,7,7.0132,27,1431.57,1378,11909.126677535656,0.12020806163799234,confirmed,0.05137912570080928,5,5,none,0
Xu4lfpvm2PA,UCbAlVnKhbGLK78GsSemQXxw,time,14,15.0132,27,1385.21,1378,12239.639155667923,0.11317368751811793,confirmed,0.04616371770795855,5,5,none,0
Og8ONzA93CA,UCNovoA9w0KnxyDP5bGrOYzg,heldout,14,13.8955,30,5913.01,6221,8397.550430364005,0.7041352939806205,confirmed,,13,11,none,0
y3QK3e4O2VU,UC70SrI3VkT1MXALRtf0pcHg,time,1,0.8000,28,138473.14,125608,73329.17999058614,1.8883769762474338,early,,13,13,none,0
y3QK3e4O2VU,UC70SrI3VkT1MXALRtf0pcHg,time,2,1.8000,28,118009.65,125608,73933.13412495903,1.5961672420045836,early,0.6036443342593696,14,14,none,0
y3QK3e4O2VU,UC70SrI3VkT1MXALRtf0pcHg,time,3,2.8000,28,125269.07,125608,70840.1840883927,1.7683335141725258,early,0.5161738639961624,15,15,none,0
y3QK3e4O2VU,UC70SrI3VkT1MXALRtf0pcHg,time,5,4.8000,28,117080.86,125608,68728.88562351736,1.7035175539333296,likely,0.4111380005852972,15,15,none,0
y3QK3e4O2VU,UC70SrI3VkT1MXALRtf0pcHg,time,7,6.8000,28,115018.25,125608,67188.85350433002,1.711865111396381,likely,0.3756820290713714,15,15,none,0
y3QK3e4O2VU,UC70SrI3VkT1MXALRtf0pcHg,time,14,12.8000,28,122145.06,125608,64719.012827669154,1.8873134617633869,confirmed,0.3400172090249856,15,15,none,0
1wNpNkkGB54,UCb4YTduN-tdW9hSVjPwgkbw,time,5,6.8203,29,2590.52,2780,,,insufficient,,0,0,none,0
1wNpNkkGB54,UCb4YTduN-tdW9hSVjPwgkbw,time,7,6.8203,29,2590.52,2780,,,insufficient,,0,0,none,0
1wNpNkkGB54,UCb4YTduN-tdW9hSVjPwgkbw,time,14,13.8203,29,2666.05,2780,,,insufficient,0.22870648528658652,0,0,none,0
q-r3HWRY4AU,UCV_zy48AlwwGpdJEka1ay7w,time,1,0.8751,29,156338.94,218729,84637.45889074254,1.8471601817562338,early,,15,11,none,0
q-r3HWRY4AU,UCV_zy48AlwwGpdJEka1ay7w,time,2,1.8751,29,199242.18,218729,84637.45889074254,2.354066174903442,early,0.9588463282836301,15,11,none,0
q-r3HWRY4AU,UCV_zy48AlwwGpdJEka1ay7w,time,3,2.8751,29,189524.83,218729,84772.93842338645,2.235676042472911,early,0.6954325598023908,15,10,none,0
q-r3HWRY4AU,UCV_zy48AlwwGpdJEka1ay7w,time,5,4.8751,29,202901.42,218729,84772.93842338645,2.3934692753286377,likely,0.6141084880925852,15,10,none,0
q-r3HWRY4AU,UCV_zy48AlwwGpdJEka1ay7w,time,7,6.8751,29,195564.85,218729,84869.08660037062,2.3043119532027725,likely,0.5553157746826534,15,10,none,0
q-r3HWRY4AU,UCV_zy48AlwwGpdJEka1ay7w,time,14,13.8751,29,199502.26,218729,85310.62578836721,2.338539356726664,confirmed,0.46807062969505275,15,9,none,0
8DKli8l_BTk,UCuehmJAqhHdlv1lTIwxTYpQ,time,14,13.6586,27,42329.50,38669,46114.65075250682,0.9179186179921889,confirmed,,15,14,none,0
ryw3VaWMPiw,UCDAbrXOj2yIrzj8QE4jC-Og,time,5,5.8321,28,3780.11,3528,,,insufficient,,1,1,none,0
ryw3VaWMPiw,UCDAbrXOj2yIrzj8QE4jC-Og,time,7,6.8321,28,3725.86,3528,,,insufficient,0.40218598353349233,1,1,none,0
ryw3VaWMPiw,UCDAbrXOj2yIrzj8QE4jC-Og,time,14,12.8321,28,3667.77,3528,,,insufficient,0.2331833115164213,1,1,none,0
2unhG4BAVF4,UCq33AlEZl8QBmxatFEwknew,time,14,13.3085,27,192.40,200,346.5695504766745,0.5551510029882106,confirmed,0.21411176751531963,15,12,none,0
03V2ZnXyEDA,UCzQUP1qoWDoEbmsQxvdjxgQ,time,7,8.7917,28,993657.91,865881,679985.654681511,1.4612924608157165,confirmed,,15,14,none,0
03V2ZnXyEDA,UCzQUP1qoWDoEbmsQxvdjxgQ,time,14,13.7917,28,847385.01,865881,669332.5101183703,1.2660150255745644,confirmed,0.0932156141578069,15,11,none,0
r2eMRo8RwUY,UCDFwzav9y6jSFwZDr5EPHuA,heldout,14,14.9791,31,543591.45,555839,400029.5926717046,1.3588780968581384,confirmed,0.2227513718146585,15,14,none,0
VJJ3cdhNMQc,UCfyehHM_eo4g5JUyWmms2LA,time,5,5.8327,28,532123.30,473348,,,insufficient,,1,1,none,0
VJJ3cdhNMQc,UCfyehHM_eo4g5JUyWmms2LA,time,7,7.8327,28,450093.38,473348,397302.52384393546,1.1328731930960507,confirmed,0.17530650293520508,15,13,none,0
VJJ3cdhNMQc,UCfyehHM_eo4g5JUyWmms2LA,time,14,13.8327,28,476544.83,473348,391567,1.217019902049589,confirmed,0.14651840464672053,15,9,none,0
Skp_PGCiRQ4,UCWqjZ2W4pOOErFealWwBSXA,time,5,4.8720,28,2673.27,2571,2105.2289379067993,1.269823402104745,likely,,15,13,none,0
Skp_PGCiRQ4,UCWqjZ2W4pOOErFealWwBSXA,time,7,6.8720,28,2599.03,2571,2105.2289379067993,1.2345577770258689,likely,0.3036407800164732,15,13,none,0
Skp_PGCiRQ4,UCWqjZ2W4pOOErFealWwBSXA,time,14,13.8720,28,2575.10,2571,2079.182031163148,1.2385136943113098,confirmed,0.20065740532778817,15,9,none,0
pZOUOiV2DM0,UCeYUHG6o0YguM-g23htdsSw,heldout,5,6.0824,30,775.39,848,747.97596290018,1.036656902122709,likely,,12,11,none,0
pZOUOiV2DM0,UCeYUHG6o0YguM-g23htdsSw,heldout,7,7.0824,30,689.40,848,732,0.9418006473173169,confirmed,0.1340100383663657,15,12,none,0
pZOUOiV2DM0,UCeYUHG6o0YguM-g23htdsSw,heldout,14,14.0824,30,770.68,848,732,1.0528425287007201,confirmed,0.1860104089258037,15,9,none,0
eDvE6T0Togo,UCll3zdukvI1oWlG-F13UCZw,heldout,1,1.0299,28,2222.85,1828,5882.756840350912,0.37785878299893916,early,,15,15,none,0
eDvE6T0Togo,UCll3zdukvI1oWlG-F13UCZw,heldout,2,1.0299,28,2222.85,1828,5882.756840350912,0.37785878299893916,early,,15,15,none,0
eDvE6T0Togo,UCll3zdukvI1oWlG-F13UCZw,heldout,3,3.0299,28,2546.98,1828,5812.092171598854,0.4382200556261473,likely,0.6539337851596654,15,15,none,0
eDvE6T0Togo,UCll3zdukvI1oWlG-F13UCZw,heldout,5,5.0299,28,2154.62,1828,5959.16477404871,0.36156487143661326,likely,0.4766900772246321,15,15,none,0
eDvE6T0Togo,UCll3zdukvI1oWlG-F13UCZw,heldout,7,7.0299,28,2116.01,1828,5929.258568133081,0.3568765171388359,confirmed,0.42794241463409816,15,15,none,0
eDvE6T0Togo,UCll3zdukvI1oWlG-F13UCZw,heldout,14,14.0299,28,1992.26,1828,5875.460279510618,0.3390814901920822,confirmed,0.3264091113286893,15,15,none,0
XSFzUR8Hh6U,UC4jbIZiyl9OUq4YpzQDOS9w,time,5,4.8955,27,10032.24,9781,,,insufficient,,0,0,none,0
XSFzUR8Hh6U,UC4jbIZiyl9OUq4YpzQDOS9w,time,7,6.8955,27,10690.43,9781,,,insufficient,0.4551093670036319,0,0,none,0
XSFzUR8Hh6U,UC4jbIZiyl9OUq4YpzQDOS9w,time,14,12.8955,27,10406.76,9781,,,insufficient,0.269774246143592,0,0,none,0
9hrOmqGZ1RI,UCEh_IoMVGA7NPsx6-2H8Bqw,time,14,12.7716,27,1521.56,1521,1195.227712544247,1.2730263579888594,confirmed,0.03607151811077898,15,15,none,0
--He8I3JOwU,UCaYGMFDjbnjrowLyhYir_jw,time,14,13.1823,27,3049.95,2995,2736.7153066117585,1.1144558308667418,confirmed,0.2794634191808729,15,14,none,0
rRGF_9hoJ64,UCJ1RVDuSiJncq6VQYiqpzLA,time,14,14.9570,27,1054.66,1057,675.6694286165397,1.5609060931710064,confirmed,0.09009344262109582,15,15,none,0
xaG3KqnpqDg,UCXUyg1vYSupswhi0zNeD-5w,time,5,4.8454,28,3561.19,3824,6171.788521327701,0.5770103539121976,likely,,9,9,none,0
xaG3KqnpqDg,UCXUyg1vYSupswhi0zNeD-5w,time,7,6.8454,28,4252.73,3824,5068.124397242397,0.8391137915273671,likely,0.5707803738372246,10,10,none,0
xaG3KqnpqDg,UCXUyg1vYSupswhi0zNeD-5w,time,14,13.8454,28,4163.56,3824,5065.495415738338,0.8219448686711665,confirmed,0.32965478313782703,10,10,none,0
SYMxa_0QdhQ,UCI4uVUontY0y9hiGFlJ-lBA,heldout,7,7.8328,29,3290.39,3371,6959.202962962963,0.47281152425654704,confirmed,,15,10,none,0
SYMxa_0QdhQ,UCI4uVUontY0y9hiGFlJ-lBA,heldout,14,13.8328,29,3278.33,3371,6959.202962962963,0.47107891112311934,confirmed,0.2566756837975821,15,10,none,0
OrNqEcNkoF0,UCAuUUnT6oDeKwE6v1NGQxug,heldout,5,6.8745,29,47938.51,60994,,,insufficient,,1,1,none,0
OrNqEcNkoF0,UCAuUUnT6oDeKwE6v1NGQxug,time,5,6.8745,29,47938.51,60994,,,insufficient,,1,1,none,0
OrNqEcNkoF0,UCAuUUnT6oDeKwE6v1NGQxug,heldout,7,6.8745,29,47938.51,60994,,,insufficient,,1,1,none,0
OrNqEcNkoF0,UCAuUUnT6oDeKwE6v1NGQxug,time,7,6.8745,29,47938.51,60994,,,insufficient,,1,1,none,0
OrNqEcNkoF0,UCAuUUnT6oDeKwE6v1NGQxug,heldout,14,13.8745,29,58668.64,60994,,,insufficient,0.43360756572434633,1,1,none,0
OrNqEcNkoF0,UCAuUUnT6oDeKwE6v1NGQxug,time,14,13.8745,29,58668.64,60994,,,insufficient,0.43360756572434633,1,1,none,0
ipwaK2kBFm8,UCsvqVGtbbyHaMoevxPAq9Fg,time,7,8.0202,27,1270.09,1036,3484.0683456597476,0.3645410778802918,confirmed,,15,15,none,0
ipwaK2kBFm8,UCsvqVGtbbyHaMoevxPAq9Fg,time,14,13.0202,27,1059.82,1036,3227.8984214003954,0.3283316917477233,confirmed,0.03788397580575466,15,15,none,0
b8xXe5ppOcU,UCayab18rVcu2PA685_WZXig,time,14,12.9834,28,1307.66,1280,495.2385083188878,2.640459350616139,confirmed,0.20317749626716988,15,12,none,0
VyF8SOSP2YM,UCX6b17PVsYBQ0ip5gyeme-Q,time,1,0.8326,29,45340.78,42652,71988.52825212614,0.6298334696483925,early,,15,10,none,0
VyF8SOSP2YM,UCX6b17PVsYBQ0ip5gyeme-Q,time,2,1.8326,29,38891.53,42652,71988.52825212614,0.5402461818183808,early,0.6273665430145818,15,9,none,0
VyF8SOSP2YM,UCX6b17PVsYBQ0ip5gyeme-Q,time,3,2.8326,29,39819.60,42652,72023.59474371615,0.5528687650799511,early,0.48259279980655484,15,9,none,0
VyF8SOSP2YM,UCX6b17PVsYBQ0ip5gyeme-Q,time,5,4.8326,29,41324.53,42652,72023.59474371615,0.5737638355764767,likely,0.4374227976542492,15,9,none,0
VyF8SOSP2YM,UCX6b17PVsYBQ0ip5gyeme-Q,time,7,6.8326,29,42775.22,42652,71992.10164020355,0.5941654252565184,likely,0.40612513742808637,15,9,none,0
VyF8SOSP2YM,UCX6b17PVsYBQ0ip5gyeme-Q,time,14,13.8326,29,46443.30,42652,71941.28553159951,0.645572284974234,confirmed,0.37130054100862253,15,8,none,0
_Zsmf18o8i4,UCUpbDOT-OVNBlaQpb9pbd2w,time,5,4.7446,28,14342.65,11035,30396.9490237019,0.47184490528827705,likely,,15,15,none,0
_Zsmf18o8i4,UCUpbDOT-OVNBlaQpb9pbd2w,time,7,6.7446,28,11811.03,11035,28563.856818067583,0.4134955360737054,likely,0.06100684774109259,15,15,none,0
_Zsmf18o8i4,UCUpbDOT-OVNBlaQpb9pbd2w,time,14,13.7446,28,11313.02,11035,25469.429183138585,0.44418053871906077,confirmed,0.03987374036646668,15,15,none,0
FkYNAqzKQ9k,UCSMOQeBJ2RAnuFungnQOxLg,time,14,13.7758,29,13693.99,14278,12581.542860514985,1.0884186331376824,confirmed,0.16515765911907027,10,9,none,0
DpWXwnRGhyg,UCnmGIkw-KdI0W5siakKPKog,heldout,1,0.8750,30,4479410.32,3205224,3292991.0232694,1.3602862240698592,early,,11,11,none,0
DpWXwnRGhyg,UCnmGIkw-KdI0W5siakKPKog,heldout,14,13.8750,30,3160930.17,3205224,3335311.3463596827,0.9477166721579705,confirmed,0.21420089678625953,15,15,none,0
qHfWSj4ix3E,UCdjEFkZWl9eBgV8azx1A_hg,heldout,5,4.8300,27,348.10,333,610.1806012573956,0.5704803803366204,likely,,3,3,none,0
qHfWSj4ix3E,UCdjEFkZWl9eBgV8azx1A_hg,time,5,4.8300,27,348.10,333,610.1806012573956,0.5704803803366204,likely,,3,3,none,0
qHfWSj4ix3E,UCdjEFkZWl9eBgV8azx1A_hg,heldout,7,6.8300,27,300.17,333,598.1892921385095,0.5017952398525035,likely,0.2179887157503787,3,3,none,0
qHfWSj4ix3E,UCdjEFkZWl9eBgV8azx1A_hg,time,7,6.8300,27,300.17,333,598.1892921385095,0.5017952398525035,likely,0.2179887157503787,3,3,none,0
qHfWSj4ix3E,UCdjEFkZWl9eBgV8azx1A_hg,heldout,14,12.8300,27,327.19,333,590.0227670793673,0.5545312062083021,confirmed,0.187461614395613,3,3,none,0
qHfWSj4ix3E,UCdjEFkZWl9eBgV8azx1A_hg,time,14,12.8300,27,327.19,333,590.0227670793673,0.5545312062083021,confirmed,0.187461614395613,3,3,none,0
wVTJ41WT3_I,UCJ1RVDuSiJncq6VQYiqpzLA,time,14,12.9987,28,618.50,619,1049.9391261529452,0.5890828940844322,confirmed,0.20851365577819034,15,15,none,0
PaAHkIYF9rY,UCt3B6rUXb__X2eMyY7jzgIg,heldout,0.5,0.6674,31,14649.05,37702,52835.73251821483,0.277256500345044,early,,9,9,none,0
PaAHkIYF9rY,UCt3B6rUXb__X2eMyY7jzgIg,heldout,1,0.6674,31,14649.05,37702,52835.73251821483,0.277256500345044,early,,9,9,none,0
PaAHkIYF9rY,UCt3B6rUXb__X2eMyY7jzgIg,heldout,3,3.6674,31,41824.63,37702,53357.166082690965,0.7838614657358373,likely,1.2150371139162164,10,10,none,0
PaAHkIYF9rY,UCt3B6rUXb__X2eMyY7jzgIg,heldout,5,4.6674,31,38715.15,37702,53434.33111422565,0.724536939702992,likely,1.081541206875377,10,10,none,0
PaAHkIYF9rY,UCt3B6rUXb__X2eMyY7jzgIg,heldout,7,6.6674,31,37489.53,37702,53515.956552207426,0.7005299072646022,likely,0.9322060739747879,10,10,none,0
PaAHkIYF9rY,UCt3B6rUXb__X2eMyY7jzgIg,heldout,14,13.6674,31,34784.05,37702,53869.2207428171,0.6457128696531534,confirmed,0.7372903156581654,10,10,none,0
xvhaNuD8CCg,UCdjEFkZWl9eBgV8azx1A_hg,time,5,6.8272,29,697.35,682,,,insufficient,,1,1,none,0
xvhaNuD8CCg,UCdjEFkZWl9eBgV8azx1A_hg,time,7,6.8272,29,697.35,682,,,insufficient,,1,1,none,0
xvhaNuD8CCg,UCdjEFkZWl9eBgV8azx1A_hg,time,14,13.8272,29,659.81,682,,,insufficient,0.14301132201481132,1,1,none,0
jqIWEE0q2UQ,UC4MndkrWaqQF1uZ5-kO3t6Q,time,5,6.7370,28,26.43,98,,,insufficient,,1,1,none,0
jqIWEE0q2UQ,UC4MndkrWaqQF1uZ5-kO3t6Q,time,7,6.7370,28,26.43,98,,,insufficient,,1,1,none,0
jqIWEE0q2UQ,UC4MndkrWaqQF1uZ5-kO3t6Q,time,14,13.7370,28,60.78,98,,,insufficient,1.2829679012714383,1,1,none,0
27foEj8ujSI,UCuwpzP90g1LuGk6JUNms_AQ,time,14,13.9582,28,14783.00,24204,7065.562231867493,2.0922608563458494,confirmed,1.3568194510159461,15,12,none,0
b7q6_A4CnR0,UCAHNAm34YmE_4k6iq9Ig0vg,time,5,5.6244,28,31353.12,31910,,,insufficient,,0,0,none,0
b7q6_A4CnR0,UCAHNAm34YmE_4k6iq9Ig0vg,time,7,6.6244,28,29010.17,31910,,,insufficient,0.2809451999146414,0,0,none,0
b7q6_A4CnR0,UCAHNAm34YmE_4k6iq9Ig0vg,time,14,13.6244,28,32199.62,31910,,,insufficient,0.2794248110964557,0,0,none,0
xf59x78d1mU,UCWzNlC-0FQVelSKLlUoj71g,time,14,13.9569,30,5114.20,4874,3925.025343293717,1.3029713488534114,confirmed,,11,11,none,0
48TlRDENkfc,UC4XsiyKOEWxdW0jpNyKsNEw,heldout,14,11.3080,32,55.40,83,555.399288349782,0.099741573804669,confirmed,,9,9,none,0
C0pFsBgpFIg,UCq33AlEZl8QBmxatFEwknew,heldout,14,14.3166,29,226.10,227,352.4307781418112,0.6415311838995188,confirmed,0.1799203544341972,15,12,none,0
MRPyuTso1-A,UCmu7bw5BYIeR0VDw0hJKblw,time,14,14.4277,28,336.73,346,434.2492211533892,0.7754362171482906,confirmed,0.41858042241517257,15,13,none,0
GRD0iWXan5s,UCU_n6cNknf6JlgnoVWEyTWw,time,14,14.0130,28,848.06,873,1971.9640747078963,0.43006040694317954,confirmed,0.11606570203081758,15,12,none,0
Vvzhrntzo6I,UCPAt6z5uX_c5Eo_cSNROzYw,time,14,13.8316,29,2024.61,1984,10395.623906499977,0.1947559861328913,confirmed,0.03755753715138055,15,15,none,0
X4R_LwlFucY,UC8NbcMmeW4gKRd2lE9APpVA,time,5,6.7828,29,148.53,216,,,insufficient,,0,0,none,0
X4R_LwlFucY,UC8NbcMmeW4gKRd2lE9APpVA,time,7,6.7828,29,148.53,216,,,insufficient,,0,0,none,0
X4R_LwlFucY,UC8NbcMmeW4gKRd2lE9APpVA,time,14,13.7828,29,177.72,216,,,insufficient,0.3946643565077296,0,0,none,0
jC7SCS_k6P8,UC8tRLgtV1soMY464cGlp8-Q,time,14,13.8660,29,186769.66,212160,23164.513916263317,8.06274881710943,confirmed,0.3791143312492337,15,14,none,0
aWwMLpA5Gas,UCS7BAYpqOSaYy-pZp6oO4PA,time,7,7.8006,27,22893.02,18269,14003.519117819686,1.6348046002012186,confirmed,,15,15,none,0
aWwMLpA5Gas,UCS7BAYpqOSaYy-pZp6oO4PA,time,14,12.8006,27,18810.28,18269,13394.534952567907,1.404324941000803,confirmed,0.0028091963878159455,15,15,none,0
Z2lYnArJbMw,UCSLClJLzdUMRMe0E4SPfc-w,time,1,0.7911,27,68624.36,64386,78951.22241357694,0.8691995042638087,early,,15,11,none,0
Z2lYnArJbMw,UCSLClJLzdUMRMe0E4SPfc-w,time,2,1.7911,27,74398.70,64386,79486.76252451671,0.9359885781222379,early,0.6762575741791204,15,10,none,0
Z2lYnArJbMw,UCSLClJLzdUMRMe0E4SPfc-w,time,3,2.7911,27,68479.15,64386,79808.1982210502,0.8580465292924593,early,0.47775477536414207,15,9,none,0
Z2lYnArJbMw,UCSLClJLzdUMRMe0E4SPfc-w,time,5,4.7911,27,57085.64,64386,79324.28336139176,0.7196489747726232,likely,0.3604769301948164,15,9,none,0
Z2lYnArJbMw,UCSLClJLzdUMRMe0E4SPfc-w,time,7,6.7911,27,60911.47,64386,78843.89665956501,0.7725578646760726,likely,0.3447013910265876,15,9,none,0
Z2lYnArJbMw,UCSLClJLzdUMRMe0E4SPfc-w,time,14,12.7911,27,63594.22,64386,76859.67258605035,0.8274068978723372,confirmed,0.30700013618103456,15,6,none,0
2IAJQ1GPJ2s,UCso1B56GyEtnhn2OPENKXoQ,time,14,14.1651,27,84.20,79,176.1342649690518,0.4780587505900438,confirmed,,12,12,none,0
Ez-uqo8kIU0,UCJS9pqu9BzkAMNTmzNMNhvg,time,14,12.8110,27,2388.70,2412,2060.4483819986517,1.159309164488755,confirmed,0.3630879646497359,15,10,none,0
9na5zfZZK9s,UCLo67YCh8z836Mgl8-3-Zfw,time,14,14.1306,29,330.16,333,113.47101930887194,2.9096639891538203,confirmed,,15,15,none,0
45_D5IAIbkY,UCb_JYhqnSdEejiznUm3XNqQ,time,3,3.9871,27,556.40,7407,,,insufficient,,1,1,none,0
45_D5IAIbkY,UCb_JYhqnSdEejiznUm3XNqQ,time,5,4.9871,27,855.82,7407,,,insufficient,1.4679098422328203,1,1,none,0
45_D5IAIbkY,UCb_JYhqnSdEejiznUm3XNqQ,time,7,6.9871,27,1280.39,7407,,,insufficient,1.7035945344328673,1,1,none,0
45_D5IAIbkY,UCb_JYhqnSdEejiznUm3XNqQ,time,14,14.9871,27,2871.76,7407,,,insufficient,1.6017037660112705,1,1,none,0
cA8X2AWeVIo,UCIw43VFoz08rP1e_dzqJXpw,time,1,0.7761,28,42.39,59,110.77330927969867,0.38269054510682077,early,,4,4,none,0
cA8X2AWeVIo,UCIw43VFoz08rP1e_dzqJXpw,time,2,2.7761,28,40.75,59,117.76936972328062,0.3459756120866137,early,0.5916901579059876,4,4,none,0
cA8X2AWeVIo,UCIw43VFoz08rP1e_dzqJXpw,time,3,2.7761,28,40.75,59,117.76936972328062,0.3459756120866137,early,0.5916901579059876,4,4,none,0
cA8X2AWeVIo,UCIw43VFoz08rP1e_dzqJXpw,time,5,4.7761,28,37.39,59,119.6984114502854,0.3123470495003477,likely,0.4436972642152054,4,4,none,0
cA8X2AWeVIo,UCIw43VFoz08rP1e_dzqJXpw,time,7,6.7761,28,35.52,59,123.28510550852542,0.2881175648896076,likely,0.3789855599831562,4,4,none,0
cA8X2AWeVIo,UCIw43VFoz08rP1e_dzqJXpw,time,14,13.7761,28,56.11,59,132.77908904376935,0.4225610890769922,confirmed,0.39570551843682156,4,3,none,0
QmiqqkebDWc,UCglNXzBo6bmKc9otKf-OuGQ,time,14,13.5829,29,2135.14,2136,9063.525459357314,0.23557468589067096,confirmed,0.047753407772770255,15,15,none,0
6DmPXKSCPHo,UCfQgsKhHjSyRLOp9mnffqVg,time,1,0.8332,29,414049.62,407068,537528.3572622335,0.7702842310405912,early,,14,14,none,0
6DmPXKSCPHo,UCfQgsKhHjSyRLOp9mnffqVg,time,2,1.8332,29,450252.40,407068,540135.756378462,0.8335911725717713,early,0.8036415748802785,15,15,none,0
6DmPXKSCPHo,UCfQgsKhHjSyRLOp9mnffqVg,time,3,2.8332,29,396663.93,407068,545317,0.7274006393092999,early,0.6005743321232692,15,14,none,0
6DmPXKSCPHo,UCfQgsKhHjSyRLOp9mnffqVg,time,5,4.8332,29,379009.00,407068,545317,0.6950250936596298,likely,0.48418339022031154,15,13,none,0
6DmPXKSCPHo,UCfQgsKhHjSyRLOp9mnffqVg,time,7,6.8332,29,359767.91,407068,545317,0.659740873330544,likely,0.4428980027678408,15,11,none,0
6DmPXKSCPHo,UCfQgsKhHjSyRLOp9mnffqVg,time,14,13.8332,29,440534.16,407068,545449,0.8076541732191145,confirmed,0.4050934273919602,15,8,none,0
UBHsjUYB_Ik,UC3lJL1pUvQ2Ih2qZ-4ozrLw,time,5,6.9786,27,567.70,536,,,insufficient,,2,2,none,0
UBHsjUYB_Ik,UC3lJL1pUvQ2Ih2qZ-4ozrLw,time,7,6.9786,27,567.70,536,,,insufficient,,2,2,none,0
UBHsjUYB_Ik,UC3lJL1pUvQ2Ih2qZ-4ozrLw,time,14,14.9786,27,498.92,536,3447.3802881897254,0.14472489388702814,confirmed,0.09870531998921535,12,12,none,0
Sj8VlTGFBIs,UCpjlh0e319ksmoOD7bQFSiw,time,14,13.0826,28,11727.42,11681,43950.06675829556,0.26683503704516087,confirmed,,15,14,none,0
7bYJ9xpX44s,UCYzrlZP_m1cV51q9GGDHCMg,time,0.5,0.6191,29,582.89,544,208.51692547607414,2.7954018490478822,early,,13,13,none,0
7bYJ9xpX44s,UCYzrlZP_m1cV51q9GGDHCMg,time,1,0.6191,29,582.89,544,208.51692547607414,2.7954018490478822,early,,13,13,none,0
7bYJ9xpX44s,UCYzrlZP_m1cV51q9GGDHCMg,time,2,1.6191,29,939.87,544,201.3130417602988,4.668684306199057,early,1.1527012362015423,15,15,none,0
7bYJ9xpX44s,UCYzrlZP_m1cV51q9GGDHCMg,time,3,2.6191,29,744.77,544,196.43426221755644,3.791450208397736,early,0.815687059483859,15,15,none,0
7bYJ9xpX44s,UCYzrlZP_m1cV51q9GGDHCMg,time,5,4.6191,29,750.86,544,188.5410227607143,3.982491588593094,likely,0.6369656651160267,15,15,none,0
7bYJ9xpX44s,UCYzrlZP_m1cV51q9GGDHCMg,time,7,6.6191,29,689.11,544,184.60477979729455,3.732909725743995,likely,0.5326545367584494,15,15,none,0
7bYJ9xpX44s,UCYzrlZP_m1cV51q9GGDHCMg,time,14,13.6191,29,620.85,544,179.3348432229427,3.461963503342588,confirmed,0.40043079072187804,15,15,none,0
ao5GfJe0egI,UCGbg3DjQdcqWwqOLHpYHXIg,time,1,0.8333,27,415962.55,312243,313462,1.3269951437129053,early,,15,12,none,0
ao5GfJe0egI,UCGbg3DjQdcqWwqOLHpYHXIg,time,2,1.8333,27,357143.51,312243,313462,1.139351863260835,early,0.6297718240665423,15,12,none,0
ao5GfJe0egI,UCGbg3DjQdcqWwqOLHpYHXIg,time,3,2.8333,27,370358.75,312243,313462,1.181510835518967,early,0.5013137223863006,15,11,none,0
ao5GfJe0egI,UCGbg3DjQdcqWwqOLHpYHXIg,time,5,4.8333,27,354856.71,312243,313462,1.1320565462851315,likely,0.42332304789097075,15,11,none,0
ao5GfJe0egI,UCGbg3DjQdcqWwqOLHpYHXIg,time,7,6.8333,27,351176.99,312243,313462,1.1203175901733935,likely,0.3905258044293536,15,11,none,0
ao5GfJe0egI,UCGbg3DjQdcqWwqOLHpYHXIg,time,14,12.8333,27,329550.93,312243,313462,1.0513265602524824,confirmed,0.3115208165894154,15,10,none,0
y4qqtqd10EI,UCdRpPAsQbIaVpn_vS2_omPw,heldout,14,14.8737,29,240.42,223,419.48366904490223,0.5731340452056235,confirmed,,15,13,none,0
x-vaVjdk264,UCcilAnkcu67nJwNlgqVKdXw,time,14,12.6153,27,16931.32,17398,9029.504452282961,1.8751103755836802,confirmed,0.10655602058171713,15,11,none,0
3Q4FIzaQMd0,UCKLIIdKEpjAnn8E76KP7sQg,heldout,5,5.1042,30,12025.63,10035,9419.631140221472,1.2766562665676273,likely,,15,13,none,0
3Q4FIzaQMd0,UCKLIIdKEpjAnn8E76KP7sQg,heldout,7,6.1042,30,10000.12,10035,9419.631140221472,1.0616254751773244,likely,0.1844672338094158,15,13,none,0
3Q4FIzaQMd0,UCKLIIdKEpjAnn8E76KP7sQg,heldout,14,14.1042,30,10123.05,10035,9412.165604097752,1.0755282421378207,confirmed,0.11329260792662411,15,12,none,0
p6ELIoDO24k,UCeW11HsUiXwnRbPqNlh6fHw,heldout,14,14.4501,29,43991.39,45501,22730.231254379818,1.9353691552415229,confirmed,,15,15,none,0
p6ELIoDO24k,UCeW11HsUiXwnRbPqNlh6fHw,time,14,14.4501,29,43991.39,45501,22730.231254379818,1.9353691552415229,confirmed,,15,15,none,0
iTc7OQzk5-4,UCSLClJLzdUMRMe0E4SPfc-w,time,0.5,0.5097,29,14410.17,7445,84711.77465410449,0.1701082622854485,early,,15,11,none,0
iTc7OQzk5-4,UCSLClJLzdUMRMe0E4SPfc-w,time,1,0.5097,29,14410.17,7445,84711.77465410449,0.1701082622854485,early,,15,11,none,0
iTc7OQzk5-4,UCSLClJLzdUMRMe0E4SPfc-w,time,2,1.5097,29,10507.58,7445,83978.25288673521,0.12512260758536334,early,0.57727635019195,15,11,none,0
iTc7OQzk5-4,UCSLClJLzdUMRMe0E4SPfc-w,time,3,2.5097,29,8150.92,7445,83440.81862512292,0.09768501430110514,early,0.39389777633155165,15,10,none,0
iTc7OQzk5-4,UCSLClJLzdUMRMe0E4SPfc-w,time,5,4.5097,29,7766.22,7445,82385.97732429857,0.09426627084888538,likely,0.2927545992063861,15,8,none,0
iTc7OQzk5-4,UCSLClJLzdUMRMe0E4SPfc-w,time,7,6.5097,29,8062.37,7445,81149.64772281652,0.09935191768634624,likely,0.25415778801095124,15,8,none,0
iTc7OQzk5-4,UCSLClJLzdUMRMe0E4SPfc-w,time,14,13.5097,29,7332.93,7445,78397.63639628419,0.09353503896441101,confirmed,0.20491003703196475,15,6,none,0
gO0rrW6YhKo,UC3DkFux8Iv-aYnTRWzwaiBA,heldout,1,1.6561,29,109283.03,117801,148314.00089812794,0.7368355314211872,early,,10,8,none,0
gO0rrW6YhKo,UC3DkFux8Iv-aYnTRWzwaiBA,heldout,2,1.6561,29,109283.03,117801,148314.00089812794,0.7368355314211872,early,,10,8,none,0
gO0rrW6YhKo,UC3DkFux8Iv-aYnTRWzwaiBA,heldout,3,3.6561,29,121411.40,117801,148335.2807540089,0.8184930722027521,likely,0.509290749238471,10,8,none,0
gO0rrW6YhKo,UC3DkFux8Iv-aYnTRWzwaiBA,heldout,5,4.6561,29,119322.56,117801,148481.82319562964,0.8036172918291784,likely,0.46937667401270183,10,8,none,0
gO0rrW6YhKo,UC3DkFux8Iv-aYnTRWzwaiBA,heldout,7,6.6561,29,117679.76,117801,148315.5551922171,0.7934418084415686,likely,0.4366723321739446,10,8,none,0
gO0rrW6YhKo,UC3DkFux8Iv-aYnTRWzwaiBA,heldout,14,14.6561,29,113079.65,117801,147891.5378181589,0.7646120368223578,confirmed,0.3145973304096778,10,8,none,0
ZdhSeoqPJ1g,UCAuUUnT6oDeKwE6v1NGQxug,time,5,5.8742,28,16352.36,14189,,,insufficient,,2,2,none,0
ZdhSeoqPJ1g,UCAuUUnT6oDeKwE6v1NGQxug,time,7,6.8742,28,15190.22,14189,,,insufficient,0.3198873546008719,2,2,none,0
ZdhSeoqPJ1g,UCAuUUnT6oDeKwE6v1NGQxug,time,14,12.8742,28,14574.45,14189,,,insufficient,0.15490092335274633,2,2,none,0
SzKo1wE0KeQ,UCl0dAq1S5Pv3cw53nFo_aWg,time,1,1.0310,27,4558.53,40641,,,insufficient,1.540991964137415,1,0,none,0
SzKo1wE0KeQ,UCl0dAq1S5Pv3cw53nFo_aWg,time,2,2.0310,27,6866.18,40641,,,insufficient,1.328279553282693,1,0,none,0
SzKo1wE0KeQ,UCl0dAq1S5Pv3cw53nFo_aWg,time,3,3.0310,27,7924.83,40641,,,insufficient,1.2472835968358955,1,0,none,0
SzKo1wE0KeQ,UCl0dAq1S5Pv3cw53nFo_aWg,time,5,5.0310,27,22665.25,40641,,,insufficient,1.642499294865835,1,0,none,0
SzKo1wE0KeQ,UCl0dAq1S5Pv3cw53nFo_aWg,time,7,7.0310,27,33085.82,40641,,,insufficient,1.6615398578027851,1,0,none,0
SzKo1wE0KeQ,UCl0dAq1S5Pv3cw53nFo_aWg,time,14,15.0310,27,39519.35,40641,,,insufficient,1.3730649239352364,1,0,none,0
CJDJ4eWvGKg,UCsvqVGtbbyHaMoevxPAq9Fg,time,7,8.8957,28,2594.30,2660,5548.652161586393,0.46755474031780603,confirmed,,15,15,none,0
CJDJ4eWvGKg,UCsvqVGtbbyHaMoevxPAq9Fg,time,14,13.8957,28,2535.09,2660,5479.523322978413,0.4626487594369934,confirmed,0.23078260867888042,15,15,none,0
nLy2Oo7_hnk,UCHqH3S3G4wvIvGoRz4xWGqQ,heldout,3,3.9370,28,2292.16,2134,1525.8890272764186,1.5021830445728706,likely,,15,15,none,0
nLy2Oo7_hnk,UCHqH3S3G4wvIvGoRz4xWGqQ,heldout,5,3.9370,28,2292.16,2134,1525.8890272764186,1.5021830445728706,likely,,15,15,none,0
nf4FKyRwD1s,UCCZLVYAGIoGvaFUrTyyeaXA,time,5,4.9164,27,28537.08,27321,11188.423391896951,2.550589773959861,likely,,7,7,none,0
nf4FKyRwD1s,UCCZLVYAGIoGvaFUrTyyeaXA,time,7,6.9164,27,33504.34,27321,10725.67141551912,3.1237525589111805,likely,0.5184184675707033,7,7,none,0
nf4FKyRwD1s,UCCZLVYAGIoGvaFUrTyyeaXA,time,14,12.9164,27,29017.60,27321,9772.771703534914,2.969229307376397,confirmed,0.24708804529902667,7,7,none,0
s_VVK_0dQno,UCGpsgNbzdF7BECCVbB1COHw,time,14,13.5525,28,8969.23,8814,6788.935267168043,1.321153977038507,confirmed,0.025015243293959582,15,15,none,0
PvTK8TOkDAc,UCN9rUqSA8Wu6dutv0H6fBCA,time,14,13.6838,29,21434.70,22342,15207.723863700696,1.4094614872925844,confirmed,0.22611068786208946,15,15,none,0
BEbr83HMO4g,UC-mP1nlk0qOutA08zuQHORA,time,0.5,0.6979,27,728359.05,742201,1003201.3624024395,0.7260347465564685,early,,15,10,none,0
BEbr83HMO4g,UC-mP1nlk0qOutA08zuQHORA,time,1,0.6979,27,728359.05,742201,1003201.3624024395,0.7260347465564685,early,,15,10,none,0
BEbr83HMO4g,UC-mP1nlk0qOutA08zuQHORA,time,2,1.6979,27,794265.99,742201,1003201.3624024395,0.7917313727415184,early,0.761558873186274,15,10,none,0
BEbr83HMO4g,UC-mP1nlk0qOutA08zuQHORA,time,3,2.6979,27,724704.58,742201,1012960.4741079707,0.7154322433789712,early,0.6177940172299532,15,10,none,0
BEbr83HMO4g,UC-mP1nlk0qOutA08zuQHORA,time,5,4.6979,27,769575.09,742201,1012960.4741079707,0.7597286475709105,likely,0.5311381131701479,15,10,none,0
BEbr83HMO4g,UC-mP1nlk0qOutA08zuQHORA,time,7,6.6979,27,855045.76,742201,1021650.1756453785,0.8369261634187368,likely,0.4868541446419579,15,9,none,0
BEbr83HMO4g,UC-mP1nlk0qOutA08zuQHORA,time,14,15.6979,27,781739.61,742201,1023065.138343481,0.7641151832218699,confirmed,0.37354070645941084,15,7,none,0
dvuKqGfX52M,UC_wSuaxwUYsJOBZDWwHIQZg,time,0.5,0.6179,27,35076.65,48122,64095.0792347758,0.5472595808046259,early,,14,8,none,0
dvuKqGfX52M,UC_wSuaxwUYsJOBZDWwHIQZg,time,1,0.6179,27,35076.65,48122,64095.0792347758,0.5472595808046259,early,,14,8,none,0
dvuKqGfX52M,UC_wSuaxwUYsJOBZDWwHIQZg,time,2,1.6179,27,55152.77,48122,59218,0.9313514817962659,early,1.0997300332629942,15,9,none,0
dvuKqGfX52M,UC_wSuaxwUYsJOBZDWwHIQZg,time,3,2.6179,27,46911.77,48122,59218,0.7921877294893306,early,0.8720066513822954,15,8,none,0
dvuKqGfX52M,UC_wSuaxwUYsJOBZDWwHIQZg,time,5,4.6179,27,49566.23,48122,59218,0.8370129077728535,likely,0.7110452593320682,15,8,none,0
dvuKqGfX52M,UC_wSuaxwUYsJOBZDWwHIQZg,time,7,6.6179,27,49373.16,48122,59218,0.8337525805117495,likely,0.6450591635567768,15,8,none,0
dvuKqGfX52M,UC_wSuaxwUYsJOBZDWwHIQZg,time,14,12.6179,27,54534.00,48122,59218,0.9209024929846554,confirmed,0.5308266420339941,15,7,none,0
_YeH0nwcoPM,UC6y_DbpezOinlzHv8O092zw,time,14,13.8604,28,82799.97,87150,62153.981622963714,1.3321747917377338,confirmed,0.359361834184744,15,15,none,0
R8pdxfklTbk,UCJ1RVDuSiJncq6VQYiqpzLA,time,14,14.9994,27,535.89,528,1048.700411822056,0.5110033487410018,confirmed,0.15604502570757575,15,15,none,0
UP0URKAlH3Q,UC1CVzH-XVr3E-kTT6D8hhfg,time,1,0.9160,27,55148.80,45540,46529.805013847064,1.1852359516446382,early,,15,9,none,0
UP0URKAlH3Q,UC1CVzH-XVr3E-kTT6D8hhfg,time,2,1.9160,27,110609.36,45540,46536.72059680704,2.3768188793330016,early,1.0974849797068134,15,8,none,0
UP0URKAlH3Q,UC1CVzH-XVr3E-kTT6D8hhfg,time,3,2.9160,27,67354.32,45540,45931.676777317436,1.466402466624977,early,0.7166108647170492,15,8,none,0
UP0URKAlH3Q,UC1CVzH-XVr3E-kTT6D8hhfg,time,5,4.9160,27,50686.53,45540,44722.10769143831,1.1333662402692168,likely,0.48815212584497564,15,8,none,0
UP0URKAlH3Q,UC1CVzH-XVr3E-kTT6D8hhfg,time,7,6.9160,27,50293.30,45540,43941.6068016944,1.1445484359173435,likely,0.4030683058885334,15,7,none,0
UP0URKAlH3Q,UC1CVzH-XVr3E-kTT6D8hhfg,time,14,15.9160,27,49624.31,45540,42584.176206996766,1.1653228330727756,confirmed,0.30147454442989685,15,4,none,0
zRCWtTeaPjE,UCXB4UyUjSe-TPiM8IW_i1xg,heldout,1,0.9101,28,31609.62,27302,19243.97757533287,1.642571972080537,early,,15,11,none,0
zRCWtTeaPjE,UCXB4UyUjSe-TPiM8IW_i1xg,time,1,0.9101,28,31609.62,27302,19243.97757533287,1.642571972080537,early,,15,11,none,0
zRCWtTeaPjE,UCXB4UyUjSe-TPiM8IW_i1xg,heldout,2,1.9101,28,27382.65,27302,19407.228451296425,1.4109510341120335,early,0.6906635755811942,15,11,none,0
zRCWtTeaPjE,UCXB4UyUjSe-TPiM8IW_i1xg,time,2,1.9101,28,27382.65,27302,19407.228451296425,1.4109510341120335,early,0.6906635755811942,15,11,none,0
zRCWtTeaPjE,UCXB4UyUjSe-TPiM8IW_i1xg,heldout,3,2.9101,28,29857.65,27302,19407.228451296425,1.5384809012251268,early,0.568230517078459,15,11,none,0
zRCWtTeaPjE,UCXB4UyUjSe-TPiM8IW_i1xg,time,3,2.9101,28,29857.65,27302,19407.228451296425,1.5384809012251268,early,0.568230517078459,15,11,none,0
zRCWtTeaPjE,UCXB4UyUjSe-TPiM8IW_i1xg,heldout,5,4.9101,28,29940.42,27302,19407.228451296425,1.5427458092142425,likely,0.43906080359233696,15,11,none,0
zRCWtTeaPjE,UCXB4UyUjSe-TPiM8IW_i1xg,time,5,4.9101,28,29940.42,27302,19407.228451296425,1.5427458092142425,likely,0.43906080359233696,15,11,none,0
zRCWtTeaPjE,UCXB4UyUjSe-TPiM8IW_i1xg,heldout,7,6.9101,28,27515.70,27302,19407.228451296425,1.4178068471543386,likely,0.39878326802100156,15,10,none,0
zRCWtTeaPjE,UCXB4UyUjSe-TPiM8IW_i1xg,time,7,6.9101,28,27515.70,27302,19407.228451296425,1.4178068471543386,likely,0.39878326802100156,15,10,none,0
zRCWtTeaPjE,UCXB4UyUjSe-TPiM8IW_i1xg,heldout,14,13.9101,28,27650.01,27302,19797.06797477225,1.3966717348924724,confirmed,0.3215617088661752,15,9,none,0
zRCWtTeaPjE,UCXB4UyUjSe-TPiM8IW_i1xg,time,14,13.9101,28,27650.01,27302,19797.06797477225,1.3966717348924724,confirmed,0.3215617088661752,15,9,none,0
Nz3MAyQ1ZH4,UCbRP3c757lWg9M-U7TyEkXA,time,1,1.4041,28,66733.55,31444,77825.66881939134,0.8574748019737549,early,,15,15,none,0
Nz3MAyQ1ZH4,UCbRP3c757lWg9M-U7TyEkXA,time,2,2.4041,28,41625.11,31444,77700.52405938008,0.5357120377362338,early,0.09451105130802764,15,15,none,0
Nz3MAyQ1ZH4,UCbRP3c757lWg9M-U7TyEkXA,time,3,3.4041,28,36402.97,31444,77470.86031617229,0.46989237835562253,likely,0.07980522243756416,15,15,none,0
Nz3MAyQ1ZH4,UCbRP3c757lWg9M-U7TyEkXA,time,5,5.4041,28,34096.57,31444,77041.98184888433,0.44257126582332174,likely,0.07439552179369138,15,15,none,0
Nz3MAyQ1ZH4,UCbRP3c757lWg9M-U7TyEkXA,time,7,6.4041,28,33404.47,31444,76854.2868302167,0.434646806088666,likely,0.07892736490202346,15,15,none,0
Nz3MAyQ1ZH4,UCbRP3c757lWg9M-U7TyEkXA,time,14,13.4041,28,31461.17,31444,75620.46706345378,0.41604045151179614,confirmed,0.06027861975615791,15,10,none,0
XzWtkEVq6M8,UCc99RaVe8PKgly2T3QNBWLw,time,5,6.9199,29,57.90,58,,,insufficient,,1,1,none,0
XzWtkEVq6M8,UCc99RaVe8PKgly2T3QNBWLw,time,7,6.9199,29,57.90,58,,,insufficient,,1,1,none,0
XzWtkEVq6M8,UCc99RaVe8PKgly2T3QNBWLw,time,14,13.9199,29,55.44,58,,,insufficient,0.16292600691019613,1,1,none,0
Y_KgvdF7g-c,UCI8gcSTo1FowsRJdilsjsZw,heldout,5,4.9575,30,631349.71,519125,45803.514507185064,13.783870518439063,likely,,15,15,none,0
Y_KgvdF7g-c,UCI8gcSTo1FowsRJdilsjsZw,heldout,14,12.9575,30,500818.27,519125,48880.15822013732,10.245839764999786,confirmed,0.05080275183100776,15,15,none,0
TVVa_4DmoXk,UCGIMKh92vaL0_Yc0u4GYhHA,time,2,2.6245,27,3595.18,3226,11771.254735816477,0.30542023348472974,early,,12,11,none,0
TVVa_4DmoXk,UCGIMKh92vaL0_Yc0u4GYhHA,time,3,2.6245,27,3595.18,3226,11771.254735816477,0.30542023348472974,early,,12,11,none,0
TVVa_4DmoXk,UCGIMKh92vaL0_Yc0u4GYhHA,time,5,4.6245,27,3451.16,3226,9697.247195561848,0.35589115617353057,likely,0.3781686286198482,15,12,none,0
TVVa_4DmoXk,UCGIMKh92vaL0_Yc0u4GYhHA,time,7,6.6245,27,3362.17,3226,9555.94994816316,0.35184004274906316,likely,0.27372271909957413,15,11,none,0
TVVa_4DmoXk,UCGIMKh92vaL0_Yc0u4GYhHA,time,14,12.6245,27,3214.25,3226,9229.933795119148,0.3482418843028773,confirmed,0.20033810177454814,15,8,none,0
xsDawRKgvbw,UCGER4yfUXubhNVPYoNzBSEA,time,1,0.8322,29,13236.87,9391,19817.236039923475,0.6679473443551773,early,,10,8,none,0
xsDawRKgvbw,UCGER4yfUXubhNVPYoNzBSEA,time,2,1.8322,29,11536.55,9391,19789.824987711858,0.5829534055365849,early,0.6638562642553163,10,8,none,0
xsDawRKgvbw,UCGER4yfUXubhNVPYoNzBSEA,time,3,2.8322,29,10804.72,9391,19776.815351812642,0.5463326946707704,early,0.48199577616680356,10,8,none,0
xsDawRKgvbw,UCGER4yfUXubhNVPYoNzBSEA,time,5,4.8322,29,9977.40,9391,19827.614860690766,0.5032073919666947,likely,0.3749461412010836,10,8,none,0
xsDawRKgvbw,UCGER4yfUXubhNVPYoNzBSEA,time,7,6.8322,29,9594.27,9391,19788.126299824566,0.48484968285622426,likely,0.31829477532670497,10,8,none,0
xsDawRKgvbw,UCGER4yfUXubhNVPYoNzBSEA,time,14,13.8322,29,10004.39,9391,20008.31709880869,0.5000114907709862,confirmed,0.26754042864719607,10,7,none,0
_qIeV6OXqNg,UCPAt6z5uX_c5Eo_cSNROzYw,time,7,8.9991,29,16102.02,13109,10669.663026000691,1.5091406596049068,confirmed,,15,15,none,0
_qIeV6OXqNg,UCPAt6z5uX_c5Eo_cSNROzYw,time,14,13.9991,29,13334.54,13109,10337.074035777017,1.2899719806421448,confirmed,0.0224533876964395,15,15,none,0
XYX2zn-zQn0,UCKegeYEy0lJxpkjWRthaRMw,time,14,14.0076,28,50611.67,48958,11077.942197490996,4.568688892867623,confirmed,1.183311822135831,15,13,none,0
CBzAfzULudA,UCfWAnFA6cNSwOE3Bpfd42ww,time,7,8.5846,27,2392.90,2261,24312.737198193623,0.09842155766280263,confirmed,,10,9,none,0
CBzAfzULudA,UCfWAnFA6cNSwOE3Bpfd42ww,time,14,12.5846,27,2207.69,2261,24312.737198193623,0.09080386475022972,confirmed,0.18965637302549843,10,9,none,0
dxZ-_3KHV68,UCPDis9pjXuqyI7RYLJ-TTSA,time,7,8.9573,27,1467055.10,1448837,1128710.2154352912,1.2997624016778295,confirmed,,8,8,none,0
dxZ-_3KHV68,UCPDis9pjXuqyI7RYLJ-TTSA,time,14,14.9573,27,1388755.81,1448837,1345016.735480843,1.032519351377148,confirmed,0.19477415408753915,15,11,none,0
xTiBF2Hq40I,UC2Kyj04yISmHr1V-UlJz4eg,heldout,1,1.8891,30,404519.46,583890,159522.27224947442,2.535818070713018,early,,10,8,none,0
xTiBF2Hq40I,UC2Kyj04yISmHr1V-UlJz4eg,heldout,2,1.8891,30,404519.46,583890,159522.27224947442,2.535818070713018,early,,10,8,none,0
xTiBF2Hq40I,UC2Kyj04yISmHr1V-UlJz4eg,heldout,3,2.8891,30,475601.10,583890,159522.27224947442,2.9814087564153513,early,0.7559661792919949,10,8,none,0
xTiBF2Hq40I,UC2Kyj04yISmHr1V-UlJz4eg,heldout,5,4.8891,30,534288.49,583890,159522.27224947442,3.3493034108042736,likely,0.659097157887143,10,8,none,0
xTiBF2Hq40I,UC2Kyj04yISmHr1V-UlJz4eg,heldout,7,6.8891,30,537296.72,583890,164332.37456201823,3.2695731624423914,likely,0.5905259202608807,10,8,none,0
xTiBF2Hq40I,UC2Kyj04yISmHr1V-UlJz4eg,heldout,14,13.8891,30,568937.51,583890,164332.37456201823,3.462114598168173,confirmed,0.4246011812018384,10,8,none,0
A8qva2ID9MU,UCibTRXCGW9o16HjUODtvTVQ,heldout,7,8.9499,30,52998.71,48389,90663.24646652892,0.584566688865359,confirmed,,10,10,none,0
A8qva2ID9MU,UCibTRXCGW9o16HjUODtvTVQ,heldout,14,16.9499,30,46890.38,48389,89941.39618205861,0.5213437019826662,confirmed,0.1275157439520323,10,10,none,0
ifqjcDjXPu8,UCHQ4lSaKRap5HyrpitrTOhQ,time,5,5.8646,29,21410.63,19021,6468.094936990185,3.310190634187444,likely,,10,10,none,0
ifqjcDjXPu8,UCHQ4lSaKRap5HyrpitrTOhQ,time,7,6.8646,29,19696.49,19021,6871.3314066430885,2.866473099346079,likely,0.2479498420447658,15,15,none,0
ifqjcDjXPu8,UCHQ4lSaKRap5HyrpitrTOhQ,time,14,14.8646,29,19765.95,19021,6699.718615360721,2.9502656665283333,confirmed,0.17184453744298697,15,14,none,0
OjN2Ab_EqCQ,UCLFgO1aEI66fh06p6u6-juw,heldout,5,5.7913,30,8048.36,8866,14227.956141241577,0.565672370056056,likely,,15,15,none,0
OjN2Ab_EqCQ,UCLFgO1aEI66fh06p6u6-juw,heldout,7,5.7913,30,8048.36,8866,14227.956141241577,0.565672370056056,likely,,15,15,none,0
OjN2Ab_EqCQ,UCLFgO1aEI66fh06p6u6-juw,heldout,14,12.7913,30,7895.17,8866,14656.551396865483,0.5386784917258595,confirmed,0.24763932827387808,15,15,none,0
0TDI7Rg0Nns,UCWyL3FzhX0CaxgkOMTQMa0A,time,14,13.7916,29,103443.91,111319,11552.553750495186,8.954203040140296,confirmed,,15,14,none,0
2FNiAUEvla8,UCLO5pk4z1AbAEDpRieuJdzA,time,14,13.9596,29,161500.64,167033,274233.9400905363,0.5889155810320014,confirmed,0.23642429830634426,15,14,none,0
dr2nha4f97A,UCe43pe3w4L6w3tNMRkWiJBA,time,14,13.8671,27,21975.81,22040,29786.588115108785,0.7377754785216472,confirmed,0.15405223215478975,15,13,none,0
zHW6Tb_NHis,UCQIcXQ2n0sa-7CD0NtqnrrA,time,1,0.7917,28,55443.30,38671,100189.64961457603,0.5533835476609634,early,,15,14,none,0
zHW6Tb_NHis,UCQIcXQ2n0sa-7CD0NtqnrrA,time,2,2.7917,28,39435.03,38671,100189.64961457603,0.393603785277739,early,0.3960654380131874,15,14,none,0
zHW6Tb_NHis,UCQIcXQ2n0sa-7CD0NtqnrrA,time,3,2.7917,28,39435.03,38671,100189.64961457603,0.393603785277739,early,0.3960654380131874,15,14,none,0
zHW6Tb_NHis,UCQIcXQ2n0sa-7CD0NtqnrrA,time,5,4.7917,28,38497.62,38671,100189.64961457603,0.38424751799858164,likely,0.3033961151705671,15,13,none,0
zHW6Tb_NHis,UCQIcXQ2n0sa-7CD0NtqnrrA,time,7,6.7917,28,38100.11,38671,100899.74632095305,0.37760364168374944,likely,0.278312920476394,15,13,none,0
zHW6Tb_NHis,UCQIcXQ2n0sa-7CD0NtqnrrA,time,14,12.7917,28,37465.85,38671,101621.44008409251,0.3686805524126534,confirmed,0.24027859785050337,15,12,none,0
-6SlSsNIrLE,UC6jZvmJ7QJ_LAH-DpMpLf2Q,heldout,14,13.7083,29,1881.26,1905,3129,0.6012341686722961,confirmed,,15,11,none,0
-6SlSsNIrLE,UC6jZvmJ7QJ_LAH-DpMpLf2Q,time,14,13.7083,29,1881.26,1905,3129,0.6012341686722961,confirmed,,15,11,none,0
FXseY7Dwbcw,UC1226ElkVkwZyh74jipyw1Q,time,3,3.9997,27,103.04,78,,,insufficient,,1,1,none,0
FXseY7Dwbcw,UC1226ElkVkwZyh74jipyw1Q,time,5,4.9997,27,74.12,78,,,insufficient,0,1,1,none,0
FXseY7Dwbcw,UC1226ElkVkwZyh74jipyw1Q,time,7,6.9997,27,75.87,78,,,insufficient,0.12705535357283262,1,1,none,0
FXseY7Dwbcw,UC1226ElkVkwZyh74jipyw1Q,time,14,14.9997,27,76.44,78,,,insufficient,0.11148458698092781,1,1,none,0
gPAkelGm3-8,UCEf_Bc-KVd7onSeifS3py9g,heldout,1,0.8741,27,108192.37,68684,231083.22183943947,0.4681965533121877,early,,14,13,none,0
gPAkelGm3-8,UCEf_Bc-KVd7onSeifS3py9g,time,1,0.8741,27,108192.37,68684,231083.22183943947,0.4681965533121877,early,,14,13,none,0
gPAkelGm3-8,UCEf_Bc-KVd7onSeifS3py9g,heldout,2,1.8741,27,74874.21,68684,303092,0.24703458770017253,early,0.3788341092113952,15,14,none,0
gPAkelGm3-8,UCEf_Bc-KVd7onSeifS3py9g,time,2,1.8741,27,74874.21,68684,303092,0.24703458770017253,early,0.3788341092113952,15,14,none,0
gPAkelGm3-8,UCEf_Bc-KVd7onSeifS3py9g,heldout,3,2.8741,27,73564.58,68684,303092,0.24271371320234753,early,0.35364327149266,15,14,none,0
gPAkelGm3-8,UCEf_Bc-KVd7onSeifS3py9g,time,3,2.8741,27,73564.58,68684,303092,0.24271371320234753,early,0.35364327149266,15,14,none,0
gPAkelGm3-8,UCEf_Bc-KVd7onSeifS3py9g,heldout,5,4.8741,27,82441.34,68684,303092,0.27200102768753703,likely,0.3065430967216738,15,14,none,0
gPAkelGm3-8,UCEf_Bc-KVd7onSeifS3py9g,time,5,4.8741,27,82441.34,68684,303092,0.27200102768753703,likely,0.3065430967216738,15,14,none,0
gPAkelGm3-8,UCEf_Bc-KVd7onSeifS3py9g,heldout,7,6.8741,27,77552.30,68684,303092,0.2558704807343958,likely,0.2604748720376393,15,13,none,0
gPAkelGm3-8,UCEf_Bc-KVd7onSeifS3py9g,time,7,6.8741,27,77552.30,68684,303092,0.2558704807343958,likely,0.2604748720376393,15,13,none,0
gPAkelGm3-8,UCEf_Bc-KVd7onSeifS3py9g,heldout,14,12.8741,27,70530.15,68684,303092,0.23270211641692534,confirmed,0.19793303014127814,15,10,none,0
gPAkelGm3-8,UCEf_Bc-KVd7onSeifS3py9g,time,14,12.8741,27,70530.15,68684,303092,0.23270211641692534,confirmed,0.19793303014127814,15,10,none,0
XmcXlQXwGms,UCammHPYWYI4q3WLbx-TP7GA,time,14,15.0242,27,4624.58,4515,5022.641858938308,0.9207467312270066,confirmed,0.026832942841098363,15,10,none,0
4OGMeeXQoew,UCUpbDOT-OVNBlaQpb9pbd2w,time,5,4.8821,28,13480.56,10069,31628.213937600372,0.42621957431677004,likely,,15,15,none,0
4OGMeeXQoew,UCUpbDOT-OVNBlaQpb9pbd2w,time,7,6.8821,28,10973.19,10069,29952.970411595914,0.36634744637081784,likely,0.02267055870593109,15,15,none,0
4OGMeeXQoew,UCUpbDOT-OVNBlaQpb9pbd2w,time,14,13.8821,28,10367.86,10069,26668.10125878783,0.3887739273306884,confirmed,0.013283580758654705,15,15,none,0
s0P6_ZLlD0I,UCc8cHxAZ3jwWkrrDyaLwDUw,time,5,5.6040,28,2896.27,2579,,,insufficient,,2,2,none,0
s0P6_ZLlD0I,UCc8cHxAZ3jwWkrrDyaLwDUw,time,7,6.6040,28,2883.51,2579,,,insufficient,0.4608432822004859,2,2,none,0
s0P6_ZLlD0I,UCc8cHxAZ3jwWkrrDyaLwDUw,time,14,13.6040,28,2649.01,2579,,,insufficient,0.16965996934503708,2,2,none,0
8rnAL2zvSLY,UCGwAh9NT7iHZlw4zrBueyIw,time,1,1.0035,28,3202.25,2375,4435.689679144478,0.721928366211711,early,,15,15,none,0
8rnAL2zvSLY,UCGwAh9NT7iHZlw4zrBueyIw,time,2,2.0035,28,1907.88,2375,4414.759036394189,0.43216059991383365,early,0.27811852214874755,15,14,none,0
8rnAL2zvSLY,UCGwAh9NT7iHZlw4zrBueyIw,time,3,3.0035,28,1734.43,2375,4413.522105834215,0.3929807665553114,likely,0.21211523277807678,15,14,none,0
8rnAL2zvSLY,UCGwAh9NT7iHZlw4zrBueyIw,time,5,5.0035,28,2341.59,2375,4386.723714906171,0.533789141065396,likely,0.2815665937892263,15,13,none,0
8rnAL2zvSLY,UCGwAh9NT7iHZlw4zrBueyIw,time,7,7.0035,28,2316.87,2375,4361.435645222789,0.5312180650732792,confirmed,0.2847754389914665,15,12,none,0
8rnAL2zvSLY,UCGwAh9NT7iHZlw4zrBueyIw,time,14,13.0035,28,2362.05,2375,4352.735035954809,0.5426581976618515,confirmed,0.25022722181715806,15,8,none,0
_ru4xguMmGA,UCnpWedLQdHpZqhgTLdB9Yyg,time,1,0.8954,29,96634.02,80821,73552.44830822831,1.3138110741886666,early,,14,14,none,0
_ru4xguMmGA,UCnpWedLQdHpZqhgTLdB9Yyg,time,2,1.8954,29,85765.77,80821,73607.70494908697,1.1651738184409413,early,0.49237109456009764,15,15,none,0
_ru4xguMmGA,UCnpWedLQdHpZqhgTLdB9Yyg,time,3,2.8954,29,74814.52,80821,72454.35878035617,1.032574410593121,early,0.39286289714164624,15,15,none,0
_ru4xguMmGA,UCnpWedLQdHpZqhgTLdB9Yyg,time,5,4.8954,29,79530.14,80821,72595.56788003104,1.0955233583131336,likely,0.3765091333843949,15,15,none,0
_ru4xguMmGA,UCnpWedLQdHpZqhgTLdB9Yyg,time,7,6.8954,29,83949.14,80821,73166.70504581193,1.147368090928185,likely,0.3483541394194415,15,15,none,0
_ru4xguMmGA,UCnpWedLQdHpZqhgTLdB9Yyg,time,14,13.8954,29,84459.97,80821,70853,1.1920450307320019,confirmed,0.29293484793025826,15,12,none,0
p5hXu1P_HKU,UCtak3C1t8k3u8CVzVGYvemA,time,7,7.8322,27,28880.93,25851,26056.120517614745,1.108412341199941,confirmed,,15,11,none,0
p5hXu1P_HKU,UCtak3C1t8k3u8CVzVGYvemA,time,14,12.8322,27,26748.82,25851,25655.02634102599,1.0426345657261369,confirmed,0.1560769365423734,15,9,none,0
71x1nlEsfKk,UC6QNjBn6KMq5-pe3OE11zZg,heldout,1,0.8332,31,34430.17,22671,10685.50795364765,3.222136925714286,early,,10,8,none,0
71x1nlEsfKk,UC6QNjBn6KMq5-pe3OE11zZg,heldout,2,1.8332,31,19893.23,22671,10750.226203839995,1.8504944142684128,early,0.1263811930128522,15,12,none,0
71x1nlEsfKk,UC6QNjBn6KMq5-pe3OE11zZg,heldout,3,2.8332,31,19106.07,22671,10731.628897862582,1.780351134467398,early,0.2225204869583923,15,11,none,0
71x1nlEsfKk,UC6QNjBn6KMq5-pe3OE11zZg,heldout,5,4.8332,31,19506.72,22671,10710.32322870768,1.8213008925573695,likely,0.23751622255216712,15,11,none,0
71x1nlEsfKk,UC6QNjBn6KMq5-pe3OE11zZg,heldout,7,7.8332,31,22675.27,22671,10642.901770746585,2.1305532365142517,confirmed,0.23312518169733937,15,11,none,0
71x1nlEsfKk,UC6QNjBn6KMq5-pe3OE11zZg,heldout,14,14.8332,31,21551.92,22671,10591.429056987088,2.034845417086166,confirmed,0.21382690861938897,15,8,none,0
aO3YexGG9Bk,UCfQgsKhHjSyRLOp9mnffqVg,time,1,0.8333,27,438369.32,313345,536629.4390386869,0.816893907589944,early,,15,15,none,0
aO3YexGG9Bk,UCfQgsKhHjSyRLOp9mnffqVg,time,2,1.8333,27,357107.20,313345,537416.9572836877,0.6644881453921063,early,0.5090310283092413,15,15,none,0
aO3YexGG9Bk,UCfQgsKhHjSyRLOp9mnffqVg,time,3,2.8333,27,312241.10,313345,539741.1855229746,0.5785015215626709,early,0.4044581492719506,15,14,none,0
aO3YexGG9Bk,UCfQgsKhHjSyRLOp9mnffqVg,time,5,4.8333,27,318468.51,313345,539516.8694844688,0.5902846248487762,likely,0.3466110533244221,15,12,none,0
aO3YexGG9Bk,UCfQgsKhHjSyRLOp9mnffqVg,time,7,6.8333,27,319993.39,313345,540834.0723810547,0.5916664739119417,likely,0.33019953703643434,15,11,none,0
aO3YexGG9Bk,UCfQgsKhHjSyRLOp9mnffqVg,time,14,12.8333,27,331981.13,313345,545449,0.6086382634417149,confirmed,0.2830671105246832,15,8,none,0
Tt1UzjlEunc,UC3qB4xFJkl0EYoTVbhnn0OQ,time,5,6.9993,27,14364.94,22108,,,insufficient,,0,0,none,0
Tt1UzjlEunc,UC3qB4xFJkl0EYoTVbhnn0OQ,time,7,6.9993,27,14364.94,22108,,,insufficient,,0,0,none,0
Tt1UzjlEunc,UC3qB4xFJkl0EYoTVbhnn0OQ,time,14,12.9993,27,19207.14,22108,,,insufficient,0.5085104304057904,0,0,none,0
goalHozbzbc,UCcCzzSbdw5-qmdF_NuTtb2w,heldout,1,1.3744,29,4493.71,4319,5852.173973359669,0.7678706151553091,early,,15,10,none,0
goalHozbzbc,UCcCzzSbdw5-qmdF_NuTtb2w,heldout,2,1.3744,29,4493.71,4319,5852.173973359669,0.7678706151553091,early,,15,10,none,0
goalHozbzbc,UCcCzzSbdw5-qmdF_NuTtb2w,heldout,3,3.3744,29,4656.03,4319,5866.26962146334,0.7936959346352684,likely,0.5532952741025294,15,10,none,0
goalHozbzbc,UCcCzzSbdw5-qmdF_NuTtb2w,heldout,5,5.3744,29,4470.85,4319,5870.245670934532,0.7616123531335112,likely,0.5352867069035613,15,10,none,0
goalHozbzbc,UCcCzzSbdw5-qmdF_NuTtb2w,heldout,7,7.3744,29,4701.62,4319,5886.623730684379,0.7986950829822372,confirmed,0.4792781941330749,15,9,none,0
goalHozbzbc,UCcCzzSbdw5-qmdF_NuTtb2w,heldout,14,14.3744,29,4557.38,4319,5869.372166232561,0.776467316262797,confirmed,0.3922414180225839,15,7,none,0
zAbo8YcIlrQ,UCMPaviJxybo1RTdzvYcU91A,time,14,15.0494,27,2195.61,2248,2154,1.0193165153262178,confirmed,0.709215557667603,15,9,none,0
qg1CxJhHCgk,UC7dR3zb454qbmuzTR2_ABhQ,time,5,6.9369,29,158453.62,180068,,,insufficient,,0,0,none,0
qg1CxJhHCgk,UC7dR3zb454qbmuzTR2_ABhQ,time,7,6.9369,29,158453.62,180068,,,insufficient,,0,0,none,0
qg1CxJhHCgk,UC7dR3zb454qbmuzTR2_ABhQ,time,14,13.9369,29,163299.27,180068,,,insufficient,0.23341529697977845,0,0,none,0
gXVpAVwN8F0,UCXuqSBlHAE6Xw-yeJA0Tunw,time,0.5,0.6570,27,1528744.58,1052514,1510045.073787136,1.0123834080959009,early,,15,15,none,0
gXVpAVwN8F0,UCXuqSBlHAE6Xw-yeJA0Tunw,time,1,0.6570,27,1528744.58,1052514,1510045.073787136,1.0123834080959009,early,,15,15,none,0
gXVpAVwN8F0,UCXuqSBlHAE6Xw-yeJA0Tunw,time,2,1.6570,27,1343183.56,1052514,1505117.7436640644,0.8924109497081738,early,0.6294327135051472,15,15,none,0
gXVpAVwN8F0,UCXuqSBlHAE6Xw-yeJA0Tunw,time,3,2.6570,27,1166837.03,1052514,1490568.7139378532,0.782813308796415,early,0.46418311303300197,15,15,none,0
gXVpAVwN8F0,UCXuqSBlHAE6Xw-yeJA0Tunw,time,5,4.6570,27,1154828.21,1052514,1464222.174520915,0.788697389335376,likely,0.35852594073450716,15,15,none,0
gXVpAVwN8F0,UCXuqSBlHAE6Xw-yeJA0Tunw,time,7,6.6570,27,1143090.43,1052514,1432633.57229496,0.7978944856904352,likely,0.3224329335760399,15,15,none,0
gXVpAVwN8F0,UCXuqSBlHAE6Xw-yeJA0Tunw,time,14,12.6570,27,1067717.41,1052514,1344002.063309706,0.7944313739571973,confirmed,0.2604434432190668,15,9,none,0
VjonF-qVnlU,UCYzz2SkhAaM0FDKuGk-IPZg,heldout,14,14.1121,31,91057.28,87311,10907.8631467794,8.34785657353587,confirmed,,15,14,none,0
g_Iu0-nJR5E,UCsifPO4MT6BdV19vYx3KJ0Q,heldout,5,5.0823,29,2145.69,2423,1890.5238993687872,1.1349689256395767,likely,,13,12,none,0
g_Iu0-nJR5E,UCsifPO4MT6BdV19vYx3KJ0Q,time,5,5.0823,29,2145.69,2423,1890.5238993687872,1.1349689256395767,likely,,13,12,none,0
g_Iu0-nJR5E,UCsifPO4MT6BdV19vYx3KJ0Q,heldout,7,7.0823,29,2492.89,2423,2108.411158868558,1.182353251252764,confirmed,0.4941329491229036,15,13,none,0
g_Iu0-nJR5E,UCsifPO4MT6BdV19vYx3KJ0Q,time,7,7.0823,29,2492.89,2423,2108.411158868558,1.182353251252764,confirmed,0.4941329491229036,15,13,none,0
g_Iu0-nJR5E,UCsifPO4MT6BdV19vYx3KJ0Q,heldout,14,14.0823,29,2502.11,2423,2105,1.188650875842339,confirmed,0.33546502296659686,15,11,none,0
g_Iu0-nJR5E,UCsifPO4MT6BdV19vYx3KJ0Q,time,14,14.0823,29,2502.11,2423,2105,1.188650875842339,confirmed,0.33546502296659686,15,11,none,0
Q4aaynNs59Q,UCbRP3c757lWg9M-U7TyEkXA,heldout,14,13.0616,30,110842.23,110171,72586.22373532208,1.5270422701996083,confirmed,0.0397246955422401,15,11,none,0
n0V8YQ9CETk,UC93sJsqzmDqkYrEHUPDQzuQ,heldout,0.5,0.3935,29,1048.94,377,816.3076175981042,1.2849798560284493,early,,12,9,none,0
n0V8YQ9CETk,UC93sJsqzmDqkYrEHUPDQzuQ,heldout,1,1.3935,29,700.94,377,1033.2041043180036,0.6784161235761409,early,0.1863559168330057,15,11,none,0
n0V8YQ9CETk,UC93sJsqzmDqkYrEHUPDQzuQ,heldout,2,2.3935,29,482.48,377,1021.0658619597898,0.4725255770082301,early,0.26088392795688176,15,9,none,0
n0V8YQ9CETk,UC93sJsqzmDqkYrEHUPDQzuQ,heldout,3,3.3935,29,426.71,377,985.6275231490225,0.4329366107938046,likely,0.22543283235806252,15,9,none,0
n0V8YQ9CETk,UC93sJsqzmDqkYrEHUPDQzuQ,heldout,5,5.3935,29,403.66,377,957.4385166678313,0.42160212392504615,likely,0.19255620806625412,15,9,none,0
n0V8YQ9CETk,UC93sJsqzmDqkYrEHUPDQzuQ,heldout,7,7.3935,29,403.52,377,958.6986699989707,0.4209073060242838,confirmed,0.18345408751617032,15,9,none,0
n0V8YQ9CETk,UC93sJsqzmDqkYrEHUPDQzuQ,heldout,14,14.3935,29,415.63,377,949.373665854682,0.43778993913657166,confirmed,0.14500093877526857,15,7,none,0
99z-N2yTpa4,UCZEEC1w4jP1cV2dibuDFwIQ,heldout,14,13.8748,28,7030.91,6817,11433.176399573309,0.6149569226714326,confirmed,,14,13,none,0
DIo6IFV78oo,UCQHX6ViZmPsWiYSFAyS0a3Q,time,0.5,0.7118,27,438273.94,244315,404656.7707837083,1.0830757552000085,early,,14,14,none,0
DIo6IFV78oo,UCQHX6ViZmPsWiYSFAyS0a3Q,time,1,0.7118,27,438273.94,244315,404656.7707837083,1.0830757552000085,early,,14,14,none,0
DIo6IFV78oo,UCQHX6ViZmPsWiYSFAyS0a3Q,time,2,1.7118,27,324610.52,244315,426962.77030569763,0.7602782823370143,early,0.4441216177951249,15,15,none,0
DIo6IFV78oo,UCQHX6ViZmPsWiYSFAyS0a3Q,time,3,2.7118,27,294548.55,244315,423925.21756189805,0.6948125243569242,early,0.3103677613383705,15,15,none,0
DIo6IFV78oo,UCQHX6ViZmPsWiYSFAyS0a3Q,time,5,4.7118,27,251725.30,244315,417976.14619718737,0.6022480134996279,likely,0.23949674435587695,15,15,none,0
DIo6IFV78oo,UCQHX6ViZmPsWiYSFAyS0a3Q,time,7,6.7118,27,250683.61,244315,407097.07023866294,0.6157833840710709,likely,0.21315560043086504,15,15,none,0
DIo6IFV78oo,UCQHX6ViZmPsWiYSFAyS0a3Q,time,14,12.7118,27,239628.22,244315,382573.8941402683,0.6263579921373941,confirmed,0.16998467362593872,15,12,none,0
WVXFrCAOdik,UC3D0x-dmWYAZUIHroYc-zTw,heldout,1,1.1618,30,6983.02,4026,4013.1961254407443,1.740014106806745,early,0.09344876276025829,10,7,none,0
WVXFrCAOdik,UC3D0x-dmWYAZUIHroYc-zTw,heldout,2,2.1618,30,4781.33,4026,4009.357985472262,1.192542728870538,early,0.18392773701197143,10,7,none,0
WVXFrCAOdik,UC3D0x-dmWYAZUIHroYc-zTw,heldout,3,3.1618,30,4313.31,4026,4003.0062294170807,1.0775170302970583,likely,0.1807414870634546,10,7,none,0
WVXFrCAOdik,UC3D0x-dmWYAZUIHroYc-zTw,heldout,5,5.1618,30,4120.96,4026,4003.0062294170807,1.029466704444431,likely,0.16485036596928426,10,7,none,0
WVXFrCAOdik,UC3D0x-dmWYAZUIHroYc-zTw,heldout,7,7.1618,30,4055.02,4026,3998.073651955624,1.014244466222644,confirmed,0.1514778270392661,10,7,none,0
WVXFrCAOdik,UC3D0x-dmWYAZUIHroYc-zTw,heldout,14,14.1618,30,4201.24,4026,4019.6161374315975,1.0451850344204392,confirmed,0.1332066636743239,10,6,none,0
ibn_o8wN1zc,UCucqfNRyBkieAop_LDUqHEg,time,14,13.7012,28,40430.22,40082,57420,0.7041139298301297,confirmed,0.06815074957437481,15,11,none,0
IzLM1lYvkAk,UCjgpFI5dU-D1-kh9H1muoxQ,time,1,0.8868,28,1063478.33,1730866,857841.4565522075,1.239714316164579,early,,10,9,none,0
IzLM1lYvkAk,UCjgpFI5dU-D1-kh9H1muoxQ,time,2,1.8868,28,1877758.64,1730866,859224.6285914506,2.185410632285226,early,1.2850789265217164,10,9,none,0
IzLM1lYvkAk,UCjgpFI5dU-D1-kh9H1muoxQ,time,3,2.8868,28,1983963.53,1730866,859224.6285914506,2.3090161358148094,early,1.0051299571027645,10,9,none,0
IzLM1lYvkAk,UCjgpFI5dU-D1-kh9H1muoxQ,time,5,4.8868,28,1539012.76,1730866,859224.6285914506,1.7911646239263403,likely,0.7121024951311627,10,9,none,0
IzLM1lYvkAk,UCjgpFI5dU-D1-kh9H1muoxQ,time,7,6.8868,28,1493545.31,1730866,859224.6285914506,1.7382477836648726,likely,0.6281673247722022,10,9,none,0
IzLM1lYvkAk,UCjgpFI5dU-D1-kh9H1muoxQ,time,14,13.8868,28,1612663.78,1730866,861777.7652417659,1.8713221034213794,confirmed,0.5112260220975589,10,9,none,0
bxM5rVQ4tv4,UCpTaewGuthzN4CuYKmgXneQ,heldout,14,13.9159,29,58727.94,66024,72109.47011528791,0.8144275427150163,confirmed,,14,14,none,0
Dv3Xce1uGJA,UCGWNHkr2WZcRbxqoet-nyeg,heldout,14,13.7024,27,2813.03,2622,2598.4508950356426,1.0825792983735547,confirmed,,15,15,none,0
Dv3Xce1uGJA,UCGWNHkr2WZcRbxqoet-nyeg,time,14,13.7024,27,2813.03,2622,2598.4508950356426,1.0825792983735547,confirmed,,15,15,none,0
Ofk4yMt9oM8,UC1KoulyXR8gBGyxv7r6pWQg,time,5,4.8853,27,11665.30,11873,,,insufficient,,0,0,none,0
Ofk4yMt9oM8,UC1KoulyXR8gBGyxv7r6pWQg,time,7,6.8853,27,12384.01,11873,20825.928492818868,0.5946435955996932,likely,0.44157890608293493,15,14,none,0
Ofk4yMt9oM8,UC1KoulyXR8gBGyxv7r6pWQg,time,14,12.8853,27,11961.39,11873,20903,0.5722333489213216,confirmed,0.25596283157407673,15,10,none,0
EFlH4g1rwDE,UC4vxRjQ0R7vWWKjlpFpt4Tg,time,14,13.5159,27,3128.79,3564,2547.6126811614763,1.2281257056337092,confirmed,,15,15,none,0
0tAnnZ0U0fA,UCGpsgNbzdF7BECCVbB1COHw,time,14,13.0633,27,6256.59,6086,9128.36940357904,0.6854007521260377,confirmed,0.24960776907929683,15,15,none,0
fxJJc90d7yg,UCB5Nin2VBUeNLqamqEVh-2A,time,1,0.9687,30,82202.29,75478,63297.46262026269,1.2986664459778312,early,,15,12,none,0
fxJJc90d7yg,UCB5Nin2VBUeNLqamqEVh-2A,time,2,1.9687,30,95135.75,75478,63297.46262026269,1.5029946312368707,early,0.8618720206472141,15,12,none,0
fxJJc90d7yg,UCB5Nin2VBUeNLqamqEVh-2A,time,3,2.9687,30,96578.60,75478,64240.78343504284,1.5033845683809057,early,0.6441561175003803,15,12,none,0
fxJJc90d7yg,UCB5Nin2VBUeNLqamqEVh-2A,time,5,4.9687,30,82734.26,75478,64240.78343504284,1.287877554271392,likely,0.5018456582227352,15,11,none,0
fxJJc90d7yg,UCB5Nin2VBUeNLqamqEVh-2A,time,7,6.9687,30,82406.53,75478,65032.71095172204,1.2671551343495298,likely,0.4579240611591777,15,11,none,0
fxJJc90d7yg,UCB5Nin2VBUeNLqamqEVh-2A,time,14,13.9687,30,80033.33,75478,65952.5348636272,1.2134989039683848,confirmed,0.35569006875055115,15,9,none,0
CMIa443BdKs,UCUpbDOT-OVNBlaQpb9pbd2w,heldout,3,3.7806,27,33228.46,21947,30396.9490237019,1.093151195911948,likely,,15,15,none,0
CMIa443BdKs,UCUpbDOT-OVNBlaQpb9pbd2w,time,3,3.7806,27,33228.46,21947,30396.9490237019,1.093151195911948,likely,,15,15,none,0
CMIa443BdKs,UCUpbDOT-OVNBlaQpb9pbd2w,heldout,5,4.7806,27,24176.16,21947,29349.066408433908,0.8237453233104405,likely,0.059935695482520174,15,15,none,0
CMIa443BdKs,UCUpbDOT-OVNBlaQpb9pbd2w,time,5,4.7806,27,24176.16,21947,29349.066408433908,0.8237453233104405,likely,0.059935695482520174,15,15,none,0
CMIa443BdKs,UCUpbDOT-OVNBlaQpb9pbd2w,heldout,7,6.7806,27,23697.92,21947,27951.64902342701,0.8478183640776527,likely,0.05708410249371007,15,15,none,0
CMIa443BdKs,UCUpbDOT-OVNBlaQpb9pbd2w,time,7,6.7806,27,23697.92,21947,27951.64902342701,0.8478183640776527,likely,0.05708410249371007,15,15,none,0
CMIa443BdKs,UCUpbDOT-OVNBlaQpb9pbd2w,heldout,14,12.7806,27,22518.62,21947,25469.429183138585,0.8841431468293942,confirmed,0.03702552236202488,15,15,none,0
CMIa443BdKs,UCUpbDOT-OVNBlaQpb9pbd2w,time,14,12.7806,27,22518.62,21947,25469.429183138585,0.8841431468293942,confirmed,0.03702552236202488,15,15,none,0
nnsv1JFqd48,UCtW1WA-bJ4s6l-ZCCT35QBg,heldout,2,2.9661,31,6947.83,7385,6410.496145760337,1.0838204469747172,early,,15,11,none,0
nnsv1JFqd48,UCtW1WA-bJ4s6l-ZCCT35QBg,heldout,3,2.9661,31,6947.83,7385,6410.496145760337,1.0838204469747172,early,,15,11,none,0
nnsv1JFqd48,UCtW1WA-bJ4s6l-ZCCT35QBg,heldout,5,5.9661,31,7023.47,7385,6424.76944639103,1.0931859579616137,likely,0.38681499924507956,15,11,none,0
nnsv1JFqd48,UCtW1WA-bJ4s6l-ZCCT35QBg,heldout,7,6.9661,31,7144.72,7385,6442.6110721793975,1.108978296788524,likely,0.3595166851614843,15,11,none,0
nnsv1JFqd48,UCtW1WA-bJ4s6l-ZCCT35QBg,heldout,14,13.9661,31,7017.57,7385,6454.208128941837,1.0872852843416156,confirmed,0.2898712997093531,15,9,none,0
nTAQplce_-U,UC3_BakzLfadvFrsnClMFWmQ,heldout,1,0.0744,30,22412.04,859,895.7964911973626,25.019116324660644,early,,13,13,none,0
nTAQplce_-U,UC3_BakzLfadvFrsnClMFWmQ,heldout,5,5.0744,30,955.55,859,829.9408127127391,1.1513498788831122,likely,0.1976895173341406,15,15,none,0
nTAQplce_-U,UC3_BakzLfadvFrsnClMFWmQ,heldout,7,6.0744,30,923.60,859,804.6249224896102,1.1478584366492868,likely,0.1829689210070614,15,15,none,0
nTAQplce_-U,UC3_BakzLfadvFrsnClMFWmQ,heldout,14,14.0744,30,866.94,859,778,1.114321935579187,confirmed,0.13548756350950267,15,11,none,0
tPA5O84Lj10,UCN8fW1T36q7P9KjaHEifPYQ,heldout,7,7.0274,31,1793.73,1546,1818.9866970740063,0.9861144309320131,confirmed,,15,14,none,0
1vj4lHoEq8E,UC99GtVg2esxExp_J0uPxO-g,time,0.5,0.6257,29,139138.16,92452,146841,0.9475429756195585,early,,15,12,none,0
1vj4lHoEq8E,UC99GtVg2esxExp_J0uPxO-g,time,1,0.6257,29,139138.16,92452,146841,0.9475429756195585,early,,15,12,none,0
1vj4lHoEq8E,UC99GtVg2esxExp_J0uPxO-g,time,2,1.6257,29,115258.24,92452,146841,0.7849186435131202,early,0.4971236068615114,15,12,none,0
1vj4lHoEq8E,UC99GtVg2esxExp_J0uPxO-g,time,3,2.6257,29,94065.82,92452,146841,0.6405964192708067,early,0.38323271366252354,15,11,none,0
1vj4lHoEq8E,UC99GtVg2esxExp_J0uPxO-g,time,5,4.6257,29,98916.20,92452,146841,0.6736279377013232,likely,0.3057272967126456,15,11,none,0
1vj4lHoEq8E,UC99GtVg2esxExp_J0uPxO-g,time,7,6.6257,29,97325.03,92452,146841,0.6627919022652364,likely,0.27615560777884096,15,11,none,0
1vj4lHoEq8E,UC99GtVg2esxExp_J0uPxO-g,time,14,13.6257,29,98362.50,92452,149677.85914505957,0.6571612926860753,confirmed,0.23360743016700208,15,10,none,0
Zru8Wo0HKKc,UCCZLVYAGIoGvaFUrTyyeaXA,heldout,7,7.9162,30,39728.90,33731,,,insufficient,,1,1,none,0
Zru8Wo0HKKc,UCCZLVYAGIoGvaFUrTyyeaXA,heldout,14,13.9162,30,33823.38,33731,,,insufficient,0.07144890246292156,1,1,none,0
br-iVypB4a0,UCAXUwGU47XVY-0lH9qhUr1Q,heldout,1,1.6664,32,93113.25,80172,83682.53604346758,1.1126962651297052,early,,15,9,none,0
br-iVypB4a0,UCAXUwGU47XVY-0lH9qhUr1Q,heldout,2,1.6664,32,93113.25,80172,83682.53604346758,1.1126962651297052,early,,15,9,none,0
br-iVypB4a0,UCAXUwGU47XVY-0lH9qhUr1Q,heldout,3,2.6664,32,76567.81,80172,85242.14741661248,0.8982388328060805,early,0.2944365323226374,15,8,none,0
br-iVypB4a0,UCAXUwGU47XVY-0lH9qhUr1Q,heldout,5,4.6664,32,94784.86,80172,85635.16898486801,1.1068450352124126,likely,0.2843590378599769,15,8,none,0
br-iVypB4a0,UCAXUwGU47XVY-0lH9qhUr1Q,heldout,7,6.6664,32,98424.93,80172,85290.37872178618,1.153998037656766,likely,0.2622439497274931,15,7,none,0
br-iVypB4a0,UCAXUwGU47XVY-0lH9qhUr1Q,heldout,14,14.6664,32,79872.82,80172,85064.40560186178,0.9389687435560076,confirmed,0.22469416743551998,15,5,none,0
-EDf2lkat54,UCSsmYEY9if7WUzdkESl3feA,time,14,13.9737,29,3923.20,3997,3213.599817008505,1.2208111003874889,confirmed,0.10322001667010518,15,15,none,0
7KQVpKPZphU,UCpXipTyhIY9kprpvVd-lu0A,time,5,4.9271,28,86677.28,288733,59882.03573878514,1.4474671408416613,likely,,15,15,none,0
7KQVpKPZphU,UCpXipTyhIY9kprpvVd-lu0A,time,7,6.9271,28,157277.45,288733,59341.51996246125,2.6503778426126683,likely,1.4147086845249632,15,15,none,0
7KQVpKPZphU,UCpXipTyhIY9kprpvVd-lu0A,time,14,13.9271,28,205072.80,288733,57014.287094404164,3.596866951203264,confirmed,1.0095288764922898,15,14,none,0
B3RR7emh-QI,UCm7zU1B8rHqZT8_DVEZaUqA,time,14,13.5614,28,22703.66,20804,49297,0.46054851636494254,confirmed,,15,13,none,0
k5jTp7zm3Xo,UC9_p50tH3WmMslWRWKnM7dQ,heldout,1,1.7484,29,144596.55,134838,194504,0.7434117246057957,early,,15,12,none,0
k5jTp7zm3Xo,UC9_p50tH3WmMslWRWKnM7dQ,heldout,2,1.7484,29,144596.55,134838,194504,0.7434117246057957,early,,15,12,none,0
k5jTp7zm3Xo,UC9_p50tH3WmMslWRWKnM7dQ,heldout,3,3.7484,29,171837.72,134838,194504,0.8834662730852599,likely,0.56750233570719,15,11,none,0
k5jTp7zm3Xo,UC9_p50tH3WmMslWRWKnM7dQ,heldout,5,4.7484,29,152924.35,134838,194504,0.7862272536047524,likely,0.4833485362675006,15,11,none,0
k5jTp7zm3Xo,UC9_p50tH3WmMslWRWKnM7dQ,heldout,7,6.7484,29,148056.22,134838,194504,0.7611988547642305,likely,0.39741011631464646,15,11,none,0
k5jTp7zm3Xo,UC9_p50tH3WmMslWRWKnM7dQ,heldout,14,13.7484,29,138110.98,134838,194504,0.7100675759298261,confirmed,0.2959090794573545,15,10,none,0
whvZomhSeEM,UCC_ycdL5_Rw9b6UEmtmUE3g,time,5,4.9882,28,18277.76,20797,,,insufficient,,2,2,none,0
whvZomhSeEM,UCC_ycdL5_Rw9b6UEmtmUE3g,time,7,6.9882,28,19022.55,20797,,,insufficient,0.3793970585423138,2,2,none,0
whvZomhSeEM,UCC_ycdL5_Rw9b6UEmtmUE3g,time,14,12.9882,28,20905.48,20797,,,insufficient,0.3362690231106134,2,2,none,0
oGCnQTMpgBo,UCuVaqIpPgUyGP6AytqSfs0g,heldout,1,0.0824,30,3766.73,2608,2899.763279513707,1.2989780475250345,early,,9,9,none,0
oGCnQTMpgBo,UCuVaqIpPgUyGP6AytqSfs0g,heldout,14,12.0824,30,3008.51,2608,2151.9996529901377,1.398008802802768,confirmed,1.2712382789561703,15,15,none,0
SJVCfPGsy30,UCbRP3c757lWg9M-U7TyEkXA,time,0.5,0.3436,27,296821.88,116032,78063.36035365172,3.802320051299694,early,,13,13,none,0
SJVCfPGsy30,UCbRP3c757lWg9M-U7TyEkXA,time,1,1.3436,27,236887.30,116032,77398.96629339887,3.06060029336789,early,0.5003588100009261,14,14,none,0
SJVCfPGsy30,UCbRP3c757lWg9M-U7TyEkXA,time,2,2.3436,27,168792.10,116032,78474.37592182607,2.150919892382133,early,0.37874322917317665,15,15,none,0
SJVCfPGsy30,UCbRP3c757lWg9M-U7TyEkXA,time,3,3.3436,27,152289.78,116032,78429.78879166163,1.941733872654139,likely,0.3200134559253079,15,15,none,0
SJVCfPGsy30,UCbRP3c757lWg9M-U7TyEkXA,time,5,5.3436,27,145661.57,116032,78376.49552904179,1.8584853168774116,likely,0.26680032085282934,15,15,none,0
SJVCfPGsy30,UCbRP3c757lWg9M-U7TyEkXA,time,7,7.3436,27,137851.22,116032,78093.02881535087,1.7652179750812975,confirmed,0.2313593772921118,15,15,none,0
SJVCfPGsy30,UCbRP3c757lWg9M-U7TyEkXA,time,14,15.3436,27,123091.25,116032,75109,1.6388348544913276,confirmed,0.1731427608770014,15,10,none,0
Jnz7K5LiVcM,UCecPJBL6E1PVky1-gj6KH5g,heldout,7,7.4979,30,187243.91,197406,97040.49932830724,1.929543987597975,confirmed,,15,11,none,0
Jnz7K5LiVcM,UCecPJBL6E1PVky1-gj6KH5g,heldout,14,14.4979,30,180779.52,197406,95876.67381754731,1.8855423072352515,confirmed,0.18567992660211924,15,9,none,0
OSrqPK1EUyo,UC6gi5tigsPyfEnFXFPeYH0Q,time,5,4.8451,29,135.98,225,192.08847622398957,0.7078770506608254,likely,,15,15,none,0
OSrqPK1EUyo,UC6gi5tigsPyfEnFXFPeYH0Q,time,7,6.8451,29,164.73,225,198.66811283875788,0.8291627656820546,likely,0.6195381269740975,15,15,none,0
OSrqPK1EUyo,UC6gi5tigsPyfEnFXFPeYH0Q,time,14,13.8451,29,166.03,225,247.5496910021165,0.670685006129533,confirmed,0.3762137851435802,15,13,none,0
q88zqIWLFok,UCsLt8oYvDYGpSHcGhRBBkyw,time,14,13.2828,28,3127.54,2747,3056.27571776291,1.023316764417388,confirmed,0.9043555428191642,15,15,none,0
T2kshJxxzfI,UCglNXzBo6bmKc9otKf-OuGQ,time,14,12.5878,27,4612.19,4562,9711.243309534968,0.47493254523587863,confirmed,0.05226263282001512,15,15,none,0
vBi3NOSMdEQ,UC1R0kzpJLBJ8r5e1IVovIUg,heldout,5,5.8740,29,1106.84,969,3367,0.32873082728990505,likely,,15,13,none,0
vBi3NOSMdEQ,UC1R0kzpJLBJ8r5e1IVovIUg,heldout,7,5.8740,29,1106.84,969,3367,0.32873082728990505,likely,,15,13,none,0
vBi3NOSMdEQ,UC1R0kzpJLBJ8r5e1IVovIUg,heldout,14,16.8740,29,1005.47,969,3367,0.2986254944314571,confirmed,0.1337723755534766,15,12,none,0
M0qewX3Rhf0,UC9Lfb5wvuqFXaEiEJtJYAYg,heldout,7,7.9140,31,81165.92,77645,87685.49777777778,0.9256482092275045,confirmed,,10,10,none,0
M0qewX3Rhf0,UC9Lfb5wvuqFXaEiEJtJYAYg,heldout,14,13.9140,31,77510.48,77645,87685.49777777778,0.883960093319178,confirmed,0.195508786696212,10,9,none,0
nsD0FVDOdRU,UCecPJBL6E1PVky1-gj6KH5g,heldout,0.5,0.4307,30,9878.17,3779,106400.50155462485,0.09283952337845992,early,,14,14,none,0
nsD0FVDOdRU,UCecPJBL6E1PVky1-gj6KH5g,heldout,1,1.4307,30,8132.85,3779,108743.64176011497,0.07478921258048808,early,0.16396154781291147,15,14,none,0
nsD0FVDOdRU,UCecPJBL6E1PVky1-gj6KH5g,heldout,2,2.4307,30,5104.43,3779,109496.46609275474,0.046617328762392676,early,0.14403697746427316,15,14,none,0
nsD0FVDOdRU,UCecPJBL6E1PVky1-gj6KH5g,heldout,3,3.4307,30,4490.48,3779,109339.8629728574,0.04106902104139448,likely,0.13032434059363487,15,13,none,0
nsD0FVDOdRU,UCecPJBL6E1PVky1-gj6KH5g,heldout,5,5.4307,30,4171.13,3779,108683.83491287207,0.03837860367131399,likely,0.10884045088640193,15,12,none,0
nsD0FVDOdRU,UCecPJBL6E1PVky1-gj6KH5g,heldout,7,7.4307,30,4338.16,3779,123323.1357345715,0.0351771823991384,confirmed,0.09759236133636705,15,11,none,0
nsD0FVDOdRU,UCecPJBL6E1PVky1-gj6KH5g,heldout,14,14.4307,30,3995.47,3779,126698,0.03153539532491441,confirmed,0.0781045609601622,15,7,none,0
Y-cihfULrUc,UCDIaC10wqRZFutqWaJnm7QA,time,5,6.8424,29,52.87,49,,,insufficient,,0,0,none,0
Y-cihfULrUc,UCDIaC10wqRZFutqWaJnm7QA,time,7,6.8424,29,52.87,49,,,insufficient,,0,0,none,0
Y-cihfULrUc,UCDIaC10wqRZFutqWaJnm7QA,time,14,13.8424,29,50.00,49,,,insufficient,0.14260120267107104,0,0,none,0
nOgoGX589mc,UCrzFIb07hYMhMguR1G0ZtOw,heldout,1,0.9843,30,8185.66,29876,10794.042296661588,0.7583500081239078,early,,14,13,none,0
nOgoGX589mc,UCrzFIb07hYMhMguR1G0ZtOw,heldout,14,13.9843,30,18788.50,29876,10718.054248723683,1.75297704712533,confirmed,0.6900332956677627,15,13,none,0
VXU4LSAQDSc,UC4SVo0Ue36XCfOyb5Lh1viQ,time,7,7.7572,29,26284.11,51119,6345.635675003737,4.142076658150871,confirmed,,15,13,none,0
VXU4LSAQDSc,UC4SVo0Ue36XCfOyb5Lh1viQ,time,14,13.7572,29,35948.96,51119,6238.045856224022,5.76285634094455,confirmed,0.5887292806573078,15,10,none,0
PklOUF5ftZE,UCl-Zrl0QhF66lu1aGXaTbfw,time,1,0.9994,28,7158.25,6709,38130.14455297166,0.18773213520166906,early,,8,6,none,0
PklOUF5ftZE,UCl-Zrl0QhF66lu1aGXaTbfw,time,2,1.9994,28,8122.39,6709,38042.48698168255,0.21350833513099235,early,0.7241848228482803,8,6,none,0
PklOUF5ftZE,UCl-Zrl0QhF66lu1aGXaTbfw,time,3,2.9994,28,7112.50,6709,37888.21968318784,0.18772338275613626,early,0.5492584699932088,8,4,none,0
PklOUF5ftZE,UCl-Zrl0QhF66lu1aGXaTbfw,time,5,4.9994,28,6641.12,6709,37528.28396592294,0.17696301085852814,likely,0.4324603470878765,8,4,none,0
PklOUF5ftZE,UCl-Zrl0QhF66lu1aGXaTbfw,time,7,6.9994,28,6765.41,6709,37606.39477157965,0.1799004287346461,likely,0.41926920304633436,8,4,none,0
PklOUF5ftZE,UCl-Zrl0QhF66lu1aGXaTbfw,time,14,13.9994,28,8137.48,6709,37524.5589456186,0.21685732090569068,confirmed,0.3576726674671648,8,3,none,0
mLadV3Cotw8,UC6jMh17EfL9dCLgIa43EpnQ,heldout,1,1.3889,30,240.05,339,375.8068571009263,0.6387556169487916,early,,15,13,none,0
mLadV3Cotw8,UC6jMh17EfL9dCLgIa43EpnQ,heldout,2,2.3889,30,368.09,339,375.8068571009263,0.9794769135465213,early,1.1595526111724874,15,13,none,0
mLadV3Cotw8,UC6jMh17EfL9dCLgIa43EpnQ,heldout,3,2.3889,30,368.09,339,375.8068571009263,0.9794769135465213,early,1.1595526111724874,15,13,none,0
mLadV3Cotw8,UC6jMh17EfL9dCLgIa43EpnQ,heldout,5,5.3889,30,488.51,339,375.66228301825504,1.3003898987111566,likely,0.9791023422721682,15,12,none,0
mLadV3Cotw8,UC6jMh17EfL9dCLgIa43EpnQ,heldout,7,7.3889,30,439.88,339,375.66228301825504,1.170944664263452,confirmed,0.7878012652973471,15,12,none,0
mLadV3Cotw8,UC6jMh17EfL9dCLgIa43EpnQ,heldout,14,14.3889,30,349.65,339,374.5091557805484,0.9336132659125208,confirmed,0.5697050647798785,15,11,none,0
PgV3iLwSVlo,UCGpsgNbzdF7BECCVbB1COHw,time,14,12.9297,27,15376.71,14911,6788.935267168043,2.264965807001637,confirmed,0.0038794518366698956,15,15,none,0
OctFgftg2Xk,UCMIjEnXruVHtvgSVf6TgfUg,time,14,13.6114,28,55816.22,59545,68608.56315215606,0.8135460387305811,confirmed,0.10364098881709265,15,14,none,0
4MBtrq-N56k,UC_mmaVYaFmlfdxuKb6U69Yw,time,1,0.8262,27,652109.27,848932,656943,0.9926420856337136,early,,15,12,none,0
4MBtrq-N56k,UC_mmaVYaFmlfdxuKb6U69Yw,time,2,1.8262,27,700608.77,848932,656943,1.066468119260943,early,0.7734710712893791,15,12,none,0
4MBtrq-N56k,UC_mmaVYaFmlfdxuKb6U69Yw,time,3,2.8262,27,637520.99,848932,656943,0.9704357720821836,early,0.6263531831947474,15,12,none,0
4MBtrq-N56k,UC_mmaVYaFmlfdxuKb6U69Yw,time,5,4.8262,27,631525.19,848932,656943,0.9613089592476305,likely,0.5316569361339788,15,11,none,0
4MBtrq-N56k,UC_mmaVYaFmlfdxuKb6U69Yw,time,7,6.8262,27,714185.98,848932,656943,1.087135387678178,likely,0.5143399821875168,15,11,none,0
4MBtrq-N56k,UC_mmaVYaFmlfdxuKb6U69Yw,time,14,12.8262,27,899939.30,848932,656943,1.3698894775427821,confirmed,0.49781732758401354,15,11,none,0
3CxEfJbpGPU,UC8DqDLFZCni7Jkys3N3818w,heldout,5,4.8180,27,61.19,91,28.874141379826412,2.1191542980276243,likely,,3,3,none,0
3CxEfJbpGPU,UC8DqDLFZCni7Jkys3N3818w,time,5,4.8180,27,61.19,91,28.874141379826412,2.1191542980276243,likely,,3,3,none,0
3CxEfJbpGPU,UC8DqDLFZCni7Jkys3N3818w,heldout,7,6.8180,27,74.13,91,31.659461599105466,2.341407184716401,likely,0.6170554982731096,3,3,none,0
3CxEfJbpGPU,UC8DqDLFZCni7Jkys3N3818w,time,7,6.8180,27,74.13,91,31.659461599105466,2.341407184716401,likely,0.6170554982731096,3,3,none,0
3CxEfJbpGPU,UC8DqDLFZCni7Jkys3N3818w,heldout,14,12.8180,27,66.04,91,33.78200968105434,1.9547557757375214,confirmed,0.31314619826371304,3,3,none,0
3CxEfJbpGPU,UC8DqDLFZCni7Jkys3N3818w,time,14,12.8180,27,66.04,91,33.78200968105434,1.9547557757375214,confirmed,0.31314619826371304,3,3,none,0
yGv62b2BvDI,UCu28JGd1UDoQRlZZtG5Qrcw,time,14,13.7083,28,100072.49,94214,152777.5317948171,0.6550209699593305,confirmed,,15,14,none,0
G4AT7BIpheg,UC1vGihnPBNE1wHdNzfe5eBg,time,14,12.9062,27,487.49,463,1555.5955555555556,0.31337728526352415,confirmed,,9,9,none,0
NPA1LOrrc78,UC6RxjqZyhTKshYyBJcIIvPQ,heldout,5,5.8540,28,949.11,1115,,,insufficient,,1,1,none,0
NPA1LOrrc78,UC6RxjqZyhTKshYyBJcIIvPQ,time,5,5.8540,28,949.11,1115,,,insufficient,,1,1,none,0
NPA1LOrrc78,UC6RxjqZyhTKshYyBJcIIvPQ,heldout,7,6.8540,28,1037.79,1115,,,insufficient,0.5861058783294735,1,1,none,0
NPA1LOrrc78,UC6RxjqZyhTKshYyBJcIIvPQ,time,7,6.8540,28,1037.79,1115,,,insufficient,0.5861058783294735,1,1,none,0
NPA1LOrrc78,UC6RxjqZyhTKshYyBJcIIvPQ,heldout,14,13.8540,28,1102.57,1115,,,insufficient,0.3889737689731428,1,1,none,0
NPA1LOrrc78,UC6RxjqZyhTKshYyBJcIIvPQ,time,14,13.8540,28,1102.57,1115,,,insufficient,0.3889737689731428,1,1,none,0
QIOt6znpgTk,UC-ZEQgA6jc9SPIg7wq4QxTA,heldout,14,14.8338,30,48469.63,46205,16027.13244569026,3.024223673793847,confirmed,,15,15,none,0
BZ0qajzteqA,UCbRP3c757lWg9M-U7TyEkXA,heldout,1,1.1903,29,197468.90,90897,76459.28677103168,2.5826672409134246,early,1.0853687802796534,15,15,none,0
BZ0qajzteqA,UCbRP3c757lWg9M-U7TyEkXA,time,1,1.1903,29,197468.90,90897,76459.28677103168,2.5826672409134246,early,1.0853687802796534,15,15,none,0
BZ0qajzteqA,UCbRP3c757lWg9M-U7TyEkXA,heldout,2,2.1903,29,148522.44,90897,76496.58715705534,1.9415563661014668,early,0.7150452772876835,15,15,none,0
BZ0qajzteqA,UCbRP3c757lWg9M-U7TyEkXA,time,2,2.1903,29,148522.44,90897,76496.58715705534,1.9415563661014668,early,0.7150452772876835,15,15,none,0
BZ0qajzteqA,UCbRP3c757lWg9M-U7TyEkXA,heldout,3,3.1903,29,141471.04,90897,76619.08122611645,1.8464205305191221,likely,0.568593758309823,15,15,none,0
BZ0qajzteqA,UCbRP3c757lWg9M-U7TyEkXA,time,3,3.1903,29,141471.04,90897,76619.08122611645,1.8464205305191221,likely,0.568593758309823,15,15,none,0
BZ0qajzteqA,UCbRP3c757lWg9M-U7TyEkXA,heldout,5,5.1903,29,121352.72,90897,76393.69451844571,1.5885175567439953,likely,0.4398325996221456,15,15,none,0
BZ0qajzteqA,UCbRP3c757lWg9M-U7TyEkXA,time,5,5.1903,29,121352.72,90897,76393.69451844571,1.5885175567439953,likely,0.4398325996221456,15,15,none,0
BZ0qajzteqA,UCbRP3c757lWg9M-U7TyEkXA,heldout,7,7.1903,29,112403.68,90897,76426.3575978047,1.4707450089258367,confirmed,0.38168396252011394,15,15,none,0
BZ0qajzteqA,UCbRP3c757lWg9M-U7TyEkXA,time,7,7.1903,29,112403.68,90897,76426.3575978047,1.4707450089258367,confirmed,0.38168396252011394,15,15,none,0
BZ0qajzteqA,UCbRP3c757lWg9M-U7TyEkXA,heldout,14,14.1903,29,97633.24,90897,75109,1.2998873922631653,confirmed,0.2940994207619625,15,9,none,0
BZ0qajzteqA,UCbRP3c757lWg9M-U7TyEkXA,time,14,14.1903,29,97633.24,90897,75109,1.2998873922631653,confirmed,0.2940994207619625,15,9,none,0
R-AI8vjoFr0,UCg2EPgrZtxyZPdaprLgSqpQ,time,5,6.3505,28,105.74,98,,,insufficient,,2,2,none,0
R-AI8vjoFr0,UCg2EPgrZtxyZPdaprLgSqpQ,time,7,7.3505,28,92.36,98,,,insufficient,0,2,2,none,0
R-AI8vjoFr0,UCg2EPgrZtxyZPdaprLgSqpQ,time,14,14.3505,28,95.03,98,,,insufficient,0.12353892170569487,2,2,none,0
9RpBrRCw3lU,UCDAbrXOj2yIrzj8QE4jC-Og,time,5,4.8330,27,23160.63,41502,,,insufficient,,2,2,none,0
9RpBrRCw3lU,UCDAbrXOj2yIrzj8QE4jC-Og,time,7,6.8330,27,38539.35,41502,,,insufficient,1.1014958831703288,2,2,none,0
9RpBrRCw3lU,UCDAbrXOj2yIrzj8QE4jC-Og,time,14,12.8330,27,40249.01,41502,,,insufficient,0.7225075569395704,2,2,none,0
yPTbywOkXIo,UC8uU_wruBMHeeRma49dtZKA,time,1,0.9569,30,8749.78,9082,13198.520513624342,0.6629361673798672,early,,15,13,none,0
yPTbywOkXIo,UC8uU_wruBMHeeRma49dtZKA,time,2,1.9569,30,15656.27,9082,13198.520513624342,1.18621407293657,early,1.3562179889536143,15,13,none,0
yPTbywOkXIo,UC8uU_wruBMHeeRma49dtZKA,time,3,2.9569,30,14903.18,9082,13227,1.1267239110125362,early,0.9024512377633082,15,12,none,0
yPTbywOkXIo,UC8uU_wruBMHeeRma49dtZKA,time,5,4.9569,30,11459.16,9082,13227,0.8663460149130578,likely,0.638189683879243,15,12,none,0
yPTbywOkXIo,UC8uU_wruBMHeeRma49dtZKA,time,7,6.9569,30,10208.09,9082,13227,0.7717614547418543,likely,0.5364989312682618,15,12,none,0
yPTbywOkXIo,UC8uU_wruBMHeeRma49dtZKA,time,14,13.9569,30,10404.31,9082,13227,0.786596729673609,confirmed,0.41908861263366126,15,12,none,0
fyxoI-3cpEo,UC29ju8bIPH5as8OGnQzwJyA,time,5,6.8284,28,45174.28,46681,,,insufficient,,0,0,none,0
fyxoI-3cpEo,UC29ju8bIPH5as8OGnQzwJyA,time,7,6.8284,28,45174.28,46681,,,insufficient,,0,0,none,0
fyxoI-3cpEo,UC29ju8bIPH5as8OGnQzwJyA,time,14,13.8284,28,47713.50,46681,,,insufficient,0.2695041148332749,0,0,none,0
6CTotaUoZUo,UChzLnWVsl3puKQwc5PoO6Zg,time,14,13.8332,29,2224.72,2069,17839.894049102117,0.1247047421993847,confirmed,,14,14,none,0
xvK48fvAj5E,UCjG94SagJZoyPggcBhUdFCA,time,14,13.4991,28,126773.64,127315,129760.73699711634,0.9769799623157621,confirmed,0.07141146203677819,15,14,none,0
Im51hMdp690,UC4lGf3Jn2331jdjMlsJyj5Q,time,14,12.8105,28,186623.26,191665,232706,0.801970127271227,confirmed,0.22150716016510805,15,11,none,0
k2RJtNwcyxc,UCXV8h3I9pnfZuDpg6xEM_8w,time,14,13.9572,28,5070.99,5243,13667.214303092742,0.371032915857764,confirmed,,15,14,none,0
c_TD7otfvIY,UCtW1WA-bJ4s6l-ZCCT35QBg,time,1,0.8024,27,2493.17,986,6677.490327893415,0.37336984185062055,early,,14,9,none,0
c_TD7otfvIY,UCtW1WA-bJ4s6l-ZCCT35QBg,time,2,1.8024,27,1634.86,986,6679.479736916117,0.24475885872009442,early,0.004810454255521696,14,8,none,0
c_TD7otfvIY,UCtW1WA-bJ4s6l-ZCCT35QBg,time,3,2.8024,27,1213.49,986,6146,0.19744327582632348,early,0.014160306857907144,15,9,none,0
c_TD7otfvIY,UCtW1WA-bJ4s6l-ZCCT35QBg,time,5,4.8024,27,1199.93,986,6146,0.1952375320567193,likely,0.010838362536278668,15,9,none,0
c_TD7otfvIY,UCtW1WA-bJ4s6l-ZCCT35QBg,time,7,7.8024,27,1062.54,986,6146,0.17288284873932197,confirmed,0.012604824082297773,15,8,none,0
c_TD7otfvIY,UCtW1WA-bJ4s6l-ZCCT35QBg,time,14,12.8024,27,980.50,986,6146,0.15953484686485794,confirmed,0.013388486117550369,15,7,none,0
3j3ypZ79v-Q,UCq_2n18CJaRVGxEfxtCfI-Q,time,5,5.5830,29,408876.90,329269,99224.52984211549,4.120723956715295,likely,,15,15,none,0
3j3ypZ79v-Q,UCq_2n18CJaRVGxEfxtCfI-Q,time,7,6.5830,29,335916.08,329269,98458.90557258281,3.4117389535623173,likely,0.11226204066184221,15,15,none,0
3j3ypZ79v-Q,UCq_2n18CJaRVGxEfxtCfI-Q,time,14,13.5830,29,327023.06,329269,94508.59685874033,3.4602467164787867,confirmed,0.06473103522879772,15,13,none,0
a5V6gIeoYs8,UCZlAwnm7YLWxQtdDZiSWaJA,time,3,3.8750,29,1734.18,62526,,,insufficient,,0,0,none,0
a5V6gIeoYs8,UCZlAwnm7YLWxQtdDZiSWaJA,time,5,4.8750,29,1489.75,62526,38773.615965007775,0.038421703780251885,likely,0.29544059776052833,10,10,none,0
a5V6gIeoYs8,UCZlAwnm7YLWxQtdDZiSWaJA,time,7,6.8750,29,1522.65,62526,38773.615965007775,0.039270258568914605,likely,0.292921051752339,10,10,none,0
a5V6gIeoYs8,UCZlAwnm7YLWxQtdDZiSWaJA,time,14,14.8750,29,44346.47,62526,38831.40644709181,1.142025733687513,confirmed,2.9358712476644633,10,10,none,0
QO3JA2e8_Bw,UCGpsgNbzdF7BECCVbB1COHw,time,14,13.6726,29,20284.12,19842,6798.533906546982,2.983601370760892,confirmed,0.24558944602727262,15,15,none,0
Cxp9oHq1INk,UCYO_YUHK7ZROCqJMtSOuOHQ,heldout,2,2.7487,30,4080.05,30175,1753,2.327465670919558,early,,15,11,none,0
Cxp9oHq1INk,UCYO_YUHK7ZROCqJMtSOuOHQ,heldout,3,2.7487,30,4080.05,30175,1753,2.327465670919558,early,,15,11,none,0
Cxp9oHq1INk,UCYO_YUHK7ZROCqJMtSOuOHQ,heldout,5,4.7487,30,312.44,30175,1753,0.1782292868890073,likely,0.16808022867760966,15,10,none,0
Cxp9oHq1INk,UCYO_YUHK7ZROCqJMtSOuOHQ,heldout,7,6.7487,30,304.57,30175,1753,0.17374022427958857,likely,0.11396879703950244,15,9,none,0
Cxp9oHq1INk,UCYO_YUHK7ZROCqJMtSOuOHQ,heldout,14,13.7487,30,22624.89,30175,2627.4134343655933,8.611089106518703,confirmed,2.8602051180635018,15,7,none,0
gwLQ0oySpaE,UCSCydFbXzl_kheTt4XbRLhg,time,1,0.8325,29,2124.89,1494,2096,1.0137852542178714,early,,15,8,none,0
gwLQ0oySpaE,UCSCydFbXzl_kheTt4XbRLhg,time,2,1.8325,29,1537.32,1494,2096,0.7334561065276699,early,0.4153329150952488,15,8,none,0
gwLQ0oySpaE,UCSCydFbXzl_kheTt4XbRLhg,time,3,2.8325,29,1457.81,1494,2107.927169090102,0.6915834657525933,early,0.3535093078367082,15,8,none,0
gwLQ0oySpaE,UCSCydFbXzl_kheTt4XbRLhg,time,5,4.8325,29,1501.35,1494,2096,0.7162913999015021,likely,0.3224938458539053,15,7,none,0
gwLQ0oySpaE,UCSCydFbXzl_kheTt4XbRLhg,time,7,6.8325,29,1464.18,1494,2096,0.6985580519625444,likely,0.2882290619573237,15,6,none,0
gwLQ0oySpaE,UCSCydFbXzl_kheTt4XbRLhg,time,14,13.8325,29,1496.71,1494,2118,0.7066632287914079,confirmed,0.2605785192327099,15,4,none,0
3YyF2njm2N8,UCnYMOamNKLGVlJgRUbamveA,heldout,14,15.9583,29,18121.29,17639,34158.0913111227,0.5305124390103798,confirmed,0.01570793725803717,15,14,none,0
DYe6pWypaNo,UChISHLovxnSLP0w81NEQj5w,time,14,14.4508,27,2861.31,2778,17180.6438858992,0.16654271340266047,confirmed,0.010794663908141546,15,15,none,0
RpgJH0T822Q,UCEh_IoMVGA7NPsx6-2H8Bqw,time,14,13.3952,28,2837.55,2849,1195.227712544247,2.3740688427667322,confirmed,0.1218804953583285,15,15,none,0
qXBhnJnKZnA,UC_Gz-8R2G8jBs20ro9AL9hA,time,1,1.9088,28,231.93,351,362.90003125339837,0.6391073360007791,early,,15,15,none,0
qXBhnJnKZnA,UC_Gz-8R2G8jBs20ro9AL9hA,time,2,1.9088,28,231.93,351,362.90003125339837,0.6391073360007791,early,,15,15,none,0
qXBhnJnKZnA,UC_Gz-8R2G8jBs20ro9AL9hA,time,3,2.9088,28,282.80,351,374.83158743552565,0.7544777457193764,early,0.8836999237166134,15,15,none,0
qXBhnJnKZnA,UC_Gz-8R2G8jBs20ro9AL9hA,time,5,4.9088,28,292.00,351,383.89093798865,0.7606386693927211,likely,0.5947032525692858,15,15,none,0
qXBhnJnKZnA,UC_Gz-8R2G8jBs20ro9AL9hA,time,7,6.9088,28,288.27,351,405.21565651758635,0.7114097115405316,likely,0.5267041845337986,15,15,none,0
qXBhnJnKZnA,UC_Gz-8R2G8jBs20ro9AL9hA,time,14,12.9088,28,299.32,351,429.0786322446851,0.6975827283978548,confirmed,0.46325861432618237,15,15,none,0
SQRsGneCnAM,UC0Fh1HN4RvOw2hMk9n5PysA,time,14,13.9572,29,214.86,237,488.1185120848671,0.4401729591427446,confirmed,0.10869414950837014,15,15,none,0
6AF193yWyzQ,UCOCsRROSlsrA31YJgCah32A,time,0.5,0.5313,28,8408.85,4692,13598.172965948817,0.6183808270308966,early,,15,11,none,0
6AF193yWyzQ,UCOCsRROSlsrA31YJgCah32A,time,1,0.5313,28,8408.85,4692,13598.172965948817,0.6183808270308966,early,,15,11,none,0
6AF193yWyzQ,UCOCsRROSlsrA31YJgCah32A,time,2,1.5313,28,5265.08,4692,14042.058951051595,0.3749508562173404,early,0.39458518958024,15,11,none,0
6AF193yWyzQ,UCOCsRROSlsrA31YJgCah32A,time,3,2.5313,28,5422.58,4692,14605.019361339302,0.3712820978357409,early,0.3205233836273409,15,11,none,0
6AF193yWyzQ,UCOCsRROSlsrA31YJgCah32A,time,5,4.5313,28,3840.23,4692,16109.213364902691,0.23838728090846129,likely,0.25445825553680157,15,10,none,0
6AF193yWyzQ,UCOCsRROSlsrA31YJgCah32A,time,7,6.5313,28,5072.70,4692,16021.114593601513,0.3166259107941361,likely,0.25183637437304124,15,10,none,0
6AF193yWyzQ,UCOCsRROSlsrA31YJgCah32A,time,14,13.5313,28,5603.58,4692,15921,0.35196165244667865,confirmed,0.2240097786762254,15,7,none,0
Jjlgh9ysvYE,UCJP9OOLkOzsXbb_Bo_kqjTw,heldout,2,2.9477,31,6171.09,5730,26583.070812760292,0.23214362847282802,early,,15,12,none,0
Jjlgh9ysvYE,UCJP9OOLkOzsXbb_Bo_kqjTw,heldout,3,2.9477,31,6171.09,5730,26583.070812760292,0.23214362847282802,early,,15,12,none,0
Jjlgh9ysvYE,UCJP9OOLkOzsXbb_Bo_kqjTw,heldout,5,5.9477,31,6202.56,5730,26922,0.23039000361857795,likely,0.37528872904528193,15,10,none,0
Jjlgh9ysvYE,UCJP9OOLkOzsXbb_Bo_kqjTw,heldout,7,6.9477,31,5941.84,5730,26922,0.22070581684977905,likely,0.33255690408398014,15,10,none,0
Jjlgh9ysvYE,UCJP9OOLkOzsXbb_Bo_kqjTw,heldout,14,13.9477,31,5742.54,5730,26922,0.21330294531209212,confirmed,0.2280346295349058,15,6,none,0
_lib9MjpKBw,UCMekTeLUP4PllG4z53Qny2Q,heldout,14,13.7706,31,464.83,506,657,0.7075097796257558,confirmed,0.03173481879427923,15,9,none,0
9VZ7hqx5p_I,UCSLClJLzdUMRMe0E4SPfc-w,heldout,1,1.7915,29,66613.14,74879,85825.23015756726,0.7761486397419731,early,,15,11,none,0
9VZ7hqx5p_I,UCSLClJLzdUMRMe0E4SPfc-w,heldout,2,1.7915,29,66613.14,74879,85825.23015756726,0.7761486397419731,early,,15,11,none,0
9VZ7hqx5p_I,UCSLClJLzdUMRMe0E4SPfc-w,heldout,3,3.7915,29,82342.56,74879,86107.00474729911,0.9562818276601726,likely,0.6601751777252439,15,10,none,0
9VZ7hqx5p_I,UCSLClJLzdUMRMe0E4SPfc-w,heldout,5,4.7915,29,78381.45,74879,85163.54677167225,0.9203638802236617,likely,0.6133533718601081,15,10,none,0
9VZ7hqx5p_I,UCSLClJLzdUMRMe0E4SPfc-w,heldout,7,6.7915,29,84061.00,74879,83978.25288673521,1.0009853309258896,likely,0.549081662313289,15,9,none,0
9VZ7hqx5p_I,UCSLClJLzdUMRMe0E4SPfc-w,heldout,14,13.7915,29,76477.76,74879,80133.13467659807,0.9543836987706446,confirmed,0.41348333355003875,15,6,none,0
Ar4s4H7Pkjw,UC5_SBQbLA9Kg7Jh5GpXoP3g,time,1,0.8330,28,10.60,49,1931.7383256333342,0.00548623713018116,early,,12,11,none,0
Ar4s4H7Pkjw,UC5_SBQbLA9Kg7Jh5GpXoP3g,time,2,1.8330,28,12.18,49,1936.370481145991,0.0062919685092192165,early,0.9312796179456354,12,11,none,0
Ar4s4H7Pkjw,UC5_SBQbLA9Kg7Jh5GpXoP3g,time,3,2.8330,28,17.33,49,1021.4330763840225,0.01696318413487596,early,0.9396086142938477,15,14,none,0
Ar4s4H7Pkjw,UC5_SBQbLA9Kg7Jh5GpXoP3g,time,5,4.8330,28,12.36,49,1021.4330763840225,0.012100533723241803,likely,0.5987884887513285,15,12,none,0
Ar4s4H7Pkjw,UC5_SBQbLA9Kg7Jh5GpXoP3g,time,7,6.8330,28,32.70,49,1021.4330763840225,0.03201855762763848,likely,1.10812501964173,15,12,none,0
Ar4s4H7Pkjw,UC5_SBQbLA9Kg7Jh5GpXoP3g,time,14,13.8330,28,48.55,49,1055.33216538192,0.04600367932508965,confirmed,1.0092333609881885,15,12,none,0
Y2nzTuUvslo,UCDAbrXOj2yIrzj8QE4jC-Og,time,5,6.8327,29,2984.51,2969,,,insufficient,,0,0,none,0
Y2nzTuUvslo,UCDAbrXOj2yIrzj8QE4jC-Og,time,7,6.8327,29,2984.51,2969,,,insufficient,,0,0,none,0
Y2nzTuUvslo,UCDAbrXOj2yIrzj8QE4jC-Og,time,14,13.8327,29,2921.85,2969,,,insufficient,0.19652397795731746,0,0,none,0
KyCD4IVPaCE,UCLwDLGL3Ejqu-xJp57CptRg,time,3,3.8927,28,50911.10,116400,12328.567555960175,4.129522770499446,likely,,14,13,none,0
KyCD4IVPaCE,UCLwDLGL3Ejqu-xJp57CptRg,time,5,4.8927,28,47925.17,116400,5508.610234555245,8.700046726338407,likely,0.40198835110035475,15,14,none,0
KyCD4IVPaCE,UCLwDLGL3Ejqu-xJp57CptRg,time,7,6.8927,28,89990.57,116400,5467,16.460685148033573,likely,1.126181288243491,15,12,none,0
KyCD4IVPaCE,UCLwDLGL3Ejqu-xJp57CptRg,time,14,12.8927,28,121059.79,116400,5489.1474995727685,22.05438740895299,confirmed,1.0452825584822434,15,11,none,0
yKDVB37AOic,UCtbLA0YM6EpwUQhFUyPQU9Q,heldout,1,1.9951,30,730885.29,886072,478392.5904438468,1.5277939275147658,early,,10,10,none,0
yKDVB37AOic,UCtbLA0YM6EpwUQhFUyPQU9Q,heldout,2,1.9951,30,730885.29,886072,478392.5904438468,1.5277939275147658,early,,10,10,none,0
yKDVB37AOic,UCtbLA0YM6EpwUQhFUyPQU9Q,heldout,7,7.9951,30,923799.87,886072,478239.3878826469,1.9316683189100154,confirmed,0.49431654261343566,10,9,none,0
yKDVB37AOic,UCtbLA0YM6EpwUQhFUyPQU9Q,heldout,14,13.9951,30,867200.96,886072,477178.9385603335,1.8173496122992974,confirmed,0.3978608550019892,10,9,none,0
IooTBRwce2s,UC5_SBQbLA9Kg7Jh5GpXoP3g,time,1,0.8330,28,135.12,279,2272.895712233732,0.059450231043693506,early,,13,12,none,0
IooTBRwce2s,UC5_SBQbLA9Kg7Jh5GpXoP3g,time,2,1.8330,28,206.13,279,2282.160023259046,0.09032351656743969,early,1.1461095666331158,13,12,none,0
IooTBRwce2s,UC5_SBQbLA9Kg7Jh5GpXoP3g,time,3,2.8330,28,459.16,279,1590.5809390329364,0.28867381638388884,early,1.9313867921371966,15,14,none,0
IooTBRwce2s,UC5_SBQbLA9Kg7Jh5GpXoP3g,time,5,4.8330,28,449.35,279,1590.5809390329364,0.28250826524775774,likely,1.3415791040673866,15,12,none,0
IooTBRwce2s,UC5_SBQbLA9Kg7Jh5GpXoP3g,time,7,6.8330,28,410.45,279,1590.5809390329364,0.2580474865225788,likely,1.097250113924207,15,12,none,0
IooTBRwce2s,UC5_SBQbLA9Kg7Jh5GpXoP3g,time,14,13.8330,28,378.09,279,1603.9621583742116,0.23572563165952623,confirmed,0.7734744853597995,15,12,none,0
VBJ63rblwBY,UCCZLVYAGIoGvaFUrTyyeaXA,time,5,6.0256,29,4386.77,3638,30043.36878382112,0.14601454738756023,likely,,4,4,none,0
VBJ63rblwBY,UCCZLVYAGIoGvaFUrTyyeaXA,time,7,7.0256,29,3886.80,3638,29598.51296360135,0.1313173319750476,confirmed,0.107045529694028,4,4,none,0
VBJ63rblwBY,UCCZLVYAGIoGvaFUrTyyeaXA,time,14,14.0256,29,3704.21,3638,27620.781514726154,0.13410952546156252,confirmed,0.03758142607825731,4,4,none,0
x3d6HUw2T6s,UCBMdHddhf5YV3-za06jC-0Q,time,5,5.1620,27,453.83,605,,,insufficient,0.20222506013095645,1,1,none,0
x3d6HUw2T6s,UCBMdHddhf5YV3-za06jC-0Q,time,7,7.1620,27,461.80,605,,,insufficient,0.19558928418518656,1,1,none,0
x3d6HUw2T6s,UCBMdHddhf5YV3-za06jC-0Q,time,14,15.1620,27,589.84,605,,,insufficient,0.2773568256278208,1,1,none,0
OCluUTaAB9g,UCq6YaxJHA-t4bYBHHvaoZ8w,heldout,5,5.5830,31,8627.62,6898,9161.639142799879,0.9417108815681361,likely,,12,11,none,0
OCluUTaAB9g,UCq6YaxJHA-t4bYBHHvaoZ8w,heldout,7,5.5830,31,8627.62,6898,9161.639142799879,0.9417108815681361,likely,,12,11,none,0
2OI0jFCOfWg,UCF2UdeyQbFenSvnJ4aZUzHw,time,5,6.6458,28,8935.92,10689,,,insufficient,,1,1,none,0
2OI0jFCOfWg,UCF2UdeyQbFenSvnJ4aZUzHw,time,7,6.6458,28,8935.92,10689,,,insufficient,,1,1,none,0
2OI0jFCOfWg,UCF2UdeyQbFenSvnJ4aZUzHw,time,14,13.6458,28,9337.88,10689,,,insufficient,0.24841536359732913,1,1,none,0
ne3HBunM_WM,UCLFgO1aEI66fh06p6u6-juw,time,0.5,0.7153,27,16832.23,13027,9957.74511847903,1.6903659255823666,early,,14,14,none,0
ne3HBunM_WM,UCLFgO1aEI66fh06p6u6-juw,time,1,0.7153,27,16832.23,13027,9957.74511847903,1.6903659255823666,early,,14,14,none,0
ne3HBunM_WM,UCLFgO1aEI66fh06p6u6-juw,time,2,1.7153,27,14125.39,13027,9646.672953012177,1.4642762913406517,early,0.5471103437336977,15,15,none,0
ne3HBunM_WM,UCLFgO1aEI66fh06p6u6-juw,time,3,2.7153,27,15124.67,13027,9915.271026773984,1.5253911236176974,early,0.49029210855766364,15,15,none,0
ne3HBunM_WM,UCLFgO1aEI66fh06p6u6-juw,time,5,4.7153,27,15190.38,13027,10225.05068869065,1.4856044391938894,likely,0.4538500001774023,15,15,none,0
ne3HBunM_WM,UCLFgO1aEI66fh06p6u6-juw,time,7,6.7153,27,14741.05,13027,10237.383491554774,1.4399236711670005,likely,0.4015640410953655,15,15,none,0
ne3HBunM_WM,UCLFgO1aEI66fh06p6u6-juw,time,14,12.7153,27,13640.73,13027,11034.521102152266,1.2361867787531249,confirmed,0.31900518738604583,15,14,none,0
eGpNMBKzPPY,UCsvqVGtbbyHaMoevxPAq9Fg,time,7,7.2849,27,2818.36,2289,2943.5727203747606,0.957461449931801,confirmed,,15,15,none,0
eGpNMBKzPPY,UCsvqVGtbbyHaMoevxPAq9Fg,time,14,12.2849,27,2336.57,2289,3038.6104493946114,0.7689584552949752,confirmed,0.021643819210017963,15,15,none,0
VkLUDVcd5DI,UCC6Xr08p6HfQXV-ZRNuajnQ,time,5,5.0497,27,163.17,621,,,insufficient,,0,0,none,0
VkLUDVcd5DI,UCC6Xr08p6HfQXV-ZRNuajnQ,time,7,7.0497,27,169.99,621,,,insufficient,0.3863347663526944,0,0,none,0
VkLUDVcd5DI,UCC6Xr08p6HfQXV-ZRNuajnQ,time,14,13.0497,27,255.77,621,,,insufficient,0.6180606812604726,0,0,none,0
jEkAjbvfw4M,UC2cfzvGC8CJNWtvaynN7TeA,time,5,6.8906,29,19362.20,18043,,,insufficient,,0,0,none,0
jEkAjbvfw4M,UC2cfzvGC8CJNWtvaynN7TeA,time,7,6.8906,29,19362.20,18043,,,insufficient,,0,0,none,0
jEkAjbvfw4M,UC2cfzvGC8CJNWtvaynN7TeA,time,14,13.8906,29,17037.71,18043,,,insufficient,0.10990917346447693,0,0,none,0
_R0xPffklXQ,UCMOqf8ab-42UUQIdVoKwjlQ,time,1,0.9576,30,906661.69,841233,1104270.2421163279,0.8210505537189073,early,,10,8,none,0
_R0xPffklXQ,UCMOqf8ab-42UUQIdVoKwjlQ,time,2,1.9576,30,850000.11,841233,1104270.2421163279,0.7697392157038684,early,0.6382703935650051,10,8,none,0
_R0xPffklXQ,UCMOqf8ab-42UUQIdVoKwjlQ,time,3,2.9576,30,887175.77,841233,1104270.2421163279,0.8034045817593592,early,0.5192065928444513,10,8,none,0
_R0xPffklXQ,UCMOqf8ab-42UUQIdVoKwjlQ,time,5,4.9576,30,852495.80,841233,1104270.2421163279,0.771999250121934,likely,0.42119649413995225,10,8,none,0
_R0xPffklXQ,UCMOqf8ab-42UUQIdVoKwjlQ,time,7,6.9576,30,812034.00,841233,1104270.2421163279,0.7353580389274453,likely,0.3761637497197774,10,8,none,0
_R0xPffklXQ,UCMOqf8ab-42UUQIdVoKwjlQ,time,14,13.9576,30,882102.59,841233,1108755.6268395237,0.7955789058193982,confirmed,0.3399930125072674,10,7,none,0
BvCFmUZBigA,UCWQCCIq-BBbXCdtjwZvW9jA,time,1,0.9164,27,2122.03,5334,21938.717521359908,0.09672538365772647,early,,10,10,none,0
BvCFmUZBigA,UCWQCCIq-BBbXCdtjwZvW9jA,time,2,1.9164,27,2788.01,5334,21938.717521359908,0.12708170834407634,early,1.0485757872931176,10,10,none,0
BvCFmUZBigA,UCWQCCIq-BBbXCdtjwZvW9jA,time,3,2.9164,27,4073.95,5334,21938.717521359908,0.18569699069234438,early,1.0564983017191203,10,10,none,0
BvCFmUZBigA,UCWQCCIq-BBbXCdtjwZvW9jA,time,5,4.9164,27,4709.81,5334,21865.5910297401,0.21539817276369802,likely,0.9313918876662997,10,10,none,0
BvCFmUZBigA,UCWQCCIq-BBbXCdtjwZvW9jA,time,7,6.9164,27,5021.82,5334,21865.5910297401,0.22966789029730356,likely,0.8779105090130339,10,10,none,0
BvCFmUZBigA,UCWQCCIq-BBbXCdtjwZvW9jA,time,14,12.9164,27,4968.61,5334,21849.006036497783,0.22740655586252795,confirmed,0.7517396925403275,10,10,none,0
YpuPWI8X0os,UCfYfK0tzHZTpNFrc_NDKfTA,heldout,5,6.8749,28,1029.66,945,1686.7343770385196,0.6104478666287112,likely,,15,15,none,0
YpuPWI8X0os,UCfYfK0tzHZTpNFrc_NDKfTA,time,5,6.8749,28,1029.66,945,1686.7343770385196,0.6104478666287112,likely,,15,15,none,0
YpuPWI8X0os,UCfYfK0tzHZTpNFrc_NDKfTA,heldout,7,6.8749,28,1029.66,945,1686.7343770385196,0.6104478666287112,likely,,15,15,none,0
YpuPWI8X0os,UCfYfK0tzHZTpNFrc_NDKfTA,time,7,6.8749,28,1029.66,945,1686.7343770385196,0.6104478666287112,likely,,15,15,none,0
YpuPWI8X0os,UCfYfK0tzHZTpNFrc_NDKfTA,heldout,14,13.8749,28,969.60,945,1679.4808459196795,0.5773219430964442,confirmed,0.13617100713358282,15,13,none,0
YpuPWI8X0os,UCfYfK0tzHZTpNFrc_NDKfTA,time,14,13.8749,28,969.60,945,1679.4808459196795,0.5773219430964442,confirmed,0.13617100713358282,15,13,none,0
kvDkxSfNR6Q,UCCKbBnHLdT9S4O-MNKPK2lA,time,0.5,0.3020,28,4755.98,4865,7068.846672446351,0.672809059440433,early,,15,11,none,0
kvDkxSfNR6Q,UCCKbBnHLdT9S4O-MNKPK2lA,time,1,1.3020,28,5089.03,4865,7196.757600828041,0.7071286249337543,early,1.0030415173966911,15,11,none,0
kvDkxSfNR6Q,UCCKbBnHLdT9S4O-MNKPK2lA,time,2,2.3020,28,5712.07,4865,7196.757600828041,0.7937004022933686,early,0.9181434710456762,15,11,none,0
kvDkxSfNR6Q,UCCKbBnHLdT9S4O-MNKPK2lA,time,3,3.3020,28,5429.45,4865,7196.757600828041,0.7544298618304189,likely,0.7937659458343291,15,11,none,0
kvDkxSfNR6Q,UCCKbBnHLdT9S4O-MNKPK2lA,time,5,5.3020,28,5313.21,4865,7373.427539868236,0.7205883155331005,likely,0.669245718616957,15,11,none,0
kvDkxSfNR6Q,UCCKbBnHLdT9S4O-MNKPK2lA,time,7,7.3020,28,5356.41,4865,7373.427539868236,0.726448046397891,confirmed,0.6378545631409875,15,11,none,0
kvDkxSfNR6Q,UCCKbBnHLdT9S4O-MNKPK2lA,time,14,13.3020,28,6111.69,4865,7615.251718346243,0.8025591869655151,confirmed,0.5660899021494814,15,10,none,0
oE5KnBISNeU,UCQ_bmgSrYsQS0LboA_tZpEw,heldout,7,7.9989,30,254436.37,231880,182898.95766307827,1.3911307939132447,confirmed,,15,15,none,0
Is-fFfhR_P4,UCdRpPAsQbIaVpn_vS2_omPw,time,7,8.2168,27,1072.46,875,419.48366904490223,2.556621929504549,confirmed,,15,13,none,0
Is-fFfhR_P4,UCdRpPAsQbIaVpn_vS2_omPw,time,14,12.2168,27,884.22,875,426.7686137688957,2.0718895290268633,confirmed,0.012994037803095484,15,12,none,0
rRKQh5Etff4,UCZDXM1926FRjQGNWNGSpBQQ,time,2,2.7907,27,11489.36,9157,8590.365100860545,1.337470079336085,early,,15,14,none,0
rRKQh5Etff4,UCZDXM1926FRjQGNWNGSpBQQ,time,3,2.7907,27,11489.36,9157,8590.365100860545,1.337470079336085,early,,15,14,none,0
rRKQh5Etff4,UCZDXM1926FRjQGNWNGSpBQQ,time,5,4.7907,27,8871.36,9157,8515.476603154946,1.0417920996806027,likely,0.16717246818839723,15,13,none,0
rRKQh5Etff4,UCZDXM1926FRjQGNWNGSpBQQ,time,7,7.7907,27,9411.88,9157,8421.468413589639,1.117605332870805,confirmed,0.19779716741605036,15,13,none,0
rRKQh5Etff4,UCZDXM1926FRjQGNWNGSpBQQ,time,14,15.7907,27,9749.27,9157,8370,1.1647878490780033,confirmed,0.14315223089807316,15,9,none,0
IhhDzzHwAOg,UCnwlWgbcxwpsnB7LtOL1kPg,time,14,15.0571,27,11409.09,11842,6956.634876575486,1.640030080021586,confirmed,0.0838993500736106,15,15,none,0
bqnalgrmMfQ,UCuxbOHa_nj8k6qotTzJrWZA,time,1,0.8853,28,19211.10,15470,18371.48852119245,1.045701915168819,early,,15,15,none,0
bqnalgrmMfQ,UCuxbOHa_nj8k6qotTzJrWZA,time,2,1.8853,28,18038.93,15470,18569.730173809225,0.971415902321655,early,0.6226611591717072,15,15,none,0
bqnalgrmMfQ,UCuxbOHa_nj8k6qotTzJrWZA,time,3,2.8853,28,19507.23,15470,18776.806360609855,1.0389005301792633,early,0.556630881868293,15,15,none,0
bqnalgrmMfQ,UCuxbOHa_nj8k6qotTzJrWZA,time,5,4.8853,28,16108.87,15470,19106.89461665765,0.8430920508504823,likely,0.39171383290409434,15,15,none,0
bqnalgrmMfQ,UCuxbOHa_nj8k6qotTzJrWZA,time,7,7.8853,28,15989.50,15470,19376.128334082947,0.8252163852195761,confirmed,0.3405129309345007,15,13,none,0
bqnalgrmMfQ,UCuxbOHa_nj8k6qotTzJrWZA,time,14,13.8853,28,17456.91,15470,19476,0.8963292448505488,confirmed,0.2822644957576425,15,7,none,0
htSyiCxOvZw,UCnpWedLQdHpZqhgTLdB9Yyg,time,1,0.8955,27,60341.05,62005,74733.23407588505,0.807419252443709,early,,14,14,none,0
htSyiCxOvZw,UCnpWedLQdHpZqhgTLdB9Yyg,time,2,1.8955,27,72478.10,62005,76534.04715848944,0.9470046592941976,early,0.8275647317444582,15,15,none,0
htSyiCxOvZw,UCnpWedLQdHpZqhgTLdB9Yyg,time,3,2.8955,27,70312.33,62005,76133.84846977916,0.9235357205323127,early,0.645902482203796,15,15,none,0
htSyiCxOvZw,UCnpWedLQdHpZqhgTLdB9Yyg,time,5,4.8955,27,72251.26,62005,75383.0546201754,0.9584548593629083,likely,0.5471022126441946,15,15,none,0
htSyiCxOvZw,UCnpWedLQdHpZqhgTLdB9Yyg,time,7,6.8955,27,70027.33,62005,74298.00516587388,0.9425196706682618,likely,0.49603375596108823,15,15,none,0
htSyiCxOvZw,UCnpWedLQdHpZqhgTLdB9Yyg,time,14,12.8955,27,65686.47,62005,73434,0.8944967231319193,confirmed,0.40418452583751213,15,12,none,0
3y0y_Papw2s,UCG7J20LhUeLl6y_Emi7OJrA,time,0.5,0.6628,27,448039.97,673311,431335.2873160477,1.0387278396087236,early,,10,8,none,0
3y0y_Papw2s,UCG7J20LhUeLl6y_Emi7OJrA,time,1,0.6628,27,448039.97,673311,431335.2873160477,1.0387278396087236,early,,10,8,none,0
3y0y_Papw2s,UCG7J20LhUeLl6y_Emi7OJrA,time,2,1.6628,27,544626.43,673311,431335.2873160477,1.2626521441406577,early,0.9795672374720487,10,8,none,0
3y0y_Papw2s,UCG7J20LhUeLl6y_Emi7OJrA,time,3,2.6628,27,539554.77,673311,431335.2873160477,1.2508941143568693,early,0.7558135072906633,10,8,none,0
3y0y_Papw2s,UCG7J20LhUeLl6y_Emi7OJrA,time,5,4.6628,27,618561.28,673311,431335.2873160477,1.4340613762577454,likely,0.7160492238930285,10,8,none,0
3y0y_Papw2s,UCG7J20LhUeLl6y_Emi7OJrA,time,7,6.6628,27,830712.35,673311,436530.3227049755,1.9029888826273205,likely,0.7048886713369048,10,8,none,0
3y0y_Papw2s,UCG7J20LhUeLl6y_Emi7OJrA,time,14,12.6628,27,755517.30,673311,436530.3227049755,1.7307327018729672,confirmed,0.5834237838163475,10,8,none,0
6QYxC0qd1Hw,UCLMv-CaznZ3x7LDn-1fjmVA,time,7,8.9998,29,61939.67,66077,2603.0126107192805,23.795376954075927,confirmed,,15,15,none,0
6QYxC0qd1Hw,UCLMv-CaznZ3x7LDn-1fjmVA,time,14,13.9998,29,56566.23,66077,2722.4863135149108,20.777414446629457,confirmed,0.138006192515894,15,13,none,0
TN0nLnLc9Go,UCLFgO1aEI66fh06p6u6-juw,heldout,1,1.7123,29,2927.21,2327,12146.006399021127,0.24100161859830993,early,,15,15,none,0
TN0nLnLc9Go,UCLFgO1aEI66fh06p6u6-juw,heldout,2,1.7123,29,2927.21,2327,12146.006399021127,0.24100161859830993,early,,15,15,none,0
TN0nLnLc9Go,UCLFgO1aEI66fh06p6u6-juw,heldout,3,2.7123,29,2056.21,2327,12183.534000163148,0.16876988603559637,early,0.16464976114117175,15,15,none,0
TN0nLnLc9Go,UCLFgO1aEI66fh06p6u6-juw,heldout,5,5.7123,29,2146.00,2327,12520.730202968902,0.17139588243814108,likely,0.20355227275948698,15,15,none,0
TN0nLnLc9Go,UCLFgO1aEI66fh06p6u6-juw,heldout,7,6.7123,29,2104.48,2327,12520.730202968902,0.16807952064641518,likely,0.19263566330724707,15,15,none,0
TN0nLnLc9Go,UCLFgO1aEI66fh06p6u6-juw,heldout,14,13.7123,29,2401.85,2327,13380,0.1795106901289896,confirmed,0.1800661607507116,15,13,none,0
CSBM2b8LYKA,UCsvqVGtbbyHaMoevxPAq9Fg,time,14,14.7643,29,7749.30,7779,5479.523322978413,1.4142284937380971,confirmed,0.05115787693451971,15,15,none,0
pNAfBk_FIa0,UCxLipCsyGLyiRKRtpRtZHeg,heldout,1,1.8022,29,76.69,50,154.3300630693763,0.4969039466371279,early,,7,7,none,0
pNAfBk_FIa0,UCxLipCsyGLyiRKRtpRtZHeg,heldout,2,1.8022,29,76.69,50,154.3300630693763,0.4969039466371279,early,,7,7,none,0
pNAfBk_FIa0,UCxLipCsyGLyiRKRtpRtZHeg,heldout,3,2.8022,29,51.16,50,134.24175698219005,0.3810721922678776,early,0,8,8,none,0
pNAfBk_FIa0,UCxLipCsyGLyiRKRtpRtZHeg,heldout,5,4.8022,29,46.75,50,134.14592973322692,0.34851123224640446,likely,0,8,8,none,0
pNAfBk_FIa0,UCxLipCsyGLyiRKRtpRtZHeg,heldout,7,6.8022,29,46.18,50,134.14592973322692,0.3442502905062836,likely,0.02353261749459106,8,8,none,0
pNAfBk_FIa0,UCxLipCsyGLyiRKRtpRtZHeg,heldout,14,13.8022,29,46.48,50,134.89120212218074,0.34459914205011516,confirmed,0.055931059706404766,8,8,none,0
9bwg8D7bhLs,UC682ktH2UsgNdCjl83TpDWg,time,14,13.8900,28,261.34,264,76.82046962666186,3.4019573645962087,confirmed,0.017602444438233902,15,15,none,0
pUZYbBF9gLU,UCcPXCoEtPJxesAXp-evqzqg,time,1,0.8228,29,3555.62,3189,5140.687618610974,0.6916624229864563,early,,15,8,none,0
pUZYbBF9gLU,UCcPXCoEtPJxesAXp-evqzqg,time,2,1.8228,29,3772.85,3189,5266.0459000172405,0.7164482280184818,early,0.7438755148607382,15,8,none,0
pUZYbBF9gLU,UCcPXCoEtPJxesAXp-evqzqg,time,3,2.8228,29,3254.74,3189,5302.410796437456,0.6138221023197784,early,0.5366977493872724,15,8,none,0
pUZYbBF9gLU,UCcPXCoEtPJxesAXp-evqzqg,time,5,4.8228,29,3179.03,3189,5342.556729233895,0.5950397654785908,likely,0.42364055908452025,15,6,none,0
pUZYbBF9gLU,UCcPXCoEtPJxesAXp-evqzqg,time,7,6.8228,29,2781.62,3189,5360.081095254546,0.518951128224911,likely,0.38723630238104384,15,6,none,0
pUZYbBF9gLU,UCcPXCoEtPJxesAXp-evqzqg,time,14,13.8228,29,3374.03,3189,5511.804816083293,0.612146113146984,confirmed,0.3719229186834384,15,5,none,0
cjyzH1-iWLk,UCw33382AK54Vd90P56EISig,time,14,13.7034,29,4590.39,4488,1571.5041230722288,2.921015234938035,confirmed,0.15095960818798634,15,12,none,0
-P0Lx1-jIXo,UCSPh1bFTdDalKnZPgQoOYUg,time,3,3.7035,28,5982.45,4708,4447.028426185961,1.345270141429212,likely,,14,14,none,0
-P0Lx1-jIXo,UCSPh1bFTdDalKnZPgQoOYUg,time,5,4.7035,28,4468.75,4708,4223.119220977387,1.0581624455046985,likely,0.1955712077673893,15,15,none,0
-P0Lx1-jIXo,UCSPh1bFTdDalKnZPgQoOYUg,time,7,6.7035,28,4590.49,4708,4223.119220977387,1.0869902852401006,likely,0.20467170462560136,15,15,none,0
-P0Lx1-jIXo,UCSPh1bFTdDalKnZPgQoOYUg,time,14,13.7035,28,4884.96,4708,4448.809390329363,1.098038416437354,confirmed,0.15319387827426886,15,12,none,0
rfzG9gP7Sng,UCqqJQ_cXSat0KIAVfIfKkVA,time,1,0.7754,28,101804.14,87410,95911.54925623255,1.061437794554593,early,,15,12,none,0
rfzG9gP7Sng,UCqqJQ_cXSat0KIAVfIfKkVA,time,2,1.7754,28,107871.41,87410,95822.09093956958,1.1257467267324603,early,0.725058091384636,15,12,none,0
rfzG9gP7Sng,UCqqJQ_cXSat0KIAVfIfKkVA,time,3,2.7754,28,97433.49,87410,95822.09093956958,1.0168165944736918,early,0.5858723407582646,15,11,none,0
rfzG9gP7Sng,UCqqJQ_cXSat0KIAVfIfKkVA,time,5,4.7754,28,90377.92,87410,95822.09093956958,0.943184580121177,likely,0.4491647771756442,15,11,none,0
rfzG9gP7Sng,UCqqJQ_cXSat0KIAVfIfKkVA,time,7,6.7754,28,89684.45,87410,95777.26256072939,0.9363856233249752,likely,0.4128226082116366,15,11,none,0
rfzG9gP7Sng,UCqqJQ_cXSat0KIAVfIfKkVA,time,14,12.7754,28,92654.90,87410,95703.65479305953,0.9681438027099343,confirmed,0.3555893533844673,15,10,none,0
fF0dX46BMt4,UCglNXzBo6bmKc9otKf-OuGQ,time,14,13.5873,28,11082.67,10819,6352.1916631477025,1.7447007787373836,confirmed,0.012019768276899457,15,15,none,0
yHGjW2oAP2E,UCYzz2SkhAaM0FDKuGk-IPZg,time,3,3.0830,28,40006.67,30117,11180.696286850123,3.5781916534923814,likely,,15,14,none,0
yHGjW2oAP2E,UCYzz2SkhAaM0FDKuGk-IPZg,time,5,5.0830,28,30276.64,30117,11180.696286850123,2.707938592476148,likely,0.12730962839108942,15,14,none,0
yHGjW2oAP2E,UCYzz2SkhAaM0FDKuGk-IPZg,time,7,7.0830,28,30423.68,30117,11179.440018350502,2.7213953214562476,confirmed,0.13470990812843445,15,14,none,0
yHGjW2oAP2E,UCYzz2SkhAaM0FDKuGk-IPZg,time,14,13.0830,28,29544.84,30117,11144.89952162837,2.6509744865149583,confirmed,0.10105946673448708,15,13,none,0
5CoF0aXKFY8,UCGWNHkr2WZcRbxqoet-nyeg,time,14,13.4850,28,5021.13,5850,2598.4508950356426,1.9323550138751278,confirmed,,15,15,none,0
C9Pp7Y7Ixm8,UCxmSA11SbI_3yBcHu6pKi_Q,time,7,8.7919,27,6136.44,5714,19121.95645761731,0.3209107518728192,confirmed,,10,9,none,0
C9Pp7Y7Ixm8,UCxmSA11SbI_3yBcHu6pKi_Q,time,14,12.7919,27,5935.37,5714,20524.41232279733,0.2891857386998412,confirmed,0.24568259557692945,15,12,none,0
4CPVvLT3XkQ,UCPAt6z5uX_c5Eo_cSNROzYw,time,14,13.7065,29,571.23,564,10446.150090037161,0.054683231712230794,confirmed,0.017136326176671168,15,15,none,0
VbqYiIrcyj8,UCLB2sZa0kqPmkw2Bes59ePA,heldout,7,7.7224,31,1369.53,1900,1864.9905692121567,0.7343350002647151,confirmed,,10,7,none,0
VbqYiIrcyj8,UCLB2sZa0kqPmkw2Bes59ePA,heldout,14,13.7224,31,2001.41,1900,1874.7562809811998,1.0675551154528888,confirmed,0.4965972921185993,10,7,none,0
LffevT1SA9c,UCicLtkURhSq2fNDCzpb8NVw,time,0.5,0.7269,28,6247.51,10779,2289.0451657204558,2.7293065587987324,early,,4,3,none,0
LffevT1SA9c,UCicLtkURhSq2fNDCzpb8NVw,time,1,0.7269,28,6247.51,10779,2289.0451657204558,2.7293065587987324,early,,4,3,none,0
LffevT1SA9c,UCicLtkURhSq2fNDCzpb8NVw,time,2,1.7269,28,9717.69,10779,2296.251420280558,4.231977919717302,early,1.1348474875694232,4,3,none,0
LffevT1SA9c,UCicLtkURhSq2fNDCzpb8NVw,time,3,2.7269,28,8081.82,10779,2296.8558456311957,3.5186432340448515,early,0.8689929550575324,4,3,none,0
LffevT1SA9c,UCicLtkURhSq2fNDCzpb8NVw,time,5,4.7269,28,10942.94,10779,2302.2056596429175,4.753241516661792,likely,0.7606346172569652,4,3,none,0
LffevT1SA9c,UCicLtkURhSq2fNDCzpb8NVw,time,7,6.7269,28,10648.69,10779,2303.058191568392,4.623716160731223,likely,0.677963183208298,4,3,none,0
LffevT1SA9c,UCicLtkURhSq2fNDCzpb8NVw,time,14,13.7269,28,12200.15,10779,2314.5346881569726,5.271103719600467,confirmed,0.5998428769847646,4,2,none,0
LY_jiwPgGp8,UCGpsgNbzdF7BECCVbB1COHw,time,7,8.6267,27,17890.72,14499,5816.213968352811,3.0760072440534323,confirmed,,8,8,none,0
LY_jiwPgGp8,UCGpsgNbzdF7BECCVbB1COHw,time,14,12.6267,27,14820.97,14499,9128.36940357904,1.6236165309624428,confirmed,0.027205114742351374,15,15,none,0
1XNzw_yWzBM,UCSiKFGDpfCICQDfmxxjDvsg,time,7,7.6168,27,8534.37,8421,17773.376037171205,0.48017742387253165,confirmed,,10,10,none,0
1XNzw_yWzBM,UCSiKFGDpfCICQDfmxxjDvsg,time,14,12.6168,27,8090.52,8421,17946.36761302439,0.4508164189461119,confirmed,0.2038869485562333,10,10,none,0
OrA8YDUwSbw,UCc99RaVe8PKgly2T3QNBWLw,time,5,4.6198,27,54.39,47,,,insufficient,,2,2,none,0
OrA8YDUwSbw,UCc99RaVe8PKgly2T3QNBWLw,time,7,6.6198,27,42.88,47,,,insufficient,-0.0831585446673127,2,2,none,0
OrA8YDUwSbw,UCc99RaVe8PKgly2T3QNBWLw,time,14,15.6198,27,51.09,47,,,insufficient,0.14873098677436522,2,2,none,0
Kg0hwDOxX5k,UCGWNHkr2WZcRbxqoet-nyeg,time,14,12.9017,27,1058.07,1161,2628.743172608794,0.4025007973490869,confirmed,,15,15,none,0
N4-K3TmP8BQ,UCll3zdukvI1oWlG-F13UCZw,heldout,14,12.9994,29,3518.78,3216,1165.2417499048856,3.01978475432626,confirmed,,15,9,none,0
ndrlQAvs6ns,UCEh_IoMVGA7NPsx6-2H8Bqw,time,14,13.2451,28,1224.06,1260,1195.227712544247,1.0241250741458237,confirmed,0.11643284043466028,15,15,none,0
4nIQEyyRHkY,UCBRxDSTfr2aJVODDh4WG_7g,time,5,6.8945,27,436.79,351,2371.3692510719056,0.1841926361643108,likely,,11,11,none,0
4nIQEyyRHkY,UCBRxDSTfr2aJVODDh4WG_7g,time,7,6.8945,27,436.79,351,2371.3692510719056,0.1841926361643108,likely,,11,11,none,0
4nIQEyyRHkY,UCBRxDSTfr2aJVODDh4WG_7g,time,14,12.8945,27,361.54,351,2323.1805566495877,0.1556217816794052,confirmed,0.015227257958343426,15,15,none,0
KCm4ykDlazE,UCQZh7dlICtR6CPtB9R_ZzYA,heldout,1,0.8745,29,156576.59,669422,79189.16398037842,1.9772476981858145,early,,9,9,none,0
KCm4ykDlazE,UCQZh7dlICtR6CPtB9R_ZzYA,heldout,3,3.8745,29,814026.22,669422,75913.09752540904,10.72313274046529,likely,1.8325652976138918,10,10,none,0
KCm4ykDlazE,UCQZh7dlICtR6CPtB9R_ZzYA,heldout,5,4.8745,29,789450.39,669422,76691.21666930272,10.293882777518002,likely,1.6375003290919499,10,9,none,0
KCm4ykDlazE,UCQZh7dlICtR6CPtB9R_ZzYA,heldout,7,5.8745,29,845453.48,669422,77640.21393957127,10.889376019474417,likely,1.4921523596053456,10,9,none,0
KCm4ykDlazE,UCQZh7dlICtR6CPtB9R_ZzYA,heldout,14,13.8745,29,756119.54,669422,81367.80271678128,9.29261348081838,confirmed,1.060673329693797,10,8,none,0
lBUSrUegBvE,UC58njGoJSZKIthLSbQIS-1g,time,5,6.9573,30,219.02,202,,,insufficient,,0,0,none,0
lBUSrUegBvE,UC58njGoJSZKIthLSbQIS-1g,time,7,6.9573,30,219.02,202,,,insufficient,,0,0,none,0
lBUSrUegBvE,UC58njGoJSZKIthLSbQIS-1g,time,14,13.9573,30,194.20,202,,,insufficient,0.12261975459529706,0,0,none,0
cPU-9hNsXYE,UCeYUHG6o0YguM-g23htdsSw,time,5,5.0826,28,651.10,771,732,0.8894784895510819,likely,0.12822343415856882,15,12,none,0
cPU-9hNsXYE,UCeYUHG6o0YguM-g23htdsSw,time,7,7.0826,28,664.11,771,732,0.9072529361717057,confirmed,0.17076190820439788,15,11,none,0
cPU-9hNsXYE,UCeYUHG6o0YguM-g23htdsSw,time,14,14.0826,28,734.81,771,732,1.0038385746145089,confirmed,0.1763630519154111,15,8,none,0
Zc28AlF-68I,UCdLlUhD9LUGm0-NTYDASPFA,time,5,5.0410,29,3140.59,3396,3879.614000079487,0.8095097821088959,likely,0.2861877653910806,15,14,none,0
Zc28AlF-68I,UCdLlUhD9LUGm0-NTYDASPFA,time,7,7.0410,29,3508.93,3396,3902.977238970663,0.8990388775835738,confirmed,0.3821062995281185,15,13,none,0
Zc28AlF-68I,UCdLlUhD9LUGm0-NTYDASPFA,time,14,14.0410,29,3489.81,3396,3937.3826648119502,0.8863279838066886,confirmed,0.2727957268485181,15,11,none,0
hz3IaC6LWEA,UCh7mi5sI3BSzKReLzXpgimA,time,5,5.3565,27,73.43,55,58.83527741699422,1.2480014744876669,likely,,15,13,none,0
hz3IaC6LWEA,UCh7mi5sI3BSzKReLzXpgimA,time,7,7.3565,27,59.37,55,58.11468108989478,1.0216694934260135,confirmed,0,15,13,none,0
hz3IaC6LWEA,UCh7mi5sI3BSzKReLzXpgimA,time,14,15.3565,27,56.81,55,56,1.0145184875705033,confirmed,0.019414034813485755,15,7,none,0
w3b5Tp6BUyo,UCHZ-NWzcaa4lFT9NjP4T4pg,time,1,0.9615,29,7343.09,6668,24744.401734649975,0.29675766913604756,early,,13,10,none,0
w3b5Tp6BUyo,UCHZ-NWzcaa4lFT9NjP4T4pg,time,2,1.9615,29,8475.71,6668,24933.70498798173,0.3399299038945025,early,0.7543594499177407,13,10,none,0
w3b5Tp6BUyo,UCHZ-NWzcaa4lFT9NjP4T4pg,time,3,2.9615,29,8821.32,6668,24933.70498798173,0.35379087886447325,early,0.705263318948779,13,10,none,0
w3b5Tp6BUyo,UCHZ-NWzcaa4lFT9NjP4T4pg,time,5,4.9615,29,7368.10,6668,25012.64750191063,0.2945748238842512,likely,0.4979900257108352,13,10,none,0
w3b5Tp6BUyo,UCHZ-NWzcaa4lFT9NjP4T4pg,time,7,6.9615,29,7244.93,6668,25012.64750191063,0.2896508536824351,likely,0.44564304955709094,13,10,none,0
w3b5Tp6BUyo,UCHZ-NWzcaa4lFT9NjP4T4pg,time,14,12.9615,29,8541.79,6668,25303.53700634457,0.33757295856404906,confirmed,0.3487452814529026,13,10,none,0
sn0bYSz64hk,UCztm4C-jD0jpHlDFhRyEltw,time,2,2.9654,29,13642.03,17170,,,insufficient,,0,0,none,0
sn0bYSz64hk,UCztm4C-jD0jpHlDFhRyEltw,time,3,2.9654,29,13642.03,17170,,,insufficient,,0,0,none,0
sn0bYSz64hk,UCztm4C-jD0jpHlDFhRyEltw,time,5,5.9654,29,15551.79,17170,2581.6832515767346,6.023896486598387,likely,0.4725677166296383,15,14,none,0
sn0bYSz64hk,UCztm4C-jD0jpHlDFhRyEltw,time,7,6.9654,29,16780.31,17170,2581.6832515767346,6.499756630759944,likely,0.5031454035778693,15,14,none,0
sn0bYSz64hk,UCztm4C-jD0jpHlDFhRyEltw,time,14,12.9654,29,16918.47,17170,2626.2873160476524,6.441973536882141,confirmed,0.412732910299768,15,13,none,0
i52UraXAjbc,UCk9dtbM-wjpLk134r55OUbg,time,14,13.9573,30,12698.23,12851,10899.08306292294,1.1650732267349202,confirmed,0.0860738788767657,15,13,none,0
BKxzB6x9p_Y,UCgCsMxVCJs0TSqAIlBxiT7g,heldout,5,6.8130,31,16647.06,15485,9130.731699449161,1.8231905962154225,likely,,15,14,none,0
BKxzB6x9p_Y,UCgCsMxVCJs0TSqAIlBxiT7g,heldout,7,6.8130,31,16647.06,15485,9130.731699449161,1.8231905962154225,likely,,15,14,none,0
bwZ6QXB1Mqk,UCGpsgNbzdF7BECCVbB1COHw,time,14,13.5791,27,4764.03,4634,7130.529747715923,0.6681174358513337,confirmed,0.01083615380308569,15,15,none,0
6O61LmfGReQ,UC0ArlFuFYMpEewyRBzdLHiw,time,7,7.2905,28,2643.39,2259,4571.999785531252,0.5781693516877433,confirmed,,15,15,none,0
6O61LmfGReQ,UC0ArlFuFYMpEewyRBzdLHiw,time,14,13.2905,28,2269.42,2259,4558,0.4978987536909098,confirmed,0.08293225087785737,15,13,none,0
xbGoesUi48A,UCiDJtJKMICpb9B1qf7qjEOA,time,1,0.9155,27,1320553.73,1394708,106558.75125979703,12.392729054397583,early,,14,14,none,0
xbGoesUi48A,UCiDJtJKMICpb9B1qf7qjEOA,time,2,1.9155,27,1621986.07,1394708,106839.92585636738,15.18146008060262,early,0.8878286534168593,15,15,none,0
xbGoesUi48A,UCiDJtJKMICpb9B1qf7qjEOA,time,3,2.9155,27,1528989.71,1394708,107555.17119556764,14.215864181652384,early,0.6418312691427404,15,15,none,0
xbGoesUi48A,UCiDJtJKMICpb9B1qf7qjEOA,time,5,4.9155,27,1322256.87,1394708,106733.7252856785,12.388369858472561,likely,0.48906126201366035,15,15,none,0
xbGoesUi48A,UCiDJtJKMICpb9B1qf7qjEOA,time,7,6.9155,27,1317473.17,1394708,107686.61153422737,12.234326555918523,likely,0.44785010662348046,15,15,none,0
xbGoesUi48A,UCiDJtJKMICpb9B1qf7qjEOA,time,14,12.9155,27,1394993.02,1394708,107955.54021198906,12.921921556392554,confirmed,0.3904051924581173,15,15,none,0
I6xMyAVTW5w,UCPAt6z5uX_c5Eo_cSNROzYw,time,14,13.6634,27,13796.27,13577,10395.623906499977,1.327122934076988,confirmed,0.02714809367208523,15,15,none,0
5xbH27shJQM,UCKmkpoEqg1sOMGEiIysP8Tw,time,3,3.9583,28,81164.19,54870,63136.14533994207,1.2855423097383438,likely,,15,15,none,0
5xbH27shJQM,UCKmkpoEqg1sOMGEiIysP8Tw,time,5,4.9583,28,58524.72,54870,62650.40437859391,0.9341475997987021,likely,0.013059870388824137,15,15,none,0
5xbH27shJQM,UCKmkpoEqg1sOMGEiIysP8Tw,time,7,6.9583,28,56714.26,54870,63422.70252449043,0.8942265053328369,likely,0.01558661855957573,15,15,none,0
5xbH27shJQM,UCKmkpoEqg1sOMGEiIysP8Tw,time,14,15.9583,28,53750.30,54870,59473.28019298598,0.9037721821381114,confirmed,0.013123633616731427,15,14,none,0
y4BY4pLx_JI,UCDHK7RywWc4z8J5K3MKkvRw,time,14,13.6913,29,8645.97,8529,10180.442957827163,0.8492727262332952,confirmed,0.17691071739576086,15,15,none,0
F1fnfyGSnBQ,UCuR-ZdVJtF3muYhYUQ-he-Q,time,14,13.8748,29,7526.37,8170,29543.192762207662,0.2547580385746902,confirmed,0.21006862596975853,10,10,none,0
ffqgKG8Z3GY,UC12VbrdMMeYbqnz4_BuJbog,time,14,13.9664,30,1650.06,1572,3053.594253679047,0.5403668611187846,confirmed,0.162857011964863,15,14,none,0
cq_KlaguVGM,UCZ7yH-kLdFj7HNo2Dcs6FnQ,time,3,3.9991,29,301.18,332,224.97149200282902,1.3387627660114407,likely,,12,11,none,0
cq_KlaguVGM,UCZ7yH-kLdFj7HNo2Dcs6FnQ,time,5,4.9991,29,218.93,332,224.97149200282902,0.9731598053736679,likely,0.05742341949424974,14,13,none,0
cq_KlaguVGM,UCZ7yH-kLdFj7HNo2Dcs6FnQ,time,7,6.9991,29,330.83,332,213.3441434063519,1.5506830115983081,likely,0.5058210507093229,15,13,none,0
cq_KlaguVGM,UCZ7yH-kLdFj7HNo2Dcs6FnQ,time,14,12.9991,29,332.06,332,215.83666873407557,1.5384583815243678,confirmed,0.39034198867041925,15,11,none,0
FvuTO_ZvuDM,UCGxjDWAN1KwrkXYVi8CXtjQ,heldout,5,6.9997,30,34184.07,47092,14538.099702487376,2.3513437376757222,likely,,15,12,none,0
FvuTO_ZvuDM,UCGxjDWAN1KwrkXYVi8CXtjQ,heldout,7,6.9997,30,34184.07,47092,14538.099702487376,2.3513437376757222,likely,,15,12,none,0
FvuTO_ZvuDM,UCGxjDWAN1KwrkXYVi8CXtjQ,heldout,14,14.9997,30,43198.81,47092,14409.475103760282,2.997945000406665,confirmed,0.44412059575934965,15,10,none,0
LeXGFF2d0QQ,UCDHA7Bp6nAGdCWYdxlnXNhg,heldout,1,1.7913,27,65464.70,173146,74531.758436238,0.8783463475763951,early,,10,9,none,0
LeXGFF2d0QQ,UCDHA7Bp6nAGdCWYdxlnXNhg,heldout,2,1.7913,27,65464.70,173146,74531.758436238,0.8783463475763951,early,,10,9,none,0
LeXGFF2d0QQ,UCDHA7Bp6nAGdCWYdxlnXNhg,heldout,3,2.7913,27,104008.19,173146,74531.758436238,1.3954882442313303,early,1.0330077564662083,10,9,none,0
LeXGFF2d0QQ,UCDHA7Bp6nAGdCWYdxlnXNhg,heldout,5,4.7913,27,124118.18,173146,76633.32646034018,1.6196371170440007,likely,0.8808277035650734,10,9,none,0
LeXGFF2d0QQ,UCDHA7Bp6nAGdCWYdxlnXNhg,heldout,7,6.7913,27,130587.05,173146,76633.32646034018,1.7040504063904773,likely,0.8036013661812748,10,9,none,0
LeXGFF2d0QQ,UCDHA7Bp6nAGdCWYdxlnXNhg,heldout,14,13.7913,27,136387.25,173146,80403.2963974383,1.696289345169966,confirmed,0.6741202806909238,10,9,none,0
68p9QqZJItY,UCCI37YB3l21oq_sLoc92YfA,time,14,13.8228,28,26672.71,30297,389.17257986136116,68.53696941703902,confirmed,1.843484267214636,15,12,none,0
Hmsn7pxwtu8,UCc11676iKpKrJMYqNYHqNig,time,7,8.1262,28,3389.83,2865,3059.2032368116097,1.1080771423551679,confirmed,,15,15,none,0
Hmsn7pxwtu8,UCc11676iKpKrJMYqNYHqNig,time,14,12.1262,28,2848.92,2865,3068.5109575831184,0.9284358175039263,confirmed,0.06561896256037067,15,13,none,0
dBUnU7MwTDw,UCx0irbDsRLjMvEXaW56cqlQ,time,5,6.9994,27,6775.89,6501,4567.604410735951,1.4834669292918081,likely,,15,13,none,0
dBUnU7MwTDw,UCx0irbDsRLjMvEXaW56cqlQ,time,7,6.9994,27,6775.89,6501,4567.604410735951,1.4834669292918081,likely,,15,13,none,0
dBUnU7MwTDw,UCx0irbDsRLjMvEXaW56cqlQ,time,14,14.9994,27,7026.63,6501,4623.24517847165,1.5198487175674724,confirmed,0.22188279332471433,15,11,none,0
kTQy6RUkczs,UCmlqW3C9C0_gA0LufzbHfKg,heldout,14,14.8567,28,1730.58,1591,49994.505062772994,0.034615474361102204,confirmed,,15,15,none,0
dl1-_VhkoNg,UCoNdHj3AnsFD8IjLCxm4EFw,heldout,7,8.8716,30,2509.96,2201,4287.344330454263,0.5854351070608107,confirmed,,10,10,none,0
k5eG-OUAY_Y,UC5i1U95Udd4RYblltKRV9-A,time,5,4.9989,28,193.08,343,,,insufficient,,0,0,none,0
k5eG-OUAY_Y,UC5i1U95Udd4RYblltKRV9-A,time,7,6.9989,28,229.25,343,,,insufficient,0.5636124622484014,0,0,none,0
k5eG-OUAY_Y,UC5i1U95Udd4RYblltKRV9-A,time,14,15.9989,28,326.68,343,,,insufficient,0.5732997577883058,0,0,none,0
CFNRa5pyEUM,UCN-pFscDli0Md5_mKOHRPVw,heldout,1,0.0671,30,1921.03,340,2282.8360196215835,0.841511038669904,early,,8,8,none,0
CFNRa5pyEUM,UCN-pFscDli0Md5_mKOHRPVw,heldout,7,7.0671,30,260.82,340,2430.921513665032,0.10729250267152789,confirmed,0.650166861238359,8,8,none,0
CFNRa5pyEUM,UCN-pFscDli0Md5_mKOHRPVw,heldout,14,14.0671,30,308.96,340,2471.0212915391376,0.12503137450006052,confirmed,0.5912344830169131,8,8,none,0
aTU0C7Vnu5w,UCHXLx_WGu4zQAq4fLVurzfA,heldout,3,3.8333,29,783.08,852,4674.104905883543,0.16753517598067014,likely,,15,14,none,0
aTU0C7Vnu5w,UCHXLx_WGu4zQAq4fLVurzfA,heldout,5,3.8333,29,783.08,852,4674.104905883543,0.16753517598067014,likely,,15,14,none,0
aTU0C7Vnu5w,UCHXLx_WGu4zQAq4fLVurzfA,heldout,7,8.8333,29,867.72,852,4622.190857839689,0.18772864386688073,confirmed,0.4581839169558994,15,14,none,0
aTU0C7Vnu5w,UCHXLx_WGu4zQAq4fLVurzfA,heldout,14,14.8333,29,868.72,852,4575.282040757201,0.1898731625926745,confirmed,0.3439793506009257,15,13,none,0
smwzRFwPef0,UCiDJtJKMICpb9B1qf7qjEOA,heldout,5,6.9156,30,100431.20,86738,110183.98098953563,0.9114864272454937,likely,,15,15,none,0
smwzRFwPef0,UCiDJtJKMICpb9B1qf7qjEOA,heldout,7,6.9156,30,100431.20,86738,110183.98098953563,0.9114864272454937,likely,,15,15,none,0
smwzRFwPef0,UCiDJtJKMICpb9B1qf7qjEOA,heldout,14,13.9156,30,85669.93,86738,107607.68896381395,0.7961320069800005,confirmed,0.061115795868169225,15,15,none,0
k-cknRRQNbg,UCotuguzT1zNEbpsjbUT4sBA,time,2,2.1660,28,490.05,561,910.2400701718326,0.5383744789940679,early,,15,14,none,0
k-cknRRQNbg,UCotuguzT1zNEbpsjbUT4sBA,time,3,3.1660,28,560.33,561,910.2400701718326,0.6155898827191133,likely,0.7171439926217661,15,14,none,0
k-cknRRQNbg,UCotuguzT1zNEbpsjbUT4sBA,time,5,5.1660,28,436.87,561,921.6032619003281,0.47403541057823356,likely,0.3865334803714503,15,14,none,0
k-cknRRQNbg,UCotuguzT1zNEbpsjbUT4sBA,time,7,7.1660,28,474.45,561,921.6032619003281,0.5148134851228843,confirmed,0.37562844845942583,15,14,none,0
k-cknRRQNbg,UCotuguzT1zNEbpsjbUT4sBA,time,14,14.1660,28,546.02,561,940.687343068118,0.580449205992279,confirmed,0.3689455806743385,15,12,none,0
hZfPm_TIg-Q,UCfiZzwbPTOw8MCQfyxES43A,time,5,4.6152,27,2108.97,5110,,,insufficient,,1,1,none,0
hZfPm_TIg-Q,UCfiZzwbPTOw8MCQfyxES43A,time,7,7.6152,27,3586.08,5110,,,insufficient,0.8091791400087844,1,1,none,0
hZfPm_TIg-Q,UCfiZzwbPTOw8MCQfyxES43A,time,14,12.6152,27,3593.50,5110,,,insufficient,0.6821633532137911,1,1,none,0
x5tSZAVLnbw,UCYzrlZP_m1cV51q9GGDHCMg,time,0.5,0.5695,28,1151.29,735,256.1208374383228,4.495094055223202,early,,13,13,none,0
x5tSZAVLnbw,UCYzrlZP_m1cV51q9GGDHCMg,time,1,0.5695,28,1151.29,735,256.1208374383228,4.495094055223202,early,,13,13,none,0
x5tSZAVLnbw,UCYzrlZP_m1cV51q9GGDHCMg,time,2,1.5695,28,1189.93,735,241.00813643553616,4.937301571412076,early,0.9771384888175095,15,15,none,0
x5tSZAVLnbw,UCYzrlZP_m1cV51q9GGDHCMg,time,3,2.5695,28,1106.62,735,231.51054616075112,4.779984742029747,early,0.674340769981352,15,15,none,0
x5tSZAVLnbw,UCYzrlZP_m1cV51q9GGDHCMg,time,5,4.5695,28,895.91,735,218.7518062979472,4.0955729256178905,likely,0.45849803395096517,15,15,none,0
x5tSZAVLnbw,UCYzrlZP_m1cV51q9GGDHCMg,time,7,6.5695,28,847.42,735,210.15288610711787,4.032398264487639,likely,0.3893879234692175,15,15,none,0
x5tSZAVLnbw,UCYzrlZP_m1cV51q9GGDHCMg,time,14,12.5695,28,795.78,735,195.29378702494284,4.074807989978723,confirmed,0.3129409437413774,15,15,none,0
4sIxpzkFyRU,UCBhPkAuGks2UkizNMbtW6uw,time,5,5.3321,27,44.47,50,109.83878325438647,0.4048734668082842,likely,0,3,3,none,0
4sIxpzkFyRU,UCBhPkAuGks2UkizNMbtW6uw,time,7,7.3321,27,46.18,50,101.07766888696214,0.4568741621113458,confirmed,0.16602250292495402,3,3,none,0
4sIxpzkFyRU,UCBhPkAuGks2UkizNMbtW6uw,time,14,15.3321,27,53.26,50,94.05201905577803,0.5663125972362899,confirmed,0.20391299632806553,3,3,none,0
ar5TKkSccEc,UChISHLovxnSLP0w81NEQj5w,time,14,13.8253,28,1944.04,1887,9331.104569077936,0.20833961909671156,confirmed,0,15,15,none,0
79nQJwvCbfY,UC682ktH2UsgNdCjl83TpDWg,time,14,13.0188,28,85.06,81,76.82046962666186,1.1072931413950682,confirmed,0.24480258746288894,15,15,none,0
oK0K65dF9hE,UCI8gcSTo1FowsRJdilsjsZw,time,1,0.9260,29,29840.46,34711,35642.47224402914,0.8372163067740291,early,,14,14,none,0
oK0K65dF9hE,UCI8gcSTo1FowsRJdilsjsZw,time,2,1.9260,29,27638.60,34711,35470.679557918964,0.7791955686990724,early,0.6008392025641305,15,15,none,0
oK0K65dF9hE,UCI8gcSTo1FowsRJdilsjsZw,time,3,2.9260,29,24118.94,34711,35062.87190731969,0.6878770025649756,early,0.4578189679845896,15,15,none,0
oK0K65dF9hE,UCI8gcSTo1FowsRJdilsjsZw,time,5,4.9260,29,28025.35,34711,34964.26708103389,0.8015426792024258,likely,0.43367764800574465,15,15,none,0
oK0K65dF9hE,UCI8gcSTo1FowsRJdilsjsZw,time,7,6.9260,29,28633.41,34711,34460.25922631826,0.8309111294354585,likely,0.4216191991497639,15,15,none,0
oK0K65dF9hE,UCI8gcSTo1FowsRJdilsjsZw,time,14,14.9260,29,36445.46,34711,34751.292703824,1.0487510586790447,confirmed,0.4351638647406399,15,15,none,0
YDmXlsE8E5Y,UC3lJL1pUvQ2Ih2qZ-4ozrLw,time,5,6.9786,27,79.30,115,376.63010214564855,0.210555938321802,likely,,3,3,none,0
YDmXlsE8E5Y,UC3lJL1pUvQ2Ih2qZ-4ozrLw,time,7,6.9786,27,79.30,115,376.63010214564855,0.210555938321802,likely,,3,3,none,0
YDmXlsE8E5Y,UC3lJL1pUvQ2Ih2qZ-4ozrLw,time,14,14.9786,27,83.94,115,3447.3802881897254,0.024349948373851023,confirmed,0.25105308630068474,12,12,none,0
QoDKNa_08cc,UCDVt6xCSRx3dqr_SGgc1hng,time,14,14.9576,27,8819.15,10611,3364.14628680584,2.621512392168691,confirmed,0.704270435953989,15,13,none,0
e6HJ7TYvh7s,UCznv7Vf9nBdJYvBagFdAHWw,time,7,7.7643,29,39710.01,39847,19216.881699776524,2.066412984596388,confirmed,,15,14,none,0
e6HJ7TYvh7s,UCznv7Vf9nBdJYvBagFdAHWw,time,14,13.7643,29,39848.55,39847,19280.331084115565,2.0667982365162074,confirmed,0.2319186260518023,15,13,none,0
sI0SygjRExI,UC3KNWfcAsfHDqIzHExknhFQ,time,5,6.6374,27,105.74,179,,,insufficient,,1,1,none,0
sI0SygjRExI,UC3KNWfcAsfHDqIzHExknhFQ,time,7,6.6374,27,105.74,179,,,insufficient,,1,1,none,0
sI0SygjRExI,UC3KNWfcAsfHDqIzHExknhFQ,time,14,13.6374,27,157.01,179,,,insufficient,0.5986949124301848,1,1,none,0
NPO57Y5ZJes,UCB1t-8MBhxyDVabeUcTj0Zw,time,5,6.9578,29,11625.88,10470,,,insufficient,,1,1,none,0
NPO57Y5ZJes,UCB1t-8MBhxyDVabeUcTj0Zw,time,7,6.9578,29,11625.88,10470,,,insufficient,,1,1,none,0
NPO57Y5ZJes,UCB1t-8MBhxyDVabeUcTj0Zw,time,14,13.9578,29,10348.24,10470,,,insufficient,0.12878699922417305,1,1,none,0
rvv9kUmROIM,UC5_SBQbLA9Kg7Jh5GpXoP3g,time,1,0.8321,28,34.44,121,,,insufficient,,2,2,none,0
rvv9kUmROIM,UC5_SBQbLA9Kg7Jh5GpXoP3g,time,2,2.8321,28,77.97,121,300.1995121081334,0.2597286303203989,early,1.3802785204808734,15,15,none,0
rvv9kUmROIM,UC5_SBQbLA9Kg7Jh5GpXoP3g,time,3,2.8321,28,77.97,121,300.1995121081334,0.2597286303203989,early,1.3802785204808734,15,15,none,0
rvv9kUmROIM,UC5_SBQbLA9Kg7Jh5GpXoP3g,time,5,4.8321,28,93.23,121,281.60951825184594,0.3310492163592729,likely,1.163368930986908,15,14,none,0
rvv9kUmROIM,UC5_SBQbLA9Kg7Jh5GpXoP3g,time,7,6.8321,28,106.29,121,268.3399666619044,0.3961044127489189,likely,1.1078482401108265,15,14,none,0
rvv9kUmROIM,UC5_SBQbLA9Kg7Jh5GpXoP3g,time,14,13.8321,28,125.56,121,249.83575160663116,0.5025871243325334,confirmed,0.9089745729423434,15,14,none,0
OQERqMUsBHs,UC9PgszLOAWhQC6orYejcJlw,time,5,5.7913,28,5543.70,4945,,,insufficient,,0,0,none,0
OQERqMUsBHs,UC9PgszLOAWhQC6orYejcJlw,time,7,6.7913,28,4603.68,4945,,,insufficient,0.19381321504891105,0,0,none,0
OQERqMUsBHs,UC9PgszLOAWhQC6orYejcJlw,time,14,13.7913,28,4992.58,4945,,,insufficient,0.15309993892840718,0,0,none,0
OnwxoND5icQ,UCJ901NqoRaXMnIm7aOjLyuA,heldout,1,0.7747,29,356990.02,501583,409567.64799820574,0.8716265178807656,early,,15,10,none,0
OnwxoND5icQ,UCJ901NqoRaXMnIm7aOjLyuA,time,1,0.7747,29,356990.02,501583,409567.64799820574,0.8716265178807656,early,,15,10,none,0
OnwxoND5icQ,UCJ901NqoRaXMnIm7aOjLyuA,heldout,2,1.7747,29,437901.06,501583,409567.64799820574,1.069178834256219,early,0.9206583288214908,15,10,none,0
OnwxoND5icQ,UCJ901NqoRaXMnIm7aOjLyuA,time,2,1.7747,29,437901.06,501583,409567.64799820574,1.069178834256219,early,0.9206583288214908,15,10,none,0
OnwxoND5icQ,UCJ901NqoRaXMnIm7aOjLyuA,heldout,3,2.7747,29,472094.38,501583,409756.5325277482,1.1521338646205543,early,0.6797103494162129,15,10,none,0
OnwxoND5icQ,UCJ901NqoRaXMnIm7aOjLyuA,time,3,2.7747,29,472094.38,501583,409756.5325277482,1.1521338646205543,early,0.6797103494162129,15,10,none,0
OnwxoND5icQ,UCJ901NqoRaXMnIm7aOjLyuA,heldout,5,4.7747,29,401683.92,501583,411016,0.9772950814232206,likely,0.5681049003787749,15,9,none,0
OnwxoND5icQ,UCJ901NqoRaXMnIm7aOjLyuA,time,5,4.7747,29,401683.92,501583,411016,0.9772950814232206,likely,0.5681049003787749,15,9,none,0
OnwxoND5icQ,UCJ901NqoRaXMnIm7aOjLyuA,heldout,7,6.7747,29,413918.04,501583,411016,1.0070606590489595,likely,0.5540677127145882,15,9,none,0
OnwxoND5icQ,UCJ901NqoRaXMnIm7aOjLyuA,time,7,6.7747,29,413918.04,501583,411016,1.0070606590489595,likely,0.5540677127145882,15,9,none,0
OnwxoND5icQ,UCJ901NqoRaXMnIm7aOjLyuA,heldout,14,14.7747,29,531319.14,501583,411016,1.2926969740499383,confirmed,0.5115566269709539,15,6,none,0
OnwxoND5icQ,UCJ901NqoRaXMnIm7aOjLyuA,time,14,14.7747,29,531319.14,501583,411016,1.2926969740499383,confirmed,0.5115566269709539,15,6,none,0
2fphONHSp1A,UCq_2n18CJaRVGxEfxtCfI-Q,time,5,4.8261,28,194771.98,149208,106838.6130332306,1.823048602187253,likely,,15,15,none,0
2fphONHSp1A,UCq_2n18CJaRVGxEfxtCfI-Q,time,7,6.8261,28,159744.64,149208,107369.60582057878,1.4878012974290402,likely,0.04803395963273753,15,15,none,0
2fphONHSp1A,UCq_2n18CJaRVGxEfxtCfI-Q,time,14,13.8261,28,152254.80,149208,108171,1.4075380902225931,confirmed,0.030613424864958647,15,12,none,0
kLThO45wVzQ,UCBkJ5fBcFWc_gsyxOAj_qnA,time,14,14.3287,29,48.55,47,53.98140216602593,0.8993712487978808,confirmed,0,15,13,none,0
K0nTFGpeByY,UC2cC48A261pBVKztLyzOAnA,time,0.5,0.5937,29,43481.77,24298,31557.646721409365,1.3778519830483416,early,,15,10,none,0
K0nTFGpeByY,UC2cC48A261pBVKztLyzOAnA,time,1,0.5937,29,43481.77,24298,31557.646721409365,1.3778519830483416,early,,15,10,none,0
K0nTFGpeByY,UC2cC48A261pBVKztLyzOAnA,time,2,1.5937,29,30824.07,24298,31313.275654157762,0.9843771611419582,early,0.5445240036442363,15,10,none,0
K0nTFGpeByY,UC2cC48A261pBVKztLyzOAnA,time,3,3.5937,29,27684.34,24298,31313.275654157762,0.8841087197784746,likely,0.3483447286047281,15,10,none,0
K0nTFGpeByY,UC2cC48A261pBVKztLyzOAnA,time,5,4.5937,29,26115.70,24298,31140.548435839853,0.8386397454338506,likely,0.3134381286694089,15,10,none,0
K0nTFGpeByY,UC2cC48A261pBVKztLyzOAnA,time,7,6.5937,29,24380.44,24298,31140.548435839853,0.7829163075658032,likely,0.27287356939284263,15,9,none,0
K0nTFGpeByY,UC2cC48A261pBVKztLyzOAnA,time,14,13.5937,29,24692.14,24298,31317.326304203798,0.7884499483762403,confirmed,0.2219130821047692,15,7,none,0
MW2vQA-hAkw,UCT6fVez_0DmaZ_WDaRhUw2A,heldout,14,13.6665,30,22212.85,26565,36404.18723062959,0.6101728895745987,confirmed,,15,15,none,0
5xI9vz_RFMU,UCnwAlhoB5rVhh6y5P96RXAw,time,1,0.9582,27,32370.57,73201,60715.44883255026,0.5331521602416871,early,,15,15,none,0
5xI9vz_RFMU,UCnwAlhoB5rVhh6y5P96RXAw,time,2,1.9582,27,31111.15,73201,64402.171611428916,0.48307605179372226,early,0.6986637364237717,15,15,none,0
5xI9vz_RFMU,UCnwAlhoB5rVhh6y5P96RXAw,time,3,2.9582,27,37679.43,73201,64402.171611428916,0.5850645326834504,early,0.6595855500021032,15,15,none,0
5xI9vz_RFMU,UCnwAlhoB5rVhh6y5P96RXAw,time,5,5.9582,27,91742.44,73201,73923.37767455762,1.2410477657543877,likely,1.0209005824843713,15,13,none,0
5xI9vz_RFMU,UCnwAlhoB5rVhh6y5P96RXAw,time,7,6.9582,27,109689.60,73201,75675.60734554377,1.4494709794827714,likely,0.9432395618925354,15,13,none,0
5xI9vz_RFMU,UCnwAlhoB5rVhh6y5P96RXAw,time,14,14.9582,27,106563.47,73201,109868,0.9699227702556636,confirmed,0.7617304596537494,15,8,none,0
3NJv_7PxGws,UC8kGsMa0LygSX9nkBcBH1Sg,time,7,8.8333,28,4636.00,4065,10859.274518131175,0.42691644048928196,confirmed,,15,12,none,0
3NJv_7PxGws,UC8kGsMa0LygSX9nkBcBH1Sg,time,14,13.8333,28,3953.15,4065,10519.784750629315,0.3757828117766435,confirmed,0.09329478015344346,15,10,none,0
beVRNv-PkFQ,UCVaQfAPPHqD8vV_ywkaYXMQ,time,3,3.8342,29,3075.24,3270,,,insufficient,,0,0,none,0
beVRNv-PkFQ,UCVaQfAPPHqD8vV_ywkaYXMQ,time,5,4.8342,29,2271.43,3270,444.7085800392503,5.10768667547414,likely,0.1406829765630271,15,11,none,0
beVRNv-PkFQ,UCVaQfAPPHqD8vV_ywkaYXMQ,time,7,6.8342,29,2654.66,3270,444.7085800392503,5.969436698055749,likely,0.25579817772402086,15,10,none,0
beVRNv-PkFQ,UCVaQfAPPHqD8vV_ywkaYXMQ,time,14,14.8342,29,3169.71,3270,435.83036486374635,7.272801588558232,confirmed,0.31884640255441954,15,10,none,0
WnViBFk4NHo,UCyQxAUfkTCfJdDO1nyr_a9w,time,14,13.5833,29,6618.20,6890,1792,3.6931931533319404,confirmed,0.1257996908893237,15,13,none,0
zcwbmpmvYVk,UCcvjK35lDPZTlkIrrwxpepg,time,1,0.9518,27,36501.81,63719,63570.0346251025,0.5741983900213783,early,,9,5,none,0
zcwbmpmvYVk,UCcvjK35lDPZTlkIrrwxpepg,time,2,1.9518,27,50557.38,63719,63998.559447050924,0.7899769143346426,early,0.694046791327494,9,4,none,0
zcwbmpmvYVk,UCcvjK35lDPZTlkIrrwxpepg,time,3,2.9518,27,51869.70,63719,63998.559447050924,0.810482334773326,early,0.5857355328960173,9,4,none,0
zcwbmpmvYVk,UCcvjK35lDPZTlkIrrwxpepg,time,5,4.9518,27,57883.04,63719,64275.46690268654,0.9005463763251218,likely,0.6628646151432496,9,4,none,0
zcwbmpmvYVk,UCcvjK35lDPZTlkIrrwxpepg,time,7,6.9518,27,77109.20,63719,64275.46690268654,1.1996676863095879,likely,0.6624365288338419,9,4,none,0
zcwbmpmvYVk,UCcvjK35lDPZTlkIrrwxpepg,time,14,14.9518,27,81769.54,63719,64833.002288121286,1.2612332397669321,confirmed,0.6251958188147273,9,3,none,0
bGaWTL43qDM,UCsv09iEutfmPwHGm40og7dg,time,1,1.0825,27,7031.03,21047,6814.164463788084,1.031825348094496,early,,15,15,none,0
bGaWTL43qDM,UCsv09iEutfmPwHGm40og7dg,time,2,2.0825,27,5547.80,21047,6814.164463788084,0.8141576292154563,early,0.43072779477398015,15,14,none,0
bGaWTL43qDM,UCsv09iEutfmPwHGm40og7dg,time,3,3.0825,27,5420.92,21047,6814.164463788084,0.7955363596961935,likely,0.4142600361228898,15,14,none,0
bGaWTL43qDM,UCsv09iEutfmPwHGm40og7dg,time,5,4.0825,27,6213.24,21047,6846.391576682621,0.9075203351653033,likely,0.478044864755385,15,14,none,0
bGaWTL43qDM,UCsv09iEutfmPwHGm40og7dg,time,7,7.0825,27,7854.79,21047,6913.237167972475,1.136195615667897,confirmed,0.4938039746637247,15,14,none,0
bGaWTL43qDM,UCsv09iEutfmPwHGm40og7dg,time,14,15.0825,27,8507.17,21047,7101.859145059566,1.1978798994234727,confirmed,0.44513417893273755,15,12,none,0
L1CPbmWfrhA,UCsRJksZpHms1C3xBEleSkFw,time,14,14.6061,29,83.09,81,193.86698864214452,0.42861654398719423,confirmed,,8,6,none,0
NjClGJvFyFk,UCz4GCx3ieKlpkMnIpQG8u4w,time,3,3.7497,27,22100.53,18274,31227.819858594514,0.707719114966227,likely,,11,11,none,0
NjClGJvFyFk,UCz4GCx3ieKlpkMnIpQG8u4w,time,5,4.7497,27,16372.10,18274,39662.9313508645,0.4127808713292509,likely,0.15388105169752322,14,14,none,0
NjClGJvFyFk,UCz4GCx3ieKlpkMnIpQG8u4w,time,7,6.7497,27,16873.21,18274,31907.145961368893,0.5288222987196092,likely,0.19598552312932008,15,14,none,0
NjClGJvFyFk,UCz4GCx3ieKlpkMnIpQG8u4w,time,14,13.7497,27,18093.06,18274,33746.441080346056,0.5361472544152706,confirmed,0.156383183572682,15,13,none,0
TBUaBsCn3L0,UC50xPFPma-nCS5GZpAFukpQ,heldout,5,6.6619,30,1274684.27,1426967,1326889.6716767177,0.9606558084303884,likely,,10,9,none,0
TBUaBsCn3L0,UC50xPFPma-nCS5GZpAFukpQ,heldout,7,6.6619,30,1274684.27,1426967,1326889.6716767177,0.9606558084303884,likely,,10,9,none,0
TBUaBsCn3L0,UC50xPFPma-nCS5GZpAFukpQ,heldout,14,15.6619,30,1364479.73,1426967,1330619.4970806176,1.0254469676732099,confirmed,0.2388368544111187,10,9,none,0
c1NYw35eIjk,UCPjNBjflYl0-HQtUvOx0Ibw,time,7,7.7395,27,287297.49,269651,66313.18213169229,4.332434047112534,confirmed,,15,13,none,0
c1NYw35eIjk,UCPjNBjflYl0-HQtUvOx0Ibw,time,14,12.7395,27,266787.06,269651,66783.709201018,3.9947924835805533,confirmed,0.1605553496434434,15,11,none,0
zJ_F9w0ql9Q,UC7vAK04m8gUbeJ4oheQ8rCQ,time,5,6.8320,27,10048.66,12474,,,insufficient,,0,0,none,0
zJ_F9w0ql9Q,UC7vAK04m8gUbeJ4oheQ8rCQ,time,7,6.8320,27,10048.66,12474,,,insufficient,,0,0,none,0
zJ_F9w0ql9Q,UC7vAK04m8gUbeJ4oheQ8rCQ,time,14,12.8320,27,14109.38,12474,,,insufficient,0.5863541450603502,0,0,none,0
l8hwq9IDRtw,UCFs23bEpTlHJt1RVN0UWI3Q,time,14,13.8539,29,2794.67,2695,2798.2181796744558,0.9987315472420581,confirmed,0.15495447931077455,15,15,none,0
LQXNL4CRZwA,UCE_--R1P5-kfBzHTca0dsnw,time,14,13.7080,28,258946.04,298010,430507.5287364215,0.6014901451033811,confirmed,,14,14,none,0
36xSpAR47YI,UC4wKN1tlnlNVMiRPOu7qyvQ,heldout,14,13.7708,30,8976.42,9389,1627.1854989153253,5.516531199520978,confirmed,0.14759115536078043,15,15,none,0
ZE2XupnAcoE,UCEDLeLo3HNQZiJOTR2svg2A,time,5,5.4662,27,7743.78,8650,,,insufficient,,0,0,none,0
ZE2XupnAcoE,UCEDLeLo3HNQZiJOTR2svg2A,time,7,6.4662,27,8471.15,8650,,,insufficient,0.5582288369499724,0,0,none,0
ZE2XupnAcoE,UCEDLeLo3HNQZiJOTR2svg2A,time,14,13.4662,27,8715.29,8650,,,insufficient,0.3342679228803372,0,0,none,0
JqR-SLQDMwI,UCzJCrbhgN4ahgRq0BnI9g6w,time,14,13.9579,29,1733.71,1897,4801,0.36111513194128264,confirmed,0.272647386206668,15,14,none,0
K0QsFljy_J8,UCUpbDOT-OVNBlaQpb9pbd2w,time,3,3.5942,27,15322.31,10094,31628.213937600372,0.48445075356998357,likely,,15,15,none,0
K0QsFljy_J8,UCUpbDOT-OVNBlaQpb9pbd2w,time,5,4.5942,27,11191.82,10094,30822.150413199226,0.3631096502501883,likely,0.07767711885485067,15,15,none,0
K0QsFljy_J8,UCUpbDOT-OVNBlaQpb9pbd2w,time,7,6.5942,27,10987.49,10094,29295.988691393122,0.37505093537617124,likely,0.0661981641389263,15,15,none,0
K0QsFljy_J8,UCUpbDOT-OVNBlaQpb9pbd2w,time,14,12.5942,27,10381.29,10094,26668.10125878783,0.38927747032713145,confirmed,0.035911285785637334,15,15,none,0
5j10v0wht2g,UCgCsMxVCJs0TSqAIlBxiT7g,time,1,0.8152,27,8335.31,6332,6465.7659643651195,1.2891445518008153,early,,15,12,none,0
5j10v0wht2g,UCgCsMxVCJs0TSqAIlBxiT7g,time,2,1.8152,27,6746.22,6332,6483.328079701199,1.040549650998553,early,0.4901628745124599,15,12,none,0
5j10v0wht2g,UCgCsMxVCJs0TSqAIlBxiT7g,time,3,2.8152,27,5918.05,6332,6581.775042484296,0.8991578327945458,early,0.39731568449726806,15,12,none,0
5j10v0wht2g,UCgCsMxVCJs0TSqAIlBxiT7g,time,5,4.8152,27,5752.13,6332,6653.684844606555,0.8645022584229098,likely,0.3646602229160029,15,11,none,0
5j10v0wht2g,UCgCsMxVCJs0TSqAIlBxiT7g,time,7,6.8152,27,6587.40,6332,6751.5587263143725,0.9756860486211436,likely,0.36804597748958073,15,11,none,0
5j10v0wht2g,UCgCsMxVCJs0TSqAIlBxiT7g,time,14,12.8152,27,6798.66,6332,6961.948764005207,0.9765461435922871,confirmed,0.31555830536648644,15,10,none,0
132hnBjpudo,UCsLt8oYvDYGpSHcGhRBBkyw,time,14,14.1615,29,2912.28,2407,3056.27571776291,0.9528860559352196,confirmed,1.1271755370610022,15,15,none,0
e51VEA_0KgQ,UCYzrlZP_m1cV51q9GGDHCMg,time,0.5,0.4383,27,146.30,110,261.83716144298984,0.5587295919516672,early,,14,14,none,0
e51VEA_0KgQ,UCYzrlZP_m1cV51q9GGDHCMg,time,1,1.4383,27,168.03,110,275.5956949068596,0.6097124218850765,early,0.7953994674282167,15,15,none,0
e51VEA_0KgQ,UCYzrlZP_m1cV51q9GGDHCMg,time,2,2.4383,27,133.16,110,269.6301884006504,0.49386365543330374,early,0.591099920111178,15,15,none,0
e51VEA_0KgQ,UCYzrlZP_m1cV51q9GGDHCMg,time,3,3.4383,27,133.64,110,264.40828819717416,0.5054481558556799,likely,0.5130115813155475,15,15,none,0
e51VEA_0KgQ,UCYzrlZP_m1cV51q9GGDHCMg,time,5,5.4383,27,128.78,110,256.76024460135733,0.5015534225267878,likely,0.46967223766553046,15,15,none,0
e51VEA_0KgQ,UCYzrlZP_m1cV51q9GGDHCMg,time,7,7.4383,27,123.05,110,249.5329655990154,0.49313533401396575,confirmed,0.4216639183564349,15,15,none,0
e51VEA_0KgQ,UCYzrlZP_m1cV51q9GGDHCMg,time,14,15.4383,27,120.43,110,234.03687819539928,0.5145713116431198,confirmed,0.33088146494302173,15,15,none,0
V7hZlXGLflQ,UCdR7eGozLjafYMTd2BFnJaQ,heldout,7,7.8744,30,66608.40,80675,39114.66724741976,1.7029007655394064,confirmed,,10,9,none,0
V7hZlXGLflQ,UCdR7eGozLjafYMTd2BFnJaQ,heldout,14,13.8744,30,75521.63,80675,39693.39965486081,1.9026244643486012,confirmed,0.3860531004034279,10,9,none,0
7suxIkUAbMQ,UCAGgFGwq4HZKLZ4gXo9xLiw,time,5,6.8292,29,9407.95,7816,2253.676058653163,4.174491444887096,likely,,3,3,none,0
7suxIkUAbMQ,UCAGgFGwq4HZKLZ4gXo9xLiw,time,7,6.8292,29,9407.95,7816,2253.676058653163,4.174491444887096,likely,,3,3,none,0
7suxIkUAbMQ,UCAGgFGwq4HZKLZ4gXo9xLiw,time,14,13.8292,29,7930.07,7816,2067.9708863007722,3.8347090941586592,confirmed,0.04195551546858062,3,3,none,0
5_hQX0gwRS8,UCQ_bmgSrYsQS0LboA_tZpEw,heldout,1,1.9998,30,332334.34,392887,188682.325012338,1.76134327364539,early,,14,14,none,0
5_hQX0gwRS8,UCQ_bmgSrYsQS0LboA_tZpEw,heldout,2,1.9998,30,332334.34,392887,188682.325012338,1.76134327364539,early,,14,14,none,0
5_hQX0gwRS8,UCQ_bmgSrYsQS0LboA_tZpEw,heldout,3,2.9998,30,235007.25,392887,196919.80798878768,1.1934160157689466,early,0.20275954183345804,15,14,none,0
5_hQX0gwRS8,UCQ_bmgSrYsQS0LboA_tZpEw,heldout,5,4.9998,30,348385.91,392887,197443.45970567624,1.764484435664359,likely,0.5017920702408103,15,14,none,0
5_hQX0gwRS8,UCQ_bmgSrYsQS0LboA_tZpEw,heldout,7,5.9998,30,372520.20,392887,197443.45970567624,1.8867183580278353,likely,0.48954933285436436,15,14,none,0
5_hQX0gwRS8,UCQ_bmgSrYsQS0LboA_tZpEw,heldout,14,13.9998,30,390517.32,392887,199691.50455501053,1.9556030555892328,confirmed,0.40937900575730224,15,13,none,0
_iKa95XBl8I,UC41S9MSkeQ1TWo1URYLeRuw,heldout,3,3.6600,30,2918.31,2298,5308.130920895263,0.5497809348176139,likely,,15,13,none,0
_iKa95XBl8I,UC41S9MSkeQ1TWo1URYLeRuw,heldout,5,3.6600,30,2918.31,2298,5308.130920895263,0.5497809348176139,likely,,15,13,none,0
_iKa95XBl8I,UC41S9MSkeQ1TWo1URYLeRuw,heldout,14,13.6600,30,2344.65,2298,5308.130920895263,0.4417095455933574,confirmed,0.13821501541236483,15,13,none,0
iljr7LxxLvk,UC2jNBBBbMSWdir5Uibepq0A,time,5,6.7910,29,1627.57,1774,,,insufficient,,0,0,none,0
iljr7LxxLvk,UC2jNBBBbMSWdir5Uibepq0A,time,7,6.7910,29,1627.57,1774,,,insufficient,,0,0,none,0
iljr7LxxLvk,UC2jNBBBbMSWdir5Uibepq0A,time,14,13.7910,29,1727.00,1774,,,insufficient,0.2757417728742315,0,0,none,0
oOUEPF8MEPY,UCAC8Y3gJMuhGsjNWyufUNAQ,time,5,6.5886,27,69.23,86,,,insufficient,,0,0,none,0
oOUEPF8MEPY,UCAC8Y3gJMuhGsjNWyufUNAQ,time,7,6.5886,27,69.23,86,,,insufficient,,0,0,none,0
oOUEPF8MEPY,UCAC8Y3gJMuhGsjNWyufUNAQ,time,14,13.5886,27,80.68,86,,,insufficient,0.34696278890055754,0,0,none,0
EkfrE8E1rkM,UCTQuKo8v0PaPCvk5aRxc_Yg,heldout,0.5,0.5750,30,13945.84,26202,10628.459343959732,1.3121225764579802,early,,14,12,none,0
EkfrE8E1rkM,UCTQuKo8v0PaPCvk5aRxc_Yg,heldout,1,0.5750,30,13945.84,26202,10628.459343959732,1.3121225764579802,early,,14,12,none,0
EkfrE8E1rkM,UCTQuKo8v0PaPCvk5aRxc_Yg,heldout,5,4.5750,30,22158.10,26202,9064.599654405298,2.4444654578904825,likely,0.7887387622508011,15,13,none,0
EkfrE8E1rkM,UCTQuKo8v0PaPCvk5aRxc_Yg,heldout,7,6.5750,30,21648.95,26202,9181.714574419486,2.3578332055525872,likely,0.7035340343566692,15,12,none,0
EkfrE8E1rkM,UCTQuKo8v0PaPCvk5aRxc_Yg,heldout,14,14.5750,30,23166.57,26202,9610.0114305352,2.410670836950093,confirmed,0.6234080664708519,15,11,none,0
N5xhOqlvRh4,UCR-DXc1voovS8nhAvccRZhg,time,1,0.8745,27,589226.04,561157,207967.1399654105,2.8332651009339163,early,,15,12,none,0
N5xhOqlvRh4,UCR-DXc1voovS8nhAvccRZhg,time,2,1.8745,27,714160.97,561157,207967.1399654105,3.4340087105493415,early,0.841192699816055,15,12,none,0
N5xhOqlvRh4,UCR-DXc1voovS8nhAvccRZhg,time,3,2.8745,27,633734.93,561157,207967.1399654105,3.047283967465681,early,0.6335818161493845,15,11,none,0
N5xhOqlvRh4,UCR-DXc1voovS8nhAvccRZhg,time,5,4.8745,27,602860.10,561157,207916.24878416306,2.8995333558164837,likely,0.5016720143864317,15,11,none,0
N5xhOqlvRh4,UCR-DXc1voovS8nhAvccRZhg,time,7,6.8745,27,546582.26,561157,208056.2422058505,2.627088968508938,likely,0.4390180372763486,15,10,none,0
N5xhOqlvRh4,UCR-DXc1voovS8nhAvccRZhg,time,14,12.8745,27,564699.23,561157,207521.3103682891,2.721162612442561,confirmed,0.3474444587019615,15,10,none,0