video_id,channel_id,split,t,day,truth_day,est30,actual30,baseline,score,confidence,q,n_baseline,priors_derived,coverage,changed
UFUIy5U5tVs,UC8kGsMa0LygSX9nkBcBH1Sg,time,5,6.8327,27,18075.74,25606,,,insufficient,,0,0,none,0
UFUIy5U5tVs,UC8kGsMa0LygSX9nkBcBH1Sg,time,7,6.8327,27,18075.74,25606,,,insufficient,,0,0,none,0
UFUIy5U5tVs,UC8kGsMa0LygSX9nkBcBH1Sg,time,14,12.8327,27,20390.12,25606,10527.094822748424,1.9369176522863518,confirmed,0.3435186189196919,15,11,none,0
eXwUnRlQc1M,UCg_6LRcTUvdlwjnimkKxKxA,time,5,5.3938,28,67.99,69,,,insufficient,,2,2,none,0
eXwUnRlQc1M,UCg_6LRcTUvdlwjnimkKxKxA,time,7,7.3938,28,58.27,69,,,insufficient,0.21409360694790153,2,2,none,0
eXwUnRlQc1M,UCg_6LRcTUvdlwjnimkKxKxA,time,14,13.3938,28,64.08,69,,,insufficient,0.20396836567794635,2,2,none,0
Dart_BYcL7E,UCYzrlZP_m1cV51q9GGDHCMg,time,0.5,0.3528,27,607.48,161,282.78051819833877,2.148230443126266,early,,13,13,none,0
Dart_BYcL7E,UCYzrlZP_m1cV51q9GGDHCMg,time,1,1.3528,27,362.80,161,291.0352475015975,1.2465891618401959,early,0.12381219650425268,14,14,none,0
Dart_BYcL7E,UCYzrlZP_m1cV51q9GGDHCMg,time,2,2.3528,27,220.23,161,269.76937632834927,0.8163676448936873,early,0.0827681072437968,15,15,none,0
Dart_BYcL7E,UCYzrlZP_m1cV51q9GGDHCMg,time,3,3.3528,27,190.30,161,264.556228512267,0.7193010970968098,likely,0.06989244320409319,15,15,none,0
Dart_BYcL7E,UCYzrlZP_m1cV51q9GGDHCMg,time,5,5.3528,27,177.91,161,256.92312352088123,0.6924610218355135,likely,0.06536252750858144,15,15,none,0
Dart_BYcL7E,UCYzrlZP_m1cV51q9GGDHCMg,time,7,7.3528,27,172.62,161,249.70703488253284,0.6913077084714182,confirmed,0.059045276121689264,15,15,none,0
Dart_BYcL7E,UCYzrlZP_m1cV51q9GGDHCMg,time,14,15.3528,27,166.39,161,234.0460611985407,0.7109198571682794,confirmed,0.05322388141933424,15,15,none,0
QsR3a2xPBXw,UCnpWedLQdHpZqhgTLdB9Yyg,heldout,1,1.8956,30,62198.94,73641,68517.13387106394,0.9077867254001772,early,,15,15,none,0
QsR3a2xPBXw,UCnpWedLQdHpZqhgTLdB9Yyg,heldout,2,1.8956,30,62198.94,73641,68517.13387106394,0.9077867254001772,early,,15,15,none,0
QsR3a2xPBXw,UCnpWedLQdHpZqhgTLdB9Yyg,heldout,5,6.8956,30,65349.67,73641,71346.35900722587,0.9159495690418975,likely,0.43618486296658426,15,15,none,0
QsR3a2xPBXw,UCnpWedLQdHpZqhgTLdB9Yyg,heldout,7,6.8956,30,65349.67,73641,71346.35900722587,0.9159495690418975,likely,0.43618486296658426,15,15,none,0
QsR3a2xPBXw,UCnpWedLQdHpZqhgTLdB9Yyg,heldout,14,13.8956,30,70839.03,73641,71148.00000000001,0.995657384310836,confirmed,0.36668396680993165,15,12,none,0
K_mlC_aeDSU,UChpleBmo18P08aKCIgti38g,time,0.5,0.5029,27,345679.64,202087,96012.00000000003,3.600379513765713,early,,14,9,none,0
K_mlC_aeDSU,UChpleBmo18P08aKCIgti38g,time,1,0.5029,27,345679.64,202087,96012.00000000003,3.600379513765713,early,,14,9,none,0
K_mlC_aeDSU,UChpleBmo18P08aKCIgti38g,time,2,1.5029,27,333059.09,202087,96012.00000000003,3.468931940844258,early,0.8435823831337811,15,9,none,0
K_mlC_aeDSU,UChpleBmo18P08aKCIgti38g,time,3,2.5029,27,288200.51,202087,96012.00000000003,3.001713462023651,early,0.5991569090993978,15,9,none,0
K_mlC_aeDSU,UChpleBmo18P08aKCIgti38g,time,5,4.5029,27,280159.17,202087,96012.00000000003,2.917959991832662,likely,0.45240092004809673,15,8,none,0
K_mlC_aeDSU,UChpleBmo18P08aKCIgti38g,time,7,6.5029,27,234069.35,202087,96012.00000000003,2.4379176891508725,likely,0.3860952934626793,15,8,none,0
K_mlC_aeDSU,UChpleBmo18P08aKCIgti38g,time,14,12.5029,27,217033.31,202087,96012.00000000003,2.26048112627803,confirmed,0.2875113158604974,15,6,none,0
WYcTU11_1UA,UCGznz4NfW5iymkvn1l40qyA,time,1,0.8747,28,48812.40,59786,39355.66309111325,1.2402891924639337,early,,15,10,none,0
WYcTU11_1UA,UCGznz4NfW5iymkvn1l40qyA,time,2,2.8747,28,56929.49,59786,44441.31038355669,1.2810039538017544,early,0.6407695252541551,15,9,none,0
WYcTU11_1UA,UCGznz4NfW5iymkvn1l40qyA,time,3,2.8747,28,56929.49,59786,44441.31038355669,1.2810039538017544,early,0.6407695252541551,15,9,none,0
WYcTU11_1UA,UCGznz4NfW5iymkvn1l40qyA,time,5,4.8747,28,67852.82,59786,47969.30951837742,1.4145048833284168,likely,0.5332585786713783,15,9,none,0
WYcTU11_1UA,UCGznz4NfW5iymkvn1l40qyA,time,7,6.8747,28,60089.30,59786,51610.97024646151,1.1642737637671479,likely,0.5352288689099132,15,9,none,0
WYcTU11_1UA,UCGznz4NfW5iymkvn1l40qyA,time,14,13.8747,28,64388.34,59786,58201.484726349,1.106300625061379,confirmed,0.45931227350443515,15,8,none,0
YZuCKWqal5c,UC6BW8DqrAmBEIeCtMa4bfBw,time,14,15.2267,27,1989.42,2048,3674.3957088256357,0.541428252667312,confirmed,0.1027204386099998,15,15,none,0
7XFJ8cEwtgM,UCcCzzSbdw5-qmdF_NuTtb2w,heldout,0.5,0.3958,27,4606.80,2878,4312.693873378231,1.0681953715612729,early,,15,9,none,0
7XFJ8cEwtgM,UCcCzzSbdw5-qmdF_NuTtb2w,time,0.5,0.3958,27,4606.80,2878,4312.693873378231,1.0681953715612729,early,,15,9,none,0
7XFJ8cEwtgM,UCcCzzSbdw5-qmdF_NuTtb2w,heldout,1,1.3958,27,4642.77,2878,4316.0293824092105,1.0757030623372474,early,0.7350102837947212,15,9,none,0
7XFJ8cEwtgM,UCcCzzSbdw5-qmdF_NuTtb2w,time,1,1.3958,27,4642.77,2878,4316.0293824092105,1.0757030623372474,early,0.7350102837947212,15,9,none,0
7XFJ8cEwtgM,UCcCzzSbdw5-qmdF_NuTtb2w,heldout,2,2.3958,27,3063.34,2878,4335.000000000003,0.7066533972600094,early,0.62674639198877,15,8,none,0
7XFJ8cEwtgM,UCcCzzSbdw5-qmdF_NuTtb2w,time,2,2.3958,27,3063.34,2878,4335.000000000003,0.7066533972600094,early,0.62674639198877,15,8,none,0
7XFJ8cEwtgM,UCcCzzSbdw5-qmdF_NuTtb2w,heldout,3,3.3958,27,3258.69,2878,4335.000000000003,0.7517161800946951,likely,0.5556647227596817,15,8,none,0
7XFJ8cEwtgM,UCcCzzSbdw5-qmdF_NuTtb2w,time,3,3.3958,27,3258.69,2878,4335.000000000003,0.7517161800946951,likely,0.5556647227596817,15,8,none,0
7XFJ8cEwtgM,UCcCzzSbdw5-qmdF_NuTtb2w,heldout,5,5.3958,27,2936.43,2878,4335.000000000003,0.6773761943392053,likely,0.5098366827397262,15,8,none,0
7XFJ8cEwtgM,UCcCzzSbdw5-qmdF_NuTtb2w,time,5,5.3958,27,2936.43,2878,4335.000000000003,0.6773761943392053,likely,0.5098366827397262,15,8,none,0
7XFJ8cEwtgM,UCcCzzSbdw5-qmdF_NuTtb2w,heldout,7,7.3958,27,2762.15,2878,4335.000000000003,0.6371732428550662,confirmed,0.46394855065825336,15,7,none,0
7XFJ8cEwtgM,UCcCzzSbdw5-qmdF_NuTtb2w,time,7,7.3958,27,2762.15,2878,4335.000000000003,0.6371732428550662,confirmed,0.46394855065825336,15,7,none,0
7XFJ8cEwtgM,UCcCzzSbdw5-qmdF_NuTtb2w,heldout,14,15.3958,27,3062.50,2878,4335.000000000003,0.7064588188058629,confirmed,0.4083092177397341,15,4,none,0
7XFJ8cEwtgM,UCcCzzSbdw5-qmdF_NuTtb2w,time,14,15.3958,27,3062.50,2878,4335.000000000003,0.7064588188058629,confirmed,0.4083092177397341,15,4,none,0
M2zC_6OwJJI,UCBhPkAuGks2UkizNMbtW6uw,time,5,5.3314,27,85.53,87,52.259035726423875,1.63671777386495,likely,0.23746535863665064,4,4,none,0
M2zC_6OwJJI,UCBhPkAuGks2UkizNMbtW6uw,time,7,7.3314,27,83.56,87,52.44140736992377,1.5934622482532936,confirmed,0.12111376145487257,4,4,none,0
M2zC_6OwJJI,UCBhPkAuGks2UkizNMbtW6uw,time,14,15.3314,27,85.78,87,53.62039577899732,1.5997207672768003,confirmed,0.1270011250565764,4,4,none,0
7C3JQ_NPWGk,UCfCAy6CkaliVqbwqKT2VSYw,time,1,1.9687,27,5684.21,5354,12493.497387656458,0.4549731762598872,early,,15,15,none,0
7C3JQ_NPWGk,UCfCAy6CkaliVqbwqKT2VSYw,time,2,1.9687,27,5684.21,5354,12493.497387656458,0.4549731762598872,early,,15,15,none,0
7C3JQ_NPWGk,UCfCAy6CkaliVqbwqKT2VSYw,time,3,3.9687,27,5264.07,5354,13117.371377243875,0.401305382743472,likely,0.4128323125196047,15,14,none,0
7C3JQ_NPWGk,UCfCAy6CkaliVqbwqKT2VSYw,time,5,4.9687,27,5127.78,5354,13461.252148656105,0.38092859043306315,likely,0.3858792396036994,15,14,none,0
7C3JQ_NPWGk,UCfCAy6CkaliVqbwqKT2VSYw,time,7,6.9687,27,5430.26,5354,14011.141834758964,0.38756750904456844,likely,0.34679277468066294,15,14,none,0
7C3JQ_NPWGk,UCfCAy6CkaliVqbwqKT2VSYw,time,14,14.9687,27,5509.26,5354,18865.878220533843,0.2920223816195989,confirmed,0.28646595843539324,15,13,none,0
OCluUTaAB9g,UCq6YaxJHA-t4bYBHHvaoZ8w,heldout,5,5.5830,31,8627.82,6898,9297.587377743317,0.9279628128048526,likely,,13,12,none,0
OCluUTaAB9g,UCq6YaxJHA-t4bYBHHvaoZ8w,heldout,7,5.5830,31,8627.82,6898,9297.587377743317,0.9279628128048526,likely,,13,12,none,0
gY0u23USApk,UC6BW8DqrAmBEIeCtMa4bfBw,time,14,15.2591,27,64.58,66,3674.3957088256357,0.017576596735489503,confirmed,0.723816998239705,15,15,none,0
OUbmZFIsn64,UC3KNWfcAsfHDqIzHExknhFQ,time,5,6.6373,28,348.82,450,132.56449457143546,2.6313322016632257,likely,,3,3,none,0
OUbmZFIsn64,UC3KNWfcAsfHDqIzHExknhFQ,time,7,6.6373,28,348.82,450,132.56449457143546,2.6313322016632257,likely,,3,3,none,0
OUbmZFIsn64,UC3KNWfcAsfHDqIzHExknhFQ,time,14,13.6373,28,400.77,450,145.9419833430347,2.7460804072439573,confirmed,0.3285222787671126,3,3,none,0
QbEPCbNW_dY,UCPfe6kkX-LqgAovxwxHQXdQ,time,14,12.5830,27,521.09,503,895.9999999999999,0.581574276624231,confirmed,,15,14,none,0
q6tYDSHlLME,UC6BW8DqrAmBEIeCtMa4bfBw,time,14,13.3193,28,19320.26,17990,3835.397694170721,5.037356039212353,confirmed,,15,15,none,0
9J1f3fCsOMg,UCKmkpoEqg1sOMGEiIysP8Tw,time,5,4.8672,28,29773.78,62370,63161.37836184776,0.4713922087254904,likely,,15,15,none,0
9J1f3fCsOMg,UCKmkpoEqg1sOMGEiIysP8Tw,time,7,6.8672,28,55312.34,62370,62244.825026513136,0.8886255135978068,likely,1.5032486701247105,15,15,none,0
9J1f3fCsOMg,UCKmkpoEqg1sOMGEiIysP8Tw,time,14,12.8672,28,72977.94,62370,60184.92141486741,1.2125619154281557,confirmed,1.1250662398039655,15,15,none,0
DWi0YY8sNN0,UC6gi5tigsPyfEnFXFPeYH0Q,time,2,2.8845,27,196.60,341,165.6430799045227,1.1869162904746615,early,,15,15,none,0
DWi0YY8sNN0,UC6gi5tigsPyfEnFXFPeYH0Q,time,3,2.8845,27,196.60,341,165.6430799045227,1.1869162904746615,early,,15,15,none,0
DWi0YY8sNN0,UC6gi5tigsPyfEnFXFPeYH0Q,time,5,4.8845,27,211.86,341,165.04963313465927,1.2836271609478482,likely,0.5059968546266025,15,15,none,0
DWi0YY8sNN0,UC6gi5tigsPyfEnFXFPeYH0Q,time,7,6.8845,27,262.05,341,175.15746615477212,1.4960891883916152,likely,0.6102353325564189,15,15,none,0
DWi0YY8sNN0,UC6gi5tigsPyfEnFXFPeYH0Q,time,14,12.8845,27,314.05,341,191.86621997505654,1.6368304634549358,confirmed,0.5441625533748485,15,14,none,0
IX2o6hk3F9s,UCN7dywl5wDxTu1RM3eJ_h9Q,time,3,3.0412,28,2953.82,3928,11943.864973145402,0.2473088581915634,likely,,8,8,none,0
IX2o6hk3F9s,UCN7dywl5wDxTu1RM3eJ_h9Q,time,5,5.0412,28,2781.04,3928,11971.081753872531,0.2323127968757986,likely,0.3656044141174374,15,14,none,0
IX2o6hk3F9s,UCN7dywl5wDxTu1RM3eJ_h9Q,time,7,6.0412,28,3008.21,3928,12047.23747117423,0.2497015309157074,likely,0.43427587496726433,15,14,none,0
IX2o6hk3F9s,UCN7dywl5wDxTu1RM3eJ_h9Q,time,14,12.0412,28,3666.51,3928,12201,0.30050858644028317,confirmed,0.44504427175063566,15,13,none,0
BPfC0E4pWHc,UCI8gcSTo1FowsRJdilsjsZw,time,0.5,0.7175,27,22955.03,29078,37809.752520423826,0.6071191561889079,early,,12,12,none,0
BPfC0E4pWHc,UCI8gcSTo1FowsRJdilsjsZw,time,1,0.7175,27,22955.03,29078,37809.752520423826,0.6071191561889079,early,,12,12,none,0
BPfC0E4pWHc,UCI8gcSTo1FowsRJdilsjsZw,time,2,1.7175,27,20629.51,29078,33971.20155369368,0.6072646309464695,early,0.7103311608533768,14,14,none,0
BPfC0E4pWHc,UCI8gcSTo1FowsRJdilsjsZw,time,3,2.7175,27,22053.35,29078,33366.46224746947,0.6609435854492669,early,0.5844161301471872,15,15,none,0
BPfC0E4pWHc,UCI8gcSTo1FowsRJdilsjsZw,time,5,4.7175,27,26793.14,29078,32375.2893253667,0.8275799878731883,likely,0.5821154754705822,15,15,none,0
BPfC0E4pWHc,UCI8gcSTo1FowsRJdilsjsZw,time,7,6.7175,27,28210.98,29078,31794.33108946725,0.8872958160087947,likely,0.5792554321038207,15,15,none,0
BPfC0E4pWHc,UCI8gcSTo1FowsRJdilsjsZw,time,14,15.7175,27,30625.48,29078,37359.71991033257,0.8197460870700006,confirmed,0.4891643713523215,15,15,none,0
PgPtHrhg44o,UCBhPkAuGks2UkizNMbtW6uw,time,5,5.3915,27,37.63,44,,,insufficient,0,1,1,none,0
PgPtHrhg44o,UCBhPkAuGks2UkizNMbtW6uw,time,7,6.3915,27,35.18,44,,,insufficient,-0.09753106240495744,1,1,none,0
PgPtHrhg44o,UCBhPkAuGks2UkizNMbtW6uw,time,14,15.3915,27,39.27,44,,,insufficient,0.12687640247661572,1,1,none,0
XQnJ4YfCFOg,UCAGgFGwq4HZKLZ4gXo9xLiw,time,5,4.8221,27,10386.01,8251,2731.924530579989,3.8017203801425357,likely,,7,7,none,0
XQnJ4YfCFOg,UCAGgFGwq4HZKLZ4gXo9xLiw,time,7,6.8221,27,8599.33,8251,2713.233317284246,3.1694044937448043,likely,0.08017992857088695,7,7,none,0
XQnJ4YfCFOg,UCAGgFGwq4HZKLZ4gXo9xLiw,time,14,15.8221,27,8450.65,8251,2454.852491625068,3.442426705566816,confirmed,0.06426689143469397,7,7,none,0
t1FEjEtAzsw,UC4ARIU_9FbVtMqvJtpZlDGA,time,5,5.8114,28,18657.57,20878,,,insufficient,,0,0,none,0
t1FEjEtAzsw,UC4ARIU_9FbVtMqvJtpZlDGA,time,7,6.8114,28,20129.92,20878,,,insufficient,0.48920022580189254,0,0,none,0
t1FEjEtAzsw,UC4ARIU_9FbVtMqvJtpZlDGA,time,14,12.8114,28,19295.28,20878,,,insufficient,0.322558910680906,0,0,none,0
BSGJH9b_N3A,UC7geKfz2-IH0rsgRBtHTm0g,time,2,2.8124,27,2933.21,4359,7825.33180344484,0.37483546048052613,early,,12,12,none,0
BSGJH9b_N3A,UC7geKfz2-IH0rsgRBtHTm0g,time,3,2.8124,27,2933.21,4359,7825.33180344484,0.37483546048052613,early,,12,12,none,0
BSGJH9b_N3A,UC7geKfz2-IH0rsgRBtHTm0g,time,5,4.8124,27,6607.90,4359,6606.424290485028,1.0002236989492659,likely,1.5414266474096807,15,14,none,0
BSGJH9b_N3A,UC7geKfz2-IH0rsgRBtHTm0g,time,7,6.8124,27,6017.23,4359,6710.015050913087,0.8967533333976511,likely,0.9668783139381695,15,13,none,0
BSGJH9b_N3A,UC7geKfz2-IH0rsgRBtHTm0g,time,14,12.8124,27,5088.16,4359,6872.80349704406,0.7403320367589297,confirmed,0.6024983167265485,15,13,none,0
NCIIbjtz_JA,UCQIcXQ2n0sa-7CD0NtqnrrA,heldout,2,2.7995,29,168375.87,163440,94151.4010785002,1.788352285556196,early,,15,14,none,0
NCIIbjtz_JA,UCQIcXQ2n0sa-7CD0NtqnrrA,heldout,3,2.7995,29,168375.87,163440,94151.4010785002,1.788352285556196,early,,15,14,none,0
NCIIbjtz_JA,UCQIcXQ2n0sa-7CD0NtqnrrA,heldout,5,4.7995,29,158458.45,163440,94190.74039289016,1.682314551991434,likely,0.3465659296964192,15,14,none,0
NCIIbjtz_JA,UCQIcXQ2n0sa-7CD0NtqnrrA,heldout,7,6.7995,29,160810.70,163440,94190.74039289016,1.7072877673178823,likely,0.31258165285095363,15,14,none,0
NCIIbjtz_JA,UCQIcXQ2n0sa-7CD0NtqnrrA,heldout,14,14.7995,29,165809.54,163440,94769.24271310723,1.7496134574788873,confirmed,0.23340921255563588,15,13,none,0
Qi07yb1S6Ps,UC70SrI3VkT1MXALRtf0pcHg,time,1,0.8477,27,74428.56,43060,71929.5872030353,1.0347418817240486,early,,13,13,none,0
Qi07yb1S6Ps,UC70SrI3VkT1MXALRtf0pcHg,time,2,1.8477,27,53365.04,43060,70879.74699839395,0.7528954358430877,early,0.40854482753585764,15,15,none,0
Qi07yb1S6Ps,UC70SrI3VkT1MXALRtf0pcHg,time,3,2.8477,27,49683.09,43060,69803.52146261456,0.7117562190310763,early,0.32659594299305594,15,15,none,0
Qi07yb1S6Ps,UC70SrI3VkT1MXALRtf0pcHg,time,5,4.8477,27,49545.73,43060,67971.92941146456,0.7289146076484307,likely,0.2776748201906878,15,15,none,0
Qi07yb1S6Ps,UC70SrI3VkT1MXALRtf0pcHg,time,7,7.8477,27,50196.65,43060,66668.38257098237,0.7529304036595162,confirmed,0.25313896298030836,15,15,none,0
Qi07yb1S6Ps,UC70SrI3VkT1MXALRtf0pcHg,time,14,12.8477,27,46017.36,43060,63924.887573327964,0.7198661308451025,confirmed,0.20708054055906772,15,15,none,0
_h9AyLOG-f4,UC6XTIVq86zJPKNeiPay1czQ,time,5,5.9445,28,768.28,1005,,,insufficient,,0,0,none,0
_h9AyLOG-f4,UC6XTIVq86zJPKNeiPay1czQ,time,7,6.9445,28,634.42,1005,,,insufficient,0.15622259181439874,0,0,none,0
_h9AyLOG-f4,UC6XTIVq86zJPKNeiPay1czQ,time,14,13.9445,28,781.44,1005,,,insufficient,0.27582952058633803,0,0,none,0
rHIUKM0SDhE,UCloEmVCpDUoPHyi5qU940TQ,time,0.5,0.5012,28,678.80,1853,492.3355687966087,1.3787406118934613,early,,15,12,none,0
rHIUKM0SDhE,UCloEmVCpDUoPHyi5qU940TQ,time,1,0.5012,28,678.80,1853,492.3355687966087,1.3787406118934613,early,,15,12,none,0
rHIUKM0SDhE,UCloEmVCpDUoPHyi5qU940TQ,time,2,2.5012,28,1074.14,1853,499.7943797420376,2.149167373311057,early,1.0347322303231368,15,12,none,0
rHIUKM0SDhE,UCloEmVCpDUoPHyi5qU940TQ,time,3,2.5012,28,1074.14,1853,499.7943797420376,2.149167373311057,early,1.0347322303231368,15,12,none,0
rHIUKM0SDhE,UCloEmVCpDUoPHyi5qU940TQ,time,5,4.5012,28,1318.82,1853,515.0000000000001,2.5608070844648734,likely,0.8372768326751117,15,11,none,0
rHIUKM0SDhE,UCloEmVCpDUoPHyi5qU940TQ,time,7,6.5012,28,1456.72,1853,515.0000000000001,2.8285912929298,likely,0.7991641838211357,15,11,none,0
rHIUKM0SDhE,UCloEmVCpDUoPHyi5qU940TQ,time,14,13.5012,28,1639.50,1853,515.0000000000001,3.183488857719582,confirmed,0.7789856523121829,15,9,none,0
FYyjcU387fQ,UCPa0bvFsR1mbBpk5mIPFGLA,heldout,14,14.9164,30,86511.01,96398,66658.23871385978,1.2978292197166974,confirmed,,15,14,none,0
8RlLlCWFt1g,UCq_2n18CJaRVGxEfxtCfI-Q,time,3,3.8443,27,170731.96,126419,120942.83756119786,1.4116747990152088,likely,,15,15,none,0
8RlLlCWFt1g,UCq_2n18CJaRVGxEfxtCfI-Q,time,5,4.8443,27,127129.84,126419,120169.71665467933,1.0579191415589553,likely,0.18441903000502852,15,15,none,0
8RlLlCWFt1g,UCq_2n18CJaRVGxEfxtCfI-Q,time,7,6.8443,27,129058.18,126419,118356.22088919366,1.0904215866352314,likely,0.1788611614198124,15,15,none,0
8RlLlCWFt1g,UCq_2n18CJaRVGxEfxtCfI-Q,time,14,12.8443,27,127233.07,126419,113181.7687250802,1.124148132659272,confirmed,0.12753415046658526,15,14,none,0
YRMiL_vw8pg,UCP4k407eomZThGHo_9sgMkg,time,7,7.9786,27,27123.68,29440,170023.04487852324,0.15952945391163223,confirmed,,15,15,none,0
YRMiL_vw8pg,UCP4k407eomZThGHo_9sgMkg,time,14,14.9786,27,30512.15,29440,175565.25945136056,0.17379376457376117,confirmed,0.3341508824408208,15,13,none,0
PNQGAKbQAhI,UC7vGEKe2pHPYgpQxsmsk6Pw,time,5,5.7912,28,615.98,614,,,insufficient,,0,0,none,0
PNQGAKbQAhI,UC7vGEKe2pHPYgpQxsmsk6Pw,time,7,6.7912,28,512.38,614,,,insufficient,0.20597060953639304,0,0,none,0
PNQGAKbQAhI,UC7vGEKe2pHPYgpQxsmsk6Pw,time,14,13.7912,28,642.62,614,,,insufficient,0.304132163054214,0,0,none,0
ljwFexdPqIc,UC6BW8DqrAmBEIeCtMa4bfBw,time,14,15.3006,27,5247.29,5259,3674.3957088256357,1.4280678058134695,confirmed,0.3084366919686509,15,15,none,0
AO_B7T47oEU,UCraEIu_mORQKKo8eV9pk6Cw,time,14,13.8748,27,446.81,435,687.4102658111822,0.6499865551267642,confirmed,,6,6,none,0
f9v50uNJkZ0,UCrtPXCqjm9c7nqgJL-vBSZg,heldout,5,5.0886,27,931.74,1521,6870.829738164033,0.13560765326476637,likely,0.31722043313186626,15,13,none,0
f9v50uNJkZ0,UCrtPXCqjm9c7nqgJL-vBSZg,time,5,5.0886,27,931.74,1521,6870.829738164033,0.13560765326476637,likely,0.31722043313186626,15,13,none,0
f9v50uNJkZ0,UCrtPXCqjm9c7nqgJL-vBSZg,heldout,7,7.0886,27,1050.53,1521,6948.0000000000055,0.15119855795682588,confirmed,0.41539911032396937,15,12,none,0
f9v50uNJkZ0,UCrtPXCqjm9c7nqgJL-vBSZg,time,7,7.0886,27,1050.53,1521,6948.0000000000055,0.15119855795682588,confirmed,0.41539911032396937,15,12,none,0
f9v50uNJkZ0,UCrtPXCqjm9c7nqgJL-vBSZg,heldout,14,13.0886,27,1208.15,1521,6948.0000000000055,0.17388419234615024,confirmed,0.40721677058506006,15,9,none,0
f9v50uNJkZ0,UCrtPXCqjm9c7nqgJL-vBSZg,time,14,13.0886,27,1208.15,1521,6948.0000000000055,0.17388419234615024,confirmed,0.40721677058506006,15,9,none,0
cLb9w_PnL9k,UCLhu5JoRWPgEGDoUFfQHTPQ,time,3,3.7707,27,9370.42,7387,6817.700981917517,1.374425593836831,likely,,12,12,none,0
cLb9w_PnL9k,UCLhu5JoRWPgEGDoUFfQHTPQ,time,5,4.7707,27,8050.57,7387,6173.007446809999,1.3041567540954402,likely,0.29141211295419267,15,15,none,0
cLb9w_PnL9k,UCLhu5JoRWPgEGDoUFfQHTPQ,time,7,6.7707,27,7991.80,7387,6020.57190688369,1.327414696882714,likely,0.2288240397652,15,15,none,0
cLb9w_PnL9k,UCLhu5JoRWPgEGDoUFfQHTPQ,time,14,12.7707,27,7602.59,7387,6023.999999999995,1.2620493181660843,confirmed,0.1596763731651343,15,12,none,0
aZycIUtsObg,UCB0rRESYOIUs1Jd2RnJhOXg,heldout,5,6.8005,29,12.59,22,,,insufficient,,0,0,none,0
aZycIUtsObg,UCB0rRESYOIUs1Jd2RnJhOXg,time,5,6.8005,29,12.59,22,,,insufficient,,0,0,none,0
aZycIUtsObg,UCB0rRESYOIUs1Jd2RnJhOXg,heldout,7,6.8005,29,12.59,22,,,insufficient,,0,0,none,0
aZycIUtsObg,UCB0rRESYOIUs1Jd2RnJhOXg,time,7,6.8005,29,12.59,22,,,insufficient,,0,0,none,0
aZycIUtsObg,UCB0rRESYOIUs1Jd2RnJhOXg,heldout,14,13.8005,29,11.95,22,,,insufficient,0.14881178558122665,0,0,none,0
aZycIUtsObg,UCB0rRESYOIUs1Jd2RnJhOXg,time,14,13.8005,29,11.95,22,,,insufficient,0.14881178558122665,0,0,none,0
c1NYw35eIjk,UCPjNBjflYl0-HQtUvOx0Ibw,time,7,7.7395,27,287417.35,269651,66264.87641494624,4.337401200445821,confirmed,,15,13,none,0
c1NYw35eIjk,UCPjNBjflYl0-HQtUvOx0Ibw,time,14,12.7395,27,266562.92,269651,66726.25015551539,3.9948734415646103,confirmed,0.1605553496434434,15,11,none,0
aDizcTftOx8,UCYL1Kn00HYDP0gOZKHBC84w,heldout,14,13.6666,29,48218.62,45393,5529.569624474699,8.720138921123736,confirmed,,12,10,none,0
aDizcTftOx8,UCYL1Kn00HYDP0gOZKHBC84w,time,14,13.6666,29,48218.62,45393,5529.569624474699,8.720138921123736,confirmed,,12,10,none,0
lMAbWZMYF60,UCLKZ20yD2tNMBOkSDZo4FeQ,time,0.5,0.4994,29,5615.55,2955,4782.209039840682,1.1742590930243757,early,,14,14,none,0
lMAbWZMYF60,UCLKZ20yD2tNMBOkSDZo4FeQ,time,1,1.4994,29,5302.67,2955,4521.608432689316,1.1727390116163152,early,0.4776946249797405,15,15,none,0
lMAbWZMYF60,UCLKZ20yD2tNMBOkSDZo4FeQ,time,2,1.4994,29,5302.67,2955,4521.608432689316,1.1727390116163152,early,0.4776946249797405,15,15,none,0
lMAbWZMYF60,UCLKZ20yD2tNMBOkSDZo4FeQ,time,3,3.4994,29,3463.17,2955,4745.4210622726405,0.7297915601157716,likely,0.32568966529086907,15,14,none,0
lMAbWZMYF60,UCLKZ20yD2tNMBOkSDZo4FeQ,time,5,5.4994,29,3958.42,2955,5085.685063915789,0.7783456433578155,likely,0.279739156610858,15,13,none,0
lMAbWZMYF60,UCLKZ20yD2tNMBOkSDZo4FeQ,time,7,7.4994,29,3670.29,2955,5105.470189415879,0.7188939121178863,confirmed,0.2577587942171029,15,12,none,0
lMAbWZMYF60,UCLKZ20yD2tNMBOkSDZo4FeQ,time,14,14.4994,29,3157.52,2955,4919.594676265304,0.6418248357520812,confirmed,0.2114096541762862,15,9,none,0
wOl2MRYQZMQ,UCxiI1Gr_bfs_N0fWoDw2yAg,time,7,7.9155,27,3816.88,3635,3649.067987718506,1.0459889899345853,confirmed,,15,14,none,0
wOl2MRYQZMQ,UCxiI1Gr_bfs_N0fWoDw2yAg,time,14,12.9155,27,3756.06,3635,3630.637021540471,1.034545254567226,confirmed,0.22811366299495608,15,12,none,0
Plmb7c0pNdo,UCrzFIb07hYMhMguR1G0ZtOw,time,1,0.9994,29,12077.95,16968,7518.0426835835315,1.6065284586125168,early,,15,11,none,0
Plmb7c0pNdo,UCrzFIb07hYMhMguR1G0ZtOw,time,2,1.9994,29,11749.13,16968,7517.9298054430665,1.5628146920114945,early,0.5369160488546397,15,10,none,0
Plmb7c0pNdo,UCrzFIb07hYMhMguR1G0ZtOw,time,3,2.9994,29,11592.44,16968,7503.81616376589,1.5448727404826388,early,0.46686964855378,15,10,none,0
Plmb7c0pNdo,UCrzFIb07hYMhMguR1G0ZtOw,time,5,4.9994,29,10695.11,16968,7489.023968820376,1.4281047643362494,likely,0.36040459930271856,15,10,none,0
Plmb7c0pNdo,UCrzFIb07hYMhMguR1G0ZtOw,time,7,6.9994,29,11969.08,16968,7500.000000000001,1.5958770431557625,likely,0.3629369190237464,15,9,none,0
Plmb7c0pNdo,UCrzFIb07hYMhMguR1G0ZtOw,time,14,13.9994,29,18083.04,16968,7500.000000000001,2.411072551336761,confirmed,0.4615301836160251,15,6,none,0
jdKtPL6UmH8,UCebT5m6aSB3Yd8Adn92yeDQ,time,14,13.7071,29,25140.66,28497,19781.400239641105,1.270924202763402,confirmed,0.6806097784874877,15,13,none,0
bHJnf2McbZI,UCh7mi5sI3BSzKReLzXpgimA,time,5,6.3531,28,161.19,136,55.142465217393585,2.9231218789460374,likely,,15,13,none,0
bHJnf2McbZI,UCh7mi5sI3BSzKReLzXpgimA,time,7,7.3531,28,140.74,136,55.142465217393585,2.552268242016165,confirmed,0,15,13,none,0
bHJnf2McbZI,UCh7mi5sI3BSzKReLzXpgimA,time,14,13.3531,28,137.45,136,54.056373006478566,2.542733494631733,confirmed,0.05729113217633714,15,10,none,0
DJ18LeXxL4I,UC5lBPQsMMJEE5PTJMzf_sug,heldout,1,1.9432,30,2558.73,3533,3711.1261719212803,0.6894765511899981,early,,10,10,none,0
DJ18LeXxL4I,UC5lBPQsMMJEE5PTJMzf_sug,heldout,2,1.9432,30,2558.73,3533,3711.1261719212803,0.6894765511899981,early,,10,10,none,0
DJ18LeXxL4I,UC5lBPQsMMJEE5PTJMzf_sug,heldout,3,2.9432,30,1722.61,3533,6961.308779671884,0.24745495699222458,early,0.04222409249573834,15,15,none,0
DJ18LeXxL4I,UC5lBPQsMMJEE5PTJMzf_sug,heldout,5,4.9432,30,1860.06,3533,7257.556356975405,0.25629342880525136,likely,0.2502222577683959,15,13,none,0
DJ18LeXxL4I,UC5lBPQsMMJEE5PTJMzf_sug,heldout,7,5.9432,30,2197.25,3533,7257.556356975405,0.3027534189091308,likely,0.2565821825923143,15,13,none,0
DJ18LeXxL4I,UC5lBPQsMMJEE5PTJMzf_sug,heldout,14,13.9432,30,4686.26,3533,8616.508915196282,0.5438694037511782,confirmed,0.40112519260266766,15,8,none,0
fe1HAmp1K4k,UCb_JYhqnSdEejiznUm3XNqQ,time,5,4.6640,27,248.84,217,,,insufficient,,0,0,none,0
fe1HAmp1K4k,UCb_JYhqnSdEejiznUm3XNqQ,time,7,6.6640,27,205.61,217,,,insufficient,0.07150153213371303,0,0,none,0
fe1HAmp1K4k,UCb_JYhqnSdEejiznUm3XNqQ,time,14,12.6640,27,205.66,217,,,insufficient,0.09517942212995009,0,0,none,0
xuAULcvEHN4,UC4cTmHcWEXfkRdCvFLe4KiQ,time,14,13.9686,29,6222.17,6225,3770.8950993483704,1.6500519618279974,confirmed,0.15226815539016092,15,12,none,0
wSvPCnvvnpc,UCNcpeWJ-c3jMX_9fQ4b9v1Q,time,1,1.5410,27,417.10,2239,1210.428063787715,0.3445918501620629,early,,15,15,none,0
wSvPCnvvnpc,UCNcpeWJ-c3jMX_9fQ4b9v1Q,time,2,1.5410,27,417.10,2239,1210.428063787715,0.3445918501620629,early,,15,15,none,0
wSvPCnvvnpc,UCNcpeWJ-c3jMX_9fQ4b9v1Q,time,3,2.5410,27,990.69,2239,1219.3641143523791,0.8124665153702196,early,2.2014491982201747,15,15,none,0
wSvPCnvvnpc,UCNcpeWJ-c3jMX_9fQ4b9v1Q,time,5,4.5410,27,2994.44,2239,1234.9046549487828,2.424833943261259,likely,2.532431824600222,15,15,none,0
wSvPCnvvnpc,UCNcpeWJ-c3jMX_9fQ4b9v1Q,time,7,6.5410,27,3632.77,2239,1561.7130884564453,2.32614271866214,likely,2.1187978776804743,15,15,none,0
wSvPCnvvnpc,UCNcpeWJ-c3jMX_9fQ4b9v1Q,time,14,12.5410,27,2747.96,2239,1794.3521741022778,1.5314491687241398,confirmed,1.35988348846303,15,15,none,0
uGe5GXwbcHo,UCrrG7mvA6j0Z6oGwRgLayVw,time,14,13.8519,28,10153.50,10225,13536.869988328599,0.7500629648375223,confirmed,,15,15,none,0
WVXFrCAOdik,UC3D0x-dmWYAZUIHroYc-zTw,heldout,1,1.1618,30,6989.33,4026,3686.8623489936817,1.8957400589844169,early,0.09344876276025829,13,10,none,0
WVXFrCAOdik,UC3D0x-dmWYAZUIHroYc-zTw,heldout,2,2.1618,30,4781.33,4026,3677.4377354013745,1.300179923370508,early,0.18392773701197143,13,10,none,0
WVXFrCAOdik,UC3D0x-dmWYAZUIHroYc-zTw,heldout,3,3.1618,30,4299.69,4026,3662.0264116144467,1.1741273102489178,likely,0.1807414870634546,13,10,none,0
WVXFrCAOdik,UC3D0x-dmWYAZUIHroYc-zTw,heldout,5,5.1618,30,4121.56,4026,3662.0264116144467,1.1254873114069606,likely,0.16485036596928426,13,10,none,0
WVXFrCAOdik,UC3D0x-dmWYAZUIHroYc-zTw,heldout,7,7.1618,30,4055.02,4026,3638.884678529957,1.1143590509949066,confirmed,0.1514778270392661,13,10,none,0
WVXFrCAOdik,UC3D0x-dmWYAZUIHroYc-zTw,heldout,14,14.1618,30,4197.71,4026,3670.0000000000023,1.1437910230838668,confirmed,0.1332066636743239,13,9,none,0
5WIsNsq1Zuw,UC1iFTPspSKcb4vb1N7czmRQ,time,5,4.7778,27,140.06,128,,,insufficient,,0,0,none,0
5WIsNsq1Zuw,UC1iFTPspSKcb4vb1N7czmRQ,time,7,6.7778,27,117.65,128,,,insufficient,0.12817354059013605,0,0,none,0
5WIsNsq1Zuw,UC1iFTPspSKcb4vb1N7czmRQ,time,14,12.7778,27,125.99,128,,,insufficient,0.13677314997927523,0,0,none,0
BSECHrEhZjE,UCxkIzPnPzWLz4IeuxIROflg,heldout,1,0.8748,28,665.54,3675,1738.3020795708514,0.382865742271233,early,,14,13,none,0
BSECHrEhZjE,UCxkIzPnPzWLz4IeuxIROflg,heldout,2,1.8748,28,1528.82,3675,1747.1935242797576,0.8750133526864222,early,1.8960416547614014,15,13,none,0
BSECHrEhZjE,UCxkIzPnPzWLz4IeuxIROflg,heldout,3,2.8748,28,1649.73,3675,1749.0248893083544,0.9432271177177609,early,1.4100197421178384,15,13,none,0
BSECHrEhZjE,UCxkIzPnPzWLz4IeuxIROflg,heldout,5,4.8748,28,1801.14,3675,1749.0248893083544,1.0297955865082598,likely,1.0936536491422084,15,13,none,0
BSECHrEhZjE,UCxkIzPnPzWLz4IeuxIROflg,heldout,7,6.8748,28,1955.36,3675,1766.1295777073158,1.1071415331568204,likely,1.0232601213128238,15,13,none,0
BSECHrEhZjE,UCxkIzPnPzWLz4IeuxIROflg,heldout,14,13.8748,28,2594.42,3675,1764.0000000000005,1.4707585251703363,confirmed,0.925626376012938,15,7,none,0
Z0YTMT4yZYk,UCAv6BKSKYopVNODaEROEcqA,time,5,5.1576,27,88442.22,76350,,,insufficient,0.8357644327061353,1,1,none,0
Z0YTMT4yZYk,UCAv6BKSKYopVNODaEROEcqA,time,7,7.1576,27,71216.18,76350,,,insufficient,0.5195981632025811,1,1,none,0
Z0YTMT4yZYk,UCAv6BKSKYopVNODaEROEcqA,time,14,12.1576,27,67615.36,76350,,,insufficient,0.37046684683088493,1,1,none,0
jep3NQ65vd0,UCxEQsjgRRfGWiJJu_PDygxw,time,14,13.4478,28,426943.32,423852,254046.6053251597,1.6805708551808847,confirmed,0.04724752168206766,15,13,none,0
rhAxQ9bV0ls,UCbAlVnKhbGLK78GsSemQXxw,time,5,4.5118,27,91982.44,334589,8096.490238278747,11.360779198729412,likely,,4,4,none,0
rhAxQ9bV0ls,UCbAlVnKhbGLK78GsSemQXxw,time,7,6.5118,27,186319.53,334589,7873.926171567538,23.662849068276312,likely,1.7036921679369317,4,4,none,0
rhAxQ9bV0ls,UCbAlVnKhbGLK78GsSemQXxw,time,14,12.5118,27,272605.15,334589,7449.7433346208945,36.59255534391902,confirmed,1.2910167940538402,4,4,none,0
NnbBFh66TQQ,UCLasRuEwYys3CeBhn3NXFXw,time,14,13.3075,28,10611.93,11017,288.3656475386241,36.800272453687455,confirmed,0.7860174724270109,15,15,none,0
QoDKNa_08cc,UCDVt6xCSRx3dqr_SGgc1hng,time,14,14.9576,27,8820.06,10611,3101.564961103446,2.843745827993124,confirmed,0.704270435953989,15,13,none,0
nTAQplce_-U,UC3_BakzLfadvFrsnClMFWmQ,heldout,1,0.0744,30,21866.23,859,896.2234305908194,24.398189166944505,early,,13,13,none,0
nTAQplce_-U,UC3_BakzLfadvFrsnClMFWmQ,heldout,5,5.0744,30,955.69,859,830.1543301012313,1.1512220738610042,likely,0.1976895173341406,15,15,none,0
nTAQplce_-U,UC3_BakzLfadvFrsnClMFWmQ,heldout,7,6.0744,30,923.60,859,804.9655769145193,1.147372672951027,likely,0.1829689210070614,15,15,none,0
nTAQplce_-U,UC3_BakzLfadvFrsnClMFWmQ,heldout,14,14.0744,30,865.81,859,777.9999999999998,1.1128666406976107,confirmed,0.13548756350950267,15,11,none,0
N8UbjuIMaEg,UCCZLVYAGIoGvaFUrTyyeaXA,time,5,5.0200,28,7695.01,6091,11190.88683297036,0.6876135158431425,likely,,6,6,none,0
N8UbjuIMaEg,UCCZLVYAGIoGvaFUrTyyeaXA,time,7,7.0200,28,6381.61,6091,10730.684058005821,0.5947062742636137,confirmed,0.08819952701591768,6,6,none,0
N8UbjuIMaEg,UCCZLVYAGIoGvaFUrTyyeaXA,time,14,13.0200,28,6192.53,6091,9779.586647720496,0.6332094846633459,confirmed,0.06763450304004698,6,6,none,0
NglpqOIQzlg,UCUpbDOT-OVNBlaQpb9pbd2w,time,5,5.6945,29,60572.84,54178,28392.532868334034,2.133407365954677,likely,,15,15,none,0
NglpqOIQzlg,UCUpbDOT-OVNBlaQpb9pbd2w,time,7,6.6945,29,55938.94,54178,27944.467307076753,2.0017894983875357,likely,0.27010480516733243,15,15,none,0
NglpqOIQzlg,UCUpbDOT-OVNBlaQpb9pbd2w,time,14,13.6945,29,57098.67,54178,25158.455501125114,2.2695619090715025,confirmed,0.21073862063088206,15,15,none,0
dw9UTRj424o,UC9kUnVpufVjhTZHhxaKuHaA,time,14,14.9991,27,28679.94,49841,5440.478416841758,5.27158363916896,confirmed,,15,12,none,0
HNTPo3EoBio,UCmH99cCLXOXzaEFJKyGJXTw,time,5,5.8773,29,293.71,268,1704.5621734584092,0.1723098558992822,likely,,12,12,none,0
HNTPo3EoBio,UCmH99cCLXOXzaEFJKyGJXTw,time,7,6.8773,29,272.12,268,1443.9555471470424,0.1884529889071181,likely,0.3006954912012448,15,14,none,0
HNTPo3EoBio,UCmH99cCLXOXzaEFJKyGJXTw,time,14,13.8773,29,263.92,268,1434.506845609351,0.18397842567332331,confirmed,0.15264613631441115,15,12,none,0
kVEjOXPOFOo,UCnwlWgbcxwpsnB7LtOL1kPg,time,14,12.9977,27,7236.51,6650,7108.997962880099,1.017936211089607,confirmed,,15,15,none,0
mwFwoyyUgKM,UCVbwsYKbh6Pz3RHXCXj4MdQ,heldout,1,0.9573,30,653.52,978,1995.41898877783,0.32751167988258595,early,,15,14,none,0
mwFwoyyUgKM,UCVbwsYKbh6Pz3RHXCXj4MdQ,heldout,2,1.9573,30,1379.13,978,2003.030885564291,0.6885196110961741,early,1.7583422810432128,15,14,none,0
mwFwoyyUgKM,UCVbwsYKbh6Pz3RHXCXj4MdQ,heldout,3,2.9573,30,1339.47,978,2008.2333509275056,0.6669880421459128,early,1.1840055045087652,15,13,none,0
mwFwoyyUgKM,UCVbwsYKbh6Pz3RHXCXj4MdQ,heldout,5,4.9573,30,1327.55,978,2008.2333509275056,0.6610521285187574,likely,0.864527090223329,15,13,none,0
mwFwoyyUgKM,UCVbwsYKbh6Pz3RHXCXj4MdQ,heldout,7,6.9573,30,1248.31,978,2102.7713176852712,0.5936483364363466,likely,0.740076860520016,15,13,none,0
mwFwoyyUgKM,UCVbwsYKbh6Pz3RHXCXj4MdQ,heldout,14,13.9573,30,1115.65,978,2184.2712675675875,0.5107635222769128,confirmed,0.5779037910358814,15,12,none,0
JKFzRL6UfCg,UCyapQzPW5tjyIVsOLSkZ6Vg,time,14,13.8330,28,161.87,159,100.78824017577125,1.6060473105135618,confirmed,,15,15,none,0
y_xPfoRBHFc,UCHu2KNu6TtJ0p4hpSW7Yv7Q,time,1,0.9601,27,231688.33,240942,223300.99999999988,1.037560639412476,early,,15,10,none,0
y_xPfoRBHFc,UCHu2KNu6TtJ0p4hpSW7Yv7Q,time,2,1.9601,27,213058.61,240942,223300.99999999988,0.9541319120458182,early,0.5943325058399139,15,10,none,0
y_xPfoRBHFc,UCHu2KNu6TtJ0p4hpSW7Yv7Q,time,3,2.9601,27,239244.34,240942,223300.99999999988,1.0713984121677977,early,0.5168532135540463,15,10,none,0
y_xPfoRBHFc,UCHu2KNu6TtJ0p4hpSW7Yv7Q,time,5,4.9601,27,266211.97,240942,223300.99999999988,1.1921664714508082,likely,0.5009939802132106,15,10,none,0
y_xPfoRBHFc,UCHu2KNu6TtJ0p4hpSW7Yv7Q,time,7,6.9601,27,232549.36,240942,223300.99999999988,1.0414165792221575,likely,0.459480692780974,15,10,none,0
y_xPfoRBHFc,UCHu2KNu6TtJ0p4hpSW7Yv7Q,time,14,14.9601,27,270864.55,240942,223300.99999999988,1.2130019489494186,confirmed,0.39642196174338407,15,8,none,0
sWvYbdypK_Q,UC1mTmeM4xNp6FjyLTr8kGww,time,14,12.5409,27,14745.49,14732,16382.009676877891,0.900102624830653,confirmed,0.054945511795983726,15,11,none,0
FWib1vMXO0Y,UCeYda7MUy54yNYJya8txkJA,time,5,4.9479,27,6861.46,6661,,,insufficient,,0,0,none,0
FWib1vMXO0Y,UCeYda7MUy54yNYJya8txkJA,time,7,6.9479,27,7302.94,6661,,,insufficient,0.4541596287615017,0,0,none,0
FWib1vMXO0Y,UCeYda7MUy54yNYJya8txkJA,time,14,12.9479,27,6414.41,6661,,,insufficient,0.1846471113670972,0,0,none,0
WNuzqJz6m6g,UC8DqDLFZCni7Jkys3N3818w,time,5,4.8179,27,16.32,35,56.37489333353926,0.28944411747880605,likely,,4,4,none,0
WNuzqJz6m6g,UC8DqDLFZCni7Jkys3N3818w,time,7,6.8179,27,19.21,35,59.54248616638964,0.3225921852803487,likely,0.521701308471672,4,4,none,0
WNuzqJz6m6g,UC8DqDLFZCni7Jkys3N3818w,time,14,15.8179,27,29.13,35,54.46934760416725,0.5347197192804435,confirmed,0.6128915764715054,4,4,none,0
jJMP33L-Ma4,UC4XsiyKOEWxdW0jpNyKsNEw,time,1,1.1709,29,121.60,123,153.08512350008183,0.794315385945352,early,1.638558147642072,15,12,none,0
jJMP33L-Ma4,UC4XsiyKOEWxdW0jpNyKsNEw,time,2,1.1709,29,121.60,123,153.08512350008183,0.794315385945352,early,1.638558147642072,15,12,none,0
jJMP33L-Ma4,UC4XsiyKOEWxdW0jpNyKsNEw,time,3,3.1709,29,173.32,123,152.50797792460423,1.1364500336934718,likely,1.5031452905782867,15,12,none,0
jJMP33L-Ma4,UC4XsiyKOEWxdW0jpNyKsNEw,time,5,5.1709,29,152.89,123,153.0631800495639,0.9988792922144478,likely,1.1562709359789063,15,11,none,0
jJMP33L-Ma4,UC4XsiyKOEWxdW0jpNyKsNEw,time,7,7.1709,29,139.78,123,151.2724491324498,0.9240568537958203,confirmed,1.0137058147402382,15,11,none,0
jJMP33L-Ma4,UC4XsiyKOEWxdW0jpNyKsNEw,time,14,14.1709,29,150.04,123,147.27938131348216,1.0187350641262511,confirmed,0.80355144855465,15,8,none,0
aIaODi78vCo,UCLKZ20yD2tNMBOkSDZo4FeQ,heldout,1,1.5000,30,10047.92,16843,4782.209039840682,2.1011035751387617,early,,15,14,none,0
aIaODi78vCo,UCLKZ20yD2tNMBOkSDZo4FeQ,heldout,2,2.5000,30,11231.23,16843,4521.608432689316,2.4839019691212494,early,0.8309028273501785,15,14,none,0
aIaODi78vCo,UCLKZ20yD2tNMBOkSDZo4FeQ,heldout,3,3.5000,30,11510.84,16843,4672.480400621436,2.463540474742204,likely,0.7609831716229732,15,13,none,0
aIaODi78vCo,UCLKZ20yD2tNMBOkSDZo4FeQ,heldout,5,5.5000,30,22868.95,16843,4991.292878820639,4.5817682369661075,likely,0.9540281410971623,15,12,none,0
aIaODi78vCo,UCLKZ20yD2tNMBOkSDZo4FeQ,heldout,7,7.5000,30,21411.12,16843,5146.353352847298,4.160445723676924,confirmed,0.9151792170160004,15,12,none,0
aIaODi78vCo,UCLKZ20yD2tNMBOkSDZo4FeQ,heldout,14,14.5000,30,19628.11,16843,4934.646026908606,3.9776130015845577,confirmed,0.7038241253646164,15,9,none,0
whvZomhSeEM,UCC_ycdL5_Rw9b6UEmtmUE3g,time,5,4.9882,28,18278.19,20797,,,insufficient,,2,2,none,0
whvZomhSeEM,UCC_ycdL5_Rw9b6UEmtmUE3g,time,7,6.9882,28,19024.95,20797,,,insufficient,0.3793970585423138,2,2,none,0
whvZomhSeEM,UCC_ycdL5_Rw9b6UEmtmUE3g,time,14,12.9882,28,20891.37,20797,,,insufficient,0.3362690231106134,2,2,none,0
eDkmf_mF3Ek,UCm5dQhtBpw1S3ajLVPKWs0A,time,14,14.9939,27,3956.96,3686,5558.2878076412435,0.7119030574046704,confirmed,,14,14,none,0
4_gB3mJ3P8Q,UC8DqDLFZCni7Jkys3N3818w,time,5,4.8182,27,28.56,34,,,insufficient,,2,2,none,0
4_gB3mJ3P8Q,UC8DqDLFZCni7Jkys3N3818w,time,7,6.8182,27,34.30,34,,,insufficient,0.5900999404858832,2,2,none,0
4_gB3mJ3P8Q,UC8DqDLFZCni7Jkys3N3818w,time,14,12.8182,27,35.05,34,,,insufficient,0.4123422471021517,2,2,none,0
I1G0PGxQ9RY,UCll3zdukvI1oWlG-F13UCZw,time,1,0.8972,29,5511.70,2638,4473.393403886956,1.2321066734659774,early,,15,15,none,0
I1G0PGxQ9RY,UCll3zdukvI1oWlG-F13UCZw,time,2,1.8972,29,3555.57,2638,4463.144057943511,0.7966517187453004,early,0.15925470876276343,15,15,none,0
I1G0PGxQ9RY,UCll3zdukvI1oWlG-F13UCZw,time,3,2.8972,29,3073.34,2638,4463.225506341396,0.6885907709901211,early,0.10324860847636445,15,15,none,0
I1G0PGxQ9RY,UCll3zdukvI1oWlG-F13UCZw,time,5,4.8972,29,2878.48,2638,4501.063539084639,0.639511169436341,likely,0.08425069901128365,15,15,none,0
I1G0PGxQ9RY,UCll3zdukvI1oWlG-F13UCZw,time,7,6.8972,29,2800.47,2638,4513.407497559707,0.6204787661568218,likely,0.07335929570983812,15,15,none,0
I1G0PGxQ9RY,UCll3zdukvI1oWlG-F13UCZw,time,14,13.8972,29,2587.18,2638,4607.61135002879,0.5615013858645858,confirmed,0.05720148520903392,15,13,none,0
TaBgZnScmY4,UC4eYXhJI4-7wSWc8UNRwD4A,time,5,5.1245,28,278095.77,311773,,,insufficient,,1,1,none,0
TaBgZnScmY4,UC4eYXhJI4-7wSWc8UNRwD4A,time,7,6.1245,28,275353.68,311773,,,insufficient,0.39261641551364845,1,1,none,0
TaBgZnScmY4,UC4eYXhJI4-7wSWc8UNRwD4A,time,14,12.1245,28,286394.13,311773,,,insufficient,0.2936415386789254,1,1,none,0
uGyvilB0BjA,UCWGijuL19i21bgv_ow2i2YA,time,14,13.6873,28,965.68,892,1248.3005750294164,0.7735961956616887,confirmed,,15,11,none,0
71x1nlEsfKk,UC6QNjBn6KMq5-pe3OE11zZg,heldout,1,0.8332,31,34641.80,22671,10313.744888884912,3.358799506145795,early,,10,8,none,0
71x1nlEsfKk,UC6QNjBn6KMq5-pe3OE11zZg,heldout,2,1.8332,31,19893.23,22671,10796.574864013315,1.8425504192663098,early,0.1263811930128522,15,12,none,0
71x1nlEsfKk,UC6QNjBn6KMq5-pe3OE11zZg,heldout,3,2.8332,31,19045.73,22671,10811.000000000007,1.7616989591357766,early,0.2225204869583923,15,11,none,0
71x1nlEsfKk,UC6QNjBn6KMq5-pe3OE11zZg,heldout,5,4.8332,31,19509.57,22671,10811.000000000007,1.804603998180076,likely,0.23751622255216712,15,11,none,0
71x1nlEsfKk,UC6QNjBn6KMq5-pe3OE11zZg,heldout,7,7.8332,31,22675.27,22671,10811.000000000007,2.0974256603059276,confirmed,0.23312518169733937,15,11,none,0
71x1nlEsfKk,UC6QNjBn6KMq5-pe3OE11zZg,heldout,14,14.8332,31,21523.77,22671,10811.000000000007,1.9909142774357704,confirmed,0.21382690861938897,15,8,none,0
1MXUF1ucd1s,UC0Le_ilaOlp9HftXeiMglsg,time,14,13.6388,27,9277.63,8705,7398.994945845107,1.2539039825723912,confirmed,,15,13,none,0
3k2S5QkmgUM,UCEQWOzx3JDV65lGMrtonBrg,time,1,0.8905,28,4185.43,3404,4584.7099389417435,0.9129106543481277,early,,15,14,none,0
3k2S5QkmgUM,UCEQWOzx3JDV65lGMrtonBrg,time,2,2.8905,28,4033.27,3404,4447.4103305444205,0.9068814912171028,early,0.48551125029982667,15,14,none,0
3k2S5QkmgUM,UCEQWOzx3JDV65lGMrtonBrg,time,3,2.8905,28,4033.27,3404,4447.4103305444205,0.9068814912171028,early,0.48551125029982667,15,14,none,0
3k2S5QkmgUM,UCEQWOzx3JDV65lGMrtonBrg,time,5,4.8905,28,3430.55,3404,4291.604153847402,0.7993619724258251,likely,0.3731082256892527,15,14,none,0
3k2S5QkmgUM,UCEQWOzx3JDV65lGMrtonBrg,time,7,6.8905,28,3567.83,3404,4246.233145025754,0.840233008750057,likely,0.33886437622538834,15,14,none,0
3k2S5QkmgUM,UCEQWOzx3JDV65lGMrtonBrg,time,14,13.8905,28,3525.43,3404,4382.1068423797815,0.8045063915947303,confirmed,0.2868597141701407,15,14,none,0
cwhCl8VdYh0,UCrfKGpvbEQXcbe68dzXgJuA,time,7,7.9573,27,169479.26,142190,145210.8935383096,1.1671249841783848,confirmed,,15,15,none,0
cwhCl8VdYh0,UCrfKGpvbEQXcbe68dzXgJuA,time,14,11.9573,27,142152.19,142190,144271.9999999999,0.9853068240993998,confirmed,0.05902532875307639,15,11,none,0
qTLTy6v2Vrw,UCq6YaxJHA-t4bYBHHvaoZ8w,time,0.5,0.5826,29,10104.10,5941,10450.000000000004,0.9668992321392752,early,,15,12,none,0
qTLTy6v2Vrw,UCq6YaxJHA-t4bYBHHvaoZ8w,time,1,0.5826,29,10104.10,5941,10450.000000000004,0.9668992321392752,early,,15,12,none,0
qTLTy6v2Vrw,UCq6YaxJHA-t4bYBHHvaoZ8w,time,2,1.5826,29,7015.51,5941,10450.000000000004,0.6713403740285602,early,0.7083290929807017,15,12,none,0
qTLTy6v2Vrw,UCq6YaxJHA-t4bYBHHvaoZ8w,time,3,2.5826,29,7664.63,5941,10450.000000000004,0.7334570395394295,early,0.5439863403467281,15,11,none,0
qTLTy6v2Vrw,UCq6YaxJHA-t4bYBHHvaoZ8w,time,5,4.5826,29,7584.60,5941,10450.000000000004,0.7257985809263199,likely,0.41314560150670343,15,11,none,0
qTLTy6v2Vrw,UCq6YaxJHA-t4bYBHHvaoZ8w,time,7,6.5826,29,6234.88,5941,10450.000000000004,0.596639603038596,likely,0.34805341820131325,15,9,none,0
qTLTy6v2Vrw,UCq6YaxJHA-t4bYBHHvaoZ8w,time,14,13.5826,29,6034.49,5941,10450.000000000004,0.5774626808800665,confirmed,0.26621972939329364,15,7,none,0
6QYxC0qd1Hw,UCLMv-CaznZ3x7LDn-1fjmVA,time,7,8.9998,29,61965.51,66077,2603.1288295642994,23.80424207122476,confirmed,,15,15,none,0
6QYxC0qd1Hw,UCLMv-CaznZ3x7LDn-1fjmVA,time,14,13.9998,29,56518.70,66077,2722.5350612357706,20.75958707270439,confirmed,0.138006192515894,15,13,none,0
7dcTwB-_iNA,UCGpsgNbzdF7BECCVbB1COHw,time,14,13.9487,27,2135.14,2129,6802.182919684807,0.3138904598744439,confirmed,0.06432593819403862,15,15,none,0
OmbfAWoTStM,UCDNHPNeWScAC8h8IxtEBtkQ,time,1,1.0827,27,92588.84,54122,72553.42876736006,1.2761469335786233,early,1.0671087028626518,15,13,none,0
OmbfAWoTStM,UCDNHPNeWScAC8h8IxtEBtkQ,time,2,2.0827,27,86606.99,54122,71336.84630635688,1.2140569392659637,early,0.7641506081005934,15,12,none,0
OmbfAWoTStM,UCDNHPNeWScAC8h8IxtEBtkQ,time,3,3.0827,27,79333.49,54122,70198.8236779313,1.1301256903304815,likely,0.6441469597690266,15,12,none,0
OmbfAWoTStM,UCDNHPNeWScAC8h8IxtEBtkQ,time,5,5.0827,27,69012.99,54122,69112,0.9985674635566638,likely,0.5421701701185461,15,11,none,0
OmbfAWoTStM,UCDNHPNeWScAC8h8IxtEBtkQ,time,7,7.0827,27,63351.30,54122,69112,0.9166468870540674,confirmed,0.47713845515631514,15,10,none,0
OmbfAWoTStM,UCDNHPNeWScAC8h8IxtEBtkQ,time,14,15.0827,27,58685.23,54122,69112,0.8491323396969657,confirmed,0.374553224786271,15,7,none,0
vd9UpxLInes,UCzr30osBdTmuFUS8IfXtXmg,time,1,0.9986,28,163580.18,294526,77028.378735672,2.1236352054269987,early,,15,9,none,0
vd9UpxLInes,UCzr30osBdTmuFUS8IfXtXmg,time,2,1.9986,28,148285.51,294526,76598.44336838878,1.9358815563432645,early,0.5685574351355862,15,9,none,0
vd9UpxLInes,UCzr30osBdTmuFUS8IfXtXmg,time,3,2.9986,28,139488.89,294526,76051.10776711722,1.8341466882442181,early,0.5056246786652104,15,8,none,0
vd9UpxLInes,UCzr30osBdTmuFUS8IfXtXmg,time,5,4.9986,28,178392.09,294526,75090.187384733,2.375704479638101,likely,0.5141559010511653,15,8,none,0
vd9UpxLInes,UCzr30osBdTmuFUS8IfXtXmg,time,7,6.9986,28,243742.09,294526,74180.09786833101,3.285815114363451,likely,0.6115186105925348,15,7,none,0
vd9UpxLInes,UCzr30osBdTmuFUS8IfXtXmg,time,14,13.9986,28,343789.41,294526,72020.88139932611,4.773468480703603,confirmed,0.666695269474657,15,5,none,0
-lgYGnMDinA,UCzH5n3Ih5kgQoiDAQt2FwLw,heldout,5,6.8266,29,166728.99,165835,265368.819431714,0.6282915582554416,likely,,15,14,none,0
-lgYGnMDinA,UCzH5n3Ih5kgQoiDAQt2FwLw,heldout,7,6.8266,29,166728.99,165835,265368.819431714,0.6282915582554416,likely,,15,14,none,0
-lgYGnMDinA,UCzH5n3Ih5kgQoiDAQt2FwLw,heldout,14,13.8266,29,160846.81,165835,265916.41652487277,0.6048773100332295,confirmed,0.17537541880090887,15,14,none,0
NtF5Yf3VxFs,UCzVyNPJzI9y01jZf3fq609w,time,14,12.6664,27,273.53,412,684.4144367098493,0.39965488635459073,confirmed,0.810567749451066,15,14,none,0
CmkkuCfZJbc,UCfJT_eYDTmDE-ovKaxVE1ig,time,5,4.7914,27,262928.76,252086,,,insufficient,,0,0,none,0
CmkkuCfZJbc,UCfJT_eYDTmDE-ovKaxVE1ig,time,7,6.7914,27,274134.41,252086,,,insufficient,0.37426447685822545,0,0,none,0
CmkkuCfZJbc,UCfJT_eYDTmDE-ovKaxVE1ig,time,14,15.7914,27,262428.20,252086,,,insufficient,0.2093385334871405,0,0,none,0
-EsdeUBBVNM,UC_gSotrFVZ_PiAxo3fTQVuQ,heldout,1,0.7912,31,1714493.25,2134452,1286455.6587906978,1.3327262711919452,early,,15,14,none,0
-EsdeUBBVNM,UC_gSotrFVZ_PiAxo3fTQVuQ,heldout,2,1.7912,31,1193280.50,2134452,1278182.488611443,0.9335760033988847,early,0.3313789401534652,15,14,none,0
-EsdeUBBVNM,UC_gSotrFVZ_PiAxo3fTQVuQ,heldout,3,2.7912,31,1642705.41,2134452,1277961.6175175458,1.285410602211868,early,0.5982573126075461,15,14,none,0
-EsdeUBBVNM,UC_gSotrFVZ_PiAxo3fTQVuQ,heldout,5,4.7912,31,1940922.24,2134452,1277662.3736644657,1.5191198252688998,likely,0.570555629422199,15,14,none,0
-EsdeUBBVNM,UC_gSotrFVZ_PiAxo3fTQVuQ,heldout,7,7.7912,31,2050571.15,2134452,1276743.1236569434,1.606095317445968,confirmed,0.5300407249193487,15,14,none,0
-EsdeUBBVNM,UC_gSotrFVZ_PiAxo3fTQVuQ,heldout,14,14.7912,31,2050878.06,2134452,1276156.784263938,1.60707374552007,confirmed,0.46127064858259054,15,12,none,0
K-Rr8zuF2bk,UClZT1TPdg5Hrx2HPmkALofw,time,14,13.6267,27,3691.38,4710,585.0000000000002,6.310056251857527,confirmed,1.0909134542317531,15,12,none,0
dr2nha4f97A,UCe43pe3w4L6w3tNMRkWiJBA,time,14,13.8671,27,21957.35,22040,31007.282310007242,0.7081353216183285,confirmed,0.15405223215478975,15,13,none,0
w-psE8_l0s8,UCBhPkAuGks2UkizNMbtW6uw,time,5,5.0827,27,64257.17,97584,77.7309673205741,826.6611545640926,likely,-0.0011856761612808893,7,7,none,0
w-psE8_l0s8,UCBhPkAuGks2UkizNMbtW6uw,time,7,7.0827,27,61725.87,97584,79.91818096717932,772.3632598572938,confirmed,-0.008316642507182991,7,7,none,0
w-psE8_l0s8,UCBhPkAuGks2UkizNMbtW6uw,time,14,15.0827,27,58036.34,97584,74.41458160746151,779.9054592249972,confirmed,-0.0030708973210745697,7,7,none,0
mLadV3Cotw8,UC6jMh17EfL9dCLgIa43EpnQ,heldout,1,1.3889,30,240.27,339,300.58144493682494,0.7993368256519424,early,,15,13,none,0
mLadV3Cotw8,UC6jMh17EfL9dCLgIa43EpnQ,heldout,2,2.3889,30,368.09,339,308.2596591687964,1.1941041571102022,early,1.1595526111724874,15,13,none,0
mLadV3Cotw8,UC6jMh17EfL9dCLgIa43EpnQ,heldout,3,2.3889,30,368.09,339,308.2596591687964,1.1941041571102022,early,1.1595526111724874,15,13,none,0
mLadV3Cotw8,UC6jMh17EfL9dCLgIa43EpnQ,heldout,5,5.3889,30,488.51,339,265.7638166663003,1.8381262140628147,likely,0.9791023422721682,15,12,none,0
mLadV3Cotw8,UC6jMh17EfL9dCLgIa43EpnQ,heldout,7,7.3889,30,437.23,339,252.66214923549663,1.7305022707946056,confirmed,0.7878012652973471,15,12,none,0
mLadV3Cotw8,UC6jMh17EfL9dCLgIa43EpnQ,heldout,14,14.3889,30,349.56,339,229.87970445774224,1.5206238218164736,confirmed,0.5697050647798785,15,11,none,0
Gvmr8lEUDyI,UCUpbDOT-OVNBlaQpb9pbd2w,time,3,3.4446,27,30094.75,20005,30401.318357985598,0.9899160696317406,likely,,15,15,none,0
Gvmr8lEUDyI,UCUpbDOT-OVNBlaQpb9pbd2w,time,5,5.4446,27,22092.68,20005,28187.284147336468,0.7837817629369085,likely,0.05487818494335951,15,15,none,0
Gvmr8lEUDyI,UCUpbDOT-OVNBlaQpb9pbd2w,time,7,7.4446,27,21441.71,20005,26687.11714852938,0.8034479464742987,confirmed,0.042109021108471284,15,15,none,0
Gvmr8lEUDyI,UCUpbDOT-OVNBlaQpb9pbd2w,time,14,15.4446,27,20521.53,20005,23823.27311679105,0.8614068317601519,confirmed,0.03448574488195714,15,15,none,0
Q7qr0nxCGGY,UCEM2sO7E5KSMIqonVgb98ug,time,14,13.7431,29,2749.23,2872,2836.1820020719115,0.9693402905874559,confirmed,0.6920136701175084,8,8,none,0
PmCCkltcTHg,UCArVi6FH57DfXJWn1Gc8iAQ,time,5,5.8327,28,13963.60,12069,,,insufficient,,0,0,none,0
PmCCkltcTHg,UCArVi6FH57DfXJWn1Gc8iAQ,time,7,6.8327,28,12848.79,12069,,,insufficient,0.2488207258213505,0,0,none,0
PmCCkltcTHg,UCArVi6FH57DfXJWn1Gc8iAQ,time,14,12.8327,28,12370.49,12069,,,insufficient,0.14689273727700028,0,0,none,0
c8BwMOA8Kp0,UCZEEC1w4jP1cV2dibuDFwIQ,time,3,3.8645,27,45477.47,55674,12147.000000000007,3.7439258939398203,likely,,15,14,none,0
c8BwMOA8Kp0,UCZEEC1w4jP1cV2dibuDFwIQ,time,5,4.8645,27,62120.62,55674,12147.000000000007,5.114070925469717,likely,0.8010764519308526,15,13,none,0
c8BwMOA8Kp0,UCZEEC1w4jP1cV2dibuDFwIQ,time,7,6.8645,27,65406.07,55674,12147.000000000007,5.384545115811451,likely,0.7047498448231112,15,12,none,0
c8BwMOA8Kp0,UCZEEC1w4jP1cV2dibuDFwIQ,time,14,15.8645,27,56980.39,55674,12147.000000000007,4.690902237069579,confirmed,0.4269070271531053,15,8,none,0
l18lG5RIHIs,UCtW1WA-bJ4s6l-ZCCT35QBg,time,1,0.8068,27,2903.03,1164,7213.026553660383,0.4024709422684372,early,,15,10,none,0
l18lG5RIHIs,UCtW1WA-bJ4s6l-ZCCT35QBg,time,2,1.8068,27,1595.23,1164,7217.288776820854,0.22102840024305156,early,0.024879591686155042,15,10,none,0
l18lG5RIHIs,UCtW1WA-bJ4s6l-ZCCT35QBg,time,3,2.8068,27,1402.84,1164,7200.629559171402,0.19482226526101412,early,0.01714103253659809,15,9,none,0
l18lG5RIHIs,UCtW1WA-bJ4s6l-ZCCT35QBg,time,5,4.8068,27,1405.35,1164,7144.339568987625,0.19670868721439833,likely,0.020978013063351546,15,9,none,0
l18lG5RIHIs,UCtW1WA-bJ4s6l-ZCCT35QBg,time,7,6.8068,27,1248.22,1164,7216.74935609903,0.1729617740443,likely,0.024043797497888007,15,8,none,0
l18lG5RIHIs,UCtW1WA-bJ4s6l-ZCCT35QBg,time,14,15.8068,27,1182.63,1164,7172.6985930950705,0.1648796425348588,confirmed,0.025994982761377374,15,7,none,0
Z_BrzVJGfI4,UC2EHd4fvq9t8WrKPgqhoYIQ,time,2,2.6874,27,6698.82,5660,8413.190195340725,0.7962284819193112,early,,14,13,none,0
Z_BrzVJGfI4,UC2EHd4fvq9t8WrKPgqhoYIQ,time,3,2.6874,27,6698.82,5660,8413.190195340725,0.7962284819193112,early,,14,13,none,0
Z_BrzVJGfI4,UC2EHd4fvq9t8WrKPgqhoYIQ,time,5,4.6874,27,5215.25,5660,8383.28521393366,0.6221009817554652,likely,0.18265576450426982,15,14,none,0
Z_BrzVJGfI4,UC2EHd4fvq9t8WrKPgqhoYIQ,time,7,7.6874,27,5404.13,5660,8382.941539297168,0.6446583458790677,confirmed,0.17652447113743794,15,13,none,0
Z_BrzVJGfI4,UC2EHd4fvq9t8WrKPgqhoYIQ,time,14,12.6874,27,5649.81,5660,8319.999999999995,0.6790633181983898,confirmed,0.15860916670505815,15,11,none,0
ToEkEqL1RAQ,UC5rR0BFgdu-oz7HDHb-f-uw,time,14,13.0126,28,2466.54,2413,2572.675160403299,0.9587439876080598,confirmed,0.34425300459933283,15,14,none,0
kc6NOjS1ThE,UCn5hg2riwFTCNif80JbaA8A,time,14,14.7340,29,87201.78,85421,43419.076013956466,2.0083747638856777,confirmed,0.058312067387431554,15,13,none,0
uJI5dkS5oo0,UCK_qwlvj4ZQobgDsalN_Pvg,time,0.5,0.7493,27,350.67,2410,2483.081362324839,0.14122280899060405,early,,15,12,none,0
uJI5dkS5oo0,UCK_qwlvj4ZQobgDsalN_Pvg,time,1,0.7493,27,350.67,2410,2483.081362324839,0.14122280899060405,early,,15,12,none,0
uJI5dkS5oo0,UCK_qwlvj4ZQobgDsalN_Pvg,time,2,1.7493,27,635.58,2410,2315.6655172592455,0.27446791336223536,early,1.9346261346238378,15,12,none,0
uJI5dkS5oo0,UCK_qwlvj4ZQobgDsalN_Pvg,time,3,2.7493,27,1127.63,2410,2237.560732716337,0.5039572218391571,early,2.079193301031502,15,11,none,0
uJI5dkS5oo0,UCK_qwlvj4ZQobgDsalN_Pvg,time,5,4.7493,27,3765.41,2410,2188.616617129161,1.7204533662709391,likely,2.076655716600163,15,11,none,0
uJI5dkS5oo0,UCK_qwlvj4ZQobgDsalN_Pvg,time,7,6.7493,27,4144.92,2410,2213.7680380941524,1.8723382871410807,likely,1.7910842529937914,15,11,none,0
uJI5dkS5oo0,UCK_qwlvj4ZQobgDsalN_Pvg,time,14,15.7493,27,2786.47,2410,2527.5129141066136,1.1024570141848289,confirmed,1.2893240299292177,15,9,none,0
lKDHTZKQ7p0,UCEcOWDGI1Q1ReD4xrtUorWQ,time,5,6.7812,29,5383.43,5483,,,insufficient,,0,0,none,0
lKDHTZKQ7p0,UCEcOWDGI1Q1ReD4xrtUorWQ,time,7,6.7812,29,5383.43,5483,,,insufficient,,0,0,none,0
lKDHTZKQ7p0,UCEcOWDGI1Q1ReD4xrtUorWQ,time,14,13.7812,29,5325.07,5483,,,insufficient,0.21361203489688785,0,0,none,0
dQn0XPnK8AA,UCeHIseom2u9zxGM_yIEBhDQ,time,5,5.9395,28,157.73,164,,,insufficient,,0,0,none,0
dQn0XPnK8AA,UCeHIseom2u9zxGM_yIEBhDQ,time,7,6.9395,28,156.06,164,,,insufficient,0.4352549668784232,0,0,none,0
dQn0XPnK8AA,UCeHIseom2u9zxGM_yIEBhDQ,time,14,13.9395,28,155.62,164,,,insufficient,0.23590108508846655,0,0,none,0
wWEAEWcrYsI,UCxa1v9wVMmjYUhUfQOJxbzw,time,14,13.0603,28,9327.52,10036,7184.79300916711,1.2982309812278572,confirmed,,15,13,none,0
qMojhcFHm7g,UCbprhISv-0ReKPPyhf7-Dtw,time,5,6.9573,30,1221.50,2633,,,insufficient,,0,0,none,0
qMojhcFHm7g,UCbprhISv-0ReKPPyhf7-Dtw,time,7,6.9573,30,1221.50,2633,,,insufficient,,0,0,none,0
qMojhcFHm7g,UCbprhISv-0ReKPPyhf7-Dtw,time,14,13.9573,30,2132.52,2633,,,insufficient,0.8740627499501797,0,0,none,0
4HYm1xo7PAg,UCZPqG0yh_xPm2AyLjffbDvw,heldout,5,4.8332,30,73353.43,91935,64122.87300500123,1.1439510456258648,likely,,15,13,none,0
4HYm1xo7PAg,UCZPqG0yh_xPm2AyLjffbDvw,heldout,7,7.8332,30,81134.22,91935,64155.13565985807,1.2646567336596772,confirmed,0.40993962993431077,15,13,none,0
4HYm1xo7PAg,UCZPqG0yh_xPm2AyLjffbDvw,heldout,14,13.8332,30,87028.47,91935,66352.03847063654,1.3116170879228215,confirmed,0.3287106740131436,15,11,none,0
DhBc-n1yzV0,UCuTaETsuCOkJ0H_GAztWt0Q,time,14,13.0384,28,114356.09,115270,145597.59687722812,0.7854256708666575,confirmed,0.10869229461569163,15,11,none,0
0jMSYk576Tg,UCEjIjshJ8bvvCkGNk0pkYcA,time,0.5,0.7162,27,1109521.31,1272287,3648063.999999998,0.30413976076012156,early,,15,14,none,0
0jMSYk576Tg,UCEjIjshJ8bvvCkGNk0pkYcA,time,1,0.7162,27,1109521.31,1272287,3648063.999999998,0.30413976076012156,early,,15,14,none,0
0jMSYk576Tg,UCEjIjshJ8bvvCkGNk0pkYcA,time,2,1.7162,27,1183379.14,1272287,3648063.999999998,0.324385521957981,early,0.733154929568402,15,14,none,0
0jMSYk576Tg,UCEjIjshJ8bvvCkGNk0pkYcA,time,3,2.7162,27,1075046.14,1272287,3648063.999999998,0.2946894947975774,early,0.595114583950338,15,13,none,0
0jMSYk576Tg,UCEjIjshJ8bvvCkGNk0pkYcA,time,5,4.7162,27,1048044.88,1272287,3648063.999999998,0.2872879632482304,likely,0.49700289206636233,15,13,none,0
0jMSYk576Tg,UCEjIjshJ8bvvCkGNk0pkYcA,time,7,6.7162,27,1189566.98,1272287,3648063.999999998,0.32608171822505966,likely,0.48821126180445423,15,13,none,0
0jMSYk576Tg,UCEjIjshJ8bvvCkGNk0pkYcA,time,14,12.7162,27,1330760.29,1272287,3648063.999999998,0.3647853474011414,confirmed,0.4557172224137732,15,13,none,0
TAXPyRnWwI0,UCyaN6mg5u8Cjy2ZI4ikWaug,time,1,1.6045,28,58132.65,80115,57746.67256832028,1.0066840055318564,early,,15,11,none,0
TAXPyRnWwI0,UCyaN6mg5u8Cjy2ZI4ikWaug,time,2,1.6045,28,58132.65,80115,57746.67256832028,1.0066840055318564,early,,15,11,none,0
TAXPyRnWwI0,UCyaN6mg5u8Cjy2ZI4ikWaug,time,3,2.6045,28,61414.06,80115,57600.70710700578,1.0662032277848341,early,0.5906499968858365,15,10,none,0
TAXPyRnWwI0,UCyaN6mg5u8Cjy2ZI4ikWaug,time,5,4.6045,28,64030.85,80115,57400.07599845262,1.1155185089280322,likely,0.5184473924670454,15,9,none,0
TAXPyRnWwI0,UCyaN6mg5u8Cjy2ZI4ikWaug,time,7,6.6045,28,79885.83,80115,59340.8338289469,1.3462201377894087,likely,0.5858762597044879,15,9,none,0
TAXPyRnWwI0,UCyaN6mg5u8Cjy2ZI4ikWaug,time,14,13.6045,28,91668.76,80115,59270.97371408774,1.5466045296749413,confirmed,0.4766380987304037,15,7,none,0
eI1SB9ZG1VA,UCat0LyGytYMwfZEPbO_rOrA,heldout,14,12.7924,27,259.40,254,2167.5312747329244,0.119675280646798,confirmed,0.025481593312747873,15,15,none,0
eI1SB9ZG1VA,UCat0LyGytYMwfZEPbO_rOrA,time,14,12.7924,27,259.40,254,2167.5312747329244,0.119675280646798,confirmed,0.025481593312747873,15,15,none,0
l1fA8Gyb_Po,UC3-yU9goxlunhnRS8tmeeHg,time,5,4.9909,27,33.99,63,,,insufficient,,0,0,none,0
l1fA8Gyb_Po,UC3-yU9goxlunhnRS8tmeeHg,time,7,6.9909,27,53.64,63,,,insufficient,0.9637928507110132,0,0,none,0
l1fA8Gyb_Po,UC3-yU9goxlunhnRS8tmeeHg,time,14,15.9909,27,60.78,63,,,insufficient,0.6257700368052259,0,0,none,0
Z9CC0_NTf5g,UC0T6MVd3wQDB5ICAe45OxaQ,time,14,15.9159,27,14959.42,14771,9512.999999999998,1.5725236338648654,confirmed,0.07633489594673869,15,13,none,0
gHlNf7G1Grk,UCgxSTAUCx4JbT5J0ako61Ww,time,14,14.6671,29,4047.88,3783,2155.795977695308,1.8776710768667364,confirmed,,15,15,none,0
WYkluiEAKpQ,UCaipqYFk8bhIs1Gyqmm_Yxg,time,1,1.0205,27,25381.68,28152,43150.59052129186,0.5882116724641594,early,1.711919632423187,15,14,none,0
WYkluiEAKpQ,UCaipqYFk8bhIs1Gyqmm_Yxg,time,2,2.0205,27,35938.26,28152,43321.93055009983,0.8295627055273171,early,1.3786183766697686,15,13,none,0
WYkluiEAKpQ,UCaipqYFk8bhIs1Gyqmm_Yxg,time,3,3.0205,27,34098.65,28152,43096.93122046164,0.7912083542132916,likely,1.1526833334773334,15,13,none,0
WYkluiEAKpQ,UCaipqYFk8bhIs1Gyqmm_Yxg,time,5,5.0205,27,37135.89,28152,42923.529595841734,0.8651638928843641,likely,1.0160994610884817,15,13,none,0
WYkluiEAKpQ,UCaipqYFk8bhIs1Gyqmm_Yxg,time,7,6.0205,27,34671.39,28152,42827.16780271958,0.8095654030578135,likely,0.9707020948399918,15,13,none,0
WYkluiEAKpQ,UCaipqYFk8bhIs1Gyqmm_Yxg,time,14,15.0205,27,36227.27,28152,45336.305435898146,0.7990786312558349,confirmed,0.7519344374108748,15,12,none,0
5j10v0wht2g,UCgCsMxVCJs0TSqAIlBxiT7g,time,1,0.8152,27,8386.54,6332,5756.593654036632,1.4568583431126374,early,,15,12,none,0
5j10v0wht2g,UCgCsMxVCJs0TSqAIlBxiT7g,time,2,1.8152,27,6746.22,6332,5756.593654036632,1.171912623346555,early,0.4901628745124599,15,12,none,0
5j10v0wht2g,UCgCsMxVCJs0TSqAIlBxiT7g,time,3,2.8152,27,5918.05,6332,5756.593654036632,1.0280479983143431,early,0.39731568449726806,15,12,none,0
5j10v0wht2g,UCgCsMxVCJs0TSqAIlBxiT7g,time,5,4.8152,27,5752.06,6332,5922.448149355424,0.9712299271309579,likely,0.3646602229160029,15,11,none,0
5j10v0wht2g,UCgCsMxVCJs0TSqAIlBxiT7g,time,7,6.8152,27,6586.86,6332,6070.928440460664,1.084983811046932,likely,0.36804597748958073,15,11,none,0
5j10v0wht2g,UCgCsMxVCJs0TSqAIlBxiT7g,time,14,12.8152,27,6796.88,6332,6409.166369184882,1.0604935087259906,confirmed,0.31555830536648644,15,10,none,0
WnapZ9yDtaQ,UCihUiDJzjyo2ov_qGtW33lw,time,14,13.9371,28,308268.30,279739,22526.000000000015,13.68499959385542,confirmed,,15,11,none,0
VahbUHjhkXA,UCammHPYWYI4q3WLbx-TP7GA,time,14,12.7271,28,3968.51,4136,5010.803800382373,0.7919904264181541,confirmed,0.1218870367358644,15,11,none,0
P7zpRpVSqaw,UCGpsgNbzdF7BECCVbB1COHw,time,14,14.4789,27,6363.05,6207,7133.985616655517,0.8919346377894618,confirmed,0.012518384646585397,15,15,none,0
yU2u7D8RuG4,UCGWNHkr2WZcRbxqoet-nyeg,time,14,12.8786,27,4484.70,4140,2600.1352503824733,1.724796760169089,confirmed,,15,15,none,0
k7b_5N8Zg64,UCBhPkAuGks2UkizNMbtW6uw,time,3,3.9992,27,99510.40,120047,102.22224456868739,973.4711027879101,likely,,8,8,none,0
k7b_5N8Zg64,UCBhPkAuGks2UkizNMbtW6uw,time,5,4.9992,27,71561.71,120047,100.50093355212013,712.0502452160376,likely,-0.0011360284430178024,8,8,none,0
k7b_5N8Zg64,UCBhPkAuGks2UkizNMbtW6uw,time,7,6.9992,27,68806.77,120047,94.89551653722467,725.0792045911824,likely,-0.006211991834791114,8,8,none,0
k7b_5N8Zg64,UCBhPkAuGks2UkizNMbtW6uw,time,14,14.9992,27,64739.40,120047,90.82693734643607,712.7775025265194,confirmed,-0.001631490730503033,8,8,none,0
VrpFPoFgRz8,UCEBpSZhI1X8WaP-kY_2LLcg,time,2,2.1784,27,920.25,898,796.0544267347501,1.1560096623817795,early,,15,15,none,0
VrpFPoFgRz8,UCEBpSZhI1X8WaP-kY_2LLcg,time,3,3.1784,27,649.24,898,795.929937577916,0.8157046636188438,likely,0.21637430642172906,15,14,none,0
VrpFPoFgRz8,UCEBpSZhI1X8WaP-kY_2LLcg,time,5,5.1784,27,761.63,898,795.5055084390783,0.9574131307390765,likely,0.2758289759007345,15,14,none,0
VrpFPoFgRz8,UCEBpSZhI1X8WaP-kY_2LLcg,time,7,6.1784,27,765.56,898,800.3858725026848,0.9564860290539366,likely,0.3093083922848592,15,14,none,0
VrpFPoFgRz8,UCEBpSZhI1X8WaP-kY_2LLcg,time,14,15.1784,27,895.63,898,810.8778513912259,1.104521945428213,confirmed,0.2987373194592619,15,13,none,0
99XP-52n-Ps,UCnwAlhoB5rVhh6y5P96RXAw,heldout,1,0.9582,30,80921.53,84378,41867.99831267829,1.9327775575380035,early,,11,11,none,0
99XP-52n-Ps,UCnwAlhoB5rVhh6y5P96RXAw,heldout,14,12.9582,30,90351.44,84378,33229.2287545,2.719035193943413,confirmed,0.4160796408523486,15,10,none,0
z3h5rxz-IKw,UC0wN7fS1ATmM4ZTafhB9oBg,time,14,12.8321,27,5092.65,5015,5867.004474556714,0.8680146658425522,confirmed,0.13105924971484573,15,14,none,0
MyqkSP8Su28,UCFH4gw_N_l_umsg-Rh8Ytpw,time,5,4.7499,27,20591.18,28072,,,insufficient,,0,0,none,0
MyqkSP8Su28,UCFH4gw_N_l_umsg-Rh8Ytpw,time,7,6.7499,27,21379.76,28072,,,insufficient,0.35803356004561554,0,0,none,0
MyqkSP8Su28,UCFH4gw_N_l_umsg-Rh8Ytpw,time,14,12.7499,27,26415.66,28072,,,insufficient,0.45967458557584673,0,0,none,0
eDvE6T0Togo,UCll3zdukvI1oWlG-F13UCZw,heldout,1,1.0299,28,2224.86,1828,5883.374434215179,0.3781607817044788,early,,15,15,none,0
eDvE6T0Togo,UCll3zdukvI1oWlG-F13UCZw,heldout,2,1.0299,28,2224.86,1828,5883.374434215179,0.3781607817044788,early,,15,15,none,0
eDvE6T0Togo,UCll3zdukvI1oWlG-F13UCZw,heldout,3,3.0299,28,2551.71,1828,5813.501570670226,0.4389279626796221,likely,0.6539337851596654,15,15,none,0
eDvE6T0Togo,UCll3zdukvI1oWlG-F13UCZw,heldout,5,5.0299,28,2154.62,1828,5963.160468468775,0.3613226001197621,likely,0.4766900772246321,15,15,none,0
eDvE6T0Togo,UCll3zdukvI1oWlG-F13UCZw,heldout,7,7.0299,28,2116.28,1828,5932.727586782421,0.35671285556480836,confirmed,0.42794241463409816,15,15,none,0
eDvE6T0Togo,UCll3zdukvI1oWlG-F13UCZw,heldout,14,14.0299,28,1992.78,1828,5875.687284993139,0.33915726843887656,confirmed,0.3264091113286893,15,15,none,0
MXHfBRFiaJY,UCKjyzU_ElNwSXr4b0UzUjdw,time,1,0.9995,27,1893.29,2216,5295.9825329669675,0.35749639172983544,early,,15,13,none,0
MXHfBRFiaJY,UCKjyzU_ElNwSXr4b0UzUjdw,time,2,1.9995,27,1755.30,2216,5317.091991547773,0.33012371573181265,early,0.6241947629894202,15,12,none,0
MXHfBRFiaJY,UCKjyzU_ElNwSXr4b0UzUjdw,time,3,2.9995,27,1849.47,2216,5311.365434394733,0.34820940266467243,early,0.5250500697240729,15,12,none,0
MXHfBRFiaJY,UCKjyzU_ElNwSXr4b0UzUjdw,time,5,5.9995,27,2572.40,2216,5333.077103314163,0.482348388425366,likely,0.5970533262058781,15,12,none,0
MXHfBRFiaJY,UCKjyzU_ElNwSXr4b0UzUjdw,time,7,6.9995,27,2310.44,2216,5333.077103314163,0.43322847688863014,likely,0.5477316894460854,15,12,none,0
MXHfBRFiaJY,UCKjyzU_ElNwSXr4b0UzUjdw,time,14,14.9995,27,2711.47,2216,5375.000000000005,0.5044587570989276,confirmed,0.45359532985708967,15,11,none,0
pG-GEyC5XJw,UCiMwMz3RMbW5mbx0iDcRQ2g,time,14,12.9686,28,1561.76,1527,1768.0030245183566,0.8833463202950054,confirmed,0.25065980068385374,15,12,none,0
gXVpAVwN8F0,UCXuqSBlHAE6Xw-yeJA0Tunw,time,0.5,0.6570,27,1538141.29,1052514,1510090.4043611889,1.018575635491647,early,,15,15,none,0
gXVpAVwN8F0,UCXuqSBlHAE6Xw-yeJA0Tunw,time,1,0.6570,27,1538141.29,1052514,1510090.4043611889,1.018575635491647,early,,15,15,none,0
gXVpAVwN8F0,UCXuqSBlHAE6Xw-yeJA0Tunw,time,2,1.6570,27,1343183.56,1052514,1505155.1113223864,0.8923887943122278,early,0.6294327135051472,15,15,none,0
gXVpAVwN8F0,UCXuqSBlHAE6Xw-yeJA0Tunw,time,3,2.6570,27,1166837.03,1052514,1491390.0755517154,0.7823821856360789,early,0.46418311303300197,15,15,none,0
gXVpAVwN8F0,UCXuqSBlHAE6Xw-yeJA0Tunw,time,5,4.6570,27,1154828.21,1052514,1465140.7099675823,0.7882029340903133,likely,0.35852594073450716,15,15,none,0
gXVpAVwN8F0,UCXuqSBlHAE6Xw-yeJA0Tunw,time,7,6.6570,27,1068667.49,1052514,1433427.4964037149,0.7455329908784096,likely,0.3224329335760399,15,14,none,0
gXVpAVwN8F0,UCXuqSBlHAE6Xw-yeJA0Tunw,time,14,12.6570,27,1066030.43,1052514,1344680.5397319293,0.7927759768850259,confirmed,0.2604434432190668,15,9,none,0
C8olVyhCUlo,UCulsuEDrIn2sj18PiuV_mPg,time,1,0.9581,27,547.81,552,557.4732729699133,0.9826588855564844,early,,15,10,none,0
C8olVyhCUlo,UCulsuEDrIn2sj18PiuV_mPg,time,2,1.9581,27,429.27,552,556.0995955197018,0.7719215209281657,early,0.3917816232866048,15,10,none,0
C8olVyhCUlo,UCulsuEDrIn2sj18PiuV_mPg,time,3,2.9581,27,420.12,552,556.4473031394563,0.7549995390805535,early,0.3899353069276913,15,10,none,0
C8olVyhCUlo,UCulsuEDrIn2sj18PiuV_mPg,time,5,4.9581,27,473.98,552,559.9999999999999,0.8463910449889539,likely,0.39281584094563854,15,9,none,0
C8olVyhCUlo,UCulsuEDrIn2sj18PiuV_mPg,time,7,6.9581,27,542.05,552,559.9999999999999,0.9679442495086533,likely,0.44242855894415556,15,9,none,0
C8olVyhCUlo,UCulsuEDrIn2sj18PiuV_mPg,time,14,12.9581,27,572.24,552,559.9999999999999,1.02186165485145,confirmed,0.38952082884985145,15,8,none,0
S2KmStTbL6c,UCQHX6ViZmPsWiYSFAyS0a3Q,heldout,0.5,0.6840,29,566582.05,359637,393003.04003285023,1.4416734641455087,early,,15,15,none,0
S2KmStTbL6c,UCQHX6ViZmPsWiYSFAyS0a3Q,time,0.5,0.6840,29,566582.05,359637,393003.04003285023,1.4416734641455087,early,,15,15,none,0
S2KmStTbL6c,UCQHX6ViZmPsWiYSFAyS0a3Q,heldout,1,0.6840,29,566582.05,359637,393003.04003285023,1.4416734641455087,early,,15,15,none,0
S2KmStTbL6c,UCQHX6ViZmPsWiYSFAyS0a3Q,time,1,0.6840,29,566582.05,359637,393003.04003285023,1.4416734641455087,early,,15,15,none,0
S2KmStTbL6c,UCQHX6ViZmPsWiYSFAyS0a3Q,heldout,2,1.6840,29,507846.67,359637,385761.20769115665,1.3164793649530373,early,0.6935915642148051,15,15,none,0
S2KmStTbL6c,UCQHX6ViZmPsWiYSFAyS0a3Q,time,2,1.6840,29,507846.67,359637,385761.20769115665,1.3164793649530373,early,0.6935915642148051,15,15,none,0
S2KmStTbL6c,UCQHX6ViZmPsWiYSFAyS0a3Q,heldout,3,2.6840,29,425581.79,359637,379155.5455998052,1.1224464208978253,early,0.4567851875424036,15,15,none,0
S2KmStTbL6c,UCQHX6ViZmPsWiYSFAyS0a3Q,time,3,2.6840,29,425581.79,359637,379155.5455998052,1.1224464208978253,early,0.4567851875424036,15,15,none,0
S2KmStTbL6c,UCQHX6ViZmPsWiYSFAyS0a3Q,heldout,5,4.6840,29,413244.09,359637,368162.86937065335,1.1224491199128446,likely,0.3380855207142953,15,15,none,0
S2KmStTbL6c,UCQHX6ViZmPsWiYSFAyS0a3Q,time,5,4.6840,29,413244.09,359637,368162.86937065335,1.1224491199128446,likely,0.3380855207142953,15,15,none,0
S2KmStTbL6c,UCQHX6ViZmPsWiYSFAyS0a3Q,heldout,7,6.6840,29,398502.52,359637,360190.7899409205,1.1063651021297072,likely,0.28884503043787624,15,15,none,0
S2KmStTbL6c,UCQHX6ViZmPsWiYSFAyS0a3Q,time,7,6.6840,29,398502.52,359637,360190.7899409205,1.1063651021297072,likely,0.28884503043787624,15,15,none,0
S2KmStTbL6c,UCQHX6ViZmPsWiYSFAyS0a3Q,heldout,14,13.6840,29,359323.79,359637,347549.09894894145,1.033879202825236,confirmed,0.2247725361226347,15,10,none,0
S2KmStTbL6c,UCQHX6ViZmPsWiYSFAyS0a3Q,time,14,13.6840,29,359323.79,359637,347549.09894894145,1.033879202825236,confirmed,0.2247725361226347,15,10,none,0
BnfPYwhzoaM,UCPCPE5MoI7DS1WiVB_-mzNw,heldout,5,5.8103,27,8260.67,6131,4348.522311796386,1.8996508848167994,likely,,15,15,none,0
BnfPYwhzoaM,UCPCPE5MoI7DS1WiVB_-mzNw,time,5,5.8103,27,8260.67,6131,4348.522311796386,1.8996508848167994,likely,,15,15,none,0
BnfPYwhzoaM,UCPCPE5MoI7DS1WiVB_-mzNw,heldout,7,6.8103,27,6691.67,6131,4284.724330488825,1.5617502611027108,likely,0.013204057458751927,15,15,none,0
BnfPYwhzoaM,UCPCPE5MoI7DS1WiVB_-mzNw,time,7,6.8103,27,6691.67,6131,4284.724330488825,1.5617502611027108,likely,0.013204057458751927,15,15,none,0
BnfPYwhzoaM,UCPCPE5MoI7DS1WiVB_-mzNw,heldout,14,12.8103,27,6316.54,6131,4055.0365814049105,1.5577030661928777,confirmed,0.008588710231409337,15,15,none,0
BnfPYwhzoaM,UCPCPE5MoI7DS1WiVB_-mzNw,time,14,12.8103,27,6316.54,6131,4055.0365814049105,1.5577030661928777,confirmed,0.008588710231409337,15,15,none,0
hUq_3jjCB3o,UCfWCrexzFjIqqYZYgvVTPvw,time,5,5.1504,27,221.64,180,,,insufficient,,1,1,none,0
hUq_3jjCB3o,UCfWCrexzFjIqqYZYgvVTPvw,time,7,7.1504,27,175.92,180,,,insufficient,-0.06597906779144735,1,1,none,0
hUq_3jjCB3o,UCfWCrexzFjIqqYZYgvVTPvw,time,14,13.1504,27,180.86,180,,,insufficient,0.08525397968056261,1,1,none,0
3NJv_7PxGws,UC8kGsMa0LygSX9nkBcBH1Sg,time,7,8.8333,28,4637.94,4065,10865.309371861194,0.4268573403077905,confirmed,,15,12,none,0
3NJv_7PxGws,UC8kGsMa0LygSX9nkBcBH1Sg,time,14,13.8333,28,3955.07,4065,10527.094822748424,0.37570418523532856,confirmed,0.09329478015344346,15,11,none,0
xN7KiItharc,UC2OjGgjNiqyLr_1qkqAwsUQ,time,14,13.6661,28,3261.62,3245,10277.498255972894,0.31735525086789096,confirmed,0.06732929595310982,15,12,none,0
4N5mpIOx4Ak,UC5_SBQbLA9Kg7Jh5GpXoP3g,time,1,1.8332,28,338.55,484,770.4139739675793,0.4394338888793831,early,,14,13,none,0
4N5mpIOx4Ak,UC5_SBQbLA9Kg7Jh5GpXoP3g,time,2,1.8332,28,338.55,484,770.4139739675793,0.4394338888793831,early,,14,13,none,0
4N5mpIOx4Ak,UC5_SBQbLA9Kg7Jh5GpXoP3g,time,3,2.8332,28,287.08,484,729,0.39380008580496495,early,0.41189981851622753,15,13,none,0
4N5mpIOx4Ak,UC5_SBQbLA9Kg7Jh5GpXoP3g,time,5,4.8332,28,247.48,484,729,0.3394736990984995,likely,0.25119426616758683,15,12,none,0
4N5mpIOx4Ak,UC5_SBQbLA9Kg7Jh5GpXoP3g,time,7,6.8332,28,348.91,484,729,0.4786105721690548,likely,0.4113004194506441,15,12,none,0
4N5mpIOx4Ak,UC5_SBQbLA9Kg7Jh5GpXoP3g,time,14,12.8332,28,463.74,484,729,0.6361295569586308,confirmed,0.40313568914158615,15,12,none,0
VW1VDN0dYLE,UCglNXzBo6bmKc9otKf-OuGQ,time,14,13.7079,28,22294.96,22046,6352.617428466803,3.5095703096558535,confirmed,0.04390671689144198,15,15,none,0
9-8kdVSLqHc,UCGWNHkr2WZcRbxqoet-nyeg,time,14,13.7245,28,2620.97,2377,2600.1352503824733,1.0080147196637148,confirmed,,15,15,none,0
cBIZ6tCBAbw,UCbJ8oD5Gmh6CKv0GPpXpK8w,time,7,8.8562,27,17738.25,15364,77046.11584271051,0.23022902088328148,confirmed,,11,11,none,0
cBIZ6tCBAbw,UCbJ8oD5Gmh6CKv0GPpXpK8w,time,14,12.8562,27,16036.02,15364,83281.08683843,0.1925530121700024,confirmed,0.13820829716136301,13,12,none,0
Y-3_H7jdOUk,UChh5m7TLxLv5qsvppqIXsWA,time,14,12.8474,27,3853.45,3745,349.6962065763792,11.019429319251973,confirmed,0.39827251603387326,15,14,none,0
R8pdxfklTbk,UCJ1RVDuSiJncq6VQYiqpzLA,time,14,14.9994,27,535.44,528,1049.0084848683184,0.5104240956692289,confirmed,0.15604502570757575,15,15,none,0
Z2R6ZsTOqwI,UCjB9rCM_kqa-tQj1UcwauAg,time,14,13.2773,28,8462.02,8782,3411.5144977360906,2.480428532464703,confirmed,0.10622938189019164,15,11,none,0
7yZK9SGBunA,UC710HJmp-YgNbE5BnFBRoeg,time,5,6.9251,27,89973.21,83420,,,insufficient,,0,0,none,0
7yZK9SGBunA,UC710HJmp-YgNbE5BnFBRoeg,time,7,6.9251,27,89973.21,83420,,,insufficient,,0,0,none,0
7yZK9SGBunA,UC710HJmp-YgNbE5BnFBRoeg,time,14,12.9251,27,78326.37,83420,,,insufficient,0.10466701482134899,0,0,none,0
xIun4HFgHLQ,UCsga4ThrENksdN7RghkPJow,time,1,1.0155,27,5196.95,6008,8411.792434029549,0.6178171519430184,early,1.900206461468182,15,15,none,0
xIun4HFgHLQ,UCsga4ThrENksdN7RghkPJow,time,2,2.0155,27,6574.16,6008,8411.792434029549,0.781541080641496,early,1.3933604094339707,15,15,none,0
xIun4HFgHLQ,UCsga4ThrENksdN7RghkPJow,time,3,2.0155,27,6574.16,6008,8411.792434029549,0.781541080641496,early,1.3933604094339707,15,15,none,0
xIun4HFgHLQ,UCsga4ThrENksdN7RghkPJow,time,5,5.0155,27,7288.46,6008,8386.352147878237,0.8690854220757096,likely,1.0648637333421633,15,15,none,0
xIun4HFgHLQ,UCsga4ThrENksdN7RghkPJow,time,7,7.0155,27,6992.47,6008,8360.384585906948,0.8363811374224503,confirmed,0.9632858596036521,15,15,none,0
xIun4HFgHLQ,UCsga4ThrENksdN7RghkPJow,time,14,15.0155,27,6843.14,6008,8267.397553172292,0.8277257566600842,confirmed,0.7958109953470706,15,14,none,0
noyn12MBQKs,UCFs23bEpTlHJt1RVN0UWI3Q,time,7,7.8538,27,2252.86,2009,2896.1861102725397,0.7778699705549444,confirmed,,15,15,none,0
noyn12MBQKs,UCFs23bEpTlHJt1RVN0UWI3Q,time,14,12.8538,27,1953.25,2009,2846.0764251202,0.6862958170422316,confirmed,0.12266845025590875,15,15,none,0
vUTiAx74tBQ,UCQNFJVAUF-qWtK0dawxcOaQ,heldout,5,4.9570,27,9232.92,7922,8914.470100051904,1.0357226082653441,likely,,15,13,none,0
vUTiAx74tBQ,UCQNFJVAUF-qWtK0dawxcOaQ,time,5,4.9570,27,9232.92,7922,8914.470100051904,1.0357226082653441,likely,,15,13,none,0
vUTiAx74tBQ,UCQNFJVAUF-qWtK0dawxcOaQ,heldout,7,6.9570,27,7825.27,7922,8914.470100051904,0.8778169409249192,likely,0.16247832457591904,15,13,none,0
vUTiAx74tBQ,UCQNFJVAUF-qWtK0dawxcOaQ,time,7,6.9570,27,7825.27,7922,8914.470100051904,0.8778169409249192,likely,0.16247832457591904,15,13,none,0
vUTiAx74tBQ,UCQNFJVAUF-qWtK0dawxcOaQ,heldout,14,15.9570,27,7927.72,7922,8730.215070133292,0.9080779821936752,confirmed,0.11661780306852874,15,11,none,0
vUTiAx74tBQ,UCQNFJVAUF-qWtK0dawxcOaQ,time,14,15.9570,27,7927.72,7922,8730.215070133292,0.9080779821936752,confirmed,0.11661780306852874,15,11,none,0
uMZzus_nNvk,UCDdF3VYuCTZ9HuEnkGdPkCQ,time,5,5.7657,28,13721.56,14254,,,insufficient,,0,0,none,0
uMZzus_nNvk,UCDdF3VYuCTZ9HuEnkGdPkCQ,time,7,6.7657,28,20218.34,14254,,,insufficient,1.5175258964168286,0,0,none,0
uMZzus_nNvk,UCDdF3VYuCTZ9HuEnkGdPkCQ,time,14,13.7657,28,15662.68,14254,,,insufficient,0.36387537900952127,0,0,none,0
Hs2Ywndv3NM,UC0Fh1HN4RvOw2hMk9n5PysA,time,7,7.9579,27,181.34,164,453.6857727367487,0.3996966088645736,confirmed,,4,4,none,0
Hs2Ywndv3NM,UC0Fh1HN4RvOw2hMk9n5PysA,time,14,14.9579,27,160.19,164,435.0949383944197,0.3681660794341372,confirmed,0.12748434227329816,15,13,none,0
7QL71cJ83AY,UCcTiu6qN0sm433gR8wjoVCA,time,5,6.5236,29,1507.36,1334,,,insufficient,,1,1,none,0
7QL71cJ83AY,UCcTiu6qN0sm433gR8wjoVCA,time,7,6.5236,29,1507.36,1334,,,insufficient,,1,1,none,0
7QL71cJ83AY,UCcTiu6qN0sm433gR8wjoVCA,time,14,13.5236,29,1318.70,1334,,,insufficient,0.0971701752395135,1,1,none,0
WTdlAEFKyhY,UC3JhfsgFPLSLNEROQCdj-GQ,time,14,12.6247,27,61874.51,202552,4057.9091412319276,15.247880549926679,confirmed,,15,13,none,0
FXrcFeuYtq8,UCBJycsmduvYEL83R_U4JriQ,heldout,7,7.7625,29,5897589.57,5850631,3391993.9999999995,1.738679246469413,confirmed,,15,11,none,0
FXrcFeuYtq8,UCBJycsmduvYEL83R_U4JriQ,heldout,14,13.7625,29,5987675.46,5850631,3391993.9999999995,1.7652376341701812,confirmed,0.1461955948867363,15,10,none,0
2ezqMROXaqs,UC8qhCPBiqf3qje6CdDBjdgQ,time,5,5.0719,27,328.45,350,,,insufficient,0.11699238649176086,0,0,none,0
2ezqMROXaqs,UC8qhCPBiqf3qje6CdDBjdgQ,time,7,7.0719,27,330.96,350,,,insufficient,0.14032095162727634,0,0,none,0
2ezqMROXaqs,UC8qhCPBiqf3qje6CdDBjdgQ,time,14,15.0719,27,330.71,350,,,insufficient,0.10960548233780264,0,0,none,0
gO0rrW6YhKo,UC3DkFux8Iv-aYnTRWzwaiBA,heldout,1,1.6561,29,109283.03,117801,133272.09854869527,0.8199992861149736,early,,15,13,none,0
gO0rrW6YhKo,UC3DkFux8Iv-aYnTRWzwaiBA,heldout,2,1.6561,29,109283.03,117801,133272.09854869527,0.8199992861149736,early,,15,13,none,0
gO0rrW6YhKo,UC3DkFux8Iv-aYnTRWzwaiBA,heldout,3,3.6561,29,121480.95,117801,133288.92014643032,0.9114106844488747,likely,0.509290749238471,15,13,none,0
gO0rrW6YhKo,UC3DkFux8Iv-aYnTRWzwaiBA,heldout,5,4.6561,29,119321.18,117801,132901.0502674045,0.8978196708746667,likely,0.46937667401270183,15,13,none,0
gO0rrW6YhKo,UC3DkFux8Iv-aYnTRWzwaiBA,heldout,7,6.6561,29,117694.61,117801,132546.72302486163,0.8879481245402401,likely,0.4366723321739446,15,13,none,0
gO0rrW6YhKo,UC3DkFux8Iv-aYnTRWzwaiBA,heldout,14,14.6561,29,113069.74,117801,131047.58957403249,0.8628143078705854,confirmed,0.3145973304096778,15,13,none,0
1OsOF7jWWm0,UCUoJk48pujh29p8zLsnD5PQ,heldout,5,6.6648,29,13228.76,13750,10609.742770298177,1.246850356687038,likely,,14,13,none,0
1OsOF7jWWm0,UCUoJk48pujh29p8zLsnD5PQ,heldout,7,6.6648,29,13228.76,13750,10609.742770298177,1.246850356687038,likely,,14,13,none,0
XKzB9HDuIA4,UC1R0kzpJLBJ8r5e1IVovIUg,time,1,1.0410,28,934.63,814,1738.0033868713072,0.5377630672401474,early,,15,8,none,0
XKzB9HDuIA4,UC1R0kzpJLBJ8r5e1IVovIUg,time,2,2.0410,28,720.78,814,1732.5413778759466,0.41602538623839513,early,0.36531299042663384,15,8,none,0
XKzB9HDuIA4,UC1R0kzpJLBJ8r5e1IVovIUg,time,3,3.0410,28,669.39,814,1726.646362748961,0.3876805136366463,likely,0.301631665668722,15,8,none,0
XKzB9HDuIA4,UC1R0kzpJLBJ8r5e1IVovIUg,time,5,5.0410,28,676.45,814,1714.057751219956,0.39464588560316466,likely,0.3374156986151324,15,8,none,0
XKzB9HDuIA4,UC1R0kzpJLBJ8r5e1IVovIUg,time,7,7.0410,28,789.63,814,1723.7628186214479,0.4580825178528517,confirmed,0.3619853069172764,15,7,none,0
XKzB9HDuIA4,UC1R0kzpJLBJ8r5e1IVovIUg,time,14,12.0410,28,807.67,814,1767.0000000000002,0.4570840085269642,confirmed,0.3327068639784744,15,5,none,0
I9OUh7iTQ_I,UC-__rBmcQsAbJsdfe5R_xTA,time,14,12.6703,27,106.33,111,249.88652612282306,0.4254983949683333,confirmed,0.4312119985765911,15,15,none,0
JIAnC9Cf7yg,UCHYoe8kQ-7Gn9ASOlmI0k6Q,time,7,7.6215,29,505734.11,546433,415651.476489307,1.216726355551956,confirmed,,15,14,none,0
JIAnC9Cf7yg,UCHYoe8kQ-7Gn9ASOlmI0k6Q,time,14,13.6215,29,489548.92,546433,411262.2133162387,1.1903571533791948,confirmed,0.21853406530474834,15,13,none,0
hN5vkxH2BBI,UCs7_DmeDzs0C8HkwucWRNTA,time,3,3.0407,29,10091.83,11089,,,insufficient,,1,1,none,0
hN5vkxH2BBI,UCs7_DmeDzs0C8HkwucWRNTA,time,5,5.0407,29,10345.24,11089,14180.62551611425,0.7295337339398085,likely,0.39844328407360396,15,13,none,0
hN5vkxH2BBI,UCs7_DmeDzs0C8HkwucWRNTA,time,7,7.0407,29,10940.46,11089,14175.935532075571,0.771762689039959,confirmed,0.4412439198386009,15,11,none,0
hN5vkxH2BBI,UCs7_DmeDzs0C8HkwucWRNTA,time,14,12.0407,29,11143.23,11089,13911.479538517302,0.8010098097829661,confirmed,0.34512232903378365,15,9,none,0
N0K0m7dZBJI,UC8butISFwT-Wl7EV0hUK0BQ,time,3,3.9578,27,17117.27,15156,30086.95837314996,0.5689266702238106,likely,,3,3,none,0
N0K0m7dZBJI,UC8butISFwT-Wl7EV0hUK0BQ,time,5,4.9578,27,14882.02,15156,30768.026997021225,0.4836845520279704,likely,0.366479906648661,3,3,none,0
N0K0m7dZBJI,UC8butISFwT-Wl7EV0hUK0BQ,time,7,6.9578,27,15172.08,15156,31119.277457049015,0.48754588596008724,likely,0.3173072806163986,3,3,none,0
N0K0m7dZBJI,UC8butISFwT-Wl7EV0hUK0BQ,time,14,14.9578,27,16242.29,15156,34625.70713627513,0.469081921771434,confirmed,0.2528046149731904,3,3,none,0
GwuxefNfx4U,UC2E4tXgSUeD5S9W6fGPoTsA,time,5,5.3953,28,528.96,510,,,insufficient,,1,1,none,0
GwuxefNfx4U,UC2E4tXgSUeD5S9W6fGPoTsA,time,7,7.3953,28,546.83,510,,,insufficient,0.3767916267068624,1,1,none,0
GwuxefNfx4U,UC2E4tXgSUeD5S9W6fGPoTsA,time,14,13.3953,28,529.54,510,,,insufficient,0.24097877361668893,1,1,none,0
ItYKt9t-Rj8,UCzUd3H_e_qWqs4dR4GxVHOQ,time,7,7.8360,27,6713.23,5990,4450.000000000001,1.5085920105044432,confirmed,,15,13,none,0
ItYKt9t-Rj8,UCzUd3H_e_qWqs4dR4GxVHOQ,time,14,12.8360,27,6162.44,5990,4450.000000000001,1.3848175863754968,confirmed,0.1390497307335701,15,10,none,0
SzKo1wE0KeQ,UCl0dAq1S5Pv3cw53nFo_aWg,time,1,1.0310,27,4562.65,40641,,,insufficient,1.540991964137415,5,4,none,0
SzKo1wE0KeQ,UCl0dAq1S5Pv3cw53nFo_aWg,time,2,2.0310,27,6866.18,40641,,,insufficient,1.328279553282693,5,4,none,0
SzKo1wE0KeQ,UCl0dAq1S5Pv3cw53nFo_aWg,time,3,3.0310,27,7829.25,40641,,,insufficient,1.2472835968358955,5,4,none,0
SzKo1wE0KeQ,UCl0dAq1S5Pv3cw53nFo_aWg,time,5,5.0310,27,22665.25,40641,,,insufficient,1.642499294865835,5,4,none,0
SzKo1wE0KeQ,UCl0dAq1S5Pv3cw53nFo_aWg,time,7,7.0310,27,32886.70,40641,,,insufficient,1.6615398578027851,5,4,none,0
SzKo1wE0KeQ,UCl0dAq1S5Pv3cw53nFo_aWg,time,14,15.0310,27,39509.61,40641,,,insufficient,1.3730649239352364,5,4,none,0
EXIgjIBu4EU,UC4JX40jDee_tINbkjycV4Sg,time,3,3.9165,28,15306.61,29941,32581.0916715931,0.46980038150057507,likely,,14,13,none,0
EXIgjIBu4EU,UC4JX40jDee_tINbkjycV4Sg,time,5,4.9165,28,13147.42,29941,32581.0916715931,0.4035290241823072,likely,0.29819909816346757,15,14,none,0
EXIgjIBu4EU,UC4JX40jDee_tINbkjycV4Sg,time,7,6.9165,28,16883.78,29941,32446.11551164818,0.5203636748170044,likely,0.509524101978584,15,13,none,0
EXIgjIBu4EU,UC4JX40jDee_tINbkjycV4Sg,time,14,13.9165,28,23375.38,29941,32400.000000000004,0.7214623921238305,confirmed,0.5840105291082437,15,9,none,0
K5yfMcVaXIE,UCkr6cLAnZiz5NH0NzjNK8rg,time,0.5,0.6676,27,97922.07,78829,113106.89267449648,0.8657480242918434,early,,14,14,none,0
K5yfMcVaXIE,UCkr6cLAnZiz5NH0NzjNK8rg,time,1,0.6676,27,97922.07,78829,113106.89267449648,0.8657480242918434,early,,14,14,none,0
K5yfMcVaXIE,UCkr6cLAnZiz5NH0NzjNK8rg,time,2,1.6676,27,105556.52,78829,86036.14928157539,1.2268857394047803,early,0.7391369498329331,15,15,none,0
K5yfMcVaXIE,UCkr6cLAnZiz5NH0NzjNK8rg,time,3,2.6676,27,107986.54,78829,85284.35192140256,1.2661940587603595,early,0.6510576405190718,15,14,none,0
K5yfMcVaXIE,UCkr6cLAnZiz5NH0NzjNK8rg,time,5,4.6676,27,91762.64,78829,84608.45607804184,1.0845563560887508,likely,0.4822968395743337,15,12,none,0
K5yfMcVaXIE,UCkr6cLAnZiz5NH0NzjNK8rg,time,7,6.6676,27,86871.53,78829,83139.66479070319,1.0448866509602437,likely,0.408176148446961,15,12,none,0
K5yfMcVaXIE,UCkr6cLAnZiz5NH0NzjNK8rg,time,14,12.6676,27,77797.66,78829,81316.2500867691,0.9567296170618574,confirmed,0.3197058013055096,15,8,none,0
zrC5jnzEnUs,UCfiZzwbPTOw8MCQfyxES43A,time,5,6.4457,29,2601.68,4212,,,insufficient,,0,0,none,0
zrC5jnzEnUs,UCfiZzwbPTOw8MCQfyxES43A,time,7,7.4457,29,2571.21,4212,,,insufficient,0.22716739248576537,0,0,none,0
zrC5jnzEnUs,UCfiZzwbPTOw8MCQfyxES43A,time,14,14.4457,29,2877.22,4212,,,insufficient,0.29915408648241903,0,0,none,0
keF_HoK2_tE,UCQq79zHGZJNzm3SPOfLNmrw,heldout,14,13.9461,28,933.70,956,496.5553804278686,1.8803476811599225,confirmed,0.22499892648728037,15,12,none,0
CFNRa5pyEUM,UCN-pFscDli0Md5_mKOHRPVw,heldout,1,0.0671,30,1874.25,340,210.09594276721893,8.920915643476823,early,,9,9,none,0
CFNRa5pyEUM,UCN-pFscDli0Md5_mKOHRPVw,heldout,7,7.0671,30,260.68,340,220.21699873567178,1.1837378454454897,confirmed,0.650166861238359,9,9,none,0
CFNRa5pyEUM,UCN-pFscDli0Md5_mKOHRPVw,heldout,14,14.0671,30,308.99,340,221.67543614236618,1.3938716741020776,confirmed,0.5912344830169131,9,9,none,0
CoorirSMGto,UCuoxrRDDgk3UUnxR4tlkJYQ,time,3,3.9010,28,14150.77,19156,7415.0000000000055,1.9083972051442522,likely,,11,9,none,0
CoorirSMGto,UCuoxrRDDgk3UUnxR4tlkJYQ,time,5,4.9010,28,12313.62,19156,8784.35012521924,1.4017680069912528,likely,0.3673407910109432,15,13,none,0
CoorirSMGto,UCuoxrRDDgk3UUnxR4tlkJYQ,time,7,6.9010,28,15702.49,19156,8786.491584312404,1.787117348903314,likely,0.5207795446037765,15,13,none,0
CoorirSMGto,UCuoxrRDDgk3UUnxR4tlkJYQ,time,14,13.9010,28,21285.92,19156,8810.257850874425,2.4160381957128214,confirmed,0.569305401571943,15,11,none,0
BaksFFzrdBQ,UCGxjDWAN1KwrkXYVi8CXtjQ,time,1,0.9998,27,19163.60,39293,21842.999999999993,0.8773337749999133,early,,15,9,none,0
BaksFFzrdBQ,UCGxjDWAN1KwrkXYVi8CXtjQ,time,2,1.9998,27,17807.20,39293,21842.999999999993,0.8152358763771657,early,0.6298753334968942,15,9,none,0
BaksFFzrdBQ,UCGxjDWAN1KwrkXYVi8CXtjQ,time,3,2.9998,27,20855.05,39293,21842.999999999993,0.9547703540908563,early,0.6201724712481499,15,8,none,0
BaksFFzrdBQ,UCGxjDWAN1KwrkXYVi8CXtjQ,time,5,5.9998,27,39592.90,39293,21842.999999999993,1.8126125816579592,likely,0.8961109227334202,15,7,none,0
BaksFFzrdBQ,UCGxjDWAN1KwrkXYVi8CXtjQ,time,7,6.9998,27,42037.79,39293,21842.999999999993,1.9245426975286628,likely,0.8539990799424119,15,7,none,0
BaksFFzrdBQ,UCGxjDWAN1KwrkXYVi8CXtjQ,time,14,14.9998,27,44777.57,39293,21842.999999999993,2.049973257975056,confirmed,0.7126682216400987,15,3,none,0
MFtIWCYWwGw,UC5_SBQbLA9Kg7Jh5GpXoP3g,time,1,0.8328,28,93.30,249,728.7309156981032,0.1280339168160128,early,,9,8,none,0
MFtIWCYWwGw,UC5_SBQbLA9Kg7Jh5GpXoP3g,time,2,1.8328,28,105.59,249,730.2405718715654,0.1445976145991115,early,0.9092444695459587,9,8,none,0
MFtIWCYWwGw,UC5_SBQbLA9Kg7Jh5GpXoP3g,time,3,2.8328,28,395.85,249,347.3213277712226,1.139719990109241,early,2.256911424483513,15,13,none,0
MFtIWCYWwGw,UC5_SBQbLA9Kg7Jh5GpXoP3g,time,5,4.8328,28,382.23,249,331.0712665274401,1.1545221256714595,likely,1.526960112258604,15,12,none,0
MFtIWCYWwGw,UC5_SBQbLA9Kg7Jh5GpXoP3g,time,7,6.8328,28,344.58,249,348.2133012535743,0.9895792586377722,likely,1.2401331859078635,15,12,none,0
MFtIWCYWwGw,UC5_SBQbLA9Kg7Jh5GpXoP3g,time,14,13.8328,28,329.70,249,386.41401749311956,0.8532175761718067,confirmed,0.8898976148907874,15,12,none,0
r4wYdFIrT_E,UCPCPE5MoI7DS1WiVB_-mzNw,time,7,7.8079,29,11019.98,8787,4348.522311796386,2.5341896503805024,confirmed,,15,15,none,0
r4wYdFIrT_E,UCPCPE5MoI7DS1WiVB_-mzNw,time,14,13.8079,29,9063.49,8787,4084.6841118243783,2.2188974083446604,confirmed,0.004174729505259625,15,15,none,0
cPU-9hNsXYE,UCeYUHG6o0YguM-g23htdsSw,time,5,5.0826,28,651.19,771,731.9999999999998,0.8896085625710909,likely,0.12822343415856882,15,12,none,0
cPU-9hNsXYE,UCeYUHG6o0YguM-g23htdsSw,time,7,7.0826,28,664.11,771,731.9999999999998,0.9072529361717059,confirmed,0.17076190820439788,15,11,none,0
cPU-9hNsXYE,UCeYUHG6o0YguM-g23htdsSw,time,14,14.0826,28,734.19,771,731.9999999999998,1.0029952229936696,confirmed,0.1763630519154111,15,8,none,0
0VgQWEBi1zs,UCqvXGJXKeLCm6zg-JagDdzQ,time,1,1.8284,27,8833.99,6262,7407.501085441263,1.1925740221100567,early,,15,15,none,0
0VgQWEBi1zs,UCqvXGJXKeLCm6zg-JagDdzQ,time,2,1.8284,27,8833.99,6262,7407.501085441263,1.1925740221100567,early,,15,15,none,0
0VgQWEBi1zs,UCqvXGJXKeLCm6zg-JagDdzQ,time,3,2.8284,27,6320.80,6262,7407.501085441263,0.8532970014563062,early,0.24199740528636682,15,15,none,0
0VgQWEBi1zs,UCqvXGJXKeLCm6zg-JagDdzQ,time,5,4.8284,27,6182.35,6262,7360.81675257837,0.8398995109202063,likely,0.19063766850621844,15,15,none,0
0VgQWEBi1zs,UCqvXGJXKeLCm6zg-JagDdzQ,time,7,6.8284,27,6423.39,6262,7360.81675257837,0.8726459377800997,likely,0.20886092970390252,15,15,none,0
0VgQWEBi1zs,UCqvXGJXKeLCm6zg-JagDdzQ,time,14,12.8284,27,6638.14,6262,7282.2907429031,0.9115459824124672,confirmed,0.16245046635070964,15,13,none,0
rRKQh5Etff4,UCZDXM1926FRjQGNWNGSpBQQ,time,2,2.7907,27,11491.85,9157,8590.66046062644,1.337714186799376,early,,15,14,none,0
rRKQh5Etff4,UCZDXM1926FRjQGNWNGSpBQQ,time,3,2.7907,27,11491.85,9157,8590.66046062644,1.337714186799376,early,,15,14,none,0
rRKQh5Etff4,UCZDXM1926FRjQGNWNGSpBQQ,time,5,4.7907,27,8872.65,9157,8515.679770474364,1.0419195875652592,likely,0.16717246818839723,15,13,none,0
rRKQh5Etff4,UCZDXM1926FRjQGNWNGSpBQQ,time,7,7.7907,27,9411.88,9157,8421.54897844926,1.1175946412846152,confirmed,0.19779716741605036,15,13,none,0
rRKQh5Etff4,UCZDXM1926FRjQGNWNGSpBQQ,time,14,15.7907,27,9741.08,9157,8357.000000000002,1.1656196806068608,confirmed,0.14315223089807316,15,9,none,0
8LUcoCag4Ds,UC-No2ITxJsNt50oJQ3fLmUA,time,14,13.7406,28,135055.58,134716,90299.83044766606,1.4956349216463916,confirmed,0.18538765717818081,15,12,none,0
gwLQ0oySpaE,UCSCydFbXzl_kheTt4XbRLhg,time,1,0.8325,29,2137.95,1494,1968.040485601502,1.0863368752209317,early,,15,8,none,0
gwLQ0oySpaE,UCSCydFbXzl_kheTt4XbRLhg,time,2,1.8325,29,1539.27,1494,2080.5986555706413,0.7398198990147818,early,0.4153329150952488,15,8,none,0
gwLQ0oySpaE,UCSCydFbXzl_kheTt4XbRLhg,time,3,2.8325,29,1457.81,1494,2096,0.6955188822296686,early,0.3535093078367082,15,8,none,0
gwLQ0oySpaE,UCSCydFbXzl_kheTt4XbRLhg,time,5,4.8325,29,1501.35,1494,2096,0.7162913999015021,likely,0.3224938458539053,15,7,none,0
gwLQ0oySpaE,UCSCydFbXzl_kheTt4XbRLhg,time,7,6.8325,29,1463.87,1494,2073.9184060175876,0.7058485645169893,likely,0.2882290619573237,15,6,none,0
gwLQ0oySpaE,UCSCydFbXzl_kheTt4XbRLhg,time,14,13.8325,29,1496.23,1494,2096,0.7138514088283403,confirmed,0.2605785192327099,15,4,none,0
bSP4lJ8Wx3s,UC2OjGgjNiqyLr_1qkqAwsUQ,time,14,13.8155,29,15688.01,15264,6416.300059102251,2.4450244794213334,confirmed,0.01037307144781144,15,13,none,0
h2eURoPn7uU,UCzaZ1sPWEuZN-I8_XT6AH8g,time,14,14.9159,29,15777.19,17385,14163.497158570128,1.113933183100733,confirmed,0.3534579725517043,15,14,none,0
k1L27EjTYEo,UCvnSyOfwtn7J14CYRbCaveQ,time,14,12.8323,27,33074.49,32633,29072.759117037345,1.1376455397196767,confirmed,0.35460157580830465,15,13,none,0
Xu4lfpvm2PA,UCbAlVnKhbGLK78GsSemQXxw,time,5,5.0132,27,1463.19,1378,11955.732323488894,0.12238393150139021,likely,0.05166586905711488,5,5,none,0
Xu4lfpvm2PA,UCbAlVnKhbGLK78GsSemQXxw,time,7,7.0132,27,1431.57,1378,11916.140187661473,0.12013731050178333,confirmed,0.05137912570080928,5,5,none,0
Xu4lfpvm2PA,UCbAlVnKhbGLK78GsSemQXxw,time,14,15.0132,27,1385.88,1378,12242.514425400883,0.11320204150607993,confirmed,0.04616371770795855,5,5,none,0
bxM5rVQ4tv4,UCpTaewGuthzN4CuYKmgXneQ,heldout,14,13.9159,29,58769.04,66024,84567.25613483346,0.6949384265922232,confirmed,,14,14,none,0
RHb2kwaeTi4,UC2OjGgjNiqyLr_1qkqAwsUQ,time,14,13.7650,29,15901.94,15476,10343.714521181699,1.5373527660736692,confirmed,0.012052241101526648,15,13,none,0
1wNpNkkGB54,UCb4YTduN-tdW9hSVjPwgkbw,time,5,6.8203,29,2591.60,2780,,,insufficient,,0,0,none,0
1wNpNkkGB54,UCb4YTduN-tdW9hSVjPwgkbw,time,7,6.8203,29,2591.60,2780,,,insufficient,,0,0,none,0
1wNpNkkGB54,UCb4YTduN-tdW9hSVjPwgkbw,time,14,13.8203,29,2666.75,2780,,,insufficient,0.22870648528658652,0,0,none,0
XYbB1O2GznI,UCkr6cLAnZiz5NH0NzjNK8rg,time,1,0.8253,29,33679.45,16582,113219.044045353,0.2974716419592673,early,,15,15,none,0
XYbB1O2GznI,UCkr6cLAnZiz5NH0NzjNK8rg,time,2,1.8253,29,20697.37,16582,113106.89267449648,0.1829894354408161,early,0.281129801798898,15,15,none,0
XYbB1O2GznI,UCkr6cLAnZiz5NH0NzjNK8rg,time,3,2.8253,29,18141.51,16582,113556.45878218263,0.1597576454088417,early,0.19417594936549157,15,14,none,0
XYbB1O2GznI,UCkr6cLAnZiz5NH0NzjNK8rg,time,5,4.8253,29,17137.45,16582,114875.1305727547,0.14918329514485423,likely,0.14947074676237898,15,11,none,0
XYbB1O2GznI,UCkr6cLAnZiz5NH0NzjNK8rg,time,7,6.8253,29,16830.33,16582,114285.96864477264,0.14726505145423474,likely,0.13184602976166263,15,11,none,0
XYbB1O2GznI,UCkr6cLAnZiz5NH0NzjNK8rg,time,14,13.8253,29,15955.20,16582,112561.54449424194,0.14174644257734462,confirmed,0.11189860470731292,15,7,none,0
ALaaOEQcRwM,UCCYBgzNZ3JIK2w_zvPKvgfQ,heldout,5,4.0104,27,95.18,101,,,insufficient,,0,0,none,0
ALaaOEQcRwM,UCCYBgzNZ3JIK2w_zvPKvgfQ,time,5,4.0104,27,95.18,101,,,insufficient,,0,0,none,0
ALaaOEQcRwM,UCCYBgzNZ3JIK2w_zvPKvgfQ,heldout,7,7.0104,27,95.54,101,,,insufficient,0.25777079155012106,0,0,none,0
ALaaOEQcRwM,UCCYBgzNZ3JIK2w_zvPKvgfQ,time,7,7.0104,27,95.54,101,,,insufficient,0.25777079155012106,0,0,none,0
ALaaOEQcRwM,UCCYBgzNZ3JIK2w_zvPKvgfQ,heldout,14,15.0104,27,104.12,101,,,insufficient,0.24455407418425862,0,0,none,0
ALaaOEQcRwM,UCCYBgzNZ3JIK2w_zvPKvgfQ,time,14,15.0104,27,104.12,101,,,insufficient,0.24455407418425862,0,0,none,0
v9DQJaDntz4,UCfk2tHbUwraPERg3Q4fQM5w,time,5,5.9368,28,21.76,19,,,insufficient,,0,0,none,0
v9DQJaDntz4,UCfk2tHbUwraPERg3Q4fQM5w,time,7,7.9368,28,20.56,19,,,insufficient,0.2393037083228545,0,0,none,0
v9DQJaDntz4,UCfk2tHbUwraPERg3Q4fQM5w,time,14,13.9368,28,19.55,19,,,insufficient,0.15356553190967512,0,0,none,0
JFEi0ZoNTJY,UC2NH07Y5tx_PQvqaQGzxKxQ,time,5,6.9580,27,4459.12,4797,3304.3051366051886,1.3494876458691334,likely,,10,10,none,0
JFEi0ZoNTJY,UC2NH07Y5tx_PQvqaQGzxKxQ,time,7,6.9580,27,4459.12,4797,3304.3051366051886,1.3494876458691334,likely,,10,10,none,0
JFEi0ZoNTJY,UC2NH07Y5tx_PQvqaQGzxKxQ,time,14,12.9580,27,4671.84,4797,3720.5008914315044,1.2557025380552451,confirmed,0.29228299601822194,15,11,none,0
2NcuCTnkGk8,UCtKKlsOLiQWeu_slHMhjvRw,time,14,13.5937,27,240.02,247,328.6361709211022,0.7303653506475355,confirmed,0.1552605722186277,15,12,none,0
z_P7yAHeC4I,UCrzsbcwbAhyxizIs2szrQRA,time,1,1.8737,27,10498.67,14535,9302.923487080776,1.128534177660336,early,,15,15,none,0
z_P7yAHeC4I,UCrzsbcwbAhyxizIs2szrQRA,time,2,1.8737,27,10498.67,14535,9302.923487080776,1.128534177660336,early,,15,15,none,0
z_P7yAHeC4I,UCrzsbcwbAhyxizIs2szrQRA,time,3,2.8737,27,8885.48,14535,9302.923487080776,0.9551281633348363,early,0.4105044519723122,15,15,none,0
z_P7yAHeC4I,UCrzsbcwbAhyxizIs2szrQRA,time,5,4.8737,27,10606.96,14535,9434.933784788329,1.1242216473208184,likely,0.43492943337114787,15,15,none,0
z_P7yAHeC4I,UCrzsbcwbAhyxizIs2szrQRA,time,7,6.8737,27,13422.23,14535,9434.933784788329,1.42261036364877,likely,0.5511874263598306,15,15,none,0
z_P7yAHeC4I,UCrzsbcwbAhyxizIs2szrQRA,time,14,12.8737,27,15701.36,14535,9745.785898550208,1.6110919643608894,confirmed,0.5033847286778148,15,14,none,0
L1CPbmWfrhA,UCsRJksZpHms1C3xBEleSkFw,time,14,14.6061,29,83.15,81,216.9759417900114,0.38323487364770026,confirmed,,8,6,none,0
96aNewh1ZUM,UCUpbDOT-OVNBlaQpb9pbd2w,time,5,4.6984,27,25412.96,19014,30401.318357985598,0.8359164301405099,likely,,15,15,none,0
96aNewh1ZUM,UCUpbDOT-OVNBlaQpb9pbd2w,time,7,6.6984,27,20664.35,19014,28576.64289829278,0.7231202766990417,likely,0.01862371398406485,15,15,none,0
96aNewh1ZUM,UCUpbDOT-OVNBlaQpb9pbd2w,time,14,13.6984,27,19588.31,19014,25485.688205370116,0.7686004180192131,confirmed,0.014859119168241152,15,15,none,0
29KlQIDd750,UCRAoLjIeDYFOSuXFImfecqg,heldout,14,12.9166,30,168366.85,188070,211680.4752852926,0.7953820456729531,confirmed,0.1870414828433337,15,14,none,0
kzestjld8Ng,UCEh_IoMVGA7NPsx6-2H8Bqw,time,14,14.1689,29,1074.80,1064,1195.2561765077787,0.8992251569737253,confirmed,0.04235900123329879,15,14,none,0
Fsj9i8V8ay4,UC3_BakzLfadvFrsnClMFWmQ,heldout,2,2.1321,30,1219.51,679,881.1161186896832,1.3840557142998982,early,,15,15,none,0
Fsj9i8V8ay4,UC3_BakzLfadvFrsnClMFWmQ,heldout,3,3.1321,30,817.15,679,833.0774659158834,0.9808831290131615,likely,0.027570881982250148,15,15,none,0
Fsj9i8V8ay4,UC3_BakzLfadvFrsnClMFWmQ,heldout,5,4.1321,30,756.11,679,803.7417685920666,0.9407428309615895,likely,0.033879969366759154,15,15,none,0
Fsj9i8V8ay4,UC3_BakzLfadvFrsnClMFWmQ,heldout,7,7.1321,30,733.38,679,781.0034244221602,0.9390212504402791,confirmed,0.023839202010271583,15,15,none,0
Fsj9i8V8ay4,UC3_BakzLfadvFrsnClMFWmQ,heldout,14,14.1321,30,646.79,679,738,0.8764059987672845,confirmed,0.0210685610722473,15,12,none,0
Lzz0TA7RBlA,UC-BlDCX__nCLs_ZF9meYQbw,time,5,5.5973,27,5705.64,4730,,,insufficient,,0,0,none,0
Lzz0TA7RBlA,UC-BlDCX__nCLs_ZF9meYQbw,time,7,6.5973,27,4709.24,4730,,,insufficient,0.14540987260307178,0,0,none,0
Lzz0TA7RBlA,UC-BlDCX__nCLs_ZF9meYQbw,time,14,13.5973,27,4729.14,4730,,,insufficient,0.10916180588518645,0,0,none,0
95CPy2MANY0,UCh7mi5sI3BSzKReLzXpgimA,time,7,7.3450,29,70.52,57,55.142465217393585,1.2788658220388915,confirmed,,15,13,none,0
95CPy2MANY0,UCh7mi5sI3BSzKReLzXpgimA,time,14,14.3450,29,58.91,57,54.056373006478566,1.0897429262707428,confirmed,0.029057309359739342,15,10,none,0
VkLUDVcd5DI,UCC6Xr08p6HfQXV-ZRNuajnQ,time,5,5.0497,27,163.17,621,,,insufficient,,0,0,none,0
VkLUDVcd5DI,UCC6Xr08p6HfQXV-ZRNuajnQ,time,7,7.0497,27,170.01,621,,,insufficient,0.3863347663526944,0,0,none,0
VkLUDVcd5DI,UCC6Xr08p6HfQXV-ZRNuajnQ,time,14,13.0497,27,255.80,621,,,insufficient,0.6180606812604726,0,0,none,0
Fp_LZ3oxGP8,UCso1B56GyEtnhn2OPENKXoQ,time,14,14.6461,28,129.72,117,179.05772148984667,0.7244495531027597,confirmed,,12,12,none,0
--He8I3JOwU,UCaYGMFDjbnjrowLyhYir_jw,time,14,13.1823,27,3050.75,2995,2737.495515325925,1.11443024613064,confirmed,0.2794634191808729,15,14,none,0
sOseXZeEYyI,UCwrXi5ZknKThspJc-Gai04g,time,14,13.5624,29,8045.71,8420,38432.36079690648,0.20934720189820122,confirmed,0.19631433260915604,15,13,none,0
SY2iM_XZM3Y,UC675NhQ4EU5TzwCMwYp5XCw,time,5,4.9452,27,4468.24,3747,,,insufficient,,1,1,none,0
SY2iM_XZM3Y,UC675NhQ4EU5TzwCMwYp5XCw,time,7,6.9452,27,3783.44,3747,,,insufficient,0.15894311812873732,1,1,none,0
SY2iM_XZM3Y,UC675NhQ4EU5TzwCMwYp5XCw,time,14,12.9452,27,3751.48,3747,,,insufficient,0.11678047284424764,1,1,none,0
MGSJ-Hv7VIE,UCRvyCd-JyXV_W6zwPpMgWTg,time,14,13.7188,28,9051.45,8471,9941.223169989804,0.9104969882761637,confirmed,,15,15,none,0
z2kUM-xuwy8,UCnmGIkw-KdI0W5siakKPKog,heldout,5,6.8737,30,2937523.01,2871270,3157882.4310547574,0.9302192432376569,likely,,15,15,none,0
z2kUM-xuwy8,UCnmGIkw-KdI0W5siakKPKog,heldout,7,6.8737,30,2937523.01,2871270,3157882.4310547574,0.9302192432376569,likely,,15,15,none,0
z2kUM-xuwy8,UCnmGIkw-KdI0W5siakKPKog,heldout,14,13.8737,30,2840354.03,2871270,3164558.7953763483,0.8975513531082636,confirmed,0.17973908261766128,15,15,none,0
8jMVUrVXE5I,UC1AK451J7bKkJRq2qkJEv4w,time,0.5,0.5831,29,315.04,364,198,1.5911240444593422,early,,12,7,none,0
8jMVUrVXE5I,UC1AK451J7bKkJRq2qkJEv4w,time,1,0.5831,29,315.04,364,198,1.5911240444593422,early,,12,7,none,0
8jMVUrVXE5I,UC1AK451J7bKkJRq2qkJEv4w,time,2,1.5831,29,233.46,364,198,1.1791075896580483,early,0.6751684091526956,12,7,none,0
8jMVUrVXE5I,UC1AK451J7bKkJRq2qkJEv4w,time,3,2.5831,29,214.42,364,198,1.082938946393724,early,0.6354244055631983,12,7,none,0
8jMVUrVXE5I,UC1AK451J7bKkJRq2qkJEv4w,time,5,4.5831,29,283.68,364,198,1.4327382266636535,likely,0.6315111352917163,12,6,none,0
8jMVUrVXE5I,UC1AK451J7bKkJRq2qkJEv4w,time,7,6.5831,29,306.18,364,198,1.5463701995344559,likely,0.570272461621927,12,5,none,0
8jMVUrVXE5I,UC1AK451J7bKkJRq2qkJEv4w,time,14,13.5831,29,357.58,364,198,1.805941065280514,confirmed,0.494765471283767,12,5,none,0
sYxX2Z4tzbs,UCAmsTmQTOPbSfXs6QIDgGXg,time,14,13.6874,28,330.26,330,1483.8044998448756,0.2225794846078033,confirmed,0.2596050067022025,15,13,none,0
y47-NKG4KrI,UCJP9OOLkOzsXbb_Bo_kqjTw,time,1,0.8047,29,7024.33,5128,28555.84422773582,0.2459856638985444,early,,15,13,none,0
y47-NKG4KrI,UCJP9OOLkOzsXbb_Bo_kqjTw,time,2,1.8047,29,5762.22,5128,28555.84422773582,0.2017877719717174,early,0.5322936480437388,15,12,none,0
y47-NKG4KrI,UCJP9OOLkOzsXbb_Bo_kqjTw,time,3,2.8047,29,5114.23,5128,28489.204851055707,0.17951465738457772,early,0.4376145685738085,15,12,none,0
y47-NKG4KrI,UCJP9OOLkOzsXbb_Bo_kqjTw,time,5,4.8047,29,4876.75,5128,28556.999999999996,0.17077231547487387,likely,0.38797479450736444,15,11,none,0
y47-NKG4KrI,UCJP9OOLkOzsXbb_Bo_kqjTw,time,7,6.8047,29,5409.11,5128,28556.999999999996,0.18941452135607964,likely,0.349363601295108,15,9,none,0
y47-NKG4KrI,UCJP9OOLkOzsXbb_Bo_kqjTw,time,14,13.8047,29,5307.79,5128,28412.163207305246,0.1868140136839788,confirmed,0.2837800886851762,15,7,none,0
jqe3Bjx8TmU,UCDvZTWvHZPTxJ4K1yTD2a1g,time,14,13.8323,28,81254.65,78272,113064.89052374839,0.7186549883644329,confirmed,,15,14,none,0
pOWnUoNDGdo,UCnwAlhoB5rVhh6y5P96RXAw,time,1,0.9570,29,6359.84,93184,75144.60358242424,0.08463463642725977,early,,15,15,none,0
pOWnUoNDGdo,UCnwAlhoB5rVhh6y5P96RXAw,time,2,1.9570,29,4843.65,93184,79673.71622492041,0.0607935698995993,early,0.3225929981382566,15,15,none,0
pOWnUoNDGdo,UCnwAlhoB5rVhh6y5P96RXAw,time,3,2.9570,29,6205.66,93184,83978.2567703315,0.0738960846927694,early,0.5154162602380031,15,15,none,0
pOWnUoNDGdo,UCnwAlhoB5rVhh6y5P96RXAw,time,5,4.9570,29,6157.85,93184,84377.99999999994,0.0729793402306161,likely,0.4660674666141018,15,14,none,0
pOWnUoNDGdo,UCnwAlhoB5rVhh6y5P96RXAw,time,7,6.9570,29,10408.22,93184,84377.99999999994,0.12335231131436655,likely,0.5499764184657119,15,12,none,0
pOWnUoNDGdo,UCnwAlhoB5rVhh6y5P96RXAw,time,14,13.9570,29,18063.26,93184,104671.12134514723,0.17257159405780195,confirmed,0.7669114107171454,15,9,none,0
v1xUWEU2HFA,UCS7BAYpqOSaYy-pZp6oO4PA,time,14,13.9570,30,10248.88,10556,14154.524111200719,0.7240709876028901,confirmed,0.08005127770583496,15,15,none,0
UGiNrxKce3M,UCGwAh9NT7iHZlw4zrBueyIw,heldout,5,5.0236,30,3798.81,3921,4620.026888920901,0.8222491380894911,likely,0.3920587762787168,15,12,none,0
UGiNrxKce3M,UCGwAh9NT7iHZlw4zrBueyIw,heldout,7,7.0236,30,3922.34,3921,4567.87172498194,0.8586808339378045,confirmed,0.3585432690667857,15,10,none,0
UGiNrxKce3M,UCGwAh9NT7iHZlw4zrBueyIw,heldout,14,14.0236,30,4050.73,3921,4396.19529981469,0.9214163391650484,confirmed,0.2573387986236179,15,8,none,0
WsxWpt-1WoI,UC8DqDLFZCni7Jkys3N3818w,time,5,4.8174,27,42.15,95,37.12632412847145,1.1354001744717417,likely,,6,6,none,0
WsxWpt-1WoI,UC8DqDLFZCni7Jkys3N3818w,time,7,6.8174,27,50.76,95,45.975406386460584,1.1041521401609233,likely,0.5987507004677219,6,6,none,0
WsxWpt-1WoI,UC8DqDLFZCni7Jkys3N3818w,time,14,12.8174,27,78.51,95,48.03811215381111,1.6343922548286642,confirmed,0.8012540060098736,6,6,none,0
Dd9XvEzvGQM,UCbAlVnKhbGLK78GsSemQXxw,heldout,5,5.6595,27,8328.66,7001,,,insufficient,,2,2,none,0
Dd9XvEzvGQM,UCbAlVnKhbGLK78GsSemQXxw,time,5,5.6595,27,8328.66,7001,,,insufficient,,2,2,none,0
Dd9XvEzvGQM,UCbAlVnKhbGLK78GsSemQXxw,heldout,7,6.6595,27,6875.29,7001,,,insufficient,0.1478355370416324,2,2,none,0
Dd9XvEzvGQM,UCbAlVnKhbGLK78GsSemQXxw,time,7,6.6595,27,6875.29,7001,,,insufficient,0.1478355370416324,2,2,none,0
Dd9XvEzvGQM,UCbAlVnKhbGLK78GsSemQXxw,heldout,14,13.6595,27,6912.85,7001,,,insufficient,0.11163562324977228,2,2,none,0
Dd9XvEzvGQM,UCbAlVnKhbGLK78GsSemQXxw,time,14,13.6595,27,6912.85,7001,,,insufficient,0.11163562324977228,2,2,none,0
ckCPYDABQNI,UChISHLovxnSLP0w81NEQj5w,time,14,13.3211,28,5945.53,5763,17183.63303075176,0.3459995151586788,confirmed,0,15,15,none,0
WEqgNna8vkE,UC-No2ITxJsNt50oJQ3fLmUA,time,14,12.7512,27,139125.30,142055,101979.61299205892,1.3642461571004594,confirmed,0.24526367573997837,15,12,none,0
UokgAhHN4gM,UC99GtVg2esxExp_J0uPxO-g,heldout,2,2.6257,30,235153.22,202509,147833.21186123972,1.5906656749899188,early,,15,14,none,0
UokgAhHN4gM,UC99GtVg2esxExp_J0uPxO-g,heldout,3,2.6257,30,235153.22,202509,147833.21186123972,1.5906656749899188,early,,15,14,none,0
UokgAhHN4gM,UC99GtVg2esxExp_J0uPxO-g,heldout,5,6.6257,30,186489.33,202509,147278.94889984356,1.2662320530921083,likely,0.18047186231610987,15,14,none,0
UokgAhHN4gM,UC99GtVg2esxExp_J0uPxO-g,heldout,7,6.6257,30,186489.33,202509,147278.94889984356,1.2662320530921083,likely,0.18047186231610987,15,14,none,0
UokgAhHN4gM,UC99GtVg2esxExp_J0uPxO-g,heldout,14,13.6257,30,193014.46,202509,146271.051475789,1.319567060106733,confirmed,0.1405454537689297,15,13,none,0
OQERqMUsBHs,UC9PgszLOAWhQC6orYejcJlw,time,5,5.7913,28,5543.83,4945,,,insufficient,,0,0,none,0
OQERqMUsBHs,UC9PgszLOAWhQC6orYejcJlw,time,7,6.7913,28,4603.68,4945,,,insufficient,0.19381321504891105,0,0,none,0
OQERqMUsBHs,UC9PgszLOAWhQC6orYejcJlw,time,14,13.7913,28,4988.38,4945,,,insufficient,0.15309993892840718,0,0,none,0
71RtGmmLIHI,UCGpsgNbzdF7BECCVbB1COHw,time,7,8.1501,27,3708.59,2949,5463.541677401261,0.6787880228061953,confirmed,,9,9,none,0
71RtGmmLIHI,UCGpsgNbzdF7BECCVbB1COHw,time,14,15.1501,27,3044.59,2949,6628.852659142047,0.45929369344909426,confirmed,0.0005975421414577302,15,15,none,0
3m6Fm0nXaMQ,UCacg8HOfIUfFSUl2qk5m1sA,time,3,3.4928,28,10250.39,9090,6158.999999999998,1.664293923633882,likely,,15,12,none,0
3m6Fm0nXaMQ,UCacg8HOfIUfFSUl2qk5m1sA,time,5,5.4928,28,7953.46,9090,6158.999999999998,1.2913550527061524,likely,0.20581962165105697,15,12,none,0
3m6Fm0nXaMQ,UCacg8HOfIUfFSUl2qk5m1sA,time,7,7.4928,28,9077.85,9090,6158.999999999998,1.473915857010556,confirmed,0.23447552845452355,15,11,none,0
3m6Fm0nXaMQ,UCacg8HOfIUfFSUl2qk5m1sA,time,14,13.4928,28,8760.35,9090,6158.999999999998,1.4223656752527927,confirmed,0.1889175880903962,15,8,none,0
45_D5IAIbkY,UCb_JYhqnSdEejiznUm3XNqQ,time,3,3.9871,27,556.52,7407,,,insufficient,,1,1,none,0
45_D5IAIbkY,UCb_JYhqnSdEejiznUm3XNqQ,time,5,4.9871,27,855.82,7407,,,insufficient,1.4679098422328203,1,1,none,0
45_D5IAIbkY,UCb_JYhqnSdEejiznUm3XNqQ,time,7,6.9871,27,1272.69,7407,,,insufficient,1.7035945344328673,1,1,none,0
45_D5IAIbkY,UCb_JYhqnSdEejiznUm3XNqQ,time,14,14.9871,27,2872.06,7407,,,insufficient,1.6017037660112705,1,1,none,0
xl2B9ssZc-s,UC9_p50tH3WmMslWRWKnM7dQ,time,0.5,0.7014,27,256237.37,216822,180266.99744931114,1.421432486635516,early,,15,11,none,0
xl2B9ssZc-s,UC9_p50tH3WmMslWRWKnM7dQ,time,1,0.7014,27,256237.37,216822,180266.99744931114,1.421432486635516,early,,15,11,none,0
xl2B9ssZc-s,UC9_p50tH3WmMslWRWKnM7dQ,time,2,1.7014,27,229202.17,216822,180266.99744931114,1.2714593818098263,early,0.6948708774144369,15,11,none,0
xl2B9ssZc-s,UC9_p50tH3WmMslWRWKnM7dQ,time,3,2.7014,27,240094.79,216822,180189.83186508418,1.332454708075806,early,0.5484468481355881,15,10,none,0
xl2B9ssZc-s,UC9_p50tH3WmMslWRWKnM7dQ,time,5,4.7014,27,213766.48,216822,180189.83186508418,1.1863404323095639,likely,0.45057898427625476,15,10,none,0
xl2B9ssZc-s,UC9_p50tH3WmMslWRWKnM7dQ,time,7,6.7014,27,224069.41,216822,179871.70694304717,1.245717943906002,likely,0.40287404314562464,15,10,none,0
xl2B9ssZc-s,UC9_p50tH3WmMslWRWKnM7dQ,time,14,15.7014,27,219752.20,216822,179350.04339232642,1.2252698303945597,confirmed,0.3239736779898151,15,9,none,0
410kMINGZ0o,UCbvIIQc5Jo9-jIXnkPe03oA,time,1,0.9653,28,25032.13,34133,19807.999999999993,1.2637385723279353,early,,15,10,none,0
410kMINGZ0o,UCbvIIQc5Jo9-jIXnkPe03oA,time,2,1.9653,28,30960.90,34133,19807.999999999993,1.5630504972984693,early,0.7228582287521462,15,10,none,0
410kMINGZ0o,UCbvIIQc5Jo9-jIXnkPe03oA,time,3,2.9653,28,29364.78,34133,19807.999999999993,1.4824707078306703,early,0.6209294116134236,15,10,none,0
410kMINGZ0o,UCbvIIQc5Jo9-jIXnkPe03oA,time,5,4.9653,28,33741.49,34133,19807.999999999993,1.7034274743660074,likely,0.5702431059241855,15,10,none,0
410kMINGZ0o,UCbvIIQc5Jo9-jIXnkPe03oA,time,7,6.9653,28,35906.29,34133,19807.999999999993,1.8127167163806917,likely,0.5542821104540577,15,10,none,0
410kMINGZ0o,UCbvIIQc5Jo9-jIXnkPe03oA,time,14,12.9653,28,38753.83,34133,19520.209646347503,1.9853185779913527,confirmed,0.5072979894858882,15,9,none,0
LYw2CDwr62w,UCuVaqIpPgUyGP6AytqSfs0g,heldout,3,3.0829,31,2668.43,2008,2717.9217062006946,0.9817906150180032,likely,,15,15,none,0
LYw2CDwr62w,UCuVaqIpPgUyGP6AytqSfs0g,heldout,5,3.0829,31,2668.43,2008,2717.9217062006946,0.9817906150180032,likely,,15,15,none,0
0Cld8TsNlAY,UCLdTYHvdML-EXsPeiiYJLqA,heldout,1,0.8750,28,60503.74,56024,102239.89179758853,0.5917821041912442,early,,15,9,none,0
0Cld8TsNlAY,UCLdTYHvdML-EXsPeiiYJLqA,time,1,0.8750,28,60503.74,56024,102239.89179758853,0.5917821041912442,early,,15,9,none,0
0Cld8TsNlAY,UCLdTYHvdML-EXsPeiiYJLqA,heldout,2,2.8750,28,64343.20,56024,100826.70084386924,0.6381563427488773,early,0.6184439513095313,15,7,none,0
0Cld8TsNlAY,UCLdTYHvdML-EXsPeiiYJLqA,time,2,2.8750,28,64343.20,56024,100826.70084386924,0.6381563427488773,early,0.6184439513095313,15,7,none,0
0Cld8TsNlAY,UCLdTYHvdML-EXsPeiiYJLqA,heldout,3,2.8750,28,64343.20,56024,100826.70084386924,0.6381563427488773,early,0.6184439513095313,15,7,none,0
0Cld8TsNlAY,UCLdTYHvdML-EXsPeiiYJLqA,time,3,2.8750,28,64343.20,56024,100826.70084386924,0.6381563427488773,early,0.6184439513095313,15,7,none,0
0Cld8TsNlAY,UCLdTYHvdML-EXsPeiiYJLqA,heldout,5,4.8750,28,72157.01,56024,100194.70479868588,0.7201679074082021,likely,0.5408433764671293,15,7,none,0
0Cld8TsNlAY,UCLdTYHvdML-EXsPeiiYJLqA,time,5,4.8750,28,72157.01,56024,100194.70479868588,0.7201679074082021,likely,0.5408433764671293,15,7,none,0
0Cld8TsNlAY,UCLdTYHvdML-EXsPeiiYJLqA,heldout,7,7.8750,28,65324.29,56024,99566.44325900132,0.6560874285035387,confirmed,0.46004230232011223,15,7,none,0
0Cld8TsNlAY,UCLdTYHvdML-EXsPeiiYJLqA,time,7,7.8750,28,65324.29,56024,99566.44325900132,0.6560874285035387,confirmed,0.46004230232011223,15,7,none,0
0Cld8TsNlAY,UCLdTYHvdML-EXsPeiiYJLqA,heldout,14,13.8750,28,61853.49,56024,98041.00000000009,0.6308941385241139,confirmed,0.36732444357291527,15,4,none,0
0Cld8TsNlAY,UCLdTYHvdML-EXsPeiiYJLqA,time,14,13.8750,28,61853.49,56024,98041.00000000009,0.6308941385241139,confirmed,0.36732444357291527,15,4,none,0
vBi3NOSMdEQ,UC1R0kzpJLBJ8r5e1IVovIUg,heldout,5,5.8740,29,1106.86,969,2170.187726564441,0.5100306981899441,likely,,15,13,none,0
vBi3NOSMdEQ,UC1R0kzpJLBJ8r5e1IVovIUg,heldout,7,5.8740,29,1106.86,969,2170.187726564441,0.5100306981899441,likely,,15,13,none,0
vBi3NOSMdEQ,UC1R0kzpJLBJ8r5e1IVovIUg,heldout,14,16.8740,29,1004.63,969,2479.045474649222,0.40524763506175776,confirmed,0.1337723755534766,15,12,none,0
P7KdJhE9Yn8,UCZG-C5esGZyVfxO2qXa1Zmw,time,0.5,0.7118,28,120794.45,80993,45118.1441012265,2.6772921883745076,early,,15,13,none,0
P7KdJhE9Yn8,UCZG-C5esGZyVfxO2qXa1Zmw,time,1,0.7118,28,120794.45,80993,45118.1441012265,2.6772921883745076,early,,15,13,none,0
P7KdJhE9Yn8,UCZG-C5esGZyVfxO2qXa1Zmw,time,2,1.7118,28,101975.04,80993,44981.14539712754,2.267061907474586,early,0.5724980046147728,15,13,none,0
P7KdJhE9Yn8,UCZG-C5esGZyVfxO2qXa1Zmw,time,3,2.7118,28,109116.94,80993,45016.366987836154,2.4239393826534825,early,0.5034866166137513,15,12,none,0
P7KdJhE9Yn8,UCZG-C5esGZyVfxO2qXa1Zmw,time,5,4.7118,28,83910.61,80993,44926.583212361045,1.8677273221157964,likely,0.38667059242574187,15,11,none,0
P7KdJhE9Yn8,UCZG-C5esGZyVfxO2qXa1Zmw,time,7,6.7118,28,87274.85,80993,45459.53669605895,1.9198358563462006,likely,0.34212617010120056,15,10,none,0
P7KdJhE9Yn8,UCZG-C5esGZyVfxO2qXa1Zmw,time,14,12.7118,28,82807.78,80993,47477.00000000003,1.744166149469122,confirmed,0.2650261826963993,15,7,none,0
v9HMCzFl-sY,UCs07L46sXZqkJbUSXTJa_0Q,time,14,13.9783,29,36569.47,41949,11506.355952639842,3.178197324830255,confirmed,,15,15,none,0
oGCnQTMpgBo,UCuVaqIpPgUyGP6AytqSfs0g,heldout,1,0.0824,30,3675.00,2608,2900.943061324853,1.2668281860464319,early,,9,9,none,0
oGCnQTMpgBo,UCuVaqIpPgUyGP6AytqSfs0g,heldout,14,12.0824,30,3008.83,2608,2153.4850312591607,1.3971888680324802,confirmed,1.2712382789561703,15,15,none,0
E6z36buJS6M,UCtW1WA-bJ4s6l-ZCCT35QBg,time,1,0.9558,30,8221.90,9211,6146.000000000002,1.337763796538077,early,,15,11,none,0
E6z36buJS6M,UCtW1WA-bJ4s6l-ZCCT35QBg,time,2,1.9558,30,9832.15,9211,6146.000000000002,1.5997641956180693,early,0.8405069204972979,15,11,none,0
E6z36buJS6M,UCtW1WA-bJ4s6l-ZCCT35QBg,time,3,2.9558,30,10014.39,9211,6146.000000000002,1.629415774870785,early,0.6903534788346104,15,10,none,0
E6z36buJS6M,UCtW1WA-bJ4s6l-ZCCT35QBg,time,5,4.9558,30,10986.46,9211,6146.000000000002,1.7875791254734457,likely,0.5678201623989142,15,9,none,0
E6z36buJS6M,UCtW1WA-bJ4s6l-ZCCT35QBg,time,7,6.9558,30,9562.81,9211,6146.000000000002,1.5559405290804784,likely,0.5070138083161154,15,9,none,0
E6z36buJS6M,UCtW1WA-bJ4s6l-ZCCT35QBg,time,14,13.9558,30,9857.91,9211,6146.000000000002,1.603955959262831,confirmed,0.4527719180115395,15,8,none,0
G8hsdLJhVs8,UCcCzzSbdw5-qmdF_NuTtb2w,heldout,14,12.3957,30,1996.77,1942,3382.346372780039,0.5903519115152827,confirmed,,12,11,none,0
LeXGFF2d0QQ,UCDHA7Bp6nAGdCWYdxlnXNhg,heldout,1,1.7913,27,65464.70,173146,55871.99999999996,1.1716906106979499,early,,15,14,none,0
LeXGFF2d0QQ,UCDHA7Bp6nAGdCWYdxlnXNhg,heldout,2,1.7913,27,65464.70,173146,55871.99999999996,1.1716906106979499,early,,15,14,none,0
LeXGFF2d0QQ,UCDHA7Bp6nAGdCWYdxlnXNhg,heldout,3,2.7913,27,102753.86,173146,55871.99999999996,1.8390939494354452,early,1.0330077564662083,15,14,none,0
LeXGFF2d0QQ,UCDHA7Bp6nAGdCWYdxlnXNhg,heldout,5,4.7913,27,124118.18,173146,55871.99999999996,2.221473724543907,likely,0.8808277035650734,15,14,none,0
LeXGFF2d0QQ,UCDHA7Bp6nAGdCWYdxlnXNhg,heldout,7,6.7913,27,129801.14,173146,55871.99999999996,2.3231876548683505,likely,0.8036013661812748,15,14,none,0
LeXGFF2d0QQ,UCDHA7Bp6nAGdCWYdxlnXNhg,heldout,14,13.7913,27,136401.35,173146,55871.99999999996,2.4413184994883754,confirmed,0.6741202806909238,15,14,none,0
YCGq-Q-yenc,UCcBbwZNe1l1wjvWkea0ZMGA,time,7,8.8775,27,1035.13,1114,2161.3211829372603,0.47893396719918274,confirmed,,15,15,none,0
YCGq-Q-yenc,UCcBbwZNe1l1wjvWkea0ZMGA,time,14,12.8775,27,1079.62,1114,2236.5192343168032,0.4827237951125309,confirmed,0.3440262185097811,15,14,none,0
36xSpAR47YI,UC4wKN1tlnlNVMiRPOu7qyvQ,heldout,14,13.7708,30,8968.88,9389,1627.2260430917916,5.511759279058611,confirmed,0.14759115536078043,15,15,none,0
B_G7af8LBow,UCS7BAYpqOSaYy-pZp6oO4PA,time,7,7.9572,28,10255.60,8455,14524.617902583184,0.706083691298209,confirmed,,15,15,none,0
B_G7af8LBow,UCS7BAYpqOSaYy-pZp6oO4PA,time,14,12.9572,28,8583.97,8455,14080.048156532952,0.6096546522457198,confirmed,0.044408033516557095,15,15,none,0
zTxPLhbm-I0,UCFYwroBRnRal6AB0G7MDHgA,heldout,1,1.8736,30,561.13,467,,,insufficient,,4,4,none,0
zTxPLhbm-I0,UCFYwroBRnRal6AB0G7MDHgA,heldout,2,1.8736,30,561.13,467,,,insufficient,,4,4,none,0
zTxPLhbm-I0,UCFYwroBRnRal6AB0G7MDHgA,heldout,3,2.8736,30,381.83,467,,,insufficient,0.0772398684164353,4,4,none,0
zTxPLhbm-I0,UCFYwroBRnRal6AB0G7MDHgA,heldout,5,4.8736,30,372.93,467,,,insufficient,0.12054473213413386,4,4,none,0
zTxPLhbm-I0,UCFYwroBRnRal6AB0G7MDHgA,heldout,7,6.8736,30,373.84,467,,,insufficient,0.12417595721784733,4,4,none,0
zTxPLhbm-I0,UCFYwroBRnRal6AB0G7MDHgA,heldout,14,13.8736,30,375.15,467,,,insufficient,0.11594754683510207,4,4,none,0
9qhKEF1iRq8,UCHQ4lSaKRap5HyrpitrTOhQ,time,3,3.8748,27,7529.63,6529,9296.62866923753,0.8099316819818192,likely,,10,10,none,0
9qhKEF1iRq8,UCHQ4lSaKRap5HyrpitrTOhQ,time,5,4.8748,27,6428.08,6529,9279.923296741657,0.692687176975348,likely,0.2631438017588026,15,15,none,0
9qhKEF1iRq8,UCHQ4lSaKRap5HyrpitrTOhQ,time,7,6.8748,27,6414.72,6529,9269.405090531925,0.6920316997527036,likely,0.23046169053425217,15,15,none,0
9qhKEF1iRq8,UCHQ4lSaKRap5HyrpitrTOhQ,time,14,12.8748,27,6109.22,6529,9215.20934697354,0.6629496882486913,confirmed,0.1618424779834339,15,15,none,0
2wUZfbPeuJQ,UClhLazRwMSdXeF-MBFUo4gg,time,14,13.7500,28,3272.42,3182,1895.0469294225486,1.7268262672784391,confirmed,0.2412009253554882,15,15,none,0
ogHrw4K_MMk,UCSJhfA8s9mLYTfavcV5yoHA,time,3,3.2278,27,1417.45,1173,683.6985752933546,2.073215973698088,likely,,13,12,none,0
ogHrw4K_MMk,UCSJhfA8s9mLYTfavcV5yoHA,time,5,5.2278,27,1082.28,1173,1075.3543613173051,1.006441505731556,likely,0.1541368411079905,15,14,none,0
ogHrw4K_MMk,UCSJhfA8s9mLYTfavcV5yoHA,time,7,7.2278,27,1106.12,1173,1068.616463462066,1.0350912676751027,confirmed,0.17726944523989113,15,13,none,0
ogHrw4K_MMk,UCSJhfA8s9mLYTfavcV5yoHA,time,14,13.2278,27,1180.57,1173,1052.0000000000005,1.122217544227527,confirmed,0.16107935206997537,15,9,none,0
Cxp9oHq1INk,UCYO_YUHK7ZROCqJMtSOuOHQ,heldout,2,2.7487,30,4080.49,30175,1753,2.327718074714456,early,,15,12,none,0
Cxp9oHq1INk,UCYO_YUHK7ZROCqJMtSOuOHQ,heldout,3,2.7487,30,4080.49,30175,1753,2.327718074714456,early,,15,12,none,0
Cxp9oHq1INk,UCYO_YUHK7ZROCqJMtSOuOHQ,heldout,5,4.7487,30,312.48,30175,1753,0.17825535027544326,likely,0.16808022867760966,15,10,none,0
Cxp9oHq1INk,UCYO_YUHK7ZROCqJMtSOuOHQ,heldout,7,6.7487,30,304.57,30175,1753,0.17374022427958857,likely,0.11396879703950244,15,9,none,0
Cxp9oHq1INk,UCYO_YUHK7ZROCqJMtSOuOHQ,heldout,14,13.7487,30,22613.38,30175,2627.570320422601,8.606195144877812,confirmed,2.8602051180635018,15,7,none,0
hfBJTpewWos,UCftwRNsjfRo08xYE31tkiyw,time,5,4.8332,27,419366.22,625427,,,insufficient,,0,0,none,0
hfBJTpewWos,UCftwRNsjfRo08xYE31tkiyw,time,7,6.8332,27,498436.46,625427,,,insufficient,0.5555860680845954,0,0,none,0
hfBJTpewWos,UCftwRNsjfRo08xYE31tkiyw,time,14,12.8332,27,549797.02,625427,,,insufficient,0.4892571410156532,0,0,none,0
1NFKwdr6PLw,UCFs23bEpTlHJt1RVN0UWI3Q,time,7,8.8542,28,2652.05,2506,2896.1861102725397,0.9157038334201861,confirmed,,15,15,none,0
1NFKwdr6PLw,UCFs23bEpTlHJt1RVN0UWI3Q,time,14,13.8542,28,2466.50,2506,2846.0764251202,0.8666302137908127,confirmed,0.18380218512385335,15,15,none,0
lKtHyIX7d5g,UCAbcoKROFsRA_uA9aSprCwg,time,5,4.8739,27,1902.33,2991,,,insufficient,,2,2,none,0
lKtHyIX7d5g,UCAbcoKROFsRA_uA9aSprCwg,time,7,6.8739,27,2790.81,2991,,,insufficient,0.6989658947083227,2,2,none,0
lKtHyIX7d5g,UCAbcoKROFsRA_uA9aSprCwg,time,14,15.8739,27,3156.99,2991,,,insufficient,0.5474818818055095,2,2,none,0
nhrMhcCE1kA,UCFF20WbbyKSiYQe0J6a7HTQ,time,5,4.9990,28,12206.76,15011,,,insufficient,,0,0,none,0
nhrMhcCE1kA,UCFF20WbbyKSiYQe0J6a7HTQ,time,7,6.9990,28,18006.17,15011,,,insufficient,0.7308927427808377,0,0,none,0
nhrMhcCE1kA,UCFF20WbbyKSiYQe0J6a7HTQ,time,14,12.9990,28,15569.21,15011,,,insufficient,0.4661070598212876,0,0,none,0
WFstpTquNiE,UC4cTmHcWEXfkRdCvFLe4KiQ,time,14,12.9160,27,6457.51,6803,4436.382752396896,1.4555798798419772,confirmed,0.3009328738609096,15,13,none,0
grS5cSMnGeg,UCztm4C-jD0jpHlDFhRyEltw,time,1,1.6667,27,890.32,938,,,insufficient,,1,1,none,0
grS5cSMnGeg,UCztm4C-jD0jpHlDFhRyEltw,time,2,1.6667,27,890.32,938,,,insufficient,,1,1,none,0
grS5cSMnGeg,UCztm4C-jD0jpHlDFhRyEltw,time,3,2.6667,27,764.61,938,3162.2103686984783,0.24179725043713463,early,0.4308337385357438,15,14,none,0
grS5cSMnGeg,UCztm4C-jD0jpHlDFhRyEltw,time,5,4.6667,27,809.31,938,3162.2103686984783,0.2559316373857997,likely,0.3676463706717964,15,14,none,0
grS5cSMnGeg,UCztm4C-jD0jpHlDFhRyEltw,time,7,6.6667,27,902.08,938,3249.349078696598,0.27761974603972184,likely,0.37995595280749184,15,13,none,0
grS5cSMnGeg,UCztm4C-jD0jpHlDFhRyEltw,time,14,12.6667,27,903.47,938,3488.4480531285835,0.2589888545007419,confirmed,0.3230492775289101,15,13,none,0
CEZht9HDU7o,UCc11676iKpKrJMYqNYHqNig,time,7,8.2083,28,4316.82,4383,3060.9212586387052,1.4103009142210534,confirmed,,15,14,none,0
CEZht9HDU7o,UCc11676iKpKrJMYqNYHqNig,time,14,13.2083,28,4252.01,4383,3078.329094588863,1.3812736073784515,confirmed,0.236320513102774,15,13,none,0
03wNsPlpKjM,UCR3rfDiOfD1hk0IEdIwusIw,heldout,14,14.6875,31,6525.83,6124,104157.15744218847,0.06265366485383886,confirmed,,15,14,none,0
tNeSpSkidyc,UCfuz9Iw2mqdDIYQxCABWAnw,time,5,4.0681,27,133.26,155,,,insufficient,,0,0,none,0
tNeSpSkidyc,UCfuz9Iw2mqdDIYQxCABWAnw,time,7,7.0681,27,111.05,155,,,insufficient,0.06485242759640664,0,0,none,0
tNeSpSkidyc,UCfuz9Iw2mqdDIYQxCABWAnw,time,14,15.0681,27,142.18,155,,,insufficient,0.22465362733357203,0,0,none,0
VsOfwiULBlI,UCdjEFkZWl9eBgV8azx1A_hg,time,5,5.8245,28,409.29,367,,,insufficient,,2,2,none,0
VsOfwiULBlI,UCdjEFkZWl9eBgV8azx1A_hg,time,7,7.8245,28,348.55,367,,,insufficient,0.20151365551350972,2,2,none,0
VsOfwiULBlI,UCdjEFkZWl9eBgV8azx1A_hg,time,14,13.8245,28,362.75,367,,,insufficient,0.13410151159902534,2,2,none,0
MB5zIxsVf0w,UCSCydFbXzl_kheTt4XbRLhg,heldout,5,6.9162,30,1067.87,995,2179.5547232036297,0.4899493733432295,likely,,15,11,none,0
MB5zIxsVf0w,UCSCydFbXzl_kheTt4XbRLhg,heldout,7,6.9162,30,1067.87,995,2179.5547232036297,0.4899493733432295,likely,,15,11,none,0
MB5zIxsVf0w,UCSCydFbXzl_kheTt4XbRLhg,heldout,14,13.9162,30,1024.33,995,2212.8391567191247,0.4629013919107444,confirmed,0.18094253556056622,15,9,none,0
aWwMLpA5Gas,UCS7BAYpqOSaYy-pZp6oO4PA,time,7,7.8006,27,22902.57,18269,14013.189916328207,1.6343579906646764,confirmed,,15,15,none,0
aWwMLpA5Gas,UCS7BAYpqOSaYy-pZp6oO4PA,time,14,12.8006,27,18819.41,18269,13397.656835661297,1.4046793622404643,confirmed,0.0028091963878159455,15,15,none,0
YirNB8gmKN8,UCzUd3H_e_qWqs4dR4GxVHOQ,time,7,8.7599,27,10503.67,8999,4052.6951756171843,2.591775102732818,confirmed,,15,13,none,0
YirNB8gmKN8,UCzUd3H_e_qWqs4dR4GxVHOQ,time,14,13.7599,27,9052.13,8999,4126.362640862322,2.1937303271139075,confirmed,0.11821747566182174,15,10,none,0
sML5oQkUglo,UCGb34D3ThpmjLNn-FLv2_yQ,heldout,7,8.5409,28,2503.45,2229,2868.552942786044,0.8727234430805229,confirmed,,15,14,none,0
sML5oQkUglo,UCGb34D3ThpmjLNn-FLv2_yQ,time,7,8.5409,28,2503.45,2229,2868.552942786044,0.8727234430805229,confirmed,,15,14,none,0
sML5oQkUglo,UCGb34D3ThpmjLNn-FLv2_yQ,heldout,14,13.5409,28,2154.78,2229,2868.999999999999,0.7510547838426302,confirmed,0.11305729445495878,15,10,none,0
sML5oQkUglo,UCGb34D3ThpmjLNn-FLv2_yQ,time,14,13.5409,28,2154.78,2229,2868.999999999999,0.7510547838426302,confirmed,0.11305729445495878,15,10,none,0
HALEYgzuJgQ,UC1J4DKcJXENzC-FkyMU6dow,time,14,13.6637,28,53105.67,51771,62430.62633107847,0.8506349571077614,confirmed,0.002811625061717758,15,12,none,0
dXAyP3i8m8c,UCmH99cCLXOXzaEFJKyGJXTw,time,3,3.8196,27,594.57,413,297.60448121962685,1.9978528789259968,likely,,12,12,none,0
dXAyP3i8m8c,UCmH99cCLXOXzaEFJKyGJXTw,time,5,4.8196,27,443.63,413,292.4464305299828,1.516970738574429,likely,0.19440397926523345,15,14,none,0
dXAyP3i8m8c,UCmH99cCLXOXzaEFJKyGJXTw,time,7,6.8196,27,435.41,413,290.7932172318974,1.4973159069391517,likely,0.11259154206938105,15,13,none,0
dXAyP3i8m8c,UCmH99cCLXOXzaEFJKyGJXTw,time,14,12.8196,27,415.45,413,303.2430797433548,1.3700337315236633,confirmed,0.06600143317181281,15,12,none,0
TcOMMjmKiYA,UCkLxJCuQZ4hStBfs8TCnT9Q,time,14,13.8538,28,4010.88,4145,14713.958936755269,0.2725901814219695,confirmed,0.08766063269516813,15,15,none,0
FB5RYQiXSqY,UCGxjDWAN1KwrkXYVi8CXtjQ,heldout,7,8.9895,30,15229.76,14225,18076.561182393325,0.8425142995502233,confirmed,,15,12,none,0
FB5RYQiXSqY,UCGxjDWAN1KwrkXYVi8CXtjQ,heldout,14,16.9895,30,14519.85,14225,18152.227490520865,0.7998936467122664,confirmed,0.17038451789071202,15,10,none,0
tgy5EinyiP4,UCPCPE5MoI7DS1WiVB_-mzNw,time,5,6.8814,28,3037.39,2420,5591.480443302142,0.5432173405749532,likely,,15,15,none,0
tgy5EinyiP4,UCPCPE5MoI7DS1WiVB_-mzNw,time,7,6.8814,28,3037.39,2420,5591.480443302142,0.5432173405749532,likely,,15,15,none,0
tgy5EinyiP4,UCPCPE5MoI7DS1WiVB_-mzNw,time,14,12.8814,28,2496.85,2420,5364.07574295233,0.4654769006650948,confirmed,0.0029273483138728138,15,15,none,0
Pc4O99PeSCs,UC9BNGVGr_lvbn3d23ckuVOA,time,5,5.9373,28,39929.99,45323,,,insufficient,,0,0,none,0
Pc4O99PeSCs,UC9BNGVGr_lvbn3d23ckuVOA,time,7,6.9373,28,43242.56,45323,,,insufficient,0.5254333914727246,0,0,none,0
Pc4O99PeSCs,UC9BNGVGr_lvbn3d23ckuVOA,time,14,13.9373,28,44849.84,45323,,,insufficient,0.3492576503140063,0,0,none,0
BEbH8PlL8cc,UCWyL3FzhX0CaxgkOMTQMa0A,time,14,12.7915,27,6521.17,6558,15338.011311996472,0.4251639283871259,confirmed,0.12905574663911393,15,15,none,0
Vug4adDs3yA,UCnSg7AKhnTGnac-3zGdv5Qg,time,14,13.9160,28,897.35,1014,1639.0000000000002,0.5474968690793487,confirmed,0.36199888597514596,15,13,none,0
JnWDfW6QTt0,UCX5nh607M8hSBLiMB9MgbIQ,time,0.5,0.7187,29,7282.91,6496,9165.854034059019,0.7945695905560411,early,,15,9,none,0
JnWDfW6QTt0,UCX5nh607M8hSBLiMB9MgbIQ,time,1,0.7187,29,7282.91,6496,9165.854034059019,0.7945695905560411,early,,15,9,none,0
JnWDfW6QTt0,UCX5nh607M8hSBLiMB9MgbIQ,time,2,1.7187,29,7801.55,6496,9228.475093896046,0.8453784240587521,early,0.7435108519441548,15,9,none,0
JnWDfW6QTt0,UCX5nh607M8hSBLiMB9MgbIQ,time,3,3.7187,29,7703.37,6496,9166.895831650516,0.840347016088623,likely,0.5094079975146137,15,8,none,0
JnWDfW6QTt0,UCX5nh607M8hSBLiMB9MgbIQ,time,5,4.7187,29,6966.83,6496,9112.607531470376,0.7645264423006339,likely,0.45200155514623397,15,8,none,0
JnWDfW6QTt0,UCX5nh607M8hSBLiMB9MgbIQ,time,7,6.7187,29,6567.48,6496,9087.961141351001,0.7226575703462351,likely,0.4058347978111343,15,7,none,0
JnWDfW6QTt0,UCX5nh607M8hSBLiMB9MgbIQ,time,14,14.7187,29,7237.34,6496,9078.805942045165,0.797169151097098,confirmed,0.35980523740031783,15,5,none,0
Sj8VlTGFBIs,UCpjlh0e319ksmoOD7bQFSiw,time,14,13.0826,28,11735.62,11681,43907.73219116527,0.26727922085951034,confirmed,,15,14,none,0
0f6_pRAIJjI,UCg5WjzrwxRRUUDf7WHKPzsA,time,1,0.9375,27,18944.96,29578,38586.57030247478,0.4909728852394659,early,,15,11,none,0
0f6_pRAIJjI,UCg5WjzrwxRRUUDf7WHKPzsA,time,2,1.9375,27,27664.65,29578,38586.57030247478,0.7169502971420193,early,0.9899939116531613,15,11,none,0
0f6_pRAIJjI,UCg5WjzrwxRRUUDf7WHKPzsA,time,3,2.9375,27,32597.72,29578,38586.57030247478,0.8447943331153498,early,0.8025894961587687,15,11,none,0
0f6_pRAIJjI,UCg5WjzrwxRRUUDf7WHKPzsA,time,5,4.9375,27,26488.78,29578,38586.57030247478,0.6864766462006247,likely,0.6935900691260188,15,10,none,0
0f6_pRAIJjI,UCg5WjzrwxRRUUDf7WHKPzsA,time,7,6.9375,27,26708.64,29578,38586.57030247478,0.692174540906895,likely,0.6408726276642518,15,10,none,0
0f6_pRAIJjI,UCg5WjzrwxRRUUDf7WHKPzsA,time,14,12.9375,27,31599.17,29578,39305.1052245646,0.8039456074892475,confirmed,0.5562138327916234,15,9,none,0
miADlbTHPns,UCsvqVGtbbyHaMoevxPAq9Fg,time,7,7.8539,27,2878.72,2967,2945.262098798142,0.9774069193080626,confirmed,,15,15,none,0
miADlbTHPns,UCsvqVGtbbyHaMoevxPAq9Fg,time,14,12.8539,27,2878.34,2967,3040.3067865209377,0.9467263567502281,confirmed,0.2624270239131679,15,15,none,0
3CxEfJbpGPU,UC8DqDLFZCni7Jkys3N3818w,heldout,5,4.8180,27,61.19,91,28.87521647737547,2.119124534746763,likely,,3,3,none,0
3CxEfJbpGPU,UC8DqDLFZCni7Jkys3N3818w,time,5,4.8180,27,61.19,91,28.87521647737547,2.119124534746763,likely,,3,3,none,0
3CxEfJbpGPU,UC8DqDLFZCni7Jkys3N3818w,heldout,7,6.8180,27,74.09,91,31.671694686431383,2.339242409302629,likely,0.6170554982731096,3,3,none,0
3CxEfJbpGPU,UC8DqDLFZCni7Jkys3N3818w,time,7,6.8180,27,74.09,91,31.671694686431383,2.339242409302629,likely,0.6170554982731096,3,3,none,0
3CxEfJbpGPU,UC8DqDLFZCni7Jkys3N3818w,heldout,14,12.8180,27,66.05,91,33.80443536056536,1.953971053274758,confirmed,0.31314619826371304,3,3,none,0
3CxEfJbpGPU,UC8DqDLFZCni7Jkys3N3818w,time,14,12.8180,27,66.05,91,33.80443536056536,1.953971053274758,confirmed,0.31314619826371304,3,3,none,0
Zg4rV7douMs,UCEf_Bc-KVd7onSeifS3py9g,time,0.5,0.3745,28,647489.39,420979,356773.83881660784,1.8148454795544728,early,,13,12,none,0
Zg4rV7douMs,UCEf_Bc-KVd7onSeifS3py9g,time,1,0.3745,28,647489.39,420979,356773.83881660784,1.8148454795544728,early,,13,12,none,0
Zg4rV7douMs,UCEf_Bc-KVd7onSeifS3py9g,time,2,2.3745,28,397921.08,420979,154315.1851149419,2.578625537181755,early,0.6124195568474032,15,13,none,0
Zg4rV7douMs,UCEf_Bc-KVd7onSeifS3py9g,time,3,3.3745,28,598403.56,420979,150959.99229188025,3.963987735077221,likely,0.5275340737058761,15,13,none,0
Zg4rV7douMs,UCEf_Bc-KVd7onSeifS3py9g,time,5,5.3745,28,768660.13,420979,145408.6813411723,5.28620521190046,likely,0.4585603124689842,15,13,none,0
Zg4rV7douMs,UCEf_Bc-KVd7onSeifS3py9g,time,7,7.3745,28,410293.60,420979,141120.55374606163,2.907397876108731,confirmed,0.43596029717670354,15,12,none,0
Zg4rV7douMs,UCEf_Bc-KVd7onSeifS3py9g,time,14,12.3745,28,408434.02,420979,134100.3118505909,3.0457350211154726,confirmed,0.38765764910273104,15,9,none,0
i9BQS6oSHGU,UC-OJ-24roEfQ_-PCnLJSckg,time,1,0.8382,28,272498.62,270292,200403.99999999994,1.359746411318979,early,,15,11,none,0
i9BQS6oSHGU,UC-OJ-24roEfQ_-PCnLJSckg,time,2,1.8382,28,225311.11,270292,200403.99999999994,1.124284495777246,early,0.5584884748658091,15,11,none,0
i9BQS6oSHGU,UC-OJ-24roEfQ_-PCnLJSckg,time,3,2.8382,28,229287.06,270292,200403.99999999994,1.1441241741213208,early,0.48985974683233663,15,10,none,0
i9BQS6oSHGU,UC-OJ-24roEfQ_-PCnLJSckg,time,5,4.8382,28,233337.52,270292,200403.99999999994,1.1643356481087193,likely,0.4023835405738438,15,10,none,0
i9BQS6oSHGU,UC-OJ-24roEfQ_-PCnLJSckg,time,7,6.8382,28,230776.04,270292,200403.99999999994,1.151554070353846,likely,0.3973740861496844,15,10,none,0
i9BQS6oSHGU,UC-OJ-24roEfQ_-PCnLJSckg,time,14,13.8382,28,256666.56,270292,200403.99999999994,1.280745682780428,confirmed,0.3630421205938333,15,9,none,0
x5p9yM2TKF8,UCegFJbscuSjjsyFP4qhOyeA,time,14,13.5387,29,1848.86,2537,1369.7699995379799,1.3497574817976548,confirmed,0.7096730778776961,15,15,none,0
m0lOUwk_YHg,UCVGVbOl6F5rGF4wSYS6Y5yQ,time,5,4.5343,27,12023.19,10539,23152.49433355788,0.5193043239173714,likely,,13,12,none,0
m0lOUwk_YHg,UCVGVbOl6F5rGF4wSYS6Y5yQ,time,7,6.5343,27,11499.09,10539,21205.17196966119,0.5422776551023978,likely,0.23539811870565172,15,13,none,0
m0lOUwk_YHg,UCVGVbOl6F5rGF4wSYS6Y5yQ,time,14,13.5343,27,11110.64,10539,20683.000000000007,0.5371868235309213,confirmed,0.15101459246135554,15,9,none,0
MHoK2X2q3jE,UCnHjOLBTYCC1cbJNW6jVzhg,time,5,5.6247,28,38136.44,34070,19202.117612242462,1.9860538463673807,likely,,15,14,none,0
MHoK2X2q3jE,UCnHjOLBTYCC1cbJNW6jVzhg,time,7,6.6247,28,31814.57,34070,19175.870511425266,1.6590937341909213,likely,0.22196583425588348,15,13,none,0
MHoK2X2q3jE,UCnHjOLBTYCC1cbJNW6jVzhg,time,14,13.6247,28,34802.46,34070,18623.02089299388,1.8687871633111435,confirmed,0.1682815252662544,15,11,none,0
nv7R32VmKFU,UCOkISdoa50NuCsMYwy4uW9g,time,14,14.1041,28,2424.47,2386,2413.734111713871,1.00444936020274,confirmed,0.3485642116417452,15,14,none,0
VcxzpuCa7Oc,UCGWNHkr2WZcRbxqoet-nyeg,time,14,14.4539,29,2612.10,2397,4052.409462565136,0.6445807125901923,confirmed,,15,15,none,0
_lib9MjpKBw,UCMekTeLUP4PllG4z53Qny2Q,heldout,14,13.7706,31,465.06,506,657.0000000000002,0.7078532817070743,confirmed,0.03173481879427923,15,9,none,0
dxu6hxfKAI8,UCVKFs0cesQUEGtn8gQmhbHw,heldout,1,1.7563,30,52816.92,45811,65967.54529347656,0.8006500461826623,early,,15,13,none,0
dxu6hxfKAI8,UCVKFs0cesQUEGtn8gQmhbHw,heldout,2,1.7563,30,52816.92,45811,65967.54529347656,0.8006500461826623,early,,15,13,none,0
dxu6hxfKAI8,UCVKFs0cesQUEGtn8gQmhbHw,heldout,3,2.7563,30,54735.43,45811,65967.54529347656,0.829732671909766,early,0.5579039748044718,15,13,none,0
dxu6hxfKAI8,UCVKFs0cesQUEGtn8gQmhbHw,heldout,5,4.7563,30,48097.22,45811,64097.09307862493,0.750380715731469,likely,0.37875173654777666,15,13,none,0
dxu6hxfKAI8,UCVKFs0cesQUEGtn8gQmhbHw,heldout,7,6.7563,30,47942.31,45811,63674.043655099245,0.7529333015428167,likely,0.32784712428861323,15,13,none,0
dxu6hxfKAI8,UCVKFs0cesQUEGtn8gQmhbHw,heldout,14,13.7563,30,47825.17,45811,61430.99999999996,0.7785184829259817,confirmed,0.2587155495408163,15,12,none,0
ekspSM3gGhc,UC0COu43Li7CUL2jseBpH9kQ,time,5,5.5438,27,50.31,53,,,insufficient,,0,0,none,0
ekspSM3gGhc,UC0COu43Li7CUL2jseBpH9kQ,time,7,6.5438,27,41.78,53,,,insufficient,0.18753007900882118,0,0,none,0
ekspSM3gGhc,UC0COu43Li7CUL2jseBpH9kQ,time,14,13.5438,27,53.74,53,,,insufficient,0.3259054319612247,0,0,none,0
PyuikiggdYs,UC45mrEqnoknLzwvYJgJ9Teg,time,0.5,0.6875,29,8333.23,24764,1256.4195608389507,6.632518441852591,early,,15,14,none,0
PyuikiggdYs,UC45mrEqnoknLzwvYJgJ9Teg,time,1,0.6875,29,8333.23,24764,1256.4195608389507,6.632518441852591,early,,15,14,none,0
PyuikiggdYs,UC45mrEqnoknLzwvYJgJ9Teg,time,2,1.6875,29,9186.42,24764,1256.4195608389507,7.311586974488304,early,0.7942918095501517,15,14,none,0
PyuikiggdYs,UC45mrEqnoknLzwvYJgJ9Teg,time,3,2.6875,29,9722.89,24764,1312.2653872847095,7.40923977677839,early,0.7285630717589601,15,13,none,0
PyuikiggdYs,UC45mrEqnoknLzwvYJgJ9Teg,time,5,4.6875,29,11897.93,24764,1441.0652010249735,8.256347222890797,likely,0.7420286757805977,15,13,none,0
PyuikiggdYs,UC45mrEqnoknLzwvYJgJ9Teg,time,7,6.6875,29,16234.49,24764,1452.9999999999995,11.17308233160152,likely,0.7660603819208838,15,12,none,0
PyuikiggdYs,UC45mrEqnoknLzwvYJgJ9Teg,time,14,13.6875,29,22347.97,24764,1452.9999999999995,15.38057465573747,confirmed,0.7760155882946546,15,10,none,0
P_Q77OpMFlg,UCnpWedLQdHpZqhgTLdB9Yyg,heldout,2,2.8956,30,71399.13,90986,64103.426171023886,1.1138114957728689,early,,15,15,none,0
P_Q77OpMFlg,UCnpWedLQdHpZqhgTLdB9Yyg,heldout,3,2.8956,30,71399.13,90986,64103.426171023886,1.1138114957728689,early,,15,15,none,0
P_Q77OpMFlg,UCnpWedLQdHpZqhgTLdB9Yyg,heldout,7,7.8956,30,77283.56,90986,66134.14562313541,1.1685878432919905,confirmed,0.3658365908943555,15,15,none,0
P_Q77OpMFlg,UCnpWedLQdHpZqhgTLdB9Yyg,heldout,14,13.8956,30,87927.19,90986,69690.67662512853,1.2616779421822992,confirmed,0.38284915378719625,15,13,none,0
0etReI-mcpY,UCeHFOIlukVFTT8-lhB_Zqfw,heldout,14,13.8542,29,1799.64,1964,1302.053504986741,1.3821555664894905,confirmed,0.1739394539572278,13,13,none,0
DvMA-1sBhpU,UCll3zdukvI1oWlG-F13UCZw,heldout,1,1.0299,31,12921.50,13701,1462.3689203946592,8.836002676403458,early,,15,15,none,0
DvMA-1sBhpU,UCll3zdukvI1oWlG-F13UCZw,heldout,2,1.0299,31,12921.50,13701,1462.3689203946592,8.836002676403458,early,,15,15,none,0
DvMA-1sBhpU,UCll3zdukvI1oWlG-F13UCZw,heldout,14,16.0299,31,15252.56,13701,1302.107601011155,11.713748898851309,confirmed,0.42858182805120565,15,13,none,0
nyaUwkTo7cg,UCP0f9FXZ4g-MxAqSUreHpCw,time,1,0.8131,27,118219.31,299625,113803.00000000003,1.0388066396244107,early,,15,13,none,0
nyaUwkTo7cg,UCP0f9FXZ4g-MxAqSUreHpCw,time,2,1.8131,27,179681.47,299625,113803.00000000003,1.5788816967504413,early,1.1415912352754618,15,13,none,0
nyaUwkTo7cg,UCP0f9FXZ4g-MxAqSUreHpCw,time,3,2.8131,27,195844.72,299625,113803.00000000003,1.720909973957293,early,0.9747143065854387,15,13,none,0
nyaUwkTo7cg,UCP0f9FXZ4g-MxAqSUreHpCw,time,5,4.8131,27,229240.51,299625,113803.00000000003,2.014362589327622,likely,0.8752431834960138,15,13,none,0
nyaUwkTo7cg,UCP0f9FXZ4g-MxAqSUreHpCw,time,7,7.8131,27,255653.96,299625,113803.00000000003,2.2464606440946446,confirmed,0.7853982034733646,15,13,none,0
nyaUwkTo7cg,UCP0f9FXZ4g-MxAqSUreHpCw,time,14,12.8131,27,284442.05,299625,113803.00000000003,2.4994249105750566,confirmed,0.7659414858445253,15,12,none,0
IBnLsKOhpyU,UCsvqVGtbbyHaMoevxPAq9Fg,time,14,13.6484,29,8140.61,7987,5486.201803352382,1.483833502631146,confirmed,0.027587663462645223,15,15,none,0
woMQaKshRmU,UCHQ4lSaKRap5HyrpitrTOhQ,time,5,4.8737,28,26734.67,32750,6941.637673903038,3.851349011637544,likely,,10,10,none,0
woMQaKshRmU,UCHQ4lSaKRap5HyrpitrTOhQ,time,7,6.8737,28,28530.45,32750,6874.8970194872545,4.1499459927755,likely,0.4582932165675529,15,15,none,0
woMQaKshRmU,UCHQ4lSaKRap5HyrpitrTOhQ,time,14,12.8737,28,31158.28,32750,6701.7621521756355,4.649267387147007,confirmed,0.3546075276912044,15,15,none,0
3d6lsn49-jE,UC9TwYQOO9mAxoF4v8ZioySg,time,5,4.8021,28,34367.12,62838,42027.57297469994,0.8177280304620107,likely,,15,14,none,0
3d6lsn49-jE,UC9TwYQOO9mAxoF4v8ZioySg,time,7,6.8021,28,40331.19,62838,43698.40289499513,0.9229442010883846,likely,0.5101132485612294,15,13,none,0
3d6lsn49-jE,UC9TwYQOO9mAxoF4v8ZioySg,time,14,12.8021,28,49712.73,62838,46290.01015013123,1.07394086885273,confirmed,0.5081372211323978,15,11,none,0
miUNy3YKx60,UC-mP1nlk0qOutA08zuQHORA,heldout,0.5,0.6979,30,1252846.93,1190116,652377.3100038273,1.920433028385049,early,,14,13,none,0
miUNy3YKx60,UC-mP1nlk0qOutA08zuQHORA,heldout,1,0.6979,30,1252846.93,1190116,652377.3100038273,1.920433028385049,early,,14,13,none,0
miUNy3YKx60,UC-mP1nlk0qOutA08zuQHORA,heldout,7,7.6979,30,1144318.89,1190116,718015.1463177619,1.593725274399115,confirmed,0.39900586362230234,15,13,none,0
miUNy3YKx60,UC-mP1nlk0qOutA08zuQHORA,heldout,14,13.6979,30,1271365.26,1190116,723381.9776432371,1.7575296314720932,confirmed,0.36554310213871904,15,12,none,0
KCm4ykDlazE,UCQZh7dlICtR6CPtB9R_ZzYA,heldout,1,0.8745,29,156718.19,669422,11539.069121084969,13.581527547164688,early,,14,14,none,0
KCm4ykDlazE,UCQZh7dlICtR6CPtB9R_ZzYA,heldout,3,3.8745,29,804209.09,669422,69756.17721265978,11.52885841322964,likely,1.8325652976138918,15,15,none,0
KCm4ykDlazE,UCQZh7dlICtR6CPtB9R_ZzYA,heldout,5,4.8745,29,789450.39,669422,71012.40092120126,11.117077921855488,likely,1.6375003290919499,15,14,none,0
KCm4ykDlazE,UCQZh7dlICtR6CPtB9R_ZzYA,heldout,7,5.8745,29,845453.48,669422,72612.27410234042,11.643396302790913,likely,1.4921523596053456,15,14,none,0
KCm4ykDlazE,UCQZh7dlICtR6CPtB9R_ZzYA,heldout,14,13.8745,29,755933.21,669422,78278.49354566124,9.656971925464788,confirmed,1.060673329693797,15,13,none,0
0tAnnZ0U0fA,UCGpsgNbzdF7BECCVbB1COHw,time,14,13.0633,27,6258.23,6086,9134.695608924047,0.6851056167186401,confirmed,0.24960776907929683,15,15,none,0
jTdxmKB2EtM,UCiDJtJKMICpb9B1qf7qjEOA,time,1,0.9158,29,120644.68,108461,66348.53839245532,1.8183471428059979,early,,14,14,none,0
jTdxmKB2EtM,UCiDJtJKMICpb9B1qf7qjEOA,time,2,1.9158,29,107713.05,108461,83065.54906280676,1.2967235114195488,early,0.5129646351100225,15,15,none,0
jTdxmKB2EtM,UCiDJtJKMICpb9B1qf7qjEOA,time,3,2.9158,29,94666.47,108461,81351.29736054438,1.1636749521806862,early,0.4159242223380188,15,15,none,0
jTdxmKB2EtM,UCiDJtJKMICpb9B1qf7qjEOA,time,5,4.9158,29,108973.33,108461,78626.10636263044,1.3859687492970398,likely,0.398526984215395,15,15,none,0
jTdxmKB2EtM,UCiDJtJKMICpb9B1qf7qjEOA,time,7,6.9158,29,107283.23,108461,77255.13912582748,1.388687241543195,likely,0.3673498410866593,15,15,none,0
jTdxmKB2EtM,UCiDJtJKMICpb9B1qf7qjEOA,time,14,13.9158,29,108965.99,108461,78239.8909902475,1.392716590310711,confirmed,0.3224933317900564,15,15,none,0
qoLS2ooaX1Q,UCMPaviJxybo1RTdzvYcU91A,time,14,14.1666,29,602.78,565,2138.5983220236403,0.28185663895761826,confirmed,0.6615062814949844,15,12,none,0
Myd7c7yScbY,UC2qUDKqTsz00csykCYgdLuA,time,14,13.7497,28,2992.53,2928,5683.999999999995,0.5264834088847963,confirmed,0.26896372016232095,15,14,none,0
3sTKc5JBknQ,UC682ktH2UsgNdCjl83TpDWg,time,14,12.9165,27,41.34,43,85.393922310458,0.48409337026823174,confirmed,0.10427446629840677,15,15,none,0
gp-61iLh08w,UCpXipTyhIY9kprpvVd-lu0A,heldout,14,14.9270,31,19941.76,19925,55206.4379196365,0.3612215650972774,confirmed,0.060798537066584536,15,14,none,0
lTcMzAGSJZQ,UCI8gcSTo1FowsRJdilsjsZw,time,1,0.9238,28,19127.56,17184,38705.382266247856,0.49418351285206147,early,,13,13,none,0
lTcMzAGSJZQ,UCI8gcSTo1FowsRJdilsjsZw,time,2,1.9238,28,17623.89,17184,37809.752520423826,0.46612009194138365,early,0.5899683232429468,15,15,none,0
lTcMzAGSJZQ,UCI8gcSTo1FowsRJdilsjsZw,time,3,2.9238,28,18538.71,17184,34990.095037875835,0.5298273345676839,early,0.4996916522474688,15,15,none,0
lTcMzAGSJZQ,UCI8gcSTo1FowsRJdilsjsZw,time,5,4.9238,28,15452.92,17184,34653.71783074428,0.445923805849942,likely,0.36419499501875846,15,15,none,0
lTcMzAGSJZQ,UCI8gcSTo1FowsRJdilsjsZw,time,7,6.9238,28,17878.00,17184,34945.04835352345,0.5116032459739713,likely,0.40335814962046934,15,15,none,0
lTcMzAGSJZQ,UCI8gcSTo1FowsRJdilsjsZw,time,14,13.9238,28,18744.98,17184,34753.04821936383,0.5393765412762851,confirmed,0.34203781137567396,15,15,none,0
b3EugpoXF5I,UC8jRs1LfVO5vsrSk-YRu5ZA,time,5,6.9687,27,1994.70,1602,,,insufficient,,0,0,none,0
b3EugpoXF5I,UC8jRs1LfVO5vsrSk-YRu5ZA,time,7,6.9687,27,1994.70,1602,,,insufficient,,0,0,none,0
b3EugpoXF5I,UC8jRs1LfVO5vsrSk-YRu5ZA,time,14,12.9687,27,1645.28,1602,2769.80532471032,0.594004757323318,confirmed,0.00897524472848579,15,11,none,0
098ep9xrxSQ,UCGb34D3ThpmjLNn-FLv2_yQ,time,7,7.5417,27,1113.21,929,2868.552942786044,0.3880721950116611,confirmed,,15,15,none,0
098ep9xrxSQ,UCGb34D3ThpmjLNn-FLv2_yQ,time,14,12.5417,27,935.29,929,2868.999999999999,0.3259974001810937,confirmed,0.05094852645803852,15,11,none,0
dTvXLJdH4IE,UC6ITJIW6jgrrP5irR7WoHrw,time,5,6.9573,27,11701.25,13487,12625.70319108151,0.926780222495811,likely,,15,14,none,0
dTvXLJdH4IE,UC6ITJIW6jgrrP5irR7WoHrw,time,7,6.9573,27,11701.25,13487,12625.70319108151,0.926780222495811,likely,,15,14,none,0
dTvXLJdH4IE,UC6ITJIW6jgrrP5irR7WoHrw,time,14,14.9573,27,14002.36,13487,13069.999999999989,1.0713357226271503,confirmed,0.36563553588902953,15,12,none,0
NeC2f0FIS_Y,UCgdHSFcXvkN6O3NXvif0-pA,time,5,6.9481,29,1439.36,1377,,,insufficient,,0,0,none,0
NeC2f0FIS_Y,UCgdHSFcXvkN6O3NXvif0-pA,time,7,6.9481,29,1439.36,1377,,,insufficient,,0,0,none,0
NeC2f0FIS_Y,UCgdHSFcXvkN6O3NXvif0-pA,time,14,13.9481,29,1386.93,1377,,,insufficient,0.1755034350318372,0,0,none,0
fhjbxVgm208,UCso1B56GyEtnhn2OPENKXoQ,time,14,13.1738,27,102.00,94,173.3328809153789,0.5884671346183838,confirmed,,12,12,none,0
dl1-_VhkoNg,UCoNdHj3AnsFD8IjLCxm4EFw,heldout,7,8.8716,30,2511.01,2201,3249.7647555012218,0.772674111566145,confirmed,,12,12,none,0
NB_u7v_9ebM,UCqXT5lnIuR8vCQbD9-gkWnA,time,14,14.9752,27,718.99,695,1446.6719816401487,0.4969940264073938,confirmed,0.21068316230289577,15,14,none,0
nB280m0HBe0,UCrzICdOsXhtn4zMlk4bnTIg,time,14,12.6249,28,5152.13,5396,2608.000000000001,1.9755081583641498,confirmed,0.3095605795738727,15,7,none,0
X1c1Xp45U1E,UC6QNjBn6KMq5-pe3OE11zZg,time,0.5,0.6120,27,4952.99,21937,10811.000000000007,0.4581434385028784,early,,15,9,none,0
X1c1Xp45U1E,UC6QNjBn6KMq5-pe3OE11zZg,time,1,0.6120,27,4952.99,21937,10811.000000000007,0.4581434385028784,early,,15,9,none,0
X1c1Xp45U1E,UC6QNjBn6KMq5-pe3OE11zZg,time,2,2.6120,27,40348.79,21937,10811.000000000007,3.7321975511302137,early,3.117143217034386,15,9,none,0
X1c1Xp45U1E,UC6QNjBn6KMq5-pe3OE11zZg,time,3,2.6120,27,40348.79,21937,10811.000000000007,3.7321975511302137,early,3.117143217034386,15,9,none,0
X1c1Xp45U1E,UC6QNjBn6KMq5-pe3OE11zZg,time,5,4.6120,27,34758.15,21937,10811.000000000007,3.2150728025527195,likely,2.04525859024282,15,8,none,0
X1c1Xp45U1E,UC6QNjBn6KMq5-pe3OE11zZg,time,7,6.6120,27,32094.26,21937,10811.000000000007,2.9686674745775616,likely,1.6590235673604514,15,7,none,0
X1c1Xp45U1E,UC6QNjBn6KMq5-pe3OE11zZg,time,14,13.6120,27,26213.99,21937,10811.000000000007,2.424751376130993,confirmed,1.1945461644296078,15,5,none,0
bB_0_F7fLJw,UChFahjDeMBV67DSXiF5pwBA,time,14,13.7912,29,49071.97,50330,44987.03065137884,1.0908024969770533,confirmed,0.5907593535762363,15,14,none,0
0TLvesx0Q68,UCEuQ7YIThAps6wERHfsY7fQ,heldout,14,14.9688,30,19872.40,20855,12269.188080103748,1.6196995149209776,confirmed,,10,8,none,0
nLy2Oo7_hnk,UCHqH3S3G4wvIvGoRz4xWGqQ,heldout,3,3.9370,28,2292.66,2134,1526.6776270038772,1.501732757571513,likely,,15,15,none,0
nLy2Oo7_hnk,UCHqH3S3G4wvIvGoRz4xWGqQ,heldout,5,3.9370,28,2292.66,2134,1526.6776270038772,1.501732757571513,likely,,15,15,none,0
KA5MUJzQYrM,UCPAt6z5uX_c5Eo_cSNROzYw,time,14,13.6457,29,1421.02,1410,10452.527079502957,0.1359494648728071,confirmed,0.020586759789967567,15,15,none,0
8rnAL2zvSLY,UCGwAh9NT7iHZlw4zrBueyIw,time,1,1.0035,28,3205.15,2375,4438.287834833174,0.7221582132583317,early,,15,14,none,0
8rnAL2zvSLY,UCGwAh9NT7iHZlw4zrBueyIw,time,2,2.0035,28,1905.29,2375,4416.88517084945,0.431364505059273,early,0.27811852214874755,15,14,none,0
8rnAL2zvSLY,UCGwAh9NT7iHZlw4zrBueyIw,time,3,3.0035,28,1725.24,2375,4415.2158898952475,0.39074760741793757,likely,0.21211523277807678,15,14,none,0
8rnAL2zvSLY,UCGwAh9NT7iHZlw4zrBueyIw,time,5,5.0035,28,2341.59,2375,4387.619917455486,0.5336801108398934,likely,0.2815665937892263,15,13,none,0
8rnAL2zvSLY,UCGwAh9NT7iHZlw4zrBueyIw,time,7,7.0035,28,2316.39,2375,4361.629667424072,0.5310836564298594,confirmed,0.2847754389914665,15,12,none,0
8rnAL2zvSLY,UCGwAh9NT7iHZlw4zrBueyIw,time,14,13.0035,28,2357.60,2375,4352.791938932335,0.5416294372392535,confirmed,0.25022722181715806,15,9,none,0
vhkqtvrnjE4,UC4AkVj-qnJxNtKuz3rkq16A,time,14,13.8738,28,4414.97,4464,6265.091596024586,0.704692947059589,confirmed,0.06911789293036615,15,11,none,0
rY7035hs9g0,UCat0LyGytYMwfZEPbO_rOrA,time,14,13.0462,28,727.56,714,2413.2651825287253,0.30148361743960117,confirmed,0.027802088364086364,15,15,none,0
i4TkaesMBtM,UCIp9sEZiv36cDG7cEnrVU7Q,time,1,0.9682,30,11833.09,29613,11122.503977894678,1.0638873730472118,early,,15,14,none,0
i4TkaesMBtM,UCIp9sEZiv36cDG7cEnrVU7Q,time,2,1.9682,30,14953.32,29613,11208.894019876367,1.3340581498401376,early,0.9791640330906665,15,14,none,0
i4TkaesMBtM,UCIp9sEZiv36cDG7cEnrVU7Q,time,3,3.9682,30,18683.78,29613,11136.989323167438,1.6776333662376128,likely,0.8295671035772534,15,13,none,0
i4TkaesMBtM,UCIp9sEZiv36cDG7cEnrVU7Q,time,5,4.9682,30,21859.78,29613,11070.224519709049,1.9746460925705962,likely,0.7818343958101098,15,13,none,0
i4TkaesMBtM,UCIp9sEZiv36cDG7cEnrVU7Q,time,7,6.9682,30,22885.62,29613,10946.625401190535,2.090655512223853,likely,0.7511955271608174,15,13,none,0
i4TkaesMBtM,UCIp9sEZiv36cDG7cEnrVU7Q,time,14,13.9682,30,32105.32,29613,10736.725216863995,2.990233923817959,confirmed,0.7729595719643761,15,12,none,0
RBuvKF56k4E,UCKegeYEy0lJxpkjWRthaRMw,time,14,13.0411,27,7193.13,7235,15318.000000000002,0.4695868638996601,confirmed,0.15828064949052142,15,13,none,0
EHFWNNJCFTw,UCkr6cLAnZiz5NH0NzjNK8rg,time,0.5,0.6595,27,43012.35,24890,113556.45878218263,0.37877500335889747,early,,14,14,none,0
EHFWNNJCFTw,UCkr6cLAnZiz5NH0NzjNK8rg,time,1,0.6595,27,43012.35,24890,113556.45878218263,0.37877500335889747,early,,14,14,none,0
EHFWNNJCFTw,UCkr6cLAnZiz5NH0NzjNK8rg,time,2,1.6595,27,37065.33,24890,102061.91103670624,0.36316511528716106,early,0.6020428959546252,15,15,none,0
EHFWNNJCFTw,UCkr6cLAnZiz5NH0NzjNK8rg,time,3,2.6595,27,31833.70,24890,96996.25977967696,0.3281951305183738,early,0.4334518991713218,15,13,none,0
EHFWNNJCFTw,UCkr6cLAnZiz5NH0NzjNK8rg,time,5,4.6595,27,30207.35,24890,88948.98991856034,0.33960312383948194,likely,0.30440421753880775,15,13,none,0
EHFWNNJCFTw,UCkr6cLAnZiz5NH0NzjNK8rg,time,7,6.6595,27,28709.03,24890,85692.29935100331,0.3350245746385846,likely,0.25243545816920543,15,13,none,0
EHFWNNJCFTw,UCkr6cLAnZiz5NH0NzjNK8rg,time,14,12.6595,27,25629.70,24890,81292.36658047972,0.31527809041210847,confirmed,0.1954094218271255,15,8,none,0
Ez-uqo8kIU0,UCJS9pqu9BzkAMNTmzNMNhvg,time,14,12.8110,27,2387.08,2412,2060.479959092207,1.1585088221765583,confirmed,0.3630879646497359,15,11,none,0
xmQLP2dZLT4,UC4PIiYewI1YGyiZvgNlJNrA,time,0.5,0.5375,29,115503.70,133402,161351.1626677652,0.7158528943498043,early,,15,13,none,0
xmQLP2dZLT4,UC4PIiYewI1YGyiZvgNlJNrA,time,1,0.5375,29,115503.70,133402,161351.1626677652,0.7158528943498043,early,,15,13,none,0
xmQLP2dZLT4,UC4PIiYewI1YGyiZvgNlJNrA,time,2,1.5375,29,152988.40,133402,161771.50122761817,0.9457067237297746,early,1.057247580158903,15,13,none,0
xmQLP2dZLT4,UC4PIiYewI1YGyiZvgNlJNrA,time,3,2.5375,29,133548.46,133402,163557.9580481721,0.8165207262304275,early,0.7535036212802342,15,12,none,0
xmQLP2dZLT4,UC4PIiYewI1YGyiZvgNlJNrA,time,5,4.5375,29,141314.15,133402,164368.70948504962,0.8597387862735552,likely,0.6443759757634359,15,11,none,0
xmQLP2dZLT4,UC4PIiYewI1YGyiZvgNlJNrA,time,7,6.5375,29,126156.38,133402,165346.72217402767,0.7629808505210007,likely,0.5975442585362389,15,11,none,0
xmQLP2dZLT4,UC4PIiYewI1YGyiZvgNlJNrA,time,14,13.5375,29,156381.94,133402,175340.7879984271,0.8918743092030424,confirmed,0.530881378469967,15,10,none,0
Y_qcWAmmwVU,UCI8gcSTo1FowsRJdilsjsZw,time,1,0.8075,29,47067.00,24615,36328.95648272043,1.2955780413039664,early,,13,13,none,0
Y_qcWAmmwVU,UCI8gcSTo1FowsRJdilsjsZw,time,2,1.8075,29,38903.63,24615,38705.382266247856,1.0051220463322477,early,0.550157814913589,14,14,none,0
Y_qcWAmmwVU,UCI8gcSTo1FowsRJdilsjsZw,time,3,2.8075,29,32504.49,24615,35082.489114815195,0.9265160055237546,early,0.3671681967372295,15,15,none,0
Y_qcWAmmwVU,UCI8gcSTo1FowsRJdilsjsZw,time,5,4.8075,29,30676.45,24615,34986.446263971106,0.8768094058435651,likely,0.25597717121092356,15,15,none,0
Y_qcWAmmwVU,UCI8gcSTo1FowsRJdilsjsZw,time,7,6.8075,29,26466.51,24615,34484.29733557123,0.7674945083178388,likely,0.21182668702033539,15,15,none,0
Y_qcWAmmwVU,UCI8gcSTo1FowsRJdilsjsZw,time,14,13.8075,29,26513.47,24615,34753.04821936383,0.7629107035851489,confirmed,0.15405135965751157,15,15,none,0
yqCZ1ii2Jk8,UC5_SBQbLA9Kg7Jh5GpXoP3g,time,1,0.8320,28,175.94,286,,,insufficient,,1,1,none,0
yqCZ1ii2Jk8,UC5_SBQbLA9Kg7Jh5GpXoP3g,time,2,2.8320,28,427.94,286,116.86647744873812,3.6618279197302965,early,1.5023246457998656,15,15,none,0
yqCZ1ii2Jk8,UC5_SBQbLA9Kg7Jh5GpXoP3g,time,3,2.8320,28,427.94,286,116.86647744873812,3.6618279197302965,early,1.5023246457998656,15,15,none,0
yqCZ1ii2Jk8,UC5_SBQbLA9Kg7Jh5GpXoP3g,time,5,4.8320,28,412.06,286,101.65739621540256,4.053434703507355,likely,1.0436764534744547,15,15,none,0
yqCZ1ii2Jk8,UC5_SBQbLA9Kg7Jh5GpXoP3g,time,7,6.8320,28,386.85,286,106.36691267523697,3.6368926545348352,likely,0.8828643777956506,15,15,none,0
yqCZ1ii2Jk8,UC5_SBQbLA9Kg7Jh5GpXoP3g,time,14,13.8320,28,320.38,286,134.4493547113694,2.3829357719936217,confirmed,0.6425185750340525,15,15,none,0
GFTDR8_q63M,UCN7dywl5wDxTu1RM3eJ_h9Q,time,5,4.9164,29,55242.49,148282,5726.04747937672,9.647578790968005,likely,,8,8,none,0
GFTDR8_q63M,UCN7dywl5wDxTu1RM3eJ_h9Q,time,7,6.9164,29,65173.91,148282,5975.999999999996,10.905942920140273,likely,0.537022343476069,15,14,none,0
GFTDR8_q63M,UCN7dywl5wDxTu1RM3eJ_h9Q,time,14,13.9164,29,107561.71,148282,6063.396341139827,17.739514270813455,confirmed,0.7975576299254676,15,13,none,0
FqmKVqaLsWM,UCKU0u3VbuYn0wD3CUr-Yn6A,time,5,6.9579,27,3887.40,3651,8493.695048934624,0.45768122476605816,likely,,15,14,none,0
FqmKVqaLsWM,UCKU0u3VbuYn0wD3CUr-Yn6A,time,7,6.9579,27,3887.40,3651,8493.695048934624,0.45768122476605816,likely,,15,14,none,0
FqmKVqaLsWM,UCKU0u3VbuYn0wD3CUr-Yn6A,time,14,14.9579,27,3713.32,3651,8695.539286070463,0.42703731807722045,confirmed,0.14680934302265683,15,12,none,0
PFwcTjurk30,UCDEs0NoYs8QTTA6YLBrsqGg,heldout,1,1.7497,30,46605.25,182108,320679.3515043071,0.14533287957523697,early,,7,7,none,0
PFwcTjurk30,UCDEs0NoYs8QTTA6YLBrsqGg,heldout,2,1.7497,30,46605.25,182108,320679.3515043071,0.14533287957523697,early,,7,7,none,0
PFwcTjurk30,UCDEs0NoYs8QTTA6YLBrsqGg,heldout,3,2.7497,30,98630.61,182108,320679.3515043071,0.3075676911519513,early,1.983219205541785,7,7,none,0
PFwcTjurk30,UCDEs0NoYs8QTTA6YLBrsqGg,heldout,5,4.7497,30,145073.66,182108,321069.2740225708,0.45184534661817677,likely,1.5436661511599172,7,7,none,0
PFwcTjurk30,UCDEs0NoYs8QTTA6YLBrsqGg,heldout,7,6.7497,30,151475.84,182108,321069.2740225708,0.4717855401747984,likely,1.273097698947045,7,7,none,0
PFwcTjurk30,UCDEs0NoYs8QTTA6YLBrsqGg,heldout,14,13.7497,30,176154.31,182108,330018.7550530903,0.5337706092446508,confirmed,1.0237904512396665,7,7,none,0
sI0SygjRExI,UC3KNWfcAsfHDqIzHExknhFQ,time,5,6.6374,27,105.78,179,,,insufficient,,1,1,none,0
sI0SygjRExI,UC3KNWfcAsfHDqIzHExknhFQ,time,7,6.6374,27,105.78,179,,,insufficient,,1,1,none,0
sI0SygjRExI,UC3KNWfcAsfHDqIzHExknhFQ,time,14,13.6374,27,157.03,179,,,insufficient,0.5986949124301848,1,1,none,0
yO4Y45LGVvE,UCsvqVGtbbyHaMoevxPAq9Fg,time,7,7.9368,27,1523.73,1549,2945.262098798142,0.5173501191438127,confirmed,,15,15,none,0
yO4Y45LGVvE,UCsvqVGtbbyHaMoevxPAq9Fg,time,14,12.9368,27,1529.29,1549,3040.3067865209377,0.5030059133881025,confirmed,0.2729043147463805,15,15,none,0
2RIW9Un55aI,UCVS6ejD9NLZvjsvhcbiDzjw,time,7,7.7961,29,27430.95,24391,44839.832718943995,0.6117540307996936,confirmed,,15,14,none,0
2RIW9Un55aI,UCVS6ejD9NLZvjsvhcbiDzjw,time,14,13.7961,29,23894.76,24391,44721.59134070162,0.5343003646366905,confirmed,0.11462510866107437,15,13,none,0
Lz4UD7Uyor8,UC1J4DKcJXENzC-FkyMU6dow,time,7,8.5066,27,39526.36,44313,54238.90187976866,0.7287455025544007,confirmed,,13,13,none,0
Lz4UD7Uyor8,UC1J4DKcJXENzC-FkyMU6dow,time,14,13.5066,27,32670.95,44313,56628.52619053711,0.5769345638662209,confirmed,0.016901222591957994,15,11,none,0
HccuMt_GNmk,UC3lJL1pUvQ2Ih2qZ-4ozrLw,time,5,6.9788,27,104.52,115,,,insufficient,,1,1,none,0
HccuMt_GNmk,UC3lJL1pUvQ2Ih2qZ-4ozrLw,time,7,6.9788,27,104.52,115,,,insufficient,,1,1,none,0
HccuMt_GNmk,UC3lJL1pUvQ2Ih2qZ-4ozrLw,time,14,14.9788,27,108.60,115,3605.2098824589148,0.030121804235744384,confirmed,0.22444344155127957,12,12,none,0
qwOO7WVPYWE,UClPWZq1CXsdOE9GlD6qIcZA,time,1,0.9988,29,1676.75,5098,5458.7340281588895,0.3071682965319463,early,,15,12,none,0
qwOO7WVPYWE,UClPWZq1CXsdOE9GlD6qIcZA,time,2,1.9988,29,2132.42,5098,5515.171823194139,0.3866461881345997,early,0.8015836411266428,15,12,none,0
qwOO7WVPYWE,UClPWZq1CXsdOE9GlD6qIcZA,time,3,2.9988,29,2048.41,5098,5558.766534469091,0.36850008059249023,early,0.7879283326186983,15,12,none,0
qwOO7WVPYWE,UClPWZq1CXsdOE9GlD6qIcZA,time,5,4.9988,29,2899.35,5098,5695.550818589029,0.5090548173154716,likely,0.760682715463327,15,12,none,0
qwOO7WVPYWE,UClPWZq1CXsdOE9GlD6qIcZA,time,7,6.9988,29,3479.98,5098,5812.20654133987,0.5987364637600848,likely,0.8334606658029388,15,12,none,0
qwOO7WVPYWE,UClPWZq1CXsdOE9GlD6qIcZA,time,14,12.9988,29,4269.61,5098,5976.999999999995,0.7143398827043855,confirmed,0.7774591342712802,15,11,none,0
pFxmj3nAKew,UCyO9K3_tU2OTrNljdHm7L_g,time,14,14.0406,29,3688.66,3815,3007.7944920023556,1.226365662601799,confirmed,,15,14,none,0
8iZl4ZzhW3E,UCa09am-cOsC-FSgr_nLkFFA,time,1,1.8708,27,67952.36,64324,100582.43923006422,0.6755886697271463,early,,15,14,none,0
8iZl4ZzhW3E,UCa09am-cOsC-FSgr_nLkFFA,time,2,1.8708,27,67952.36,64324,100582.43923006422,0.6755886697271463,early,,15,14,none,0
8iZl4ZzhW3E,UCa09am-cOsC-FSgr_nLkFFA,time,3,2.8708,27,56945.52,64324,100582.43923006422,0.5661576851186837,early,0.37708799402295784,15,14,none,0
8iZl4ZzhW3E,UCa09am-cOsC-FSgr_nLkFFA,time,5,4.8708,27,59615.71,64324,100582.43923006422,0.5927049506232311,likely,0.33776314759153625,15,14,none,0
8iZl4ZzhW3E,UCa09am-cOsC-FSgr_nLkFFA,time,7,6.8708,27,66388.78,64324,101338.36664753646,0.6551198503022652,likely,0.3617523555431033,15,14,none,0
8iZl4ZzhW3E,UCa09am-cOsC-FSgr_nLkFFA,time,14,12.8708,27,66075.28,64324,102451.00000000003,0.6449451833207136,confirmed,0.3080477693316087,15,13,none,0
YhjqyX69Eto,UC1CVzH-XVr3E-kTT6D8hhfg,time,1,0.9160,29,21604.70,25623,46436.27283632351,0.46525487596341875,early,,15,8,none,0
YhjqyX69Eto,UC1CVzH-XVr3E-kTT6D8hhfg,time,2,1.9160,29,25226.11,25623,46436.474272943866,0.5432390617802751,early,0.7696207518082275,15,8,none,0
YhjqyX69Eto,UC1CVzH-XVr3E-kTT6D8hhfg,time,3,2.9160,29,21785.88,25623,46531.63294889165,0.4681949963334614,early,0.5536781246815744,15,7,none,0
YhjqyX69Eto,UC1CVzH-XVr3E-kTT6D8hhfg,time,5,4.9160,29,20011.49,25623,45957.360144752965,0.4354360617663335,likely,0.49586715619230554,15,7,none,0
YhjqyX69Eto,UC1CVzH-XVr3E-kTT6D8hhfg,time,7,6.9160,29,22156.59,25623,44750.46466308806,0.49511427261280344,likely,0.44898030717841986,15,7,none,0
YhjqyX69Eto,UC1CVzH-XVr3E-kTT6D8hhfg,time,14,13.9160,29,25153.73,25623,42762.30247580272,0.5882221616129233,confirmed,0.43482664259043924,15,4,none,0
SpH5EJEiRnU,UC6BW8DqrAmBEIeCtMa4bfBw,time,14,13.3266,28,4474.73,4100,3758.3577048786874,1.1906068760661488,confirmed,,15,15,none,0
uzggnC5Jwts,UCznv7Vf9nBdJYvBagFdAHWw,time,5,6.5591,28,9643.58,11856,38977.37377187568,0.24741493964971925,likely,,15,14,none,0
uzggnC5Jwts,UCznv7Vf9nBdJYvBagFdAHWw,time,7,6.5591,28,9643.58,11856,38977.37377187568,0.24741493964971925,likely,,15,14,none,0
uzggnC5Jwts,UCznv7Vf9nBdJYvBagFdAHWw,time,14,13.5591,28,12150.41,11856,38647.352210811536,0.3143917974002041,confirmed,0.4667802323613257,15,13,none,0
t-CYeO6OXrs,UCJnGicTZoqdAFpVU1Jee4Zw,heldout,0.5,0.4993,30,168.89,359,663.9999999999998,0.2543505956054123,early,,14,13,none,0
t-CYeO6OXrs,UCJnGicTZoqdAFpVU1Jee4Zw,heldout,1,0.4993,30,168.89,359,663.9999999999998,0.2543505956054123,early,,14,13,none,0
t-CYeO6OXrs,UCJnGicTZoqdAFpVU1Jee4Zw,heldout,3,3.4993,30,539.21,359,496.47982326496395,1.0860675228591412,likely,1.4360957371199046,15,13,none,0
t-CYeO6OXrs,UCJnGicTZoqdAFpVU1Jee4Zw,heldout,5,5.4993,30,531.39,359,493.63833645538807,1.0764797619533424,likely,1.1599002412616277,15,13,none,0
t-CYeO6OXrs,UCJnGicTZoqdAFpVU1Jee4Zw,heldout,7,6.4993,30,471.37,359,493.63833645538807,0.9548808801244825,likely,1.0675872012647174,15,13,none,0
t-CYeO6OXrs,UCJnGicTZoqdAFpVU1Jee4Zw,heldout,14,14.4993,30,389.22,359,492.9999999999999,0.7894926652845642,confirmed,0.7738854980599889,15,12,none,0
k7D85T_RJb4,UC0r_-7jgl1yl0oWzGEJ6o3w,time,1,0.8739,27,1572167.37,2557126,1704502.9999999998,0.9223611616353724,early,,15,13,none,0
k7D85T_RJb4,UC0r_-7jgl1yl0oWzGEJ6o3w,time,2,1.8739,27,1944775.86,2557126,1704502.9999999998,1.1409635903759439,early,0.890791052016052,15,13,none,0
k7D85T_RJb4,UC0r_-7jgl1yl0oWzGEJ6o3w,time,3,2.8739,27,1955664.51,2557126,1704502.9999999998,1.147351758302626,early,0.7293188072679765,15,13,none,0
k7D85T_RJb4,UC0r_-7jgl1yl0oWzGEJ6o3w,time,5,4.8739,27,2179528.28,2557126,1704502.9999999998,1.2786884412879813,likely,0.6724094768925076,15,13,none,0
k7D85T_RJb4,UC0r_-7jgl1yl0oWzGEJ6o3w,time,7,6.8739,27,2767180.61,2557126,1704502.9999999998,1.6234530620166343,likely,0.6661006973489736,15,13,none,0
k7D85T_RJb4,UC0r_-7jgl1yl0oWzGEJ6o3w,time,14,12.8739,27,3019668.34,2557126,1704502.9999999998,1.7715828837425287,confirmed,0.5725848152086708,15,12,none,0
132hnBjpudo,UCsLt8oYvDYGpSHcGhRBBkyw,time,14,14.1615,29,2912.58,2407,3057.649831233163,0.952556239853752,confirmed,1.1271755370610022,15,15,none,0
W6BOaobUC38,UCrwbBzP11NhxRUCRKx_BgoQ,time,14,12.9313,27,239361.28,220856,523321.2914974788,0.4573887702043507,confirmed,,15,15,none,0
YQPOeISbBJA,UCOSiQnmt9TJRTxIjyl0iO0A,time,1,0.7950,29,1684.77,1201,2364.9999999999995,0.7123773701623027,early,,15,12,none,0
YQPOeISbBJA,UCOSiQnmt9TJRTxIjyl0iO0A,time,2,1.7950,29,1898.61,1201,2364.9999999999995,0.8027941686914268,early,0.8844563249859738,15,12,none,0
YQPOeISbBJA,UCOSiQnmt9TJRTxIjyl0iO0A,time,3,2.7950,29,1650.49,1201,2364.9999999999995,0.6978835955969109,early,0.6288389080672864,15,11,none,0
YQPOeISbBJA,UCOSiQnmt9TJRTxIjyl0iO0A,time,5,4.7950,29,1495.50,1201,2335.3122609534385,0.6403845219587225,likely,0.4571974058459822,15,10,none,0
YQPOeISbBJA,UCOSiQnmt9TJRTxIjyl0iO0A,time,7,6.7950,29,1401.97,1201,2259.1039113085503,0.6205877414539706,likely,0.3804722944995025,15,9,none,0
YQPOeISbBJA,UCOSiQnmt9TJRTxIjyl0iO0A,time,14,13.7950,29,1248.92,1201,2154.1923162494422,0.5797605541764879,confirmed,0.2891369575374355,15,7,none,0
qfe5SGtQHd8,UCGb34D3ThpmjLNn-FLv2_yQ,time,14,13.5411,28,3380.47,3502,2371.8115294995114,1.4252678011184716,confirmed,0.12013176980215325,15,11,none,0
kDwpXldLRug,UCLVGBWZrAniy5r767EXaR8A,heldout,1,0.7706,30,1148.95,1030,1262.744747625275,0.9098836919455161,early,,5,4,none,0
kDwpXldLRug,UCLVGBWZrAniy5r767EXaR8A,heldout,7,7.7706,30,1044.18,1030,597.6347068664462,1.7471940687232055,confirmed,0.40426099862109915,15,14,none,0
kDwpXldLRug,UCLVGBWZrAniy5r767EXaR8A,heldout,14,13.7706,30,1012.24,1030,581.6625914167795,1.7402495606441355,confirmed,0.3465668384345594,15,13,none,0
nvszAm0e2-g,UC5r1tWnU1rYAXxXaJ56nX2Q,time,14,13.6590,27,51.41,54,57.611293111088074,0.8923689009489499,confirmed,0.46007544540070155,15,14,none,0
i1EdSmxLylU,UCfYfK0tzHZTpNFrc_NDKfTA,heldout,5,5.8749,27,1333.95,1262,1583.5390833727158,0.8423826927311984,likely,,15,15,none,0
i1EdSmxLylU,UCfYfK0tzHZTpNFrc_NDKfTA,time,5,5.8749,27,1333.95,1262,1583.5390833727158,0.8423826927311984,likely,,15,15,none,0
i1EdSmxLylU,UCfYfK0tzHZTpNFrc_NDKfTA,heldout,7,6.8749,27,1100.62,1262,1562.3984579468295,0.7044412850832098,likely,0.1486148754444381,15,15,none,0
i1EdSmxLylU,UCfYfK0tzHZTpNFrc_NDKfTA,time,7,6.8749,27,1100.62,1262,1562.3984579468295,0.7044412850832098,likely,0.1486148754444381,15,15,none,0
i1EdSmxLylU,UCfYfK0tzHZTpNFrc_NDKfTA,heldout,14,12.8749,27,1209.90,1262,1517.399571697257,0.7973490541847992,confirmed,0.18105892694824952,15,12,none,0
i1EdSmxLylU,UCfYfK0tzHZTpNFrc_NDKfTA,time,14,12.8749,27,1209.90,1262,1517.399571697257,0.7973490541847992,confirmed,0.18105892694824952,15,12,none,0
FBUPqwhKwmg,UC1LJVKQ0hp7sKyfAbKoDHMw,time,5,5.0546,27,130.54,115,78.53719503768423,1.6621302801617588,likely,,15,13,none,0
FBUPqwhKwmg,UC1LJVKQ0hp7sKyfAbKoDHMw,time,7,7.0546,27,112.15,115,80.47027703411803,1.3936932611464736,confirmed,0.21240245802721594,15,11,none,0
FBUPqwhKwmg,UC1LJVKQ0hp7sKyfAbKoDHMw,time,14,13.0546,27,116.54,115,82.61466238521395,1.4106900562568165,confirmed,0.1723990726150383,15,8,none,0
xshlLGJdX80,UC3KNWfcAsfHDqIzHExknhFQ,time,5,6.6374,28,204.00,397,,,insufficient,,2,2,none,0
xshlLGJdX80,UC3KNWfcAsfHDqIzHExknhFQ,time,7,6.6374,28,204.00,397,,,insufficient,,2,2,none,0
xshlLGJdX80,UC3KNWfcAsfHDqIzHExknhFQ,time,14,13.6374,28,321.65,397,,,insufficient,0.6913460080516339,2,2,none,0
hgpodyPrvC4,UCq3o7OGsNqJ8bap2b18p6VA,heldout,1,0.0103,30,3447.79,501,738.0876146573155,4.6712524540049465,early,,15,14,none,0
hgpodyPrvC4,UCq3o7OGsNqJ8bap2b18p6VA,heldout,14,15.0103,30,516.67,501,812.1761338858962,0.6361513856521641,confirmed,0.7597713000845998,15,14,none,0
Dt-XlIc8lgE,UCayab18rVcu2PA685_WZXig,time,14,13.7476,27,454.57,419,495.1817884138391,0.917982778006014,confirmed,,11,10,none,0
Kw9OC2uaFs0,UCuK2Mf5As9OKfWU7XV6yzCg,time,1,0.8330,29,13001.01,11656,5270.147007704304,2.4669151240546787,early,,15,11,none,0
Kw9OC2uaFs0,UCuK2Mf5As9OKfWU7XV6yzCg,time,2,1.8330,29,21641.48,11656,5246.187709393003,4.125182455958681,early,1.3605989483858616,15,11,none,0
Kw9OC2uaFs0,UCuK2Mf5As9OKfWU7XV6yzCg,time,3,3.8330,29,17775.73,11656,5185.38572154235,3.4280436618917527,likely,0.7510019860597746,15,11,none,0
Kw9OC2uaFs0,UCuK2Mf5As9OKfWU7XV6yzCg,time,5,4.8330,29,15964.34,11656,5157.747312473013,3.0952150222916233,likely,0.6486085302916049,15,11,none,0
Kw9OC2uaFs0,UCuK2Mf5As9OKfWU7XV6yzCg,time,7,6.8330,29,15256.81,11656,5103.554570986516,2.9894477078334303,likely,0.5338006017689935,15,11,none,0
Kw9OC2uaFs0,UCuK2Mf5As9OKfWU7XV6yzCg,time,14,13.8330,29,12748.69,11656,4996.661647272748,2.551441868129126,confirmed,0.395695213139707,15,10,none,0
BzJoiYVBSTQ,UCNRXCkyFGkmw_TcFMw7fBaQ,time,1,0.8747,28,40989.35,47708,69569.9336373314,0.5891819413292828,early,,6,5,none,0
BzJoiYVBSTQ,UCNRXCkyFGkmw_TcFMw7fBaQ,time,2,1.8747,28,47260.11,47708,68542.99534687572,0.6894959096287483,early,0.7265507073411251,6,5,none,0
BzJoiYVBSTQ,UCNRXCkyFGkmw_TcFMw7fBaQ,time,3,2.8747,28,47871.81,47708,67564.8901784565,0.7085308547809283,early,0.6426693706288928,6,5,none,0
BzJoiYVBSTQ,UCNRXCkyFGkmw_TcFMw7fBaQ,time,5,4.8747,28,40753.70,47708,66023.29801416206,0.6172624164581489,likely,0.47741972263381377,6,5,none,0
BzJoiYVBSTQ,UCNRXCkyFGkmw_TcFMw7fBaQ,time,7,7.8747,28,41276.35,47708,64412.516683442554,0.6408124891420117,confirmed,0.41518945904513255,6,5,none,0
BzJoiYVBSTQ,UCNRXCkyFGkmw_TcFMw7fBaQ,time,14,13.8747,28,44106.64,47708,62081.238059317526,0.7104665153597566,confirmed,0.36874457227135804,6,5,none,0
L0yG4EGiY_g,UCnjOBqS_4w-AsjyDr4bQEUg,time,1,0.9162,27,10814.36,10937,6179.000000000004,1.750180364174763,early,,15,8,none,0
L0yG4EGiY_g,UCnjOBqS_4w-AsjyDr4bQEUg,time,2,1.9162,27,10284.49,10937,6179.000000000004,1.6644264161981013,early,0.6634096500808024,15,7,none,0
L0yG4EGiY_g,UCnjOBqS_4w-AsjyDr4bQEUg,time,3,2.9162,27,10847.20,10937,6179.000000000004,1.7554945525235235,early,0.49639276948172034,15,7,none,0
L0yG4EGiY_g,UCnjOBqS_4w-AsjyDr4bQEUg,time,5,4.9162,27,10550.84,10937,6179.000000000004,1.7075322398205104,likely,0.3916009073726783,15,7,none,0
L0yG4EGiY_g,UCnjOBqS_4w-AsjyDr4bQEUg,time,7,6.9162,27,11262.91,10937,6179.000000000004,1.822772064265849,likely,0.3651897642978146,15,7,none,0
L0yG4EGiY_g,UCnjOBqS_4w-AsjyDr4bQEUg,time,14,15.9162,27,11891.35,10937,6179.000000000004,1.9244788618648248,confirmed,0.3445289994152575,15,4,none,0
zabuTOuSrtA,UC46snQOXkyWD_-4IZHnJ6Jg,heldout,1,1.7861,29,1264.40,1947,331.47202633705854,3.814511563761782,early,,14,13,none,0
zabuTOuSrtA,UC46snQOXkyWD_-4IZHnJ6Jg,heldout,2,1.7861,29,1264.40,1947,331.47202633705854,3.814511563761782,early,,14,13,none,0
zabuTOuSrtA,UC46snQOXkyWD_-4IZHnJ6Jg,heldout,3,3.7861,29,2884.35,1947,340.4367556812423,8.472495346290728,likely,1.2755961268137102,14,13,none,0
zabuTOuSrtA,UC46snQOXkyWD_-4IZHnJ6Jg,heldout,5,4.7861,29,2783.75,1947,339.51316475540057,8.199230173168642,likely,1.0842085234853347,14,13,none,0
zabuTOuSrtA,UC46snQOXkyWD_-4IZHnJ6Jg,heldout,7,6.7861,29,2717.67,1947,339.96849758265705,7.993880959955783,likely,0.8811832573911873,14,13,none,0
zabuTOuSrtA,UC46snQOXkyWD_-4IZHnJ6Jg,heldout,14,13.7861,29,2507.27,1947,345.99999999999983,7.246437383794763,confirmed,0.6270020069044775,14,12,none,0
NsKflqx9Bf0,UCr3GuyRSJO1yRwzTt5rzFWA,time,14,13.9787,29,2283.86,2561,2989.4627681203865,0.7639709041569198,confirmed,0.30767226459551233,15,13,none,0
pUZYbBF9gLU,UCcPXCoEtPJxesAXp-evqzqg,time,1,0.8228,29,3577.48,3189,5142.359352554222,0.6956876204895693,early,,15,8,none,0
pUZYbBF9gLU,UCcPXCoEtPJxesAXp-evqzqg,time,2,1.8228,29,3772.85,3189,5268.382799949126,0.7161304326192424,early,0.7438755148607382,15,8,none,0
pUZYbBF9gLU,UCcPXCoEtPJxesAXp-evqzqg,time,3,2.8228,29,3256.95,3189,5305.03534785689,0.6139364313086447,early,0.5366977493872724,15,8,none,0
pUZYbBF9gLU,UCcPXCoEtPJxesAXp-evqzqg,time,5,4.8228,29,3179.00,3189,5345.662784355865,0.5946871274092709,likely,0.42364055908452025,15,7,none,0
pUZYbBF9gLU,UCcPXCoEtPJxesAXp-evqzqg,time,7,6.8228,29,2781.39,3189,5363.579309360461,0.5185699436186512,likely,0.38723630238104384,15,6,none,0
pUZYbBF9gLU,UCcPXCoEtPJxesAXp-evqzqg,time,14,13.8228,29,3369.87,3189,5512.723853617743,0.6112887064930088,confirmed,0.3719229186834384,15,5,none,0
TVVa_4DmoXk,UCGIMKh92vaL0_Yc0u4GYhHA,time,2,2.6245,27,3595.96,3226,13647.945118684049,0.26347989714090425,early,,12,11,none,0
TVVa_4DmoXk,UCGIMKh92vaL0_Yc0u4GYhHA,time,3,2.6245,27,3595.96,3226,13647.945118684049,0.26347989714090425,early,,12,11,none,0
TVVa_4DmoXk,UCGIMKh92vaL0_Yc0u4GYhHA,time,5,4.6245,27,3451.16,3226,9787.911934592363,0.3525945614541089,likely,0.3781686286198482,15,12,none,0
TVVa_4DmoXk,UCGIMKh92vaL0_Yc0u4GYhHA,time,7,6.6245,27,3362.17,3226,9742.052903597205,0.34511882367505625,likely,0.27372271909957413,15,11,none,0
TVVa_4DmoXk,UCGIMKh92vaL0_Yc0u4GYhHA,time,14,12.6245,27,3211.55,3226,9670.999999999996,0.33208035982265494,confirmed,0.20033810177454814,15,8,none,0
yHGjW2oAP2E,UCYzz2SkhAaM0FDKuGk-IPZg,time,3,3.0830,28,40015.35,30117,10905.803419956857,3.6691796259472134,likely,,15,15,none,0
yHGjW2oAP2E,UCYzz2SkhAaM0FDKuGk-IPZg,time,5,5.0830,28,30281.07,30117,10905.803419956857,2.776601164416125,likely,0.12730962839108942,15,14,none,0
yHGjW2oAP2E,UCYzz2SkhAaM0FDKuGk-IPZg,time,7,7.0830,28,30423.68,30117,10808.88868044182,2.814690451710362,confirmed,0.13470990812843445,15,14,none,0
yHGjW2oAP2E,UCYzz2SkhAaM0FDKuGk-IPZg,time,14,13.0830,28,29559.19,30117,10653.17421967148,2.7746836720234103,confirmed,0.10105946673448708,15,13,none,0
5k3gxj2Sj2M,UCGy7EnfIC59wJNSSwt5nzdg,time,14,13.9642,28,489.86,518,332.3445135939705,1.4739607998194173,confirmed,0.029472181930096413,15,14,none,0
x82aevwtMfM,UC1pDMQF-E5YNgBgqc0MK6lQ,time,7,7.6874,27,807.20,789,1415.6311910042973,0.5702050224692191,confirmed,,13,12,none,0
x82aevwtMfM,UC1pDMQF-E5YNgBgqc0MK6lQ,time,14,13.6874,27,765.69,789,1382.2711828590961,0.5539353903065555,confirmed,0.181232267006599,15,12,none,0
npqG2OZXxek,UCFY0YHhxiIQWYYsLgeUBcbg,time,14,13.8322,28,110228.84,118352,99894.77419809735,1.1034495346740834,confirmed,0.4464088319320072,15,14,none,0
gzEc4CO2uHw,UCWZwfV3ICOt3uEPpW6hYK4g,time,7,8.8741,28,5261.28,5560,9499.025348530278,0.5538759664790397,confirmed,,15,15,none,0
gzEc4CO2uHw,UCWZwfV3ICOt3uEPpW6hYK4g,time,14,13.8741,28,5275.27,5560,9459.709934621733,0.5576571338853742,confirmed,0.293575008621047,15,15,none,0
0zJqU2JG6VI,UChISHLovxnSLP0w81NEQj5w,time,14,12.8663,27,46513.19,45115,17183.63303075176,2.706831249564863,confirmed,0.017228012287556625,15,15,none,0
nx_Ek08Jj5Q,UCc8cHxAZ3jwWkrrDyaLwDUw,time,5,6.6041,28,3541.10,3078,,,insufficient,,1,1,none,0
nx_Ek08Jj5Q,UCc8cHxAZ3jwWkrrDyaLwDUw,time,7,6.6041,28,3541.10,3078,,,insufficient,,1,1,none,0
nx_Ek08Jj5Q,UCc8cHxAZ3jwWkrrDyaLwDUw,time,14,13.6041,28,3077.66,3078,,,insufficient,0.08788618085180773,1,1,none,0
9ddgWQ8wQo0,UCpXipTyhIY9kprpvVd-lu0A,time,3,3.9270,27,25542.73,21357,59895.35050254242,0.4264559048256414,likely,,15,15,none,0
9ddgWQ8wQo0,UCpXipTyhIY9kprpvVd-lu0A,time,5,4.9270,27,19041.99,21357,59386.04762605493,0.3206475693513347,likely,0.19367711804973597,15,15,none,0
9ddgWQ8wQo0,UCpXipTyhIY9kprpvVd-lu0A,time,7,6.9270,27,22001.63,21357,58976.161946281565,0.37305964829962335,likely,0.25558644312596757,15,15,none,0
9ddgWQ8wQo0,UCpXipTyhIY9kprpvVd-lu0A,time,14,12.9270,27,21969.30,21357,57048.27688837546,0.3851001283268412,confirmed,0.21906378196469237,15,14,none,0
WjLnnmeDV1w,UCPAt6z5uX_c5Eo_cSNROzYw,time,7,8.9418,28,557.86,456,8687.509180956436,0.06421427468816389,confirmed,,15,15,none,0
WjLnnmeDV1w,UCPAt6z5uX_c5Eo_cSNROzYw,time,14,13.9418,28,461.96,456,8332.1317503471,0.055443099383111254,confirmed,0.022063101071045414,15,15,none,0
dfE7KMC9l2Y,UC2lvPVVm0Mv53QK7vdnC-rw,time,14,12.9370,27,10806.53,10838,20974.295080562315,0.5152273791004552,confirmed,,13,12,none,0
FvuTO_ZvuDM,UCGxjDWAN1KwrkXYVi8CXtjQ,heldout,5,6.9997,30,34198.33,47092,14545.647721684301,2.351104100021454,likely,,15,12,none,0
FvuTO_ZvuDM,UCGxjDWAN1KwrkXYVi8CXtjQ,heldout,7,6.9997,30,34198.33,47092,14545.647721684301,2.351104100021454,likely,,15,12,none,0
FvuTO_ZvuDM,UCGxjDWAN1KwrkXYVi8CXtjQ,heldout,14,14.9997,30,43169.65,47092,14415.051716502925,2.994762244394629,confirmed,0.44412059575934965,15,10,none,0
T0o7lz5w34o,UCGWNHkr2WZcRbxqoet-nyeg,time,14,12.7312,27,2089.91,1916,2826.1315563359253,0.7394934320183955,confirmed,,15,15,none,0
HxAnH7rR-1E,UCmu7bw5BYIeR0VDw0hJKblw,time,14,14.4273,28,182.49,215,434.26365752444923,0.42021729116624407,confirmed,0.2992140870414048,15,13,none,0
xx0jNSWZVMg,UCUnFheTbVpASikm0YPb8pSw,time,14,12.7222,27,3756.47,3438,5568.137117786108,0.6746374244648812,confirmed,0.333607003542118,15,14,none,0
vP_TFGUrbx0,UC6BW8DqrAmBEIeCtMa4bfBw,time,14,13.3478,28,15773.52,14329,3758.3577048786874,4.196918737808003,confirmed,,15,15,none,0
qUcZDThLY64,UCI0vQvr9aFn27yR6Ej6n5UA,time,5,6.0884,28,1086.76,939,1065.9999999999998,1.0194753346370358,likely,,15,13,none,0
qUcZDThLY64,UCI0vQvr9aFn27yR6Ej6n5UA,time,7,7.0884,28,965.38,939,1065.9999999999998,0.9056071360812388,confirmed,0.13057296281037717,15,13,none,0
qUcZDThLY64,UCI0vQvr9aFn27yR6Ej6n5UA,time,14,13.0884,28,937.35,939,1017.0074656906024,0.9216780646399967,confirmed,0.07239523215598995,15,12,none,0
z48MYcN-lZI,UCjB9rCM_kqa-tQj1UcwauAg,heldout,14,14.5410,31,3236.30,4058,3102.5191493649313,1.0431216641078527,confirmed,,15,13,none,0
OlAmyf8_4O4,UC8butISFwT-Wl7EV0hUK0BQ,time,5,6.9053,29,26306.41,32516,,,insufficient,,1,1,none,0
OlAmyf8_4O4,UC8butISFwT-Wl7EV0hUK0BQ,time,7,6.9053,29,26306.41,32516,,,insufficient,,1,1,none,0
OlAmyf8_4O4,UC8butISFwT-Wl7EV0hUK0BQ,time,14,13.9053,29,30657.03,32516,,,insufficient,0.35941840355559707,1,1,none,0
DEN9s1yE8wI,UCihUiDJzjyo2ov_qGtW33lw,time,14,13.1894,28,6040.22,5468,22526.000000000015,0.2681441706612059,confirmed,,15,12,none,0
aTU0C7Vnu5w,UCHXLx_WGu4zQAq4fLVurzfA,heldout,3,3.8333,29,783.25,852,4065.049333308357,0.19267831106419953,likely,,15,14,none,0
aTU0C7Vnu5w,UCHXLx_WGu4zQAq4fLVurzfA,heldout,5,3.8333,29,783.25,852,4065.049333308357,0.19267831106419953,likely,,15,14,none,0
aTU0C7Vnu5w,UCHXLx_WGu4zQAq4fLVurzfA,heldout,7,8.8333,29,867.83,852,3979.4659902200615,0.21807627807403968,confirmed,0.4581839169558994,15,14,none,0
aTU0C7Vnu5w,UCHXLx_WGu4zQAq4fLVurzfA,heldout,14,14.8333,29,868.14,852,3969.5650398263447,0.21869822849488854,confirmed,0.3439793506009257,15,13,none,0
N4-K3TmP8BQ,UCll3zdukvI1oWlG-F13UCZw,heldout,14,12.9994,29,3521.24,3216,1165.2692163108768,3.021826748094839,confirmed,,15,9,none,0
C5aK1Vji-mU,UCYNGKZuT3dj0J0bBt4qfqXQ,time,14,13.2839,28,11575.55,13071,8302.999999999996,1.3941403551031024,confirmed,0.3682600274419158,15,12,none,0
KC91DOOV4oU,UCI8gcSTo1FowsRJdilsjsZw,heldout,3,3.9996,30,113749.96,91789,45807.190994807606,2.483233594354919,likely,,15,15,none,0
KC91DOOV4oU,UCI8gcSTo1FowsRJdilsjsZw,heldout,5,3.9996,30,113749.96,91789,45807.190994807606,2.483233594354919,likely,,15,15,none,0
KC91DOOV4oU,UCI8gcSTo1FowsRJdilsjsZw,heldout,14,15.9996,30,96480.06,91789,47930.92440251654,2.0128980252088504,confirmed,0.17458916314389789,15,15,none,0
uTrWqhNtejU,UC0ArlFuFYMpEewyRBzdLHiw,heldout,14,13.8330,31,2800.69,2923,4557.4345449230905,0.6145326426074814,confirmed,0.10612758563801293,15,15,none,0
X61yahEIJoM,UC0Fh1HN4RvOw2hMk9n5PysA,time,7,8.8327,27,473.49,496,235.43172668268622,2.0111570650272683,confirmed,,4,4,none,0
X61yahEIJoM,UC0Fh1HN4RvOw2hMk9n5PysA,time,14,12.8327,27,460.13,496,429.8829566314939,1.070363756261972,confirmed,0.2607631214732419,15,14,none,0
UNMoQwNxRnk,UCxajFuHT9KGibttgRbvA4XQ,time,1,0.9992,27,1520.88,1655,10609.554255435754,0.14335028518751491,early,,15,13,none,0
UNMoQwNxRnk,UCxajFuHT9KGibttgRbvA4XQ,time,2,1.9992,27,1385.22,1655,10609.21592472196,0.13056719800587696,early,0.5803594146646771,15,13,none,0
UNMoQwNxRnk,UCxajFuHT9KGibttgRbvA4XQ,time,3,2.9992,27,1474.35,1655,10461.452793500806,0.140932142190326,early,0.5139734783695518,15,13,none,0
UNMoQwNxRnk,UCxajFuHT9KGibttgRbvA4XQ,time,5,4.9992,27,1570.27,1655,10254.285930087295,0.15313330717065288,likely,0.5305774247940558,15,13,none,0
UNMoQwNxRnk,UCxajFuHT9KGibttgRbvA4XQ,time,7,7.9992,27,1627.81,1655,9967.280532421642,0.16331538412293922,confirmed,0.4696196404033468,15,12,none,0
UNMoQwNxRnk,UCxajFuHT9KGibttgRbvA4XQ,time,14,14.9992,27,1856.07,1655,9542.366141058003,0.1945079583809301,confirmed,0.425604239360328,15,10,none,0
A5bu-OvOvos,UCC_ycdL5_Rw9b6UEmtmUE3g,time,5,6.9465,29,4415.04,4688,,,insufficient,,1,1,none,0
A5bu-OvOvos,UCC_ycdL5_Rw9b6UEmtmUE3g,time,7,6.9465,29,4415.04,4688,,,insufficient,,1,1,none,0
A5bu-OvOvos,UCC_ycdL5_Rw9b6UEmtmUE3g,time,14,13.9465,29,4552.05,4688,,,insufficient,0.2345632763296861,1,1,none,0
VQLKPautr4Y,UCUpbDOT-OVNBlaQpb9pbd2w,time,5,4.5056,28,75780.64,61220,30401.318357985598,2.4926760475001672,likely,,15,15,none,0
VQLKPautr4Y,UCUpbDOT-OVNBlaQpb9pbd2w,time,7,6.5056,28,64932.06,61220,28576.64289829278,2.272207509868144,likely,0.18700803520245757,15,15,none,0
VQLKPautr4Y,UCUpbDOT-OVNBlaQpb9pbd2w,time,14,12.5056,28,62920.50,61220,25775.76690484734,2.441071802190225,confirmed,0.09855312660054923,15,15,none,0
NfQDie3cBo4,UCuuq3lB_aWH9-bUubni59Rg,time,14,13.8745,29,752.33,717,459.3706748655653,1.6377432038641342,confirmed,0.2724422771149299,15,14,none,0
C9zWKCEaWHw,UCNMZWa1QP42jHrmmzayFEeg,time,14,13.4866,28,5847.47,5862,5674.501371050693,1.0304824402106583,confirmed,0.19146525339353346,15,15,none,0
qnd4_iC3iyE,UCPCPE5MoI7DS1WiVB_-mzNw,time,5,6.8000,28,7098.57,5675,4348.522311796386,1.6324108169574783,likely,,15,15,none,0
qnd4_iC3iyE,UCPCPE5MoI7DS1WiVB_-mzNw,time,7,6.8000,28,7098.57,5675,4348.522311796386,1.6324108169574783,likely,,15,15,none,0
qnd4_iC3iyE,UCPCPE5MoI7DS1WiVB_-mzNw,time,14,13.8000,28,5851.48,5675,4055.0365814049105,1.4430161585052477,confirmed,0.006908874909490957,15,15,none,0
BOAOyymkuJc,UCUpbDOT-OVNBlaQpb9pbd2w,time,5,4.6757,28,62381.35,46783,30401.318357985598,2.0519290571526585,likely,,15,15,none,0
BOAOyymkuJc,UCUpbDOT-OVNBlaQpb9pbd2w,time,7,6.6757,28,50887.91,46783,28576.64289829278,1.7807519764917017,likely,0.029188656987064947,15,15,none,0
BOAOyymkuJc,UCUpbDOT-OVNBlaQpb9pbd2w,time,14,13.6757,28,48183.28,46783,25485.688205370116,1.8906013131428603,confirmed,0.017002047311104797,15,15,none,0
G0-x2z4wUgg,UC0WFn9iVCx3fCa31rqAvlXA,time,5,6.6451,29,50.37,46,,,insufficient,,0,0,none,0
G0-x2z4wUgg,UC0WFn9iVCx3fCa31rqAvlXA,time,7,6.6451,29,50.37,46,,,insufficient,,0,0,none,0
G0-x2z4wUgg,UC0WFn9iVCx3fCa31rqAvlXA,time,14,13.6451,29,42.37,46,,,insufficient,0.03798621813547768,0,0,none,0
_z1GUvjMNxs,UC_e2d5wMDP2gCf8IBNFyKKg,heldout,5,6.9576,30,162.45,229,,,insufficient,,0,0,none,0
_z1GUvjMNxs,UC_e2d5wMDP2gCf8IBNFyKKg,time,5,6.9576,30,162.45,229,,,insufficient,,0,0,none,0
_z1GUvjMNxs,UC_e2d5wMDP2gCf8IBNFyKKg,heldout,7,6.9576,30,162.45,229,,,insufficient,,0,0,none,0
_z1GUvjMNxs,UC_e2d5wMDP2gCf8IBNFyKKg,time,7,6.9576,30,162.45,229,,,insufficient,,0,0,none,0
_z1GUvjMNxs,UC_e2d5wMDP2gCf8IBNFyKKg,heldout,14,13.9576,30,250.74,229,,,insufficient,0.678907174404426,0,0,none,0
_z1GUvjMNxs,UC_e2d5wMDP2gCf8IBNFyKKg,time,14,13.9576,30,250.74,229,,,insufficient,0.678907174404426,0,0,none,0
x10KBEAONDw,UCJMoh2CdnIesjxN9cmGhrLA,time,14,13.7812,29,12153.73,11371,9026.999999999993,1.34637547609383,confirmed,0.2855798639458989,12,11,none,0
nhB-cWIdaDA,UC8fQzKHIhSoZeSq3bwQx4mw,time,5,6.7953,27,419.34,350,,,insufficient,,2,2,none,0
nhB-cWIdaDA,UC8fQzKHIhSoZeSq3bwQx4mw,time,7,6.7953,27,419.34,350,,,insufficient,,2,2,none,0
nhB-cWIdaDA,UC8fQzKHIhSoZeSq3bwQx4mw,time,14,15.7953,27,356.55,350,,,insufficient,0.0461214565927574,2,2,none,0
uOiE40EKZtQ,UChzLnWVsl3puKQwc5PoO6Zg,time,14,13.5165,28,6042.67,6044,15265.86527960738,0.3958291502649535,confirmed,0.08170825303476166,15,15,none,0
p_LcLnx2bCk,UCPAt6z5uX_c5Eo_cSNROzYw,time,7,8.9368,28,4462.90,3685,8180.092854540625,0.545580213644859,confirmed,,15,15,none,0
p_LcLnx2bCk,UCPAt6z5uX_c5Eo_cSNROzYw,time,14,13.9368,28,3732.88,3685,8010.286333440981,0.46601061220047024,confirmed,0.04663004794086322,15,15,none,0
iiZgsKwiA9A,UCBn-uKDGsRBfcB0lQeOB_gA,time,7,7.3328,28,750.53,845,,,insufficient,,0,0,none,0
iiZgsKwiA9A,UCBn-uKDGsRBfcB0lQeOB_gA,time,14,14.3328,28,864.63,845,,,insufficient,0.35488764475112244,0,0,none,0
_qyy3oY6sXw,UC4wKN1tlnlNVMiRPOu7qyvQ,time,1,1.5828,27,879.10,899,2230.772919005604,0.39407748004279614,early,,15,15,none,0
_qyy3oY6sXw,UC4wKN1tlnlNVMiRPOu7qyvQ,time,2,1.5828,27,879.10,899,2230.772919005604,0.39407748004279614,early,,15,15,none,0
_qyy3oY6sXw,UC4wKN1tlnlNVMiRPOu7qyvQ,time,3,2.5828,27,634.32,899,2252.049211563992,0.28166285833590116,early,0.249576370331942,15,15,none,0
_qyy3oY6sXw,UC4wKN1tlnlNVMiRPOu7qyvQ,time,5,4.5828,27,752.61,899,2378.5799258981588,0.3164099904394496,likely,0.28174074751546685,15,15,none,0
_qyy3oY6sXw,UC4wKN1tlnlNVMiRPOu7qyvQ,time,7,6.5828,27,753.46,899,2356.6235437213263,0.31972174138207077,likely,0.26166573470005716,15,15,none,0
_qyy3oY6sXw,UC4wKN1tlnlNVMiRPOu7qyvQ,time,14,13.5828,27,848.61,899,2298.4929220314457,0.36920352189829536,confirmed,0.27611928232693694,15,15,none,0
4Nne92IjZ6M,UCNRMF4aKRFUCdzvJVBEMFdQ,time,7,8.4272,29,1951.89,1563,1468.65969054174,1.329026543405161,confirmed,,15,15,none,0
4Nne92IjZ6M,UCNRMF4aKRFUCdzvJVBEMFdQ,time,14,14.4272,29,1609.11,1563,1400.6850904211074,1.1487994325393927,confirmed,0.009148546485747205,15,15,none,0
dnmJ7alN1Yo,UCglNXzBo6bmKc9otKf-OuGQ,time,14,12.7136,27,2201.31,2399,9717.264652921658,0.22653548521970487,confirmed,0.37448848475798535,15,15,none,0
GcdPwJvIfnk,UC6BW8DqrAmBEIeCtMa4bfBw,time,14,13.1835,27,4336.14,3938,3758.3577048786874,1.153732282530899,confirmed,,15,15,none,0
Jk1FtgY8sSQ,UCYO_YUHK7ZROCqJMtSOuOHQ,time,0.5,0.7226,29,530.49,15009,867.6088971781867,0.6114391757884609,early,,14,14,none,0
Jk1FtgY8sSQ,UCYO_YUHK7ZROCqJMtSOuOHQ,time,1,0.7226,29,530.49,15009,867.6088971781867,0.6114391757884609,early,,14,14,none,0
Jk1FtgY8sSQ,UCYO_YUHK7ZROCqJMtSOuOHQ,time,2,1.7226,29,449.63,15009,878.1101088223242,0.5120462946565555,early,0.5841088982563076,14,14,none,0
Jk1FtgY8sSQ,UCYO_YUHK7ZROCqJMtSOuOHQ,time,3,3.7226,29,596.92,15009,561.1890095993873,1.0636666698073287,likely,0.6041789815693346,15,13,none,0
Jk1FtgY8sSQ,UCYO_YUHK7ZROCqJMtSOuOHQ,time,5,4.7226,29,934.13,15009,556.8285732978393,1.677591058303933,likely,0.7690416820655107,15,12,none,0
Jk1FtgY8sSQ,UCYO_YUHK7ZROCqJMtSOuOHQ,time,7,6.7226,29,3037.87,15009,1878.2653310694686,1.61738137840913,likely,1.4929230337511767,15,12,none,0
Jk1FtgY8sSQ,UCYO_YUHK7ZROCqJMtSOuOHQ,time,14,14.7226,29,37316.73,15009,4786.745588346436,7.795845547932802,confirmed,1.766583312691383,15,9,none,0
3y0y_Papw2s,UCG7J20LhUeLl6y_Emi7OJrA,time,0.5,0.6628,27,450793.93,673311,502250.99999999977,0.8975471085227633,early,,15,13,none,0
3y0y_Papw2s,UCG7J20LhUeLl6y_Emi7OJrA,time,1,0.6628,27,450793.93,673311,502250.99999999977,0.8975471085227633,early,,15,13,none,0
3y0y_Papw2s,UCG7J20LhUeLl6y_Emi7OJrA,time,2,1.6628,27,544626.43,673311,502250.99999999977,1.0843710124482273,early,0.9795672374720487,15,13,none,0
3y0y_Papw2s,UCG7J20LhUeLl6y_Emi7OJrA,time,3,2.6628,27,540557.43,673311,502250.99999999977,1.0762694890581082,early,0.7558135072906633,15,13,none,0
3y0y_Papw2s,UCG7J20LhUeLl6y_Emi7OJrA,time,5,4.6628,27,618554.10,673311,502250.99999999977,1.2315637084314806,likely,0.7160492238930285,15,13,none,0
3y0y_Papw2s,UCG7J20LhUeLl6y_Emi7OJrA,time,7,6.6628,27,825540.69,673311,502250.99999999977,1.6436815192301926,likely,0.7048886713369048,15,13,none,0
3y0y_Papw2s,UCG7J20LhUeLl6y_Emi7OJrA,time,14,12.6628,27,755331.13,673311,502250.99999999977,1.5038917341677094,confirmed,0.5834237838163475,15,13,none,0
xrYvmrObkfM,UCfa9hkgsTHfK8bpDoiQZI5g,time,0.5,0.7390,28,2452.52,2360,3231.5374778918167,0.7589319073895865,early,,14,14,none,0
xrYvmrObkfM,UCfa9hkgsTHfK8bpDoiQZI5g,time,1,0.7390,28,2452.52,2360,3231.5374778918167,0.7589319073895865,early,,14,14,none,0
xrYvmrObkfM,UCfa9hkgsTHfK8bpDoiQZI5g,time,2,2.7390,28,2408.87,2360,2760.1957351866517,0.8727186105847683,early,0.6184127672511006,15,15,none,0
xrYvmrObkfM,UCfa9hkgsTHfK8bpDoiQZI5g,time,3,2.7390,28,2408.87,2360,2760.1957351866517,0.8727186105847683,early,0.6184127672511006,15,15,none,0
xrYvmrObkfM,UCfa9hkgsTHfK8bpDoiQZI5g,time,5,4.7390,28,2359.56,2360,2727.900109588989,0.8649742078365661,likely,0.5162301697138579,15,15,none,0
xrYvmrObkfM,UCfa9hkgsTHfK8bpDoiQZI5g,time,7,6.7390,28,2615.02,2360,2706.9556531653043,0.966038703914077,likely,0.48788538264236414,15,15,none,0
xrYvmrObkfM,UCfa9hkgsTHfK8bpDoiQZI5g,time,14,13.7390,28,2574.63,2360,2646.000000000001,0.973027083607843,confirmed,0.41427779188054453,15,11,none,0
WsoxkC31RRY,UCnp2wP2eA-YghOQr0j0wHrQ,heldout,1,1.0963,30,192.21,317,498.1967597017842,0.38581674949390937,early,,15,15,none,0
WsoxkC31RRY,UCnp2wP2eA-YghOQr0j0wHrQ,heldout,2,1.0963,30,192.21,317,498.1967597017842,0.38581674949390937,early,,15,15,none,0
WsoxkC31RRY,UCnp2wP2eA-YghOQr0j0wHrQ,heldout,14,13.0963,30,293.79,317,530.8977085242899,0.5533853680769383,confirmed,0.5586876383152217,15,15,none,0
foru-QnySpY,UCEKt2bUDBoRUw3wpPpDOUaA,time,3,3.8437,28,266110.49,284478,134600.99999999994,1.9770320588080799,likely,,15,14,none,0
foru-QnySpY,UCEKt2bUDBoRUw3wpPpDOUaA,time,5,5.8437,28,244616.43,284478,134600.99999999994,1.8173447999595467,likely,0.3559963858738398,15,13,none,0
foru-QnySpY,UCEKt2bUDBoRUw3wpPpDOUaA,time,7,6.8437,28,255336.56,284478,134600.99999999994,1.896988616351959,likely,0.37663028978431484,15,13,none,0
foru-QnySpY,UCEKt2bUDBoRUw3wpPpDOUaA,time,14,13.8437,28,287513.37,284478,134600.99999999994,2.136041845313577,confirmed,0.34165237375348095,15,11,none,0
p6ELIoDO24k,UCeW11HsUiXwnRbPqNlh6fHw,heldout,14,14.4501,29,44022.17,45501,21878.45572806521,2.0121243404572975,confirmed,,15,15,none,0
p6ELIoDO24k,UCeW11HsUiXwnRbPqNlh6fHw,time,14,14.4501,29,44022.17,45501,21878.45572806521,2.0121243404572975,confirmed,,15,15,none,0
2_3dynQg0gw,UCQQFz2LkJMoqSFTas-oozOw,time,14,12.8991,27,15112.73,16195,7725.205599415111,1.9562889961465944,confirmed,,15,15,none,0
Ak0TudcBVqU,UCNh7tqEn68tf0oOfq4NsFsg,time,2,2.7081,28,540.66,599,,,insufficient,,0,0,none,0
Ak0TudcBVqU,UCNh7tqEn68tf0oOfq4NsFsg,time,3,2.7081,28,540.66,599,,,insufficient,,0,0,none,0
Ak0TudcBVqU,UCNh7tqEn68tf0oOfq4NsFsg,time,5,4.7081,28,432.23,599,781.5952064353646,0.553007791168522,likely,0.24492740545778882,12,12,none,0
Ak0TudcBVqU,UCNh7tqEn68tf0oOfq4NsFsg,time,7,6.7081,28,492.23,599,825.7939961472449,0.596069669090065,likely,0.24179005056564104,15,15,none,0
Ak0TudcBVqU,UCNh7tqEn68tf0oOfq4NsFsg,time,14,13.7081,28,481.14,599,820.1524963445268,0.586640935862075,confirmed,0.18992013705015126,15,15,none,0
Fqbp7ghZ6pU,UCc2lUKVOTXKlQR7Fm7h1JfQ,time,5,4.9164,27,26829.85,23192,,,insufficient,,1,1,none,0
Fqbp7ghZ6pU,UCc2lUKVOTXKlQR7Fm7h1JfQ,time,7,6.9164,27,22731.44,23192,,,insufficient,0.16031855480586438,1,1,none,0
Fqbp7ghZ6pU,UCc2lUKVOTXKlQR7Fm7h1JfQ,time,14,12.9164,27,24054.58,23192,,,insufficient,0.13510028619064535,1,1,none,0
GdvrTH_SHxA,UCFNWnGcWFs8d_RjlLLXdh_A,heldout,3,3.8747,28,20556.27,35375,63152.28491466874,0.3255031195824363,likely,,15,15,none,0
GdvrTH_SHxA,UCFNWnGcWFs8d_RjlLLXdh_A,heldout,5,4.8747,28,22561.43,35375,63155.000000000015,0.35723894842792514,likely,0.6376023379176881,15,14,none,0
GdvrTH_SHxA,UCFNWnGcWFs8d_RjlLLXdh_A,heldout,7,6.8747,28,21744.60,35375,63155.000000000015,0.3443053044959383,likely,0.6212453276941451,15,14,none,0
GdvrTH_SHxA,UCFNWnGcWFs8d_RjlLLXdh_A,heldout,14,13.8747,28,30226.28,35375,63155.000000000015,0.47860477015406744,confirmed,0.5470849011337489,15,14,none,0
kmDkhO47Svs,UC8wXC0ZCfGt3HaVLy_fdTQw,time,5,5.8853,28,14839.30,17246,,,insufficient,,0,0,none,0
kmDkhO47Svs,UC8wXC0ZCfGt3HaVLy_fdTQw,time,7,6.8853,28,13626.45,17246,,,insufficient,0.23540370649023867,0,0,none,0
kmDkhO47Svs,UC8wXC0ZCfGt3HaVLy_fdTQw,time,14,13.8853,28,14933.55,17246,,,insufficient,0.26036525942759003,0,0,none,0
eb6ToL9StIQ,UC5_SBQbLA9Kg7Jh5GpXoP3g,time,1,0.8325,28,226.59,368,728.7309156981032,0.31093951226745964,early,,6,5,none,0
eb6ToL9StIQ,UC5_SBQbLA9Kg7Jh5GpXoP3g,time,2,2.8325,28,455.76,368,332.6966292298663,1.3699007155782668,early,1.2450305728510958,15,13,none,0
eb6ToL9StIQ,UC5_SBQbLA9Kg7Jh5GpXoP3g,time,3,2.8325,28,455.76,368,332.6966292298663,1.3699007155782668,early,1.2450305728510958,15,13,none,0
eb6ToL9StIQ,UC5_SBQbLA9Kg7Jh5GpXoP3g,time,5,4.8325,28,440.03,368,298.09743574705317,1.476126755957966,likely,0.8820179102986322,15,12,none,0
eb6ToL9StIQ,UC5_SBQbLA9Kg7Jh5GpXoP3g,time,7,6.8325,28,430.73,368,301.3665119195809,1.42925908683193,likely,0.7827803567857428,15,12,none,0
eb6ToL9StIQ,UC5_SBQbLA9Kg7Jh5GpXoP3g,time,14,12.8325,28,435.20,368,273.75832114235743,1.5897149852382189,confirmed,0.6189314358884468,15,12,none,0
b3_g_DPu6v4,UCJ1RVDuSiJncq6VQYiqpzLA,time,14,13.9991,28,1733.05,1804,1138.5336656129919,1.5221760334056327,confirmed,0.22476164853700162,15,15,none,0
dh9teT_Pe7w,UCCT5Ht1fD3xm0mi9rsmArYg,time,5,5.9687,29,47.59,72,,,insufficient,,0,0,none,0
dh9teT_Pe7w,UCCT5Ht1fD3xm0mi9rsmArYg,time,7,7.9687,29,68.27,72,,,insufficient,0.7226006196494977,0,0,none,0
dh9teT_Pe7w,UCCT5Ht1fD3xm0mi9rsmArYg,time,14,13.9687,29,70.92,72,,,insufficient,0.6147574734733722,0,0,none,0
TmsnVTkLDL0,UCGWNHkr2WZcRbxqoet-nyeg,time,14,14.4743,29,1147.51,1093,4776.899457258798,0.2402202365050396,confirmed,,15,15,none,0
flyw7NFt5wc,UCeKKrZ5GnBXRwnKlrixiREQ,time,5,4.8370,27,11734.92,9236,,,insufficient,,1,1,none,0
flyw7NFt5wc,UCeKKrZ5GnBXRwnKlrixiREQ,time,7,6.8370,27,9817.60,9236,,,insufficient,0.11559913566887953,1,1,none,0
flyw7NFt5wc,UCeKKrZ5GnBXRwnKlrixiREQ,time,14,12.8370,27,9424.17,9236,,,insufficient,0.06385579942155904,1,1,none,0
Hn1o3mcpWXs,UCsP7Bpw36J666Fct5M8u-ZA,time,14,15.1041,27,294863.29,298906,476399.32275600353,0.6189414597333303,confirmed,0.125755405022871,15,14,none,0
a8NA0WGI9OI,UCuwpzP90g1LuGk6JUNms_AQ,time,14,13.9583,30,5189.07,5435,6208.13991823748,0.8358494140127629,confirmed,0.30103275143906855,15,14,none,0
9g_MPKyYHTQ,UCJP9OOLkOzsXbb_Bo_kqjTw,heldout,2,2.0207,30,28609.94,35517,24998.62408111462,1.144460721762321,early,,15,13,none,0
9g_MPKyYHTQ,UCJP9OOLkOzsXbb_Bo_kqjTw,heldout,3,2.0207,30,28609.94,35517,24998.62408111462,1.144460721762321,early,,15,13,none,0
9g_MPKyYHTQ,UCJP9OOLkOzsXbb_Bo_kqjTw,heldout,14,12.0207,30,40549.49,35517,25164.847767792577,1.6113545914360836,confirmed,0.5056670926544254,15,7,none,0
ks_jjLJb-u4,UCWZVKz_sV9PPREGQfJy-9og,time,14,13.8538,28,52922.46,50646,103519.21399432268,0.5112332398582274,confirmed,0.40055685802340746,15,14,none,0
bLMOgtfs_qQ,UCXUSs6sOB2GIcdyvLKljUrg,time,14,12.7910,27,5381.63,5389,7151.689386736212,0.7524978762168444,confirmed,0.22014070245226464,15,13,none,0
HDiDqaUU5oM,UC41S9MSkeQ1TWo1URYLeRuw,heldout,14,14.6699,31,4431.49,4206,5570.741051388543,0.7954932847343902,confirmed,,15,13,none,0
Tv9LKqpODgo,UCI8gcSTo1FowsRJdilsjsZw,time,1,0.9279,27,66587.27,61109,37809.752520423826,1.7611135851050574,early,,13,13,none,0
Tv9LKqpODgo,UCI8gcSTo1FowsRJdilsjsZw,time,2,1.9279,27,113017.17,61109,33971.20155369368,3.326852326794559,early,1.2155013066997689,15,15,none,0
Tv9LKqpODgo,UCI8gcSTo1FowsRJdilsjsZw,time,3,2.9279,27,113478.16,61109,32752.59643939095,3.4647072117994644,early,0.9119342446749144,15,15,none,0
Tv9LKqpODgo,UCI8gcSTo1FowsRJdilsjsZw,time,5,4.9279,27,87864.88,61109,30505.68826625145,2.8802785717321973,likely,0.6399811397030395,15,15,none,0
Tv9LKqpODgo,UCI8gcSTo1FowsRJdilsjsZw,time,7,6.9279,27,81004.00,61109,31541.498174178345,2.5681723041825735,likely,0.5348804764331744,15,15,none,0
Tv9LKqpODgo,UCI8gcSTo1FowsRJdilsjsZw,time,14,15.9279,27,70674.28,61109,34604.3213428045,2.042354291835349,confirmed,0.35925527527232265,15,15,none,0
oRHoyBsT6e8,UC8jRs1LfVO5vsrSk-YRu5ZA,time,7,8.9062,28,2288.12,1840,2920.8811642076816,0.7833650130695272,confirmed,,9,7,none,0
oRHoyBsT6e8,UC8jRs1LfVO5vsrSk-YRu5ZA,time,14,13.9062,28,1887.11,1840,2729.0173422664775,0.6914974506290711,confirmed,0.012091988172626314,15,11,none,0
CAdfrc55Dfg,UCEf_Bc-KVd7onSeifS3py9g,time,1,1.1248,28,121927.69,59103,356773.83881660784,0.34175065943193633,early,1.2519868634513494,14,13,none,0
CAdfrc55Dfg,UCEf_Bc-KVd7onSeifS3py9g,time,2,2.1248,28,106614.47,59103,303251.16677582497,0.35157149370658597,early,0.8127045772908867,15,13,none,0
CAdfrc55Dfg,UCEf_Bc-KVd7onSeifS3py9g,time,3,3.1248,28,125179.66,59103,303236.00000000006,0.4128126618787264,likely,0.6558427195198578,15,12,none,0
CAdfrc55Dfg,UCEf_Bc-KVd7onSeifS3py9g,time,5,5.1248,28,121753.50,59103,303236.00000000006,0.40151399741109706,likely,0.5159170506070613,15,12,none,0
CAdfrc55Dfg,UCEf_Bc-KVd7onSeifS3py9g,time,7,7.1248,28,69294.52,59103,303236.00000000006,0.22851680241142555,confirmed,0.45079844838934424,15,11,none,0
CAdfrc55Dfg,UCEf_Bc-KVd7onSeifS3py9g,time,14,14.1248,28,64894.45,59103,303236.00000000006,0.21400642529634128,confirmed,0.3542826778196137,15,8,none,0
bDlxnLu8mb0,UCkRhsBbu0tvQrXBtvpl0kIg,time,14,12.5623,27,3934.79,3972,4098.941650498458,0.9599521909954515,confirmed,,15,14,none,0
E-tYxgNA_bg,UCUJXaEduMHGB3Iap3DusmAA,heldout,14,13.5572,30,10424.52,13246,15520.102100429556,0.6716783121971207,confirmed,0.7754614598566634,15,14,none,0
EjZPGbZDJx8,UC1KoulyXR8gBGyxv7r6pWQg,time,7,7.8957,27,66512.78,101983,20826.412296717346,3.1936742911636187,confirmed,,15,14,none,0
EjZPGbZDJx8,UC1KoulyXR8gBGyxv7r6pWQg,time,14,13.8957,27,87055.85,101983,20840.999999999996,4.177143719753585,confirmed,0.5112795028377786,15,10,none,0
o7RyfMOfS04,UCClMPKqtJ1LbRBCDP948g5Q,time,7,7.9571,29,4616.53,4385,3097.0016555690677,1.490644750247604,confirmed,,15,14,none,0
o7RyfMOfS04,UCClMPKqtJ1LbRBCDP948g5Q,time,14,13.9571,29,4323.70,4385,3252.9113520127557,1.3291781676937646,confirmed,0.16076814223087113,15,12,none,0
cSzZ5xSVxkE,UCCZLVYAGIoGvaFUrTyyeaXA,time,5,5.9160,28,11628.85,8927,21257.631550156104,0.5470437134982168,likely,,5,5,none,0
cSzZ5xSVxkE,UCCZLVYAGIoGvaFUrTyyeaXA,time,7,7.9160,28,9583.40,8927,20588.13267471152,0.4654818890407149,confirmed,0.07478192122652762,5,5,none,0
cSzZ5xSVxkE,UCCZLVYAGIoGvaFUrTyyeaXA,time,14,13.9160,28,9105.87,8927,19381.19182086367,0.46983008946200766,confirmed,0.03881864838118347,5,5,none,0
u6TQNollK7c,UCvJJ_dzjViJCoLf5uKUTwoA,time,7,8.8321,28,58414.33,49951,365397.0858210636,0.15986534845208752,confirmed,,14,13,none,0
u6TQNollK7c,UCvJJ_dzjViJCoLf5uKUTwoA,time,14,13.8321,28,49663.20,49951,368991.0000000002,0.13459189682282993,confirmed,0.0859239036030165,15,9,none,0
Zru8Wo0HKKc,UCCZLVYAGIoGvaFUrTyyeaXA,heldout,7,7.9162,30,39745.47,33731,,,insufficient,,1,1,none,0
Zru8Wo0HKKc,UCCZLVYAGIoGvaFUrTyyeaXA,heldout,14,13.9162,30,33839.80,33731,,,insufficient,0.07144890246292156,1,1,none,0
565DJot1eIk,UC5lBPQsMMJEE5PTJMzf_sug,heldout,0.5,0.2896,31,2516.08,16155,4485.670444000603,0.5609145734766771,early,,13,13,none,0
565DJot1eIk,UC5lBPQsMMJEE5PTJMzf_sug,heldout,1,0.2896,31,2516.08,16155,4485.670444000603,0.5609145734766771,early,,13,13,none,0
565DJot1eIk,UC5lBPQsMMJEE5PTJMzf_sug,heldout,14,14.2896,31,9491.22,16155,8322.671960129584,1.1404057485940449,confirmed,1.0320396559216198,15,13,none,0
rlAfC7QjQec,UCsWLcxLC1B-MLCeIpYtPiMw,heldout,14,13.5485,29,26761.88,27247,32368.852412692315,0.8267787797392795,confirmed,,15,14,none,0
neI5pn3rqf4,UCJS9pqu9BzkAMNTmzNMNhvg,time,14,12.6130,27,2022.54,2013,2302.320437259324,0.8784775608876085,confirmed,0.47805860465168076,15,11,none,0
KP5CplhE4r8,UCiDJtJKMICpb9B1qf7qjEOA,time,1,0.9163,28,269013.62,287991,83065.54906280676,3.238570336439199,early,,14,14,none,0
KP5CplhE4r8,UCiDJtJKMICpb9B1qf7qjEOA,time,2,1.9163,28,218037.91,287991,104766.47743213293,2.081180152672874,early,0.46530687578320296,15,15,none,0
KP5CplhE4r8,UCiDJtJKMICpb9B1qf7qjEOA,time,3,2.9163,28,212491.21,287991,104020.815949279,2.0427758313140885,early,0.4252642454052755,15,15,none,0
KP5CplhE4r8,UCiDJtJKMICpb9B1qf7qjEOA,time,5,4.9163,28,223591.13,287991,102892.6280240562,2.173052951665135,likely,0.38852140324671436,15,15,none,0
KP5CplhE4r8,UCiDJtJKMICpb9B1qf7qjEOA,time,7,6.9163,28,249622.10,287991,102751.6839942926,2.429372356812484,likely,0.3973987972491127,15,15,none,0
KP5CplhE4r8,UCiDJtJKMICpb9B1qf7qjEOA,time,14,13.9163,28,298972.07,287991,105709.31248252123,2.8282472628288526,confirmed,0.4027680336139969,15,15,none,0
pXPs6wB3yJk,UCUpbDOT-OVNBlaQpb9pbd2w,time,3,3.8056,27,8647.43,5677,31634.24402334358,0.27335648139011465,likely,,15,15,none,0
pXPs6wB3yJk,UCUpbDOT-OVNBlaQpb9pbd2w,time,5,4.8056,27,6296.39,5677,30831.61081743043,0.20421867731484827,likely,0.0645873932952077,15,15,none,0
pXPs6wB3yJk,UCUpbDOT-OVNBlaQpb9pbd2w,time,7,6.8056,27,6158.40,5677,29310.347441978563,0.2101101974801384,likely,0.05482992149554204,15,15,none,0
pXPs6wB3yJk,UCUpbDOT-OVNBlaQpb9pbd2w,time,14,12.8056,27,5832.88,5677,26685.6361497167,0.2185775483608183,confirmed,0.03244944789091011,15,15,none,0
kDoHzbiOQHs,UCB2zycIY_qMKZjlE98zO4gg,time,7,8.8749,28,1968.26,1967,2173.5861232962498,0.9055350335540757,confirmed,,12,8,none,0
kDoHzbiOQHs,UCB2zycIY_qMKZjlE98zO4gg,time,14,13.8749,28,1971.51,1967,2110.1625991455626,0.9342933011451008,confirmed,0.29114274325794914,15,9,none,0
IhhDzzHwAOg,UCnwlWgbcxwpsnB7LtOL1kPg,time,14,15.0571,27,11414.63,11842,6958.225183268105,1.640451316848962,confirmed,0.0838993500736106,15,15,none,0
wAbfSBIODyA,UCfa9hkgsTHfK8bpDoiQZI5g,heldout,1,1.9270,30,2042.50,1788,3007.4654122399043,0.6791428300641232,early,,15,15,none,0
wAbfSBIODyA,UCfa9hkgsTHfK8bpDoiQZI5g,heldout,2,1.9270,30,2042.50,1788,3007.4654122399043,0.6791428300641232,early,,15,15,none,0
wAbfSBIODyA,UCfa9hkgsTHfK8bpDoiQZI5g,heldout,3,2.9270,30,1749.09,1788,3007.4654122399043,0.5815824205859927,early,0.4570720180540113,15,15,none,0
wAbfSBIODyA,UCfa9hkgsTHfK8bpDoiQZI5g,heldout,5,4.9270,30,1777.13,1788,2923.1594715991905,0.6079485783883918,likely,0.3307364514695318,15,15,none,0
wAbfSBIODyA,UCfa9hkgsTHfK8bpDoiQZI5g,heldout,7,6.9270,30,1792.35,1788,2898.5146466809892,0.6183680462042224,likely,0.3065169431546615,15,15,none,0
wAbfSBIODyA,UCfa9hkgsTHfK8bpDoiQZI5g,heldout,14,13.9270,30,1812.29,1788,2817.643429988142,0.6431929482346245,confirmed,0.23561726198728355,15,12,none,0
An1ZXDxgCZY,UC3_BakzLfadvFrsnClMFWmQ,time,1,0.0949,28,21425.23,686,767.723170358444,27.90749328700766,early,,14,14,none,0
An1ZXDxgCZY,UC3_BakzLfadvFrsnClMFWmQ,time,2,2.0949,28,949.02,686,790.7849366357855,1.2001008847815537,early,0.11206532219370448,15,15,none,0
An1ZXDxgCZY,UC3_BakzLfadvFrsnClMFWmQ,time,3,3.0949,28,814.66,686,780.2490842178719,1.0441077393922618,likely,0.08827857366159819,15,15,none,0
An1ZXDxgCZY,UC3_BakzLfadvFrsnClMFWmQ,time,5,5.0949,28,759.54,686,758.7892494042235,1.0009836579109117,likely,0.07752896400905994,15,15,none,0
An1ZXDxgCZY,UC3_BakzLfadvFrsnClMFWmQ,time,7,7.0949,28,737.78,686,744.9061666061418,0.9904292904389415,confirmed,0.07027014821725358,15,15,none,0
An1ZXDxgCZY,UC3_BakzLfadvFrsnClMFWmQ,time,14,13.0949,28,653.28,686,709.0365216611742,0.9213623799469491,confirmed,0.059656994235581,15,12,none,0
nGt7P7saaZs,UCEf_Bc-KVd7onSeifS3py9g,time,0.5,0.3745,29,86550.50,38248,415894.16949735273,0.20810701836383141,early,,13,12,none,0
nGt7P7saaZs,UCEf_Bc-KVd7onSeifS3py9g,time,1,1.3745,29,60645.50,38248,356773.83881660784,0.16998302155243666,early,0.4175916980486847,15,13,none,0
nGt7P7saaZs,UCEf_Bc-KVd7onSeifS3py9g,time,2,2.3745,29,42763.15,38248,359702.86349806923,0.11888464570221127,early,0.3166650675682967,15,12,none,0
nGt7P7saaZs,UCEf_Bc-KVd7onSeifS3py9g,time,3,3.3745,29,53721.96,38248,360111.5482880617,0.14918145011757666,likely,0.31532363263608815,15,11,none,0
nGt7P7saaZs,UCEf_Bc-KVd7onSeifS3py9g,time,5,5.3745,29,48714.91,38248,363002.1996785062,0.13420003201002056,likely,0.3099584737103437,15,11,none,0
nGt7P7saaZs,UCEf_Bc-KVd7onSeifS3py9g,time,7,7.3745,29,41479.80,38248,366808.8662298982,0.11308287603363948,confirmed,0.30791315645183215,15,10,none,0
nGt7P7saaZs,UCEf_Bc-KVd7onSeifS3py9g,time,14,14.3745,29,39803.19,38248,368426.9999999997,0.10803548350299817,confirmed,0.2526895009599474,15,7,none,0
reGN99ayQ14,UCaDa57ymCY9-MrSs-JdQ3kg,heldout,3,3.0354,31,464.56,2288,724.7662245379242,0.6409754214645368,likely,,15,12,none,0
reGN99ayQ14,UCaDa57ymCY9-MrSs-JdQ3kg,heldout,5,4.0354,31,1053.83,2288,730.5848043785085,1.4424443911570706,likely,0.9800955755523976,15,11,none,0
reGN99ayQ14,UCaDa57ymCY9-MrSs-JdQ3kg,heldout,7,7.0354,31,1542.09,2288,746.0881590345473,2.0668965521378966,confirmed,1.0113280061375616,15,11,none,0
reGN99ayQ14,UCaDa57ymCY9-MrSs-JdQ3kg,heldout,14,14.0354,31,1309.59,2288,819.0771665738616,1.5988608549070578,confirmed,0.9148385012501182,15,9,none,0
y3QK3e4O2VU,UC70SrI3VkT1MXALRtf0pcHg,time,1,0.8000,28,139324.29,125608,73363.38641928286,1.8990983522140157,early,,13,13,none,0
y3QK3e4O2VU,UC70SrI3VkT1MXALRtf0pcHg,time,2,1.8000,28,118009.65,125608,76021.89015983483,1.5523114005831398,early,0.6036443342593696,14,14,none,0
y3QK3e4O2VU,UC70SrI3VkT1MXALRtf0pcHg,time,3,2.8000,28,125354.42,125608,70879.74699839395,1.768550618144866,early,0.5161738639961624,15,15,none,0
y3QK3e4O2VU,UC70SrI3VkT1MXALRtf0pcHg,time,5,4.8000,28,117080.86,125608,68772.4255024869,1.7024390555732845,likely,0.4111380005852972,15,15,none,0
y3QK3e4O2VU,UC70SrI3VkT1MXALRtf0pcHg,time,7,6.8000,28,115032.77,125608,67235.67364588352,1.7108889351024419,likely,0.3756820290713714,15,15,none,0
y3QK3e4O2VU,UC70SrI3VkT1MXALRtf0pcHg,time,14,12.8000,28,122062.61,125608,64732.9213270718,1.8856342031835396,confirmed,0.3400172090249856,15,15,none,0
hyAzuvVa7rs,UCqg4NBVlXBMRNvMGQ63cYfg,time,14,13.8959,29,4648.53,4677,5010.999999999999,0.9276649629281373,confirmed,0.04806848609351684,15,14,none,0
9p9m04q4Nq0,UCUUe2Q6fFgu5Dzk_y2OyPYw,time,14,12.7697,27,507889.53,521934,361389.2872821657,1.4053806981653159,confirmed,0.11604497989176821,15,12,none,0
zMrE7h-n6p0,UC3lJL1pUvQ2Ih2qZ-4ozrLw,time,5,6.9783,27,319.86,465,235.65218695049413,1.3573297681703211,likely,,6,6,none,0
zMrE7h-n6p0,UC3lJL1pUvQ2Ih2qZ-4ozrLw,time,7,6.9783,27,319.86,465,235.65218695049413,1.3573297681703211,likely,,6,6,none,0
zMrE7h-n6p0,UC3lJL1pUvQ2Ih2qZ-4ozrLw,time,14,14.9783,27,417.13,465,550.083588433097,0.7582962381729118,confirmed,0.490133511030205,12,12,none,0
t33396oOt-A,UCdwo4k1RQHTcq_-WS7Cazqg,time,5,6.9572,29,760.61,667,,,insufficient,,0,0,none,0
t33396oOt-A,UCdwo4k1RQHTcq_-WS7Cazqg,time,7,6.9572,29,760.61,667,,,insufficient,,0,0,none,0
t33396oOt-A,UCdwo4k1RQHTcq_-WS7Cazqg,time,14,13.9572,29,664.52,667,,,insufficient,0.09914304506618772,0,0,none,0
6dNLIhtyVvg,UCxkIzPnPzWLz4IeuxIROflg,time,1,0.8749,28,2340.19,6549,1834.9562071792834,1.2753378301939144,early,,15,13,none,0
6dNLIhtyVvg,UCxkIzPnPzWLz4IeuxIROflg,time,2,1.8749,28,2735.21,6549,1818.3483450935598,1.5042300263779997,early,0.7584796501235954,15,13,none,0
6dNLIhtyVvg,UCxkIzPnPzWLz4IeuxIROflg,time,3,2.8749,28,3183.48,6549,1811.5438778542762,1.757327682392687,early,0.8528164386824207,15,12,none,0
6dNLIhtyVvg,UCxkIzPnPzWLz4IeuxIROflg,time,5,4.8749,28,7071.18,6549,1901.5573849102818,3.7186277248189517,likely,0.8281209571546763,15,11,none,0
6dNLIhtyVvg,UCxkIzPnPzWLz4IeuxIROflg,time,7,6.8749,28,5723.94,6549,1909.5462624827321,2.997539479564458,likely,0.8830713100927539,15,10,none,0
6dNLIhtyVvg,UCxkIzPnPzWLz4IeuxIROflg,time,14,13.8749,28,6429.06,6549,1846.4775568234434,3.4817953860714326,confirmed,0.7918263347702984,15,8,none,0
tZFq9Qctf-8,UC5_SBQbLA9Kg7Jh5GpXoP3g,time,1,0.8320,28,103.97,192,,,insufficient,,1,1,none,0
tZFq9Qctf-8,UC5_SBQbLA9Kg7Jh5GpXoP3g,time,2,2.8320,28,246.07,192,116.86647744873812,2.1055510538449207,early,1.465341656485472,15,15,none,0
tZFq9Qctf-8,UC5_SBQbLA9Kg7Jh5GpXoP3g,time,3,2.8320,28,246.07,192,116.86647744873812,2.1055510538449207,early,1.465341656485472,15,15,none,0
tZFq9Qctf-8,UC5_SBQbLA9Kg7Jh5GpXoP3g,time,5,4.8320,28,261.03,192,101.65739621540256,2.567786690004659,likely,1.1037600551771454,15,15,none,0
tZFq9Qctf-8,UC5_SBQbLA9Kg7Jh5GpXoP3g,time,7,6.8320,28,258.44,192,106.36691267523697,2.429688790214449,likely,0.967340924715741,15,15,none,0
tZFq9Qctf-8,UC5_SBQbLA9Kg7Jh5GpXoP3g,time,14,13.8320,28,216.54,192,134.4493547113694,1.6106008577506297,confirmed,0.7067674148782253,15,15,none,0
xPIOR7t7_Z8,UC6h1nurnE-9auq41a5oiPnA,time,3,3.9231,27,245.76,321,449.084326306141,0.54723706224677,likely,,14,13,none,0
xPIOR7t7_Z8,UC6h1nurnE-9auq41a5oiPnA,time,5,4.9231,27,234.02,321,445.52722273143905,0.5252601937709004,likely,0.46762231578402075,15,14,none,0
xPIOR7t7_Z8,UC6h1nurnE-9auq41a5oiPnA,time,7,6.9231,27,239.79,321,445.52722273143905,0.5382260091741388,likely,0.4167784658750693,15,14,none,0
xPIOR7t7_Z8,UC6h1nurnE-9auq41a5oiPnA,time,14,12.9231,27,281.59,321,447.30577451879026,0.6295234484445084,confirmed,0.42455428951614893,15,13,none,0
Im51hMdp690,UC4lGf3Jn2331jdjMlsJyj5Q,time,14,12.8105,28,186672.18,191665,193530.99999999985,0.9645595754807297,confirmed,0.22150716016510805,15,11,none,0
05TiKhSd0d4,UC3_BakzLfadvFrsnClMFWmQ,time,0.5,0.5659,27,2484.61,908,797.679216042435,3.1148034955496153,early,,14,14,none,0
05TiKhSd0d4,UC3_BakzLfadvFrsnClMFWmQ,time,1,0.5659,27,2484.61,908,797.679216042435,3.1148034955496153,early,,14,14,none,0
05TiKhSd0d4,UC3_BakzLfadvFrsnClMFWmQ,time,2,1.5659,27,1224.31,908,790.7849366357855,1.548221752122768,early,0.20140083790550742,15,15,none,0
05TiKhSd0d4,UC3_BakzLfadvFrsnClMFWmQ,time,3,2.5659,27,1084.56,908,780.2490842178719,1.390018242366492,early,0.1590783097999724,15,15,none,0
05TiKhSd0d4,UC3_BakzLfadvFrsnClMFWmQ,time,5,4.5659,27,1003.59,908,758.7892494042235,1.3226210494918955,likely,0.11042976383163915,15,15,none,0
05TiKhSd0d4,UC3_BakzLfadvFrsnClMFWmQ,time,7,6.5659,27,978.57,908,744.9061666061418,1.3136841557237824,likely,0.09608128062571261,15,15,none,0
05TiKhSd0d4,UC3_BakzLfadvFrsnClMFWmQ,time,14,12.5659,27,866.82,908,709.0365216611742,1.2225259660587537,confirmed,0.07217388307500647,15,13,none,0
3c7nytrk4-M,UCyO9K3_tU2OTrNljdHm7L_g,time,14,13.0046,27,2893.72,2801,3007.7944920023556,0.9620722510942876,confirmed,,15,15,none,0
pG39Zer2EVU,UCPAt6z5uX_c5Eo_cSNROzYw,time,7,8.8756,28,12043.78,9813,4127.327929476381,2.9180566772927854,confirmed,,15,15,none,0
pG39Zer2EVU,UCPAt6z5uX_c5Eo_cSNROzYw,time,14,13.8756,28,10003.95,9813,3836.7743582127637,2.6073852475311465,confirmed,0.029429268829547016,15,15,none,0
tO96suFjNgA,UCnpWedLQdHpZqhgTLdB9Yyg,heldout,1,1.8954,27,55478.53,47060,68474.24125345841,0.8102101569992696,early,,15,15,none,0
tO96suFjNgA,UCnpWedLQdHpZqhgTLdB9Yyg,heldout,2,1.8954,27,55478.53,47060,68474.24125345841,0.8102101569992696,early,,15,15,none,0
tO96suFjNgA,UCnpWedLQdHpZqhgTLdB9Yyg,heldout,3,3.8954,27,52079.16,47060,69859.08297703836,0.7454887495025805,likely,0.43067252998805156,15,15,none,0
tO96suFjNgA,UCnpWedLQdHpZqhgTLdB9Yyg,heldout,5,4.8954,27,49946.52,47060,70203.95424510512,0.7114488279871272,likely,0.3761703703520478,15,15,none,0
tO96suFjNgA,UCnpWedLQdHpZqhgTLdB9Yyg,heldout,7,6.8954,27,49237.59,47060,70979.58547586897,0.6936866145098708,likely,0.31569034540111546,15,15,none,0
tO96suFjNgA,UCnpWedLQdHpZqhgTLdB9Yyg,heldout,14,13.8954,27,53246.53,47060,73641,0.7230554893335742,confirmed,0.2448294936354677,15,11,none,0
hqNiOsuUM4E,UC9vUu4vlIlMC0dHQCTvQPbg,time,3,3.9583,27,94918.74,93115,26154.42422455114,3.629165553394721,likely,,3,3,none,0
hqNiOsuUM4E,UC9vUu4vlIlMC0dHQCTvQPbg,time,5,4.9583,27,81882.04,93115,25683.492105985708,3.188119245855505,likely,0.32401638763152785,3,3,none,0
hqNiOsuUM4E,UC9vUu4vlIlMC0dHQCTvQPbg,time,7,6.9583,27,82731.05,93115,24957.185042847195,3.3149190863671008,likely,0.2818352301444638,3,3,none,0
hqNiOsuUM4E,UC9vUu4vlIlMC0dHQCTvQPbg,time,14,14.9583,27,95535.99,93115,23131.548020884118,4.13011643462105,confirmed,0.3032505276722446,3,3,none,0
A1i-ZbNGw9M,UCwrJa8xO9xRzZUOf9Q1c7kw,time,14,12.8654,27,17476.03,18213,16720.06442733637,1.045212889473428,confirmed,0.2670371017812713,15,14,none,0
DBGOm-ntqtM,UCxkIzPnPzWLz4IeuxIROflg,heldout,5,6.8747,30,1260.54,1197,1745.7703271490814,0.7220547042208623,likely,,15,11,none,0
DBGOm-ntqtM,UCxkIzPnPzWLz4IeuxIROflg,heldout,7,6.8747,30,1260.54,1197,1745.7703271490814,0.7220547042208623,likely,,15,11,none,0
DBGOm-ntqtM,UCxkIzPnPzWLz4IeuxIROflg,heldout,14,13.8747,30,1299.40,1197,1722.9585631080652,0.7541692568371455,confirmed,0.13392699659682003,15,7,none,0
DiDbiiIPcMM,UCglNXzBo6bmKc9otKf-OuGQ,time,14,13.7081,29,9061.43,9132,9063.847523261667,0.9997330642197677,confirmed,0.03243269153694945,15,15,none,0
c-EKgO6KjPo,UC3lJL1pUvQ2Ih2qZ-4ozrLw,time,5,6.9574,27,2301.97,2331,320.0846883452133,7.191747376664065,likely,,8,8,none,0
c-EKgO6KjPo,UC3lJL1pUvQ2Ih2qZ-4ozrLw,time,7,6.9574,27,2301.97,2331,320.0846883452133,7.191747376664065,likely,,8,8,none,0
c-EKgO6KjPo,UC3lJL1pUvQ2Ih2qZ-4ozrLw,time,14,14.9574,27,2284.03,2331,516.0493498799076,4.425998752009397,confirmed,0.20140596516962064,12,12,none,0
TCFUrwug74s,UCKsP3v2JeT2hWI_HzkxWiMA,time,1,0.9371,28,25227.91,31408,74235.99999999999,0.3398339201303406,early,,15,8,none,0
TCFUrwug74s,UCKsP3v2JeT2hWI_HzkxWiMA,time,2,1.9371,28,30119.85,31408,82121.44307937389,0.36677199514475095,early,0.8300207661021011,15,8,none,0
TCFUrwug74s,UCKsP3v2JeT2hWI_HzkxWiMA,time,3,2.9371,28,31356.10,31408,88785.15058415389,0.35316825547934816,early,0.7456234067166918,15,7,none,0
TCFUrwug74s,UCKsP3v2JeT2hWI_HzkxWiMA,time,5,4.9371,28,32665.63,31408,90110.18292556105,0.3625076659612958,likely,0.6249259301978956,15,7,none,0
TCFUrwug74s,UCKsP3v2JeT2hWI_HzkxWiMA,time,7,6.9371,28,35274.48,31408,91019.87607406997,0.38754701562820715,likely,0.5838417964009348,15,6,none,0
TCFUrwug74s,UCKsP3v2JeT2hWI_HzkxWiMA,time,14,13.9371,28,35314.15,31408,93241.00000000007,0.37874054949286196,confirmed,0.4849761894124866,15,4,none,0
R2JtYN2wY0Y,UCGxjDWAN1KwrkXYVi8CXtjQ,time,1,0.9993,29,6280.55,5905,25985.002163938698,0.2416989786681621,early,,15,10,none,0
R2JtYN2wY0Y,UCGxjDWAN1KwrkXYVi8CXtjQ,time,2,1.9993,29,5629.06,5905,25772.000000000007,0.21841764834035082,early,0.5407296702582337,15,9,none,0
R2JtYN2wY0Y,UCGxjDWAN1KwrkXYVi8CXtjQ,time,3,2.9993,29,4112.03,5905,25772.000000000007,0.15955434946894292,early,0.4164483829184875,15,8,none,0
R2JtYN2wY0Y,UCGxjDWAN1KwrkXYVi8CXtjQ,time,5,4.9993,29,4053.85,5905,25772.000000000007,0.15729668591148632,likely,0.2990646311976412,15,7,none,0
R2JtYN2wY0Y,UCGxjDWAN1KwrkXYVi8CXtjQ,time,7,6.9993,29,4666.66,5905,25772.000000000007,0.18107471665845468,likely,0.2863298430583539,15,6,none,0
R2JtYN2wY0Y,UCGxjDWAN1KwrkXYVi8CXtjQ,time,14,12.9993,29,5109.75,5905,25772.000000000007,0.1982674591807108,confirmed,0.2804723625015545,15,4,none,0
AkErVPPN9rg,UC2cfzvGC8CJNWtvaynN7TeA,heldout,3,3.9580,27,10840.20,10068,,,insufficient,,1,1,none,0
AkErVPPN9rg,UC2cfzvGC8CJNWtvaynN7TeA,time,3,3.9580,27,10840.20,10068,,,insufficient,,1,1,none,0
AkErVPPN9rg,UC2cfzvGC8CJNWtvaynN7TeA,heldout,5,4.9580,27,12064.79,10068,,,insufficient,0.7234859180757437,1,1,none,0
AkErVPPN9rg,UC2cfzvGC8CJNWtvaynN7TeA,time,5,4.9580,27,12064.79,10068,,,insufficient,0.7234859180757437,1,1,none,0
AkErVPPN9rg,UC2cfzvGC8CJNWtvaynN7TeA,heldout,7,6.9580,27,11738.80,10068,,,insufficient,0.4739970135898579,1,1,none,0
AkErVPPN9rg,UC2cfzvGC8CJNWtvaynN7TeA,time,7,6.9580,27,11738.80,10068,,,insufficient,0.4739970135898579,1,1,none,0
AkErVPPN9rg,UC2cfzvGC8CJNWtvaynN7TeA,heldout,14,14.9580,27,10722.96,10068,,,insufficient,0.2883933529733385,1,1,none,0
AkErVPPN9rg,UC2cfzvGC8CJNWtvaynN7TeA,time,14,14.9580,27,10722.96,10068,,,insufficient,0.2883933529733385,1,1,none,0
UypKP0JmlGY,UCnpWedLQdHpZqhgTLdB9Yyg,time,1,0.8956,28,99169.72,122411,73622.27446326616,1.3470069638752251,early,,14,14,none,0
UypKP0JmlGY,UCnpWedLQdHpZqhgTLdB9Yyg,time,2,1.8956,28,96415.16,122411,72462.89702875966,1.3305451467809344,early,0.7096768722091544,15,15,none,0
UypKP0JmlGY,UCnpWedLQdHpZqhgTLdB9Yyg,time,3,2.8956,28,121493.00,122411,72751.99791585877,1.6699609594506475,early,0.7141415233391898,15,15,none,0
UypKP0JmlGY,UCnpWedLQdHpZqhgTLdB9Yyg,time,5,4.8956,28,127510.76,122411,72805.54504515152,1.7513879954342129,likely,0.6106921154179449,15,15,none,0
UypKP0JmlGY,UCnpWedLQdHpZqhgTLdB9Yyg,time,7,6.8956,28,126991.93,122411,73200.82200224116,1.7348429247562527,likely,0.5660377181146632,15,15,none,0
UypKP0JmlGY,UCnpWedLQdHpZqhgTLdB9Yyg,time,14,12.8956,28,123728.03,122411,70852.99999999999,1.7462638430161985,confirmed,0.4829786162752264,15,13,none,0
M8HbJzbEnHc,UC_UnVDztkvE1hw064XFTNSQ,time,0.5,0.4865,27,1172585.16,1404820,695324.308651983,1.6863859768118914,early,,15,11,none,0
M8HbJzbEnHc,UC_UnVDztkvE1hw064XFTNSQ,time,1,1.4865,27,1659893.08,1404820,696540.8270361145,2.3830520990735,early,1.0641453083306547,15,11,none,0
M8HbJzbEnHc,UC_UnVDztkvE1hw064XFTNSQ,time,2,2.4865,27,1505543.51,1404820,699862.0669750345,2.151200336784091,early,0.8441404341798927,15,11,none,0
M8HbJzbEnHc,UC_UnVDztkvE1hw064XFTNSQ,time,3,3.4865,27,1464360.34,1404820,700022.7960860594,2.091875216987232,likely,0.7558988321822954,15,11,none,0
M8HbJzbEnHc,UC_UnVDztkvE1hw064XFTNSQ,time,5,4.4865,27,1498691.54,1404820,701512.0444112367,2.1363732158176587,likely,0.7193728767399312,15,11,none,0
M8HbJzbEnHc,UC_UnVDztkvE1hw064XFTNSQ,time,7,7.4865,27,1583740.95,1404820,705910.3381313719,2.2435440677229535,confirmed,0.6171416180303716,15,10,none,0
M8HbJzbEnHc,UC_UnVDztkvE1hw064XFTNSQ,time,14,15.4865,27,1653785.25,1404820,708998.0000000002,2.332566877465778,confirmed,0.5147008696136837,15,8,none,0
CMoPkNzVq-s,UCgaO4TQKdcTrLoWTD3zqbaA,time,5,4.9580,27,198.53,171,,,insufficient,,0,0,none,0
CMoPkNzVq-s,UCgaO4TQKdcTrLoWTD3zqbaA,time,7,6.9580,27,168.23,171,,,insufficient,0.16179857482166488,0,0,none,0
CMoPkNzVq-s,UCgaO4TQKdcTrLoWTD3zqbaA,time,14,15.9580,27,167.42,171,,,insufficient,0.09941630725205802,0,0,none,0
KOwBCWfboD4,UCQheERIaSGDBrcRfNahTBcA,time,14,13.7498,27,16210.95,16789,18319.568895482615,0.8848977945550293,confirmed,0.2962003758880297,15,15,none,0
VbqYiIrcyj8,UCLB2sZa0kqPmkw2Bes59ePA,heldout,7,7.7224,31,1370.10,1900,1667.0000000000002,0.8218951682998585,confirmed,,15,12,none,0
VbqYiIrcyj8,UCLB2sZa0kqPmkw2Bes59ePA,heldout,14,13.7224,31,2000.91,1900,1667.0000000000002,1.2003074168507284,confirmed,0.4965972921185993,15,12,none,0
Zc28AlF-68I,UCdLlUhD9LUGm0-NTYDASPFA,time,5,5.0410,29,3140.59,3396,3876.7306780608706,0.8101118557562218,likely,0.2861877653910806,15,14,none,0
Zc28AlF-68I,UCdLlUhD9LUGm0-NTYDASPFA,time,7,7.0410,29,3509.37,3396,3899.5625957555794,0.8999396816454291,confirmed,0.3821062995281185,15,13,none,0
Zc28AlF-68I,UCdLlUhD9LUGm0-NTYDASPFA,time,14,14.0410,29,3490.73,3396,3932.9262978370302,0.8875648675302622,confirmed,0.2727957268485181,15,11,none,0
HSUsmLth0OY,UCxkIzPnPzWLz4IeuxIROflg,heldout,14,14.8746,30,2840.27,3210,1403.7265442989087,2.023381407660704,confirmed,0.326768876956087,15,11,none,0
ne3HBunM_WM,UCLFgO1aEI66fh06p6u6-juw,time,0.5,0.7153,27,16935.70,13027,9598.078708546953,1.7644880849139968,early,,14,14,none,0
ne3HBunM_WM,UCLFgO1aEI66fh06p6u6-juw,time,1,0.7153,27,16935.70,13027,9598.078708546953,1.7644880849139968,early,,14,14,none,0
ne3HBunM_WM,UCLFgO1aEI66fh06p6u6-juw,time,2,1.7153,27,14125.39,13027,9650.628147601727,1.4636761752055631,early,0.5471103437336977,15,15,none,0
ne3HBunM_WM,UCLFgO1aEI66fh06p6u6-juw,time,3,2.7153,27,15134.97,13027,9920.73769237233,1.5255892922742902,early,0.49029210855766364,15,15,none,0
ne3HBunM_WM,UCLFgO1aEI66fh06p6u6-juw,time,5,4.7153,27,15190.38,13027,10230.259525904708,1.4848480290882953,likely,0.4538500001774023,15,15,none,0
ne3HBunM_WM,UCLFgO1aEI66fh06p6u6-juw,time,7,6.7153,27,14742.91,13027,10241.580240927962,1.4395152769422692,likely,0.4015640410953655,15,15,none,0
ne3HBunM_WM,UCLFgO1aEI66fh06p6u6-juw,time,14,12.7153,27,13639.53,13027,11034.628762386135,1.23606633175048,confirmed,0.31900518738604583,15,14,none,0
wmnIc2Qtd3o,UCQVakLjtBUGlQOThqRZ7uhw,time,14,13.7792,29,7307.24,7119,2951.0159875024683,2.476177942431598,confirmed,0.24884788409971134,15,12,none,0
PqS_AMc-3iY,UCK09g6gYGMvU-0x1VCF1hgA,time,14,13.7498,29,61171.69,57945,38994.37083373024,1.5687313419209412,confirmed,0.23523921227533204,15,15,none,0
l2RSwUeFXWU,UCQq79zHGZJNzm3SPOfLNmrw,time,3,3.9638,29,282.22,363,517.5033872944418,0.5453540063552664,likely,,15,13,none,0
l2RSwUeFXWU,UCQq79zHGZJNzm3SPOfLNmrw,time,5,5.9638,29,252.59,363,521.6527554399113,0.4842054300301474,likely,0.2845347087125033,15,13,none,0
l2RSwUeFXWU,UCQq79zHGZJNzm3SPOfLNmrw,time,7,6.9638,29,268.98,363,532.4676971871385,0.5051492553928857,likely,0.3697662189842424,15,12,none,0
l2RSwUeFXWU,UCQq79zHGZJNzm3SPOfLNmrw,time,14,13.9637,29,303.79,363,580,0.5237749546279492,confirmed,0.34336990371726595,15,10,none,0
nnsv1JFqd48,UCtW1WA-bJ4s6l-ZCCT35QBg,heldout,2,2.9661,31,6949.33,7385,6146.000000000002,1.130708396439978,early,,15,11,none,0
nnsv1JFqd48,UCtW1WA-bJ4s6l-ZCCT35QBg,heldout,3,2.9661,31,6949.33,7385,6146.000000000002,1.130708396439978,early,,15,11,none,0
nnsv1JFqd48,UCtW1WA-bJ4s6l-ZCCT35QBg,heldout,5,5.9661,31,7023.47,7385,6146.000000000002,1.1427705405036581,likely,0.38681499924507956,15,11,none,0
nnsv1JFqd48,UCtW1WA-bJ4s6l-ZCCT35QBg,heldout,7,6.9661,31,7145.62,7385,6146.000000000002,1.1626452251282478,likely,0.3595166851614843,15,11,none,0
nnsv1JFqd48,UCtW1WA-bJ4s6l-ZCCT35QBg,heldout,14,13.9661,31,7015.72,7385,6146.000000000002,1.141510440113519,confirmed,0.2898712997093531,15,9,none,0
Jnz7K5LiVcM,UCecPJBL6E1PVky1-gj6KH5g,heldout,7,7.4979,30,187322.03,197406,95979.56750306074,1.9516865823504748,confirmed,,15,12,none,0
Jnz7K5LiVcM,UCecPJBL6E1PVky1-gj6KH5g,heldout,14,14.4979,30,180627.65,197406,95883.35788556638,1.8838268812431356,confirmed,0.18567992660211924,15,9,none,0
hoxbK3cI1I0,UCMIjEnXruVHtvgSVf6TgfUg,heldout,14,14.6353,31,77176.84,74192,50553.12842465301,1.5266480877579187,confirmed,,4,4,none,0
nMPiGLlVhYw,UCpXipTyhIY9kprpvVd-lu0A,heldout,7,8.8437,30,147425.45,174167,54363.604733548935,2.7118409451627152,confirmed,,15,15,none,0
nMPiGLlVhYw,UCpXipTyhIY9kprpvVd-lu0A,heldout,14,13.8437,30,156732.00,174167,53110.4790027857,2.9510560428532235,confirmed,0.33135788441678854,15,15,none,0
ar5TKkSccEc,UChISHLovxnSLP0w81NEQj5w,time,14,13.8253,28,1944.98,1887,9335.247361609434,0.20834826800742,confirmed,0,15,15,none,0
exWKlZWo2kA,UCI3yTtc0kShZ-S_Qsd5VTSQ,time,1,0.8743,27,664647.33,2458836,457646.7878255846,1.452315082593913,early,,14,14,none,0
exWKlZWo2kA,UCI3yTtc0kShZ-S_Qsd5VTSQ,time,2,1.8743,27,1088130.45,2458836,457646.7878255846,2.3776643461962115,early,1.103523594589508,14,14,none,0
exWKlZWo2kA,UCI3yTtc0kShZ-S_Qsd5VTSQ,time,3,2.8743,27,1242677.19,2458836,457646.7878255846,2.715363069122183,early,1.0214061697426728,14,14,none,0
exWKlZWo2kA,UCI3yTtc0kShZ-S_Qsd5VTSQ,time,5,4.8743,27,1839713.42,2458836,465286.043813016,3.953940684426024,likely,1.1132173105588177,14,14,none,0
exWKlZWo2kA,UCI3yTtc0kShZ-S_Qsd5VTSQ,time,7,6.8743,27,2112412.87,2458836,465286.043813016,4.540030587042642,likely,1.0778860666443293,14,14,none,0
exWKlZWo2kA,UCI3yTtc0kShZ-S_Qsd5VTSQ,time,14,12.8743,27,2292813.53,2458836,473909.35215398704,4.8380845873634595,confirmed,0.9385215342906054,14,14,none,0
2PJ8yXYa9JY,UCkU_KcVKHrxgE4uhbIWaQtg,heldout,5,6.7499,28,54490.41,63602,59429.000000000015,0.9168993001047685,likely,,15,13,none,0
2PJ8yXYa9JY,UCkU_KcVKHrxgE4uhbIWaQtg,time,5,6.7499,28,54490.41,63602,59429.000000000015,0.9168993001047685,likely,,15,13,none,0
2PJ8yXYa9JY,UCkU_KcVKHrxgE4uhbIWaQtg,heldout,7,6.7499,28,54490.41,63602,59429.000000000015,0.9168993001047685,likely,,15,13,none,0
2PJ8yXYa9JY,UCkU_KcVKHrxgE4uhbIWaQtg,time,7,6.7499,28,54490.41,63602,59429.000000000015,0.9168993001047685,likely,,15,13,none,0
2PJ8yXYa9JY,UCkU_KcVKHrxgE4uhbIWaQtg,heldout,14,13.7499,28,53185.51,63602,59429.000000000015,0.8949420845191327,confirmed,0.19225287461533253,15,9,none,0
2PJ8yXYa9JY,UCkU_KcVKHrxgE4uhbIWaQtg,time,14,13.7499,28,53185.51,63602,59429.000000000015,0.8949420845191327,confirmed,0.19225287461533253,15,9,none,0
NYgLyDCvCe8,UCdOIkjWFRXVho4Ua_j9_q4A,time,1,0.8328,27,27300.25,18183,31709.799816681923,0.8609403202442566,early,,15,11,none,0
NYgLyDCvCe8,UCdOIkjWFRXVho4Ua_j9_q4A,time,2,1.8328,27,18930.21,18183,31709.799816681923,0.5969830131082403,early,0.4474806759069256,15,11,none,0
NYgLyDCvCe8,UCdOIkjWFRXVho4Ua_j9_q4A,time,3,2.8328,27,18625.15,18183,31709.799816681923,0.5873626597768581,early,0.34712432147482086,15,10,none,0
NYgLyDCvCe8,UCdOIkjWFRXVho4Ua_j9_q4A,time,5,4.8328,27,18858.59,18183,31751.85371288156,0.5939367792480805,likely,0.30152653351195036,15,9,none,0
NYgLyDCvCe8,UCdOIkjWFRXVho4Ua_j9_q4A,time,7,6.8328,27,18635.83,18183,32295.64459056136,0.5770385572177785,likely,0.28128306492235783,15,9,none,0
NYgLyDCvCe8,UCdOIkjWFRXVho4Ua_j9_q4A,time,14,12.8328,27,19488.71,18183,33329.96806529089,0.5847204408253763,confirmed,0.23909011261377766,15,9,none,0
WfYYV2UfUCI,UCxXy4JFL-E7Ukr6smHpttjg,time,1,0.8955,29,67.27,384,191.36032501171263,0.3515589192726942,early,,15,12,none,0
WfYYV2UfUCI,UCxXy4JFL-E7Ukr6smHpttjg,time,2,1.8955,29,83.25,384,191.36032501171263,0.43506655628247143,early,0.9001315722100491,15,12,none,0
WfYYV2UfUCI,UCxXy4JFL-E7Ukr6smHpttjg,time,3,2.8955,29,268.19,384,194.3420734430706,1.3799988922123327,early,1.2917056566230494,15,12,none,0
WfYYV2UfUCI,UCxXy4JFL-E7Ukr6smHpttjg,time,5,4.8955,29,373.20,384,194.3420734430706,1.920317022119922,likely,1.164834254048944,15,12,none,0
WfYYV2UfUCI,UCxXy4JFL-E7Ukr6smHpttjg,time,7,6.8955,29,212.93,384,204.2986752066374,1.042235411392654,likely,1.0814203897527952,15,12,none,0
WfYYV2UfUCI,UCxXy4JFL-E7Ukr6smHpttjg,time,14,13.8955,29,393.37,384,218.06850149515765,1.8038894018436868,confirmed,0.9703752969567676,15,12,none,0
RCoAYrh84zY,UCsjrTadAFqgr29SsPPN6QRA,time,14,12.7371,27,2242.44,2321,1675.5838315336014,1.3383034223886034,confirmed,0.2755922408669756,15,15,none,0
dsnVXpwNm8I,UCsvqVGtbbyHaMoevxPAq9Fg,time,14,13.9371,29,2480.56,2493,5486.201803352382,0.45214485059975007,confirmed,0.43468008080012777,15,15,none,0
fzsT5LPKiC8,UC1LJVKQ0hp7sKyfAbKoDHMw,heldout,14,13.0608,30,62.09,60,70.76612119408881,0.8773602940822992,confirmed,,15,12,none,0
qxavxDrfFIg,UC8jRs1LfVO5vsrSk-YRu5ZA,time,7,8.6978,27,4024.67,3237,2920.8811642076816,1.377894651497088,confirmed,,10,8,none,0
qxavxDrfFIg,UC8jRs1LfVO5vsrSk-YRu5ZA,time,14,13.6978,27,3323.63,3237,2729.0173422664775,1.2178837903740924,confirmed,0.015003287069919935,15,11,none,0
ojhwWvs9lZQ,UCI4uVUontY0y9hiGFlJ-lBA,time,1,0.8324,29,1450.18,1842,1991.7939508271443,0.7280792807944081,early,,15,10,none,0
ojhwWvs9lZQ,UCI4uVUontY0y9hiGFlJ-lBA,time,2,1.8324,29,1715.85,1842,1984.1268712483468,0.8647907059150818,early,1.0112204643741078,15,10,none,0
ojhwWvs9lZQ,UCI4uVUontY0y9hiGFlJ-lBA,time,3,2.8324,29,1794.99,1842,1984.1268712483468,0.904677468366376,early,0.8519243134253508,15,10,none,0
ojhwWvs9lZQ,UCI4uVUontY0y9hiGFlJ-lBA,time,5,4.8324,29,1892.61,1842,1976.4081264723336,0.9575995081718396,likely,0.7011067074609493,15,10,none,0
ojhwWvs9lZQ,UCI4uVUontY0y9hiGFlJ-lBA,time,7,6.8324,29,1893.35,1842,1976.4081264723336,0.9579773186804836,likely,0.64082207605875,15,10,none,0
ojhwWvs9lZQ,UCI4uVUontY0y9hiGFlJ-lBA,time,14,14.8324,29,2102.29,1842,1953.3681333261889,1.0762393801505097,confirmed,0.5264734496345475,15,10,none,0
83hJsRWVB0c,UCnmGIkw-KdI0W5siakKPKog,heldout,3,3.8748,30,3556765.12,3139671,3495766.3677162253,1.0174493228459376,likely,,15,15,none,0
83hJsRWVB0c,UCnmGIkw-KdI0W5siakKPKog,heldout,5,3.8748,30,3556765.12,3139671,3495766.3677162253,1.0174493228459376,likely,,15,15,none,0
SYMxa_0QdhQ,UCI4uVUontY0y9hiGFlJ-lBA,heldout,7,7.8328,29,3291.76,3371,767.0710147866731,4.291342152923101,confirmed,,15,10,none,0
SYMxa_0QdhQ,UCI4uVUontY0y9hiGFlJ-lBA,heldout,14,13.8328,29,3278.05,3371,755.3339289690608,4.339863719471003,confirmed,0.2566756837975821,15,10,none,0
rfzG9gP7Sng,UCqqJQ_cXSat0KIAVfIfKkVA,time,1,0.7754,28,102429.90,87410,103126.52492483267,0.9932449642635731,early,,15,12,none,0
rfzG9gP7Sng,UCqqJQ_cXSat0KIAVfIfKkVA,time,2,1.7754,28,107871.41,87410,103027.82073062232,1.0470123939234082,early,0.725058091384636,15,12,none,0
rfzG9gP7Sng,UCqqJQ_cXSat0KIAVfIfKkVA,time,3,2.7754,28,97499.88,87410,103108.08252022625,0.945608467118759,early,0.5858723407582646,15,11,none,0
rfzG9gP7Sng,UCqqJQ_cXSat0KIAVfIfKkVA,time,5,4.7754,28,90377.92,87410,102956.07286258289,0.8778298947921219,likely,0.4491647771756442,15,11,none,0
rfzG9gP7Sng,UCqqJQ_cXSat0KIAVfIfKkVA,time,7,6.7754,28,89695.77,87410,102641.63865012312,0.8738731329961426,likely,0.4128226082116366,15,11,none,0
rfzG9gP7Sng,UCqqJQ_cXSat0KIAVfIfKkVA,time,14,12.7754,28,92993.25,87410,101756.22455032746,0.9138827012726101,confirmed,0.3555893533844673,15,10,none,0
v2wc7Pde8Ms,UCObA5o3mcc1felIMAv6cukw,heldout,5,5.0135,29,54994.49,60606,64804.95239951957,0.8486154805413683,likely,0.14159815943147644,15,14,none,0
v2wc7Pde8Ms,UCObA5o3mcc1felIMAv6cukw,time,5,5.0135,29,54994.49,60606,64804.95239951957,0.8486154805413683,likely,0.14159815943147644,15,14,none,0
v2wc7Pde8Ms,UCObA5o3mcc1felIMAv6cukw,heldout,7,7.0135,29,56650.49,60606,64804.95239951957,0.8741691409225252,confirmed,0.19609180238433044,15,14,none,0
v2wc7Pde8Ms,UCObA5o3mcc1felIMAv6cukw,time,7,7.0135,29,56650.49,60606,64804.95239951957,0.8741691409225252,confirmed,0.19609180238433044,15,14,none,0
v2wc7Pde8Ms,UCObA5o3mcc1felIMAv6cukw,heldout,14,14.0135,29,62406.36,60606,64073.07973155572,0.9739872507475432,confirmed,0.18328191479432765,15,14,none,0
v2wc7Pde8Ms,UCObA5o3mcc1felIMAv6cukw,time,14,14.0135,29,62406.36,60606,64073.07973155572,0.9739872507475432,confirmed,0.18328191479432765,15,14,none,0
C0pFsBgpFIg,UCq33AlEZl8QBmxatFEwknew,heldout,14,14.3166,29,225.91,227,342.59182024887957,0.659400990500998,confirmed,0.1799203544341972,15,12,none,0
xsDawRKgvbw,UCGER4yfUXubhNVPYoNzBSEA,time,1,0.8322,29,13318.23,9391,17024.29770852428,0.7823073419545872,early,,15,13,none,0
xsDawRKgvbw,UCGER4yfUXubhNVPYoNzBSEA,time,2,1.8322,29,11536.55,9391,17024.29770852428,0.6776517932826762,early,0.6638562642553163,15,13,none,0
xsDawRKgvbw,UCGER4yfUXubhNVPYoNzBSEA,time,3,2.8322,29,10810.91,9391,17024.29770852428,0.6350282469914122,early,0.48199577616680356,15,13,none,0
xsDawRKgvbw,UCGER4yfUXubhNVPYoNzBSEA,time,5,4.8322,29,9977.29,9391,17024.29770852428,0.5860615724206347,likely,0.3749461412010836,15,13,none,0
xsDawRKgvbw,UCGER4yfUXubhNVPYoNzBSEA,time,7,6.8322,29,9594.27,9391,17024.29770852428,0.5635631451619224,likely,0.31829477532670497,15,13,none,0
xsDawRKgvbw,UCGER4yfUXubhNVPYoNzBSEA,time,14,13.8322,29,10002.35,9391,17571.202383134743,0.569246475993452,confirmed,0.26754042864719607,15,12,none,0
_K-lEOPTFXU,UC3KNWfcAsfHDqIzHExknhFQ,time,5,6.6374,28,130.97,172,,,insufficient,,0,0,none,0
_K-lEOPTFXU,UC3KNWfcAsfHDqIzHExknhFQ,time,7,6.6374,28,130.97,172,,,insufficient,,0,0,none,0
_K-lEOPTFXU,UC3KNWfcAsfHDqIzHExknhFQ,time,14,13.6374,28,153.06,172,,,insufficient,0.3548029485960391,0,0,none,0
hQcpJXeZz94,UC0Le_ilaOlp9HftXeiMglsg,heldout,14,15.4693,27,8440.32,8450,7269.691092339227,1.1610280286020436,confirmed,0.07560406077298881,15,10,none,0
hQcpJXeZz94,UC0Le_ilaOlp9HftXeiMglsg,time,14,15.4693,27,8440.32,8450,7269.691092339227,1.1610280286020436,confirmed,0.07560406077298881,15,10,none,0
Xnj1zy1Cz5Q,UCBv7HEHuVlNAELGi5XJd85Q,time,5,4.7916,27,399124.51,540286,,,insufficient,,0,0,none,0
Xnj1zy1Cz5Q,UCBv7HEHuVlNAELGi5XJd85Q,time,7,7.7916,27,496975.28,540286,,,insufficient,0.5039048235777105,0,0,none,0
Xnj1zy1Cz5Q,UCBv7HEHuVlNAELGi5XJd85Q,time,14,12.7916,27,506471.97,540286,,,insufficient,0.4493341924862352,0,0,none,0
OSrqPK1EUyo,UC6gi5tigsPyfEnFXFPeYH0Q,time,5,4.8451,29,135.98,225,192.221974087727,0.707401834360567,likely,,15,15,none,0
OSrqPK1EUyo,UC6gi5tigsPyfEnFXFPeYH0Q,time,7,6.8451,29,164.64,225,198.7862536928503,0.8282237272856003,likely,0.6195381269740975,15,15,none,0
OSrqPK1EUyo,UC6gi5tigsPyfEnFXFPeYH0Q,time,14,13.8451,29,165.92,225,247.55426654574674,0.6702198745705069,confirmed,0.3762137851435802,15,13,none,0
55cNdkFLO7Y,UC4wKN1tlnlNVMiRPOu7qyvQ,time,2,2.5833,29,1241.46,1903,2230.772919005604,0.5565165714172182,early,,15,15,none,0
55cNdkFLO7Y,UC4wKN1tlnlNVMiRPOu7qyvQ,time,3,2.5833,29,1241.46,1903,2230.772919005604,0.5565165714172182,early,,15,15,none,0
55cNdkFLO7Y,UC4wKN1tlnlNVMiRPOu7qyvQ,time,5,4.5833,29,1339.02,1903,2332.2735752934777,0.5741283768802256,likely,0.4759099508272012,15,15,none,0
55cNdkFLO7Y,UC4wKN1tlnlNVMiRPOu7qyvQ,time,7,6.5833,29,1353.76,1903,2364.714933388325,0.5724832014537395,likely,0.4128132577584704,15,15,none,0
55cNdkFLO7Y,UC4wKN1tlnlNVMiRPOu7qyvQ,time,14,13.5833,29,1556.34,1903,2300.681562439748,0.676467733524518,confirmed,0.3785294776277429,15,15,none,0
oyEQHHlRgE0,UC9Nrmsn0jlFsbuzmeUVdIUw,time,2,2.8333,28,388.45,355,,,insufficient,,1,1,none,0
oyEQHHlRgE0,UC9Nrmsn0jlFsbuzmeUVdIUw,time,3,2.8333,28,388.45,355,,,insufficient,,1,1,none,0
oyEQHHlRgE0,UC9Nrmsn0jlFsbuzmeUVdIUw,time,5,5.8333,28,365.99,355,101.44467721931903,3.607814213808719,likely,0.2555261287098042,15,13,none,0
oyEQHHlRgE0,UC9Nrmsn0jlFsbuzmeUVdIUw,time,7,6.8333,28,356.78,355,100.84892625786972,3.5377331617726853,likely,0.2598668746399945,15,13,none,0
oyEQHHlRgE0,UC9Nrmsn0jlFsbuzmeUVdIUw,time,14,13.8333,28,373.93,355,103.51352840301944,3.6123444463908814,confirmed,0.2290075029972622,15,11,none,0
LKpq24P0uqM,UCuxbOHa_nj8k6qotTzJrWZA,heldout,3,3.0624,29,3781.47,3546,9199.028129532115,0.4110722299485693,likely,,15,14,none,0
LKpq24P0uqM,UCuxbOHa_nj8k6qotTzJrWZA,heldout,5,4.0624,29,4441.85,3546,9142.803987613031,0.4858299601897742,likely,0.7192098909525977,15,14,none,0
LKpq24P0uqM,UCuxbOHa_nj8k6qotTzJrWZA,heldout,7,7.0624,29,3859.55,3546,9014.585015039866,0.42814472044686136,confirmed,0.3549775722019005,15,13,none,0
LKpq24P0uqM,UCuxbOHa_nj8k6qotTzJrWZA,heldout,14,14.0624,29,3834.12,3546,8711.724123316142,0.4401104844985798,confirmed,0.24129612336350253,15,10,none,0
Ar4s4H7Pkjw,UC5_SBQbLA9Kg7Jh5GpXoP3g,time,1,0.8330,28,10.66,49,770.4139739675793,0.013840762661477766,early,,12,11,none,0
Ar4s4H7Pkjw,UC5_SBQbLA9Kg7Jh5GpXoP3g,time,2,1.8330,28,12.18,49,770.4139739675793,0.015814331646669937,early,0.9312796179456354,12,11,none,0
Ar4s4H7Pkjw,UC5_SBQbLA9Kg7Jh5GpXoP3g,time,3,2.8330,28,17.12,49,727.050099071827,0.02354417834746998,early,0.9396086142938477,15,13,none,0
Ar4s4H7Pkjw,UC5_SBQbLA9Kg7Jh5GpXoP3g,time,5,4.8330,28,12.36,49,683.0522992304069,0.01809507910411155,likely,0.5987884887513285,15,12,none,0
Ar4s4H7Pkjw,UC5_SBQbLA9Kg7Jh5GpXoP3g,time,7,6.8330,28,32.51,49,669.8893274650911,0.04852739923899722,likely,1.10812501964173,15,12,none,0
Ar4s4H7Pkjw,UC5_SBQbLA9Kg7Jh5GpXoP3g,time,14,13.8330,28,48.36,49,641.0670806549815,0.07542939275022142,confirmed,1.0092333609881885,15,12,none,0
UbJjs2hZz1Q,UCGpsgNbzdF7BECCVbB1COHw,time,14,13.0014,29,3388.73,3348,6868.441362788712,0.49337748561220285,confirmed,0.038116684907735315,15,15,none,0
XGl-8BSbgFk,UCuVaqIpPgUyGP6AytqSfs0g,time,1,1.0826,29,2469.93,1687,3789.885657866665,0.6517169203727052,early,1.6555879967677434,15,15,none,0
XGl-8BSbgFk,UCuVaqIpPgUyGP6AytqSfs0g,time,2,2.0826,29,2750.89,1687,3827.3308998362595,0.7187489877064808,early,1.1178975238451756,15,15,none,0
XGl-8BSbgFk,UCuVaqIpPgUyGP6AytqSfs0g,time,3,3.0826,29,2614.74,1687,3831.406784272434,0.6824499901830978,likely,0.9462665042654352,15,15,none,0
XGl-8BSbgFk,UCuVaqIpPgUyGP6AytqSfs0g,time,5,5.0826,29,2515.25,1687,3870.012580585404,0.6499343075780429,likely,0.7849748071638842,15,15,none,0
XGl-8BSbgFk,UCuVaqIpPgUyGP6AytqSfs0g,time,7,7.0826,29,2342.20,1687,3871.5798442696378,0.6049727878600556,confirmed,0.7067892914572402,15,15,none,0
XGl-8BSbgFk,UCuVaqIpPgUyGP6AytqSfs0g,time,14,14.0826,29,2002.15,1687,3921.9768536222145,0.5104958283984512,confirmed,0.5653696927727041,15,14,none,0
7INb9mzVWSE,UC4cTmHcWEXfkRdCvFLe4KiQ,time,14,13.9687,30,4811.77,4718,3579.472915169316,1.3442684003855274,confirmed,,15,13,none,0
esRuyVoxqp4,UCPAt6z5uX_c5Eo_cSNROzYw,time,14,14.7276,29,12486.33,12853,10338.768340423856,1.2077196508575623,confirmed,0.04384847473726444,15,15,none,0
5Q_l8m6rsqI,UC6unsgtxsnMeFG3OBRX-PQw,time,7,7.0832,27,1409.14,1206,,,insufficient,,0,0,none,0
5Q_l8m6rsqI,UC6unsgtxsnMeFG3OBRX-PQw,time,14,15.0832,27,1217.42,1206,8278.194610921712,0.14706379341893883,confirmed,0.07468557653618925,15,10,none,0
OUQhHT9onaQ,UCUpbDOT-OVNBlaQpb9pbd2w,time,3,3.5436,27,14401.28,9600,31003.103460494433,0.4645108333003157,likely,,15,15,none,0
OUQhHT9onaQ,UCUpbDOT-OVNBlaQpb9pbd2w,time,5,4.5436,27,10511.47,9600,29358.986541493963,0.3580325031316863,likely,0.07362176898304698,15,15,none,0
OUQhHT9onaQ,UCUpbDOT-OVNBlaQpb9pbd2w,time,7,7.5436,27,10368.46,9600,27437.012292483192,0.37790044187360267,confirmed,0.05937288913084066,15,15,none,0
OUQhHT9onaQ,UCUpbDOT-OVNBlaQpb9pbd2w,time,14,15.5436,27,9875.80,9600,24819.776479040345,0.3979004045394748,confirmed,0.03928322246609968,15,15,none,0
PCeflwCXSLg,UCZv_19T3Yuk8k0RZRGNqgow,heldout,1,0.8124,30,8495.84,9763,15640.55511568954,0.5431928968530655,early,,15,14,none,0
PCeflwCXSLg,UCZv_19T3Yuk8k0RZRGNqgow,heldout,7,7.8124,30,9276.06,9763,15910.56877880512,0.5830126820425356,confirmed,0.47555089558409763,15,13,none,0
PCeflwCXSLg,UCZv_19T3Yuk8k0RZRGNqgow,heldout,14,13.8124,30,9366.06,9763,15960.287942738603,0.5868354751178523,confirmed,0.43904730173567913,15,13,none,0
Y2nzTuUvslo,UCDAbrXOj2yIrzj8QE4jC-Og,time,5,6.8327,29,2985.76,2969,,,insufficient,,0,0,none,0
Y2nzTuUvslo,UCDAbrXOj2yIrzj8QE4jC-Og,time,7,6.8327,29,2985.76,2969,,,insufficient,,0,0,none,0
Y2nzTuUvslo,UCDAbrXOj2yIrzj8QE4jC-Og,time,14,13.8327,29,2919.39,2969,,,insufficient,0.19652397795731746,0,0,none,0
Z_qTdDy5LlQ,UCbJCFAtGMXQZm6WfSMMLzvw,time,14,13.9133,28,3656.50,3558,3260.085426214482,1.1215974464962295,confirmed,,15,15,none,0
YqeEsJahLeA,UCq33AlEZl8QBmxatFEwknew,time,14,14.3193,29,245.96,259,346.58438191195603,0.7096824645435337,confirmed,0.12738966477096095,15,11,none,0
1zfTDaO1cO8,UC2r2JPFr-m6Q0z2WRiCg7dA,time,7,7.0833,27,31295.69,27505,,,insufficient,,0,0,none,0
1zfTDaO1cO8,UC2r2JPFr-m6Q0z2WRiCg7dA,time,14,15.0833,27,27130.54,27505,28307.486949563045,0.9584229077397846,confirmed,0.07965905564927023,15,11,none,0
Ntro6RYioLE,UCRte954rw0oeMWFroy_ClAw,heldout,1,1.8604,30,7797.78,23646,10243.880051890716,0.761213590803264,early,,15,14,none,0
Ntro6RYioLE,UCRte954rw0oeMWFroy_ClAw,heldout,2,1.8604,30,7797.78,23646,10243.880051890716,0.761213590803264,early,,15,14,none,0
Ntro6RYioLE,UCRte954rw0oeMWFroy_ClAw,heldout,3,2.8604,30,8183.97,23646,10227.188938415857,0.800217418018586,early,0.6182468780357254,15,14,none,0
Ntro6RYioLE,UCRte954rw0oeMWFroy_ClAw,heldout,5,4.8604,30,8147.69,23646,10181.891989638014,0.8002141172567308,likely,0.4803889427822406,15,14,none,0
Ntro6RYioLE,UCRte954rw0oeMWFroy_ClAw,heldout,7,6.8604,30,8307.80,23646,10186.607119133214,0.815560599465306,likely,0.44662758517544876,15,13,none,0
Ntro6RYioLE,UCRte954rw0oeMWFroy_ClAw,heldout,14,13.8604,30,13194.95,23646,10338.91953904597,1.2762409454952752,confirmed,0.5832221543967625,15,12,none,0
Oexn81_0-9E,UCBRpqrzuuqE8TZcWw75JSdw,time,5,6.5686,29,49336.17,42997,,,insufficient,,1,1,none,0
Oexn81_0-9E,UCBRpqrzuuqE8TZcWw75JSdw,time,7,6.5686,29,49336.17,42997,,,insufficient,,1,1,none,0
Oexn81_0-9E,UCBRpqrzuuqE8TZcWw75JSdw,time,14,13.5686,29,42819.59,42997,,,insufficient,0.08545692906204377,1,1,none,0
_5g09wlF2pY,UC-2vh3f5tIDkt4K01ZsGDXw,heldout,2,2.8157,31,8538.02,15474,22882.92564491625,0.3731177077503853,early,,12,11,none,0
_5g09wlF2pY,UC-2vh3f5tIDkt4K01ZsGDXw,heldout,3,2.8157,31,8538.02,15474,22882.92564491625,0.3731177077503853,early,,12,11,none,0
y-w3vnh_f4Q,UCFK6NCbuCIVzA6Yj1G_ZqCg,time,5,6.7908,28,6553.31,5848,,,insufficient,,0,0,none,0
y-w3vnh_f4Q,UCFK6NCbuCIVzA6Yj1G_ZqCg,time,7,6.7908,28,6553.31,5848,,,insufficient,,0,0,none,0
y-w3vnh_f4Q,UCFK6NCbuCIVzA6Yj1G_ZqCg,time,14,13.7908,28,6176.56,5848,,,insufficient,0.13844984130487048,0,0,none,0
cC-J0ZCUH28,UC67dKTEwpAhKv2oYDATwR8g,time,1,0.9118,28,16547.11,13066,44619.288650146045,0.3708509792379115,early,,15,9,none,0
cC-J0ZCUH28,UC67dKTEwpAhKv2oYDATwR8g,time,2,1.9118,28,12956.44,13066,44658.999999999985,0.2901194032644543,early,0.3823567888667621,15,8,none,0
cC-J0ZCUH28,UC67dKTEwpAhKv2oYDATwR8g,time,3,2.9118,28,11462.74,13066,44658.999999999985,0.2566726749252198,early,0.359240500854155,15,8,none,0
cC-J0ZCUH28,UC67dKTEwpAhKv2oYDATwR8g,time,5,4.9118,28,11691.00,13066,44658.999999999985,0.2617838111805158,likely,0.31616340194607867,15,8,none,0
cC-J0ZCUH28,UC67dKTEwpAhKv2oYDATwR8g,time,7,6.9118,28,12796.79,13066,44658.999999999985,0.2865444858225505,likely,0.3023430323508245,15,8,none,0
cC-J0ZCUH28,UC67dKTEwpAhKv2oYDATwR8g,time,14,13.9118,28,13079.05,13066,44658.999999999985,0.29286472985378725,confirmed,0.27040166687735273,15,7,none,0
50YZV2_mXGo,UCPq1_RaAg4lKCMwBktZniOw,time,5,5.0313,29,3137.36,4295,4229.629645157469,0.7417578928778984,likely,0.09505610195579457,15,14,none,0
50YZV2_mXGo,UCPq1_RaAg4lKCMwBktZniOw,time,7,6.0313,29,3185.30,4295,4231.673465336644,0.7527293875614648,likely,0.20598857751395172,15,14,none,0
50YZV2_mXGo,UCPq1_RaAg4lKCMwBktZniOw,time,14,14.0313,29,4091.92,4295,4348.515861123533,0.9409924157100299,confirmed,0.2753532656162744,15,13,none,0
eCx_AycNMHE,UCB5Nin2VBUeNLqamqEVh-2A,heldout,0.5,0.4967,30,3825.98,2179,46050.94239390824,0.08308148739348241,early,,13,12,none,0
eCx_AycNMHE,UCB5Nin2VBUeNLqamqEVh-2A,heldout,1,0.4967,30,3825.98,2179,46050.94239390824,0.08308148739348241,early,,13,12,none,0
eCx_AycNMHE,UCB5Nin2VBUeNLqamqEVh-2A,heldout,5,5.4967,30,2348.03,2179,45006.024960233146,0.05217143780933238,likely,0.29707716966095854,15,14,none,0
eCx_AycNMHE,UCB5Nin2VBUeNLqamqEVh-2A,heldout,7,6.4967,30,2289.42,2179,45112.952399783106,0.050748557119078296,likely,0.294405882175522,15,14,none,0
eCx_AycNMHE,UCB5Nin2VBUeNLqamqEVh-2A,heldout,14,14.4967,30,2323.05,2179,46246.730731412215,0.05023158294377851,confirmed,0.24221510364367183,15,13,none,0
Z2lYnArJbMw,UCSLClJLzdUMRMe0E4SPfc-w,time,1,0.7911,27,68834.95,64386,78987.6097944527,0.8714651160694638,early,,15,10,none,0
Z2lYnArJbMw,UCSLClJLzdUMRMe0E4SPfc-w,time,2,1.7911,27,74398.70,64386,79527.30929679955,0.9355113670098284,early,0.6762575741791204,15,10,none,0
Z2lYnArJbMw,UCSLClJLzdUMRMe0E4SPfc-w,time,3,2.7911,27,68518.37,64386,79852.4138512403,0.8580626442694639,early,0.47775477536414207,15,9,none,0
Z2lYnArJbMw,UCSLClJLzdUMRMe0E4SPfc-w,time,5,4.7911,27,57084.76,64386,79374.24153502917,0.7191849096289479,likely,0.3604769301948164,15,9,none,0
Z2lYnArJbMw,UCSLClJLzdUMRMe0E4SPfc-w,time,7,6.7911,27,60906.46,64386,78898.58860046262,0.7719587444449926,likely,0.3447013910265876,15,9,none,0
Z2lYnArJbMw,UCSLClJLzdUMRMe0E4SPfc-w,time,14,12.7911,27,63571.97,64386,76870.46158405908,0.8270012571529302,confirmed,0.30700013618103456,15,6,none,0
rxg-jB71Luc,UC2d_Fhm3BJ5I24BCIiumJjA,time,5,4.7908,27,2349.70,2374,,,insufficient,,0,0,none,0
rxg-jB71Luc,UC2d_Fhm3BJ5I24BCIiumJjA,time,7,6.7908,27,2029.71,2374,,,insufficient,0.22265698491524707,0,0,none,0
rxg-jB71Luc,UC2d_Fhm3BJ5I24BCIiumJjA,time,14,15.7908,27,2486.50,2374,,,insufficient,0.23577099621328476,0,0,none,0
Zdy-qZO93Qg,UCx0irbDsRLjMvEXaW56cqlQ,heldout,14,14.9992,29,3404.83,3148,5760.702141031446,0.5910438964787386,confirmed,,15,13,none,0
MzV8Et4sLEk,UC1lfnF3avRvtFm_wajLLhyg,heldout,14,12.7990,28,28001.41,25971,29713.26480705977,0.9423875421494609,confirmed,,15,14,none,0
PQmxLKP_Fjw,UCCiQOYmPsqoLL7j27Zr0C8A,time,5,5.8328,28,592.86,512,,,insufficient,,0,0,none,0
PQmxLKP_Fjw,UCCiQOYmPsqoLL7j27Zr0C8A,time,7,6.8328,28,484.89,512,,,insufficient,0.0834832210135947,0,0,none,0
PQmxLKP_Fjw,UCCiQOYmPsqoLL7j27Zr0C8A,time,14,13.8328,28,488.83,512,,,insufficient,0.10508616739510539,0,0,none,0
E3vmC5QWZV4,UCanFJj7l5LIdEsxlJVK0c5g,time,14,14.9580,27,10164.66,9843,20912.72660875068,0.48605121938505885,confirmed,0.15009096883093292,15,14,none,0
tSzmW88tRJ8,UCyNlnI6hQO3pVHswmGYvQxA,time,0.5,0.7083,29,16506.51,25112,10416.584710547511,1.584636953487433,early,,15,15,none,0
tSzmW88tRJ8,UCyNlnI6hQO3pVHswmGYvQxA,time,1,0.7083,29,16506.51,25112,10416.584710547511,1.584636953487433,early,,15,15,none,0
tSzmW88tRJ8,UCyNlnI6hQO3pVHswmGYvQxA,time,2,1.7083,29,14438.41,25112,10416.584710547511,1.3860980981857565,early,0.6485764744752703,15,15,none,0
tSzmW88tRJ8,UCyNlnI6hQO3pVHswmGYvQxA,time,3,2.7083,29,15265.45,25112,10409,1.4665621178361776,early,0.533085403334108,15,14,none,0
tSzmW88tRJ8,UCyNlnI6hQO3pVHswmGYvQxA,time,5,4.7083,29,14912.05,25112,10409,1.4326113874596251,likely,0.4587171496553564,15,14,none,0
tSzmW88tRJ8,UCyNlnI6hQO3pVHswmGYvQxA,time,7,6.7083,29,15603.13,25112,10409,1.4990033461441725,likely,0.45538326127415546,15,14,none,0
tSzmW88tRJ8,UCyNlnI6hQO3pVHswmGYvQxA,time,14,13.7083,29,20537.33,25112,10409,1.9730356330185075,confirmed,0.4888716914057859,15,12,none,0
N1CGq7zSjjM,UC3KEoMzNz8eYnwBC34RaKCQ,time,0.5,0.6246,27,280402.66,231830,482383.7550936138,0.5812854440127009,early,,12,12,none,0
N1CGq7zSjjM,UC3KEoMzNz8eYnwBC34RaKCQ,time,1,0.6246,27,280402.66,231830,482383.7550936138,0.5812854440127009,early,,12,12,none,0
N1CGq7zSjjM,UC3KEoMzNz8eYnwBC34RaKCQ,time,2,1.6246,27,319839.34,231830,482383.7550936138,0.6630391932639312,early,0.8417556533261605,12,12,none,0
N1CGq7zSjjM,UC3KEoMzNz8eYnwBC34RaKCQ,time,3,2.6246,27,281425.66,231830,482383.7550936138,0.5834061641298802,early,0.6168302889322819,12,12,none,0
N1CGq7zSjjM,UC3KEoMzNz8eYnwBC34RaKCQ,time,5,4.6246,27,263861.21,231830,481799.6189793835,0.547657563217126,likely,0.4784639163804531,12,12,none,0
N1CGq7zSjjM,UC3KEoMzNz8eYnwBC34RaKCQ,time,7,6.6246,27,257312.01,231830,481054.14769113384,0.5348919962282666,likely,0.42463006841676787,12,12,none,0
N1CGq7zSjjM,UC3KEoMzNz8eYnwBC34RaKCQ,time,14,12.6246,27,254611.80,231830,479554.3483026957,0.5309341910904507,confirmed,0.3424972284112842,12,12,none,0
FNWYh0OjLKI,UCbNBM6s09xhYD4i_mjnEoLA,time,5,6.8493,29,2406.49,2239,,,insufficient,,0,0,none,0
FNWYh0OjLKI,UCbNBM6s09xhYD4i_mjnEoLA,time,7,6.8493,29,2406.49,2239,,,insufficient,,0,0,none,0
FNWYh0OjLKI,UCbNBM6s09xhYD4i_mjnEoLA,time,14,13.8493,29,2269.91,2239,,,insufficient,0.14044418866225986,0,0,none,0
HSOVWcT3sjw,UCLJs1QDIwWlaqdRJS9dZESw,time,1,0.8626,27,7885.37,10784,11657.02380573261,0.6764483908465958,early,,15,13,none,0
HSOVWcT3sjw,UCLJs1QDIwWlaqdRJS9dZESw,time,2,1.8626,27,6960.67,10784,11680.818364393006,0.595905605281312,early,0.7167087276978742,15,13,none,0
HSOVWcT3sjw,UCLJs1QDIwWlaqdRJS9dZESw,time,3,2.8626,27,7569.12,10784,11751.475870649072,0.6440992267190578,early,0.6175424976479637,15,13,none,0
HSOVWcT3sjw,UCLJs1QDIwWlaqdRJS9dZESw,time,5,4.8626,27,9098.42,10784,11790.783533759022,0.7716553021537682,likely,0.6005226772916262,15,13,none,0
HSOVWcT3sjw,UCLJs1QDIwWlaqdRJS9dZESw,time,7,6.8626,27,12834.15,10784,11922.27846288399,1.0764849390428495,likely,0.6817657698280574,15,13,none,0
HSOVWcT3sjw,UCLJs1QDIwWlaqdRJS9dZESw,time,14,12.8626,27,14433.62,10784,12014,1.201399909011505,confirmed,0.5677877971996527,15,12,none,0
nOgoGX589mc,UCrzFIb07hYMhMguR1G0ZtOw,heldout,1,0.9843,30,8193.06,29876,10712.404740623206,0.7648202802017079,early,,14,13,none,0
nOgoGX589mc,UCrzFIb07hYMhMguR1G0ZtOw,heldout,14,13.9843,30,18783.87,29876,8052.690507789886,2.332620772438117,confirmed,0.6900332956677627,15,13,none,0
s9zMTn0QOMs,UCso1B56GyEtnhn2OPENKXoQ,time,14,15.1655,27,64.07,66,161.53683264646742,0.39665801297686654,confirmed,0.0792116390830274,15,15,none,0
0YtOfmWnyR0,UCdR7eGozLjafYMTd2BFnJaQ,time,1,0.8807,29,26114.49,18817,52046.65022914756,0.5017516333598673,early,,15,14,none,0
0YtOfmWnyR0,UCdR7eGozLjafYMTd2BFnJaQ,time,2,1.8807,29,20297.20,18817,52046.65022914756,0.3899808803701522,early,0.35995222062586335,15,14,none,0
0YtOfmWnyR0,UCdR7eGozLjafYMTd2BFnJaQ,time,3,2.8807,29,16300.74,18817,52516.187901008234,0.31039466825763473,early,0.2583688704464603,15,14,none,0
0YtOfmWnyR0,UCdR7eGozLjafYMTd2BFnJaQ,time,5,4.8807,29,15502.05,18817,52516.187901008234,0.29518620017497404,likely,0.19616985117655963,15,14,none,0
0YtOfmWnyR0,UCdR7eGozLjafYMTd2BFnJaQ,time,7,6.8807,29,15605.47,18817,52516.187901008234,0.2971553365408499,likely,0.1862359387379663,15,14,none,0
0YtOfmWnyR0,UCdR7eGozLjafYMTd2BFnJaQ,time,14,13.8807,29,18176.59,18817,53770.06691109079,0.33804283450342,confirmed,0.1798799184806752,15,13,none,0
48un8_ywypI,UCrwbBzP11NhxRUCRKx_BgoQ,time,14,14.6458,27,392177.18,358954,523321.2914974788,0.7494003980180188,confirmed,,15,14,none,0
ITbUyiyQckY,UC4SVo0Ue36XCfOyb5Lh1viQ,time,7,7.9381,29,5195.80,5566,6349.882444720553,0.8182512363383632,confirmed,,15,13,none,0
ITbUyiyQckY,UC4SVo0Ue36XCfOyb5Lh1viQ,time,14,13.9381,29,5278.63,5566,6239.338459649509,0.8460245240898331,confirmed,0.2598184340971155,15,9,none,0
lakqZvIoAkY,UCRix1GJvSBNDpEFY561eSzw,heldout,2,2.8333,31,109067.92,109982,94248.98273516726,1.1572317499416631,early,,15,12,none,0
lakqZvIoAkY,UCRix1GJvSBNDpEFY561eSzw,heldout,3,2.8333,31,109067.92,109982,94248.98273516726,1.1572317499416631,early,,15,12,none,0
lakqZvIoAkY,UCRix1GJvSBNDpEFY561eSzw,heldout,5,4.8333,31,93340.24,109982,94100.12621780613,0.9919247096626105,likely,0.31245184205949533,15,12,none,0
lakqZvIoAkY,UCRix1GJvSBNDpEFY561eSzw,heldout,7,6.8333,31,99079.30,109982,94141.89726112862,1.0524463623322193,likely,0.30219998782161045,15,12,none,0
lakqZvIoAkY,UCRix1GJvSBNDpEFY561eSzw,heldout,14,13.8333,31,109299.99,109982,93991,1.1628771387392638,confirmed,0.2783331130787343,15,11,none,0
CMcLEHqNkLY,UC6BW8DqrAmBEIeCtMa4bfBw,time,14,15.2469,27,5374.02,5524,3674.3957088256357,1.462559435776635,confirmed,0.030238523350873243,15,15,none,0
Dv3Xce1uGJA,UCGWNHkr2WZcRbxqoet-nyeg,heldout,14,13.7024,27,2815.00,2622,2600.1352503824733,1.0826350986574331,confirmed,,15,15,none,0
Dv3Xce1uGJA,UCGWNHkr2WZcRbxqoet-nyeg,time,14,13.7024,27,2815.00,2622,2600.1352503824733,1.0826350986574331,confirmed,,15,15,none,0
IAGruxbR07Y,UCPAt6z5uX_c5Eo_cSNROzYw,time,7,8.9789,29,3130.58,2585,10676.51815610507,0.293220691215088,confirmed,,15,15,none,0
IAGruxbR07Y,UCPAt6z5uX_c5Eo_cSNROzYw,time,14,13.9789,29,2616.74,2585,10338.768340423856,0.25309933421381786,confirmed,0.04514020293965157,15,15,none,0
w2FbEhhhVMw,UCfXzRcRPMHw_AF7EdRtyiJQ,time,5,6.8853,29,12183.56,21941,,,insufficient,,0,0,none,0
w2FbEhhhVMw,UCfXzRcRPMHw_AF7EdRtyiJQ,time,7,6.8853,29,12183.56,21941,,,insufficient,,0,0,none,0
w2FbEhhhVMw,UCfXzRcRPMHw_AF7EdRtyiJQ,time,14,13.8853,29,20926.28,21941,,,insufficient,0.8425411034433423,0,0,none,0
Vvzhrntzo6I,UCPAt6z5uX_c5Eo_cSNROzYw,time,14,13.8316,29,2025.59,1984,10398.211707482804,0.19480204942118068,confirmed,0.03755753715138055,15,15,none,0
ufIJSwVSBzI,UChISHLovxnSLP0w81NEQj5w,time,14,15.3871,27,46904.88,45410,16866.55800423599,2.780939560508647,confirmed,0.0014175226669792488,15,15,none,0
N02M5l1fAME,UC_AuoGXQt-y7eqjKaTsYmjg,time,14,13.7914,28,5297.92,5534,3704.000000000001,1.4303228201890335,confirmed,0.17145589778798886,15,11,none,0
cD9lXJF81eo,UCOYiZJJ25t0ZAH7Y_pKPC0w,heldout,5,5.9574,28,3330.11,3490,27393.080375154175,0.12156739990309212,likely,,8,8,none,0
cD9lXJF81eo,UCOYiZJJ25t0ZAH7Y_pKPC0w,time,5,5.9574,28,3330.11,3490,27393.080375154175,0.12156739990309212,likely,,8,8,none,0
cD9lXJF81eo,UCOYiZJJ25t0ZAH7Y_pKPC0w,heldout,7,6.9574,28,2749.90,3490,27393.080375154175,0.10038650741249994,likely,0.15645182075990058,8,8,none,0
cD9lXJF81eo,UCOYiZJJ25t0ZAH7Y_pKPC0w,time,7,6.9574,28,2749.90,3490,27393.080375154175,0.10038650741249994,likely,0.15645182075990058,8,8,none,0
cD9lXJF81eo,UCOYiZJJ25t0ZAH7Y_pKPC0w,heldout,14,12.9574,28,3069.27,3490,42112.17741895633,0.07288324656593516,confirmed,0.20566211813395938,8,7,none,0
cD9lXJF81eo,UCOYiZJJ25t0ZAH7Y_pKPC0w,time,14,12.9574,28,3069.27,3490,42112.17741895633,0.07288324656593516,confirmed,0.20566211813395938,8,7,none,0
ipwaK2kBFm8,UCsvqVGtbbyHaMoevxPAq9Fg,time,7,8.0202,27,1270.62,1036,3485.9240964841174,0.3644990255660537,confirmed,,15,15,none,0
ipwaK2kBFm8,UCsvqVGtbbyHaMoevxPAq9Fg,time,14,13.0202,27,1060.34,1036,3230.0499170751946,0.32827229581209133,confirmed,0.03788397580575466,15,15,none,0
0BsiuLBfqOY,UC6BW8DqrAmBEIeCtMa4bfBw,time,14,13.2593,27,2780.63,2747,4013.516022547198,0.6928159412702046,confirmed,,15,15,none,0
8Q-t16IzGt8,UC2OjGgjNiqyLr_1qkqAwsUQ,time,14,13.7498,28,1856.12,1891,10850.276957743426,0.1710663104191409,confirmed,0.17611249496056372,15,13,none,0
CX_oTA7ZnC4,UCctXZhXmG-kf3tlIXgVZUlw,time,5,6.7081,27,23216.13,22804,,,insufficient,,0,0,none,0
CX_oTA7ZnC4,UCctXZhXmG-kf3tlIXgVZUlw,time,7,6.7081,27,23216.13,22804,,,insufficient,,0,0,none,0
CX_oTA7ZnC4,UCctXZhXmG-kf3tlIXgVZUlw,time,14,12.7081,27,22487.36,22804,,,insufficient,0.20161073720042855,0,0,none,0
rt3DAL29AQU,UCMmfUj8CcXeqpqWkund3ELg,heldout,14,14.4791,32,54576.29,53367,39823.79661311188,1.3704442974778424,confirmed,0.021658093106452298,15,13,none,0
fxx_E0ojKrc,UC8butISFwT-Wl7EV0hUK0BQ,time,5,4.9064,27,29916.56,36896,,,insufficient,,2,2,none,0
fxx_E0ojKrc,UC8butISFwT-Wl7EV0hUK0BQ,time,7,6.9064,27,31158.04,36896,,,insufficient,0.377012129490225,2,2,none,0
fxx_E0ojKrc,UC8butISFwT-Wl7EV0hUK0BQ,time,14,12.9064,27,35336.56,36896,,,insufficient,0.3715676938752246,2,2,none,0
PAYHOr73Zr4,UC5_SBQbLA9Kg7Jh5GpXoP3g,time,1,0.8328,28,10.66,43,728.7309156981032,0.014632447636115748,early,,7,6,none,0
PAYHOr73Zr4,UC5_SBQbLA9Kg7Jh5GpXoP3g,time,2,2.8328,28,19.26,43,344.06788622376376,0.0559701228192518,early,1.099173416979131,15,13,none,0
PAYHOr73Zr4,UC5_SBQbLA9Kg7Jh5GpXoP3g,time,3,2.8328,28,19.26,43,344.06788622376376,0.0559701228192518,early,1.099173416979131,15,13,none,0
PAYHOr73Zr4,UC5_SBQbLA9Kg7Jh5GpXoP3g,time,5,4.8328,28,20.51,43,318.7105925731955,0.06435259684485883,likely,0.8738254748746151,15,12,none,0
PAYHOr73Zr4,UC5_SBQbLA9Kg7Jh5GpXoP3g,time,7,6.8328,28,22.76,43,317.8261108801303,0.0715976126847289,likely,0.8624908842099287,15,12,none,0
PAYHOr73Zr4,UC5_SBQbLA9Kg7Jh5GpXoP3g,time,14,12.8328,28,35.17,43,288.16021301476604,0.12204145389075217,confirmed,0.8864745909061443,15,12,none,0
BzXqHxy13iA,UC6BW8DqrAmBEIeCtMa4bfBw,time,14,14.2629,29,2226.28,2101,3832.422579709485,0.5809057283612344,confirmed,,15,15,none,0
sSwiiBpEc5E,UCstwpLSByklww1YojZN-KiQ,heldout,0.5,0.5487,30,21530.07,73039,119457.49254733734,0.18023209012168834,early,,15,14,none,0
sSwiiBpEc5E,UCstwpLSByklww1YojZN-KiQ,heldout,1,0.5487,30,21530.07,73039,119457.49254733734,0.18023209012168834,early,,15,14,none,0
sSwiiBpEc5E,UCstwpLSByklww1YojZN-KiQ,heldout,14,13.5487,30,88370.31,73039,117350.09047245982,0.7530485359761746,confirmed,1.0508316545581378,15,14,none,0
sSJx-X9BEWY,UCAbcoKROFsRA_uA9aSprCwg,time,5,6.8740,29,2247.82,2975,,,insufficient,,1,1,none,0
sSJx-X9BEWY,UCAbcoKROFsRA_uA9aSprCwg,time,7,6.8740,29,2247.82,2975,,,insufficient,,1,1,none,0
sSJx-X9BEWY,UCAbcoKROFsRA_uA9aSprCwg,time,14,13.8740,29,2786.68,2975,,,insufficient,0.4555944889165782,1,1,none,0
49PhdIW0Neo,UCQr41WBbI0oGTsYTm2FB99g,time,5,5.4231,29,25243.73,30337,157094.25840652536,0.16069158744263332,likely,0.13473297345274243,15,13,none,0
49PhdIW0Neo,UCQr41WBbI0oGTsYTm2FB99g,time,7,7.4231,29,25328.51,30337,156188.1521927218,0.16216663599336853,confirmed,0.1423977512936613,15,13,none,0
49PhdIW0Neo,UCQr41WBbI0oGTsYTm2FB99g,time,14,13.4231,29,26792.60,30337,151494.95992250714,0.17685470172556578,confirmed,0.13411675801272221,15,11,none,0
zB6DdxyXSIE,UCN3U77hj4a8bJ0jpwSxaZFw,time,14,13.9415,29,4683.67,4685,5722.494692999701,0.8184659344230306,confirmed,0.0634581881048552,15,15,none,0
hhqml53VRbQ,UCxa1v9wVMmjYUhUfQOJxbzw,time,14,14.6153,28,8101.30,7579,7184.79300916711,1.127561366912154,confirmed,,15,13,none,0
yesW-xqQ6ZM,UC6-X3epFE06GDWRHLQG_YMA,time,2,2.6429,27,53579.47,45206,183622.93031643148,0.2917907612459542,early,,12,11,none,0
yesW-xqQ6ZM,UC6-X3epFE06GDWRHLQG_YMA,time,3,2.6429,27,53579.47,45206,183622.93031643148,0.2917907612459542,early,,12,11,none,0
yesW-xqQ6ZM,UC6-X3epFE06GDWRHLQG_YMA,time,5,4.6429,27,42023.08,45206,183818.90434920165,0.22861129019450172,likely,0.19776856211931415,15,14,none,0
yesW-xqQ6ZM,UC6-X3epFE06GDWRHLQG_YMA,time,7,6.6429,27,43360.61,45206,186561.18866263132,0.23242031347826173,likely,0.2084010162731405,15,14,none,0
yesW-xqQ6ZM,UC6-X3epFE06GDWRHLQG_YMA,time,14,12.6429,27,46347.53,45206,193227.2052024675,0.23986027662767803,confirmed,0.1767102237423657,15,13,none,0
fb8BDVvqSHk,UCdt0GYPfoQdIZTiqH4CDBaw,time,5,6.9166,29,9405.58,8038,,,insufficient,,0,0,none,0
fb8BDVvqSHk,UCdt0GYPfoQdIZTiqH4CDBaw,time,7,6.9166,29,9405.58,8038,,,insufficient,,0,0,none,0
fb8BDVvqSHk,UCdt0GYPfoQdIZTiqH4CDBaw,time,14,13.9166,29,8063.10,8038,,,insufficient,0.06885255329483861,0,0,none,0
ilkOBHdBYrw,UCLI5Dd7feZbOShyDS-dHjQg,time,0.5,0.7284,27,6389.87,4499,4580.786528573452,1.3949291898413478,early,,15,12,none,0
ilkOBHdBYrw,UCLI5Dd7feZbOShyDS-dHjQg,time,1,0.7284,27,6389.87,4499,4580.786528573452,1.3949291898413478,early,,15,12,none,0
ilkOBHdBYrw,UCLI5Dd7feZbOShyDS-dHjQg,time,2,1.7284,27,5338.53,4499,4357.10125402026,1.2252475239151182,early,0.5541603048998682,15,12,none,0
ilkOBHdBYrw,UCLI5Dd7feZbOShyDS-dHjQg,time,3,2.7284,27,4121.38,4499,4250.041975711933,0.9697260599729646,early,0.4276340174218347,15,11,none,0
ilkOBHdBYrw,UCLI5Dd7feZbOShyDS-dHjQg,time,5,4.7284,27,4555.39,4499,4067.5251680062256,1.119942283694509,likely,0.3631986218167126,15,11,none,0
ilkOBHdBYrw,UCLI5Dd7feZbOShyDS-dHjQg,time,7,6.7284,27,5158.75,4499,3967.1051505872847,1.3003815066549467,likely,0.3528369144325147,15,11,none,0
ilkOBHdBYrw,UCLI5Dd7feZbOShyDS-dHjQg,time,14,12.7284,27,4660.43,4499,3783.9999999999995,1.2316140300170273,confirmed,0.293323124297636,15,10,none,0
F_PuaNIvAkU,UC6QNjBn6KMq5-pe3OE11zZg,heldout,14,13.8330,30,11526.08,10811,11058.96727947581,1.042238324288186,confirmed,,8,6,none,0
SOg-CUeEqdY,UCUpbDOT-OVNBlaQpb9pbd2w,heldout,14,14.6690,29,8289.43,8036,22615.887389339372,0.3665312339618043,confirmed,0.008046150686578376,15,15,none,0
HzA07cvOfh8,UCnwAlhoB5rVhh6y5P96RXAw,heldout,14,12.9579,30,122401.95,128904,53274.591238308785,2.297567196277085,confirmed,,8,8,none,0
DAOMt3ClIJg,UCw33382AK54Vd90P56EISig,time,7,8.7348,27,1125.80,994,2122.028917235473,0.530529274044449,confirmed,,9,9,none,0
DAOMt3ClIJg,UCw33382AK54Vd90P56EISig,time,14,12.7348,27,1016.57,994,2124.999999999999,0.47838787540867295,confirmed,0.13337124859673144,15,12,none,0
OrNqEcNkoF0,UCAuUUnT6oDeKwE6v1NGQxug,heldout,5,6.8745,29,47958.51,60994,,,insufficient,,1,1,none,0
OrNqEcNkoF0,UCAuUUnT6oDeKwE6v1NGQxug,time,5,6.8745,29,47958.51,60994,,,insufficient,,1,1,none,0
OrNqEcNkoF0,UCAuUUnT6oDeKwE6v1NGQxug,heldout,7,6.8745,29,47958.51,60994,,,insufficient,,1,1,none,0
OrNqEcNkoF0,UCAuUUnT6oDeKwE6v1NGQxug,time,7,6.8745,29,47958.51,60994,,,insufficient,,1,1,none,0
OrNqEcNkoF0,UCAuUUnT6oDeKwE6v1NGQxug,heldout,14,13.8745,29,58629.03,60994,,,insufficient,0.43360756572434633,1,1,none,0
OrNqEcNkoF0,UCAuUUnT6oDeKwE6v1NGQxug,time,14,13.8745,29,58629.03,60994,,,insufficient,0.43360756572434633,1,1,none,0
0SSjtMeaAP4,UC41S9MSkeQ1TWo1URYLeRuw,heldout,1,0.9108,29,8000.85,4413,4608.710791047441,1.736028165721073,early,,14,12,none,0
0SSjtMeaAP4,UC41S9MSkeQ1TWo1URYLeRuw,heldout,7,8.9108,29,4671.85,4413,4611.792340255916,1.0130234815223749,confirmed,0.1480543488579785,15,13,none,0
0SSjtMeaAP4,UC41S9MSkeQ1TWo1URYLeRuw,heldout,14,14.9108,29,4449.07,4413,5310.4428119392,0.8377964680291551,confirmed,0.12116486963529438,15,12,none,0
wh0uup4o7Mg,UCat0LyGytYMwfZEPbO_rOrA,heldout,14,13.9999,29,3070.43,3163,2413.2651825287253,1.2723122548480896,confirmed,0.12099784724208529,15,15,none,0
wh0uup4o7Mg,UCat0LyGytYMwfZEPbO_rOrA,time,14,13.9999,29,3070.43,3163,2413.2651825287253,1.2723122548480896,confirmed,0.12099784724208529,15,15,none,0
AK7M1WahKb4,UCDdUNivjRfrqIE71438HJqQ,time,5,5.5938,27,270.60,989,,,insufficient,,0,0,none,0
AK7M1WahKb4,UCDdUNivjRfrqIE71438HJqQ,time,7,7.5938,27,420.98,989,,,insufficient,0.9947540233838458,0,0,none,0
AK7M1WahKb4,UCDdUNivjRfrqIE71438HJqQ,time,14,13.5938,27,515.40,989,,,insufficient,0.9006096495263399,0,0,none,0
P9ln2d3lFso,UCgsTVmZXTKrnfXtxATXxUzQ,time,1,1.1904,29,32580.04,18372,20490.999999999993,1.5899685192032427,early,1.331349329008504,15,9,none,0
P9ln2d3lFso,UCgsTVmZXTKrnfXtxATXxUzQ,time,2,2.1904,29,30178.73,18372,20490.999999999993,1.4727798953599582,early,0.9164964609698473,15,8,none,0
P9ln2d3lFso,UCgsTVmZXTKrnfXtxATXxUzQ,time,3,3.1904,29,27556.69,18372,20490.999999999993,1.3448192341004856,likely,0.7594505216762042,15,8,none,0
P9ln2d3lFso,UCgsTVmZXTKrnfXtxATXxUzQ,time,5,5.1904,29,25381.02,18372,20490.999999999993,1.238642557309737,likely,0.6087890668788546,15,8,none,0
P9ln2d3lFso,UCgsTVmZXTKrnfXtxATXxUzQ,time,7,7.1904,29,21922.27,18372,20490.999999999993,1.0698489309791126,confirmed,0.5355658588523997,15,7,none,0
P9ln2d3lFso,UCgsTVmZXTKrnfXtxATXxUzQ,time,14,14.1904,29,20455.88,18372,20490.999999999993,0.9982862602972716,confirmed,0.42335302585621226,15,7,none,0
m6EfZ7WxuGA,UC6BW8DqrAmBEIeCtMa4bfBw,time,14,15.2826,27,2642.57,2751,3674.3957088256357,0.7191854764001645,confirmed,0.017314447660757102,15,15,none,0
l8hwq9IDRtw,UCFs23bEpTlHJt1RVN0UWI3Q,time,14,13.8539,29,2792.32,2695,2798.374650544993,0.9978366891015225,confirmed,0.15495447931077455,15,15,none,0
sc_sIPA0Em8,UCLo67YCh8z836Mgl8-3-Zfw,time,14,14.1501,27,474.53,485,113.3666606989432,4.185754526536058,confirmed,,15,15,none,0
9XOZwFzp53g,UCaNycZiNY1X7T44Pipi7V4A,time,14,14.7499,29,2471.93,2518,4007.9999999999964,0.6167480635454646,confirmed,0.20391976271236079,15,14,none,0
FkYNAqzKQ9k,UCSMOQeBJ2RAnuFungnQOxLg,time,14,13.7758,29,13682.48,14278,11748.117681499814,1.164653042343579,confirmed,0.16515765911907027,15,14,none,0
bsWiHfc65O4,UCYPHQSj2QrRNfIiHNzbB6IA,time,2,2.0684,28,5117.47,3910,3630.3904264472885,1.4096194477634791,early,,15,14,none,0
bsWiHfc65O4,UCYPHQSj2QrRNfIiHNzbB6IA,time,3,3.0684,28,5284.19,3910,3615.69625112967,1.4614591940953794,likely,0.5993709782111344,15,14,none,0
bsWiHfc65O4,UCYPHQSj2QrRNfIiHNzbB6IA,time,5,5.0684,28,4502.75,3910,3652.310905384303,1.232850030994127,likely,0.35861440049231574,15,14,none,0
bsWiHfc65O4,UCYPHQSj2QrRNfIiHNzbB6IA,time,7,7.0684,28,4364.77,3910,3614.242381486113,1.2076579454794647,confirmed,0.28644690449787025,15,13,none,0
bsWiHfc65O4,UCYPHQSj2QrRNfIiHNzbB6IA,time,14,13.0684,28,4121.69,3910,3503.9384860790597,1.1763012450608619,confirmed,0.2148643894542821,15,13,none,0
HN7aZm8FtVw,UC_2su4ftsi4r6aGkAQ8MyVQ,time,5,6.0556,29,528.90,628,,,insufficient,,0,0,none,0
HN7aZm8FtVw,UC_2su4ftsi4r6aGkAQ8MyVQ,time,7,7.0556,29,622.89,628,,,insufficient,0.5872836715417449,0,0,none,0
HN7aZm8FtVw,UC_2su4ftsi4r6aGkAQ8MyVQ,time,14,14.0556,29,639.13,628,,,insufficient,0.3485724098178214,0,0,none,0
pouxMfSKm0k,UC5Qbo0AR3CwpmEq751BIy0g,time,1,0.8956,28,905261.54,646895,978127.0649225718,0.925505047765195,early,,15,11,none,0
pouxMfSKm0k,UC5Qbo0AR3CwpmEq751BIy0g,time,2,2.8956,28,696652.77,646895,977274.2563945164,0.7128528836258752,early,0.3857804693352276,15,9,none,0
pouxMfSKm0k,UC5Qbo0AR3CwpmEq751BIy0g,time,3,2.8956,28,696652.77,646895,977274.2563945164,0.7128528836258752,early,0.3857804693352276,15,9,none,0
pouxMfSKm0k,UC5Qbo0AR3CwpmEq751BIy0g,time,5,4.8956,28,556544.51,646895,975475.0993474392,0.5705368748240492,likely,0.2963108965293641,15,7,none,0
pouxMfSKm0k,UC5Qbo0AR3CwpmEq751BIy0g,time,7,6.8956,28,560033.74,646895,972331.5235795156,0.5759699467282107,likely,0.27065541176436725,15,7,none,0
pouxMfSKm0k,UC5Qbo0AR3CwpmEq751BIy0g,time,14,13.8956,28,620574.46,646895,973482.9999999998,0.6374784778503495,confirmed,0.22875649806769308,15,6,none,0
l3yj7-dimxU,UC7u2HaYBKDaLPcWmldxgGEA,heldout,0.5,0.6210,27,168709.17,139695,202707.77213565528,0.8322777615278879,early,,14,11,none,0
l3yj7-dimxU,UC7u2HaYBKDaLPcWmldxgGEA,time,0.5,0.6210,27,168709.17,139695,202707.77213565528,0.8322777615278879,early,,14,11,none,0
l3yj7-dimxU,UC7u2HaYBKDaLPcWmldxgGEA,heldout,1,0.6210,27,168709.17,139695,202707.77213565528,0.8322777615278879,early,,14,11,none,0
l3yj7-dimxU,UC7u2HaYBKDaLPcWmldxgGEA,time,1,0.6210,27,168709.17,139695,202707.77213565528,0.8322777615278879,early,,14,11,none,0
l3yj7-dimxU,UC7u2HaYBKDaLPcWmldxgGEA,heldout,2,1.6210,27,152244.01,139695,202707.77213565528,0.7510516846861883,early,0.6868783906028895,14,11,none,0
l3yj7-dimxU,UC7u2HaYBKDaLPcWmldxgGEA,time,2,1.6210,27,152244.01,139695,202707.77213565528,0.7510516846861883,early,0.6868783906028895,14,11,none,0
l3yj7-dimxU,UC7u2HaYBKDaLPcWmldxgGEA,heldout,3,2.6210,27,156506.69,139695,202707.77213565528,0.7720803735715339,early,0.5179394133915449,14,11,none,0
l3yj7-dimxU,UC7u2HaYBKDaLPcWmldxgGEA,time,3,2.6210,27,156506.69,139695,202707.77213565528,0.7720803735715339,early,0.5179394133915449,14,11,none,0
l3yj7-dimxU,UC7u2HaYBKDaLPcWmldxgGEA,heldout,5,4.6210,27,147965.66,139695,205668.17158570117,0.7194388004981381,likely,0.42124287835109736,14,11,none,0
l3yj7-dimxU,UC7u2HaYBKDaLPcWmldxgGEA,time,5,4.6210,27,147965.66,139695,205668.17158570117,0.7194388004981381,likely,0.42124287835109736,14,11,none,0
l3yj7-dimxU,UC7u2HaYBKDaLPcWmldxgGEA,heldout,7,7.6210,27,151295.00,139695,205668.17158570117,0.7356267221552429,confirmed,0.3790881623724124,14,11,none,0
l3yj7-dimxU,UC7u2HaYBKDaLPcWmldxgGEA,time,7,7.6210,27,151295.00,139695,205668.17158570117,0.7356267221552429,confirmed,0.3790881623724124,14,11,none,0
l3yj7-dimxU,UC7u2HaYBKDaLPcWmldxgGEA,heldout,14,15.6210,27,147316.50,139695,207888.69349220901,0.7086316357015353,confirmed,0.31109904520897935,14,9,none,0
l3yj7-dimxU,UC7u2HaYBKDaLPcWmldxgGEA,time,14,15.6210,27,147316.50,139695,207888.69349220901,0.7086316357015353,confirmed,0.31109904520897935,14,9,none,0
wofvXUnbdBg,UCPAt6z5uX_c5Eo_cSNROzYw,time,7,8.7996,28,499.94,406,4127.327929476381,0.12112803229665786,confirmed,,15,15,none,0
wofvXUnbdBg,UCPAt6z5uX_c5Eo_cSNROzYw,time,14,13.7996,28,413.39,406,3836.7743582127637,0.1077431920467416,confirmed,0.018261022307738888,15,15,none,0
9XW4OEaq-4E,UCll3zdukvI1oWlG-F13UCZw,time,1,1.0375,29,4478.55,2491,4463.144057943511,1.0034529000695054,early,2.041380526829588,14,14,none,0
9XW4OEaq-4E,UCll3zdukvI1oWlG-F13UCZw,time,2,2.0375,29,4714.06,2491,4463.225506341396,1.0562000401770073,early,1.3105950112683802,15,15,none,0
9XW4OEaq-4E,UCll3zdukvI1oWlG-F13UCZw,time,3,3.0375,29,4281.59,2491,4483.603908372173,0.9549436373445617,likely,1.0661297834228605,15,15,none,0
9XW4OEaq-4E,UCll3zdukvI1oWlG-F13UCZw,time,5,5.0375,29,3855.85,2491,4506.063035759081,0.855703209857926,likely,0.8412586262517099,15,15,none,0
9XW4OEaq-4E,UCll3zdukvI1oWlG-F13UCZw,time,7,7.0375,29,3484.86,2491,4557.26233789415,0.7646819364016136,confirmed,0.7413143046500147,15,15,none,0
9XW4OEaq-4E,UCll3zdukvI1oWlG-F13UCZw,time,14,14.0375,29,2852.50,2491,4607.61135002879,0.6190850922707,confirmed,0.6001893259172645,15,14,none,0
rvtZs_nTqr0,UC68TLK0mAEzUyHx5x5k-S1Q,time,1,1.8748,27,2153169.45,1690548,1869006.568205201,1.1520395301331694,early,,15,15,none,0
rvtZs_nTqr0,UC68TLK0mAEzUyHx5x5k-S1Q,time,2,1.8748,27,2153169.45,1690548,1869006.568205201,1.1520395301331694,early,,15,15,none,0
rvtZs_nTqr0,UC68TLK0mAEzUyHx5x5k-S1Q,time,3,2.8748,27,1538068.42,1690548,1865714.2925643674,0.8243858282024775,early,0.2398859337546418,15,15,none,0
rvtZs_nTqr0,UC68TLK0mAEzUyHx5x5k-S1Q,time,5,4.8748,27,1536200.74,1690548,1859982.7987736813,0.825922016762091,likely,0.21983896719312332,15,15,none,0
rvtZs_nTqr0,UC68TLK0mAEzUyHx5x5k-S1Q,time,7,6.8748,27,1539659.00,1690548,1864978.9999999993,0.8255637177628958,likely,0.19441630883555402,15,14,none,0
rvtZs_nTqr0,UC68TLK0mAEzUyHx5x5k-S1Q,time,14,12.8748,27,1646033.53,1690548,1864978.9999999993,0.8826016412188508,confirmed,0.17471157174035218,15,14,none,0
euXpFbWr2Yw,UC3JhfsgFPLSLNEROQCdj-GQ,time,14,14.0407,29,2318.30,2427,4361.999999999997,0.531476066965893,confirmed,,15,13,none,0
sUMw8uxKjHo,UC2cC48A261pBVKztLyzOAnA,heldout,3,3.5520,29,59820.08,51343,31760.188260652674,1.8834926458584145,likely,,15,12,none,0
sUMw8uxKjHo,UC2cC48A261pBVKztLyzOAnA,heldout,5,4.5520,29,44776.11,51343,31760.188260652674,1.4098187358447372,likely,0.2005548119344517,15,12,none,0
sUMw8uxKjHo,UC2cC48A261pBVKztLyzOAnA,heldout,7,6.5520,29,46004.95,51343,31521.251346344237,1.4594900227919552,likely,0.20434455216266245,15,11,none,0
sUMw8uxKjHo,UC2cC48A261pBVKztLyzOAnA,heldout,14,13.5520,29,49911.78,51343,31095.22819288652,1.6051265429589052,confirmed,0.18020996238617618,15,9,none,0
xnLGAHGPLwg,UC4FS7jCXHd1V9JRSbsQuAUg,time,2,2.5645,28,1783.71,2656,,,insufficient,,0,0,none,0
xnLGAHGPLwg,UC4FS7jCXHd1V9JRSbsQuAUg,time,3,2.5645,28,1783.71,2656,,,insufficient,,0,0,none,0
xnLGAHGPLwg,UC4FS7jCXHd1V9JRSbsQuAUg,time,5,5.5645,28,1713.98,2656,7907.231503024083,0.21676156443784872,likely,0.27412840210024475,15,15,none,0
xnLGAHGPLwg,UC4FS7jCXHd1V9JRSbsQuAUg,time,7,6.5645,28,1712.53,2656,7889.347611398758,0.21706834582032267,likely,0.30574383001192557,15,15,none,0
xnLGAHGPLwg,UC4FS7jCXHd1V9JRSbsQuAUg,time,14,13.5645,28,2181.44,2656,7762.999999999997,0.2810050373905911,confirmed,0.3598791358651387,15,13,none,0
X17k-PWcaAk,UChjqM-6MiqlF3qUq4GMVhkg,time,14,14.7496,29,32378.57,30042,20682.202116619777,1.565528227786103,confirmed,,15,15,none,0
WtyDkr9lM3g,UCc2lUKVOTXKlQR7Fm7h1JfQ,time,5,6.9061,29,28885.42,25872,,,insufficient,,0,0,none,0
WtyDkr9lM3g,UCc2lUKVOTXKlQR7Fm7h1JfQ,time,7,6.9061,29,28885.42,25872,,,insufficient,,0,0,none,0
WtyDkr9lM3g,UCc2lUKVOTXKlQR7Fm7h1JfQ,time,14,13.9061,29,25477.00,25872,,,insufficient,0.1136400903170104,0,0,none,0
fyxoI-3cpEo,UC29ju8bIPH5as8OGnQzwJyA,time,5,6.8284,28,45193.13,46681,,,insufficient,,0,0,none,0
fyxoI-3cpEo,UC29ju8bIPH5as8OGnQzwJyA,time,7,6.8284,28,45193.13,46681,,,insufficient,,0,0,none,0
fyxoI-3cpEo,UC29ju8bIPH5as8OGnQzwJyA,time,14,13.8284,28,47726.01,46681,,,insufficient,0.2695041148332749,0,0,none,0
RP9UUtdx6as,UCRQc4NTDrz0Qncp7zx3YM1g,time,14,14.0621,29,23721.94,25871,6791.999999999998,3.492630031760254,confirmed,0.3180870316614419,15,11,none,0
T2t5S3ek5V4,UCEuQ7YIThAps6wERHfsY7fQ,heldout,0.5,0.6262,28,9183.61,5824,8094.7292545021355,1.1345171897875923,early,,15,7,none,0
T2t5S3ek5V4,UCEuQ7YIThAps6wERHfsY7fQ,time,0.5,0.6262,28,9183.61,5824,8094.7292545021355,1.1345171897875923,early,,15,7,none,0
T2t5S3ek5V4,UCEuQ7YIThAps6wERHfsY7fQ,heldout,1,0.6262,28,9183.61,5824,8094.7292545021355,1.1345171897875923,early,,15,7,none,0
T2t5S3ek5V4,UCEuQ7YIThAps6wERHfsY7fQ,time,1,0.6262,28,9183.61,5824,8094.7292545021355,1.1345171897875923,early,,15,7,none,0
T2t5S3ek5V4,UCEuQ7YIThAps6wERHfsY7fQ,heldout,2,2.6262,28,5201.03,5824,8091.1804085686035,0.6428025138480072,early,0.3580946920564462,15,6,none,0
T2t5S3ek5V4,UCEuQ7YIThAps6wERHfsY7fQ,time,2,2.6262,28,5201.03,5824,8091.1804085686035,0.6428025138480072,early,0.3580946920564462,15,6,none,0
T2t5S3ek5V4,UCEuQ7YIThAps6wERHfsY7fQ,heldout,3,2.6262,28,5201.03,5824,8091.1804085686035,0.6428025138480072,early,0.3580946920564462,15,6,none,0
T2t5S3ek5V4,UCEuQ7YIThAps6wERHfsY7fQ,time,3,2.6262,28,5201.03,5824,8091.1804085686035,0.6428025138480072,early,0.3580946920564462,15,6,none,0
T2t5S3ek5V4,UCEuQ7YIThAps6wERHfsY7fQ,heldout,5,4.6262,28,6230.86,5824,8073.610656521311,0.7717567723529958,likely,0.2744198846832429,15,6,none,0
T2t5S3ek5V4,UCEuQ7YIThAps6wERHfsY7fQ,time,5,4.6262,28,6230.86,5824,8073.610656521311,0.7717567723529958,likely,0.2744198846832429,15,6,none,0
T2t5S3ek5V4,UCEuQ7YIThAps6wERHfsY7fQ,heldout,7,6.6262,28,6650.87,5824,8101.432462210748,0.8209498787605477,likely,0.27851494240966773,15,6,none,0
T2t5S3ek5V4,UCEuQ7YIThAps6wERHfsY7fQ,time,7,6.6262,28,6650.87,5824,8101.432462210748,0.8209498787605477,likely,0.27851494240966773,15,6,none,0
T2t5S3ek5V4,UCEuQ7YIThAps6wERHfsY7fQ,heldout,14,12.6262,28,6248.12,5824,8328.537459828285,0.7502061615764405,confirmed,0.2295565178211304,15,5,none,0
T2t5S3ek5V4,UCEuQ7YIThAps6wERHfsY7fQ,time,14,12.6262,28,6248.12,5824,8328.537459828285,0.7502061615764405,confirmed,0.2295565178211304,15,5,none,0
tRE5_bQoGYw,UCcjhYlL1WRBjKaJsMH_h7Lg,time,1,0.8333,27,132886.43,164611,182263.0000000001,0.7290916389734589,early,,15,10,none,0
tRE5_bQoGYw,UCcjhYlL1WRBjKaJsMH_h7Lg,time,2,1.8333,27,218366.40,164611,182263.0000000001,1.1980840779048731,early,0.8943705774905404,15,10,none,0
tRE5_bQoGYw,UCcjhYlL1WRBjKaJsMH_h7Lg,time,3,2.8333,27,287488.12,164611,182263.0000000001,1.57732575068369,early,0.7254569009803143,15,10,none,0
tRE5_bQoGYw,UCcjhYlL1WRBjKaJsMH_h7Lg,time,5,4.8333,27,159345.19,164611,200972.73236790823,0.7928696869227356,likely,0.6281409115296331,15,10,none,0
tRE5_bQoGYw,UCcjhYlL1WRBjKaJsMH_h7Lg,time,7,6.8333,27,160387.68,164611,216926.9590262138,0.7393625845610715,likely,0.5868897171801569,15,10,none,0
tRE5_bQoGYw,UCcjhYlL1WRBjKaJsMH_h7Lg,time,14,12.8333,27,184110.28,164611,279704.4481816642,0.658231508172362,confirmed,0.5037782241574691,15,9,none,0
5vhZQOJU_7Q,UC_A0CYW-gTE4qR3nWQnkaIg,time,5,6.6249,29,530.16,490,,,insufficient,,0,0,none,0
5vhZQOJU_7Q,UC_A0CYW-gTE4qR3nWQnkaIg,time,7,6.6249,29,530.16,490,,,insufficient,,0,0,none,0
5vhZQOJU_7Q,UC_A0CYW-gTE4qR3nWQnkaIg,time,14,13.6249,29,473.33,490,,,insufficient,0.12933440136747018,0,0,none,0
TweVaQib0Z4,UCAGgFGwq4HZKLZ4gXo9xLiw,time,5,5.0428,27,2737.24,2293,3426.169367539822,0.7989215975234953,likely,,6,6,none,0
TweVaQib0Z4,UCAGgFGwq4HZKLZ4gXo9xLiw,time,7,7.0428,27,2608.70,2293,3274.903586096902,0.7965736964483189,confirmed,0.2416566330325141,6,6,none,0
TweVaQib0Z4,UCAGgFGwq4HZKLZ4gXo9xLiw,time,14,13.0428,27,2444.77,2293,3010.037289578849,0.8122072631916587,confirmed,0.132521973685533,6,6,none,0
DIo6IFV78oo,UCQHX6ViZmPsWiYSFAyS0a3Q,time,0.5,0.7118,27,440967.87,244315,430589.7280206231,1.0241021599533127,early,,14,14,none,0
DIo6IFV78oo,UCQHX6ViZmPsWiYSFAyS0a3Q,time,1,0.7118,27,440967.87,244315,430589.7280206231,1.0241021599533127,early,,14,14,none,0
DIo6IFV78oo,UCQHX6ViZmPsWiYSFAyS0a3Q,time,2,1.7118,27,325021.06,244315,471073.1087936056,0.6899588572010351,early,0.4441216177951249,15,15,none,0
DIo6IFV78oo,UCQHX6ViZmPsWiYSFAyS0a3Q,time,3,2.7118,27,294548.55,244315,444677.1701568493,0.6623873909444141,early,0.3103677613383705,15,15,none,0
DIo6IFV78oo,UCQHX6ViZmPsWiYSFAyS0a3Q,time,5,4.7118,27,251762.11,244315,419331.480840159,0.6003892536771158,likely,0.23949674435587695,15,15,none,0
DIo6IFV78oo,UCQHX6ViZmPsWiYSFAyS0a3Q,time,7,6.7118,27,250683.61,244315,407302.69278956176,0.6154725121999164,likely,0.21315560043086504,15,15,none,0
DIo6IFV78oo,UCQHX6ViZmPsWiYSFAyS0a3Q,time,14,12.7118,27,239301.31,244315,382812.1189983021,0.6251142565203968,confirmed,0.16998467362593872,15,12,none,0
y7yC1YhfD_o,UCuVaqIpPgUyGP6AytqSfs0g,heldout,1,1.0821,28,4500.18,3171,3563.9963726109604,1.2626777082544296,early,,15,15,none,0
y7yC1YhfD_o,UCuVaqIpPgUyGP6AytqSfs0g,time,1,1.0821,28,4500.18,3171,3563.9963726109604,1.2626777082544296,early,,15,15,none,0
y7yC1YhfD_o,UCuVaqIpPgUyGP6AytqSfs0g,heldout,2,2.0821,28,3438.93,3171,3528.9944766106737,0.9744779129732076,early,0.34808240867547574,15,15,none,0
y7yC1YhfD_o,UCuVaqIpPgUyGP6AytqSfs0g,time,2,2.0821,28,3438.93,3171,3528.9944766106737,0.9744779129732076,early,0.34808240867547574,15,15,none,0
y7yC1YhfD_o,UCuVaqIpPgUyGP6AytqSfs0g,heldout,3,3.0821,28,2827.07,3171,3496.3752212393374,0.8085719747986256,likely,0.28750570420878324,15,15,none,0
y7yC1YhfD_o,UCuVaqIpPgUyGP6AytqSfs0g,time,3,3.0821,28,2827.07,3171,3496.3752212393374,0.8085719747986256,likely,0.28750570420878324,15,15,none,0
y7yC1YhfD_o,UCuVaqIpPgUyGP6AytqSfs0g,heldout,5,5.0821,28,3318.43,3171,3442.315183180891,0.9640103368711366,likely,0.2969362322667488,15,15,none,0
y7yC1YhfD_o,UCuVaqIpPgUyGP6AytqSfs0g,time,5,5.0821,28,3318.43,3171,3442.315183180891,0.9640103368711366,likely,0.2969362322667488,15,15,none,0
y7yC1YhfD_o,UCuVaqIpPgUyGP6AytqSfs0g,heldout,7,7.0821,28,3403.29,3171,3381.7376121726506,1.0063719431894302,confirmed,0.30013461008411807,15,15,none,0
y7yC1YhfD_o,UCuVaqIpPgUyGP6AytqSfs0g,time,7,7.0821,28,3403.29,3171,3381.7376121726506,1.0063719431894302,confirmed,0.30013461008411807,15,15,none,0
y7yC1YhfD_o,UCuVaqIpPgUyGP6AytqSfs0g,heldout,14,13.0821,28,3351.90,3171,3263.7741181950855,1.0270025032251775,confirmed,0.24538927853980763,15,15,none,0
y7yC1YhfD_o,UCuVaqIpPgUyGP6AytqSfs0g,time,14,13.0821,28,3351.90,3171,3263.7741181950855,1.0270025032251775,confirmed,0.24538927853980763,15,15,none,0
bUdsiDvYlcc,UCFbNIlppjAuEX4znoulh0Cw,time,3,3.8326,29,27036.29,23119,,,insufficient,,0,0,none,0
bUdsiDvYlcc,UCFbNIlppjAuEX4znoulh0Cw,time,5,4.8326,29,20028.48,23119,26680.632386600675,0.7506747032578633,likely,0.156689769529702,15,14,none,0
bUdsiDvYlcc,UCFbNIlppjAuEX4znoulh0Cw,time,7,6.8326,29,20520.31,23119,26531.423506747837,0.7734343012686872,likely,0.18694035506627346,15,14,none,0
bUdsiDvYlcc,UCFbNIlppjAuEX4znoulh0Cw,time,14,14.8326,29,23251.96,23119,26354.270550838744,0.8822844638848908,confirmed,0.19174710003017048,15,13,none,0
Koz8u_gbQcA,UChbcn2mOzPHEEHxPmU66Sdg,time,1,0.9188,29,2041.95,38266,1955.7014543558253,1.0441001436164412,early,,15,6,none,0
Koz8u_gbQcA,UChbcn2mOzPHEEHxPmU66Sdg,time,2,1.9188,29,3719.69,38266,1932.5720197319333,1.9247331302725452,early,1.0773120682404025,15,6,none,0
Koz8u_gbQcA,UChbcn2mOzPHEEHxPmU66Sdg,time,3,2.9188,29,4215.53,38266,1921.133168030335,2.1942935942472617,early,0.9856677467684795,15,6,none,0
Koz8u_gbQcA,UChbcn2mOzPHEEHxPmU66Sdg,time,5,4.9188,29,5872.85,38266,1883.9628488818264,3.117285886491579,likely,0.9423163881888403,15,6,none,0
Koz8u_gbQcA,UChbcn2mOzPHEEHxPmU66Sdg,time,7,6.9188,29,8512.69,38266,1866.4020077921496,4.561016286425572,likely,1.1251766354374386,15,6,none,0
Koz8u_gbQcA,UChbcn2mOzPHEEHxPmU66Sdg,time,14,14.9188,29,31778.09,38266,1787.2409063960536,17.78052968038174,confirmed,1.5042234330571567,15,4,none,0
oPa8EGD92Ws,UCigUBIf-zt_DA6xyOQtq2WA,time,14,13.8322,28,473208.48,471181,304949.53848329646,1.5517599606788972,confirmed,0.06887244148951284,15,13,none,0
NiURKoONLVY,UCbRP3c757lWg9M-U7TyEkXA,time,1,0.7684,27,647419.14,334700,78070.96432588204,8.292700742767352,early,,14,14,none,0
NiURKoONLVY,UCbRP3c757lWg9M-U7TyEkXA,time,2,1.7684,27,455230.99,334700,77703.33095318558,5.858577516887224,early,0.35078447482092895,15,15,none,0
NiURKoONLVY,UCbRP3c757lWg9M-U7TyEkXA,time,3,2.7684,27,368501.80,334700,77473.23697734962,4.756504550473158,early,0.26277314001105784,15,15,none,0
NiURKoONLVY,UCbRP3c757lWg9M-U7TyEkXA,time,5,4.7684,27,366761.06,334700,77043.55727299061,4.760437725233603,likely,0.23749564763490724,15,15,none,0
NiURKoONLVY,UCbRP3c757lWg9M-U7TyEkXA,time,7,6.7684,27,364184.70,334700,76605.36420339334,4.7540365722016515,likely,0.20965804006234467,15,15,none,0
NiURKoONLVY,UCbRP3c757lWg9M-U7TyEkXA,time,14,12.7684,27,361669.74,334700,75623.69952983374,4.782492075281878,confirmed,0.1543826639285481,15,11,none,0
00_HlYma2Qg,UCJHA_jMfCvEnv-3kRjTCQXw,time,1,0.9583,30,612788.64,547560,662459.3669702602,0.9250207182382787,early,,15,9,none,0
00_HlYma2Qg,UCJHA_jMfCvEnv-3kRjTCQXw,time,2,1.9583,30,622270.78,547560,670988.6128310515,0.9273939531321254,early,0.6319623709301831,15,9,none,0
00_HlYma2Qg,UCJHA_jMfCvEnv-3kRjTCQXw,time,3,2.9583,30,663401.06,547560,680171.0000000005,0.9753445187543588,early,0.48463343648243307,15,8,none,0
00_HlYma2Qg,UCJHA_jMfCvEnv-3kRjTCQXw,time,5,4.9583,30,619861.87,547560,680171.0000000005,0.9113323993762715,likely,0.38813643994116287,15,8,none,0
00_HlYma2Qg,UCJHA_jMfCvEnv-3kRjTCQXw,time,7,6.9583,30,598446.26,547560,680171.0000000005,0.8798467701297622,likely,0.34376646714871123,15,7,none,0
00_HlYma2Qg,UCJHA_jMfCvEnv-3kRjTCQXw,time,14,13.9583,30,592771.27,547560,680171.0000000005,0.8715032956928394,confirmed,0.285103008100027,15,5,none,0
NoVEbKJct5o,UC70SrI3VkT1MXALRtf0pcHg,time,1,0.9227,29,52531.72,29077,72184.93554041663,0.7277379700379982,early,,14,14,none,0
NoVEbKJct5o,UC70SrI3VkT1MXALRtf0pcHg,time,2,1.9227,29,35183.35,29077,73363.38641928286,0.47957641167530635,early,0.2505707710980111,15,15,none,0
NoVEbKJct5o,UC70SrI3VkT1MXALRtf0pcHg,time,3,3.9227,29,32341.54,29077,70879.74699839395,0.45628750885514935,likely,0.18440944832295267,15,15,none,0
NoVEbKJct5o,UC70SrI3VkT1MXALRtf0pcHg,time,5,4.9227,29,30092.89,29077,69803.52146261456,0.4311085257654529,likely,0.16712660375294605,15,15,none,0
NoVEbKJct5o,UC70SrI3VkT1MXALRtf0pcHg,time,7,6.9227,29,29568.25,29077,67971.92941146456,0.43500678379002944,likely,0.14617582984012278,15,15,none,0
NoVEbKJct5o,UC70SrI3VkT1MXALRtf0pcHg,time,14,13.9227,29,28869.87,29077,64732.9213270718,0.44598430424423946,confirmed,0.11957958532865179,15,15,none,0
2Fn5cwmern8,UCLMv-CaznZ3x7LDn-1fjmVA,time,5,7.0000,27,2605.46,2787,2603.1288295642994,1.0008937111663792,likely,,15,15,none,0
2Fn5cwmern8,UCLMv-CaznZ3x7LDn-1fjmVA,time,7,7.0000,27,2605.46,2787,2603.1288295642994,1.0008937111663792,likely,,15,15,none,0
2Fn5cwmern8,UCLMv-CaznZ3x7LDn-1fjmVA,time,14,15.0000,27,2850.35,2787,2815.9771594162994,1.0122063831162906,confirmed,0.29929752462893916,15,13,none,0
1pD7d-EsUwc,UCBXQM4wXOpzZPcjXMqecArA,heldout,1,0.9166,32,1859.66,4751,6102.070716701346,0.3047584202168708,early,,14,12,none,0
1pD7d-EsUwc,UCBXQM4wXOpzZPcjXMqecArA,heldout,2,1.9166,32,1722.44,4751,6692.615067236501,0.2573643261517658,early,0.6006117819155631,15,11,none,0
1pD7d-EsUwc,UCBXQM4wXOpzZPcjXMqecArA,heldout,3,2.9166,32,3325.13,4751,6751.998579135548,0.49246635157671226,early,0.9752988426035528,15,11,none,0
1pD7d-EsUwc,UCBXQM4wXOpzZPcjXMqecArA,heldout,5,4.9166,32,4003.15,4751,6847.523524795606,0.5846129090841631,likely,0.9051183700643737,15,11,none,0
1pD7d-EsUwc,UCBXQM4wXOpzZPcjXMqecArA,heldout,7,6.9166,32,4211.41,4751,7012.987216345349,0.6005158094807113,likely,0.8518207637927929,15,10,none,0
1pD7d-EsUwc,UCBXQM4wXOpzZPcjXMqecArA,heldout,14,13.9166,32,5349.54,4751,7591.999999999997,0.7046283926898287,confirmed,0.729358890724044,15,7,none,0
EaM3EBLILKg,UCnmGIkw-KdI0W5siakKPKog,heldout,2,2.8747,31,3093355.70,2877921,3442953.5629911013,0.8984598970768327,early,,15,15,none,0
EaM3EBLILKg,UCnmGIkw-KdI0W5siakKPKog,heldout,3,2.8747,31,3093355.70,2877921,3442953.5629911013,0.8984598970768327,early,,15,15,none,0
zYwuhExmBC0,UCBhPkAuGks2UkizNMbtW6uw,time,5,5.3272,27,38.78,51,77.7309673205741,0.49883713004364527,likely,0.1735300124607411,6,6,none,0
zYwuhExmBC0,UCBhPkAuGks2UkizNMbtW6uw,time,7,7.3272,27,45.96,51,79.91818096717932,0.575058916273037,confirmed,0.3158207253738163,6,6,none,0
zYwuhExmBC0,UCBhPkAuGks2UkizNMbtW6uw,time,14,15.3272,27,48.14,51,74.41458160746151,0.64691945433917,confirmed,0.2363299728595234,6,6,none,0
I1eNLPGrkqU,UC2tGWbH6jrsIqTqafdxjyjQ,time,2,2.6665,28,860.94,739,508.509202312406,1.6930614274930547,early,,10,9,none,0
I1eNLPGrkqU,UC2tGWbH6jrsIqTqafdxjyjQ,time,3,2.6665,28,860.94,739,508.509202312406,1.6930614274930547,early,,10,9,none,0
I1eNLPGrkqU,UC2tGWbH6jrsIqTqafdxjyjQ,time,5,4.6665,28,639.79,739,508.509202312406,1.258166078168989,likely,0.07491227604147513,15,14,none,0
I1eNLPGrkqU,UC2tGWbH6jrsIqTqafdxjyjQ,time,7,6.6665,28,636.62,739,507.3622313953668,1.2547666113224538,likely,0.08702775621714634,15,14,none,0
I1eNLPGrkqU,UC2tGWbH6jrsIqTqafdxjyjQ,time,14,13.6665,28,715.73,739,508.90423233494676,1.4064121239633205,confirmed,0.13966051000942492,15,13,none,0
_qt72Qp4V3I,UCAxo00B7pKkNnBryYwhE5xg,time,5,5.4679,28,493.60,804,,,insufficient,,0,0,none,0
_qt72Qp4V3I,UCAxo00B7pKkNnBryYwhE5xg,time,7,7.4679,28,568.01,804,,,insufficient,0.4879259424067494,0,0,none,0
_qt72Qp4V3I,UCAxo00B7pKkNnBryYwhE5xg,time,14,13.4679,28,705.35,804,,,insufficient,0.5318229769221983,0,0,none,0
WH8Nmk2R6hY,UCGbg3DjQdcqWwqOLHpYHXIg,time,0.5,0.7499,28,698839.36,761233,317669.0564264853,2.199897489225231,early,,15,12,none,0
WH8Nmk2R6hY,UCGbg3DjQdcqWwqOLHpYHXIg,time,1,0.7499,28,698839.36,761233,317669.0564264853,2.199897489225231,early,,15,12,none,0
WH8Nmk2R6hY,UCGbg3DjQdcqWwqOLHpYHXIg,time,2,1.7499,28,824649.81,761233,317669.0564264853,2.5959400144351577,early,0.9683685796445236,15,12,none,0
WH8Nmk2R6hY,UCGbg3DjQdcqWwqOLHpYHXIg,time,3,2.7499,28,806899.47,761233,317873.94030277367,2.5384259868001067,early,0.7335357157239792,15,12,none,0
WH8Nmk2R6hY,UCGbg3DjQdcqWwqOLHpYHXIg,time,5,4.7499,28,809130.63,761233,317873.94030277367,2.5454449841449844,likely,0.5817180386027612,15,11,none,0
WH8Nmk2R6hY,UCGbg3DjQdcqWwqOLHpYHXIg,time,7,6.7499,28,775819.70,761233,318137.78302814084,2.4386279889289684,likely,0.5165799041894736,15,11,none,0
WH8Nmk2R6hY,UCGbg3DjQdcqWwqOLHpYHXIg,time,14,13.7499,28,779669.69,761233,318228.5272940274,2.4500307873412313,confirmed,0.4388532277506458,15,10,none,0
X-MwP-HotfE,UCzQUP1qoWDoEbmsQxvdjxgQ,time,14,13.7912,29,639609.91,647794,637947.5675019273,1.002605768690085,confirmed,0.08079920319707673,15,11,none,0
U65_yCel5iM,UCnwlWgbcxwpsnB7LtOL1kPg,time,14,12.7395,27,4567.86,4154,7335.950743260457,0.6226674310339547,confirmed,,15,15,none,0
UQXMcNj8scw,UCS3lFRhXKfCZ8FvRqPjy9NA,time,3,3.9161,27,837.15,1043,704.4665445145798,1.1883524117583333,likely,,10,9,none,0
UQXMcNj8scw,UCS3lFRhXKfCZ8FvRqPjy9NA,time,5,4.9161,27,1154.15,1043,714.9999999999999,1.6141894209327754,likely,0.8587526868596904,15,13,none,0
UQXMcNj8scw,UCS3lFRhXKfCZ8FvRqPjy9NA,time,7,6.9161,27,1238.55,1043,722.4077503612582,1.714480911893045,likely,0.7700710824812119,15,13,none,0
UQXMcNj8scw,UCS3lFRhXKfCZ8FvRqPjy9NA,time,14,12.9161,27,1149.84,1043,745.0802795299967,1.5432394529308242,confirmed,0.5210287087998231,15,11,none,0
7YOJx3D-3RQ,UCV6KDgJskWaEckne5aPA0aQ,time,0.5,0.6645,29,138791.13,118975,370474.4711515228,0.3746307538602208,early,,15,9,none,0
7YOJx3D-3RQ,UCV6KDgJskWaEckne5aPA0aQ,time,1,0.6645,29,138791.13,118975,370474.4711515228,0.3746307538602208,early,,15,9,none,0
7YOJx3D-3RQ,UCV6KDgJskWaEckne5aPA0aQ,time,2,1.6645,29,124804.29,118975,367141.12965350715,0.3399354730312206,early,0.6940084491009896,15,9,none,0
7YOJx3D-3RQ,UCV6KDgJskWaEckne5aPA0aQ,time,3,2.6645,29,128484.16,118975,366652.00000000023,0.3504253700921294,early,0.5248417032626351,15,9,none,0
7YOJx3D-3RQ,UCV6KDgJskWaEckne5aPA0aQ,time,5,4.6645,29,107612.86,118975,366652.00000000023,0.2935013481619053,likely,0.4081909288503271,15,8,none,0
7YOJx3D-3RQ,UCV6KDgJskWaEckne5aPA0aQ,time,7,6.6645,29,116684.69,118975,366652.00000000023,0.3182436933193683,likely,0.3725878422820024,15,8,none,0
7YOJx3D-3RQ,UCV6KDgJskWaEckne5aPA0aQ,time,14,13.6645,29,109370.50,118975,350313.07966579107,0.3122078760264288,confirmed,0.3239756568630239,15,6,none,0
luJysbhW8jU,UCI0vQvr9aFn27yR6Ej6n5UA,time,5,6.2452,28,1099.35,937,956.1984992012156,1.14971267115518,likely,,15,13,none,0
luJysbhW8jU,UCI0vQvr9aFn27yR6Ej6n5UA,time,7,7.2452,28,966.48,937,956.1984992012156,1.0107490508812134,confirmed,0.05297604121728289,15,13,none,0
luJysbhW8jU,UCI0vQvr9aFn27yR6Ej6n5UA,time,14,12.2452,28,924.95,937,957.9999999999998,0.9655030096102657,confirmed,0.0412538318769563,15,12,none,0
5M8J56xBoEw,UCOv0Sk_k3j2l8hOeo6cXa3w,heldout,1,0.9525,29,16203.53,13585,2443.739352897039,6.6306280781504725,early,,15,11,none,0
5M8J56xBoEw,UCOv0Sk_k3j2l8hOeo6cXa3w,time,1,0.9525,29,16203.53,13585,2443.739352897039,6.6306280781504725,early,,15,11,none,0
5M8J56xBoEw,UCOv0Sk_k3j2l8hOeo6cXa3w,heldout,2,1.9525,29,13095.79,13585,2438.4074545184417,5.370633786953298,early,0.46561163826054763,15,10,none,0
5M8J56xBoEw,UCOv0Sk_k3j2l8hOeo6cXa3w,time,2,1.9525,29,13095.79,13585,2438.4074545184417,5.370633786953298,early,0.46561163826054763,15,10,none,0
5M8J56xBoEw,UCOv0Sk_k3j2l8hOeo6cXa3w,heldout,3,2.9525,29,15581.84,13585,2439.211528068904,6.388066015414769,early,0.4938855374664398,15,10,none,0
5M8J56xBoEw,UCOv0Sk_k3j2l8hOeo6cXa3w,time,3,2.9525,29,15581.84,13585,2439.211528068904,6.388066015414769,early,0.4938855374664398,15,10,none,0
5M8J56xBoEw,UCOv0Sk_k3j2l8hOeo6cXa3w,heldout,5,4.9525,29,12911.52,13585,2438.18540599083,5.295546117707169,likely,0.40040752861286927,15,10,none,0
5M8J56xBoEw,UCOv0Sk_k3j2l8hOeo6cXa3w,time,5,4.9525,29,12911.52,13585,2438.18540599083,5.295546117707169,likely,0.40040752861286927,15,10,none,0
5M8J56xBoEw,UCOv0Sk_k3j2l8hOeo6cXa3w,heldout,7,6.9525,29,13009.49,13585,2434.8489616830693,5.3430366759884205,likely,0.35814178378982614,15,10,none,0
5M8J56xBoEw,UCOv0Sk_k3j2l8hOeo6cXa3w,time,7,6.9525,29,13009.49,13585,2434.8489616830693,5.3430366759884205,likely,0.35814178378982614,15,10,none,0
5M8J56xBoEw,UCOv0Sk_k3j2l8hOeo6cXa3w,heldout,14,12.9525,29,13432.71,13585,2420.999999999999,5.548414926725921,confirmed,0.31076678503165445,15,9,none,0
5M8J56xBoEw,UCOv0Sk_k3j2l8hOeo6cXa3w,time,14,12.9525,29,13432.71,13585,2420.999999999999,5.548414926725921,confirmed,0.31076678503165445,15,9,none,0
RELWFl0AiUI,UCdt0GYPfoQdIZTiqH4CDBaw,time,5,4.9166,27,22935.44,18807,,,insufficient,,1,1,none,0
RELWFl0AiUI,UCdt0GYPfoQdIZTiqH4CDBaw,time,7,6.9166,27,19275.66,18807,,,insufficient,0.13259510570412697,1,1,none,0
RELWFl0AiUI,UCdt0GYPfoQdIZTiqH4CDBaw,time,14,12.9166,27,18917.59,18807,,,insufficient,0.09565441122863953,1,1,none,0
ygqu_w6P5Mk,UCUct4nBOq47nXbHtq7p8eUA,time,7,7.7187,28,20993.50,19330,14300.36424481855,1.4680393061682806,confirmed,,12,11,none,0
ygqu_w6P5Mk,UCUct4nBOq47nXbHtq7p8eUA,time,14,12.7187,28,17887.23,19330,13331.479631506867,1.3417284810167633,confirmed,0.08272429394867672,15,14,none,0
QXqtcIfgc64,UC2eftfsjqc-H1_c8_uXbZJA,time,1,0.9994,27,288.32,312,181.95503412525676,1.584561719003245,early,,6,6,none,0
QXqtcIfgc64,UC2eftfsjqc-H1_c8_uXbZJA,time,2,1.9994,27,333.02,312,185.91253559540303,1.7912611937717855,early,0.7702165082419694,6,6,none,0
QXqtcIfgc64,UC2eftfsjqc-H1_c8_uXbZJA,time,3,2.9994,27,360.67,312,192.1896306620448,1.8766537825740894,early,0.5524187741119827,6,5,none,0
QXqtcIfgc64,UC2eftfsjqc-H1_c8_uXbZJA,time,5,4.9994,27,282.48,312,193.20522683515625,1.4620873735601267,likely,0.48290875081555945,6,5,none,0
QXqtcIfgc64,UC2eftfsjqc-H1_c8_uXbZJA,time,7,6.9994,27,284.20,312,201.61531117506516,1.4096186271750473,likely,0.4501574520361861,6,5,none,0
QXqtcIfgc64,UC2eftfsjqc-H1_c8_uXbZJA,time,14,12.9994,27,360.65,312,201.62327963048295,1.7887430149687604,confirmed,0.41093822482663755,6,4,none,0
65VnyQkpBMU,UCPf9IYnKY-IKwgo58z0SOUQ,heldout,5,6.7909,31,2901.39,2450,2076.9999999999995,1.3969121991563378,likely,,15,12,none,0
65VnyQkpBMU,UCPf9IYnKY-IKwgo58z0SOUQ,heldout,7,6.7909,31,2901.39,2450,2076.9999999999995,1.3969121991563378,likely,,15,12,none,0
L-xgMQ-7lW0,UC4w1YQAJMWOz4qtxinq55LQ,time,1,0.8745,27,64211.04,56595,30766.876133086276,2.0870185063622753,early,,15,12,none,0
L-xgMQ-7lW0,UC4w1YQAJMWOz4qtxinq55LQ,time,2,1.8745,27,58332.97,56595,30517.842204623663,1.9114381514519534,early,0.544559552849169,15,10,none,0
L-xgMQ-7lW0,UC4w1YQAJMWOz4qtxinq55LQ,time,3,2.8745,27,52504.88,56595,30484.214997480147,1.7223628503401156,early,0.46628341637764364,15,10,none,0
L-xgMQ-7lW0,UC4w1YQAJMWOz4qtxinq55LQ,time,5,4.8745,27,59668.98,56595,30150.179634817374,1.9790588067508623,likely,0.41821377668025717,15,10,none,0
L-xgMQ-7lW0,UC4w1YQAJMWOz4qtxinq55LQ,time,7,6.8745,27,58545.34,56595,30015.34229036171,1.950513948959665,likely,0.3805297156359333,15,9,none,0
L-xgMQ-7lW0,UC4w1YQAJMWOz4qtxinq55LQ,time,14,12.8745,27,54232.53,56595,29404.413858643526,1.844366970091057,confirmed,0.3098280484860467,15,6,none,0
PaAHkIYF9rY,UCt3B6rUXb__X2eMyY7jzgIg,heldout,0.5,0.6674,31,14739.09,37702,48104.49019248397,0.3063974561538509,early,,14,14,none,0
PaAHkIYF9rY,UCt3B6rUXb__X2eMyY7jzgIg,heldout,1,0.6674,31,14739.09,37702,48104.49019248397,0.3063974561538509,early,,14,14,none,0
PaAHkIYF9rY,UCt3B6rUXb__X2eMyY7jzgIg,heldout,3,3.6674,31,41320.22,37702,8194.895854038168,5.042190096413834,likely,1.2150371139162164,15,15,none,0
PaAHkIYF9rY,UCt3B6rUXb__X2eMyY7jzgIg,heldout,5,4.6674,31,38715.15,37702,9949.023760830429,3.891351319613889,likely,1.081541206875377,15,15,none,0
PaAHkIYF9rY,UCt3B6rUXb__X2eMyY7jzgIg,heldout,7,6.6674,31,37263.91,37702,10481.74369672853,3.555124642681461,likely,0.9322060739747879,15,15,none,0
PaAHkIYF9rY,UCt3B6rUXb__X2eMyY7jzgIg,heldout,14,13.6674,31,34787.64,37702,11401.010002193918,3.051277313647754,confirmed,0.7372903156581654,15,15,none,0
wwm91eNl_yw,UCBWgT48azZkWSpw-iKMlBRw,time,5,5.1536,27,2865.94,2742,,,insufficient,0.21030773425716554,2,2,none,0
wwm91eNl_yw,UCBWgT48azZkWSpw-iKMlBRw,time,7,7.1536,27,2820.26,2742,,,insufficient,0.12594161325541894,2,2,none,0
wwm91eNl_yw,UCBWgT48azZkWSpw-iKMlBRw,time,14,15.1536,27,2795.52,2742,,,insufficient,0.09709049144100701,2,2,none,0
PPaeqm6WnNU,UCeYUHG6o0YguM-g23htdsSw,time,1,1.9995,27,720.11,730,786.043431863031,0.9161219935434234,early,,13,12,none,0
PPaeqm6WnNU,UCeYUHG6o0YguM-g23htdsSw,time,2,1.9995,27,720.11,730,786.043431863031,0.9161219935434234,early,,13,12,none,0
PPaeqm6WnNU,UCeYUHG6o0YguM-g23htdsSw,time,3,2.9995,27,507.45,730,773.5387607294706,0.656017410110433,early,0.2016625382576528,15,12,none,0
PPaeqm6WnNU,UCeYUHG6o0YguM-g23htdsSw,time,5,4.9995,27,710.36,730,758.9695943515392,0.9359551061963959,likely,0.4140462154560346,15,11,none,0
PPaeqm6WnNU,UCeYUHG6o0YguM-g23htdsSw,time,7,6.9995,27,701.62,730,749.0763128585379,0.9366475237954647,likely,0.36914970201461467,15,10,none,0
PPaeqm6WnNU,UCeYUHG6o0YguM-g23htdsSw,time,14,14.9995,27,714.27,730,740.9906182857394,0.9639350444628524,confirmed,0.30170705163439826,15,6,none,0
_ru4xguMmGA,UCnpWedLQdHpZqhgTLdB9Yyg,time,1,0.8954,29,96721.41,80821,69050.67633526244,1.400730779852971,early,,14,14,none,0
_ru4xguMmGA,UCnpWedLQdHpZqhgTLdB9Yyg,time,2,1.8954,29,85765.77,80821,73622.27446326616,1.1649432358272858,early,0.49237109456009764,15,15,none,0
_ru4xguMmGA,UCnpWedLQdHpZqhgTLdB9Yyg,time,3,2.8954,29,74814.52,80821,72462.89702875966,1.0324527431305404,early,0.39286289714164624,15,15,none,0
_ru4xguMmGA,UCnpWedLQdHpZqhgTLdB9Yyg,time,5,4.8954,29,79530.14,80821,72611.25607021169,1.0952866625207356,likely,0.3765091333843949,15,15,none,0
_ru4xguMmGA,UCnpWedLQdHpZqhgTLdB9Yyg,time,7,6.8954,29,83959.74,80821,73200.82200224116,1.1469780694479317,likely,0.3483541394194415,15,15,none,0
_ru4xguMmGA,UCnpWedLQdHpZqhgTLdB9Yyg,time,14,13.8954,29,84437.79,80821,70852.99999999999,1.1917320773300268,confirmed,0.29293484793025826,15,12,none,0
Jg_KwMezX4I,UCammHPYWYI4q3WLbx-TP7GA,time,14,13.7081,29,44002.68,45561,4241.000000000001,10.37554266271449,confirmed,0.21058370580154953,15,11,none,0
qoo6D4fviOM,UC2zZkTwX2DtWeBCMdhk6AQQ,time,5,6.8026,27,8179.04,55210,,,insufficient,,0,0,none,0
qoo6D4fviOM,UC2zZkTwX2DtWeBCMdhk6AQQ,time,7,6.8026,27,8179.04,55210,,,insufficient,,0,0,none,0
qoo6D4fviOM,UC2zZkTwX2DtWeBCMdhk6AQQ,time,14,12.8026,27,31862.40,55210,,,insufficient,2.3742341373340063,0,0,none,0
TnGji_u53UQ,UClozNP-QPyVatzpGKC25s0A,time,1,0.9577,28,80323.27,73511,59590.575381670045,1.347918947189041,early,,15,13,none,0
TnGji_u53UQ,UClozNP-QPyVatzpGKC25s0A,time,2,1.9577,28,73828.01,73511,60065.9097054034,1.2291167173453543,early,0.5925253600366882,15,13,none,0
TnGji_u53UQ,UClozNP-QPyVatzpGKC25s0A,time,3,2.9577,28,64800.32,73511,60498.15001001571,1.0711123730077463,early,0.46181823343783435,15,13,none,0
TnGji_u53UQ,UClozNP-QPyVatzpGKC25s0A,time,5,4.9577,28,66627.58,73511,60980.544161447244,1.0926038779821345,likely,0.3917538436605056,15,13,none,0
TnGji_u53UQ,UClozNP-QPyVatzpGKC25s0A,time,7,7.9577,28,71745.45,73511,62244.00000000002,1.1526484680773288,confirmed,0.3456211346195749,15,12,none,0
TnGji_u53UQ,UClozNP-QPyVatzpGKC25s0A,time,14,15.9577,28,78946.91,73511,62244.00000000002,1.2683456846877195,confirmed,0.31019075358462245,15,12,none,0
TNOqbQjtMzI,UC-ew9TfeD887qUSiWWAAj1w,heldout,2,2.9577,30,4412.50,3817,9279.81770869252,0.4754944625855796,early,,15,14,none,0
TNOqbQjtMzI,UC-ew9TfeD887qUSiWWAAj1w,heldout,3,2.9577,30,4412.50,3817,9279.81770869252,0.4754944625855796,early,,15,14,none,0
TNOqbQjtMzI,UC-ew9TfeD887qUSiWWAAj1w,heldout,5,4.9577,30,3421.33,3817,9063.157019398455,0.377498888898908,likely,0.18356855400846578,15,14,none,0
TNOqbQjtMzI,UC-ew9TfeD887qUSiWWAAj1w,heldout,7,6.9577,30,3537.15,3817,9381.691265077574,0.37702699682643975,likely,0.20748128795537013,15,14,none,0
TNOqbQjtMzI,UC-ew9TfeD887qUSiWWAAj1w,heldout,14,13.9577,30,3799.12,3817,9856.471589203593,0.38544425809620686,confirmed,0.17198375776972433,15,14,none,0
BHaekyT6NyI,UCVNsLoYc5c6BhatQ5aO1T9g,time,7,7.0281,27,59.19,69,66.29951156497398,0.8927105367613257,confirmed,,15,15,none,0
BHaekyT6NyI,UCVNsLoYc5c6BhatQ5aO1T9g,time,14,13.0281,27,60.46,69,64.4375887252522,0.9381975175636929,confirmed,0.2487587000828974,15,11,none,0
j-Wbu2HVU9A,UCwrXi5ZknKThspJc-Gai04g,time,14,13.4791,27,52164.37,54900,14307.806052783279,3.645867784881702,confirmed,0.5252622966971123,15,12,none,0
np06L0fI-B0,UCHXLx_WGu4zQAq4fLVurzfA,heldout,5,4.9158,30,8727.08,14057,3911.9089252125787,2.2309004558789436,likely,,15,12,none,0
np06L0fI-B0,UCHXLx_WGu4zQAq4fLVurzfA,heldout,7,7.9158,30,11410.89,14057,3860.4202337532615,2.955867003618915,confirmed,0.6318784606231092,15,11,none,0
np06L0fI-B0,UCHXLx_WGu4zQAq4fLVurzfA,heldout,14,13.9158,30,13284.59,14057,3828.0369537998727,3.4703397477430906,confirmed,0.5628632825520073,15,11,none,0
If1JnWnvptE,UChISHLovxnSLP0w81NEQj5w,time,14,13.7848,29,5961.50,5388,19799.972516737667,0.3010861580159084,confirmed,,15,15,none,0
qjH5nhHZIGw,UCGuIM34mGnfTDjfd9vwPtAQ,heldout,1,1.9573,32,21214.30,25560,20616.729032236337,1.0289849031919835,early,,15,11,none,0
qjH5nhHZIGw,UCGuIM34mGnfTDjfd9vwPtAQ,heldout,2,1.9573,32,21214.30,25560,20616.729032236337,1.0289849031919835,early,,15,11,none,0
qjH5nhHZIGw,UCGuIM34mGnfTDjfd9vwPtAQ,heldout,3,3.9573,32,20148.83,25560,20711.99999999999,0.9728096396564216,likely,0.4604844888234594,15,10,none,0
qjH5nhHZIGw,UCGuIM34mGnfTDjfd9vwPtAQ,heldout,5,4.9573,32,21389.77,25560,20711.99999999999,1.0327236901484187,likely,0.4410695255147232,15,10,none,0
qjH5nhHZIGw,UCGuIM34mGnfTDjfd9vwPtAQ,heldout,7,6.9573,32,21077.27,25560,20711.99999999999,1.017635652092391,likely,0.43566214484688764,15,10,none,0
qjH5nhHZIGw,UCGuIM34mGnfTDjfd9vwPtAQ,heldout,14,13.9573,32,22571.42,25560,20711.99999999999,1.0897750187172182,confirmed,0.3677799267367661,15,9,none,0
-PXFrev--9A,UCI8gcSTo1FowsRJdilsjsZw,time,0.5,0.7302,27,29830.07,108026,40330.885149830676,0.7396334000140982,early,,12,12,none,0
-PXFrev--9A,UCI8gcSTo1FowsRJdilsjsZw,time,1,0.7302,27,29830.07,108026,40330.885149830676,0.7396334000140982,early,,12,12,none,0
-PXFrev--9A,UCI8gcSTo1FowsRJdilsjsZw,time,2,2.7302,27,21526.82,108026,34828.97632091547,0.6180720994629193,early,0.4133214037301653,15,15,none,0
-PXFrev--9A,UCI8gcSTo1FowsRJdilsjsZw,time,3,2.7302,27,21526.82,108026,34828.97632091547,0.6180720994629193,early,0.4133214037301653,15,15,none,0
-PXFrev--9A,UCI8gcSTo1FowsRJdilsjsZw,time,5,4.7302,27,26606.01,108026,32823.82985205171,0.8105700711358305,likely,0.45144700655811887,15,15,none,0
-PXFrev--9A,UCI8gcSTo1FowsRJdilsjsZw,time,7,6.7302,27,31871.46,108026,31957.45658084437,0.9973090809833576,likely,0.48795467777474755,15,15,none,0
-PXFrev--9A,UCI8gcSTo1FowsRJdilsjsZw,time,14,12.7302,27,35209.20,108026,34245.2578123421,1.0281481947935722,confirmed,0.4782494752652352,15,15,none,0
JjjJydJuxOQ,UC2RAGL6c9iQZ0H8PHCLZY_w,time,5,4.5206,27,2045.11,1658,,,insufficient,,0,0,none,0
JjjJydJuxOQ,UC2RAGL6c9iQZ0H8PHCLZY_w,time,7,6.5206,27,1588.80,1658,,,insufficient,-0.12944405690767866,0,0,none,0
JjjJydJuxOQ,UC2RAGL6c9iQZ0H8PHCLZY_w,time,14,12.5206,27,1576.04,1658,,,insufficient,0.0154803355208634,0,0,none,0
s7iMx07gXMY,UCqsvmrjWY7fPcKqWHnYVTMA,time,14,12.6509,27,14481.26,14477,,,insufficient,0.25195451499173616,12,12,none,0
kN66McRztJU,UC1QvDo-qeCVKTlmDq1LjDuw,time,7,7.7633,27,941.94,846,,,insufficient,,0,0,none,0
kN66McRztJU,UC1QvDo-qeCVKTlmDq1LjDuw,time,14,13.7633,27,822.64,846,,,insufficient,0.11924811355083897,0,0,none,0
jC7SCS_k6P8,UC8tRLgtV1soMY464cGlp8-Q,time,14,13.8660,29,186643.58,212160,23141.442038742185,8.065339170951384,confirmed,0.3791143312492337,15,14,none,0
6CTotaUoZUo,UChzLnWVsl3puKQwc5PoO6Zg,time,14,13.8332,29,2226.28,2069,20343.46462201311,0.10943446809179133,confirmed,,14,14,none,0
b4m2MNXJzRk,UCmGyCEbHfY91NFwHgioNLMQ,time,5,6.9564,27,45149.05,41046,51186.26474619528,0.8820540417449403,likely,,15,15,none,0
b4m2MNXJzRk,UCmGyCEbHfY91NFwHgioNLMQ,time,7,6.9564,27,45149.05,41046,51186.26474619528,0.8820540417449403,likely,,15,15,none,0
b4m2MNXJzRk,UCmGyCEbHfY91NFwHgioNLMQ,time,14,14.9564,27,39178.69,41046,49164.625027719536,0.7968877648472419,confirmed,0.08016798801057104,15,15,none,0
xGFLq5S44jU,UCGpsgNbzdF7BECCVbB1COHw,time,14,12.7077,28,3524.12,3629,7196.201432472488,0.4897192472134589,confirmed,0.12662498908706074,15,15,none,0
xohCD96GmcQ,UCD4NnnbISbr4dvmmzQxC2bA,time,5,5.8319,28,36991.50,45023,,,insufficient,,1,1,none,0
xohCD96GmcQ,UCD4NnnbISbr4dvmmzQxC2bA,time,7,6.8319,28,40229.66,45023,,,insufficient,0.5488490129811764,1,1,none,0
xohCD96GmcQ,UCD4NnnbISbr4dvmmzQxC2bA,time,14,12.8319,28,41793.25,45023,,,insufficient,0.38804556244222005,1,1,none,0
SqWhDBaJ3O4,UCEh_IoMVGA7NPsx6-2H8Bqw,time,14,14.4458,29,1815.80,1831,1195.2561765077787,1.519171731541188,confirmed,0.06818160176263646,15,13,none,0
uh_a6XdQd_8,UCZ_ze60L9PratISNxDwFEVg,time,14,14.9570,27,1208.09,1242,738.712774515735,1.6353974009505408,confirmed,0.5584670188592723,15,13,none,0
DQl1ozO_iwY,UCUpbDOT-OVNBlaQpb9pbd2w,time,5,5.7688,29,32683.71,25945,19685.55484280212,1.6602892274318304,likely,,15,15,none,0
DQl1ozO_iwY,UCUpbDOT-OVNBlaQpb9pbd2w,time,7,6.7688,29,26741.39,25945,19265.526281643757,1.388043495520645,likely,0.08554498655315909,15,15,none,0
DQl1ozO_iwY,UCUpbDOT-OVNBlaQpb9pbd2w,time,14,14.7688,29,26047.47,25945,17227.440876275115,1.5119756898776129,confirmed,0.0561065290448013,15,15,none,0
tAd-OOrdyMw,UCJVXj8BvHykEklEeKjFwaXQ,time,1,0.9052,28,216344.95,278089,64264,3.36650306860837,early,,15,14,none,0
tAd-OOrdyMw,UCJVXj8BvHykEklEeKjFwaXQ,time,2,2.9052,28,225682.32,278089,64264,3.5118000402215603,early,0.5986733240027938,15,14,none,0
tAd-OOrdyMw,UCJVXj8BvHykEklEeKjFwaXQ,time,3,2.9052,28,225682.32,278089,64264,3.5118000402215603,early,0.5986733240027938,15,14,none,0
tAd-OOrdyMw,UCJVXj8BvHykEklEeKjFwaXQ,time,5,4.9052,28,226331.13,278089,64264,3.5218961387600185,likely,0.5270291572996352,15,14,none,0
tAd-OOrdyMw,UCJVXj8BvHykEklEeKjFwaXQ,time,7,6.9052,28,267267.52,278089,64264,4.158899528258968,likely,0.5423175891945872,15,14,none,0
tAd-OOrdyMw,UCJVXj8BvHykEklEeKjFwaXQ,time,14,13.9052,28,320313.26,278089,64264,4.984334336307429,confirmed,0.502092581404904,15,14,none,0
qzXgW1L9wso,UCmlqW3C9C0_gA0LufzbHfKg,time,14,13.8891,29,45453.51,58714,70243.62461951145,0.6470837675435278,confirmed,,15,15,none,0
sHiM7k9dftk,UC8DqDLFZCni7Jkys3N3818w,time,5,4.8177,27,36.71,75,28.87521647737547,1.271474720848058,likely,,5,5,none,0
sHiM7k9dftk,UC8DqDLFZCni7Jkys3N3818w,time,7,7.8177,27,58.51,75,30.849117311236714,1.8967925636692873,confirmed,0.6917858522316284,5,5,none,0
sHiM7k9dftk,UC8DqDLFZCni7Jkys3N3818w,time,14,15.8177,27,62.05,75,37.03920708084738,1.675270484197324,confirmed,0.5614416501784473,5,5,none,0
VyF8SOSP2YM,UCX6b17PVsYBQ0ip5gyeme-Q,time,1,0.8326,29,45619.48,42652,71820.26741265065,0.6351895056644794,early,,15,9,none,0
VyF8SOSP2YM,UCX6b17PVsYBQ0ip5gyeme-Q,time,2,1.8326,29,38891.53,42652,71820.26741265065,0.5415118729575393,early,0.6273665430145818,15,9,none,0
VyF8SOSP2YM,UCX6b17PVsYBQ0ip5gyeme-Q,time,3,2.8326,29,39846.73,42652,71842.71817769483,0.5546383391121862,early,0.48259279980655484,15,9,none,0
VyF8SOSP2YM,UCX6b17PVsYBQ0ip5gyeme-Q,time,5,4.8326,29,41144.10,42652,71842.71817769483,0.572696935880121,likely,0.4374227976542492,15,9,none,0
VyF8SOSP2YM,UCX6b17PVsYBQ0ip5gyeme-Q,time,7,6.8326,29,42585.44,42652,71799.32600077316,0.5931175489239842,likely,0.40612513742808637,15,9,none,0
VyF8SOSP2YM,UCX6b17PVsYBQ0ip5gyeme-Q,time,14,13.8326,29,46387.60,42652,71722.61936364158,0.6467639492316328,confirmed,0.37130054100862253,15,8,none,0
03V2ZnXyEDA,UCzQUP1qoWDoEbmsQxvdjxgQ,time,7,8.7917,28,994072.49,865881,680009.0355765594,1.4618518774422837,confirmed,,15,14,none,0
03V2ZnXyEDA,UCzQUP1qoWDoEbmsQxvdjxgQ,time,14,13.7917,28,847796.43,865881,669338.9142995926,1.2666175677433475,confirmed,0.0932156141578069,15,10,none,0
RNt__s1A9TI,UC0T6MVd3wQDB5ICAe45OxaQ,time,14,13.9162,29,6358.92,6407,9655.651322971002,0.6585692462499867,confirmed,0.08518751697779692,15,15,none,0
vjy0Vig52aw,UCbpMy0Fg74eXXkvxJrtEn3w,time,5,5.8332,28,935363.96,1092272,,,insufficient,,0,0,none,0
vjy0Vig52aw,UCbpMy0Fg74eXXkvxJrtEn3w,time,7,6.8332,28,777507.99,1092272,353435.6064065309,2.1998575453641815,likely,0.20215735569599294,6,6,none,0
vjy0Vig52aw,UCbpMy0Fg74eXXkvxJrtEn3w,time,14,13.8332,28,1046177.34,1092272,500054.8056723515,2.09212535301098,confirmed,0.3401406505548216,15,14,none,0
8FGXMjxj_Vc,UCsLt8oYvDYGpSHcGhRBBkyw,time,14,13.8540,29,5870.76,5404,2660.4853331412532,2.206648178528635,confirmed,1.0062892517664888,15,15,none,0
xtwQWnIobTU,UChpleBmo18P08aKCIgti38g,time,0.5,0.3038,28,91130.27,91569,95245.20623532982,0.9567964414666689,early,,14,9,none,0
xtwQWnIobTU,UChpleBmo18P08aKCIgti38g,time,1,0.3038,28,91130.27,91569,95245.20623532982,0.9567964414666689,early,,14,9,none,0
xtwQWnIobTU,UChpleBmo18P08aKCIgti38g,time,2,2.3038,28,90704.05,91569,96840.99999999996,0.9366286215314906,early,0.8016056846223243,15,9,none,0
xtwQWnIobTU,UChpleBmo18P08aKCIgti38g,time,3,3.3038,28,88037.46,91569,96840.99999999996,0.9090928368489226,likely,0.7208306459158182,15,9,none,0
xtwQWnIobTU,UChpleBmo18P08aKCIgti38g,time,5,5.3038,28,94120.78,91569,96840.99999999996,0.9719104920270775,likely,0.6362436561662246,15,8,none,0
xtwQWnIobTU,UChpleBmo18P08aKCIgti38g,time,7,7.3038,28,81139.69,91569,96840.99999999996,0.8378650385738029,confirmed,0.5935381791270847,15,8,none,0
xtwQWnIobTU,UChpleBmo18P08aKCIgti38g,time,14,13.3038,28,90755.37,91569,96840.99999999996,0.9371585887487245,confirmed,0.5226654302502413,15,6,none,0
-0jZnTfLpeM,UCBXQM4wXOpzZPcjXMqecArA,heldout,2,2.7083,30,3778.29,7592,7622.896241751194,0.4956507142304499,early,,15,12,none,0
-0jZnTfLpeM,UCBXQM4wXOpzZPcjXMqecArA,heldout,3,2.7083,30,3778.29,7592,7622.896241751194,0.4956507142304499,early,,15,12,none,0
-0jZnTfLpeM,UCBXQM4wXOpzZPcjXMqecArA,heldout,5,6.7083,30,7532.10,7592,8065.38896686723,0.9338793927649814,likely,0.9089005670608167,15,11,none,0
-0jZnTfLpeM,UCBXQM4wXOpzZPcjXMqecArA,heldout,7,6.7083,30,7532.10,7592,8065.38896686723,0.9338793927649814,likely,0.9089005670608167,15,11,none,0
-0jZnTfLpeM,UCBXQM4wXOpzZPcjXMqecArA,heldout,14,13.7083,30,7452.41,7592,8969.000000000007,0.830908077686921,confirmed,0.6561371399666819,15,8,none,0
_-8J69gZAL4,UCEtxsMx4qsoitFwjBdLU_gA,time,5,5.4213,27,837.63,696,,,insufficient,,2,2,none,0
_-8J69gZAL4,UCEtxsMx4qsoitFwjBdLU_gA,time,7,7.4213,27,700.39,696,,,insufficient,0.12363516666347787,2,2,none,0
_-8J69gZAL4,UCEtxsMx4qsoitFwjBdLU_gA,time,14,12.4213,27,685.19,696,,,insufficient,0.09973702768113323,2,2,none,0
vLSs53YpXf4,UCOCsRROSlsrA31YJgCah32A,heldout,1,1.5827,32,10566.00,10707,21719.444296451737,0.4864766372864318,early,,15,10,none,0
vLSs53YpXf4,UCOCsRROSlsrA31YJgCah32A,heldout,2,1.5827,32,10566.00,10707,21719.444296451737,0.4864766372864318,early,,15,10,none,0
vLSs53YpXf4,UCOCsRROSlsrA31YJgCah32A,heldout,3,3.5827,32,9834.95,10707,22761.219113377003,0.43209239490110796,likely,0.379645355738314,15,9,none,0
vLSs53YpXf4,UCOCsRROSlsrA31YJgCah32A,heldout,5,4.5827,32,8632.79,10707,23133.1123355234,0.37317898413980344,likely,0.33119304017468615,15,9,none,0
vLSs53YpXf4,UCOCsRROSlsrA31YJgCah32A,heldout,7,6.5827,32,11285.55,10707,23524.152559673603,0.4797429348943819,likely,0.3658256840020063,15,8,none,0
vLSs53YpXf4,UCOCsRROSlsrA31YJgCah32A,heldout,14,13.5827,32,10450.06,10707,23624.640634825315,0.44233741982815494,confirmed,0.30724484578716826,15,6,none,0
nUzfPPY1S8k,UC_Gz-8R2G8jBs20ro9AL9hA,time,2,2.9387,29,337.72,2362,364.1540694182796,0.9273979644502746,early,,15,15,none,0
nUzfPPY1S8k,UC_Gz-8R2G8jBs20ro9AL9hA,time,3,2.9387,29,337.72,2362,364.1540694182796,0.9273979644502746,early,,15,15,none,0
nUzfPPY1S8k,UC_Gz-8R2G8jBs20ro9AL9hA,time,5,4.9387,29,611.57,2362,381.11284130286094,1.604686322605454,likely,1.0513324167723648,15,15,none,0
nUzfPPY1S8k,UC_Gz-8R2G8jBs20ro9AL9hA,time,7,6.9387,29,744.43,2362,390.8463094875767,1.9046691258473807,likely,1.0922727626087778,15,15,none,0
nUzfPPY1S8k,UC_Gz-8R2G8jBs20ro9AL9hA,time,14,13.9387,29,1044.73,2362,429.136939559948,2.434493317172084,confirmed,1.0157383684104546,15,14,none,0
UW4quI0Wv2k,UCcTiu6qN0sm433gR8wjoVCA,time,5,6.9583,30,6234.71,6327,,,insufficient,,0,0,none,0
UW4quI0Wv2k,UCcTiu6qN0sm433gR8wjoVCA,time,7,6.9583,30,6234.71,6327,,,insufficient,,0,0,none,0
UW4quI0Wv2k,UCcTiu6qN0sm433gR8wjoVCA,time,14,13.9583,30,5983.23,6327,,,insufficient,0.16923069009121125,0,0,none,0
B-ZXQcDEDAc,UCnSg7AKhnTGnac-3zGdv5Qg,time,14,13.9165,28,494.84,580,2192.9126171586176,0.22565280857099612,confirmed,0.2887996897175076,15,13,none,0
kTQy6RUkczs,UCmlqW3C9C0_gA0LufzbHfKg,heldout,14,14.8567,28,1731.79,1591,70243.62461951145,0.024654117250115626,confirmed,,15,15,none,0
d8FyWx5J5i4,UCg2EPgrZtxyZPdaprLgSqpQ,time,5,6.4119,29,167.48,165,,,insufficient,,1,1,none,0
d8FyWx5J5i4,UCg2EPgrZtxyZPdaprLgSqpQ,time,7,7.4119,29,148.43,165,,,insufficient,0.11793267675304299,1,1,none,0
d8FyWx5J5i4,UCg2EPgrZtxyZPdaprLgSqpQ,time,14,14.4119,29,167.26,165,,,insufficient,0.20026317977093536,1,1,none,0
j4EIPhX4gnQ,UCziz6FiCnkyQ810X7qXFMZw,time,1,0.9515,28,82185.33,86713,53644.85467573035,1.532026253356328,early,,15,12,none,0
j4EIPhX4gnQ,UCziz6FiCnkyQ810X7qXFMZw,time,2,1.9515,28,96022.87,86713,53796.889874140375,1.7849149247556833,early,0.7827920587840047,15,12,none,0
j4EIPhX4gnQ,UCziz6FiCnkyQ810X7qXFMZw,time,3,2.9515,28,96593.60,86713,54075.42909815453,1.7862752688378247,early,0.6703199496612454,15,12,none,0
j4EIPhX4gnQ,UCziz6FiCnkyQ810X7qXFMZw,time,5,4.9515,28,101398.95,86713,54330.52519025402,1.8663348895066998,likely,0.5844099223453681,15,12,none,0
j4EIPhX4gnQ,UCziz6FiCnkyQ810X7qXFMZw,time,7,6.9515,28,99327.01,86713,54929.25995940332,1.8082713216395003,likely,0.5337174621261497,15,12,none,0
j4EIPhX4gnQ,UCziz6FiCnkyQ810X7qXFMZw,time,14,12.9515,28,99341.72,86713,56861.999999999956,1.7470670026587611,confirmed,0.4329816056281049,15,11,none,0
zir51X51dVQ,UC6BW8DqrAmBEIeCtMa4bfBw,time,14,13.2167,28,3736.33,3464,3758.3577048786874,0.9941390417103374,confirmed,,15,15,none,0
GRKkObhgG0s,UCGyDjbX9F9ARt_8sgv5kGDg,time,2,2.7395,28,8618.89,7960,11884.840959812482,0.7251999676109532,early,,15,14,none,0
GRKkObhgG0s,UCGyDjbX9F9ARt_8sgv5kGDg,time,3,2.7395,28,8618.89,7960,11884.840959812482,0.7251999676109532,early,,15,14,none,0
GRKkObhgG0s,UCGyDjbX9F9ARt_8sgv5kGDg,time,5,4.7395,28,7880.46,7960,11842.43345054816,0.6654425976153225,likely,0.2747340865297837,15,14,none,0
GRKkObhgG0s,UCGyDjbX9F9ARt_8sgv5kGDg,time,7,6.7395,28,8130.88,7960,11750.014734974242,0.6919887520157189,likely,0.2921307111196857,15,14,none,0
GRKkObhgG0s,UCGyDjbX9F9ARt_8sgv5kGDg,time,14,12.7395,28,8309.23,7960,11658.999999999993,0.712688002684046,confirmed,0.23929932630574424,15,12,none,0
bVnaStHUmr0,UCLFgO1aEI66fh06p6u6-juw,time,1,0.7604,29,8951.69,15255,10883.888949308515,0.8224713366350663,early,,14,14,none,0
bVnaStHUmr0,UCLFgO1aEI66fh06p6u6-juw,time,2,1.7604,29,7925.65,15255,10762.979403158113,0.7363803731395465,early,0.691381600319062,15,15,none,0
bVnaStHUmr0,UCLFgO1aEI66fh06p6u6-juw,time,3,2.7604,29,8342.17,15255,10656.343138055985,0.7828364955000208,early,0.5544657073390035,15,15,none,0
bVnaStHUmr0,UCLFgO1aEI66fh06p6u6-juw,time,5,4.7604,29,8718.20,15255,10465.769972448868,0.8330202612518445,likely,0.5302283411471892,15,15,none,0
bVnaStHUmr0,UCLFgO1aEI66fh06p6u6-juw,time,7,6.7604,29,9796.05,15255,10466.502289352547,0.9359430210013996,likely,0.5085065180741737,15,15,none,0
bVnaStHUmr0,UCLFgO1aEI66fh06p6u6-juw,time,14,14.7604,29,13906.31,15255,11540.825121115367,1.204967094422691,confirmed,0.5201822856082727,15,12,none,0
XVOvSJoWE6Y,UCrJhTwfygi-D-slK4gbZ8fA,time,2,2.9374,28,1847.13,3618,4778.93564319298,0.38651508273491275,early,,15,14,none,0
XVOvSJoWE6Y,UCrJhTwfygi-D-slK4gbZ8fA,time,3,2.9374,28,1847.13,3618,4778.93564319298,0.38651508273491275,early,,15,14,none,0
XVOvSJoWE6Y,UCrJhTwfygi-D-slK4gbZ8fA,time,5,5.9374,28,2111.70,3618,4829.46714442669,0.43725285953184023,likely,0.4754082700427144,15,14,none,0
XVOvSJoWE6Y,UCrJhTwfygi-D-slK4gbZ8fA,time,7,6.9374,28,2233.61,3618,4829.46714442669,0.46249597334113635,likely,0.47731988390879376,15,14,none,0
XVOvSJoWE6Y,UCrJhTwfygi-D-slK4gbZ8fA,time,14,13.9374,28,2929.05,3618,4954.472680409823,0.5911922505235816,confirmed,0.5143641157343967,15,13,none,0
yKDVB37AOic,UCtbLA0YM6EpwUQhFUyPQU9Q,heldout,1,1.9951,30,730885.29,886072,394074.4197261103,1.85468850060389,early,,15,15,none,0
yKDVB37AOic,UCtbLA0YM6EpwUQhFUyPQU9Q,heldout,2,1.9951,30,730885.29,886072,394074.4197261103,1.85468850060389,early,,15,15,none,0
yKDVB37AOic,UCtbLA0YM6EpwUQhFUyPQU9Q,heldout,7,7.9951,30,923302.39,886072,394778.36246021267,2.3387867085274547,confirmed,0.49431654261343566,15,14,none,0
yKDVB37AOic,UCtbLA0YM6EpwUQhFUyPQU9Q,heldout,14,13.9951,30,866615.56,886072,392017.73385884403,2.2106539654830613,confirmed,0.3978608550019892,15,14,none,0
ghMJA3J7JiE,UCWnlQMQ-ACfhpD68yWRsnJw,time,5,6.7915,28,20414.23,18343,34721.26127732297,0.5879460063173537,likely,,6,6,none,0
ghMJA3J7JiE,UCWnlQMQ-ACfhpD68yWRsnJw,time,7,6.7915,28,20414.23,18343,34721.26127732297,0.5879460063173537,likely,,6,6,none,0
ghMJA3J7JiE,UCWnlQMQ-ACfhpD68yWRsnJw,time,14,13.7915,28,18090.82,18343,61341.33377149062,0.29492053015939174,confirmed,0.11980382566987824,15,14,none,0
X5T8UrpeLCY,UCuuq3lB_aWH9-bUubni59Rg,time,14,13.9166,28,203.10,198,459.3706748655653,0.4421214532059323,confirmed,0.1941913104696319,15,14,none,0
1dM4ZdSD2Dw,UC8fQzKHIhSoZeSq3bwQx4mw,time,5,6.7962,27,251.86,223,,,insufficient,,1,1,none,0
1dM4ZdSD2Dw,UC8fQzKHIhSoZeSq3bwQx4mw,time,7,6.7962,27,251.86,223,,,insufficient,,1,1,none,0
1dM4ZdSD2Dw,UC8fQzKHIhSoZeSq3bwQx4mw,time,14,12.7963,27,219.09,223,,,insufficient,0.1020911136282714,1,1,none,0
rK-bzOq9yS4,UCt_t6FwNsqr3WWoL6dFqG9w,time,1,0.9571,28,16431.78,21859,,,insufficient,,4,3,none,0
rK-bzOq9yS4,UCt_t6FwNsqr3WWoL6dFqG9w,time,2,1.9571,28,28279.45,21859,,,insufficient,1.2642040352463793,4,3,none,0
rK-bzOq9yS4,UCt_t6FwNsqr3WWoL6dFqG9w,time,3,2.9571,28,31237.84,21859,,,insufficient,1.07708126780176,4,3,none,0
rK-bzOq9yS4,UCt_t6FwNsqr3WWoL6dFqG9w,time,5,4.9571,28,37719.49,21859,,,insufficient,0.9743164842114239,4,3,none,0
rK-bzOq9yS4,UCt_t6FwNsqr3WWoL6dFqG9w,time,7,7.9571,28,33416.59,21859,,,insufficient,0.7236521994649432,4,3,none,0
rK-bzOq9yS4,UCt_t6FwNsqr3WWoL6dFqG9w,time,14,12.9571,28,26126.69,21859,,,insufficient,0.5750561432790973,4,3,none,0
Gw8o6OvEAHY,UCAYLryveVTTC__-iYIvAP2g,time,5,6.9580,27,544.01,439,,,insufficient,,0,0,none,0
Gw8o6OvEAHY,UCAYLryveVTTC__-iYIvAP2g,time,7,6.9580,27,544.01,439,,,insufficient,,0,0,none,0
Gw8o6OvEAHY,UCAYLryveVTTC__-iYIvAP2g,time,14,13.9580,27,453.69,439,,,insufficient,0.025470690498029046,0,0,none,0
QIOt6znpgTk,UC-ZEQgA6jc9SPIg7wq4QxTA,heldout,14,14.8338,30,48503.55,46205,24305.864293215476,1.9955493646671894,confirmed,,15,15,none,0
cQHE-iQBMek,UCpv6LoMeHrG-NPDCRnBWFpA,heldout,14,12.9159,27,537.72,628,375.02112463754247,1.433842165297528,confirmed,,10,10,none,0
cQHE-iQBMek,UCpv6LoMeHrG-NPDCRnBWFpA,time,14,12.9159,27,537.72,628,375.02112463754247,1.433842165297528,confirmed,,10,10,none,0
ht12QquRuII,UC70SrI3VkT1MXALRtf0pcHg,heldout,5,4.9223,30,27058.30,21961,65172.57345584039,0.41517920838744904,likely,,15,15,none,0
ht12QquRuII,UC70SrI3VkT1MXALRtf0pcHg,heldout,14,12.9223,30,22040.72,21961,57670.952011579444,0.3821807021057335,confirmed,0.08108021991445358,15,15,none,0
wVTJ41WT3_I,UCJ1RVDuSiJncq6VQYiqpzLA,time,14,12.9987,28,617.98,619,1050.5569213859585,0.5882418620947033,confirmed,0.20851365577819034,15,15,none,0
0jk1zGhHb-g,UCQ4FNww3XoNgqIlkBqEAVCg,heldout,1,0.8948,27,256700.00,543274,289073.1129672769,0.8880106398171264,early,,15,13,none,0
0jk1zGhHb-g,UCQ4FNww3XoNgqIlkBqEAVCg,time,1,0.8948,27,256700.00,543274,289073.1129672769,0.8880106398171264,early,,15,13,none,0
0jk1zGhHb-g,UCQ4FNww3XoNgqIlkBqEAVCg,heldout,2,1.8948,27,330106.03,543274,290399.67058388155,1.1367300578015205,early,0.9904327145359487,15,12,none,0
0jk1zGhHb-g,UCQ4FNww3XoNgqIlkBqEAVCg,time,2,1.8948,27,330106.03,543274,290399.67058388155,1.1367300578015205,early,0.9904327145359487,15,12,none,0
0jk1zGhHb-g,UCQ4FNww3XoNgqIlkBqEAVCg,heldout,3,2.8948,27,346798.29,543274,292676.29301583226,1.1849210116551199,early,0.8496629113426065,15,12,none,0
0jk1zGhHb-g,UCQ4FNww3XoNgqIlkBqEAVCg,time,3,2.8948,27,346798.29,543274,292676.29301583226,1.1849210116551199,early,0.8496629113426065,15,12,none,0
0jk1zGhHb-g,UCQ4FNww3XoNgqIlkBqEAVCg,heldout,5,4.8948,27,506616.95,543274,294464.5541735719,1.7204683553262443,likely,0.8361236794557674,15,12,none,0
0jk1zGhHb-g,UCQ4FNww3XoNgqIlkBqEAVCg,time,5,4.8948,27,506616.95,543274,294464.5541735719,1.7204683553262443,likely,0.8361236794557674,15,12,none,0
0jk1zGhHb-g,UCQ4FNww3XoNgqIlkBqEAVCg,heldout,7,6.8948,27,595975.76,543274,298009.8183255257,1.9998527779862905,likely,0.8480708159735377,15,12,none,0
0jk1zGhHb-g,UCQ4FNww3XoNgqIlkBqEAVCg,time,7,6.8948,27,595975.76,543274,298009.8183255257,1.9998527779862905,likely,0.8480708159735377,15,12,none,0
0jk1zGhHb-g,UCQ4FNww3XoNgqIlkBqEAVCg,heldout,14,12.8948,27,556358.84,543274,300209.00000000006,1.8532383919657542,confirmed,0.7033175882827499,15,11,none,0
0jk1zGhHb-g,UCQ4FNww3XoNgqIlkBqEAVCg,time,14,12.8948,27,556358.84,543274,300209.00000000006,1.8532383919657542,confirmed,0.7033175882827499,15,11,none,0
AKvM8OYr-Yw,UCiDJtJKMICpb9B1qf7qjEOA,heldout,14,13.9165,30,413468.76,409644,110582.29062246019,3.7390142680405654,confirmed,0.130196943546274,15,15,none,0
CmMMDqTJEMo,UCq33AlEZl8QBmxatFEwknew,time,7,8.3181,27,454.60,411,284.165159981168,1.599777201953239,confirmed,,15,15,none,0
CmMMDqTJEMo,UCq33AlEZl8QBmxatFEwknew,time,14,15.3181,27,391.68,411,286.9580628207151,1.3649504427568833,confirmed,0.08684054414325762,15,10,none,0
jcBex0QObBs,UCdwo4k1RQHTcq_-WS7Cazqg,time,5,4.9572,27,554.79,461,,,insufficient,,1,1,none,0
jcBex0QObBs,UCdwo4k1RQHTcq_-WS7Cazqg,time,7,6.9572,27,468.39,461,,,insufficient,0.1491397103886086,1,1,none,0
jcBex0QObBs,UCdwo4k1RQHTcq_-WS7Cazqg,time,14,15.9572,27,469.19,461,,,insufficient,0.10212345877978361,1,1,none,0
nSOgKuGUta0,UCGWNHkr2WZcRbxqoet-nyeg,time,14,13.9017,28,981.20,938,2600.1352503824733,0.3773659166253755,confirmed,,15,15,none,0
eNslRSeP7Cw,UCGc8ZVCsrR3dAuhvUbkbToQ,heldout,2,2.8742,31,96987.84,100301,186693.69184234654,0.5195024963171962,early,,15,14,none,0
eNslRSeP7Cw,UCGc8ZVCsrR3dAuhvUbkbToQ,heldout,3,2.8742,31,96987.84,100301,186693.69184234654,0.5195024963171962,early,,15,14,none,0
eNslRSeP7Cw,UCGc8ZVCsrR3dAuhvUbkbToQ,heldout,5,5.8742,31,96146.76,100301,187419.34097158586,0.5130034200568572,likely,0.346263991133961,15,14,none,0
eNslRSeP7Cw,UCGc8ZVCsrR3dAuhvUbkbToQ,heldout,7,6.8742,31,93185.21,100301,187843.52557286894,0.4960788910421608,likely,0.3253854504158417,15,14,none,0
eNslRSeP7Cw,UCGc8ZVCsrR3dAuhvUbkbToQ,heldout,14,13.8742,31,99820.47,100301,188255.26031164086,0.5302399937248001,confirmed,0.2800740670077501,15,14,none,0
FMrZTjC31uc,UCI0vQvr9aFn27yR6Ej6n5UA,heldout,14,13.2660,30,871.44,807,1065.9999999999998,0.8174866747001606,confirmed,,15,13,none,0
MuzOJIgJBSc,UCFBpVaKCC0ajGps1vf0AgBg,time,5,4.7498,27,93838.54,117114,,,insufficient,,0,0,none,0
MuzOJIgJBSc,UCFBpVaKCC0ajGps1vf0AgBg,time,7,6.7498,27,110781.80,117114,,,insufficient,0.5261103352798752,0,0,none,0
MuzOJIgJBSc,UCFBpVaKCC0ajGps1vf0AgBg,time,14,12.7498,27,112768.99,117114,,,insufficient,0.3847378429928544,0,0,none,0
UnMSrVoENuw,UCEPWaN-XiZqEQAPiwvBa3ng,heldout,3,3.9994,30,51266.20,55503,27954.999999999978,1.8338830641236086,likely,,15,9,none,0
UnMSrVoENuw,UCEPWaN-XiZqEQAPiwvBa3ng,heldout,5,4.9994,30,45977.08,55503,27954.999999999978,1.6446816592288607,likely,0.41913256490656514,15,9,none,0
UnMSrVoENuw,UCEPWaN-XiZqEQAPiwvBa3ng,heldout,7,6.9994,30,48377.13,55503,27954.999999999978,1.7305357156216934,likely,0.37524269452768916,15,9,none,0
UnMSrVoENuw,UCEPWaN-XiZqEQAPiwvBa3ng,heldout,14,13.9994,30,53762.89,55503,27954.999999999978,1.9231940620337757,confirmed,0.3065587364346622,15,7,none,0
PDgM-SD3Fx4,UCacg8HOfIUfFSUl2qk5m1sA,heldout,14,13.5418,30,14735.39,15296,5598.146738090189,2.6321910541094273,confirmed,0.2539262172481562,15,11,none,0
yatLOwL7Ncc,UCfQgsKhHjSyRLOp9mnffqVg,heldout,5,6.8322,30,585096.60,602280,334162.27095367206,1.7509355547072125,likely,,15,12,none,0
yatLOwL7Ncc,UCfQgsKhHjSyRLOp9mnffqVg,heldout,7,6.8322,30,585096.60,602280,334162.27095367206,1.7509355547072125,likely,,15,12,none,0
rLmPiedNaTI,UCySH3WVP-5d4aJIfn8-WoPA,heldout,2,2.8933,27,117304.69,113948,110603.18030036069,1.0605905804963558,early,,3,3,none,0
rLmPiedNaTI,UCySH3WVP-5d4aJIfn8-WoPA,time,2,2.8933,27,117304.69,113948,110603.18030036069,1.0605905804963558,early,,3,3,none,0
rLmPiedNaTI,UCySH3WVP-5d4aJIfn8-WoPA,heldout,3,2.8933,27,117304.69,113948,110603.18030036069,1.0605905804963558,early,,3,3,none,0
rLmPiedNaTI,UCySH3WVP-5d4aJIfn8-WoPA,time,3,2.8933,27,117304.69,113948,110603.18030036069,1.0605905804963558,early,,3,3,none,0
rLmPiedNaTI,UCySH3WVP-5d4aJIfn8-WoPA,heldout,5,4.8933,27,196734.25,113948,111365.99999999997,1.7665557823850249,likely,0.8562841973105685,15,14,none,0
rLmPiedNaTI,UCySH3WVP-5d4aJIfn8-WoPA,time,5,4.8933,27,196734.25,113948,111365.99999999997,1.7665557823850249,likely,0.8562841973105685,15,14,none,0
rLmPiedNaTI,UCySH3WVP-5d4aJIfn8-WoPA,heldout,7,6.8933,27,153953.02,113948,111365.99999999997,1.3824059133149487,likely,0.5893363096555302,15,14,none,0
rLmPiedNaTI,UCySH3WVP-5d4aJIfn8-WoPA,time,7,6.8933,27,153953.02,113948,111365.99999999997,1.3824059133149487,likely,0.5893363096555302,15,14,none,0
rLmPiedNaTI,UCySH3WVP-5d4aJIfn8-WoPA,heldout,14,12.8933,27,132177.63,113948,110013.00270312175,1.2014728107698192,confirmed,0.33378954643007386,15,13,none,0
rLmPiedNaTI,UCySH3WVP-5d4aJIfn8-WoPA,time,14,12.8933,27,132177.63,113948,110013.00270312175,1.2014728107698192,confirmed,0.33378954643007386,15,13,none,0
KOFmvoeC97U,UCMQ_mPIBPi4IMpYEmuyOMqQ,time,1,1.9579,28,5216.60,4791,3212.999999999998,1.6235920338513568,early,,15,14,none,0
KOFmvoeC97U,UCMQ_mPIBPi4IMpYEmuyOMqQ,time,2,1.9579,28,5216.60,4791,3212.999999999998,1.6235920338513568,early,,15,14,none,0
KOFmvoeC97U,UCMQ_mPIBPi4IMpYEmuyOMqQ,time,3,2.9579,28,4318.81,4791,3212.999999999998,1.3441666548394275,early,0.3452314067952375,15,14,none,0
KOFmvoeC97U,UCMQ_mPIBPi4IMpYEmuyOMqQ,time,5,4.9579,28,4538.84,4791,3212.999999999998,1.412647209421404,likely,0.33323440473111965,15,14,none,0
KOFmvoeC97U,UCMQ_mPIBPi4IMpYEmuyOMqQ,time,7,6.9579,28,4934.18,4791,3212.999999999998,1.5356927703427743,likely,0.33593093610612906,15,14,none,0
KOFmvoeC97U,UCMQ_mPIBPi4IMpYEmuyOMqQ,time,14,12.9579,28,4787.16,4791,3212.999999999998,1.4899331096731925,confirmed,0.27541969443631364,15,13,none,0
C-JhnSwk_Dw,UCMekTeLUP4PllG4z53Qny2Q,heldout,5,4.6665,28,802.27,803,778.9643499237391,1.0299203613304522,likely,,15,15,none,0
C-JhnSwk_Dw,UCMekTeLUP4PllG4z53Qny2Q,time,5,4.6665,28,802.27,803,778.9643499237391,1.0299203613304522,likely,,15,15,none,0
C-JhnSwk_Dw,UCMekTeLUP4PllG4z53Qny2Q,heldout,7,6.6665,28,783.70,803,779.1618985167449,1.0058231658573746,likely,0.31019607944215016,15,15,none,0
C-JhnSwk_Dw,UCMekTeLUP4PllG4z53Qny2Q,time,7,6.6665,28,783.70,803,779.1618985167449,1.0058231658573746,likely,0.31019607944215016,15,15,none,0
C-JhnSwk_Dw,UCMekTeLUP4PllG4z53Qny2Q,heldout,14,12.6665,28,822.86,803,759.157133327277,1.0839155884441627,confirmed,0.24960811298982033,15,11,none,0
C-JhnSwk_Dw,UCMekTeLUP4PllG4z53Qny2Q,time,14,12.6665,28,822.86,803,759.157133327277,1.0839155884441627,confirmed,0.24960811298982033,15,11,none,0
92LK3J0ZykA,UCFYGr5NPq7klB5N0tb5Cdyg,time,14,13.7708,29,3743.62,5198,4325.207679532459,0.8655355603725027,confirmed,0.4156012975554993,15,15,none,0
nlGkzIPWmnk,UCUoJk48pujh29p8zLsnD5PQ,heldout,0.5,0.6627,30,5760.75,13929,13377.734957409393,0.4306221463168531,early,,15,14,none,0
nlGkzIPWmnk,UCUoJk48pujh29p8zLsnD5PQ,heldout,1,0.6627,30,5760.75,13929,13377.734957409393,0.4306221463168531,early,,15,14,none,0
nlGkzIPWmnk,UCUoJk48pujh29p8zLsnD5PQ,heldout,14,15.6627,30,12859.69,13929,13587.513932946455,0.9464342822159717,confirmed,0.6714047317661743,15,14,none,0
cON8atShXMU,UCw4T39MvmTCmYoSdpB2Rwuw,time,14,13.9159,29,524.58,568,565.0835440722403,0.9283200278870258,confirmed,0.21913430396405256,15,14,none,0
2OI0jFCOfWg,UCF2UdeyQbFenSvnJ4aZUzHw,time,5,6.6458,28,8939.65,10689,,,insufficient,,1,1,none,0
2OI0jFCOfWg,UCF2UdeyQbFenSvnJ4aZUzHw,time,7,6.6458,28,8939.65,10689,,,insufficient,,1,1,none,0
2OI0jFCOfWg,UCF2UdeyQbFenSvnJ4aZUzHw,time,14,13.6458,28,9340.33,10689,,,insufficient,0.24841536359732913,1,1,none,0
tQW6i__5hbU,UCJ1RVDuSiJncq6VQYiqpzLA,heldout,14,13.9988,30,980.76,1060,1135.2991099950787,0.8638772172918127,confirmed,0.07656143989770561,15,15,none,0
1vj4lHoEq8E,UC99GtVg2esxExp_J0uPxO-g,time,0.5,0.6257,29,139993.40,92452,157025.8009719851,0.8915311750341954,early,,15,12,none,0
1vj4lHoEq8E,UC99GtVg2esxExp_J0uPxO-g,time,1,0.6257,29,139993.40,92452,157025.8009719851,0.8915311750341954,early,,15,12,none,0
1vj4lHoEq8E,UC99GtVg2esxExp_J0uPxO-g,time,2,1.6257,29,115258.24,92452,157025.8009719851,0.7340082828341902,early,0.4971236068615114,15,12,none,0
1vj4lHoEq8E,UC99GtVg2esxExp_J0uPxO-g,time,3,2.6257,29,94055.62,92452,157121.99999999988,0.5986152090007498,early,0.38323271366252354,15,11,none,0
1vj4lHoEq8E,UC99GtVg2esxExp_J0uPxO-g,time,5,4.6257,29,98916.20,92452,157121.99999999988,0.6295502857652021,likely,0.3057272967126456,15,11,none,0
1vj4lHoEq8E,UC99GtVg2esxExp_J0uPxO-g,time,7,6.6257,29,97325.03,92452,157121.99999999988,0.6194232871305715,likely,0.27615560777884096,15,11,none,0
1vj4lHoEq8E,UC99GtVg2esxExp_J0uPxO-g,time,14,13.6257,29,98336.67,92452,157121.99999999988,0.6258618895895378,confirmed,0.23360743016700208,15,10,none,0
UY4MJYq4Hko,UCbY9xX3_jW5c2fjlZVBI4cg,heldout,14,14.4942,29,8976.68,8746,43635.467738459585,0.20571989549806674,confirmed,0.010357201187730593,15,15,none,0
UY4MJYq4Hko,UCbY9xX3_jW5c2fjlZVBI4cg,time,14,14.4942,29,8976.68,8746,43635.467738459585,0.20571989549806674,confirmed,0.010357201187730593,15,15,none,0
krH4kdFuZG0,UCnwlWgbcxwpsnB7LtOL1kPg,time,14,14.0824,29,14693.64,13332,7315.465600713036,2.0085727499813224,confirmed,,15,15,none,0
85ASDTMMTOo,UCdLlUhD9LUGm0-NTYDASPFA,heldout,14,13.0415,31,2784.72,2995,4610.703561346163,0.6039681957474998,confirmed,0.19962846934983028,15,13,none,0
rMrvu2Ka40w,UCUccYwZMnNshyTFTtUTqijA,time,14,14.9888,27,16.63,16,21.773581532204517,0.7637948539931068,confirmed,,13,13,none,0
ZAZ02djukoo,UCmu7bw5BYIeR0VDw0hJKblw,time,14,14.4272,29,366.09,400,429.5989958054753,0.8521661821502735,confirmed,0.3094150854746538,15,13,none,0
Wjyut4PVTKg,UC-b3c7kxa5vU-bnmaROgvog,time,5,4.9371,27,8769.23,11234,,,insufficient,,1,1,none,0
Wjyut4PVTKg,UC-b3c7kxa5vU-bnmaROgvog,time,7,6.9371,27,10296.83,11234,,,insufficient,0.5223211292406602,1,1,none,0
Wjyut4PVTKg,UC-b3c7kxa5vU-bnmaROgvog,time,14,12.9371,27,10804.39,11234,,,insufficient,0.4223124870945328,1,1,none,0
afEXNqx5COs,UCLhu5JoRWPgEGDoUFfQHTPQ,time,5,4.7708,28,6193.81,5416,6817.700981917517,0.9084889440225539,likely,,11,11,none,0
afEXNqx5COs,UCLhu5JoRWPgEGDoUFfQHTPQ,time,7,6.7708,28,5254.60,5416,6700.67445145433,0.7841895250933105,likely,0.16133068368734646,15,15,none,0
afEXNqx5COs,UCLhu5JoRWPgEGDoUFfQHTPQ,time,14,13.7708,28,5640.03,5416,6526.2311126227105,0.8642096729060015,confirmed,0.13947708101384587,15,11,none,0
pwDJiJn0sSY,UC0yHbz4OxdQFwmVX2BBQqLg,time,14,12.6040,27,176956.21,172553,28682.897761013926,6.16939805225471,confirmed,0.01530758936787704,15,12,none,0
7ihpMAE7xac,UCUpbDOT-OVNBlaQpb9pbd2w,time,5,5.7579,29,109463.79,102919,19685.55484280212,5.560615039835653,likely,,15,15,none,0
7ihpMAE7xac,UCUpbDOT-OVNBlaQpb9pbd2w,time,7,6.7579,29,89970.30,102919,19265.526281643757,4.670015012045879,likely,0.11838971132928863,15,15,none,0
7ihpMAE7xac,UCUpbDOT-OVNBlaQpb9pbd2w,time,14,13.7579,29,96855.85,102919,17545.956694113345,5.520123506804749,confirmed,0.1310724462238176,15,15,none,0
h6oSGYIQSxo,UCbY9xX3_jW5c2fjlZVBI4cg,time,14,14.3587,28,4126.63,4218,35719.67534967435,0.1155281749969178,confirmed,0.12701405104408298,15,15,none,0
oYoV1baxwE0,UCsvqVGtbbyHaMoevxPAq9Fg,time,14,13.8323,29,1381.50,1574,5486.201803352382,0.25181325244828123,confirmed,0.21738660272810123,15,15,none,0
zvfAco36cWc,UCmGyCEbHfY91NFwHgioNLMQ,time,7,8.9686,29,37671.43,31775,73058.06204296736,0.515636902860312,confirmed,,15,15,none,0
zvfAco36cWc,UCmGyCEbHfY91NFwHgioNLMQ,time,14,13.9686,29,31855.55,31775,71019.07551473324,0.4485492006184474,confirmed,0.07363492194886549,15,15,none,0
ZAS2aGNVRf4,UCZB32syI0FFtThd6xkPTRrg,time,14,13.7079,28,39321.27,40964,27330.247926485314,1.4387455030817986,confirmed,,14,14,none,0
OcVAkuk8dfU,UCbAlVnKhbGLK78GsSemQXxw,heldout,5,6.6040,29,31351.09,27537,,,insufficient,,1,1,none,0
OcVAkuk8dfU,UCbAlVnKhbGLK78GsSemQXxw,time,5,6.6040,29,31351.09,27537,,,insufficient,,1,1,none,0
OcVAkuk8dfU,UCbAlVnKhbGLK78GsSemQXxw,heldout,7,6.6040,29,31351.09,27537,,,insufficient,,1,1,none,0
OcVAkuk8dfU,UCbAlVnKhbGLK78GsSemQXxw,time,7,6.6040,29,31351.09,27537,,,insufficient,,1,1,none,0
OcVAkuk8dfU,UCbAlVnKhbGLK78GsSemQXxw,heldout,14,13.6040,29,27009.63,27537,,,insufficient,0.07442059918068701,1,1,none,0
OcVAkuk8dfU,UCbAlVnKhbGLK78GsSemQXxw,time,14,13.6040,29,27009.63,27537,,,insufficient,0.07442059918068701,1,1,none,0
BZ0qajzteqA,UCbRP3c757lWg9M-U7TyEkXA,heldout,1,1.1903,29,197647.47,90897,76494.7879664726,2.5838030602472153,early,1.0853687802796534,15,15,none,0
BZ0qajzteqA,UCbRP3c757lWg9M-U7TyEkXA,time,1,1.1903,29,197647.47,90897,76494.7879664726,2.5838030602472153,early,1.0853687802796534,15,15,none,0
BZ0qajzteqA,UCbRP3c757lWg9M-U7TyEkXA,heldout,2,2.1903,29,148522.44,90897,76524.69974896204,1.9408431038219267,early,0.7150452772876835,15,15,none,0
BZ0qajzteqA,UCbRP3c757lWg9M-U7TyEkXA,time,2,2.1903,29,148522.44,90897,76524.69974896204,1.9408431038219267,early,0.7150452772876835,15,15,none,0
BZ0qajzteqA,UCbRP3c757lWg9M-U7TyEkXA,heldout,3,3.1903,29,141567.43,90897,76640.2411220236,1.8471684066132332,likely,0.568593758309823,15,15,none,0
BZ0qajzteqA,UCbRP3c757lWg9M-U7TyEkXA,time,3,3.1903,29,141567.43,90897,76640.2411220236,1.8471684066132332,likely,0.568593758309823,15,15,none,0
BZ0qajzteqA,UCbRP3c757lWg9M-U7TyEkXA,heldout,5,5.1903,29,121352.72,90897,76401.92176606604,1.588346499171274,likely,0.4398325996221456,15,15,none,0
BZ0qajzteqA,UCbRP3c757lWg9M-U7TyEkXA,time,5,5.1903,29,121352.72,90897,76401.92176606604,1.588346499171274,likely,0.4398325996221456,15,15,none,0
BZ0qajzteqA,UCbRP3c757lWg9M-U7TyEkXA,heldout,7,7.1903,29,112417.87,90897,76429.23861894745,1.4708751773875774,confirmed,0.38168396252011394,15,15,none,0
BZ0qajzteqA,UCbRP3c757lWg9M-U7TyEkXA,time,7,7.1903,29,112417.87,90897,76429.23861894745,1.4708751773875774,confirmed,0.38168396252011394,15,15,none,0
BZ0qajzteqA,UCbRP3c757lWg9M-U7TyEkXA,heldout,14,14.1903,29,97600.29,90897,75109.00000000001,1.2994487271479511,confirmed,0.2940994207619625,15,9,none,0
BZ0qajzteqA,UCbRP3c757lWg9M-U7TyEkXA,time,14,14.1903,29,97600.29,90897,75109.00000000001,1.2994487271479511,confirmed,0.2940994207619625,15,9,none,0
JGyamfRGnHs,UC1HX8DWEmVTWj5WNaLd1a_Q,time,5,6.1150,29,81.85,84,,,insufficient,,0,0,none,0
JGyamfRGnHs,UC1HX8DWEmVTWj5WNaLd1a_Q,time,7,7.1150,29,86.28,84,,,insufficient,0.3430988245976747,0,0,none,0
JGyamfRGnHs,UC1HX8DWEmVTWj5WNaLd1a_Q,time,14,13.1150,29,86.20,84,,,insufficient,0.2473144987064785,0,0,none,0
5Uxx3qPjIOg,UCqLbTAc5Mn2cJDu1-FZ2W3g,time,1,1.0415,27,69862.09,49761,100861.65474865574,0.6926526447264366,early,1.5282487541254475,15,11,none,0
5Uxx3qPjIOg,UCqLbTAc5Mn2cJDu1-FZ2W3g,time,2,2.0415,27,79018.16,49761,100374.11595901632,0.7872364668332738,early,1.1334081454851066,15,10,none,0
5Uxx3qPjIOg,UCqLbTAc5Mn2cJDu1-FZ2W3g,time,3,3.0415,27,75850.49,49761,99536.04455566862,0.7620404249948903,likely,0.9367506977877472,15,10,none,0
5Uxx3qPjIOg,UCqLbTAc5Mn2cJDu1-FZ2W3g,time,5,5.0415,27,75226.42,49761,99059.41876885269,0.7594070038744406,likely,0.7713854469383369,15,10,none,0
5Uxx3qPjIOg,UCqLbTAc5Mn2cJDu1-FZ2W3g,time,7,7.0415,27,68123.74,49761,97955.95910082292,0.6954527100434487,confirmed,0.6820932070315167,15,10,none,0
5Uxx3qPjIOg,UCqLbTAc5Mn2cJDu1-FZ2W3g,time,14,15.0415,27,58872.66,49761,98543.09113034446,0.5974306604874744,confirmed,0.5447637065946962,15,8,none,0
YVdQjqUXuDc,UCOT2iLov0V7Re7ku_3UBtcQ,time,2,2.5194,28,1491232.22,1156747,428008.7005877774,3.484116603963845,early,,15,9,none,0
YVdQjqUXuDc,UCOT2iLov0V7Re7ku_3UBtcQ,time,3,2.5194,28,1491232.22,1156747,428008.7005877774,3.484116603963845,early,,15,9,none,0
YVdQjqUXuDc,UCOT2iLov0V7Re7ku_3UBtcQ,time,5,4.5194,28,1117117.26,1156747,425780.9158155724,2.623690307671564,likely,0.0903229577890468,15,9,none,0
YVdQjqUXuDc,UCOT2iLov0V7Re7ku_3UBtcQ,time,7,6.5194,28,1044417.33,1156747,424627.0000000001,2.4596112071154153,likely,0.1162224306001673,15,8,none,0
YVdQjqUXuDc,UCOT2iLov0V7Re7ku_3UBtcQ,time,14,13.5194,28,1152378.14,1156747,424627.0000000001,2.7138597861419274,confirmed,0.11427293932502117,15,6,none,0
l9dDuZfnauM,UCe1Ka1W1V_TfRSwE_luacEg,time,14,12.7883,27,8214.38,8248,4873.593421438842,1.6854879044788733,confirmed,,15,13,none,0
K0nTFGpeByY,UC2cC48A261pBVKztLyzOAnA,time,0.5,0.5937,29,44404.76,24298,30353.999999999978,1.4628965462857633,early,,15,10,none,0
K0nTFGpeByY,UC2cC48A261pBVKztLyzOAnA,time,1,0.5937,29,44404.76,24298,30353.999999999978,1.4628965462857633,early,,15,10,none,0
K0nTFGpeByY,UC2cC48A261pBVKztLyzOAnA,time,2,1.5937,29,30824.07,24298,30353.999999999978,1.0154863739373867,early,0.5445240036442363,15,10,none,0
K0nTFGpeByY,UC2cC48A261pBVKztLyzOAnA,time,3,3.5937,29,27684.34,24298,30353.999999999978,0.9120491549933424,likely,0.3483447286047281,15,10,none,0
K0nTFGpeByY,UC2cC48A261pBVKztLyzOAnA,time,5,4.5937,29,26115.70,24298,30353.999999999978,0.8603710091883523,likely,0.3134381286694089,15,10,none,0
K0nTFGpeByY,UC2cC48A261pBVKztLyzOAnA,time,7,6.5937,29,24375.36,24298,30353.999999999978,0.8030361327882581,likely,0.27287356939284263,15,9,none,0
K0nTFGpeByY,UC2cC48A261pBVKztLyzOAnA,time,14,13.5937,29,24684.22,24298,31318.437252833803,0.7881690435195885,confirmed,0.2219130821047692,15,7,none,0
55UluWQkFpk,UCnYMOamNKLGVlJgRUbamveA,time,1,0.9582,28,79580.84,45739,32298.19018693633,2.46394128564135,early,,15,15,none,0
55UluWQkFpk,UCnYMOamNKLGVlJgRUbamveA,time,2,1.9582,28,61045.36,45739,31602.756464596703,1.9316467585210197,early,0.34014949293268454,15,15,none,0
55UluWQkFpk,UCnYMOamNKLGVlJgRUbamveA,time,3,2.9582,28,49558.94,45739,31319.46710721618,1.5823685738133666,early,0.2626210342822195,15,15,none,0
55UluWQkFpk,UCnYMOamNKLGVlJgRUbamveA,time,5,4.9582,28,47778.90,45739,30803.31565182428,1.551095920865716,likely,0.21116069848621652,15,15,none,0
55UluWQkFpk,UCnYMOamNKLGVlJgRUbamveA,time,7,6.9582,28,47456.32,45739,30350.173743319065,1.5636258498297557,likely,0.18880520803838072,15,15,none,0
55UluWQkFpk,UCnYMOamNKLGVlJgRUbamveA,time,14,15.9582,28,46253.64,45739,28965.55963677327,1.596849664417445,confirmed,0.13892868211926415,15,14,none,0
LQXNL4CRZwA,UCE_--R1P5-kfBzHTca0dsnw,time,14,13.7080,28,259127.24,298010,441199.5180778529,0.5873244049167411,confirmed,,14,13,none,0
F7Y-94Q6Vtc,UCboCCtnsCslt0ZT9W47thcA,time,5,6.7777,29,697.64,679,,,insufficient,,0,0,none,0
F7Y-94Q6Vtc,UCboCCtnsCslt0ZT9W47thcA,time,7,6.7777,29,697.64,679,,,insufficient,,0,0,none,0
F7Y-94Q6Vtc,UCboCCtnsCslt0ZT9W47thcA,time,14,13.7777,29,669.03,679,,,insufficient,0.16527299136165458,0,0,none,0
K9_gZJ0oM-0,UCgH_SmWw9WianYyOB5Y6tEA,heldout,14,12.6457,27,29167.51,27924,202.96750456734162,143.70529454859633,confirmed,-0.28734202106533535,15,15,none,0
K9_gZJ0oM-0,UCgH_SmWw9WianYyOB5Y6tEA,time,14,12.6457,27,29167.51,27924,202.96750456734162,143.70529454859633,confirmed,-0.28734202106533535,15,15,none,0
7MfQaWYIT04,UCBhPkAuGks2UkizNMbtW6uw,time,5,5.3381,27,93.52,92,,,insufficient,0,2,2,none,0
7MfQaWYIT04,UCBhPkAuGks2UkizNMbtW6uw,time,7,7.3381,27,89.06,92,,,insufficient,-0.027513404528620566,2,2,none,0
7MfQaWYIT04,UCBhPkAuGks2UkizNMbtW6uw,time,14,15.3381,27,88.88,92,,,insufficient,0.042576966160196475,2,2,none,0
xLyCu8-W57g,UC3lJL1pUvQ2Ih2qZ-4ozrLw,time,5,6.9782,27,507.49,519,235.65218695049413,2.153558647923777,likely,,7,7,none,0
xLyCu8-W57g,UC3lJL1pUvQ2Ih2qZ-4ozrLw,time,7,6.9782,27,507.49,519,235.65218695049413,2.153558647923777,likely,,7,7,none,0
xLyCu8-W57g,UC3lJL1pUvQ2Ih2qZ-4ozrLw,time,14,14.9782,27,526.18,519,530.3209909267105,0.9921991272878891,confirmed,0.2214455540205495,12,12,none,0
QSd5MPr_NTU,UCjtWf6u79u_FisPyhqlGeNQ,time,1,1.4806,28,139.35,128,204.88841642451413,0.6801466715314939,early,,15,14,none,0
QSd5MPr_NTU,UCjtWf6u79u_FisPyhqlGeNQ,time,2,2.4806,28,121.06,128,204.81771816352656,0.5910379578338493,early,0.5552089159203923,15,13,none,0
QSd5MPr_NTU,UCjtWf6u79u_FisPyhqlGeNQ,time,3,3.4806,28,151.34,128,205.8110818655037,0.7353476973071064,likely,0.6662135983937032,15,13,none,0
QSd5MPr_NTU,UCjtWf6u79u_FisPyhqlGeNQ,time,5,5.4806,28,128.78,128,204.832649208205,0.6287033827196502,likely,0.4916683144037732,15,13,none,0
QSd5MPr_NTU,UCjtWf6u79u_FisPyhqlGeNQ,time,7,7.4806,28,144.06,128,203.9964444064486,0.7061865999182598,confirmed,0.4828156690438032,15,12,none,0
QSd5MPr_NTU,UCjtWf6u79u_FisPyhqlGeNQ,time,14,13.4806,28,135.54,128,206.00000000000003,0.6579458354624425,confirmed,0.3928709566308545,15,10,none,0
LzG_-tL2Fg0,UCV50reu_f_tl3ZfKqCgPRsA,time,5,6.1548,27,452.08,757,329.7376304171595,1.3710366607708735,likely,,13,13,none,0
LzG_-tL2Fg0,UCV50reu_f_tl3ZfKqCgPRsA,time,7,7.1548,27,452.32,757,330.99861507582585,1.3665318576608874,confirmed,0.31289296303347086,13,13,none,0
LzG_-tL2Fg0,UCV50reu_f_tl3ZfKqCgPRsA,time,14,15.1548,27,688.89,757,327.4894617850839,2.1035464577450327,confirmed,0.5103285837710111,15,15,none,0
-9pjnS_1Kuw,UC3z8YEKBEjSPRb6L2RJPWUg,time,5,5.9167,27,5002.64,5046,,,insufficient,,0,0,none,0
-9pjnS_1Kuw,UC3z8YEKBEjSPRb6L2RJPWUg,time,7,6.9167,27,4163.88,5046,,,insufficient,0.2142622114736811,0,0,none,0
-9pjnS_1Kuw,UC3z8YEKBEjSPRb6L2RJPWUg,time,14,12.9167,27,4831.94,5046,,,insufficient,0.22840211589962997,0,0,none,0
-P0Lx1-jIXo,UCSPh1bFTdDalKnZPgQoOYUg,time,3,3.7035,28,5983.75,4708,8635.125767102645,0.6929548376364096,likely,,14,14,none,0
-P0Lx1-jIXo,UCSPh1bFTdDalKnZPgQoOYUg,time,5,4.7035,28,4469.40,4708,8635.125767102645,0.5175836196061185,likely,0.1955712077673893,15,15,none,0
-P0Lx1-jIXo,UCSPh1bFTdDalKnZPgQoOYUg,time,7,6.7035,28,4590.49,4708,8649.336029224974,0.5307331743271967,likely,0.20467170462560136,15,15,none,0
-P0Lx1-jIXo,UCSPh1bFTdDalKnZPgQoOYUg,time,14,13.7035,28,4880.86,4708,8757.000000000004,0.557366635773673,confirmed,0.15319387827426886,15,12,none,0
5xI9vz_RFMU,UCnwAlhoB5rVhh6y5P96RXAw,time,1,0.9582,27,32399.85,73201,60751.4486349821,0.5333180737488257,early,,15,15,none,0
5xI9vz_RFMU,UCnwAlhoB5rVhh6y5P96RXAw,time,2,1.9582,27,31111.15,73201,64433.6214114161,0.4828402642518347,early,0.6986637364237717,15,15,none,0
5xI9vz_RFMU,UCnwAlhoB5rVhh6y5P96RXAw,time,3,2.9582,27,37749.45,73201,64433.6214114161,0.5858656600339107,early,0.6595855500021032,15,15,none,0
5xI9vz_RFMU,UCnwAlhoB5rVhh6y5P96RXAw,time,5,5.9582,27,91742.44,73201,73932.76019122107,1.2408902692492902,likely,1.0209005824843713,15,13,none,0
5xI9vz_RFMU,UCnwAlhoB5rVhh6y5P96RXAw,time,7,6.9582,27,109006.72,73201,75679.23536068352,1.4403781310798116,likely,0.9432395618925354,15,13,none,0
5xI9vz_RFMU,UCnwAlhoB5rVhh6y5P96RXAw,time,14,14.9582,27,106509.27,73201,109867.99999999997,0.9694294139958071,confirmed,0.7617304596537494,15,8,none,0
aCqm6Cwp6Ac,UCxmSA11SbI_3yBcHu6pKi_Q,time,14,12.8743,28,20585.24,38381,20527.157223036014,1.0028296603175992,confirmed,0.43612813157743663,15,12,none,0
_Zsmf18o8i4,UCUpbDOT-OVNBlaQpb9pbd2w,time,5,4.7446,28,14342.98,11035,30401.318357985598,0.47178803066627956,likely,,15,15,none,0
_Zsmf18o8i4,UCUpbDOT-OVNBlaQpb9pbd2w,time,7,6.7446,28,11811.03,11035,28576.64289829278,0.4133105252900449,likely,0.06100684774109259,15,15,none,0
_Zsmf18o8i4,UCUpbDOT-OVNBlaQpb9pbd2w,time,14,13.7446,28,11318.52,11035,25485.688205370116,0.44411268218562955,confirmed,0.03987374036646668,15,15,none,0
OE5ZOvrWxxs,UCJS9pqu9BzkAMNTmzNMNhvg,time,14,13.5085,27,708.46,739,2486.999999999999,0.28486586645068723,confirmed,,15,11,none,0
uGuOxIClhGY,UCUynOuMTPXvUrTpcFWQ_qDA,time,1,0.9583,27,1719.96,2167,1070.0522334246702,1.6073596131106862,early,,6,4,none,0
uGuOxIClhGY,UCUynOuMTPXvUrTpcFWQ_qDA,time,2,1.9583,27,2162.20,2167,1072.3060855538379,2.0164014699186725,early,0.7601624600711199,6,4,none,0
uGuOxIClhGY,UCUynOuMTPXvUrTpcFWQ_qDA,time,3,2.9583,27,1888.26,2167,1088.2479713365478,1.7351414990585359,early,0.6565150975588808,6,3,none,0
uGuOxIClhGY,UCUynOuMTPXvUrTpcFWQ_qDA,time,5,4.9583,27,2198.51,2167,1164.1087355048812,1.888581836152107,likely,0.6689274601256019,6,3,none,0
uGuOxIClhGY,UCUynOuMTPXvUrTpcFWQ_qDA,time,7,7.9583,27,2323.50,2167,1223.078781289824,1.899711669299339,confirmed,0.5772277181333612,6,3,none,0
uGuOxIClhGY,UCUynOuMTPXvUrTpcFWQ_qDA,time,14,14.9583,27,2402.80,2167,1228.9999999999995,1.9550856930073506,confirmed,0.4993171058043164,6,2,none,0
u0xhXOyF-p0,UCPAt6z5uX_c5Eo_cSNROzYw,time,14,13.7005,29,3600.59,3497,10452.527079502957,0.3444712259031708,confirmed,0.003617113603078052,15,15,none,0
LEd_b2vTbAM,UChpleBmo18P08aKCIgti38g,heldout,0.5,0.5018,28,202338.52,112331,95245.20623532982,2.1243958469872957,early,,15,10,none,0
LEd_b2vTbAM,UChpleBmo18P08aKCIgti38g,time,0.5,0.5018,28,202338.52,112331,95245.20623532982,2.1243958469872957,early,,15,10,none,0
LEd_b2vTbAM,UChpleBmo18P08aKCIgti38g,heldout,1,0.5018,28,202338.52,112331,95245.20623532982,2.1243958469872957,early,,15,10,none,0
LEd_b2vTbAM,UChpleBmo18P08aKCIgti38g,time,1,0.5018,28,202338.52,112331,95245.20623532982,2.1243958469872957,early,,15,10,none,0
LEd_b2vTbAM,UChpleBmo18P08aKCIgti38g,heldout,2,1.5018,28,202452.99,112331,95245.20623532982,2.125597701868076,early,0.9170470144256605,15,10,none,0
LEd_b2vTbAM,UChpleBmo18P08aKCIgti38g,time,2,1.5018,28,202452.99,112331,95245.20623532982,2.125597701868076,early,0.9170470144256605,15,10,none,0
LEd_b2vTbAM,UChpleBmo18P08aKCIgti38g,heldout,3,2.5018,28,169415.45,112331,95927.90090529664,1.7660706769457015,early,0.6038803291594689,15,10,none,0
LEd_b2vTbAM,UChpleBmo18P08aKCIgti38g,time,3,2.5018,28,169415.45,112331,95927.90090529664,1.7660706769457015,early,0.6038803291594689,15,10,none,0
LEd_b2vTbAM,UChpleBmo18P08aKCIgti38g,heldout,5,4.5018,28,155719.26,112331,96012.00000000003,1.6218729353218793,likely,0.41235930922845965,15,9,none,0
LEd_b2vTbAM,UChpleBmo18P08aKCIgti38g,time,5,4.5018,28,155719.26,112331,96012.00000000003,1.6218729353218793,likely,0.41235930922845965,15,9,none,0
LEd_b2vTbAM,UChpleBmo18P08aKCIgti38g,heldout,7,6.5018,28,127731.69,112331,96012.00000000003,1.330372106509935,likely,0.34235397593565775,15,8,none,0
LEd_b2vTbAM,UChpleBmo18P08aKCIgti38g,time,7,6.5018,28,127731.69,112331,96012.00000000003,1.330372106509935,likely,0.34235397593565775,15,8,none,0
LEd_b2vTbAM,UChpleBmo18P08aKCIgti38g,heldout,14,13.5018,28,119967.35,112331,96012.00000000003,1.249503721344548,confirmed,0.25311227459627683,15,6,none,0
LEd_b2vTbAM,UChpleBmo18P08aKCIgti38g,time,14,13.5018,28,119967.35,112331,96012.00000000003,1.249503721344548,confirmed,0.25311227459627683,15,6,none,0
9VZ7hqx5p_I,UCSLClJLzdUMRMe0E4SPfc-w,heldout,1,1.7915,29,66613.14,74879,85843.414999129,0.7759842224708031,early,,15,11,none,0
9VZ7hqx5p_I,UCSLClJLzdUMRMe0E4SPfc-w,heldout,2,1.7915,29,66613.14,74879,85843.414999129,0.7759842224708031,early,,15,11,none,0
9VZ7hqx5p_I,UCSLClJLzdUMRMe0E4SPfc-w,heldout,3,3.7915,29,82486.64,74879,86147.06120580902,0.9575095728754769,likely,0.6601751777252439,15,10,none,0
9VZ7hqx5p_I,UCSLClJLzdUMRMe0E4SPfc-w,heldout,5,4.7915,29,78380.24,74879,85207.3147996827,0.9198769010440324,likely,0.6133533718601081,15,10,none,0
9VZ7hqx5p_I,UCSLClJLzdUMRMe0E4SPfc-w,heldout,7,6.7915,29,83992.37,74879,84028.36975899947,0.9995715744569705,likely,0.549081662313289,15,9,none,0
9VZ7hqx5p_I,UCSLClJLzdUMRMe0E4SPfc-w,heldout,14,13.7915,29,76381.59,74879,80157.57389899068,0.9528930028501743,confirmed,0.41348333355003875,15,6,none,0
GArdnanmozA,UCx1m6AboILQKMNXbsLjjI4Q,heldout,7,8.2082,30,67042.94,70400,58441.62307328347,1.1471778484548056,confirmed,,15,14,none,0
KihWWM1TE-w,UCfa9hkgsTHfK8bpDoiQZI5g,time,1,0.7756,29,2604.47,2235,2817.643429988142,0.9243420551110402,early,,14,14,none,0
KihWWM1TE-w,UCfa9hkgsTHfK8bpDoiQZI5g,time,2,1.7756,29,2298.32,2235,3231.5374778918167,0.7112145625681675,early,0.6887863354205369,15,15,none,0
KihWWM1TE-w,UCfa9hkgsTHfK8bpDoiQZI5g,time,3,2.7756,29,2496.94,2235,3271.479283266805,0.7632461789421906,early,0.5954185924919033,15,15,none,0
KihWWM1TE-w,UCfa9hkgsTHfK8bpDoiQZI5g,time,5,4.7756,29,2439.88,2235,3261.595821477063,0.7480623418794218,likely,0.49997745686213413,15,15,none,0
KihWWM1TE-w,UCfa9hkgsTHfK8bpDoiQZI5g,time,7,6.7756,29,2381.45,2235,3216.171529806898,0.7404610040549671,likely,0.4421230491574299,15,15,none,0
KihWWM1TE-w,UCfa9hkgsTHfK8bpDoiQZI5g,time,14,14.7756,29,2382.57,2235,3101.319201315874,0.7682446926503483,confirmed,0.35487503798981807,15,10,none,0
u2a_FQa0f_8,UC3_BakzLfadvFrsnClMFWmQ,time,1,1.0898,29,1523.29,651,767.723170358444,1.9841595841094313,early,0.32227183965383405,15,15,none,0
u2a_FQa0f_8,UC3_BakzLfadvFrsnClMFWmQ,time,2,2.0898,29,930.19,651,756.1046907262597,1.2302346068002512,early,0.21337675680657572,15,15,none,0
u2a_FQa0f_8,UC3_BakzLfadvFrsnClMFWmQ,time,3,3.0898,29,799.74,651,746.2568082602202,1.0716672259193654,likely,0.1693148373580384,15,15,none,0
u2a_FQa0f_8,UC3_BakzLfadvFrsnClMFWmQ,time,5,5.0898,29,733.31,651,733.2604718264602,1.0000613109407197,likely,0.13013877011766542,15,15,none,0
u2a_FQa0f_8,UC3_BakzLfadvFrsnClMFWmQ,time,7,7.0898,29,711.39,651,722.0969852748835,0.9851702160851001,confirmed,0.11479601303497887,15,15,none,0
u2a_FQa0f_8,UC3_BakzLfadvFrsnClMFWmQ,time,14,14.0898,29,621.29,651,692.2349138306168,0.8975093691327544,confirmed,0.08873886769514851,15,11,none,0
YBmAT6cu9Js,UCf5LdDDOm1hYgDcSP3KimNA,time,1,0.9992,29,3375.73,12905,11077.770215330049,0.30473052590224436,early,,15,10,none,0
YBmAT6cu9Js,UCf5LdDDOm1hYgDcSP3KimNA,time,2,1.9992,29,4120.08,12905,11047.794045671497,0.37293249007459744,early,0.9060831850071611,15,9,none,0
YBmAT6cu9Js,UCf5LdDDOm1hYgDcSP3KimNA,time,3,2.9992,29,8653.05,12905,11047.794045671497,0.7832374905682788,early,1.5247735423927635,15,8,none,0
YBmAT6cu9Js,UCf5LdDDOm1hYgDcSP3KimNA,time,5,4.9992,29,8161.06,12905,11013.289527769768,0.7410190614063862,likely,1.0340780987258502,15,8,none,0
YBmAT6cu9Js,UCf5LdDDOm1hYgDcSP3KimNA,time,7,6.9992,29,10422.85,12905,11013.289527769768,0.94638836474133,likely,1.141993440740527,15,8,none,0
YBmAT6cu9Js,UCf5LdDDOm1hYgDcSP3KimNA,time,14,13.9992,29,15318.46,12905,10920.201212429434,1.4027636534431396,confirmed,1.084377704197616,15,7,none,0
nsD0FVDOdRU,UCecPJBL6E1PVky1-gj6KH5g,heldout,0.5,0.4307,30,10087.86,3779,105933.61733927194,0.09522810531702436,early,,14,14,none,0
nsD0FVDOdRU,UCecPJBL6E1PVky1-gj6KH5g,heldout,1,1.4307,30,8140.21,3779,108788.45270050532,0.07482601060424572,early,0.16396154781291147,15,14,none,0
nsD0FVDOdRU,UCecPJBL6E1PVky1-gj6KH5g,heldout,2,2.4307,30,5104.43,3779,109531.31460866341,0.04660249697909125,early,0.14403697746427316,15,14,none,0
nsD0FVDOdRU,UCecPJBL6E1PVky1-gj6KH5g,heldout,3,3.4307,30,4476.30,3779,109364.9676261723,0.04092992044294293,likely,0.13032434059363487,15,13,none,0
nsD0FVDOdRU,UCecPJBL6E1PVky1-gj6KH5g,heldout,5,5.4307,30,4171.74,3779,108690.97397741345,0.03838169481161925,likely,0.10884045088640193,15,12,none,0
nsD0FVDOdRU,UCecPJBL6E1PVky1-gj6KH5g,heldout,7,7.4307,30,4336.95,3779,123403.87340858176,0.03514439289751218,confirmed,0.09759236133636705,15,11,none,0
nsD0FVDOdRU,UCecPJBL6E1PVky1-gj6KH5g,heldout,14,14.4307,30,3994.93,3779,126697.99999999997,0.031531093263471054,confirmed,0.0781045609601622,15,7,none,0
E72ce8S3JE4,UCBQza5Ie61SqzFNl2lkdNAQ,time,1,0.9791,27,20006.93,22408,32393.40399194605,0.6176237197436161,early,,15,14,none,0
E72ce8S3JE4,UCBQza5Ie61SqzFNl2lkdNAQ,time,2,1.9791,27,22974.17,22408,32383.084943230206,0.7094498460273625,early,0.7495147453561586,15,14,none,0
E72ce8S3JE4,UCBQza5Ie61SqzFNl2lkdNAQ,time,3,2.9791,27,20735.56,22408,32383.084943230206,0.6403208015194918,early,0.6059423429697601,15,14,none,0
E72ce8S3JE4,UCBQza5Ie61SqzFNl2lkdNAQ,time,5,4.9791,27,25469.09,22408,32383.084943230206,0.7864935928699808,likely,0.6176984660637255,15,14,none,0
E72ce8S3JE4,UCBQza5Ie61SqzFNl2lkdNAQ,time,7,6.9791,27,26006.43,22408,32352.378976005177,0.8038490509583046,likely,0.5476762377335561,15,13,none,0
E72ce8S3JE4,UCBQza5Ie61SqzFNl2lkdNAQ,time,14,14.9791,27,24184.94,22408,32232.54477525043,0.7503266972227138,confirmed,0.4288838901296368,15,13,none,0
5NnV6CZardk,UCTJdHk01ygktpSPfVTQRE6Q,heldout,5,5.6475,30,5770.91,7182,7124.878460128319,0.809966635545877,likely,,15,15,none,0
5NnV6CZardk,UCTJdHk01ygktpSPfVTQRE6Q,heldout,7,5.6475,30,5770.91,7182,7124.878460128319,0.809966635545877,likely,,15,15,none,0
5NnV6CZardk,UCTJdHk01ygktpSPfVTQRE6Q,heldout,14,13.6475,30,5974.99,7182,7219.1417048579315,0.8276589894176772,confirmed,0.2900635669492158,15,14,none,0
68p9QqZJItY,UCCI37YB3l21oq_sLoc92YfA,time,14,13.8228,28,26675.47,30297,389.189039016695,68.5411522070656,confirmed,1.843484267214636,15,12,none,0
5wNrmU0MPkc,UCfAgm2ONoRBLFdN2--VC8xg,time,5,5.2028,27,108.78,90,,,insufficient,,1,1,none,0
5wNrmU0MPkc,UCfAgm2ONoRBLFdN2--VC8xg,time,7,7.2028,27,90.16,90,,,insufficient,0.08835350973442209,1,1,none,0
5wNrmU0MPkc,UCfAgm2ONoRBLFdN2--VC8xg,time,14,13.2028,27,88.88,90,,,insufficient,0.08729747883750334,1,1,none,0
mShn2vqGGEg,UCALhpooWFKJXRKWaU3vgSzA,heldout,14,13.4219,28,5000.33,5149,2713.717350346984,1.8426122466820267,confirmed,0.14889980967504307,15,11,none,0
mShn2vqGGEg,UCALhpooWFKJXRKWaU3vgSzA,time,14,13.4219,28,5000.33,5149,2713.717350346984,1.8426122466820267,confirmed,0.14889980967504307,15,11,none,0
cQwB_Kiv58M,UC1mTmeM4xNp6FjyLTr8kGww,time,14,14.5412,29,16255.38,16024,16033.336798401175,1.013849059346025,confirmed,0.04767162220908171,15,11,none,0
TonjxDPHQ2s,UCEDEjunbQbKAQBlAGyKqpjQ,heldout,14,11.9895,28,4367.18,4277,3475.1362565341406,1.2566938339919245,confirmed,,15,15,none,0
CF5S8GHVx6Q,UCQskSBnZDt7yLHc7ZdS5Fpw,time,1,0.7620,27,2889.70,2371,4059.544454628781,0.711829795128388,early,,15,15,none,0
CF5S8GHVx6Q,UCQskSBnZDt7yLHc7ZdS5Fpw,time,2,1.7620,27,2348.47,2371,4059.544454628781,0.5785052771698269,early,0.5013379335689855,15,15,none,0
CF5S8GHVx6Q,UCQskSBnZDt7yLHc7ZdS5Fpw,time,3,2.7620,27,2717.12,2371,4059.544454628781,0.6693161711933899,early,0.5665990454600963,15,15,none,0
CF5S8GHVx6Q,UCQskSBnZDt7yLHc7ZdS5Fpw,time,5,4.7620,27,2538.19,2371,4059.544454628781,0.6252406327099195,likely,0.4433481456079866,15,15,none,0
CF5S8GHVx6Q,UCQskSBnZDt7yLHc7ZdS5Fpw,time,7,6.7620,27,2419.51,2371,4059.544454628781,0.5960058377777041,likely,0.38095191065153583,15,15,none,0
CF5S8GHVx6Q,UCQskSBnZDt7yLHc7ZdS5Fpw,time,14,13.7620,27,2309.61,2371,4122.683043079741,0.5602206089458044,confirmed,0.3027379922619772,15,15,none,0
KxiPnflbwJI,UCU_W0oE_ock8bWKjALiGs8Q,heldout,14,14.7032,31,85076.35,99235,203837.52560978354,0.41737333501589446,confirmed,,15,14,none,0
YyBrLCsE1Fo,UCJ1RVDuSiJncq6VQYiqpzLA,time,14,12.9992,28,516.11,503,1138.5336656129919,0.4533095293281632,confirmed,0.22913631728126402,15,15,none,0
F1fnfyGSnBQ,UCuR-ZdVJtF3muYhYUQ-he-Q,time,14,13.8748,29,7520.04,8170,14367.86327787576,0.5233932558209868,confirmed,0.21006862596975853,12,12,none,0
Irm4KHKNV8o,UCl69GToBX-RxXP4Dp9sQ7jw,time,14,13.9579,29,132735.71,127910,132969.02141730403,0.9982453347751435,confirmed,0.20915564413119384,15,15,none,0
hVlAOIUA71Y,UCGq-a57w-aPwyi3pW7XLiHw,time,7,8.2079,27,1615612.72,1578695,2717140.066690675,0.5946004546844712,confirmed,,15,14,none,0
hVlAOIUA71Y,UCGq-a57w-aPwyi3pW7XLiHw,time,14,13.2079,27,1517538.98,1578695,2705876.8324236716,0.5608307662614803,confirmed,0.19675380662689218,15,12,none,0
2V82WCm22uA,UCmva4xZW0mDSkPbusltquyQ,time,1,1.0833,27,4154.86,4183,1799.726236823741,2.3086049418499814,early,0.6737904043026671,15,9,none,0
2V82WCm22uA,UCmva4xZW0mDSkPbusltquyQ,time,2,2.0833,27,2364.16,4183,1814.33509256767,1.3030461309228658,early,0.479327962685824,15,9,none,0
2V82WCm22uA,UCmva4xZW0mDSkPbusltquyQ,time,3,3.0833,27,3517.66,4183,1812.3627772652542,1.9409274961387553,likely,0.5900488356754204,15,9,none,0
2V82WCm22uA,UCmva4xZW0mDSkPbusltquyQ,time,5,5.0833,27,5739.61,4183,1859.9377151202798,3.085914342723956,likely,0.7243295720151728,15,8,none,0
2V82WCm22uA,UCmva4xZW0mDSkPbusltquyQ,time,7,7.0833,27,4376.22,4183,1882.106430774745,2.3251690103967206,confirmed,0.6450973277123159,15,8,none,0
2V82WCm22uA,UCmva4xZW0mDSkPbusltquyQ,time,14,15.0833,27,4830.99,4183,1961.999999999999,2.462276120183847,confirmed,0.5414175505417403,15,6,none,0
JYCkOIAVYCs,UCKU0u3VbuYn0wD3CUr-Yn6A,time,14,13.9579,30,14008.20,18180,6787.423756310849,2.063846387515643,confirmed,0.33266442556561343,15,13,none,0
br-iVypB4a0,UCAXUwGU47XVY-0lH9qhUr1Q,heldout,1,1.6664,32,93113.25,80172,83734.80911143392,1.1120016430470823,early,,15,9,none,0
br-iVypB4a0,UCAXUwGU47XVY-0lH9qhUr1Q,heldout,2,1.6664,32,93113.25,80172,83734.80911143392,1.1120016430470823,early,,15,9,none,0
br-iVypB4a0,UCAXUwGU47XVY-0lH9qhUr1Q,heldout,3,2.6664,32,76567.81,80172,85277.78404691826,0.8978634688637742,early,0.2944365323226374,15,8,none,0
br-iVypB4a0,UCAXUwGU47XVY-0lH9qhUr1Q,heldout,5,4.6664,32,94783.76,80172,85655.28859428733,1.1065722180741424,likely,0.2843590378599769,15,8,none,0
br-iVypB4a0,UCAXUwGU47XVY-0lH9qhUr1Q,heldout,7,6.6664,32,98404.40,80172,85296.39280192343,1.1536760278512077,likely,0.2622439497274931,15,7,none,0
br-iVypB4a0,UCAXUwGU47XVY-0lH9qhUr1Q,heldout,14,14.6664,32,79849.06,80172,85064.88964587408,0.9386840566167007,confirmed,0.22469416743551998,15,5,none,0
fqaDF7EUzw4,UCWyL3FzhX0CaxgkOMTQMa0A,time,14,13.7909,28,14257.69,14386,16143.999999999998,0.8831574613893068,confirmed,0.09349603555710204,15,14,none,0
knMsCciLCpc,UCb4GVe1qSCpWJYxcCF_EmOA,heldout,1,1.8577,27,34404.50,26951,38574.63369106922,0.8918945180353671,early,,15,15,none,0
knMsCciLCpc,UCb4GVe1qSCpWJYxcCF_EmOA,time,1,1.8577,27,34404.50,26951,38574.63369106922,0.8918945180353671,early,,15,15,none,0
knMsCciLCpc,UCb4GVe1qSCpWJYxcCF_EmOA,heldout,2,1.8577,27,34404.50,26951,38574.63369106922,0.8918945180353671,early,,15,15,none,0
knMsCciLCpc,UCb4GVe1qSCpWJYxcCF_EmOA,time,2,1.8577,27,34404.50,26951,38574.63369106922,0.8918945180353671,early,,15,15,none,0
knMsCciLCpc,UCb4GVe1qSCpWJYxcCF_EmOA,heldout,3,2.8577,27,24820.51,26951,38677.90785641062,0.6417232929851875,early,0.27163806805045,15,15,none,0
knMsCciLCpc,UCb4GVe1qSCpWJYxcCF_EmOA,time,3,2.8577,27,24820.51,26951,38677.90785641062,0.6417232929851875,early,0.27163806805045,15,15,none,0
knMsCciLCpc,UCb4GVe1qSCpWJYxcCF_EmOA,heldout,5,4.8577,27,25185.56,26951,38852.116138833764,0.6482417336674636,likely,0.25473053620243746,15,15,none,0
knMsCciLCpc,UCb4GVe1qSCpWJYxcCF_EmOA,time,5,4.8577,27,25185.56,26951,38852.116138833764,0.6482417336674636,likely,0.25473053620243746,15,15,none,0
knMsCciLCpc,UCb4GVe1qSCpWJYxcCF_EmOA,heldout,7,7.8577,27,29030.73,26951,39205.709886687335,0.7404719838395859,confirmed,0.23530873009257988,15,14,none,0
knMsCciLCpc,UCb4GVe1qSCpWJYxcCF_EmOA,time,7,7.8577,27,29030.73,26951,39205.709886687335,0.7404719838395859,confirmed,0.23530873009257988,15,14,none,0
knMsCciLCpc,UCb4GVe1qSCpWJYxcCF_EmOA,heldout,14,15.8577,27,28238.17,26951,39667.74261111789,0.7118674102037739,confirmed,0.19499417709590927,15,14,none,0
knMsCciLCpc,UCb4GVe1qSCpWJYxcCF_EmOA,time,14,15.8577,27,28238.17,26951,39667.74261111789,0.7118674102037739,confirmed,0.19499417709590927,15,14,none,0
ia21rG1uDHU,UC1ZZZtwkaDu1SnZLBDkd1pA,heldout,2,2.5339,29,318.69,729,621.4532921332552,0.5128132841715034,early,,15,15,none,0
ia21rG1uDHU,UC1ZZZtwkaDu1SnZLBDkd1pA,time,2,2.5339,29,318.69,729,621.4532921332552,0.5128132841715034,early,,15,15,none,0
ia21rG1uDHU,UC1ZZZtwkaDu1SnZLBDkd1pA,heldout,3,2.5339,29,318.69,729,621.4532921332552,0.5128132841715034,early,,15,15,none,0
ia21rG1uDHU,UC1ZZZtwkaDu1SnZLBDkd1pA,time,3,2.5339,29,318.69,729,621.4532921332552,0.5128132841715034,early,,15,15,none,0
ia21rG1uDHU,UC1ZZZtwkaDu1SnZLBDkd1pA,heldout,5,4.5339,29,350.33,729,610.7890257996196,0.5735764693053951,likely,0.5130156895234638,15,15,none,0
ia21rG1uDHU,UC1ZZZtwkaDu1SnZLBDkd1pA,time,5,4.5339,29,350.33,729,610.7890257996196,0.5735764693053951,likely,0.5130156895234638,15,15,none,0
ia21rG1uDHU,UC1ZZZtwkaDu1SnZLBDkd1pA,heldout,7,6.5339,29,399.25,729,603.6879265899656,0.6613529117176853,likely,0.48878544832559057,15,15,none,0
ia21rG1uDHU,UC1ZZZtwkaDu1SnZLBDkd1pA,time,7,6.5339,29,399.25,729,603.6879265899656,0.6613529117176853,likely,0.48878544832559057,15,15,none,0
ia21rG1uDHU,UC1ZZZtwkaDu1SnZLBDkd1pA,heldout,14,13.5339,29,748.41,729,579.3054131177032,1.2919045627411911,confirmed,0.7626896354046917,15,15,none,0
ia21rG1uDHU,UC1ZZZtwkaDu1SnZLBDkd1pA,time,14,13.5339,29,748.41,729,579.3054131177032,1.2919045627411911,confirmed,0.7626896354046917,15,15,none,0
cgh4LUT8ZzE,UCrfKGpvbEQXcbe68dzXgJuA,time,14,12.9575,29,111924.35,117892,144271.9999999999,0.7757870217156433,confirmed,0.11071168376389114,15,11,none,0
TBUaBsCn3L0,UC50xPFPma-nCS5GZpAFukpQ,heldout,5,6.6619,30,1275216.09,1426967,770209.0000000001,1.655675401032624,likely,,15,14,none,0
TBUaBsCn3L0,UC50xPFPma-nCS5GZpAFukpQ,heldout,7,6.6619,30,1275216.09,1426967,770209.0000000001,1.655675401032624,likely,,15,14,none,0
TBUaBsCn3L0,UC50xPFPma-nCS5GZpAFukpQ,heldout,14,15.6619,30,1364837.39,1426967,770209.0000000001,1.7720351147620121,confirmed,0.2388368544111187,15,14,none,0
m-WNnabbAD4,UCoZQiN0o7f36H7PaW4fVhFw,time,3,3.9158,29,192237.95,181857,101072.57066778514,1.9019794076307894,likely,,15,13,none,0
m-WNnabbAD4,UCoZQiN0o7f36H7PaW4fVhFw,time,5,4.9158,29,144408.71,181857,101223.74264095582,1.4266288251142705,likely,0.23442333457223954,15,13,none,0
m-WNnabbAD4,UCoZQiN0o7f36H7PaW4fVhFw,time,7,6.9158,29,148175.51,181857,101760.99999999996,1.4561129078721473,likely,0.22187813458774064,15,12,none,0
m-WNnabbAD4,UCoZQiN0o7f36H7PaW4fVhFw,time,14,13.9158,29,167404.58,181857,101760.99999999996,1.6450760055957465,confirmed,0.21623604224423823,15,9,none,0
vMd0k2Kzy-M,UC0T6MVd3wQDB5ICAe45OxaQ,time,14,12.9368,28,5060.88,5204,9655.651322971002,0.5241367786260661,confirmed,0.10365174878870874,15,15,none,0
HNOpULzRT3M,UC6BW8DqrAmBEIeCtMa4bfBw,time,14,13.2522,28,2341.58,2189,3835.397694170721,0.6105185329287554,confirmed,,15,15,none,0
4PMVQt9hzn8,UCMrvLMUITAImCHMOhX88PYQ,time,1,0.8750,28,118290.07,127782,63432.83902206256,1.864808071372702,early,,15,11,none,0
4PMVQt9hzn8,UCMrvLMUITAImCHMOhX88PYQ,time,2,1.8750,28,109748.50,127782,62942.834892741215,1.7436218876092047,early,0.5939544439875752,15,11,none,0
4PMVQt9hzn8,UCMrvLMUITAImCHMOhX88PYQ,time,3,2.8750,28,114968.70,127782,62489.92473017297,1.8397957630978896,early,0.49447208706907547,15,11,none,0
4PMVQt9hzn8,UCMrvLMUITAImCHMOhX88PYQ,time,5,4.8750,28,107409.98,127782,61764,1.739038552901509,likely,0.39803744562631344,15,11,none,0
4PMVQt9hzn8,UCMrvLMUITAImCHMOhX88PYQ,time,7,6.8750,28,111950.97,127782,61934.717912937354,1.8075640373730681,likely,0.4065752811758106,15,11,none,0
4PMVQt9hzn8,UCMrvLMUITAImCHMOhX88PYQ,time,14,12.8750,28,127440.11,127782,61836.341726255014,2.060925697089556,confirmed,0.3713488365440743,15,9,none,0
5wwGpoej35w,UC9vUu4vlIlMC0dHQCTvQPbg,time,5,5.7708,28,27024.30,21801,,,insufficient,,1,1,none,0
5wwGpoej35w,UC9vUu4vlIlMC0dHQCTvQPbg,time,7,6.7708,28,22255.35,21801,,,insufficient,0.132830825912159,1,1,none,0
5wwGpoej35w,UC9vUu4vlIlMC0dHQCTvQPbg,time,14,13.7708,28,21983.88,21801,,,insufficient,0.08714946662204816,1,1,none,0
klP82OaYeJ4,UC70SrI3VkT1MXALRtf0pcHg,time,0.5,0.7033,29,85331.59,73455,72184.93554041663,1.1821246756229884,early,,13,13,none,0
klP82OaYeJ4,UC70SrI3VkT1MXALRtf0pcHg,time,1,0.7033,29,85331.59,73455,72184.93554041663,1.1821246756229884,early,,13,13,none,0
klP82OaYeJ4,UC70SrI3VkT1MXALRtf0pcHg,time,2,1.7033,29,102807.10,73455,73363.38641928286,1.4013406589643858,early,0.9925854307083701,14,14,none,0
klP82OaYeJ4,UC70SrI3VkT1MXALRtf0pcHg,time,3,2.7033,29,98511.78,73455,71929.5872030353,1.3695585680109206,early,0.7196656932075931,14,14,none,0
klP82OaYeJ4,UC70SrI3VkT1MXALRtf0pcHg,time,5,4.7033,29,98441.85,73455,64330.58318936616,1.5302496459455317,likely,0.5696491698762568,15,15,none,0
klP82OaYeJ4,UC70SrI3VkT1MXALRtf0pcHg,time,7,6.7033,29,92851.19,73455,62747.01203319418,1.4797706293487873,likely,0.4961218543335529,15,15,none,0
klP82OaYeJ4,UC70SrI3VkT1MXALRtf0pcHg,time,14,13.7033,29,83614.55,73455,59494.47908502087,1.405416916903017,confirmed,0.37323981516537796,15,15,none,0
59B9VDdR-yA,UC3JGnf8zOIQ06PGQ0Yb2_1Q,heldout,1,1.8745,27,10650.17,13413,20498.57092020647,0.5195567614785287,early,,15,14,none,0
59B9VDdR-yA,UC3JGnf8zOIQ06PGQ0Yb2_1Q,time,1,1.8745,27,10650.17,13413,20498.57092020647,0.5195567614785287,early,,15,14,none,0
59B9VDdR-yA,UC3JGnf8zOIQ06PGQ0Yb2_1Q,heldout,2,1.8745,27,10650.17,13413,20498.57092020647,0.5195567614785287,early,,15,14,none,0
59B9VDdR-yA,UC3JGnf8zOIQ06PGQ0Yb2_1Q,time,2,1.8745,27,10650.17,13413,20498.57092020647,0.5195567614785287,early,,15,14,none,0
59B9VDdR-yA,UC3JGnf8zOIQ06PGQ0Yb2_1Q,heldout,3,2.8745,27,8956.90,13413,20498.57092020647,0.4369526161839651,early,0.38943230006405816,15,14,none,0
59B9VDdR-yA,UC3JGnf8zOIQ06PGQ0Yb2_1Q,time,3,2.8745,27,8956.90,13413,20498.57092020647,0.4369526161839651,early,0.38943230006405816,15,14,none,0
59B9VDdR-yA,UC3JGnf8zOIQ06PGQ0Yb2_1Q,heldout,5,4.8745,27,10802.20,13413,21008.682676207754,0.5141779957301965,likely,0.4404945264532642,15,14,none,0
59B9VDdR-yA,UC3JGnf8zOIQ06PGQ0Yb2_1Q,time,5,4.8745,27,10802.20,13413,21008.682676207754,0.5141779957301965,likely,0.4404945264532642,15,14,none,0
59B9VDdR-yA,UC3JGnf8zOIQ06PGQ0Yb2_1Q,heldout,7,6.8745,27,13169.79,13413,21008.682676207754,0.6268735438837874,likely,0.518230749635529,15,14,none,0
59B9VDdR-yA,UC3JGnf8zOIQ06PGQ0Yb2_1Q,time,7,6.8745,27,13169.79,13413,21008.682676207754,0.6268735438837874,likely,0.518230749635529,15,14,none,0
59B9VDdR-yA,UC3JGnf8zOIQ06PGQ0Yb2_1Q,heldout,14,12.8745,27,13386.60,13413,21846.36323338162,0.6127610283227848,confirmed,0.44416288428496176,15,14,none,0
59B9VDdR-yA,UC3JGnf8zOIQ06PGQ0Yb2_1Q,time,14,12.8745,27,13386.60,13413,21846.36323338162,0.6127610283227848,confirmed,0.44416288428496176,15,14,none,0
VZdQ7CnU2Jc,UC4lvPJb78E_MUOAug4w0_Bg,time,5,4.7912,27,811.79,773,,,insufficient,,0,0,none,0
VZdQ7CnU2Jc,UC4lvPJb78E_MUOAug4w0_Bg,time,7,6.7912,27,776.44,773,,,insufficient,0.2449672630436551,0,0,none,0
VZdQ7CnU2Jc,UC4lvPJb78E_MUOAug4w0_Bg,time,14,12.7912,27,767.86,773,,,insufficient,0.19489992539369386,0,0,none,0
KHqS3pnLVwg,UC5_SBQbLA9Kg7Jh5GpXoP3g,time,1,1.8329,28,91.65,262,770.4139739675793,0.11896276549773355,early,,10,9,none,0
KHqS3pnLVwg,UC5_SBQbLA9Kg7Jh5GpXoP3g,time,2,1.8329,28,91.65,262,770.4139739675793,0.11896276549773355,early,,10,9,none,0
KHqS3pnLVwg,UC5_SBQbLA9Kg7Jh5GpXoP3g,time,3,2.8329,28,457.90,262,516.616214390456,0.886346696730667,early,4.876087035858724,15,13,none,0
KHqS3pnLVwg,UC5_SBQbLA9Kg7Jh5GpXoP3g,time,5,4.8329,28,432.57,262,516.616214390456,0.8373168706525025,likely,2.15297241914428,15,12,none,0
KHqS3pnLVwg,UC5_SBQbLA9Kg7Jh5GpXoP3g,time,7,6.8329,28,386.85,262,519.3767596917385,0.7448254781821941,likely,1.5539729051931297,15,12,none,0
KHqS3pnLVwg,UC5_SBQbLA9Kg7Jh5GpXoP3g,time,14,13.8329,28,356.07,262,518.47446346971,0.6867664176433155,confirmed,0.9671928304441784,15,12,none,0
JSPKHozuELM,UCLKZ20yD2tNMBOkSDZo4FeQ,time,0.5,0.4997,27,6911.45,4882,4370.760272537061,1.5812922095916278,early,,13,13,none,0
JSPKHozuELM,UCLKZ20yD2tNMBOkSDZo4FeQ,time,1,1.4997,27,6398.28,4882,4354.884039324652,1.4692190829376435,early,0.4389774391908989,15,15,none,0
JSPKHozuELM,UCLKZ20yD2tNMBOkSDZo4FeQ,time,2,2.4997,27,4651.44,4882,4350.8003000846375,1.069100164740288,early,0.36689686833612545,15,15,none,0
JSPKHozuELM,UCLKZ20yD2tNMBOkSDZo4FeQ,time,3,3.4997,27,4266.99,4882,4299.789643052555,0.9923724948921026,likely,0.3267194019434756,15,15,none,0
JSPKHozuELM,UCLKZ20yD2tNMBOkSDZo4FeQ,time,5,5.4997,27,4409.96,4882,4289.667222942643,1.0280435024290457,likely,0.32393663794072797,15,14,none,0
JSPKHozuELM,UCLKZ20yD2tNMBOkSDZo4FeQ,time,7,7.4997,27,4764.28,4882,4241.70439848123,1.123200044807603,confirmed,0.31133894510483023,15,13,none,0
JSPKHozuELM,UCLKZ20yD2tNMBOkSDZo4FeQ,time,14,15.4997,27,4973.91,4882,4170.140202127526,1.1927434383461948,confirmed,0.2904157000820808,15,9,none,0
ONaEai3s_Wk,UCaBqRxHEMomgFU-AkSfodCw,time,3,3.8749,27,83306.39,90090,141790.46228575954,0.5875316733979479,likely,,15,14,none,0
ONaEai3s_Wk,UCaBqRxHEMomgFU-AkSfodCw,time,5,4.8749,27,79761.27,90090,141790.46228575954,0.5625291537949968,likely,0.49266884863717786,15,14,none,0
ONaEai3s_Wk,UCaBqRxHEMomgFU-AkSfodCw,time,7,7.8749,27,86169.91,90090,146687.39920947296,0.5874390431347805,confirmed,0.42841116179707583,15,14,none,0
ONaEai3s_Wk,UCaBqRxHEMomgFU-AkSfodCw,time,14,12.8749,27,89865.60,90090,154098.80165756558,0.583168714054617,confirmed,0.3642972336237235,15,13,none,0
CMIa443BdKs,UCUpbDOT-OVNBlaQpb9pbd2w,heldout,3,3.7806,27,33235.67,21947,30401.318357985598,1.0932311601928533,likely,,15,15,none,0
CMIa443BdKs,UCUpbDOT-OVNBlaQpb9pbd2w,time,3,3.7806,27,33235.67,21947,30401.318357985598,1.0932311601928533,likely,,15,15,none,0
CMIa443BdKs,UCUpbDOT-OVNBlaQpb9pbd2w,heldout,5,4.7806,27,24179.69,21947,29358.986541493963,0.8235874071170677,likely,0.059935695482520174,15,15,none,0
CMIa443BdKs,UCUpbDOT-OVNBlaQpb9pbd2w,time,5,4.7806,27,24179.69,21947,29358.986541493963,0.8235874071170677,likely,0.059935695482520174,15,15,none,0
CMIa443BdKs,UCUpbDOT-OVNBlaQpb9pbd2w,heldout,7,6.7806,27,23697.92,21947,27965.579653675668,0.8473960361912205,likely,0.05708410249371007,15,15,none,0
CMIa443BdKs,UCUpbDOT-OVNBlaQpb9pbd2w,time,7,6.7806,27,23697.92,21947,27965.579653675668,0.8473960361912205,likely,0.05708410249371007,15,15,none,0
CMIa443BdKs,UCUpbDOT-OVNBlaQpb9pbd2w,heldout,14,12.7806,27,22529.55,21947,25485.688205370116,0.8840080781269836,confirmed,0.03702552236202488,15,15,none,0
CMIa443BdKs,UCUpbDOT-OVNBlaQpb9pbd2w,time,14,12.7806,27,22529.55,21947,25485.688205370116,0.8840080781269836,confirmed,0.03702552236202488,15,15,none,0
QCXmhhMlb2A,UCPb5icVxZvFpmORSjDKrrnw,time,1,0.7923,28,17039.66,12909,18974.643822324062,0.898022701730866,early,,15,13,none,0
QCXmhhMlb2A,UCPb5icVxZvFpmORSjDKrrnw,time,2,2.7923,28,18945.99,12909,18871.396729170858,1.0039529768522075,early,0.6956269182540485,15,12,none,0
QCXmhhMlb2A,UCPb5icVxZvFpmORSjDKrrnw,time,3,2.7923,28,18945.99,12909,18871.396729170858,1.0039529768522075,early,0.6956269182540485,15,12,none,0
QCXmhhMlb2A,UCPb5icVxZvFpmORSjDKrrnw,time,5,4.7923,28,15861.29,12909,18759.259446417374,0.8455178667367312,likely,0.4649473647065772,15,12,none,0
QCXmhhMlb2A,UCPb5icVxZvFpmORSjDKrrnw,time,7,6.7923,28,15624.84,12909,18646.175713832847,0.83796470499719,likely,0.39428079173974684,15,12,none,0
QCXmhhMlb2A,UCPb5icVxZvFpmORSjDKrrnw,time,14,12.7923,28,13772.02,12909,18349,0.7505595657818735,confirmed,0.31123105782267124,15,10,none,0
Mrl21JGKxg4,UCDr-9ViL8OpJsOXXrY1bbOw,time,14,12.8328,27,11989.17,11372,4549.535472043999,2.635251114036524,confirmed,0.4826835460725906,15,14,none,0
tHf-gnrbr6g,UCI0vQvr9aFn27yR6Ej6n5UA,time,5,5.7907,27,1048.39,967,1112.1946739961802,0.9426333084963694,likely,,15,13,none,0
tHf-gnrbr6g,UCI0vQvr9aFn27yR6Ej6n5UA,time,7,6.7907,27,969.95,967,1099.928264057656,0.8818289280043317,likely,0.28695156755972306,15,13,none,0
tHf-gnrbr6g,UCI0vQvr9aFn27yR6Ej6n5UA,time,14,12.7907,27,967.70,967,1017.0074656906024,0.9515175714826528,confirmed,0.20419031868350568,15,12,none,0
oeIcQIBkxig,UCPDis9pjXuqyI7RYLJ-TTSA,heldout,14,12.9571,29,1225311.47,1737993,1269107.2015651595,0.9654909153246182,confirmed,0.42886237516394254,15,12,none,0
oeIcQIBkxig,UCPDis9pjXuqyI7RYLJ-TTSA,time,14,12.9571,29,1225311.47,1737993,1269107.2015651595,0.9654909153246182,confirmed,0.42886237516394254,15,12,none,0
cA8X2AWeVIo,UCIw43VFoz08rP1e_dzqJXpw,time,1,0.7761,28,42.65,59,83.29862796230918,0.5120428619590711,early,,4,4,none,0
cA8X2AWeVIo,UCIw43VFoz08rP1e_dzqJXpw,time,2,2.7761,28,40.77,59,93.71040652204135,0.4350967199574974,early,0.5916901579059876,4,4,none,0
cA8X2AWeVIo,UCIw43VFoz08rP1e_dzqJXpw,time,3,2.7761,28,40.77,59,93.71040652204135,0.4350967199574974,early,0.5916901579059876,4,4,none,0
cA8X2AWeVIo,UCIw43VFoz08rP1e_dzqJXpw,time,5,4.7761,28,37.39,59,96.84049447702614,0.38607243641496336,likely,0.4436972642152054,4,4,none,0
cA8X2AWeVIo,UCIw43VFoz08rP1e_dzqJXpw,time,7,6.7761,28,35.53,59,104.01304626479389,0.3415445325874723,likely,0.3789855599831562,4,4,none,0
cA8X2AWeVIo,UCIw43VFoz08rP1e_dzqJXpw,time,14,13.7761,28,56.05,59,122.99999999999994,0.45568937612674537,confirmed,0.39570551843682156,4,3,none,0
7IdJ0_taonw,UC9vUu4vlIlMC0dHQCTvQPbg,heldout,5,6.8245,29,60338.52,58053,,,insufficient,,0,0,none,0
7IdJ0_taonw,UC9vUu4vlIlMC0dHQCTvQPbg,time,5,6.8245,29,60338.52,58053,,,insufficient,,0,0,none,0
7IdJ0_taonw,UC9vUu4vlIlMC0dHQCTvQPbg,heldout,7,6.8245,29,60338.52,58053,,,insufficient,,0,0,none,0
7IdJ0_taonw,UC9vUu4vlIlMC0dHQCTvQPbg,time,7,6.8245,29,60338.52,58053,,,insufficient,,0,0,none,0
7IdJ0_taonw,UC9vUu4vlIlMC0dHQCTvQPbg,heldout,14,13.8245,29,57075.86,58053,,,insufficient,0.14455661842970122,0,0,none,0
7IdJ0_taonw,UC9vUu4vlIlMC0dHQCTvQPbg,time,14,13.8245,29,57075.86,58053,,,insufficient,0.14455661842970122,0,0,none,0
hqOrDZVlh_Y,UCV8a3gTVi7eZmOBlPQdz3hw,heldout,14,13.0127,28,70.11,82,229.46227926047402,0.3055197716323334,confirmed,0.33307433772796835,15,15,none,0
iljr7LxxLvk,UC2jNBBBbMSWdir5Uibepq0A,time,5,6.7910,29,1628.25,1774,,,insufficient,,0,0,none,0
iljr7LxxLvk,UC2jNBBBbMSWdir5Uibepq0A,time,7,6.7910,29,1628.25,1774,,,insufficient,,0,0,none,0
iljr7LxxLvk,UC2jNBBBbMSWdir5Uibepq0A,time,14,13.7910,29,1727.45,1774,,,insufficient,0.2757417728742315,0,0,none,0
dxZ-_3KHV68,UCPDis9pjXuqyI7RYLJ-TTSA,time,7,8.9573,27,1467667.19,1448837,1138179.3570030048,1.289486737914592,confirmed,,8,8,none,0
dxZ-_3KHV68,UCPDis9pjXuqyI7RYLJ-TTSA,time,14,14.9573,27,1387589.08,1448837,1345541.4216956059,1.031249617484075,confirmed,0.19477415408753915,15,11,none,0
bel9aSViPBc,UC2dSE9W3lGYbFi_CPmVtA-A,time,5,4.9536,30,13034.87,16780,,,insufficient,,14,14,none,0
bel9aSViPBc,UC2dSE9W3lGYbFi_CPmVtA-A,time,7,6.9536,30,13653.05,16780,,,insufficient,0.3992201328971587,15,15,none,0
bel9aSViPBc,UC2dSE9W3lGYbFi_CPmVtA-A,time,14,13.9536,30,16239.88,16780,,,insufficient,0.4034015365796074,15,15,none,0
FL1NY8tb71M,UCgDcCZDBaXtAQGSc-Chs0xw,time,5,5.8919,28,633.66,822,,,insufficient,,0,0,none,0
FL1NY8tb71M,UCgDcCZDBaXtAQGSc-Chs0xw,time,7,6.8919,28,828.95,822,,,insufficient,0.6659162814710936,0,0,none,0
FL1NY8tb71M,UCgDcCZDBaXtAQGSc-Chs0xw,time,14,12.8919,28,741.95,822,,,insufficient,0.44145128134242473,0,0,none,0
ckxTb0gafok,UCsQLTECz1bCA56JIryaw-lA,heldout,1,1.8743,30,327359.03,415552,331592.2345776973,0.9872336950239402,early,,15,15,none,0
ckxTb0gafok,UCsQLTECz1bCA56JIryaw-lA,heldout,2,1.8743,30,327359.03,415552,331592.2345776973,0.9872336950239402,early,,15,15,none,0
ckxTb0gafok,UCsQLTECz1bCA56JIryaw-lA,heldout,3,2.8743,30,229747.72,415552,330448.0515132357,0.695261221480375,early,0.18069284607106334,15,14,none,0
ckxTb0gafok,UCsQLTECz1bCA56JIryaw-lA,heldout,5,4.8743,30,339453.08,415552,330027.30072375585,1.0285606092614052,likely,0.4713976275320813,15,14,none,0
ckxTb0gafok,UCsQLTECz1bCA56JIryaw-lA,heldout,7,6.8743,30,346382.29,415552,330027.30072375585,1.0495564689625665,likely,0.4411765281673385,15,14,none,0
ckxTb0gafok,UCsQLTECz1bCA56JIryaw-lA,heldout,14,13.8743,30,376364.78,415552,328360.202247738,1.1461948688392278,confirmed,0.371093331583117,15,13,none,0
qMXTd8DiwMU,UCPCPE5MoI7DS1WiVB_-mzNw,time,5,5.9031,27,3946.09,2952,5591.480443302142,0.7057320040198533,likely,,15,15,none,0
qMXTd8DiwMU,UCPCPE5MoI7DS1WiVB_-mzNw,time,7,6.9031,27,3208.39,2952,5547.57145828016,0.5783422327574774,likely,0.040642602826731045,15,15,none,0
qMXTd8DiwMU,UCPCPE5MoI7DS1WiVB_-mzNw,time,14,12.9031,27,3033.22,2952,5349.091506316701,0.5670536938583078,confirmed,0.016150067223440347,15,15,none,0
JbjefyhSta0,UC7r7A8qlvL8hoKJhfpbVb2w,time,14,13.9580,30,737.29,779,,,insufficient,,14,14,none,0
oBCjyy22-aw,UC6BW8DqrAmBEIeCtMa4bfBw,time,14,15.2758,27,16857.89,16427,3359.353471283836,5.01819595099587,confirmed,0.01416273500810158,15,15,none,0
2ElucWj2yR0,UCGpsgNbzdF7BECCVbB1COHw,time,7,7.9591,27,7182.95,6166,4573.148552272747,1.5706786468679297,confirmed,,10,10,none,0
2ElucWj2yR0,UCGpsgNbzdF7BECCVbB1COHw,time,14,14.9591,27,6164.62,6166,6217.52629466207,0.9914913348016322,confirmed,0.07749293113042105,15,15,none,0
ifqjcDjXPu8,UCHQ4lSaKRap5HyrpitrTOhQ,time,5,5.8646,29,21411.12,19021,6941.637673903038,3.084448478574069,likely,,10,10,none,0
ifqjcDjXPu8,UCHQ4lSaKRap5HyrpitrTOhQ,time,7,6.8646,29,19696.49,19021,6875.432005467368,2.864763496776864,likely,0.2479498420447658,15,15,none,0
ifqjcDjXPu8,UCHQ4lSaKRap5HyrpitrTOhQ,time,14,14.8646,29,19749.34,19021,6701.7621521756355,2.9468882146285247,confirmed,0.17184453744298697,15,14,none,0
B_LOi9tpdYc,UCPAt6z5uX_c5Eo_cSNROzYw,time,7,8.9165,28,2144.56,1855,4267.034369638948,0.5025874489375007,confirmed,,15,15,none,0
B_LOi9tpdYc,UCPAt6z5uX_c5Eo_cSNROzYw,time,14,13.9165,28,1951.69,1855,4007.9663935537283,0.4869532351309777,confirmed,0.131597702503554,15,15,none,0
wt_l1417xbI,UCPAt6z5uX_c5Eo_cSNROzYw,time,7,7.9384,27,6334.19,6363,4127.327929476381,1.534695220282592,confirmed,,15,15,none,0
wt_l1417xbI,UCPAt6z5uX_c5Eo_cSNROzYw,time,14,12.9384,27,5358.52,6363,3836.7743582127637,1.396621126905888,confirmed,0.06831056380865931,15,15,none,0
zcMnpQee1rs,UCGpsgNbzdF7BECCVbB1COHw,heldout,14,14.2076,29,12457.40,12203,6793.31701313069,1.833772312429854,confirmed,0.04400709089344457,15,15,none,0
zcMnpQee1rs,UCGpsgNbzdF7BECCVbB1COHw,time,14,14.2076,29,12457.40,12203,6793.31701313069,1.833772312429854,confirmed,0.04400709089344457,15,15,none,0
oFvDZ1NFIVk,UC4MndkrWaqQF1uZ5-kO3t6Q,heldout,7,7.0267,29,32.74,51,,,insufficient,,0,0,none,0
oFvDZ1NFIVk,UC4MndkrWaqQF1uZ5-kO3t6Q,time,7,7.0267,29,32.74,51,,,insufficient,,0,0,none,0
oFvDZ1NFIVk,UC4MndkrWaqQF1uZ5-kO3t6Q,heldout,14,14.0267,29,28.94,51,,,insufficient,0.11818428240976712,0,0,none,0
oFvDZ1NFIVk,UC4MndkrWaqQF1uZ5-kO3t6Q,time,14,14.0267,29,28.94,51,,,insufficient,0.11818428240976712,0,0,none,0
bsjVhpK8d9U,UCP35tS1rd6DJthNZK1fSPIA,time,14,14.4258,29,25204.21,24517,15397.325952160263,1.6369215567760647,confirmed,0.2917993423888025,15,14,none,0
R0Dv446wBvc,UCnYMOamNKLGVlJgRUbamveA,time,1,0.9576,29,40465.57,26701,37853.24695356868,1.0690118373435267,early,,14,14,none,0
R0Dv446wBvc,UCnYMOamNKLGVlJgRUbamveA,time,2,1.9576,29,30905.50,26701,36425.15102077291,0.8484658286463554,early,0.3295032362949998,15,15,none,0
R0Dv446wBvc,UCnYMOamNKLGVlJgRUbamveA,time,3,2.9576,29,25189.91,26701,35256.32354697444,0.71447925291164,early,0.2620044534696362,15,15,none,0
R0Dv446wBvc,UCnYMOamNKLGVlJgRUbamveA,time,5,4.9576,29,29325.88,26701,33698.10871135615,0.8702529174722532,likely,0.27041385275593416,15,15,none,0
R0Dv446wBvc,UCnYMOamNKLGVlJgRUbamveA,time,7,6.9576,29,29272.61,26701,32574.900601430796,0.898624759295713,likely,0.25858805720173655,15,15,none,0
R0Dv446wBvc,UCnYMOamNKLGVlJgRUbamveA,time,14,13.9576,29,28182.78,26701,30370.292925000525,0.9279720484746737,confirmed,0.21256991061412542,15,15,none,0
EmloRnMIZdw,UCgJCa5JyZUFkw2evyuvLbJA,heldout,1,0.8370,31,6627.13,17988,11555.941002497635,0.573482262688338,early,,14,12,none,0
EmloRnMIZdw,UCgJCa5JyZUFkw2evyuvLbJA,heldout,14,15.8370,31,18922.93,17988,11091.318005954123,1.706102725996095,confirmed,0.8095770334226832,15,13,none,0
mtO2By_vc70,UC8DqDLFZCni7Jkys3N3818w,time,5,4.8185,27,17.68,24,,,insufficient,,0,0,none,0
mtO2By_vc70,UC8DqDLFZCni7Jkys3N3818w,time,7,7.8185,27,15.39,24,,,insufficient,0.17822633292632953,0,0,none,0
mtO2By_vc70,UC8DqDLFZCni7Jkys3N3818w,time,14,12.8185,27,19.03,24,,,insufficient,0.3101447074846745,0,0,none,0
bWRuVIJr0-I,UCYO_YUHK7ZROCqJMtSOuOHQ,time,0.5,0.7332,29,450.52,7629,867.6088971781867,0.5192624156193462,early,,15,14,none,0
bWRuVIJr0-I,UCYO_YUHK7ZROCqJMtSOuOHQ,time,1,0.7332,29,450.52,7629,867.6088971781867,0.5192624156193462,early,,15,14,none,0
bWRuVIJr0-I,UCYO_YUHK7ZROCqJMtSOuOHQ,time,2,1.7332,29,373.54,7629,878.1101088223242,0.4253923063300614,early,0.5386896462114328,15,14,none,0
bWRuVIJr0-I,UCYO_YUHK7ZROCqJMtSOuOHQ,time,3,2.7332,29,317.89,7629,882.9779544851253,0.3600190406558118,early,0.3845274512715876,15,12,none,0
bWRuVIJr0-I,UCYO_YUHK7ZROCqJMtSOuOHQ,time,5,4.7332,29,425.11,7629,870.0850762347507,0.4885833762843243,likely,0.4989874885439563,15,11,none,0
bWRuVIJr0-I,UCYO_YUHK7ZROCqJMtSOuOHQ,time,7,6.7332,29,1973.23,7629,1878.2653310694686,1.050562329260933,likely,1.3184106745872144,15,11,none,0
bWRuVIJr0-I,UCYO_YUHK7ZROCqJMtSOuOHQ,time,14,13.7332,29,6827.80,7629,2612.514027316996,2.613499375510519,confirmed,1.5475163590354906,15,9,none,0
1tA3nI2pr28,UCjkvta4m0l5d8ehlt1TXHzA,time,14,12.8332,27,1562.16,1602,2074.820260805169,0.7529148340097129,confirmed,,15,15,none,0
0-3hjkqCX1k,UCFw5CGngtluNE5iBnnt64ww,time,14,13.6667,27,12419.16,12582,12567.693976364904,0.9881811601488445,confirmed,0.07561881381088292,15,10,none,0
lTfkgBNNqN8,UCLBVA29QFjSo3c8NpGD89lw,time,5,4.7909,28,1586.87,2172,,,insufficient,,5,5,none,0
lTfkgBNNqN8,UCLBVA29QFjSo3c8NpGD89lw,time,7,6.7909,28,1656.99,2172,,,insufficient,0.3793199211944468,13,13,none,0
lTfkgBNNqN8,UCLBVA29QFjSo3c8NpGD89lw,time,14,13.7909,28,1890.51,2172,,,insufficient,0.348453892308343,13,13,none,0
R-AI8vjoFr0,UCg2EPgrZtxyZPdaprLgSqpQ,time,5,6.3505,28,105.78,98,,,insufficient,,2,2,none,0
R-AI8vjoFr0,UCg2EPgrZtxyZPdaprLgSqpQ,time,7,7.3505,28,92.36,98,,,insufficient,0,2,2,none,0
R-AI8vjoFr0,UCg2EPgrZtxyZPdaprLgSqpQ,time,14,14.3505,28,95.08,98,,,insufficient,0.12353892170569487,2,2,none,0
SxOWwlp134U,UCj4p4EritSP1yXDj_Di3img,time,14,13.0410,28,92.32,86,106.73728755969732,0.864900231276904,confirmed,0.18080509322830376,15,11,none,0
2fphONHSp1A,UCq_2n18CJaRVGxEfxtCfI-Q,time,5,4.8261,28,194776.50,149208,118274.29506362657,1.6468202200476736,likely,,15,15,none,0
2fphONHSp1A,UCq_2n18CJaRVGxEfxtCfI-Q,time,7,6.8261,28,159744.64,149208,116803.10101120037,1.3676403919189069,likely,0.04803395963273753,15,15,none,0
2fphONHSp1A,UCq_2n18CJaRVGxEfxtCfI-Q,time,14,13.8261,28,152328.72,149208,113063.03021340755,1.3472902989226645,confirmed,0.030613424864958647,15,12,none,0
7k4tQoOSd-8,UCIcCXe3iWo6lq-iWKV40Oug,heldout,14,12.8315,30,18825.78,20029,16836.77081352769,1.1181349602843436,confirmed,,15,14,none,0
uqMITME4vms,UCecPJBL6E1PVky1-gj6KH5g,time,0.5,0.5090,28,96588.15,59184,103270.99485540102,0.9352882853862716,early,,15,15,none,0
uqMITME4vms,UCecPJBL6E1PVky1-gj6KH5g,time,1,0.5090,28,96588.15,59184,103270.99485540102,0.9352882853862716,early,,15,15,none,0
uqMITME4vms,UCecPJBL6E1PVky1-gj6KH5g,time,2,2.5090,28,72734.30,59184,108505.65802006354,0.6703272623272364,early,0.4801679578455546,15,14,none,0
uqMITME4vms,UCecPJBL6E1PVky1-gj6KH5g,time,3,2.5090,28,72734.30,59184,108505.65802006354,0.6703272623272364,early,0.4801679578455546,15,14,none,0
uqMITME4vms,UCecPJBL6E1PVky1-gj6KH5g,time,5,4.5090,28,62238.65,59184,108182.68306316716,0.5753106497645161,likely,0.37822982955336554,15,12,none,0
uqMITME4vms,UCecPJBL6E1PVky1-gj6KH5g,time,7,6.5090,28,69756.54,59184,107934.05998490885,0.6462884660453742,likely,0.3419146577518669,15,11,none,0
uqMITME4vms,UCecPJBL6E1PVky1-gj6KH5g,time,14,13.5090,28,65788.62,59184,110157.00000000001,0.5972259493049207,confirmed,0.2815738277328938,15,7,none,0
pN7XXZavnaY,UCcTiu6qN0sm433gR8wjoVCA,time,3,3.9583,27,3302.64,2755,,,insufficient,,2,2,none,0
pN7XXZavnaY,UCcTiu6qN0sm433gR8wjoVCA,time,5,4.9583,27,2839.03,2755,,,insufficient,0.3048652418995958,2,2,none,0
pN7XXZavnaY,UCcTiu6qN0sm433gR8wjoVCA,time,7,6.9583,27,2521.20,2755,,,insufficient,0.20300281732999675,2,2,none,0
pN7XXZavnaY,UCcTiu6qN0sm433gR8wjoVCA,time,14,14.9583,27,2754.31,2755,,,insufficient,0.1683422994535728,2,2,none,0
ngE3q-fnz1I,UC3w193M5tYPJqF0Hi-7U-2g,time,14,13.0822,28,183044.18,184295,285406.0295842959,0.6413465871452289,confirmed,0.18655655926307504,15,11,none,0
z9ri8lnSRRQ,UCkqcY4CAuBFNFho6JgygCnA,heldout,14,14.1386,29,39621.27,35487,40640.98287425905,0.9749091315419075,confirmed,0.5888130181996698,15,13,none,0
z9ri8lnSRRQ,UCkqcY4CAuBFNFho6JgygCnA,time,14,14.1386,29,39621.27,35487,40640.98287425905,0.9749091315419075,confirmed,0.5888130181996698,15,13,none,0
n0V8YQ9CETk,UC93sJsqzmDqkYrEHUPDQzuQ,heldout,0.5,0.3935,29,1137.41,377,1073.9388395383958,1.0590967073638757,early,,12,9,none,0
n0V8YQ9CETk,UC93sJsqzmDqkYrEHUPDQzuQ,heldout,1,1.3935,29,701.58,377,1033.4203076426666,0.6788875576615458,early,0.1863559168330057,15,11,none,0
n0V8YQ9CETk,UC93sJsqzmDqkYrEHUPDQzuQ,heldout,2,2.3935,29,482.48,377,1021.1800810951157,0.47247272495615383,early,0.26088392795688176,15,9,none,0
n0V8YQ9CETk,UC93sJsqzmDqkYrEHUPDQzuQ,heldout,3,3.3935,29,425.37,377,985.6535748034055,0.4315579160477169,likely,0.22543283235806252,15,9,none,0
n0V8YQ9CETk,UC93sJsqzmDqkYrEHUPDQzuQ,heldout,5,5.3935,29,403.72,377,957.6571379491604,0.4215675163491179,likely,0.19255620806625412,15,9,none,0
n0V8YQ9CETk,UC93sJsqzmDqkYrEHUPDQzuQ,heldout,7,7.3935,29,403.52,377,959.1950173536318,0.42068950232000785,confirmed,0.18345408751617032,15,9,none,0
n0V8YQ9CETk,UC93sJsqzmDqkYrEHUPDQzuQ,heldout,14,14.3935,29,415.06,377,949.837232110787,0.4369793309952378,confirmed,0.14500093877526857,15,7,none,0
3aLI_fPUquo,UC5_SBQbLA9Kg7Jh5GpXoP3g,time,1,0.9591,29,627.09,533,770.4139739675793,0.8139698996757855,early,,15,14,none,0
3aLI_fPUquo,UC5_SBQbLA9Kg7Jh5GpXoP3g,time,2,1.9591,29,601.82,533,770.4139739675793,0.7811599141460972,early,0.6975895430827299,15,14,none,0
3aLI_fPUquo,UC5_SBQbLA9Kg7Jh5GpXoP3g,time,3,2.9591,29,802.47,533,770.4139739675793,1.0416066220036906,early,0.7931114686907164,15,13,none,0
3aLI_fPUquo,UC5_SBQbLA9Kg7Jh5GpXoP3g,time,5,4.9591,29,643.89,533,773.6015252784867,0.8323340585598454,likely,0.5191521794437729,15,12,none,0
3aLI_fPUquo,UC5_SBQbLA9Kg7Jh5GpXoP3g,time,7,6.9591,29,607.73,533,778.1164069660861,0.7810306240701477,likely,0.43313753589090315,15,12,none,0
3aLI_fPUquo,UC5_SBQbLA9Kg7Jh5GpXoP3g,time,14,13.9591,29,688.17,533,784.3413382218151,0.8773879403786689,confirmed,0.3285718653712617,15,12,none,0
-fwguGQLIgE,UCBhPkAuGks2UkizNMbtW6uw,time,5,5.3283,27,74.75,72,100.50093355212013,0.7437260396348406,likely,0.308780906475061,5,5,none,0
-fwguGQLIgE,UCBhPkAuGks2UkizNMbtW6uw,time,7,7.3283,27,81.20,72,94.89551653722467,0.8556800409143578,confirmed,0.33932257454738357,5,5,none,0
-fwguGQLIgE,UCBhPkAuGks2UkizNMbtW6uw,time,14,15.3283,27,73.85,72,90.82693734643607,0.8131253339007276,confirmed,0.1894646526717163,5,5,none,0
ynu_7PUh0Zs,UCH6Oc4MAJzzmK0SM805ZnjQ,time,2,2.9368,28,2042.15,2843,3933.9854222087015,0.5191045304868439,early,,15,14,none,0
ynu_7PUh0Zs,UCH6Oc4MAJzzmK0SM805ZnjQ,time,3,2.9368,28,2042.15,2843,3933.9854222087015,0.5191045304868439,early,,15,14,none,0
ynu_7PUh0Zs,UCH6Oc4MAJzzmK0SM805ZnjQ,time,5,5.9368,28,2230.78,2843,4018.8775300064667,0.5550764461580401,likely,0.3950116998787883,15,14,none,0
ynu_7PUh0Zs,UCH6Oc4MAJzzmK0SM805ZnjQ,time,7,6.9368,28,2211.44,2843,4018.8775300064667,0.550262272491624,likely,0.43146116585731176,15,14,none,0
ynu_7PUh0Zs,UCH6Oc4MAJzzmK0SM805ZnjQ,time,14,13.9368,28,2760.98,2843,4268.277038066424,0.6468602957926027,confirmed,0.45508601572857244,15,13,none,0
jEkAjbvfw4M,UC2cfzvGC8CJNWtvaynN7TeA,time,5,6.8906,29,19370.28,18043,,,insufficient,,0,0,none,0
jEkAjbvfw4M,UC2cfzvGC8CJNWtvaynN7TeA,time,7,6.8906,29,19370.28,18043,,,insufficient,,0,0,none,0
jEkAjbvfw4M,UC2cfzvGC8CJNWtvaynN7TeA,time,14,13.8906,29,17045.98,18043,,,insufficient,0.10990917346447693,0,0,none,0
J0ydlAqg6_8,UCn_zjOECM_3Raq5953rMm4Q,time,1,0.9163,27,13748.01,97069,159413.54075750127,0.08624116899509146,early,,10,10,none,0
J0ydlAqg6_8,UCn_zjOECM_3Raq5953rMm4Q,time,2,1.9163,27,24738.38,97069,165092.00000000006,0.14984602646635198,early,1.3486909465685875,10,9,none,0
J0ydlAqg6_8,UCn_zjOECM_3Raq5953rMm4Q,time,3,2.9163,27,27219.44,97069,165092.00000000006,0.1648743565575411,early,1.1177947553671475,10,9,none,0
J0ydlAqg6_8,UCn_zjOECM_3Raq5953rMm4Q,time,5,4.9163,27,33848.72,97069,165092.00000000006,0.2050294240847989,likely,1.0241890914294116,10,9,none,0
J0ydlAqg6_8,UCn_zjOECM_3Raq5953rMm4Q,time,7,6.9163,27,43315.27,97069,165092.00000000006,0.2623704786709666,likely,1.0845375506603667,10,9,none,0
J0ydlAqg6_8,UCn_zjOECM_3Raq5953rMm4Q,time,14,12.9163,27,71867.97,97069,165092.00000000006,0.4353207470823036,confirmed,1.046588324397775,10,9,none,0
C7D0C1dQbfE,UCfWlwgHS9mnVbIi4jNgIGtA,time,14,13.9283,29,7008.11,11100,3737.0000000000023,1.875331434520476,confirmed,,15,13,none,0
BKxzB6x9p_Y,UCgCsMxVCJs0TSqAIlBxiT7g,heldout,5,6.8130,31,16654.01,15485,5320.2998458832835,3.130276517080165,likely,,15,14,none,0
BKxzB6x9p_Y,UCgCsMxVCJs0TSqAIlBxiT7g,heldout,7,6.8130,31,16654.01,15485,5320.2998458832835,3.130276517080165,likely,,15,14,none,0
5_hQX0gwRS8,UCQ_bmgSrYsQS0LboA_tZpEw,heldout,1,1.9998,30,332334.34,392887,214786.3982823679,1.5472783503699947,early,,14,14,none,0
5_hQX0gwRS8,UCQ_bmgSrYsQS0LboA_tZpEw,heldout,2,1.9998,30,332334.34,392887,214786.3982823679,1.5472783503699947,early,,14,14,none,0
5_hQX0gwRS8,UCQ_bmgSrYsQS0LboA_tZpEw,heldout,3,2.9998,30,234265.06,392887,212977.7589438503,1.0999508148769732,early,0.20275954183345804,15,14,none,0
5_hQX0gwRS8,UCQ_bmgSrYsQS0LboA_tZpEw,heldout,5,4.9998,30,348385.91,392887,210942.03215740263,1.6515717991871197,likely,0.5017920702408103,15,14,none,0
5_hQX0gwRS8,UCQ_bmgSrYsQS0LboA_tZpEw,heldout,7,5.9998,30,372520.20,392887,210942.03215740263,1.765983745815334,likely,0.48954933285436436,15,14,none,0
5_hQX0gwRS8,UCQ_bmgSrYsQS0LboA_tZpEw,heldout,14,13.9998,30,390117.22,392887,205417.28752032274,1.8991450384770847,confirmed,0.40937900575730224,15,13,none,0
kTAZhXttzeo,UCmGyCEbHfY91NFwHgioNLMQ,time,7,8.9784,28,10245.52,8664,116357.90512691661,0.08805178774074914,confirmed,,15,15,none,0
kTAZhXttzeo,UCmGyCEbHfY91NFwHgioNLMQ,time,14,13.9784,28,8704.88,8664,112990.60916263681,0.07704075962211711,confirmed,0.08534876378173596,15,15,none,0
pk-D6lXw6Lo,UC8fQzKHIhSoZeSq3bwQx4mw,time,5,6.7976,27,312.30,274,,,insufficient,,0,0,none,0
pk-D6lXw6Lo,UC8fQzKHIhSoZeSq3bwQx4mw,time,7,6.7976,27,312.30,274,,,insufficient,,0,0,none,0
pk-D6lXw6Lo,UC8fQzKHIhSoZeSq3bwQx4mw,time,14,12.7976,27,267.67,274,,,insufficient,0.07604871984441143,0,0,none,0
0MaBOq9QlSY,UC9Nrmsn0jlFsbuzmeUVdIUw,time,2,2.0416,27,82.30,86,,,insufficient,,2,2,none,0
0MaBOq9QlSY,UC9Nrmsn0jlFsbuzmeUVdIUw,time,3,3.0416,27,67.22,86,118.59645156654294,0.5667858717100777,likely,0.3061008873526544,15,14,none,0
0MaBOq9QlSY,UC9Nrmsn0jlFsbuzmeUVdIUw,time,5,5.0416,27,85.85,86,117.77396819030501,0.728961198174334,likely,0.49971139130096615,15,13,none,0
0MaBOq9QlSY,UC9Nrmsn0jlFsbuzmeUVdIUw,time,7,7.0416,27,98.78,86,119.22710438941962,0.828533878146807,confirmed,0.5065354038762033,15,13,none,0
0MaBOq9QlSY,UC9Nrmsn0jlFsbuzmeUVdIUw,time,14,13.0416,27,94.64,86,124.63975962029554,0.7593251587733887,confirmed,0.3989559453387587,15,11,none,0
3wT9uNRk3AM,UCdJ9oJ2GUF8Vmb-G63ldGWg,time,5,5.7329,28,492869.22,740388,,,insufficient,,0,0,none,0
3wT9uNRk3AM,UCdJ9oJ2GUF8Vmb-G63ldGWg,time,7,7.7329,28,716625.57,740388,144889.77351105277,4.946005154980175,confirmed,0.7531234031340762,15,15,none,0
3wT9uNRk3AM,UCdJ9oJ2GUF8Vmb-G63ldGWg,time,14,13.7329,28,602365.45,740388,144447.49054866107,4.170134422852128,confirmed,0.44988211897732944,15,15,none,0
Iz8KyTqsGDM,UCsqg_qOYNGPqY52SsJ_gMxQ,heldout,0.5,0.5216,30,211.11,660,396.6121164105588,0.5322857916270956,early,,13,9,none,0
Iz8KyTqsGDM,UCsqg_qOYNGPqY52SsJ_gMxQ,heldout,1,0.5216,30,211.11,660,396.6121164105588,0.5322857916270956,early,,13,9,none,0
Iz8KyTqsGDM,UCsqg_qOYNGPqY52SsJ_gMxQ,heldout,7,7.5216,30,723.30,660,457.0603107103635,1.5825104263862306,confirmed,1.1165891002725707,15,8,none,0
Iz8KyTqsGDM,UCsqg_qOYNGPqY52SsJ_gMxQ,heldout,14,13.5216,30,753.98,660,492.5000225968538,1.5309338169748197,confirmed,0.9217971144752019,15,8,none,0
Ch4LoBCDDZQ,UC6RxjqZyhTKshYyBJcIIvPQ,time,5,4.8747,27,1298.59,1262,,,insufficient,,2,2,none,0
Ch4LoBCDDZQ,UC6RxjqZyhTKshYyBJcIIvPQ,time,7,6.8747,27,1339.80,1262,,,insufficient,0.34311289368271614,2,2,none,0
Ch4LoBCDDZQ,UC6RxjqZyhTKshYyBJcIIvPQ,time,14,12.8747,27,1293.07,1262,,,insufficient,0.22124924120361472,2,2,none,0
Vs6vJwmJL0Y,UC-ew9TfeD887qUSiWWAAj1w,heldout,14,14.5532,30,15676.93,18924,6888.25246570115,2.2758929616982293,confirmed,0.32412632882635367,15,14,none,0
2zr4OUlTipk,UCXlDgfWY2JbsYEam2m68Hyw,heldout,14,13.8750,30,55821.32,61022,68090.00000000003,0.8198166513360796,confirmed,0.39093314405207613,15,13,none,0
drL2HoyAkSM,UCwMbSEgxhmOB5dXcxRTKHJQ,time,0.5,0.5082,27,3413.50,52273,6353.689122435308,0.537247309370852,early,,15,13,none,0
drL2HoyAkSM,UCwMbSEgxhmOB5dXcxRTKHJQ,time,1,0.5082,27,3413.50,52273,6353.689122435308,0.537247309370852,early,,15,13,none,0
drL2HoyAkSM,UCwMbSEgxhmOB5dXcxRTKHJQ,time,2,1.5082,27,33177.55,52273,6457.096023086129,5.1381537061809235,early,5.022097139659823,15,12,none,0
drL2HoyAkSM,UCwMbSEgxhmOB5dXcxRTKHJQ,time,3,2.5082,27,46686.65,52273,6466.001216760884,7.220328387440456,early,3.592921078425841,15,12,none,0
drL2HoyAkSM,UCwMbSEgxhmOB5dXcxRTKHJQ,time,5,4.5082,27,56799.24,52273,6484.081038402172,8.759798694259535,likely,2.5992180440662005,15,12,none,0
drL2HoyAkSM,UCwMbSEgxhmOB5dXcxRTKHJQ,time,7,6.5082,27,56552.52,52273,6810.052877101098,8.304270220292928,likely,2.1804045009124473,15,12,none,0
drL2HoyAkSM,UCwMbSEgxhmOB5dXcxRTKHJQ,time,14,15.5082,27,64672.05,52273,8877.345707305047,7.285066075425196,confirmed,1.5451074094353845,15,11,none,0
VjonF-qVnlU,UCYzz2SkhAaM0FDKuGk-IPZg,heldout,14,14.1121,31,91121.00,87311,10905.803419956857,8.355276063377387,confirmed,,15,15,none,0
oSW-__CBzoU,UCyHGVG2E0yo1NidXwG_JrpA,time,0.5,0.5029,28,928.89,824,1474.4687978878205,0.6299817103499238,early,,15,10,none,0
oSW-__CBzoU,UCyHGVG2E0yo1NidXwG_JrpA,time,1,0.5029,28,928.89,824,1474.4687978878205,0.6299817103499238,early,,15,10,none,0
oSW-__CBzoU,UCyHGVG2E0yo1NidXwG_JrpA,time,2,1.5029,28,1398.76,824,1453.8824756067502,0.9620844582028708,early,1.3520815374640665,15,10,none,0
oSW-__CBzoU,UCyHGVG2E0yo1NidXwG_JrpA,time,3,2.5029,28,1352.31,824,1416.1502961029264,0.9549169904696655,early,0.9370031614620382,15,10,none,0
oSW-__CBzoU,UCyHGVG2E0yo1NidXwG_JrpA,time,5,4.5029,28,1498.91,824,1364.7451605656909,1.0983046278529933,likely,0.6973139293802002,15,10,none,0
oSW-__CBzoU,UCyHGVG2E0yo1NidXwG_JrpA,time,7,6.5029,28,1086.34,824,1335.5087315241926,0.8134277984786238,likely,0.5802161569334403,15,10,none,0
oSW-__CBzoU,UCyHGVG2E0yo1NidXwG_JrpA,time,14,13.5029,28,914.75,824,1264.2882081852902,0.7235326218305252,confirmed,0.44986547409057936,15,7,none,0
ria70BFUIrs,UCnmGIkw-KdI0W5siakKPKog,heldout,14,12.8739,30,3448996.36,3725481,4477108.885579912,0.770362403544669,confirmed,,15,15,none,0
9lgYN0cPEg8,UC6Oihk5E2X9kuvI4q4rWxtQ,time,14,14.5761,28,116574.61,116449,125438.20603889972,0.9293389338946139,confirmed,,15,14,none,0
l-whUD5pMpU,UCq_2n18CJaRVGxEfxtCfI-Q,time,3,3.4337,27,146516.31,146080,153807.25464710756,0.9525968753645746,likely,,15,15,none,0
l-whUD5pMpU,UCq_2n18CJaRVGxEfxtCfI-Q,time,5,5.4337,27,152254.14,146080,150625.66321585368,1.0108114241843031,likely,0.4668847722005633,15,15,none,0
l-whUD5pMpU,UCq_2n18CJaRVGxEfxtCfI-Q,time,7,7.4337,27,149093.72,146080,146893.73058494946,1.014976715915299,confirmed,0.3737408100586999,15,15,none,0
l-whUD5pMpU,UCq_2n18CJaRVGxEfxtCfI-Q,time,14,15.4337,27,147233.01,146080,135016.17538307395,1.0904842093670106,confirmed,0.26934849981435693,15,14,none,0
csBoh1NBNUM,UC_7aK9PpYTqt08ERh1MewlQ,heldout,1,0.9575,28,30050.05,44554,22930.321898207218,1.31049385160712,early,,15,10,none,0
csBoh1NBNUM,UC_7aK9PpYTqt08ERh1MewlQ,heldout,2,2.9575,28,49325.60,44554,23203.63842964676,2.1257699061314965,early,0.9329732309718599,15,9,none,0
csBoh1NBNUM,UC_7aK9PpYTqt08ERh1MewlQ,heldout,3,2.9575,28,49325.60,44554,23203.63842964676,2.1257699061314965,early,0.9329732309718599,15,9,none,0
csBoh1NBNUM,UC_7aK9PpYTqt08ERh1MewlQ,heldout,5,4.9575,28,58459.76,44554,23650.453585702613,2.4718238965645383,likely,0.8612215310155299,15,9,none,0
csBoh1NBNUM,UC_7aK9PpYTqt08ERh1MewlQ,heldout,7,6.9575,28,60024.32,44554,24295.920348281645,2.4705513330019437,likely,0.7727933956798969,15,9,none,0
csBoh1NBNUM,UC_7aK9PpYTqt08ERh1MewlQ,heldout,14,13.9575,28,50454.72,44554,25169.023578720386,2.0046356422214453,confirmed,0.5944141836287586,15,8,none,0
9IMDTevhNX0,UCXxIurzUx2ztE6D5IzcyTcw,heldout,5,4.9582,31,20804.66,22872,19769.407619181296,1.0523664387468328,likely,,15,11,none,0
9IMDTevhNX0,UCXxIurzUx2ztE6D5IzcyTcw,heldout,7,7.9582,31,22451.86,22872,19776.01119646091,1.1353075668943349,confirmed,0.3567555252114585,15,10,none,0
9IMDTevhNX0,UCXxIurzUx2ztE6D5IzcyTcw,heldout,14,13.9582,31,22839.07,22872,19815.986234575073,1.1525577051539115,confirmed,0.3163044884431659,15,10,none,0
Uq3JztvbuWI,UChp9CTuvR1yfh_qLnvxm8cA,heldout,1,0.9160,29,14281.40,35613,94839.54279928566,0.15058487001418291,early,,14,14,none,0
Uq3JztvbuWI,UChp9CTuvR1yfh_qLnvxm8cA,heldout,3,3.9160,29,39507.88,35613,99775.09430981419,0.39596931690324744,likely,1.202894926262612,14,14,none,0
Uq3JztvbuWI,UChp9CTuvR1yfh_qLnvxm8cA,heldout,5,4.9160,29,38364.61,35613,101226.09072231255,0.3789992719461547,likely,1.1013959213878808,14,14,none,0
Uq3JztvbuWI,UChp9CTuvR1yfh_qLnvxm8cA,heldout,7,5.9160,29,40937.67,35613,102870.89637343942,0.39795190451525475,likely,1.0179604775346465,14,14,none,0
Uq3JztvbuWI,UChp9CTuvR1yfh_qLnvxm8cA,heldout,14,13.9160,29,35332.17,35613,115692.68557023702,0.30539674539338685,confirmed,0.7534736382625798,14,14,none,0
3udh47o3XTg,UCCZLVYAGIoGvaFUrTyyeaXA,time,5,6.9162,29,6034.48,5098,38857.29837328864,0.1552985279102455,likely,,3,3,none,0
3udh47o3XTg,UCCZLVYAGIoGvaFUrTyyeaXA,time,7,6.9162,29,6034.48,5098,38857.29837328864,0.1552985279102455,likely,,3,3,none,0
3udh47o3XTg,UCCZLVYAGIoGvaFUrTyyeaXA,time,14,13.9162,29,5158.03,5098,36074.711805254236,0.14298181485648773,confirmed,0.06422423128490964,3,3,none,0
WKsmIp2ggNE,UCEx34P7EmFhvM5FlgKxa2cg,time,5,6.6245,29,16043.26,13616,,,insufficient,,0,0,none,0
WKsmIp2ggNE,UCEx34P7EmFhvM5FlgKxa2cg,time,7,6.6245,29,16043.26,13616,,,insufficient,,0,0,none,0
WKsmIp2ggNE,UCEx34P7EmFhvM5FlgKxa2cg,time,14,13.6245,29,13513.60,13616,,,insufficient,0.03996725680715844,0,0,none,0
79nQJwvCbfY,UC682ktH2UsgNdCjl83TpDWg,time,14,13.0188,28,85.09,81,76.82230540829302,1.1075569241316625,confirmed,0.24480258746288894,15,15,none,0
ezdqs2r1DeQ,UCRte954rw0oeMWFroy_ClAw,heldout,1,1.7910,30,7956.77,10441,26960.924473546478,0.29512216543331243,early,,13,13,none,0
ezdqs2r1DeQ,UCRte954rw0oeMWFroy_ClAw,heldout,2,1.7910,30,7956.77,10441,26960.924473546478,0.29512216543331243,early,,13,13,none,0
ezdqs2r1DeQ,UCRte954rw0oeMWFroy_ClAw,heldout,5,5.7910,30,10983.30,10441,19249.222824028704,0.5705842387648017,likely,0.5774832252551212,15,15,none,0
ezdqs2r1DeQ,UCRte954rw0oeMWFroy_ClAw,heldout,7,6.7910,30,10564.37,10441,19167.285310078158,0.5511665961187298,likely,0.5779983885539868,15,15,none,0
ezdqs2r1DeQ,UCRte954rw0oeMWFroy_ClAw,heldout,14,13.7910,30,10661.80,10441,18645.969052336186,0.5718019602526679,confirmed,0.4669547297451839,15,14,none,0
HUH-JIHHQfw,UC5_SBQbLA9Kg7Jh5GpXoP3g,time,1,0.8329,28,15.99,175,770.4139739675793,0.02076114399221665,early,,11,10,none,0
HUH-JIHHQfw,UC5_SBQbLA9Kg7Jh5GpXoP3g,time,2,1.8329,28,29.45,175,770.4139739675793,0.03822299728933256,early,1.5919841218419692,11,10,none,0
HUH-JIHHQfw,UC5_SBQbLA9Kg7Jh5GpXoP3g,time,3,2.8329,28,132.66,175,700.8518205720156,0.18928812682892587,early,3.1656762768721016,15,13,none,0
HUH-JIHHQfw,UC5_SBQbLA9Kg7Jh5GpXoP3g,time,5,4.8329,28,137.98,175,633.8607286170202,0.21767460432386593,likely,2.1702546976311083,15,12,none,0
HUH-JIHHQfw,UC5_SBQbLA9Kg7Jh5GpXoP3g,time,7,7.8329,28,154.41,175,604.0027903917393,0.2556493776942665,confirmed,1.7564277165334627,15,12,none,0
HUH-JIHHQfw,UC5_SBQbLA9Kg7Jh5GpXoP3g,time,14,13.8329,28,177.30,175,564.6331720399448,0.3140140850172824,confirmed,1.4366890670597519,15,12,none,0
rRGF_9hoJ64,UCJ1RVDuSiJncq6VQYiqpzLA,time,14,14.9570,27,1055.17,1057,675.688292985687,1.5616203268032929,confirmed,0.09009344262109582,15,15,none,0
V8GyMt6n10Q,UC8wwEsUeTG9cpzvWT5Dsdqw,heldout,14,13.0410,31,54596.99,67840,23711.65242896424,2.3025381954453534,confirmed,,15,15,none,0
MRPyuTso1-A,UCmu7bw5BYIeR0VDw0hJKblw,time,14,14.4277,28,336.51,346,434.26365752444923,0.7748870008514341,confirmed,0.41858042241517257,15,13,none,0
duFpO13-pTA,UCRQc4NTDrz0Qncp7zx3YM1g,time,14,15.0204,27,10289.12,9710,8921.999999999995,1.1532297455137515,confirmed,0.328947167579876,15,10,none,0
RecYAjxdcEg,UC0cd_-e49hZpWLH3UIwoWRA,time,5,5.9161,28,7795.63,7223,,,insufficient,,1,1,none,0
RecYAjxdcEg,UC0cd_-e49hZpWLH3UIwoWRA,time,7,6.9161,28,7239.54,7223,,,insufficient,0.3197733739957174,1,1,none,0
RecYAjxdcEg,UC0cd_-e49hZpWLH3UIwoWRA,time,14,13.9161,28,7221.37,7223,,,insufficient,0.1928561733992365,1,1,none,0
NPX47g74DuI,UC1cbIkRS5-QfXfgKij2n11Q,time,14,13.7913,29,215.99,226,446.4164986251145,0.4838404293867317,confirmed,0.1068224282031687,15,15,none,0
17z6QWnlgmk,UC2EvrwxrEaP5BF5uUZ56uIw,time,5,6.8080,29,40.30,52,,,insufficient,,0,0,none,0
17z6QWnlgmk,UC2EvrwxrEaP5BF5uUZ56uIw,time,7,6.8080,29,40.30,52,,,insufficient,,0,0,none,0
17z6QWnlgmk,UC2EvrwxrEaP5BF5uUZ56uIw,time,14,13.8080,29,47.91,52,,,insufficient,0.38723174310029324,0,0,none,0
5EsD-Q0OqIQ,UC5efErrEnb4krh7dwJdj3RA,time,14,14.9479,29,944.08,987,1839.3608251172318,0.5132675425258905,confirmed,0.35629695251132565,15,12,none,0
SI5YJfEsFvw,UC0gk8Jjvjf-HXFnAfCimsnQ,time,5,6.7103,29,39.04,39,,,insufficient,,0,0,none,0
SI5YJfEsFvw,UC0gk8Jjvjf-HXFnAfCimsnQ,time,7,6.7103,29,39.04,39,,,insufficient,,0,0,none,0
SI5YJfEsFvw,UC0gk8Jjvjf-HXFnAfCimsnQ,time,14,13.7103,29,38.01,39,,,insufficient,0.18786840994994872,0,0,none,0
Oq494uiCdnI,UCic4iGbudp-7bELJppHBNfw,time,7,7.8329,29,526.38,444,779.4992699897437,0.6752797100611767,confirmed,,15,14,none,0
Oq494uiCdnI,UCic4iGbudp-7bELJppHBNfw,time,14,14.8329,29,449.56,444,772.9227563760477,0.5816333074730189,confirmed,0.06830713134328338,15,12,none,0
WADuXiMZxq4,UCUHW94eEFW7hkUMVaZz4eDg,time,1,0.8594,29,642588.75,521608,653698.0486723699,0.9830054612734913,early,,11,9,none,0
WADuXiMZxq4,UCUHW94eEFW7hkUMVaZz4eDg,time,2,1.8594,29,524801.29,521608,656050.7301482337,0.7999401105146298,early,0.5350503867189569,11,9,none,0
WADuXiMZxq4,UCUHW94eEFW7hkUMVaZz4eDg,time,3,2.8594,29,452944.04,521608,658348.6926036592,0.6880002044672489,early,0.40261199093355915,11,9,none,0
WADuXiMZxq4,UCUHW94eEFW7hkUMVaZz4eDg,time,5,4.8594,29,454444.14,521608,666013.8997067424,0.6823343135884611,likely,0.3314425792311118,11,9,none,0
WADuXiMZxq4,UCUHW94eEFW7hkUMVaZz4eDg,time,7,6.8594,29,465453.16,521608,668789.2703952966,0.695963855466481,likely,0.32458237238776905,11,9,none,0
WADuXiMZxq4,UCUHW94eEFW7hkUMVaZz4eDg,time,14,13.8594,29,586921.32,521608,681742.9999999998,0.8609128616352563,confirmed,0.33516521616009187,11,8,none,0
fErFL7gbTAM,UCzOgdLi9p2UIdhukecTSygg,time,0.5,0.4766,28,2845.13,1203,4038.373493151035,0.7045229066619348,early,,12,8,none,0
fErFL7gbTAM,UCzOgdLi9p2UIdhukecTSygg,time,1,1.4766,28,2857.08,1203,4032.6653106058984,0.7084844089182922,early,0.42971905091167967,12,8,none,0
fErFL7gbTAM,UCzOgdLi9p2UIdhukecTSygg,time,2,2.4766,28,2132.94,1203,4021.995060469667,0.5303193069090016,early,0.2942213328037129,12,8,none,0
fErFL7gbTAM,UCzOgdLi9p2UIdhukecTSygg,time,3,3.4766,28,1417.89,1203,4000.08506544059,0.3544646307334534,likely,0.23749842796236278,12,7,none,0
fErFL7gbTAM,UCzOgdLi9p2UIdhukecTSygg,time,5,5.4766,28,1309.23,1203,4082.4726670650048,0.3206952515752651,likely,0.18289922583953064,12,6,none,0
fErFL7gbTAM,UCzOgdLi9p2UIdhukecTSygg,time,7,7.4766,28,1255.68,1203,4073.4810605783605,0.30825687706016414,confirmed,0.16363656316424485,12,6,none,0
fErFL7gbTAM,UCzOgdLi9p2UIdhukecTSygg,time,14,13.4766,28,1243.61,1203,4133.846554994983,0.30083590966410784,confirmed,0.13272057855187672,12,4,none,0
1oHvbl9pP5E,UC_DDXSh__21IGWlL2-38clw,time,5,6.8333,27,25554.62,28013,,,insufficient,,0,0,none,0
1oHvbl9pP5E,UC_DDXSh__21IGWlL2-38clw,time,7,6.8333,27,25554.62,28013,,,insufficient,,0,0,none,0
1oHvbl9pP5E,UC_DDXSh__21IGWlL2-38clw,time,14,12.8333,27,26989.88,28013,,,insufficient,0.30291629381740404,0,0,none,0
KKj7tYu25s0,UCgBc9iNvvjWDInV6fBeTGXQ,time,5,5.5634,29,22974.87,24052,19289.921504613983,1.1910298750017747,likely,,15,15,none,0
KKj7tYu25s0,UCgBc9iNvvjWDInV6fBeTGXQ,time,7,6.5634,29,22758.89,24052,19293.67059520723,1.179604124382668,likely,0.42199645980910677,15,15,none,0
KKj7tYu25s0,UCgBc9iNvvjWDInV6fBeTGXQ,time,14,13.5634,29,25701.76,24052,19500.706343572514,1.3179911251372807,confirmed,0.3310255592551695,15,14,none,0
mfIMmkLiP-Q,UCwSozl89jl2zUDzQ4jGJD3g,time,7,7.4460,27,131870.79,111669,28186.817943373808,4.678456197761674,confirmed,,8,8,none,0
mfIMmkLiP-Q,UCwSozl89jl2zUDzQ4jGJD3g,time,14,15.4460,27,112225.08,111669,26855.12351471014,4.1789077484880295,confirmed,0.054484691351132694,15,13,none,0
7BBb7EP1SRY,UCq_2n18CJaRVGxEfxtCfI-Q,heldout,5,4.5178,28,114273.34,94699,120942.83756119786,0.944854137324848,likely,,15,15,none,0
7BBb7EP1SRY,UCq_2n18CJaRVGxEfxtCfI-Q,time,5,4.5178,28,114273.34,94699,120942.83756119786,0.944854137324848,likely,,15,15,none,0
7BBb7EP1SRY,UCq_2n18CJaRVGxEfxtCfI-Q,heldout,7,6.5178,28,97009.41,94699,119362.29254678669,0.8127308218981774,likely,0.15734705427683482,15,15,none,0
7BBb7EP1SRY,UCq_2n18CJaRVGxEfxtCfI-Q,time,7,6.5178,28,97009.41,94699,119362.29254678669,0.8127308218981774,likely,0.15734705427683482,15,15,none,0
7BBb7EP1SRY,UCq_2n18CJaRVGxEfxtCfI-Q,heldout,14,13.5178,28,95355.82,94699,113181.7687250802,0.8425016034391631,confirmed,0.09657696372369177,15,13,none,0
7BBb7EP1SRY,UCq_2n18CJaRVGxEfxtCfI-Q,time,14,13.5178,28,95355.82,94699,113181.7687250802,0.8425016034391631,confirmed,0.09657696372369177,15,13,none,0
dBUnU7MwTDw,UCx0irbDsRLjMvEXaW56cqlQ,time,5,6.9994,27,6778.72,6501,5349,1.267286807118156,likely,,15,13,none,0
dBUnU7MwTDw,UCx0irbDsRLjMvEXaW56cqlQ,time,7,6.9994,27,6778.72,6501,5349,1.267286807118156,likely,,15,13,none,0
dBUnU7MwTDw,UCx0irbDsRLjMvEXaW56cqlQ,time,14,14.9994,27,7028.48,6501,5349,1.313979270357635,confirmed,0.22188279332471433,15,11,none,0
RS61P0tsIts,UCfQgsKhHjSyRLOp9mnffqVg,heldout,1,1.8328,30,1093791.65,893913,535038.9468908574,2.044321556203595,early,,15,15,none,0
RS61P0tsIts,UCfQgsKhHjSyRLOp9mnffqVg,heldout,2,1.8328,30,1093791.65,893913,535038.9468908574,2.044321556203595,early,,15,15,none,0
RS61P0tsIts,UCfQgsKhHjSyRLOp9mnffqVg,heldout,3,2.8328,30,896312.19,893913,535597.5017012354,1.6734809071208008,early,0.2986617461989453,15,15,none,0
RS61P0tsIts,UCfQgsKhHjSyRLOp9mnffqVg,heldout,5,4.8328,30,907254.19,893913,537438.3247286815,1.6881084741781225,likely,0.25689641380538314,15,13,none,0
RS61P0tsIts,UCfQgsKhHjSyRLOp9mnffqVg,heldout,7,7.8328,30,822669.61,893913,539529.6292190995,1.5247904140728703,confirmed,0.2167063438589566,15,11,none,0
RS61P0tsIts,UCfQgsKhHjSyRLOp9mnffqVg,heldout,14,13.8328,30,888683.57,893913,545316.9999999999,1.6296641596250134,confirmed,0.18838958034153877,15,7,none,0
a5isoMkmHOQ,UC8wwEsUeTG9cpzvWT5Dsdqw,time,1,1.0417,27,43711.56,45016,23775.65122409229,1.8385010725912776,early,2.1819573964338916,15,12,none,0
a5isoMkmHOQ,UC8wwEsUeTG9cpzvWT5Dsdqw,time,2,2.0417,27,63115.88,45016,23803.65121186163,2.651520757314403,early,1.6933519119434834,15,11,none,0
a5isoMkmHOQ,UC8wwEsUeTG9cpzvWT5Dsdqw,time,3,3.0417,27,63218.16,45016,23756.050982798166,2.661139464230366,likely,1.4405982804227748,15,11,none,0
a5isoMkmHOQ,UC8wwEsUeTG9cpzvWT5Dsdqw,time,5,4.0417,27,67402.21,45016,23705.259649872994,2.8433441327796225,likely,1.3177116530313069,15,11,none,0
a5isoMkmHOQ,UC8wwEsUeTG9cpzvWT5Dsdqw,time,7,7.0417,27,71063.52,45016,23614.56447038163,3.009308815539011,confirmed,1.090940923064009,15,11,none,0
a5isoMkmHOQ,UC8wwEsUeTG9cpzvWT5Dsdqw,time,14,15.0417,27,60956.37,45016,23690.999999999978,2.572975714002854,confirmed,0.8514061901428419,15,10,none,0
bC3FBWE1oMU,UCsLt8oYvDYGpSHcGhRBBkyw,time,14,15.1611,27,6985.13,5507,3008.032276259021,2.322160874110206,confirmed,1.2342642005775522,15,15,none,0
VueWuPHSfJY,UCUpbDOT-OVNBlaQpb9pbd2w,time,5,5.8537,29,13154.53,9846,19685.55484280212,0.6682325672397872,likely,,15,15,none,0
VueWuPHSfJY,UCUpbDOT-OVNBlaQpb9pbd2w,time,7,6.8537,29,10668.63,9846,19265.526281643757,0.5537677742295473,likely,0.021977519740715632,15,15,none,0
VueWuPHSfJY,UCUpbDOT-OVNBlaQpb9pbd2w,time,14,13.8537,29,10124.86,9846,17545.956694113345,0.5770482928803665,confirmed,0.016334873006491092,15,15,none,0
bGnwvRVzv4o,UCstwpLSByklww1YojZN-KiQ,heldout,2,2.5670,30,112361.04,123815,119457.49254733734,0.9405943293834034,early,,14,13,none,0
bGnwvRVzv4o,UCstwpLSByklww1YojZN-KiQ,heldout,3,2.5670,30,112361.04,123815,119457.49254733734,0.9405943293834034,early,,14,13,none,0
bGnwvRVzv4o,UCstwpLSByklww1YojZN-KiQ,heldout,5,6.5670,30,115899.33,123815,93266.6624265707,1.2426661944175574,likely,0.3375806580414612,15,14,none,0
bGnwvRVzv4o,UCstwpLSByklww1YojZN-KiQ,heldout,7,6.5670,30,115899.33,123815,93266.6624265707,1.2426661944175574,likely,0.3375806580414612,15,14,none,0
bGnwvRVzv4o,UCstwpLSByklww1YojZN-KiQ,heldout,14,13.5670,30,127545.91,123815,93358.14603282882,1.366200110201285,confirmed,0.28863675808248695,15,12,none,0
DvDSkyDHb9o,UCgdHSFcXvkN6O3NXvif0-pA,time,5,4.9480,27,3313.79,3599,,,insufficient,,1,1,none,0
DvDSkyDHb9o,UCgdHSFcXvkN6O3NXvif0-pA,time,7,6.9480,27,3409.14,3599,,,insufficient,0.33690599856772396,1,1,none,0
DvDSkyDHb9o,UCgdHSFcXvkN6O3NXvif0-pA,time,14,12.9480,27,3515.36,3599,,,insufficient,0.29738384076470975,1,1,none,0
3TkK6VY6hTU,UCf6AGqO98eGk11nfazociVQ,time,14,14.1406,29,1494.45,1452,4339.469581352416,0.3443856407973396,confirmed,0.15714592072452407,15,13,none,0
pZOUOiV2DM0,UCeYUHG6o0YguM-g23htdsSw,heldout,5,6.0824,30,775.72,848,710.8233539089089,1.0912949763659996,likely,,12,11,none,0
pZOUOiV2DM0,UCeYUHG6o0YguM-g23htdsSw,heldout,7,7.0824,30,689.40,848,731.9999999999998,0.9418006473173173,confirmed,0.1340100383663657,15,12,none,0
pZOUOiV2DM0,UCeYUHG6o0YguM-g23htdsSw,heldout,14,14.0824,30,770.03,848,731.9999999999998,1.051958007548094,confirmed,0.1860104089258037,15,9,none,0
IdENz7Spr74,UCMyOj6fhvKFMjxUCp3b_3gA,heldout,7,7.8330,30,18046660.15,21205314,14343664.454628788,1.2581624593324938,confirmed,,15,14,none,0
cBKAYlAVqXo,UChKlSK39lLg8eZHIX0iVzLA,heldout,14,13.7080,30,118820.84,128224,,,insufficient,,9,9,none,0
ibn_o8wN1zc,UCucqfNRyBkieAop_LDUqHEg,time,14,13.7012,28,40449.85,40082,48571.99470222896,0.8327813448708441,confirmed,0.06815074957437481,15,11,none,0
iJer4OuSOn8,UCihbzGj7YwFNq-aL-6-Titw,heldout,14,14.0204,32,40.31,42,62.74337025887814,0.6423812698314159,confirmed,0,15,14,none,0
eJubwlD0ujo,UCO2x-p9gg9TLKneXlibGR7w,time,1,0.8741,28,317232.57,326943,316253.9092701796,1.0030945417576227,early,,15,13,none,0
eJubwlD0ujo,UCO2x-p9gg9TLKneXlibGR7w,time,2,1.8741,28,397338.66,326943,320071.00000000023,1.2414078642997934,early,0.8118022923680186,15,12,none,0
eJubwlD0ujo,UCO2x-p9gg9TLKneXlibGR7w,time,3,2.8741,28,429812.45,326943,320071.00000000023,1.342865967921797,early,0.6376726081561381,15,12,none,0
eJubwlD0ujo,UCO2x-p9gg9TLKneXlibGR7w,time,5,4.8741,28,325420.33,326943,320071.00000000023,1.0167129383981999,likely,0.5046826276391309,15,11,none,0
eJubwlD0ujo,UCO2x-p9gg9TLKneXlibGR7w,time,7,6.8741,28,358465.45,326943,320071.00000000023,1.1199560406024023,likely,0.4754661655963303,15,11,none,0
eJubwlD0ujo,UCO2x-p9gg9TLKneXlibGR7w,time,14,13.8741,28,357402.66,326943,320071.00000000023,1.1166355578610236,confirmed,0.3902054598872732,15,11,none,0
M5f3XQODM4E,UCGDy78008pRm0Y-HYq9jOwg,time,5,6.6041,29,625.86,2443,,,insufficient,,0,0,none,0
M5f3XQODM4E,UCGDy78008pRm0Y-HYq9jOwg,time,7,6.6041,29,625.86,2443,,,insufficient,,0,0,none,0
M5f3XQODM4E,UCGDy78008pRm0Y-HYq9jOwg,time,14,13.6041,29,1319.53,2443,,,insufficient,1.1343693752359603,0,0,none,0
tkMof3D6vtw,UCtOV5M-T3GcsJAq8QKaf0lg,heldout,14,13.6241,29,2199.22,2187,3182.0000000000027,0.6911424273633167,confirmed,0.032872483056834004,15,11,none,0
h90hvDOpPn4,UC8mv1jxVbta9thZUP1uHeug,time,5,5.5758,27,390.26,420,,,insufficient,,2,2,none,0
h90hvDOpPn4,UC8mv1jxVbta9thZUP1uHeug,time,7,6.5758,27,323.26,420,,,insufficient,0.17022607872920253,2,2,none,0
h90hvDOpPn4,UC8mv1jxVbta9thZUP1uHeug,time,14,12.5758,27,445.17,420,,,insufficient,0.3908416220201675,2,2,none,0
rdlM8qh_4mA,UC1226ElkVkwZyh74jipyw1Q,time,5,6.9571,30,100.74,112,,,insufficient,,0,0,none,0
rdlM8qh_4mA,UC1226ElkVkwZyh74jipyw1Q,time,7,6.9571,30,100.74,112,,,insufficient,,0,0,none,0
rdlM8qh_4mA,UC1226ElkVkwZyh74jipyw1Q,time,14,13.9571,30,104.12,112,,,insufficient,0.23857971724563273,0,0,none,0
OIU8pKY9j5A,UCFWjEwhX6cSAKBQ28pufG3w,time,14,13.9551,30,75860.91,81082,14614,5.190974768246742,confirmed,0.42272122251592925,15,11,none,0
TBWsUPEDlvk,UCfzP_CiebRdveD9rRZv5Ndw,time,1,0.9161,27,24975.63,19411,21134.82242323224,1.1817289630214156,early,,15,15,none,0
TBWsUPEDlvk,UCfzP_CiebRdveD9rRZv5Ndw,time,2,1.9161,27,22391.72,19411,21161.30848517706,1.0581446221214068,early,0.5229466992082309,15,15,none,0
TBWsUPEDlvk,UCfzP_CiebRdveD9rRZv5Ndw,time,3,2.9161,27,19728.72,19411,21468.763489879864,0.9189497945920726,early,0.4252852634090344,15,15,none,0
TBWsUPEDlvk,UCfzP_CiebRdveD9rRZv5Ndw,time,5,4.9161,27,19968.56,19411,21868.666551040067,0.9131126676154476,likely,0.35408428822270765,15,15,none,0
TBWsUPEDlvk,UCfzP_CiebRdveD9rRZv5Ndw,time,7,7.9161,27,20553.96,19411,21596.003908562667,0.9517482933803657,confirmed,0.3197202106615467,15,15,none,0
TBWsUPEDlvk,UCfzP_CiebRdveD9rRZv5Ndw,time,14,15.9161,27,19927.73,19411,21638.108917987756,0.9209552676953646,confirmed,0.2600297534561507,15,12,none,0
0OyZqtutPtY,UC1CL9_o8c7sXfiMWJuTLp-Q,time,5,5.4827,27,1954.01,1681,,,insufficient,,0,0,none,0
0OyZqtutPtY,UC1CL9_o8c7sXfiMWJuTLp-Q,time,7,7.4827,27,1644.88,1681,,,insufficient,0.14964041315432672,0,0,none,0
0OyZqtutPtY,UC1CL9_o8c7sXfiMWJuTLp-Q,time,14,13.4827,27,1647.34,1681,,,insufficient,0.12899510722201896,0,0,none,0
g8aK5P-FtZE,UCAv4LHSCXRoegzvAbwbZGoA,time,5,4.9159,27,2153.89,2411,,,insufficient,,0,0,none,0
g8aK5P-FtZE,UCAv4LHSCXRoegzvAbwbZGoA,time,7,6.9159,27,2221.59,2411,,,insufficient,0.344171977574471,0,0,none,0
g8aK5P-FtZE,UCAv4LHSCXRoegzvAbwbZGoA,time,14,15.9159,27,2419.33,2411,,,insufficient,0.2956532504489649,0,0,none,0
fVY1wRZnAQE,UCnpWedLQdHpZqhgTLdB9Yyg,heldout,14,14.8955,29,48539.03,45161,61570.6403570258,0.7883470152691459,confirmed,,15,11,none,0
yvfGX43b_9Q,UC3_BakzLfadvFrsnClMFWmQ,heldout,5,5.1172,30,1094.62,812,887.2581925542756,1.2337156586799083,likely,,15,15,none,0
yvfGX43b_9Q,UC3_BakzLfadvFrsnClMFWmQ,heldout,7,5.1172,30,1094.62,812,887.2581925542756,1.2337156586799083,likely,,15,15,none,0
yvfGX43b_9Q,UC3_BakzLfadvFrsnClMFWmQ,heldout,14,12.1172,30,838.14,812,803.8970115471395,1.0425971793638533,confirmed,0.009734600145479212,15,11,none,0
B1o1D1J0uEM,UC58njGoJSZKIthLSbQIS-1g,time,5,5.9581,28,97.90,92,,,insufficient,,1,1,none,0
B1o1D1J0uEM,UC58njGoJSZKIthLSbQIS-1g,time,7,6.9581,28,96.43,92,,,insufficient,0.40263211536960475,1,1,none,0
B1o1D1J0uEM,UC58njGoJSZKIthLSbQIS-1g,time,14,13.9581,28,96.28,92,,,insufficient,0.23215705334498044,1,1,none,0
mRv0WbPMJdU,UCGwAh9NT7iHZlw4zrBueyIw,heldout,14,13.9369,30,210531.67,331877,5961.077022267071,35.31772349126535,confirmed,,15,9,none,0
kvw13R5Z5kQ,UC9KBMJwxMFC-7G6prUCpFhg,time,14,12.9157,27,33303.51,32942,79295.19689091302,0.4199939790675313,confirmed,0.32959391030709795,15,15,none,0
5rTwOt9Qgik,UCn8ujwUInbJkBhffxqAPBVQ,time,1,1.0321,27,16905.10,23957,47607.742845558605,0.35509146091077176,early,,15,15,none,0
5rTwOt9Qgik,UCn8ujwUInbJkBhffxqAPBVQ,time,2,2.0321,27,40755.38,23957,47838.53115521974,0.8519363419002567,early,2.1461310400926066,15,15,none,0
5rTwOt9Qgik,UCn8ujwUInbJkBhffxqAPBVQ,time,3,3.0321,27,37530.77,23957,48771.60752990501,0.7695208803234742,likely,1.3330802467347538,15,15,none,0
5rTwOt9Qgik,UCn8ujwUInbJkBhffxqAPBVQ,time,5,5.0321,27,34441.64,23957,49283.48656565345,0.6988474501873274,likely,0.8871313224731309,15,15,none,0
5rTwOt9Qgik,UCn8ujwUInbJkBhffxqAPBVQ,time,7,7.0321,27,31097.14,23957,50386.05147774166,0.6171775580535425,confirmed,0.7278409487843417,15,15,none,0
5rTwOt9Qgik,UCn8ujwUInbJkBhffxqAPBVQ,time,14,13.0321,27,27326.36,23957,53858.85038309403,0.5073699873814782,confirmed,0.5799814019440125,15,15,none,0
GWHkgIyZ0JI,UCPCPE5MoI7DS1WiVB_-mzNw,time,7,7.9093,29,3721.18,2976,5591.480443302142,0.6655088065501602,confirmed,,15,15,none,0
GWHkgIyZ0JI,UCPCPE5MoI7DS1WiVB_-mzNw,time,14,13.9093,29,3064.23,2976,5364.07574295233,0.5712495904271548,confirmed,0.006561381888794407,15,15,none,0
RtiPa7UBzek,UCFKE7WVJfvaHW5q283SxchA,time,14,13.9161,29,243953.92,252545,324721.9979315828,0.7512700838671249,confirmed,0.1958247431445207,15,15,none,0
VJJ3cdhNMQc,UCfyehHM_eo4g5JUyWmms2LA,time,5,5.8327,28,532135.64,473348,,,insufficient,,1,1,none,0
VJJ3cdhNMQc,UCfyehHM_eo4g5JUyWmms2LA,time,7,7.8327,28,450093.38,473348,397313.96352785366,1.1328405747829833,confirmed,0.17530650293520508,15,13,none,0
VJJ3cdhNMQc,UCfyehHM_eo4g5JUyWmms2LA,time,14,13.8327,28,476144.47,473348,391566.99999999977,1.2159974510968738,confirmed,0.14651840464672053,15,9,none,0
P-bY4uFjSHw,UC5_SBQbLA9Kg7Jh5GpXoP3g,time,1,0.8328,28,8.00,57,728.7309156981032,0.010974335727086811,early,,8,7,none,0
P-bY4uFjSHw,UC5_SBQbLA9Kg7Jh5GpXoP3g,time,2,2.8328,28,59.91,57,347.3213277712226,0.17249816066518242,early,3.027530743451667,15,13,none,0
P-bY4uFjSHw,UC5_SBQbLA9Kg7Jh5GpXoP3g,time,3,2.8328,28,59.91,57,347.3213277712226,0.17249816066518242,early,3.027530743451667,15,13,none,0
P-bY4uFjSHw,UC5_SBQbLA9Kg7Jh5GpXoP3g,time,5,4.8328,28,55.94,57,331.0712665274401,0.16895445741533552,likely,1.98899093123687,15,12,none,0
P-bY4uFjSHw,UC5_SBQbLA9Kg7Jh5GpXoP3g,time,7,6.8328,28,52.01,57,348.2133012535743,0.14937045413400335,likely,1.6297012203176318,15,12,none,0
P-bY4uFjSHw,UC5_SBQbLA9Kg7Jh5GpXoP3g,time,14,13.8328,28,60.08,57,386.41401749311956,0.15547520276908477,confirmed,1.2505712355293148,15,12,none,0
qIM9ZqWk13E,UCGpsgNbzdF7BECCVbB1COHw,time,14,13.7696,28,8488.89,8236,6793.31701313069,1.249593974970866,confirmed,0.00858747039514102,15,15,none,0
J6J3zaXm3wM,UCbY9xX3_jW5c2fjlZVBI4cg,time,14,13.0569,28,69196.74,67138,26741.636270823503,2.587602898378599,confirmed,0.004250692852370821,15,15,none,0
kG86csxVVAE,UCPAt6z5uX_c5Eo_cSNROzYw,time,14,13.5460,27,1338.34,1300,10452.527079502957,0.12803967782566195,confirmed,0.0048064067289848526,15,15,none,0
I5f-PqC43UU,UCE_--R1P5-kfBzHTca0dsnw,time,14,12.8330,27,453506.22,477484,418858.05799976044,1.0827205238659592,confirmed,,14,13,none,0
Nq3XKbu1aaI,UCn7fYS0P7nkqmAEREjdtkDg,time,2,2.0410,27,1786.25,1239,917.9676528857436,1.9458757989795377,early,,12,11,none,0
Nq3XKbu1aaI,UCn7fYS0P7nkqmAEREjdtkDg,time,3,3.0410,27,1464.81,1239,1494.3480623357918,0.9802331676911871,likely,0.320141535405236,15,14,none,0
Nq3XKbu1aaI,UCn7fYS0P7nkqmAEREjdtkDg,time,5,5.0410,27,1285.28,1239,1494.3480623357918,0.860094317699572,likely,0.24127101403635226,15,14,none,0
Nq3XKbu1aaI,UCn7fYS0P7nkqmAEREjdtkDg,time,7,7.0410,27,1273.24,1239,1479.9737719028185,0.860314148652043,confirmed,0.19821685477148585,15,14,none,0
Nq3XKbu1aaI,UCn7fYS0P7nkqmAEREjdtkDg,time,14,15.0410,27,1317.42,1239,1462.4041864370856,0.9008586001141216,confirmed,0.1438047222085218,15,13,none,0
TN0nLnLc9Go,UCLFgO1aEI66fh06p6u6-juw,heldout,1,1.7123,29,2927.21,2327,12154.038857238656,0.24084234352485606,early,,15,15,none,0
TN0nLnLc9Go,UCLFgO1aEI66fh06p6u6-juw,heldout,2,1.7123,29,2927.21,2327,12154.038857238656,0.24084234352485606,early,,15,15,none,0
TN0nLnLc9Go,UCLFgO1aEI66fh06p6u6-juw,heldout,3,2.7123,29,2049.72,2327,12185.244903044886,0.16821326005204165,early,0.16464976114117175,15,15,none,0
TN0nLnLc9Go,UCLFgO1aEI66fh06p6u6-juw,heldout,5,5.7123,29,2146.32,2327,12521.160757292462,0.1714150520368533,likely,0.20355227275948698,15,15,none,0
TN0nLnLc9Go,UCLFgO1aEI66fh06p6u6-juw,heldout,7,6.7123,29,2104.48,2327,12521.160757292462,0.16807374104133552,likely,0.19263566330724707,15,15,none,0
TN0nLnLc9Go,UCLFgO1aEI66fh06p6u6-juw,heldout,14,13.7123,29,2398.72,2327,13380.00000000001,0.1792762507087539,confirmed,0.1800661607507116,15,13,none,0
kZ199uq-P0A,UC0AAvxmjMAqljjpc23e1f7g,time,5,6.8927,29,7340.36,7538,,,insufficient,,0,0,none,0
kZ199uq-P0A,UC0AAvxmjMAqljjpc23e1f7g,time,7,6.8927,29,7340.36,7538,,,insufficient,,0,0,none,0
kZ199uq-P0A,UC0AAvxmjMAqljjpc23e1f7g,time,14,13.8927,29,7629.67,7538,,,insufficient,0.24613766779696436,0,0,none,0
AQF4eteGhck,UC1usuCeFHj1tQikOJ00SWyA,time,2,2.3332,29,2771.96,2811,1307.8892864338113,2.1194166628910405,early,,15,15,none,0
AQF4eteGhck,UC1usuCeFHj1tQikOJ00SWyA,time,3,3.3332,29,2267.23,2811,1307.8892864338113,1.733505964085891,likely,0.3369853270150382,15,15,none,0
AQF4eteGhck,UC1usuCeFHj1tQikOJ00SWyA,time,5,5.3332,29,2256.53,2811,1314.8726099522726,1.7161591382173504,likely,0.2598557103552483,15,15,none,0
AQF4eteGhck,UC1usuCeFHj1tQikOJ00SWyA,time,7,7.3332,29,2343.84,2811,1314.8726099522726,1.7825611178390164,confirmed,0.2927637025640874,15,15,none,0
AQF4eteGhck,UC1usuCeFHj1tQikOJ00SWyA,time,14,14.3332,29,2531.28,2811,1348.599462005414,1.8769702129693762,confirmed,0.27679558040077473,15,15,none,0
r_Vv6aliR7E,UCUpbDOT-OVNBlaQpb9pbd2w,time,5,5.4686,27,10010.82,8914,30831.61081743043,0.32469327105048684,likely,0.04494102660283735,15,15,none,0
r_Vv6aliR7E,UCUpbDOT-OVNBlaQpb9pbd2w,time,7,7.4686,27,9701.05,8914,29310.347441978563,0.3309770170268276,confirmed,0.028949042727549102,15,15,none,0
r_Vv6aliR7E,UCUpbDOT-OVNBlaQpb9pbd2w,time,14,13.4686,27,9178.21,8914,26685.6361497167,0.34393820109717005,confirmed,0.019746872723911818,15,15,none,0
O_MY-4kIxwo,UCnjOBqS_4w-AsjyDr4bQEUg,time,1,0.9162,29,1698.68,3370,9617.000000000002,0.1766329763525972,early,,15,8,none,0
O_MY-4kIxwo,UCnjOBqS_4w-AsjyDr4bQEUg,time,2,1.9162,29,1383.90,3370,9617.000000000002,0.14390141376076704,early,0.47755790744591015,15,8,none,0
O_MY-4kIxwo,UCnjOBqS_4w-AsjyDr4bQEUg,time,3,2.9162,29,1375.18,3370,9617.000000000002,0.14299516244145233,early,0.45967286717037514,15,7,none,0
O_MY-4kIxwo,UCnjOBqS_4w-AsjyDr4bQEUg,time,5,4.9162,29,2006.92,3370,9617.000000000002,0.20868428468954842,likely,0.4976571473193282,15,6,none,0
O_MY-4kIxwo,UCnjOBqS_4w-AsjyDr4bQEUg,time,7,6.9162,29,2538.72,3370,9617.000000000002,0.26398253871769994,likely,0.5646442854225616,15,6,none,0
O_MY-4kIxwo,UCnjOBqS_4w-AsjyDr4bQEUg,time,14,13.9162,29,3146.89,3370,9617.000000000002,0.3272211796559245,confirmed,0.5688757335018597,15,4,none,0
I8-FADDae8M,UC6QNjBn6KMq5-pe3OE11zZg,heldout,0.5,0.5816,30,6096.24,5805,10313.744888884912,0.5910787992419272,early,,11,9,none,0
I8-FADDae8M,UC6QNjBn6KMq5-pe3OE11zZg,heldout,1,0.5816,30,6096.24,5805,10313.744888884912,0.5910787992419272,early,,11,9,none,0
I8-FADDae8M,UC6QNjBn6KMq5-pe3OE11zZg,heldout,14,12.5816,30,6054.64,5805,9619.147609116375,0.6294364003404954,confirmed,0.49040237982786644,13,9,none,0
smwzRFwPef0,UCiDJtJKMICpb9B1qf7qjEOA,heldout,5,6.9156,30,100473.11,86738,110260.68058349667,0.9112324050676915,likely,,15,15,none,0
smwzRFwPef0,UCiDJtJKMICpb9B1qf7qjEOA,heldout,7,6.9156,30,100473.11,86738,110260.68058349667,0.9112324050676915,likely,,15,15,none,0
smwzRFwPef0,UCiDJtJKMICpb9B1qf7qjEOA,heldout,14,13.9156,30,85711.52,86738,107610.18867494285,0.7965000333335407,confirmed,0.061115795868169225,15,15,none,0
5LOmexHZ1kc,UCXGQTkyIfrJJ7ZT1A9MuJ0A,heldout,3,3.9581,30,99705.42,104600,,,insufficient,,1,1,none,0
5LOmexHZ1kc,UCXGQTkyIfrJJ7ZT1A9MuJ0A,heldout,5,4.9581,30,75081.12,104600,89587.99999999999,0.8380712178026408,likely,0.24952103578583484,15,12,none,0
5LOmexHZ1kc,UCXGQTkyIfrJJ7ZT1A9MuJ0A,heldout,7,6.9581,30,93910.57,104600,89587.99999999999,1.0482494106012508,likely,0.3444901499243684,15,12,none,0
5LOmexHZ1kc,UCXGQTkyIfrJJ7ZT1A9MuJ0A,heldout,14,13.9581,30,98663.98,104600,89587.99999999999,1.1013080181848756,confirmed,0.30563866860501787,15,9,none,0
djnzs24h9bo,UCbtA3P0ji7FsvxDzyxmd-0Q,time,5,6.8095,29,3352.21,5048,,,insufficient,,0,0,none,0
djnzs24h9bo,UCbtA3P0ji7FsvxDzyxmd-0Q,time,7,6.8095,29,3352.21,5048,,,insufficient,,0,0,none,0
djnzs24h9bo,UCbtA3P0ji7FsvxDzyxmd-0Q,time,14,13.8095,29,4257.73,5048,,,insufficient,0.49068917082999425,0,0,none,0
KSVCqyh_W-w,UCMmfUj8CcXeqpqWkund3ELg,time,5,5.8329,27,62736.25,91898,55939.06931790667,1.1215104634674353,likely,,15,13,none,0
KSVCqyh_W-w,UCMmfUj8CcXeqpqWkund3ELg,time,7,6.8329,27,68494.14,91898,56769.04891554601,1.2065402883059713,likely,0.5774229078259431,15,13,none,0
KSVCqyh_W-w,UCMmfUj8CcXeqpqWkund3ELg,time,14,12.8329,27,74579.15,91898,56482.19729860257,1.320400957033345,confirmed,0.46021819035978095,15,9,none,0
bgyAfecwuGY,UCq_2n18CJaRVGxEfxtCfI-Q,time,5,5.7707,29,174778.19,132138,82520.44298840524,2.117998689669414,likely,,15,15,none,0
bgyAfecwuGY,UCq_2n18CJaRVGxEfxtCfI-Q,time,7,6.7707,29,142108.36,132138,82132.6623478163,1.730229590744698,likely,0.04010055201285231,15,15,none,0
bgyAfecwuGY,UCq_2n18CJaRVGxEfxtCfI-Q,time,14,13.7707,29,135227.97,132138,80728.00000000004,1.6751061010406536,confirmed,0.022884018995626396,15,12,none,0
cNjQrPiLMbw,UCnBTvMFhuvbE_dhw2mo0NaQ,time,14,13.9575,29,15860.53,15256,15131.89799182501,1.0481520528325414,confirmed,0.26768976891002644,15,14,none,0
f24r-FG39wA,UCcilAnkcu67nJwNlgqVKdXw,time,14,15.4522,27,6749.57,7051,9250.999999999995,0.7296038355777974,confirmed,0.10047440629776427,15,9,none,0
g_Iu0-nJR5E,UCsifPO4MT6BdV19vYx3KJ0Q,heldout,5,5.0823,29,2145.74,2423,1731.5699760276452,1.2391850539885587,likely,,13,12,none,0
g_Iu0-nJR5E,UCsifPO4MT6BdV19vYx3KJ0Q,time,5,5.0823,29,2145.74,2423,1731.5699760276452,1.2391850539885587,likely,,13,12,none,0
g_Iu0-nJR5E,UCsifPO4MT6BdV19vYx3KJ0Q,heldout,7,7.0823,29,2491.54,2423,1841.4904790371747,1.3530041779333148,confirmed,0.4941329491229036,15,13,none,0
g_Iu0-nJR5E,UCsifPO4MT6BdV19vYx3KJ0Q,time,7,7.0823,29,2491.54,2423,1841.4904790371747,1.3530041779333148,confirmed,0.4941329491229036,15,13,none,0
g_Iu0-nJR5E,UCsifPO4MT6BdV19vYx3KJ0Q,heldout,14,14.0823,29,2500.42,2423,1875.8088104877395,1.3329828917806559,confirmed,0.33546502296659686,15,11,none,0
g_Iu0-nJR5E,UCsifPO4MT6BdV19vYx3KJ0Q,time,14,14.0823,29,2500.42,2423,1875.8088104877395,1.3329828917806559,confirmed,0.33546502296659686,15,11,none,0
oEEL1fIq-d8,UC5RR3esc7XkvLyLsmQKbfYg,time,14,13.6662,28,436.61,432,970.8250992911763,0.4497263218192584,confirmed,0.14160471944429762,15,14,none,0
Sopl5v4UTwc,UCLhu5JoRWPgEGDoUFfQHTPQ,time,5,5.7708,29,11102.62,9177,6760.255599499907,1.6423370381023659,likely,,11,11,none,0
Sopl5v4UTwc,UCLhu5JoRWPgEGDoUFfQHTPQ,time,7,6.7708,29,9185.38,9177,6173.007446809999,1.487990624700978,likely,0.166119656002178,15,15,none,0
Sopl5v4UTwc,UCLhu5JoRWPgEGDoUFfQHTPQ,time,14,13.7708,29,9101.73,9177,6023.999999999995,1.510911889759553,confirmed,0.09703416660545701,15,11,none,0
-as-rFACUM4,UCmW0I6tx3Co4B6T2euHj6iw,time,14,13.9174,28,2985.32,2895,3130,0.9537750126114009,confirmed,0.3619805115523876,15,14,none,0
QF80WBMDOns,UCh39IWu1XUSScEOuXCJ3J1A,heldout,1,1.2035,27,5892.66,2444,1620.444569360415,3.636443965602306,early,0.10981702270447634,14,12,none,0
QF80WBMDOns,UCh39IWu1XUSScEOuXCJ3J1A,time,1,1.2035,27,5892.66,2444,1620.444569360415,3.636443965602306,early,0.10981702270447634,14,12,none,0
QF80WBMDOns,UCh39IWu1XUSScEOuXCJ3J1A,heldout,2,2.2035,27,3216.53,2444,4983.095476060481,0.6454886497811901,early,0.09441120994275948,15,13,none,0
QF80WBMDOns,UCh39IWu1XUSScEOuXCJ3J1A,time,2,2.2035,27,3216.53,2444,4983.095476060481,0.6454886497811901,early,0.09441120994275948,15,13,none,0
QF80WBMDOns,UCh39IWu1XUSScEOuXCJ3J1A,heldout,3,3.2035,27,2804.68,2444,4363.385051289911,0.6427769422995216,likely,0.08641051242460905,15,13,none,0
QF80WBMDOns,UCh39IWu1XUSScEOuXCJ3J1A,time,3,3.2035,27,2804.68,2444,4363.385051289911,0.6427769422995216,likely,0.08641051242460905,15,13,none,0
QF80WBMDOns,UCh39IWu1XUSScEOuXCJ3J1A,heldout,5,4.2035,27,2613.90,2444,4058.4124587331507,0.6440689429671054,likely,0.08493075960387104,15,13,none,0
QF80WBMDOns,UCh39IWu1XUSScEOuXCJ3J1A,time,5,4.2035,27,2613.90,2444,4058.4124587331507,0.6440689429671054,likely,0.08493075960387104,15,13,none,0
QF80WBMDOns,UCh39IWu1XUSScEOuXCJ3J1A,heldout,7,7.2035,27,2614.65,2444,3650.636085906084,0.71621899146849,confirmed,0.08397824390268253,15,13,none,0
QF80WBMDOns,UCh39IWu1XUSScEOuXCJ3J1A,time,7,7.2035,27,2614.65,2444,3650.636085906084,0.71621899146849,confirmed,0.08397824390268253,15,13,none,0
QF80WBMDOns,UCh39IWu1XUSScEOuXCJ3J1A,heldout,14,15.2035,27,2482.59,2444,3262.3086844295767,0.7609909097176057,confirmed,0.06824990090040245,15,13,none,0
QF80WBMDOns,UCh39IWu1XUSScEOuXCJ3J1A,time,14,15.2035,27,2482.59,2444,3262.3086844295767,0.7609909097176057,confirmed,0.06824990090040245,15,13,none,0
qCpYiNuintI,UC_wSuaxwUYsJOBZDWwHIQZg,time,1,1.2152,28,54593.20,31659,59218.00000000002,0.9219021104451084,early,0.4437705499247436,15,8,none,0
qCpYiNuintI,UC_wSuaxwUYsJOBZDWwHIQZg,time,2,2.2152,28,40339.72,31659,59218.00000000002,0.681207081137621,early,0.379625931797562,15,8,none,0
qCpYiNuintI,UC_wSuaxwUYsJOBZDWwHIQZg,time,3,3.2152,28,36736.47,31659,59218.00000000002,0.62035987142356,likely,0.32974934880041273,15,7,none,0
qCpYiNuintI,UC_wSuaxwUYsJOBZDWwHIQZg,time,5,5.2152,28,35739.79,31659,59218.00000000002,0.6035290871672626,likely,0.28536640919317746,15,7,none,0
qCpYiNuintI,UC_wSuaxwUYsJOBZDWwHIQZg,time,7,7.2152,28,34960.48,31659,59218.00000000002,0.5903691049536286,confirmed,0.26540227242704145,15,7,none,0
qCpYiNuintI,UC_wSuaxwUYsJOBZDWwHIQZg,time,14,13.2152,28,35367.25,31659,59218.00000000002,0.5972381537886752,confirmed,0.22268801645357342,15,6,none,0
6CVxv685hK0,UCNMZWa1QP42jHrmmzayFEeg,time,14,12.7101,27,5357.65,5888,7398.986714209546,0.7241059526228588,confirmed,0.1573455745334789,15,15,none,0
AQvBKGxeYxI,UC0Hk4EE6iUXv21AdUdJ6vlg,time,5,6.8332,29,209.04,229,,,insufficient,,0,0,none,0
AQvBKGxeYxI,UC0Hk4EE6iUXv21AdUdJ6vlg,time,7,6.8332,29,209.04,229,,,insufficient,,0,0,none,0
AQvBKGxeYxI,UC0Hk4EE6iUXv21AdUdJ6vlg,time,14,13.8332,29,217.19,229,,,insufficient,0.2441204382270235,0,0,none,0
SqtF-D4tPuI,UCwSozl89jl2zUDzQ4jGJD3g,time,14,14.7228,28,58666.98,57821,26862.730803385686,2.1839543202838256,confirmed,0.1537513550895494,15,14,none,0
pjSgFEvOGAY,UC6S0jAvcapqJ48ZzLfva12g,time,5,5.0406,27,167873.22,159660,,,insufficient,,1,1,none,0
pjSgFEvOGAY,UC6S0jAvcapqJ48ZzLfva12g,time,7,7.0406,27,144668.04,159660,63500.48681513632,2.2782194119976964,confirmed,0.2226725094735694,15,13,none,0
pjSgFEvOGAY,UC6S0jAvcapqJ48ZzLfva12g,time,14,12.0406,27,152732.68,159660,63789.241459231715,2.3943328493386384,confirmed,0.16922025955912237,15,11,none,0
QSz_cgBDjRQ,UCGuIM34mGnfTDjfd9vwPtAQ,time,1,0.9993,29,19653.74,40380,22014.039883610072,0.8927822435158262,early,,15,10,none,0
QSz_cgBDjRQ,UCGuIM34mGnfTDjfd9vwPtAQ,time,2,1.9993,29,24515.40,40380,21809.893477369773,1.1240494038465398,early,0.9598162186152506,15,9,none,0
QSz_cgBDjRQ,UCGuIM34mGnfTDjfd9vwPtAQ,time,3,2.9993,29,21662.81,40380,22159.043108071135,0.9776056937599515,early,0.8744817876318697,15,9,none,0
QSz_cgBDjRQ,UCGuIM34mGnfTDjfd9vwPtAQ,time,5,4.9993,29,31031.74,40380,22267.429926352404,1.3935931578540488,likely,0.7563460283125256,15,9,none,0
QSz_cgBDjRQ,UCGuIM34mGnfTDjfd9vwPtAQ,time,7,6.9993,29,43428.86,40380,22661.464413450314,1.91641882206062,likely,0.8894464747399539,15,9,none,0
QSz_cgBDjRQ,UCGuIM34mGnfTDjfd9vwPtAQ,time,14,13.9993,29,45964.86,40380,23554.988461699962,1.9513852151468547,confirmed,0.7709839585383976,15,9,none,0
-gjZLwLAoGI,UC_AuoGXQt-y7eqjKaTsYmjg,heldout,14,13.7292,30,2582.17,2558,4213.04891756688,0.6128981743296713,confirmed,,15,13,none,0
BButao-i5jk,UCT_8YwHmACxpUootXe7yKjA,time,1,1.8745,28,34266.09,53728,24464.281296816538,1.4006580791480454,early,,15,14,none,0
BButao-i5jk,UCT_8YwHmACxpUootXe7yKjA,time,2,1.8745,28,34266.09,53728,24464.281296816538,1.4006580791480454,early,,15,14,none,0
BButao-i5jk,UCT_8YwHmACxpUootXe7yKjA,time,3,2.8745,28,28612.80,53728,24485.563349490447,1.1685579467013432,early,0.36547415014737455,15,14,none,0
BButao-i5jk,UCT_8YwHmACxpUootXe7yKjA,time,5,4.8745,28,29154.48,53728,24371.446052568288,1.1962556086894867,likely,0.2951722005732087,15,14,none,0
BButao-i5jk,UCT_8YwHmACxpUootXe7yKjA,time,7,6.8745,28,33750.10,53728,24732.877019059113,1.3645845419900706,likely,0.3700842976383877,15,13,none,0
BButao-i5jk,UCT_8YwHmACxpUootXe7yKjA,time,14,13.8745,28,46776.57,53728,25633.979201751557,1.8247876403775976,confirmed,0.4755723748634673,15,11,none,0
JSYpmQtUnGo,UCLKZ20yD2tNMBOkSDZo4FeQ,time,0.5,0.4997,28,8593.84,23730,4521.608432689316,1.9006160150318148,early,,14,14,none,0
JSYpmQtUnGo,UCLKZ20yD2tNMBOkSDZo4FeQ,time,1,1.4997,28,8981.14,23730,4672.480400621436,1.922134606996506,early,0.6762611866456713,14,14,none,0
JSYpmQtUnGo,UCLKZ20yD2tNMBOkSDZo4FeQ,time,2,2.4997,28,11046.45,23730,4354.884039324652,2.5365653049414134,early,0.8505155215388314,15,15,none,0
JSYpmQtUnGo,UCLKZ20yD2tNMBOkSDZo4FeQ,time,3,3.4997,28,18153.08,23730,4350.8003000846375,4.172354884448382,likely,0.9344126855378027,15,14,none,0
JSYpmQtUnGo,UCLKZ20yD2tNMBOkSDZo4FeQ,time,5,5.4997,28,22452.50,23730,4255.502181755814,5.27611128757734,likely,0.8865498531885992,15,14,none,0
JSYpmQtUnGo,UCLKZ20yD2tNMBOkSDZo4FeQ,time,7,7.4997,28,21751.25,23730,4272.287986441697,5.091242039824471,confirmed,0.8906920158249549,15,12,none,0
JSYpmQtUnGo,UCLKZ20yD2tNMBOkSDZo4FeQ,time,14,13.4997,28,22020.84,23730,4201.245529750171,5.2415030062469015,confirmed,0.8190666739007031,15,10,none,0
ts0Q_HNo_LA,UCAuUUnT6oDeKwE6v1NGQxug,heldout,5,4.8737,27,23312.10,22087,24040.179290386623,0.96971401069793,likely,,3,3,none,0
ts0Q_HNo_LA,UCAuUUnT6oDeKwE6v1NGQxug,time,5,4.8737,27,23312.10,22087,24040.179290386623,0.96971401069793,likely,,3,3,none,0
ts0Q_HNo_LA,UCAuUUnT6oDeKwE6v1NGQxug,heldout,7,6.8737,27,22554.33,22087,24263.311944285313,0.9295650836189998,likely,0.28713899972647905,3,3,none,0
ts0Q_HNo_LA,UCAuUUnT6oDeKwE6v1NGQxug,time,7,6.8737,27,22554.33,22087,24263.311944285313,0.9295650836189998,likely,0.28713899972647905,3,3,none,0
ts0Q_HNo_LA,UCAuUUnT6oDeKwE6v1NGQxug,heldout,14,15.8737,27,22676.34,22087,23517.69635669071,0.9642245065257864,confirmed,0.18677227561389362,3,3,none,0
ts0Q_HNo_LA,UCAuUUnT6oDeKwE6v1NGQxug,time,14,15.8737,27,22676.34,22087,23517.69635669071,0.9642245065257864,confirmed,0.18677227561389362,3,3,none,0
Szs1lg_TfSM,UCCS6ZRelvETSbA53xFEsa6w,heldout,14,13.8745,31,19110.56,22193,23368.000000000004,0.8178087961865849,confirmed,0.31524337125137963,15,14,none,0
HZy-Nz-a1MU,UCcQD9RunHRdJCWZFQRiuZCQ,time,2,2.7913,27,12625.50,10721,9554.17709087792,1.3214633760788688,early,,14,13,none,0
HZy-Nz-a1MU,UCcQD9RunHRdJCWZFQRiuZCQ,time,3,2.7913,27,12625.50,10721,9554.17709087792,1.3214633760788688,early,,14,13,none,0
HZy-Nz-a1MU,UCcQD9RunHRdJCWZFQRiuZCQ,time,5,4.7913,27,11456.63,10721,8810.945554537122,1.3002723670626442,likely,0.2599362408141453,15,14,none,0
HZy-Nz-a1MU,UCcQD9RunHRdJCWZFQRiuZCQ,time,7,7.7913,27,11714.37,10721,8810.945554537122,1.3295243088117563,confirmed,0.2328935981902907,15,14,none,0
HZy-Nz-a1MU,UCcQD9RunHRdJCWZFQRiuZCQ,time,14,12.7913,27,11111.72,10721,8826.063244729614,1.2589668628660633,confirmed,0.19407665096813273,15,13,none,0
dP1_AJO04kc,UC1NVV2D3Jhv2ykmpTwooUwQ,time,5,4.9125,27,3304.27,2659,,,insufficient,,1,1,none,0
dP1_AJO04kc,UC1NVV2D3Jhv2ykmpTwooUwQ,time,7,6.9125,27,2744.40,2659,,,insufficient,0.09197148025629374,1,1,none,0
dP1_AJO04kc,UC1NVV2D3Jhv2ykmpTwooUwQ,time,14,12.9125,27,2699.41,2659,,,insufficient,0.0844026569503418,1,1,none,0
qG0zAY2oaNQ,UCB5Nin2VBUeNLqamqEVh-2A,heldout,1,1.4553,30,12260.76,7706,46050.94239390824,0.2662435133247724,early,,15,14,none,0
qG0zAY2oaNQ,UCB5Nin2VBUeNLqamqEVh-2A,heldout,2,1.4553,30,12260.76,7706,46050.94239390824,0.2662435133247724,early,,15,14,none,0
qG0zAY2oaNQ,UCB5Nin2VBUeNLqamqEVh-2A,heldout,14,13.4553,30,7851.30,7706,45112.952399783106,0.1740364532993363,confirmed,0.1964526844326549,15,14,none,0
xk6yKMFsHNI,UCtak3C1t8k3u8CVzVGYvemA,time,14,14.0403,29,12730.23,12827,25655.617038558397,0.4961966651593824,confirmed,0.09021435664627128,15,10,none,0
WO8ZKMmPaws,UCtbLA0YM6EpwUQhFUyPQU9Q,heldout,1,1.0314,27,819008.51,1125397,390662.04884052894,2.0964629463040136,early,,15,13,none,0
WO8ZKMmPaws,UCtbLA0YM6EpwUQhFUyPQU9Q,time,1,1.0314,27,819008.51,1125397,390662.04884052894,2.0964629463040136,early,,15,13,none,0
WO8ZKMmPaws,UCtbLA0YM6EpwUQhFUyPQU9Q,heldout,2,2.0314,27,946832.87,1125397,390662.04884052894,2.423662269525832,early,0.78258470194413,15,13,none,0
WO8ZKMmPaws,UCtbLA0YM6EpwUQhFUyPQU9Q,time,2,2.0314,27,946832.87,1125397,390662.04884052894,2.423662269525832,early,0.78258470194413,15,13,none,0
WO8ZKMmPaws,UCtbLA0YM6EpwUQhFUyPQU9Q,heldout,3,3.0314,27,934213.88,1125397,390703.3203791148,2.391108119267936,likely,0.6463193630286928,15,13,none,0
WO8ZKMmPaws,UCtbLA0YM6EpwUQhFUyPQU9Q,time,3,3.0314,27,934213.88,1125397,390703.3203791148,2.391108119267936,likely,0.6463193630286928,15,13,none,0
WO8ZKMmPaws,UCtbLA0YM6EpwUQhFUyPQU9Q,heldout,5,5.0314,27,964293.54,1125397,390703.3203791148,2.4680966037687897,likely,0.5558022755502803,15,13,none,0
WO8ZKMmPaws,UCtbLA0YM6EpwUQhFUyPQU9Q,time,5,5.0314,27,964293.54,1125397,390703.3203791148,2.4680966037687897,likely,0.5558022755502803,15,13,none,0
WO8ZKMmPaws,UCtbLA0YM6EpwUQhFUyPQU9Q,heldout,7,7.0314,27,995326.07,1125397,390199.64140119764,2.5508123598022148,confirmed,0.5332280854685236,15,12,none,0
WO8ZKMmPaws,UCtbLA0YM6EpwUQhFUyPQU9Q,time,7,7.0314,27,995326.07,1125397,390199.64140119764,2.5508123598022148,confirmed,0.5332280854685236,15,12,none,0
WO8ZKMmPaws,UCtbLA0YM6EpwUQhFUyPQU9Q,heldout,14,13.0314,27,1165396.04,1125397,389235.5386961076,2.9940638195142313,confirmed,0.5060701619579088,15,12,none,0
WO8ZKMmPaws,UCtbLA0YM6EpwUQhFUyPQU9Q,time,14,13.0314,27,1165396.04,1125397,389235.5386961076,2.9940638195142313,confirmed,0.5060701619579088,15,12,none,0
eWJcg6j_7CE,UCsLt8oYvDYGpSHcGhRBBkyw,time,14,13.8704,27,5356.62,4956,2660.4853331412532,2.0133998695375595,confirmed,0.7457472023952023,15,15,none,0
QHKbpUjmbfU,UCAbq1eKey19tt-FfaIO1RMA,time,0.5,0.5413,27,6921.19,17689,9507.835309309306,0.7279462178455584,early,,15,11,none,0
QHKbpUjmbfU,UCAbq1eKey19tt-FfaIO1RMA,time,1,0.5413,27,6921.19,17689,9507.835309309306,0.7279462178455584,early,,15,11,none,0
QHKbpUjmbfU,UCAbq1eKey19tt-FfaIO1RMA,time,2,1.5413,27,8961.87,17689,9492.77167347872,0.9440725689554655,early,1.0772457050067448,15,11,none,0
QHKbpUjmbfU,UCAbq1eKey19tt-FfaIO1RMA,time,3,2.5413,27,10294.22,17689,9486.44700874618,1.0851497174563776,early,0.9788864291975291,15,11,none,0
QHKbpUjmbfU,UCAbq1eKey19tt-FfaIO1RMA,time,5,4.5413,27,12779.50,17689,9450.998458502725,1.3521855707681278,likely,0.9129625887107901,15,11,none,0
QHKbpUjmbfU,UCAbq1eKey19tt-FfaIO1RMA,time,7,6.5413,27,14807.59,17689,9477.664158258418,1.562366650021887,likely,0.9134524151056703,15,10,none,0
QHKbpUjmbfU,UCAbq1eKey19tt-FfaIO1RMA,time,14,12.5413,27,17256.07,17689,9602.000000000007,1.797133148085124,confirmed,0.8396216075107938,15,8,none,0
07Ps865aPxE,UCnwlWgbcxwpsnB7LtOL1kPg,time,14,14.7396,28,9591.39,9742,7108.997962880099,1.3491904645528099,confirmed,,15,15,none,0
xTiBF2Hq40I,UC2Kyj04yISmHr1V-UlJz4eg,heldout,1,1.8891,30,404519.46,583890,160791.9999999999,2.515793451486512,early,,15,13,none,0
xTiBF2Hq40I,UC2Kyj04yISmHr1V-UlJz4eg,heldout,2,1.8891,30,404519.46,583890,160791.9999999999,2.515793451486512,early,,15,13,none,0
xTiBF2Hq40I,UC2Kyj04yISmHr1V-UlJz4eg,heldout,3,2.8891,30,476484.91,583890,160791.9999999999,2.9633620398595473,early,0.7559661792919949,15,13,none,0
xTiBF2Hq40I,UC2Kyj04yISmHr1V-UlJz4eg,heldout,5,4.8891,30,534288.49,583890,160791.9999999999,3.3228549339793827,likely,0.659097157887143,15,13,none,0
xTiBF2Hq40I,UC2Kyj04yISmHr1V-UlJz4eg,heldout,7,6.8891,30,537007.37,583890,160791.9999999999,3.3397642602809916,likely,0.5905259202608807,15,13,none,0
xTiBF2Hq40I,UC2Kyj04yISmHr1V-UlJz4eg,heldout,14,13.8891,30,568354.62,583890,160791.9999999999,3.5347195333812533,confirmed,0.4246011812018384,15,13,none,0
gTjQShtWe7A,UCekqigelo-rjhHWL1NEL4yw,time,14,12.7910,27,235.05,225,252.70539685796564,0.9301150783016642,confirmed,,15,12,none,0
3Q4FIzaQMd0,UCKLIIdKEpjAnn8E76KP7sQg,heldout,5,5.1042,30,12025.91,10035,9151.46643869595,1.3140964960085868,likely,,15,13,none,0
3Q4FIzaQMd0,UCKLIIdKEpjAnn8E76KP7sQg,heldout,7,6.1042,30,10000.12,10035,9151.46643869595,1.0927342030068925,likely,0.1844672338094158,15,13,none,0
3Q4FIzaQMd0,UCKLIIdKEpjAnn8E76KP7sQg,heldout,14,14.1042,30,10127.96,10035,9052.97952444944,1.1187438044361155,confirmed,0.11329260792662411,15,12,none,0
FnOHapHRqJs,UCLMtjmKyB2ORHx2A06crsmQ,time,3,3.8320,28,5852.15,5648,17513.17311999649,0.33415726439443866,likely,,10,10,none,0
FnOHapHRqJs,UCLMtjmKyB2ORHx2A06crsmQ,time,5,4.8320,28,4326.84,5648,15183.79687037352,0.2849645710840663,likely,0.14632295251167846,15,14,none,0
FnOHapHRqJs,UCLMtjmKyB2ORHx2A06crsmQ,time,7,6.8320,28,5058.97,5648,15291.85427918896,0.33082783966401214,likely,0.25909239871467,15,13,none,0
FnOHapHRqJs,UCLMtjmKyB2ORHx2A06crsmQ,time,14,13.8320,28,5448.80,5648,15552.51799252491,0.35034863847414804,confirmed,0.24660958058393562,15,12,none,0
Y_KgvdF7g-c,UCI8gcSTo1FowsRJdilsjsZw,heldout,5,4.9575,30,631364.35,519125,45807.190994807606,13.783083826063075,likely,,15,15,none,0
Y_KgvdF7g-c,UCI8gcSTo1FowsRJdilsjsZw,heldout,14,12.9575,30,501061.42,519125,48887.818466944824,10.249208005176113,confirmed,0.05080275183100776,15,15,none,0
eQH5AMqpuYU,UCXGR70CkW_pXb8n52LzCCRw,time,1,1.0825,28,305449.93,370931,385247.8207315673,0.7928660930551994,early,,15,12,none,0
eQH5AMqpuYU,UCXGR70CkW_pXb8n52LzCCRw,time,2,2.0825,28,353561.41,370931,385957.1950907672,0.9160637824850472,early,0.760248825036813,15,11,none,0
eQH5AMqpuYU,UCXGR70CkW_pXb8n52LzCCRw,time,3,3.0825,28,351472.63,370931,385735.8615883135,0.9111743628463551,likely,0.6248292540358318,15,11,none,0
eQH5AMqpuYU,UCXGR70CkW_pXb8n52LzCCRw,time,5,5.0825,28,359074.84,370931,379502.1670535235,0.9461733658223186,likely,0.5698287299158916,15,10,none,0
eQH5AMqpuYU,UCXGR70CkW_pXb8n52LzCCRw,time,7,7.0825,28,358174.31,370931,383330.4759309257,0.9343747325683128,confirmed,0.5404075792278089,15,9,none,0
eQH5AMqpuYU,UCXGR70CkW_pXb8n52LzCCRw,time,14,13.0825,28,366463.44,370931,382803.1716719896,0.9573155894068026,confirmed,0.47364283267717844,15,6,none,0
f4PRRw5BGGQ,UCDNHPNeWScAC8h8IxtEBtkQ,heldout,1,1.0826,29,100073.12,73177,68597.47453271714,1.458845483101206,early,0.5024427414394159,15,12,none,0
f4PRRw5BGGQ,UCDNHPNeWScAC8h8IxtEBtkQ,heldout,2,2.0826,29,98556.10,73177,66498.70467528177,1.482075499044502,early,0.613787095803507,15,11,none,0
f4PRRw5BGGQ,UCDNHPNeWScAC8h8IxtEBtkQ,heldout,3,3.0826,29,98710.02,73177,66345.04148890129,1.487828162744705,likely,0.5291943938698227,15,10,none,0
f4PRRw5BGGQ,UCDNHPNeWScAC8h8IxtEBtkQ,heldout,5,5.0826,29,88622.09,73177,66345.04148890129,1.3357756871525364,likely,0.43931069322899075,15,10,none,0
f4PRRw5BGGQ,UCDNHPNeWScAC8h8IxtEBtkQ,heldout,7,7.0826,29,83765.62,73177,66345.04148890129,1.262575414762227,confirmed,0.3926607915710882,15,10,none,0
f4PRRw5BGGQ,UCDNHPNeWScAC8h8IxtEBtkQ,heldout,14,14.0826,29,74814.04,73177,65549.99999999997,1.1413278679652035,confirmed,0.3205560121372907,15,6,none,0
ZUgWZps-O9I,UChbcn2mOzPHEEHxPmU66Sdg,time,1,0.8302,27,802.75,845,2002.3426128401313,0.40090631129910953,early,,15,7,none,0
ZUgWZps-O9I,UChbcn2mOzPHEEHxPmU66Sdg,time,2,1.8302,27,821.41,845,1940.2812450040176,0.42334747870366035,early,0.6753141252213717,15,7,none,0
ZUgWZps-O9I,UChbcn2mOzPHEEHxPmU66Sdg,time,3,2.8302,27,836.78,845,1893.2940850587431,0.4419712803689371,early,0.48925504841940765,15,7,none,0
ZUgWZps-O9I,UChbcn2mOzPHEEHxPmU66Sdg,time,5,4.8302,27,905.33,845,1872.5375028452172,0.48347764334410875,likely,0.4247015064567429,15,7,none,0
ZUgWZps-O9I,UChbcn2mOzPHEEHxPmU66Sdg,time,7,7.8302,27,850.16,845,1849.9999999999995,0.45954718422647073,confirmed,0.37848104186080855,15,6,none,0
ZUgWZps-O9I,UChbcn2mOzPHEEHxPmU66Sdg,time,14,12.8302,27,810.96,845,1787.2409063960536,0.4537513666429811,confirmed,0.3166679781279554,15,5,none,0
Sw7wnZSy4Ug,UC7Hi_moNiYG88AgbyiJU9UQ,heldout,1,1.8539,30,1516.91,1859,6126.844867930822,0.2475842953008167,early,,8,8,none,0
Sw7wnZSy4Ug,UC7Hi_moNiYG88AgbyiJU9UQ,heldout,2,1.8539,30,1516.91,1859,6126.844867930822,0.2475842953008167,early,,8,8,none,0
-Z2KjOUcvTA,UC7cs8q-gJRlGwj4A8OmCmXg,time,1,1.8945,27,4236.50,3147,3966.6272903328013,1.068036104126232,early,,15,13,none,0
-Z2KjOUcvTA,UC7cs8q-gJRlGwj4A8OmCmXg,time,2,1.8945,27,4236.50,3147,3966.6272903328013,1.068036104126232,early,,15,13,none,0
-Z2KjOUcvTA,UC7cs8q-gJRlGwj4A8OmCmXg,time,3,2.8945,27,3002.44,3147,3905.0236709794476,0.768866391526928,early,0.21469250896617528,15,13,none,0
-Z2KjOUcvTA,UC7cs8q-gJRlGwj4A8OmCmXg,time,5,4.8945,27,3081.48,3147,3807.0329248923986,0.8094175918259451,likely,0.24805437090242616,15,13,none,0
-Z2KjOUcvTA,UC7cs8q-gJRlGwj4A8OmCmXg,time,7,6.8945,27,3582.28,3147,3744.2018575550837,0.95675366603231,likely,0.26739394896232355,15,12,none,0
-Z2KjOUcvTA,UC7cs8q-gJRlGwj4A8OmCmXg,time,14,12.8945,27,3315.81,3147,3603.200444848869,0.9202411119572069,confirmed,0.19031959720609926,15,11,none,0
f7xro08O23A,UCMIjEnXruVHtvgSVf6TgfUg,time,14,13.6841,29,64246.43,64621,76522.93204057071,0.8395709974549449,confirmed,0.07289115520086857,12,11,none,0
GYtTNEFt49E,UCk9dtbM-wjpLk134r55OUbg,time,14,15.4893,27,8687.31,8620,11834.571643153806,0.734062347463911,confirmed,0.10860786064644944,15,12,none,0
hDL2UuulKhk,UC8DqDLFZCni7Jkys3N3818w,time,5,4.8183,27,55.75,59,,,insufficient,,1,1,none,0
hDL2UuulKhk,UC8DqDLFZCni7Jkys3N3818w,time,7,6.8183,27,59.63,59,,,insufficient,0.46225095429181856,1,1,none,0
hDL2UuulKhk,UC8DqDLFZCni7Jkys3N3818w,time,14,15.8183,27,54.30,59,,,insufficient,0.1869611110232646,1,1,none,0
ioD2hN8pJVE,UCpXipTyhIY9kprpvVd-lu0A,time,5,5.9270,29,62265.77,54015,56728.42699191018,1.097611380496514,likely,,15,15,none,0
ioD2hN8pJVE,UCpXipTyhIY9kprpvVd-lu0A,time,7,6.9270,29,51727.95,54015,56360.17169105193,0.9178102882460485,likely,0.20051025835262357,15,15,none,0
ioD2hN8pJVE,UCpXipTyhIY9kprpvVd-lu0A,time,14,14.9270,29,56402.49,54015,53850.00000000002,1.0474000504857146,confirmed,0.15115251914792685,15,12,none,0
xNpDEbOUZEw,UCBRxDSTfr2aJVODDh4WG_7g,time,7,7.2612,28,334.97,277,2371.462093769982,0.14125004059735222,confirmed,,10,10,none,0
xNpDEbOUZEw,UCBRxDSTfr2aJVODDh4WG_7g,time,14,12.2612,28,279.04,277,2323.2118356318524,0.12010775744564782,confirmed,0.0315371904932965,15,15,none,0
FXseY7Dwbcw,UC1226ElkVkwZyh74jipyw1Q,time,3,3.9997,27,103.06,78,,,insufficient,,1,1,none,0
FXseY7Dwbcw,UC1226ElkVkwZyh74jipyw1Q,time,5,4.9997,27,74.13,78,,,insufficient,0,1,1,none,0
FXseY7Dwbcw,UC1226ElkVkwZyh74jipyw1Q,time,7,6.9997,27,75.87,78,,,insufficient,0.12705535357283262,1,1,none,0
FXseY7Dwbcw,UC1226ElkVkwZyh74jipyw1Q,time,14,14.9997,27,76.48,78,,,insufficient,0.11148458698092781,1,1,none,0
Nvx3MWoXnzI,UCEdGrVhYNUONApiHxV40oyw,time,14,12.8533,27,8575.70,8562,11506.543028990101,0.7452889294845327,confirmed,0.07581303202732577,15,14,none,0
BapqrOH3dHE,UCT6fVez_0DmaZ_WDaRhUw2A,heldout,1,1.6665,30,129968.00,283549,22327.066511255834,5.821096098253904,early,,14,14,none,0
BapqrOH3dHE,UCT6fVez_0DmaZ_WDaRhUw2A,heldout,2,1.6665,30,129968.00,283549,22327.066511255834,5.821096098253904,early,,14,14,none,0
BapqrOH3dHE,UCT6fVez_0DmaZ_WDaRhUw2A,heldout,3,2.6665,30,112085.94,283549,17949.443391153538,6.244535543433334,early,0.4439653300593665,15,15,none,0
BapqrOH3dHE,UCT6fVez_0DmaZ_WDaRhUw2A,heldout,5,4.6665,30,311526.04,283549,18110.053304316178,17.20182905405858,likely,1.1639004661092116,15,15,none,0
BapqrOH3dHE,UCT6fVez_0DmaZ_WDaRhUw2A,heldout,7,6.6665,30,333587.21,283549,18110.053304316178,18.420001473706364,likely,1.0255081867559113,15,15,none,0
BapqrOH3dHE,UCT6fVez_0DmaZ_WDaRhUw2A,heldout,14,13.6665,30,323577.92,283549,18440.999738967388,17.54665848896626,confirmed,0.7115660902567784,15,14,none,0
kNBH1OgdbEw,UC-No2ITxJsNt50oJQ3fLmUA,time,14,13.7004,29,128210.45,122959,82171.91423320696,1.5602709395156213,confirmed,,15,13,none,0
swE9ey6sJjw,UCDNHPNeWScAC8h8IxtEBtkQ,time,1,1.0822,29,141177.79,84885,70250.55644839235,2.0096323668150733,early,1.7339665051217996,15,13,none,0
swE9ey6sJjw,UCDNHPNeWScAC8h8IxtEBtkQ,time,2,2.0822,29,165774.88,84885,70020.07039018392,2.3675337111784596,early,1.217449844434336,15,13,none,0
swE9ey6sJjw,UCDNHPNeWScAC8h8IxtEBtkQ,time,3,3.0822,29,153311.27,84885,69798.9749422448,2.196468806313972,likely,1.004117721646445,15,12,none,0
swE9ey6sJjw,UCDNHPNeWScAC8h8IxtEBtkQ,time,5,5.0822,29,127991.61,84885,69395.79265675446,1.844371377558048,likely,0.799512177797247,15,11,none,0
swE9ey6sJjw,UCDNHPNeWScAC8h8IxtEBtkQ,time,7,7.0822,29,118044.90,84885,68635.85480827285,1.7198722170042497,confirmed,0.7082310077693438,15,10,none,0
swE9ey6sJjw,UCDNHPNeWScAC8h8IxtEBtkQ,time,14,13.0822,29,98735.83,84885,67764,1.4570543026589795,confirmed,0.5710385011982971,15,7,none,0
Q4NKhkbmTgs,UC8T8KJwCworH4Hpr5YjEzZA,time,5,5.0624,27,25430.35,31566,,,insufficient,1.34111822350763,1,1,none,0
Q4NKhkbmTgs,UC8T8KJwCworH4Hpr5YjEzZA,time,7,7.0624,27,28876.84,31566,,,insufficient,1.0875441564585402,1,1,none,0
Q4NKhkbmTgs,UC8T8KJwCworH4Hpr5YjEzZA,time,14,15.0624,27,33696.06,31566,,,insufficient,0.7881889741235288,1,1,none,0
F9w5QpdToos,UCjrb6YumTXFixchqoGyULkg,time,14,13.9163,28,245539.01,243827,40113.360482576165,6.121127912805244,confirmed,0.4352303236433653,15,14,none,0
_ddXXvJwi_g,UC8kGsMa0LygSX9nkBcBH1Sg,time,14,13.8326,27,9791.05,10144,13897.999999999996,0.7044938053463466,confirmed,0.0989233361016322,15,12,none,0
emTHA3aquoQ,UCrtPXCqjm9c7nqgJL-vBSZg,time,5,5.0885,27,9623.72,10046,6535.999999999997,1.472416731840931,likely,0.6745049420827912,15,14,none,0
emTHA3aquoQ,UCrtPXCqjm9c7nqgJL-vBSZg,time,7,7.0885,27,12279.89,10046,6535.999999999997,1.878808449931189,confirmed,0.6775384499625514,15,13,none,0
emTHA3aquoQ,UCrtPXCqjm9c7nqgJL-vBSZg,time,14,13.0885,27,9820.58,10046,6535.999999999997,1.5025365586549,confirmed,0.4130393264695225,15,10,none,0
9o3eNg61At0,UCtW1WA-bJ4s6l-ZCCT35QBg,heldout,14,14.3480,31,2189.69,2111,6146.000000000002,0.35627872129744953,confirmed,,15,14,none,0
B-wgjETpX0M,UCdOIkjWFRXVho4Ua_j9_q4A,heldout,7,7.7830,29,23289.17,21539,37663,0.6183567057764934,confirmed,,15,13,none,0
B-wgjETpX0M,UCdOIkjWFRXVho4Ua_j9_q4A,heldout,14,13.7830,29,21952.67,21539,37663,0.5828709313917659,confirmed,0.14901440678421968,15,11,none,0
HvKOs2PsmNI,UCJS9pqu9BzkAMNTmzNMNhvg,time,14,13.8102,27,1938.01,1875,2486.999999999999,0.7792574875677641,confirmed,,15,11,none,0
yuQ8KP559BQ,UCDNHPNeWScAC8h8IxtEBtkQ,heldout,14,12.0820,31,55266.64,53127,68266.76837922083,0.80956874774134,confirmed,,15,12,none,0
ll_c_EYp3Is,UCXuqSBlHAE6Xw-yeJA0Tunw,heldout,1,0.7909,31,1205068.17,811714,1472200.7349171722,0.8185488182277277,early,,14,14,none,0
ll_c_EYp3Is,UCXuqSBlHAE6Xw-yeJA0Tunw,heldout,2,2.7909,31,1077300.07,811714,1531293.1335129067,0.7035230877845433,early,0.5057828675821164,15,15,none,0
ll_c_EYp3Is,UCXuqSBlHAE6Xw-yeJA0Tunw,heldout,3,2.7909,31,1077300.07,811714,1531293.1335129067,0.7035230877845433,early,0.5057828675821164,15,15,none,0
ll_c_EYp3Is,UCXuqSBlHAE6Xw-yeJA0Tunw,heldout,5,4.7909,31,1008638.51,811714,1521380.974334715,0.6629756291575686,likely,0.4065130365719247,15,15,none,0
ll_c_EYp3Is,UCXuqSBlHAE6Xw-yeJA0Tunw,heldout,7,6.7909,31,965825.62,811714,1510090.4043611889,0.63958132560756,likely,0.35447398483643855,15,15,none,0
ll_c_EYp3Is,UCXuqSBlHAE6Xw-yeJA0Tunw,heldout,14,13.7909,31,849594.57,811714,1429748.6772283276,0.5942265123532442,confirmed,0.26729387559032763,15,11,none,0
V6LAU6acHh0,UCBXQM4wXOpzZPcjXMqecArA,time,0.5,0.7079,27,14875.05,14367,6160.4054859631015,2.4146216023847114,early,,15,11,none,0
V6LAU6acHh0,UCBXQM4wXOpzZPcjXMqecArA,time,1,0.7079,27,14875.05,14367,6160.4054859631015,2.4146216023847114,early,,15,11,none,0
V6LAU6acHh0,UCBXQM4wXOpzZPcjXMqecArA,time,2,1.7079,27,17227.59,14367,6142.703525057412,2.8045607287331764,early,0.9090658772272431,15,11,none,0
V6LAU6acHh0,UCBXQM4wXOpzZPcjXMqecArA,time,3,2.7079,27,16318.62,14367,6322.64820771073,2.5809778805492867,early,0.6552126959204561,15,10,none,0
V6LAU6acHh0,UCBXQM4wXOpzZPcjXMqecArA,time,5,4.7079,27,17191.23,14367,6505.875073033812,2.642416193951282,likely,0.5083322255428296,15,9,none,0
V6LAU6acHh0,UCBXQM4wXOpzZPcjXMqecArA,time,7,7.7079,27,18053.50,14367,7020.814855818823,2.571424484378071,confirmed,0.43766144985799277,15,8,none,0
V6LAU6acHh0,UCBXQM4wXOpzZPcjXMqecArA,time,14,12.7079,27,16983.12,14367,7902.299447179701,2.149136165163126,confirmed,0.38289674825431824,15,6,none,0
mrEek21gC9E,UCYzrlZP_m1cV51q9GGDHCMg,heldout,5,4.7745,30,121.02,89,,,insufficient,,2,2,none,0
mrEek21gC9E,UCYzrlZP_m1cV51q9GGDHCMg,heldout,7,7.7745,30,97.86,89,204.31496459995458,0.4789524010086367,confirmed,0,15,15,none,0
mrEek21gC9E,UCYzrlZP_m1cV51q9GGDHCMg,heldout,14,14.7745,30,91.98,89,191.05685922504978,0.48141927904652704,confirmed,0,15,15,none,0
zvCZANVXaKw,UCx6yJsJ8qmJu7ja-hTQglRA,time,1,0.9868,27,9786.03,21937,10434.894429168244,0.9378175155894136,early,,15,13,none,0
zvCZANVXaKw,UCx6yJsJ8qmJu7ja-hTQglRA,time,2,1.9868,27,16505.34,21937,10739.605811843023,1.5368665804334387,early,1.230401510389345,15,13,none,0
zvCZANVXaKw,UCx6yJsJ8qmJu7ja-hTQglRA,time,3,2.9868,27,18951.54,21937,10739.605811843023,1.7646403003222038,early,1.1154012386588983,15,13,none,0
zvCZANVXaKw,UCx6yJsJ8qmJu7ja-hTQglRA,time,5,4.9868,27,30134.57,21937,11004.048904501817,2.7384983279081783,likely,1.249551566670998,15,13,none,0
zvCZANVXaKw,UCx6yJsJ8qmJu7ja-hTQglRA,time,7,7.9868,27,30679.41,21937,11270.896596155202,2.7220028431958347,confirmed,1.0160600742994543,15,13,none,0
zvCZANVXaKw,UCx6yJsJ8qmJu7ja-hTQglRA,time,14,14.9868,27,27803.98,21937,11601.099635342642,2.3966679849086763,confirmed,0.7819879872905935,15,12,none,0
bCdUMEAP-zc,UCGWNHkr2WZcRbxqoet-nyeg,time,14,13.8783,28,5156.58,4877,2600.1352503824733,1.9831964725701938,confirmed,,15,15,none,0
JxxrvNLxIy4,UC2cC48A261pBVKztLyzOAnA,time,0.5,0.6145,27,55272.27,49701,30353.999999999978,1.8209220131413133,early,,14,9,none,0
JxxrvNLxIy4,UC2cC48A261pBVKztLyzOAnA,time,1,0.6145,27,55272.27,49701,30353.999999999978,1.8209220131413133,early,,14,9,none,0
JxxrvNLxIy4,UC2cC48A261pBVKztLyzOAnA,time,2,1.6145,27,47661.10,49701,29687.75871921499,1.6054125664455499,early,0.590392736620074,15,10,none,0
JxxrvNLxIy4,UC2cC48A261pBVKztLyzOAnA,time,3,2.6145,27,49536.04,49701,29742.914030530254,1.6654737684349075,early,0.4737234316556866,15,10,none,0
JxxrvNLxIy4,UC2cC48A261pBVKztLyzOAnA,time,5,4.6145,27,45280.83,49701,29987.120852670334,1.510009091519335,likely,0.42681188153679017,15,9,none,0
JxxrvNLxIy4,UC2cC48A261pBVKztLyzOAnA,time,7,6.6145,27,47166.66,49701,30353.999999999978,1.553886161536783,likely,0.4009103947351121,15,9,none,0
JxxrvNLxIy4,UC2cC48A261pBVKztLyzOAnA,time,14,15.6145,27,49096.38,49701,30353.999999999978,1.6174601278254088,confirmed,0.32687881274612673,15,6,none,0
B0jru4K6-WI,UCEaIzMzCEkTy547iHSs2xUg,time,2,2.9581,29,6313.54,5407,10180.7609160533,0.6201442474783538,early,,15,13,none,0
B0jru4K6-WI,UCEaIzMzCEkTy547iHSs2xUg,time,3,2.9581,29,6313.54,5407,10180.7609160533,0.6201442474783538,early,,15,13,none,0
B0jru4K6-WI,UCEaIzMzCEkTy547iHSs2xUg,time,5,4.9581,29,4870.84,5407,10122.46664608082,0.4811906103472312,likely,0.1713112135381175,15,13,none,0
B0jru4K6-WI,UCEaIzMzCEkTy547iHSs2xUg,time,7,6.9581,29,5112.76,5407,10107.93325075164,0.5058166400426868,likely,0.2220474067191789,15,12,none,0
B0jru4K6-WI,UCEaIzMzCEkTy547iHSs2xUg,time,14,13.9581,29,5569.44,5407,10033.000000000007,0.5551117932966833,confirmed,0.19024785218355317,15,10,none,0
VBJ63rblwBY,UCCZLVYAGIoGvaFUrTyyeaXA,time,5,6.0256,29,4388.60,3638,21257.631550156104,0.20644817065186646,likely,,4,4,none,0
VBJ63rblwBY,UCCZLVYAGIoGvaFUrTyyeaXA,time,7,7.0256,29,3886.80,3638,20903.256193337656,0.18594221478507256,confirmed,0.107045529694028,4,4,none,0
VBJ63rblwBY,UCCZLVYAGIoGvaFUrTyyeaXA,time,14,14.0256,29,3706.01,3638,19381.19182086367,0.19121674053010548,confirmed,0.03758142607825731,4,4,none,0
LcEs7wVCG0c,UCBI1lCGZBXGl54w_25hUsTg,heldout,7,7.2090,30,4726.09,3980,4226.593035386283,1.1181788235022045,confirmed,,15,14,none,0
Bkkps-ycDBU,UCll3zdukvI1oWlG-F13UCZw,time,1,1.0214,27,7169.53,3897,4185.139525101247,1.7130927099281164,early,,15,15,none,0
Bkkps-ycDBU,UCll3zdukvI1oWlG-F13UCZw,time,2,2.0214,27,4714.68,3897,4134.8970046062905,1.1402174843529538,early,0.21551408641596015,15,15,none,0
Bkkps-ycDBU,UCll3zdukvI1oWlG-F13UCZw,time,3,3.0214,27,4094.46,3897,4092.6513916035738,1.0004430134858078,likely,0.14281209442429552,15,15,none,0
Bkkps-ycDBU,UCll3zdukvI1oWlG-F13UCZw,time,5,5.0214,27,3910.58,3897,4052.8233403602426,0.964903182325576,likely,0.12734925630283217,15,15,none,0
Bkkps-ycDBU,UCll3zdukvI1oWlG-F13UCZw,time,7,7.0214,27,3941.77,3897,4018.324422330744,0.9809495853189716,confirmed,0.1331295888869722,15,15,none,0
Bkkps-ycDBU,UCll3zdukvI1oWlG-F13UCZw,time,14,13.0214,27,3930.27,3897,3918.072272765643,1.003113299262975,confirmed,0.12522104196285824,15,15,none,0
Hmsn7pxwtu8,UCc11676iKpKrJMYqNYHqNig,time,7,8.1262,28,3391.25,2865,3060.9212586387052,1.1079172584589547,confirmed,,15,14,none,0
Hmsn7pxwtu8,UCc11676iKpKrJMYqNYHqNig,time,14,12.1262,28,2850.30,2865,3069.0792643006853,0.9287145775408009,confirmed,0.06561896256037067,15,13,none,0
FG_h7a3uFJ0,UCUpbDOT-OVNBlaQpb9pbd2w,time,5,5.5422,28,31124.04,23187,31634.24402334358,0.9838719372435836,likely,,15,15,none,0
FG_h7a3uFJ0,UCUpbDOT-OVNBlaQpb9pbd2w,time,7,6.5422,28,25241.65,23187,30862.684246650548,0.8178694070522049,likely,0.02085528538485119,15,15,none,0
FG_h7a3uFJ0,UCUpbDOT-OVNBlaQpb9pbd2w,time,14,13.5422,28,23880.29,23187,28196.001764568507,0.8469390177652832,confirmed,0.01186705132160876,15,15,none,0
votoW03Y8eU,UC_2su4ftsi4r6aGkAQ8MyVQ,time,5,6.0317,28,130.97,118,,,insufficient,,1,1,none,0
votoW03Y8eU,UC_2su4ftsi4r6aGkAQ8MyVQ,time,7,6.0317,28,130.97,118,,,insufficient,,1,1,none,0
votoW03Y8eU,UC_2su4ftsi4r6aGkAQ8MyVQ,time,14,13.0317,28,111.61,118,,,insufficient,0.05462569688458449,1,1,none,0
C4jXKfGDeWE,UCBRpqrzuuqE8TZcWw75JSdw,time,5,5.9581,29,29291.06,24129,,,insufficient,,2,2,none,0
C4jXKfGDeWE,UCBRpqrzuuqE8TZcWw75JSdw,time,7,6.9581,29,26864.67,24129,,,insufficient,0.22876736852286864,2,2,none,0
C4jXKfGDeWE,UCBRpqrzuuqE8TZcWw75JSdw,time,14,13.9581,29,24295.75,24129,,,insufficient,0.11423002596749547,2,2,none,0
UBHsjUYB_Ik,UC3lJL1pUvQ2Ih2qZ-4ozrLw,time,5,6.9786,27,567.94,536,,,insufficient,,2,2,none,0
UBHsjUYB_Ik,UC3lJL1pUvQ2Ih2qZ-4ozrLw,time,7,6.9786,27,567.94,536,,,insufficient,,2,2,none,0
UBHsjUYB_Ik,UC3lJL1pUvQ2Ih2qZ-4ozrLw,time,14,14.9786,27,499.16,536,3290.1654805321355,0.1517139427021958,confirmed,0.09870531998921535,12,12,none,0
dMl8COIdEcc,UC4wKN1tlnlNVMiRPOu7qyvQ,time,0.5,0.5828,27,2539.83,1550,2230.772919005604,1.1385415492067297,early,,14,14,none,0
dMl8COIdEcc,UC4wKN1tlnlNVMiRPOu7qyvQ,time,1,0.5828,27,2539.83,1550,2230.772919005604,1.1385415492067297,early,,14,14,none,0
dMl8COIdEcc,UC4wKN1tlnlNVMiRPOu7qyvQ,time,2,1.5828,27,1848.68,1550,2252.049211563992,0.8208894711295708,early,0.6384164221885154,15,15,none,0
dMl8COIdEcc,UC4wKN1tlnlNVMiRPOu7qyvQ,time,3,2.5828,27,1606.25,1550,2332.2735752934777,0.6887052598721941,early,0.4688722308875025,15,15,none,0
dMl8COIdEcc,UC4wKN1tlnlNVMiRPOu7qyvQ,time,5,4.5828,27,1812.60,1550,2364.714933388325,0.7665189271450252,likely,0.40869481265363317,15,15,none,0
dMl8COIdEcc,UC4wKN1tlnlNVMiRPOu7qyvQ,time,7,6.5828,27,1734.39,1550,2356.6235437213263,0.735962056919496,likely,0.3564930579815311,15,15,none,0
dMl8COIdEcc,UC4wKN1tlnlNVMiRPOu7qyvQ,time,14,12.5828,27,1651.32,1550,2298.4929220314457,0.7184369324538069,confirmed,0.2951946154526008,15,15,none,0
q-r3HWRY4AU,UCV_zy48AlwwGpdJEka1ay7w,time,1,0.8751,29,156480.32,218729,76603.99999999994,2.0427173773796126,early,,15,11,none,0
q-r3HWRY4AU,UCV_zy48AlwwGpdJEka1ay7w,time,2,1.8751,29,199242.18,218729,76603.99999999994,2.6009370150968323,early,0.9588463282836301,15,11,none,0
q-r3HWRY4AU,UCV_zy48AlwwGpdJEka1ay7w,time,3,2.8751,29,189877.02,218729,76603.99999999994,2.4786828569612194,early,0.6954325598023908,15,10,none,0
q-r3HWRY4AU,UCV_zy48AlwwGpdJEka1ay7w,time,5,4.8751,29,202901.42,218729,76603.99999999994,2.648705335174432,likely,0.6141084880925852,15,10,none,0
q-r3HWRY4AU,UCV_zy48AlwwGpdJEka1ay7w,time,7,6.8751,29,195418.77,218729,76603.99999999994,2.5510256958788227,likely,0.5553157746826534,15,10,none,0
q-r3HWRY4AU,UCV_zy48AlwwGpdJEka1ay7w,time,14,13.8751,29,198793.57,218729,76603.99999999994,2.595080754137128,confirmed,0.46807062969505275,15,9,none,0
FA9ozJB26eA,UCiBwt71hOgx2qnga5OOpRaA,time,14,12.8540,27,3088.14,3130,3660.6161465565247,0.8436112169286631,confirmed,0.3375610841940095,15,14,none,0
goalHozbzbc,UCcCzzSbdw5-qmdF_NuTtb2w,heldout,1,1.3744,29,4497.78,4319,5855.3705797116545,0.7681454235192988,early,,15,11,none,0
goalHozbzbc,UCcCzzSbdw5-qmdF_NuTtb2w,heldout,2,1.3744,29,4497.78,4319,5855.3705797116545,0.7681454235192988,early,,15,11,none,0
goalHozbzbc,UCcCzzSbdw5-qmdF_NuTtb2w,heldout,3,3.3744,29,4710.39,4319,5868.316113707637,0.802680963373935,likely,0.5532952741025294,15,10,none,0
goalHozbzbc,UCcCzzSbdw5-qmdF_NuTtb2w,heldout,5,5.3744,29,4470.80,4319,5871.2613743162,0.7614717687700605,likely,0.5352867069035613,15,9,none,0
goalHozbzbc,UCcCzzSbdw5-qmdF_NuTtb2w,heldout,7,7.3744,29,4699.09,4319,5886.872689048772,0.7982312083328398,confirmed,0.4792781941330749,15,9,none,0
goalHozbzbc,UCcCzzSbdw5-qmdF_NuTtb2w,heldout,14,14.3744,29,4537.32,4319,5869.412532299403,0.7730443355024637,confirmed,0.3922414180225839,15,7,none,0
LzZOssOIV8w,UCiLSEwYKrRPY-wC758azVqA,time,7,8.9995,27,4315.56,4869,4126.390315048085,1.0458440519511838,confirmed,,15,14,none,0
LzZOssOIV8w,UCiLSEwYKrRPY-wC758azVqA,time,14,14.9995,27,4388.60,4869,4188.1567299548815,1.047859226479182,confirmed,0.2859569952505778,15,14,none,0
QUIFZaKIB4M,UC1jY1bsRgYKlQ08IVIzwhVw,heldout,7,8.0196,31,34363.30,33699,,,insufficient,,0,0,none,0
QUIFZaKIB4M,UC1jY1bsRgYKlQ08IVIzwhVw,heldout,14,14.0196,31,34658.73,33699,,,insufficient,0.24744261614307245,0,0,none,0
1SOp7omsRG8,UCiMwMz3RMbW5mbx0iDcRQ2g,time,14,13.7426,28,1100.64,1107,2027.1709277513653,0.5429443825672924,confirmed,0.09729439419790077,15,12,none,0
gt3EQcfzroE,UCLVGBWZrAniy5r767EXaR8A,time,1,0.8190,29,1127.05,972,700.0709341518067,1.6099136624828725,early,,15,10,none,0
gt3EQcfzroE,UCLVGBWZrAniy5r767EXaR8A,time,2,1.8190,29,1367.49,972,692.2561704188769,1.9754169336268201,early,0.8825904210221929,15,10,none,0
gt3EQcfzroE,UCLVGBWZrAniy5r767EXaR8A,time,3,2.8190,29,1350.40,972,684.4818876567747,1.9728860351629445,early,0.6297731412173835,15,8,none,0
gt3EQcfzroE,UCLVGBWZrAniy5r767EXaR8A,time,5,4.8190,29,1060.93,972,666.4094990319666,1.592015942045458,likely,0.43829179630589454,15,6,none,0
gt3EQcfzroE,UCLVGBWZrAniy5r767EXaR8A,time,7,6.8190,29,1131.73,972,652.8426835111368,1.733538276128789,likely,0.37136992494439,15,4,none,0
gt3EQcfzroE,UCLVGBWZrAniy5r767EXaR8A,time,14,13.8190,29,966.29,972,626.5087217872583,1.542335853329074,confirmed,0.2872043172204474,15,2,none,0
a5V6gIeoYs8,UCZlAwnm7YLWxQtdDZiSWaJA,time,3,3.8750,29,1734.56,62526,,,insufficient,,0,0,none,0
a5V6gIeoYs8,UCZlAwnm7YLWxQtdDZiSWaJA,time,5,4.8750,29,1489.75,62526,28764.08675603102,0.05179195848393886,likely,0.29544059776052833,13,13,none,0
a5V6gIeoYs8,UCZlAwnm7YLWxQtdDZiSWaJA,time,7,6.8750,29,1522.65,62526,28764.08675603102,0.052935799335899085,likely,0.292921051752339,15,15,none,0
a5V6gIeoYs8,UCZlAwnm7YLWxQtdDZiSWaJA,time,14,14.8750,29,44351.05,62526,28179.50822763572,1.5738758524964322,confirmed,2.9358712476644633,15,15,none,0
8DKli8l_BTk,UCuehmJAqhHdlv1lTIwxTYpQ,time,14,13.6586,27,42359.12,38669,46141.99254648371,0.9180166701005567,confirmed,,15,14,none,0
xRg8IH2F5Xo,UCfkYw-BU8gjwP4yAL2M8Iiw,time,14,13.7906,28,1375.90,1345,290.7932172318974,4.731543640033227,confirmed,,15,15,none,0
2unhG4BAVF4,UCq33AlEZl8QBmxatFEwknew,time,14,13.3085,27,192.24,200,314.81809085962396,0.6106281693031843,confirmed,0.21411176751531963,15,12,none,0
pU48KY8nIes,UCPAt6z5uX_c5Eo_cSNROzYw,time,7,8.7357,28,21581.58,17198,2990.5989647448396,7.2164746717003725,confirmed,,15,15,none,0
pU48KY8nIes,UCPAt6z5uX_c5Eo_cSNROzYw,time,14,13.7357,28,17735.31,17198,2808.0130668411534,6.3159629325795175,confirmed,0.003235779814552223,15,15,none,0
LcLHUrURRGQ,UCnmGIkw-KdI0W5siakKPKog,heldout,1,0.8745,30,3218845.97,2814967,,,insufficient,,1,1,none,0
LcLHUrURRGQ,UCnmGIkw-KdI0W5siakKPKog,heldout,3,3.8745,30,2910142.42,2814967,2949752.119909691,0.9865718561861945,likely,0.4593680265305922,15,15,none,0
LcLHUrURRGQ,UCnmGIkw-KdI0W5siakKPKog,heldout,5,4.8745,30,3018480.96,2814967,2943029.8365050196,1.0256372279003216,likely,0.4261764000410058,15,15,none,0
LcLHUrURRGQ,UCnmGIkw-KdI0W5siakKPKog,heldout,7,5.8745,30,3135970.32,2814967,2934127.926942078,1.0687912718218986,likely,0.4040066438479539,15,15,none,0
LcLHUrURRGQ,UCnmGIkw-KdI0W5siakKPKog,heldout,14,13.8745,30,2918020.68,2814967,2910279.0618049614,1.0026600946707107,confirmed,0.3213159790030061,15,15,none,0
zHW6Tb_NHis,UCQIcXQ2n0sa-7CD0NtqnrrA,time,1,0.7917,28,55784.10,38671,122721.99999999996,0.4545566108863971,early,,15,14,none,0
zHW6Tb_NHis,UCQIcXQ2n0sa-7CD0NtqnrrA,time,2,2.7917,28,39435.03,38671,122721.99999999996,0.3213362342037084,early,0.3960654380131874,15,14,none,0
zHW6Tb_NHis,UCQIcXQ2n0sa-7CD0NtqnrrA,time,3,2.7917,28,39435.03,38671,122721.99999999996,0.3213362342037084,early,0.3960654380131874,15,14,none,0
zHW6Tb_NHis,UCQIcXQ2n0sa-7CD0NtqnrrA,time,5,4.7917,28,38497.62,38671,122721.99999999996,0.31369782266870166,likely,0.3033961151705671,15,13,none,0
zHW6Tb_NHis,UCQIcXQ2n0sa-7CD0NtqnrrA,time,7,6.7917,28,38100.11,38671,122721.99999999996,0.310458692457411,likely,0.278312920476394,15,13,none,0
zHW6Tb_NHis,UCQIcXQ2n0sa-7CD0NtqnrrA,time,14,12.7917,28,37462.56,38671,122721.99999999996,0.30526363418653724,confirmed,0.24027859785050337,15,12,none,0
Skp_PGCiRQ4,UCWqjZ2W4pOOErFealWwBSXA,time,5,4.8720,28,2673.33,2571,2104.438921727123,1.2703295560995187,likely,,15,13,none,0
Skp_PGCiRQ4,UCWqjZ2W4pOOErFealWwBSXA,time,7,6.8720,28,2599.03,2571,2104.438921727123,1.2350212357694446,likely,0.3036407800164732,15,13,none,0
Skp_PGCiRQ4,UCWqjZ2W4pOOErFealWwBSXA,time,14,13.8720,28,2572.93,2571,2077.5564334766364,1.2384414548769467,confirmed,0.20065740532778817,15,9,none,0
WvO5lOVPyJM,UCUpbDOT-OVNBlaQpb9pbd2w,heldout,7,8.4122,30,44135.33,35506,16954.71484709299,2.603130148246136,confirmed,,15,15,none,0
WvO5lOVPyJM,UCUpbDOT-OVNBlaQpb9pbd2w,heldout,14,13.4122,30,36457.57,35506,15676.802534426406,2.3255745321380625,confirmed,0.015285486563271082,15,15,none,0
k5jTp7zm3Xo,UC9_p50tH3WmMslWRWKnM7dQ,heldout,1,1.7484,29,144596.55,134838,194503.99999999997,0.7434117246057959,early,,15,12,none,0
k5jTp7zm3Xo,UC9_p50tH3WmMslWRWKnM7dQ,heldout,2,1.7484,29,144596.55,134838,194503.99999999997,0.7434117246057959,early,,15,12,none,0
k5jTp7zm3Xo,UC9_p50tH3WmMslWRWKnM7dQ,heldout,3,3.7484,29,171954.80,134838,194503.99999999997,0.8840681989386497,likely,0.56750233570719,15,11,none,0
k5jTp7zm3Xo,UC9_p50tH3WmMslWRWKnM7dQ,heldout,5,4.7484,29,152924.35,134838,194503.99999999997,0.7862272536047527,likely,0.4833485362675006,15,11,none,0
k5jTp7zm3Xo,UC9_p50tH3WmMslWRWKnM7dQ,heldout,7,6.7484,29,148074.91,134838,194503.99999999997,0.7612949219804934,likely,0.39741011631464646,15,11,none,0
k5jTp7zm3Xo,UC9_p50tH3WmMslWRWKnM7dQ,heldout,14,13.7484,29,138082.77,134838,194503.99999999997,0.7099225426057939,confirmed,0.2959090794573545,15,10,none,0
XSFzUR8Hh6U,UC4jbIZiyl9OUq4YpzQDOS9w,time,5,4.8955,27,10032.47,9781,,,insufficient,,0,0,none,0
XSFzUR8Hh6U,UC4jbIZiyl9OUq4YpzQDOS9w,time,7,6.8955,27,10691.78,9781,,,insufficient,0.4551093670036319,0,0,none,0
XSFzUR8Hh6U,UC4jbIZiyl9OUq4YpzQDOS9w,time,14,12.8955,27,10409.49,9781,,,insufficient,0.269774246143592,0,0,none,0
2sChlIik85Y,UCkU_KcVKHrxgE4uhbIWaQtg,time,5,5.7500,27,133897.71,147691,54944.63579033329,2.436956930168451,likely,,15,14,none,0
2sChlIik85Y,UCkU_KcVKHrxgE4uhbIWaQtg,time,7,6.7500,27,123398.74,147691,54721.87174364293,2.2550168480277377,likely,0.2572149230222893,15,14,none,0
2sChlIik85Y,UCkU_KcVKHrxgE4uhbIWaQtg,time,14,12.7500,27,119558.25,147691,54473.28742931394,2.194805175323421,confirmed,0.15667412365941008,15,10,none,0
M7FK_G8XTIY,UC7-Z34pbJ0ZAOJRmUCEz0Cg,time,0.5,0.6246,28,69166.31,63066,327083.99999999977,0.21146344117103946,early,,15,11,none,0
M7FK_G8XTIY,UC7-Z34pbJ0ZAOJRmUCEz0Cg,time,1,0.6246,28,69166.31,63066,327083.99999999977,0.21146344117103946,early,,15,11,none,0
M7FK_G8XTIY,UC7-Z34pbJ0ZAOJRmUCEz0Cg,time,2,1.6246,28,86562.32,63066,327083.99999999977,0.26464859225536497,early,1.0351444718352298,15,11,none,0
M7FK_G8XTIY,UC7-Z34pbJ0ZAOJRmUCEz0Cg,time,3,2.6246,28,88134.25,63066,327083.99999999977,0.2694544776039608,early,0.8195226852983379,15,10,none,0
M7FK_G8XTIY,UC7-Z34pbJ0ZAOJRmUCEz0Cg,time,5,4.6246,28,84996.50,63066,327083.99999999977,0.25986137376557034,likely,0.5940327512506721,15,10,none,0
M7FK_G8XTIY,UC7-Z34pbJ0ZAOJRmUCEz0Cg,time,7,6.6246,28,81652.98,63066,327083.99999999977,0.24963918359414639,likely,0.5031615066999793,15,10,none,0
M7FK_G8XTIY,UC7-Z34pbJ0ZAOJRmUCEz0Cg,time,14,13.6246,28,77507.51,63066,327083.99999999977,0.23696515988725508,confirmed,0.38139014402581817,15,9,none,0
PgV3iLwSVlo,UCGpsgNbzdF7BECCVbB1COHw,time,14,12.9297,27,15384.17,14911,6793.31701313069,2.264603836305857,confirmed,0.0038794518366698956,15,15,none,0
xaG3KqnpqDg,UCXUyg1vYSupswhi0zNeD-5w,time,5,4.8454,28,3561.27,3824,3159.760007372848,1.1270692866737082,likely,,13,13,none,0
xaG3KqnpqDg,UCXUyg1vYSupswhi0zNeD-5w,time,7,6.8454,28,4250.44,3824,3159.760007372848,1.3451790244683515,likely,0.5707803738372246,14,14,none,0
xaG3KqnpqDg,UCXUyg1vYSupswhi0zNeD-5w,time,14,13.8454,28,4160.75,3824,3226.058826646872,1.2897307804971694,confirmed,0.32965478313782703,14,14,none,0
QD72G14JEA4,UCFyP8J94wihApZc4N2BoX6A,heldout,14,13.8328,31,254912.51,289126,9082.364289853056,28.066756392230353,confirmed,0.15200991351407767,15,15,none,0
gZQWDgUNQY8,UCMmfUj8CcXeqpqWkund3ELg,time,7,7.8741,29,60640.74,70775,45985.00000000003,1.3187070506075873,confirmed,,15,13,none,0
gZQWDgUNQY8,UCMmfUj8CcXeqpqWkund3ELg,time,14,13.8741,29,67066.20,70775,45985.00000000003,1.458436446667391,confirmed,0.3399940883343464,15,10,none,0
aZklQpFa2kE,UC2D2CMWXMOVWx7giW1n3LIg,time,5,5.0000,28,49419.91,53490,,,insufficient,,1,1,none,0
aZklQpFa2kE,UC2D2CMWXMOVWx7giW1n3LIg,time,7,7.0000,28,57254.76,53490,,,insufficient,0.48044159710689055,1,1,none,0
aZklQpFa2kE,UC2D2CMWXMOVWx7giW1n3LIg,time,14,13.0000,28,53262.14,53490,,,insufficient,0.3178070503429221,1,1,none,0
5xbH27shJQM,UCKmkpoEqg1sOMGEiIysP8Tw,time,3,3.9583,28,81181.79,54870,63161.37836184776,1.2853074615030562,likely,,15,15,none,0
5xbH27shJQM,UCKmkpoEqg1sOMGEiIysP8Tw,time,5,4.9583,28,58533.28,54870,62669.60938178687,0.9339978950880743,likely,0.013059870388824137,15,15,none,0
5xbH27shJQM,UCKmkpoEqg1sOMGEiIysP8Tw,time,7,6.9583,28,56714.26,54870,63458.37099333843,0.8937238814906353,likely,0.01558661855957573,15,15,none,0
5xbH27shJQM,UCKmkpoEqg1sOMGEiIysP8Tw,time,14,15.9583,28,53776.39,54870,59475.30656926311,0.904180164036145,confirmed,0.013123633616731427,15,13,none,0
iulluNrzRGk,UC675NhQ4EU5TzwCMwYp5XCw,heldout,5,6.8326,29,12271.71,10388,,,insufficient,,0,0,none,0
iulluNrzRGk,UC675NhQ4EU5TzwCMwYp5XCw,time,5,6.8326,29,12271.71,10388,,,insufficient,,0,0,none,0
iulluNrzRGk,UC675NhQ4EU5TzwCMwYp5XCw,heldout,7,6.8326,29,12271.71,10388,,,insufficient,,0,0,none,0
iulluNrzRGk,UC675NhQ4EU5TzwCMwYp5XCw,time,7,6.8326,29,12271.71,10388,,,insufficient,,0,0,none,0
iulluNrzRGk,UC675NhQ4EU5TzwCMwYp5XCw,heldout,14,13.8326,29,10600.26,10388,,,insufficient,0.08019359732440534,0,0,none,0
iulluNrzRGk,UC675NhQ4EU5TzwCMwYp5XCw,time,14,13.8326,29,10600.26,10388,,,insufficient,0.08019359732440534,0,0,none,0
-m33dn_3sNQ,UCQHX6ViZmPsWiYSFAyS0a3Q,time,0.5,0.6812,27,649906.32,552139,385761.20769115665,1.68473735287079,early,,14,14,none,0
-m33dn_3sNQ,UCQHX6ViZmPsWiYSFAyS0a3Q,time,1,0.6812,27,649906.32,552139,385761.20769115665,1.68473735287079,early,,14,14,none,0
-m33dn_3sNQ,UCQHX6ViZmPsWiYSFAyS0a3Q,time,2,1.6812,27,560638.78,552139,430589.7280206231,1.3020254287220385,early,0.6105967326530748,15,15,none,0
-m33dn_3sNQ,UCQHX6ViZmPsWiYSFAyS0a3Q,time,3,2.6812,27,582099.47,552139,427142.6280267748,1.3627754168425639,early,0.4863519552939565,15,15,none,0
-m33dn_3sNQ,UCQHX6ViZmPsWiYSFAyS0a3Q,time,5,4.6812,27,544189.50,552139,424063.8040323842,1.2832727012554337,likely,0.39212590562621313,15,15,none,0
-m33dn_3sNQ,UCQHX6ViZmPsWiYSFAyS0a3Q,time,7,6.6812,27,553196.66,552139,412891.20541062043,1.3398121628931934,likely,0.3826539995426525,15,15,none,0
-m33dn_3sNQ,UCQHX6ViZmPsWiYSFAyS0a3Q,time,14,13.6812,27,499474.30,552139,382812.1189983021,1.3047504889838957,confirmed,0.3118765377811666,15,11,none,0
kLThO45wVzQ,UCBkJ5fBcFWc_gsyxOAj_qnA,time,14,14.3287,29,48.57,47,53.96449281454304,0.9000898490358722,confirmed,0,15,13,none,0
OjN2Ab_EqCQ,UCLFgO1aEI66fh06p6u6-juw,heldout,5,5.7913,30,8048.55,8866,14232.469318913878,0.5655061058391421,likely,,15,15,none,0
OjN2Ab_EqCQ,UCLFgO1aEI66fh06p6u6-juw,heldout,7,5.7913,30,8048.55,8866,14232.469318913878,0.5655061058391421,likely,,15,15,none,0
OjN2Ab_EqCQ,UCLFgO1aEI66fh06p6u6-juw,heldout,14,12.7913,30,7897.24,8866,14656.904936474186,0.5388066963548382,confirmed,0.24763932827387808,15,15,none,0
qHfWSj4ix3E,UCdjEFkZWl9eBgV8azx1A_hg,heldout,5,4.8300,27,348.10,333,610.4634491102609,0.5702292804212407,likely,,3,3,none,0
qHfWSj4ix3E,UCdjEFkZWl9eBgV8azx1A_hg,time,5,4.8300,27,348.10,333,610.4634491102609,0.5702292804212407,likely,,3,3,none,0
qHfWSj4ix3E,UCdjEFkZWl9eBgV8azx1A_hg,heldout,7,6.8300,27,300.17,333,598.5219719288006,0.5015163242186711,likely,0.2179887157503787,3,3,none,0
qHfWSj4ix3E,UCdjEFkZWl9eBgV8azx1A_hg,time,7,6.8300,27,300.17,333,598.5219719288006,0.5015163242186711,likely,0.2179887157503787,3,3,none,0
qHfWSj4ix3E,UCdjEFkZWl9eBgV8azx1A_hg,heldout,14,12.8300,27,326.91,333,590.3177559444905,0.5537884566256168,confirmed,0.187461614395613,3,3,none,0
qHfWSj4ix3E,UCdjEFkZWl9eBgV8azx1A_hg,time,14,12.8300,27,326.91,333,590.3177559444905,0.5537884566256168,confirmed,0.187461614395613,3,3,none,0
F2wvE-mrT6M,UC5alq-VmYnfQZt7YaNgdcGw,time,5,4.9687,28,2909.93,4072,,,insufficient,,1,1,none,0
F2wvE-mrT6M,UC5alq-VmYnfQZt7YaNgdcGw,time,7,6.9687,28,2780.44,4072,,,insufficient,0.24799524660060526,1,1,none,0
F2wvE-mrT6M,UC5alq-VmYnfQZt7YaNgdcGw,time,14,12.9687,28,3047.39,4072,,,insufficient,0.28291737439255454,1,1,none,0
r2eMRo8RwUY,UCDFwzav9y6jSFwZDr5EPHuA,heldout,14,14.9791,31,543733.94,555839,399418.4259711561,1.3613141145946608,confirmed,0.2227513718146585,15,14,none,0
FAouX9NYR9s,UCNq_6MwbXuGnrHqQVkRJIYQ,time,1,0.8270,29,3356.22,4792,3028.27595008996,1.1082926787309544,early,,14,11,none,0
FAouX9NYR9s,UCNq_6MwbXuGnrHqQVkRJIYQ,time,2,1.8270,29,2825.77,4792,3933.6801447628086,0.718352926066952,early,0.5972351798836739,15,12,none,0
FAouX9NYR9s,UCNq_6MwbXuGnrHqQVkRJIYQ,time,3,2.8270,29,2951.97,4792,3790.896071799903,0.778700258870664,early,0.49095399043197996,15,12,none,0
FAouX9NYR9s,UCNq_6MwbXuGnrHqQVkRJIYQ,time,5,4.8270,29,3808.39,4792,3790.544675841373,1.0047077690670985,likely,0.579295108259293,15,12,none,0
FAouX9NYR9s,UCNq_6MwbXuGnrHqQVkRJIYQ,time,7,6.8270,29,5407.70,4792,3674.874932570437,1.4715340549086933,likely,0.6679228387490966,15,12,none,0
FAouX9NYR9s,UCNq_6MwbXuGnrHqQVkRJIYQ,time,14,12.8270,29,5082.70,4792,3762.5305159619716,1.35087294928492,confirmed,0.5939652506985635,15,11,none,0
UIjuml-y59I,UCAub01nC6godaiC7iI9kasw,heldout,0.5,0.6664,28,25580.82,20060,10313.736233686133,2.4802668033079467,early,,15,13,none,0
UIjuml-y59I,UCAub01nC6godaiC7iI9kasw,time,0.5,0.6664,28,25580.82,20060,10313.736233686133,2.4802668033079467,early,,15,13,none,0
UIjuml-y59I,UCAub01nC6godaiC7iI9kasw,heldout,1,0.6664,28,25580.82,20060,10313.736233686133,2.4802668033079467,early,,15,13,none,0
UIjuml-y59I,UCAub01nC6godaiC7iI9kasw,time,1,0.6664,28,25580.82,20060,10313.736233686133,2.4802668033079467,early,,15,13,none,0
UIjuml-y59I,UCAub01nC6godaiC7iI9kasw,heldout,2,2.6664,28,19140.55,20060,10239.230575242098,1.8693349288472545,early,0.44855540114408765,15,12,none,0
UIjuml-y59I,UCAub01nC6godaiC7iI9kasw,time,2,2.6664,28,19140.55,20060,10239.230575242098,1.8693349288472545,early,0.44855540114408765,15,12,none,0
UIjuml-y59I,UCAub01nC6godaiC7iI9kasw,heldout,3,2.6664,28,19140.55,20060,10239.230575242098,1.8693349288472545,early,0.44855540114408765,15,12,none,0
UIjuml-y59I,UCAub01nC6godaiC7iI9kasw,time,3,2.6664,28,19140.55,20060,10239.230575242098,1.8693349288472545,early,0.44855540114408765,15,12,none,0
UIjuml-y59I,UCAub01nC6godaiC7iI9kasw,heldout,5,4.6664,28,19203.06,20060,10213.976451971414,1.8800770682724062,likely,0.35957262681277624,15,12,none,0
UIjuml-y59I,UCAub01nC6godaiC7iI9kasw,time,5,4.6664,28,19203.06,20060,10213.976451971414,1.8800770682724062,likely,0.35957262681277624,15,12,none,0
UIjuml-y59I,UCAub01nC6godaiC7iI9kasw,heldout,7,6.6664,28,23267.19,20060,10200.65780525598,2.2809501178726044,likely,0.336450432066204,15,12,none,0
UIjuml-y59I,UCAub01nC6godaiC7iI9kasw,time,7,6.6664,28,23267.19,20060,10200.65780525598,2.2809501178726044,likely,0.336450432066204,15,12,none,0
UIjuml-y59I,UCAub01nC6godaiC7iI9kasw,heldout,14,12.6664,28,19686.40,20060,10182.646763362545,1.9333279856917807,confirmed,0.28445006888393387,15,11,none,0
UIjuml-y59I,UCAub01nC6godaiC7iI9kasw,time,14,12.6664,28,19686.40,20060,10182.646763362545,1.9333279856917807,confirmed,0.28445006888393387,15,11,none,0
27foEj8ujSI,UCuwpzP90g1LuGk6JUNms_AQ,time,14,13.9582,28,14784.53,24204,6397.559178575722,2.3109636544133165,confirmed,1.3568194510159461,15,12,none,0
b7q6_A4CnR0,UCAHNAm34YmE_4k6iq9Ig0vg,time,5,5.6244,28,31353.85,31910,,,insufficient,,0,0,none,0
b7q6_A4CnR0,UCAHNAm34YmE_4k6iq9Ig0vg,time,7,6.6244,28,29010.17,31910,,,insufficient,0.2809451999146414,0,0,none,0
b7q6_A4CnR0,UCAHNAm34YmE_4k6iq9Ig0vg,time,14,13.6244,28,32208.06,31910,,,insufficient,0.2794248110964557,0,0,none,0
xf59x78d1mU,UCWzNlC-0FQVelSKLlUoj71g,time,14,13.9569,30,5117.77,4874,2443.0936463323605,2.094792579434353,confirmed,,11,11,none,0
48TlRDENkfc,UC4XsiyKOEWxdW0jpNyKsNEw,heldout,14,11.3080,32,55.44,83,133.3110221267753,0.4158333212558608,confirmed,,11,11,none,0
00J0Hso1lUg,UCsLt8oYvDYGpSHcGhRBBkyw,heldout,14,14.2854,28,16155.97,13366,2614.3743983549607,6.179670991379898,confirmed,0.802191777219168,15,15,none,0
9na5zfZZK9s,UCLo67YCh8z836Mgl8-3-Zfw,time,14,14.1306,29,330.39,333,113.3666606989432,2.914380488102208,confirmed,,15,15,none,0
h2apnrnZp3s,UC5_SBQbLA9Kg7Jh5GpXoP3g,time,1,0.8324,28,29.32,123,728.7309156981032,0.04023923099931831,early,,4,3,none,0
h2apnrnZp3s,UC5_SBQbLA9Kg7Jh5GpXoP3g,time,2,2.8324,28,49.21,123,332.6966292298663,0.14792355144741848,early,0.9996338163514447,15,13,none,0
h2apnrnZp3s,UC5_SBQbLA9Kg7Jh5GpXoP3g,time,3,2.8324,28,49.21,123,332.6966292298663,0.14792355144741848,early,0.9996338163514447,15,13,none,0
h2apnrnZp3s,UC5_SBQbLA9Kg7Jh5GpXoP3g,time,5,4.8324,28,40.17,123,298.09743574705317,0.13475334803365688,likely,0.7429568188729567,15,12,none,0
h2apnrnZp3s,UC5_SBQbLA9Kg7Jh5GpXoP3g,time,7,6.8324,28,71.52,123,301.3665119195809,0.2373109427192638,likely,0.9543216468287559,15,12,none,0
h2apnrnZp3s,UC5_SBQbLA9Kg7Jh5GpXoP3g,time,14,13.8324,28,105.50,123,270.0100271456947,0.39073539292096215,confirmed,0.8984197624994906,15,12,none,0
7suxIkUAbMQ,UCAGgFGwq4HZKLZ4gXo9xLiw,time,5,6.8292,29,9411.88,7816,2254.7200317428533,4.174299463491485,likely,,3,3,none,0
7suxIkUAbMQ,UCAGgFGwq4HZKLZ4gXo9xLiw,time,7,6.8292,29,9411.88,7816,2254.7200317428533,4.174299463491485,likely,,3,3,none,0
7suxIkUAbMQ,UCAGgFGwq4HZKLZ4gXo9xLiw,time,14,13.8292,29,7933.92,7816,2069.224073918644,3.8342473295925643,confirmed,0.04195551546858062,3,3,none,0
UvMrFjQ9AAM,UCUpbDOT-OVNBlaQpb9pbd2w,time,5,5.3709,29,32506.94,24229,30401.318357985598,1.0692609652169207,likely,,15,15,none,0
UvMrFjQ9AAM,UCUpbDOT-OVNBlaQpb9pbd2w,time,7,7.3709,29,26413.73,24229,28576.64289829278,0.9243119297191166,confirmed,0.017882398535590555,15,15,none,0
UvMrFjQ9AAM,UCUpbDOT-OVNBlaQpb9pbd2w,time,14,14.3709,29,24968.53,24229,25485.688205370116,0.9797080352086204,confirmed,0.012000146875587364,15,15,none,0
EKBqqNFkIz8,UCuTaETsuCOkJ0H_GAztWt0Q,time,14,13.8652,29,130182.59,135946,154295.3237398941,0.8437234659890162,confirmed,0.10253310401900291,15,12,none,0
C9Pp7Y7Ixm8,UCxmSA11SbI_3yBcHu6pKi_Q,time,7,8.7919,27,6139.00,5714,18727.61775273029,0.3278047296653803,confirmed,,10,9,none,0
C9Pp7Y7Ixm8,UCxmSA11SbI_3yBcHu6pKi_Q,time,14,12.7919,27,5936.92,5714,20527.157223036014,0.28922286155685706,confirmed,0.24568259557692945,15,12,none,0
q8g75De09eM,UC7F-suscQATns3qRYHpyijw,time,5,4.7907,27,53453.02,127435,,,insufficient,,0,0,none,0
q8g75De09eM,UC7F-suscQATns3qRYHpyijw,time,7,6.7907,27,62952.65,127435,,,insufficient,0.5212314895548573,0,0,none,0
q8g75De09eM,UC7F-suscQATns3qRYHpyijw,time,14,15.7907,27,95097.12,127435,,,insufficient,0.6080272467958165,0,0,none,0
vUcrW80cgHo,UCGpsgNbzdF7BECCVbB1COHw,time,14,14.0083,29,1282.53,1246,6793.31701313069,0.1887930512465114,confirmed,0.0104157750174699,15,15,none,0
c_TD7otfvIY,UCtW1WA-bJ4s6l-ZCCT35QBg,time,1,0.8024,27,2508.50,986,7213.026553660383,0.3477733302797056,early,,14,9,none,0
c_TD7otfvIY,UCtW1WA-bJ4s6l-ZCCT35QBg,time,2,1.8024,27,1366.30,986,7217.288776820854,0.18930951991752737,early,0.004810454255521696,14,9,none,0
c_TD7otfvIY,UCtW1WA-bJ4s6l-ZCCT35QBg,time,3,2.8024,27,1209.52,986,5536.639764986266,0.21845792015236862,early,0.014160306857907144,15,9,none,0
c_TD7otfvIY,UCtW1WA-bJ4s6l-ZCCT35QBg,time,5,4.8024,27,1200.09,986,5539.980488207621,0.21662376472478634,likely,0.010838362536278668,15,9,none,0
c_TD7otfvIY,UCtW1WA-bJ4s6l-ZCCT35QBg,time,7,7.8024,27,1062.32,986,5581.177771373991,0.1903391084753763,confirmed,0.012604824082297773,15,8,none,0
c_TD7otfvIY,UCtW1WA-bJ4s6l-ZCCT35QBg,time,14,12.8024,27,980.87,986,5640.79738186483,0.17388867356757906,confirmed,0.013388486117550369,15,8,none,0
PklOUF5ftZE,UCl-Zrl0QhF66lu1aGXaTbfw,time,1,0.9994,28,7164.73,6709,40854.381726516745,0.17537229524322354,early,,9,7,none,0
PklOUF5ftZE,UCl-Zrl0QhF66lu1aGXaTbfw,time,2,1.9994,28,8122.39,6709,40680.95541385517,0.19966070061705482,early,0.7241848228482803,9,7,none,0
PklOUF5ftZE,UCl-Zrl0QhF66lu1aGXaTbfw,time,3,2.9994,28,7117.35,6709,40374.0094886905,0.1762854561250916,early,0.5492584699932088,9,5,none,0
PklOUF5ftZE,UCl-Zrl0QhF66lu1aGXaTbfw,time,5,4.9994,28,6641.12,6709,39656.702885230254,0.16746521116955915,likely,0.4324603470878765,9,5,none,0
PklOUF5ftZE,UCl-Zrl0QhF66lu1aGXaTbfw,time,7,6.9994,28,6766.26,6709,39815.53973177404,0.1699401896170919,likely,0.41926920304633436,9,5,none,0
PklOUF5ftZE,UCl-Zrl0QhF66lu1aGXaTbfw,time,14,13.9994,28,8127.72,6709,39629.265789101184,0.2050938005262806,confirmed,0.3576726674671648,9,4,none,0
YDmXlsE8E5Y,UC3lJL1pUvQ2Ih2qZ-4ozrLw,time,5,6.9786,27,79.33,115,376.78590319449927,0.2105566853763808,likely,,3,3,none,0
YDmXlsE8E5Y,UC3lJL1pUvQ2Ih2qZ-4ozrLw,time,7,6.9786,27,79.33,115,376.78590319449927,0.2105566853763808,likely,,3,3,none,0
YDmXlsE8E5Y,UC3lJL1pUvQ2Ih2qZ-4ozrLw,time,14,14.9786,27,83.97,115,3290.1654805321355,0.025520155840832632,confirmed,0.25105308630068474,12,12,none,0
a4I9uRjMvjk,UC6jZvmJ7QJ_LAH-DpMpLf2Q,time,14,13.7083,28,3696.42,3466,2367,1.5616463068302695,confirmed,,15,11,none,0
QmiqqkebDWc,UCglNXzBo6bmKc9otKf-OuGQ,time,14,13.5829,29,2136.17,2136,9063.847523261667,0.23568068473337817,confirmed,0.047753407772770255,15,15,none,0
8MoN2775TUA,UC0yHbz4OxdQFwmVX2BBQqLg,time,14,13.8332,27,12784.46,11687,28796.72016181665,0.44395534288088606,confirmed,,15,13,none,0
umeNwM4IfCQ,UClZT1TPdg5Hrx2HPmkALofw,time,14,14.9692,27,780.89,807,763.7152770971636,1.022493749686342,confirmed,0.16419852439380495,15,11,none,0
cHh37cWjqLA,UC1jY1bsRgYKlQ08IVIzwhVw,time,5,5.0662,27,424.25,371,,,insufficient,,1,1,none,0
cHh37cWjqLA,UC1jY1bsRgYKlQ08IVIzwhVw,time,7,7.0662,27,358.44,371,,,insufficient,0.15404150454293847,1,1,none,0
cHh37cWjqLA,UC1jY1bsRgYKlQ08IVIzwhVw,time,14,13.0662,27,380.13,371,,,insufficient,0.1366516943388021,1,1,none,0
uLZVd6VvUD0,UCxEQsjgRRfGWiJJu_PDygxw,time,14,13.4576,27,302878.85,294917,228075.17559674528,1.3279781638986767,confirmed,0.012455653003386757,15,13,none,0
ao5GfJe0egI,UCGbg3DjQdcqWwqOLHpYHXIg,time,1,0.8333,27,418519.34,312243,347076.3278583649,1.2058423751110294,early,,15,12,none,0
ao5GfJe0egI,UCGbg3DjQdcqWwqOLHpYHXIg,time,2,1.8333,27,357143.51,312243,347197.69895050477,1.0286459698351311,early,0.6297718240665423,15,12,none,0
ao5GfJe0egI,UCGbg3DjQdcqWwqOLHpYHXIg,time,3,2.8333,27,370611.08,312243,348684.9999999999,1.0628822101373434,early,0.5013137223863006,15,11,none,0
ao5GfJe0egI,UCGbg3DjQdcqWwqOLHpYHXIg,time,5,4.8333,27,354856.71,312243,348684.9999999999,1.0176999558674162,likely,0.42332304789097075,15,11,none,0
ao5GfJe0egI,UCGbg3DjQdcqWwqOLHpYHXIg,time,7,6.8333,27,351221.31,312243,348684.9999999999,1.007273937210451,likely,0.3905258044293536,15,11,none,0
ao5GfJe0egI,UCGbg3DjQdcqWwqOLHpYHXIg,time,14,12.8333,27,329483.61,312243,348684.9999999999,0.9449320002721932,confirmed,0.3115208165894154,15,10,none,0
_98yAEMZPsU,UC_Gz-8R2G8jBs20ro9AL9hA,heldout,7,8.8465,30,379.04,581,442.7482270181648,0.8561163607392014,confirmed,,15,15,none,0
_98yAEMZPsU,UC_Gz-8R2G8jBs20ro9AL9hA,heldout,14,13.8465,30,426.47,581,577.6853866917457,0.7382455814796189,confirmed,0.4694691454868906,15,15,none,0
x-vaVjdk264,UCcilAnkcu67nJwNlgqVKdXw,time,14,12.6153,27,16939.54,17398,9029.55992792634,1.876009231931945,confirmed,0.10655602058171713,15,11,none,0
ew9MdsRSM5k,UCX7dV4OPDSutwMUauSD5AAA,heldout,1,1.8954,29,48329.78,37979,39146.40366304176,1.2345905685874967,early,,14,11,none,0
ew9MdsRSM5k,UCX7dV4OPDSutwMUauSD5AAA,heldout,2,1.8954,29,48329.78,37979,39146.40366304176,1.2345905685874967,early,,14,11,none,0
ew9MdsRSM5k,UCX7dV4OPDSutwMUauSD5AAA,heldout,3,3.8954,29,37034.26,37979,39718.610018511004,0.932415741145946,likely,0.27004304231991794,14,11,none,0
ew9MdsRSM5k,UCX7dV4OPDSutwMUauSD5AAA,heldout,5,4.8954,29,34430.00,37979,39674.10398406705,0.867820515934516,likely,0.2188699675983696,14,9,none,0
ew9MdsRSM5k,UCX7dV4OPDSutwMUauSD5AAA,heldout,7,7.8954,29,36130.18,37979,40306.809982089966,0.8963789637796242,confirmed,0.21415784103556085,14,8,none,0
ew9MdsRSM5k,UCX7dV4OPDSutwMUauSD5AAA,heldout,14,13.8954,29,37940.37,37979,42244.09306356302,0.8981224570373241,confirmed,0.19456982029286904,14,5,none,0
2IAJQ1GPJ2s,UCso1B56GyEtnhn2OPENKXoQ,time,14,14.1651,27,84.26,79,179.05772148984667,0.4705826156906815,confirmed,,12,12,none,0
TW6qwQfY7_k,UC5lBPQsMMJEE5PTJMzf_sug,heldout,5,4.0638,31,2605.34,2689,4997.317262619839,0.5213481025563873,likely,,15,14,none,0
iTc7OQzk5-4,UCSLClJLzdUMRMe0E4SPfc-w,time,0.5,0.5097,29,14716.06,7445,84758.99782805156,0.17362239542931582,early,,15,11,none,0
iTc7OQzk5-4,UCSLClJLzdUMRMe0E4SPfc-w,time,1,0.5097,29,14716.06,7445,84758.99782805156,0.17362239542931582,early,,15,11,none,0
iTc7OQzk5-4,UCSLClJLzdUMRMe0E4SPfc-w,time,2,1.5097,29,10507.58,7445,84028.36975899947,0.12504798095914516,early,0.57727635019195,15,11,none,0
iTc7OQzk5-4,UCSLClJLzdUMRMe0E4SPfc-w,time,3,2.5097,29,8150.03,7445,83493.60745794444,0.09761266727102748,early,0.39389777633155165,15,9,none,0
iTc7OQzk5-4,UCSLClJLzdUMRMe0E4SPfc-w,time,5,4.5097,29,7766.10,7445,82443.32740814383,0.09419924014502393,likely,0.2927545992063861,15,8,none,0
iTc7OQzk5-4,UCSLClJLzdUMRMe0E4SPfc-w,time,7,6.5097,29,8060.13,7445,81189.95700756635,0.09927498019625786,likely,0.25415778801095124,15,8,none,0
iTc7OQzk5-4,UCSLClJLzdUMRMe0E4SPfc-w,time,14,13.5097,29,7449.34,7445,78400.29641523518,0.09501675423835787,confirmed,0.20491003703196475,15,5,none,0
y4qqtqd10EI,UCdRpPAsQbIaVpn_vS2_omPw,heldout,14,14.8737,29,240.59,223,418.9592133487206,0.5742530748324778,confirmed,,15,13,none,0
ZdhSeoqPJ1g,UCAuUUnT6oDeKwE6v1NGQxug,time,5,5.8742,28,16352.74,14189,,,insufficient,,2,2,none,0
ZdhSeoqPJ1g,UCAuUUnT6oDeKwE6v1NGQxug,time,7,6.8742,28,15190.22,14189,,,insufficient,0.3198873546008719,2,2,none,0
ZdhSeoqPJ1g,UCAuUUnT6oDeKwE6v1NGQxug,time,14,12.8742,28,14562.21,14189,,,insufficient,0.15490092335274633,2,2,none,0
9jGCaysNceg,UCIjZGb-JlfZuUzggOcIx_Mg,time,14,15.0152,27,274.90,290,347,0.7922244970713529,confirmed,0.10626401833084437,9,8,none,0
CJDJ4eWvGKg,UCsvqVGtbbyHaMoevxPAq9Fg,time,7,8.8957,28,2595.38,2660,5552.524919769326,0.4674235691347655,confirmed,,15,15,none,0
CJDJ4eWvGKg,UCsvqVGtbbyHaMoevxPAq9Fg,time,14,13.8957,28,2535.76,2660,5480.683016016415,0.4626721111054872,confirmed,0.23078260867888042,15,15,none,0
3YyF2njm2N8,UCnYMOamNKLGVlJgRUbamveA,heldout,14,15.9583,29,18130.09,17639,34158.70978071184,0.5307603973636825,confirmed,0.01570793725803717,15,14,none,0
nf4FKyRwD1s,UCCZLVYAGIoGvaFUrTyyeaXA,time,5,4.9164,27,28537.74,27321,11190.88683297036,2.550087446015202,likely,,7,7,none,0
nf4FKyRwD1s,UCCZLVYAGIoGvaFUrTyyeaXA,time,7,6.9164,27,33486.30,27321,10730.684058005821,3.1206119283014195,likely,0.5184184675707033,7,7,none,0
nf4FKyRwD1s,UCCZLVYAGIoGvaFUrTyyeaXA,time,14,12.9164,27,29025.21,27321,9779.586647720496,2.9679379571675786,confirmed,0.24708804529902667,7,7,none,0
s_VVK_0dQno,UCGpsgNbzdF7BECCVbB1COHw,time,14,13.5525,28,8973.58,8814,6793.31701313069,1.3209428396240601,confirmed,0.025015243293959582,15,15,none,0
PvTK8TOkDAc,UCN9rUqSA8Wu6dutv0H6fBCA,time,14,13.6838,29,21440.32,22342,15177.897132807344,1.412601462189539,confirmed,0.22611068786208946,15,15,none,0
r9GNtMO7fYQ,UCAmsTmQTOPbSfXs6QIDgGXg,time,14,12.6662,27,741.80,749,614.7958966779063,1.2065713065626191,confirmed,0.1308903871539254,15,13,none,0
dvuKqGfX52M,UC_wSuaxwUYsJOBZDWwHIQZg,time,0.5,0.6179,27,35292.25,48122,59218.00000000002,0.5959716872260358,early,,14,8,none,0
dvuKqGfX52M,UC_wSuaxwUYsJOBZDWwHIQZg,time,1,0.6179,27,35292.25,48122,59218.00000000002,0.5959716872260358,early,,14,8,none,0
dvuKqGfX52M,UC_wSuaxwUYsJOBZDWwHIQZg,time,2,1.6179,27,55152.77,48122,58450,0.943588914439885,early,1.0997300332629942,15,9,none,0
dvuKqGfX52M,UC_wSuaxwUYsJOBZDWwHIQZg,time,3,2.6179,27,46998.95,48122,58450,0.8040880947558264,early,0.8720066513822954,15,8,none,0
dvuKqGfX52M,UC_wSuaxwUYsJOBZDWwHIQZg,time,5,4.6179,27,49566.23,48122,58450,0.8480107848159597,likely,0.7110452593320682,15,8,none,0
dvuKqGfX52M,UC_wSuaxwUYsJOBZDWwHIQZg,time,7,6.6179,27,49346.57,48122,58450,0.8442527242035791,likely,0.6450591635567768,15,8,none,0
dvuKqGfX52M,UC_wSuaxwUYsJOBZDWwHIQZg,time,14,12.6179,27,54511.03,48122,58450,0.9326096022217794,confirmed,0.5308266420339941,15,7,none,0
_YeH0nwcoPM,UC6y_DbpezOinlzHv8O092zw,time,14,13.8604,28,82744.07,87150,62155.118925673356,1.3312511521884136,confirmed,0.359361834184744,15,15,none,0
tjWNpax8ndw,UCka3KDW7ykrJd6aCd7TI6fA,time,14,14.9987,27,395.81,483,565.5247335498314,0.6998934887695689,confirmed,,15,14,none,0
UP0URKAlH3Q,UC1CVzH-XVr3E-kTT6D8hhfg,time,1,0.9160,27,62697.16,45540,39813.47981748307,1.5747720711631235,early,,15,8,none,0
UP0URKAlH3Q,UC1CVzH-XVr3E-kTT6D8hhfg,time,2,1.9160,27,110369.56,45540,40038.72300145615,2.756570485851008,early,1.0974849797068134,15,8,none,0
UP0URKAlH3Q,UC1CVzH-XVr3E-kTT6D8hhfg,time,3,2.9160,27,67479.49,45540,40350.47125449786,1.6723345874833961,early,0.7166108647170492,15,8,none,0
UP0URKAlH3Q,UC1CVzH-XVr3E-kTT6D8hhfg,time,5,4.9160,27,50685.94,45540,40336.242030032896,1.2565855627063651,likely,0.48815212584497564,15,8,none,0
UP0URKAlH3Q,UC1CVzH-XVr3E-kTT6D8hhfg,time,7,6.9160,27,50283.91,45540,40802.311987146226,1.2323789600030643,likely,0.4030683058885334,15,7,none,0
UP0URKAlH3Q,UC1CVzH-XVr3E-kTT6D8hhfg,time,14,15.9160,27,49606.46,45540,41234.99999999997,1.2030184256060976,confirmed,0.30147454442989685,15,4,none,0
zRCWtTeaPjE,UCXB4UyUjSe-TPiM8IW_i1xg,heldout,1,0.9101,28,31638.20,27302,17845.000000000015,1.7729449661112109,early,,15,11,none,0
zRCWtTeaPjE,UCXB4UyUjSe-TPiM8IW_i1xg,time,1,0.9101,28,31638.20,27302,17845.000000000015,1.7729449661112109,early,,15,11,none,0
zRCWtTeaPjE,UCXB4UyUjSe-TPiM8IW_i1xg,heldout,2,1.9101,28,27382.65,27302,17845.000000000015,1.5344717877615661,early,0.6906635755811942,15,11,none,0
zRCWtTeaPjE,UCXB4UyUjSe-TPiM8IW_i1xg,time,2,1.9101,28,27382.65,27302,17845.000000000015,1.5344717877615661,early,0.6906635755811942,15,11,none,0
zRCWtTeaPjE,UCXB4UyUjSe-TPiM8IW_i1xg,heldout,3,2.9101,28,29874.75,27302,17845.000000000015,1.6741245856074551,early,0.568230517078459,15,11,none,0
zRCWtTeaPjE,UCXB4UyUjSe-TPiM8IW_i1xg,time,3,2.9101,28,29874.75,27302,17845.000000000015,1.6741245856074551,early,0.568230517078459,15,11,none,0
zRCWtTeaPjE,UCXB4UyUjSe-TPiM8IW_i1xg,heldout,5,4.9101,28,29940.42,27302,17845.000000000015,1.6778044472794031,likely,0.43906080359233696,15,11,none,0
zRCWtTeaPjE,UCXB4UyUjSe-TPiM8IW_i1xg,time,5,4.9101,28,29940.42,27302,17845.000000000015,1.6778044472794031,likely,0.43906080359233696,15,11,none,0
zRCWtTeaPjE,UCXB4UyUjSe-TPiM8IW_i1xg,heldout,7,6.9101,28,27513.44,27302,17845.000000000015,1.5418007854579825,likely,0.39878326802100156,15,10,none,0
zRCWtTeaPjE,UCXB4UyUjSe-TPiM8IW_i1xg,time,7,6.9101,28,27513.44,27302,17845.000000000015,1.5418007854579825,likely,0.39878326802100156,15,10,none,0
zRCWtTeaPjE,UCXB4UyUjSe-TPiM8IW_i1xg,heldout,14,13.9101,28,27642.75,27302,17845.000000000015,1.5490471383147082,confirmed,0.3215617088661752,15,9,none,0
zRCWtTeaPjE,UCXB4UyUjSe-TPiM8IW_i1xg,time,14,13.9101,28,27642.75,27302,17845.000000000015,1.5490471383147082,confirmed,0.3215617088661752,15,9,none,0
Nz3MAyQ1ZH4,UCbRP3c757lWg9M-U7TyEkXA,time,1,1.4041,28,66793.90,31444,78070.96432588204,0.8555536362774807,early,,15,15,none,0
Nz3MAyQ1ZH4,UCbRP3c757lWg9M-U7TyEkXA,time,2,2.4041,28,41625.11,31444,78182.19001753352,0.5324116153268247,early,0.09451105130802764,15,15,none,0
Nz3MAyQ1ZH4,UCbRP3c757lWg9M-U7TyEkXA,time,3,3.4041,28,36288.00,31444,78477.27723426782,0.4624013635395917,likely,0.07980522243756416,15,15,none,0
Nz3MAyQ1ZH4,UCbRP3c757lWg9M-U7TyEkXA,time,5,5.4041,28,34101.55,31444,78514.37922504621,0.43433513557169273,likely,0.07439552179369138,15,15,none,0
Nz3MAyQ1ZH4,UCbRP3c757lWg9M-U7TyEkXA,time,7,6.4041,28,33404.47,31444,78428.4974077043,0.4259226098815261,likely,0.07892736490202346,15,15,none,0
Nz3MAyQ1ZH4,UCbRP3c757lWg9M-U7TyEkXA,time,14,13.4041,28,31458.10,31444,75623.69952983374,0.4159820807048186,confirmed,0.06027861975615791,15,10,none,0
XzWtkEVq6M8,UCc99RaVe8PKgly2T3QNBWLw,time,5,6.9199,29,57.93,58,,,insufficient,,1,1,none,0
XzWtkEVq6M8,UCc99RaVe8PKgly2T3QNBWLw,time,7,6.9199,29,57.93,58,,,insufficient,,1,1,none,0
XzWtkEVq6M8,UCc99RaVe8PKgly2T3QNBWLw,time,14,13.9199,29,55.39,58,,,insufficient,0.16292600691019613,1,1,none,0
dXPmeqvpCWQ,UCAXUwGU47XVY-0lH9qhUr1Q,heldout,0.5,0.6664,30,90337.93,56676,77057.8984032074,1.172338316999588,early,,14,11,none,0
dXPmeqvpCWQ,UCAXUwGU47XVY-0lH9qhUr1Q,heldout,1,0.6664,30,90337.93,56676,77057.8984032074,1.172338316999588,early,,14,11,none,0
dXPmeqvpCWQ,UCAXUwGU47XVY-0lH9qhUr1Q,heldout,7,7.6664,30,60974.93,56676,77778.13715496557,0.7839598080913855,confirmed,0.24094436905562513,15,11,none,0
dXPmeqvpCWQ,UCAXUwGU47XVY-0lH9qhUr1Q,heldout,14,13.6664,30,57465.77,56676,76794.07296177588,0.7483099454386686,confirmed,0.20486017630982947,15,10,none,0
zAbo8YcIlrQ,UCMPaviJxybo1RTdzvYcU91A,time,14,15.0494,27,2195.83,2248,1621.0000000000002,1.3546172949425068,confirmed,0.709215557667603,15,9,none,0
wUtSgoZ7_w8,UCD4NnnbISbr4dvmmzQxC2bA,time,5,6.8319,29,23677.03,22495,,,insufficient,,0,0,none,0
wUtSgoZ7_w8,UCD4NnnbISbr4dvmmzQxC2bA,time,7,6.8319,29,23677.03,22495,,,insufficient,,0,0,none,0
wUtSgoZ7_w8,UCD4NnnbISbr4dvmmzQxC2bA,time,14,13.8319,29,22716.52,22495,,,insufficient,0.1668583869251947,0,0,none,0
_qIeV6OXqNg,UCPAt6z5uX_c5Eo_cSNROzYw,time,7,8.9991,29,16108.74,13109,10676.51815610507,1.5088009179498816,confirmed,,15,15,none,0
_qIeV6OXqNg,UCPAt6z5uX_c5Eo_cSNROzYw,time,14,13.9991,29,13341.01,13109,10338.768340423856,1.290386771471633,confirmed,0.0224533876964395,15,15,none,0
oUt9u_kEu64,UC5_SBQbLA9Kg7Jh5GpXoP3g,time,1,0.8322,28,106.63,122,728.7309156981032,0.1463244763611575,early,,3,3,none,0
oUt9u_kEu64,UC5_SBQbLA9Kg7Jh5GpXoP3g,time,2,2.8322,28,126.71,122,300.25541880086246,0.4219924525593894,early,0.7965538844396258,15,14,none,0
oUt9u_kEu64,UC5_SBQbLA9Kg7Jh5GpXoP3g,time,3,2.8322,28,126.71,122,300.25541880086246,0.4219924525593894,early,0.7965538844396258,15,14,none,0
oUt9u_kEu64,UC5_SBQbLA9Kg7Jh5GpXoP3g,time,5,4.8322,28,101.08,122,281.61967917438596,0.3589400270693855,likely,0.5195600518473079,15,13,none,0
oUt9u_kEu64,UC5_SBQbLA9Kg7Jh5GpXoP3g,time,7,6.8322,28,115.25,122,268.4443273903095,0.42931674324068314,likely,0.5107257364185278,15,13,none,0
oUt9u_kEu64,UC5_SBQbLA9Kg7Jh5GpXoP3g,time,14,13.8322,28,135.20,122,250.00936126065233,0.5407826040433019,confirmed,0.4381510240756948,15,13,none,0
CBzAfzULudA,UCfWAnFA6cNSwOE3Bpfd42ww,time,7,8.5846,27,2393.90,2261,,,insufficient,,10,9,none,0
CBzAfzULudA,UCfWAnFA6cNSwOE3Bpfd42ww,time,14,12.5846,27,2205.84,2261,,,insufficient,0.18965637302549843,10,9,none,0
zcwbmpmvYVk,UCcvjK35lDPZTlkIrrwxpepg,time,1,0.9518,27,36534.82,63719,63436.193073653856,0.5759302146269397,early,,15,11,none,0
zcwbmpmvYVk,UCcvjK35lDPZTlkIrrwxpepg,time,2,1.9518,27,50557.38,63719,63851.997211332906,0.7917901823260463,early,0.694046791327494,15,10,none,0
zcwbmpmvYVk,UCcvjK35lDPZTlkIrrwxpepg,time,3,2.9518,27,51899.41,63719,63851.997211332906,0.812807991863568,early,0.5857355328960173,15,10,none,0
zcwbmpmvYVk,UCcvjK35lDPZTlkIrrwxpepg,time,5,4.9518,27,57882.37,63719,64116.9485215933,0.902762359116018,likely,0.6628646151432496,15,10,none,0
zcwbmpmvYVk,UCcvjK35lDPZTlkIrrwxpepg,time,7,6.9518,27,76629.15,63719,64116.9485215933,1.1951465737091413,likely,0.6624365288338419,15,10,none,0
zcwbmpmvYVk,UCcvjK35lDPZTlkIrrwxpepg,time,14,14.9518,27,81732.23,63719,64651.7477152664,1.2641921674937338,confirmed,0.6251958188147273,15,9,none,0
z-8dW0G5qJs,UCZG-C5esGZyVfxO2qXa1Zmw,heldout,1,0.9815,31,96500.36,58558,51223.14754925825,1.8839209962071652,early,,15,14,none,0
z-8dW0G5qJs,UCZG-C5esGZyVfxO2qXa1Zmw,heldout,2,2.9815,31,70379.48,58558,46238.89689889661,1.5220838206385454,early,0.32126624475347343,15,12,none,0
z-8dW0G5qJs,UCZG-C5esGZyVfxO2qXa1Zmw,heldout,3,2.9815,31,70379.48,58558,46238.89689889661,1.5220838206385454,early,0.32126624475347343,15,12,none,0
z-8dW0G5qJs,UCZG-C5esGZyVfxO2qXa1Zmw,heldout,5,4.9815,31,70241.12,58558,45555.70286906729,1.5418732791726117,likely,0.27635698331448244,15,12,none,0
z-8dW0G5qJs,UCZG-C5esGZyVfxO2qXa1Zmw,heldout,7,6.9815,31,67825.04,58558,46789.464081535596,1.4495794160401436,likely,0.23960035947712854,15,11,none,0
z-8dW0G5qJs,UCZG-C5esGZyVfxO2qXa1Zmw,heldout,14,13.9815,31,58987.30,58558,47477.00000000003,1.2424395548029563,confirmed,0.1783592835138403,15,8,none,0
eTgsId6Rmes,UCgCsMxVCJs0TSqAIlBxiT7g,heldout,0.5,0.4418,31,5190.08,65185,9128.37858129686,0.5685656607465528,early,,15,14,none,0
eTgsId6Rmes,UCgCsMxVCJs0TSqAIlBxiT7g,heldout,1,0.4418,31,5190.08,65185,9128.37858129686,0.5685656607465528,early,,15,14,none,0
eTgsId6Rmes,UCgCsMxVCJs0TSqAIlBxiT7g,heldout,14,14.4418,31,68769.89,65185,9824.844211896356,6.999591263455682,confirmed,1.4869583905831467,15,14,none,0
-yPZYhydW9g,UCKmkpoEqg1sOMGEiIysP8Tw,time,5,5.8643,29,99924.92,73845,59205.29521134783,1.6877700355676413,likely,,15,15,none,0
-yPZYhydW9g,UCKmkpoEqg1sOMGEiIysP8Tw,time,7,6.8643,29,80844.29,73845,58638.385293221305,1.3786923588653732,likely,0.004101290892917423,15,15,none,0
-yPZYhydW9g,UCKmkpoEqg1sOMGEiIysP8Tw,time,14,13.8643,29,76194.33,73845,60021.91390290716,1.269441899467972,confirmed,0.004237701750607326,15,14,none,0
RPhkTFlwaOk,UCXGR70CkW_pXb8n52LzCCRw,heldout,5,4.0828,30,411845.26,440398,296884.2945655319,1.3872248250705128,likely,,15,12,none,0
RPhkTFlwaOk,UCXGR70CkW_pXb8n52LzCCRw,heldout,14,14.0828,30,437069.72,440398,310113.0000000002,1.4093885839001938,confirmed,0.233384811874524,15,11,none,0
k7gaVsF-sjo,UCYzrlZP_m1cV51q9GGDHCMg,time,0.5,0.4268,29,311.79,125,280.94944789473766,1.1097893293180345,early,,12,12,none,0
k7gaVsF-sjo,UCYzrlZP_m1cV51q9GGDHCMg,time,1,1.4268,29,276.31,125,256.14325891036765,1.0787154498148044,early,0.3399945511943102,14,14,none,0
k7gaVsF-sjo,UCYzrlZP_m1cV51q9GGDHCMg,time,2,2.4268,29,172.42,125,241.02585092797833,0.7153493395984077,early,0.24512399734623574,15,15,none,0
k7gaVsF-sjo,UCYzrlZP_m1cV51q9GGDHCMg,time,3,3.4268,29,150.50,125,231.57508331387305,0.6498764866318969,likely,0.2044110091305405,15,15,none,0
k7gaVsF-sjo,UCYzrlZP_m1cV51q9GGDHCMg,time,5,5.4268,29,140.27,125,218.85739475916176,0.6409406456138825,likely,0.1646708652870389,15,15,none,0
k7gaVsF-sjo,UCYzrlZP_m1cV51q9GGDHCMg,time,7,7.4268,29,135.24,125,210.272981669904,0.6431676071336478,confirmed,0.13954898510146727,15,15,none,0
k7gaVsF-sjo,UCYzrlZP_m1cV51q9GGDHCMg,time,14,13.4268,29,127.12,125,195.38400443922782,0.6505972313024972,confirmed,0.10711912955610538,15,15,none,0
2FNiAUEvla8,UCLO5pk4z1AbAEDpRieuJdzA,time,14,13.9596,29,161542.97,167033,288199.71859548317,0.5605243975733712,confirmed,0.23642429830634426,15,15,none,0
MMLKDSc0fQI,UCFYLFu6j4hxl5vEnpl7hw3w,time,5,6.8663,27,31635.69,48562,,,insufficient,,0,0,none,0
MMLKDSc0fQI,UCFYLFu6j4hxl5vEnpl7hw3w,time,7,6.8663,27,31635.69,48562,,,insufficient,,0,0,none,0
MMLKDSc0fQI,UCFYLFu6j4hxl5vEnpl7hw3w,time,14,13.8663,27,30434.23,48562,,,insufficient,0.17163367852808648,0,0,none,0
jqIWEE0q2UQ,UC4MndkrWaqQF1uZ5-kO3t6Q,time,5,6.7370,28,26.44,98,,,insufficient,,1,1,none,0
jqIWEE0q2UQ,UC4MndkrWaqQF1uZ5-kO3t6Q,time,7,6.7370,28,26.44,98,,,insufficient,,1,1,none,0
jqIWEE0q2UQ,UC4MndkrWaqQF1uZ5-kO3t6Q,time,14,13.7370,28,60.78,98,,,insufficient,1.2829679012714383,1,1,none,0
-6SlSsNIrLE,UC6jZvmJ7QJ_LAH-DpMpLf2Q,heldout,14,13.7083,29,1882.58,1905,2420.3235440671083,0.7778208872548322,confirmed,,15,12,none,0
-6SlSsNIrLE,UC6jZvmJ7QJ_LAH-DpMpLf2Q,time,14,13.7083,29,1882.58,1905,2420.3235440671083,0.7778208872548322,confirmed,,15,12,none,0
Xj9vnLxzueo,UCDnwlb3IQDPJtFysPUJbDFQ,time,5,5.9992,27,46380.80,58756,,,insufficient,,0,0,none,0
Xj9vnLxzueo,UCDnwlb3IQDPJtFysPUJbDFQ,time,7,6.9992,27,45482.26,58756,,,insufficient,0.37235752297831964,0,0,none,0
Xj9vnLxzueo,UCDnwlb3IQDPJtFysPUJbDFQ,time,14,14.9992,27,56676.60,58756,30071.110412897302,1.884752482425517,confirmed,0.4259463126949632,15,14,none,0
gPAkelGm3-8,UCEf_Bc-KVd7onSeifS3py9g,heldout,1,0.8741,27,108290.21,68684,159108.16891347794,0.68060746089193,early,,14,14,none,0
gPAkelGm3-8,UCEf_Bc-KVd7onSeifS3py9g,time,1,0.8741,27,108290.21,68684,159108.16891347794,0.68060746089193,early,,14,14,none,0
gPAkelGm3-8,UCEf_Bc-KVd7onSeifS3py9g,heldout,2,1.8741,27,74980.77,68684,154315.1851149419,0.48589367959782825,early,0.3788341092113952,15,14,none,0
gPAkelGm3-8,UCEf_Bc-KVd7onSeifS3py9g,time,2,1.8741,27,74980.77,68684,154315.1851149419,0.48589367959782825,early,0.3788341092113952,15,14,none,0
gPAkelGm3-8,UCEf_Bc-KVd7onSeifS3py9g,heldout,3,2.8741,27,73574.08,68684,150959.99229188025,0.4873746888815348,early,0.35364327149266,15,14,none,0
gPAkelGm3-8,UCEf_Bc-KVd7onSeifS3py9g,time,3,2.8741,27,73574.08,68684,150959.99229188025,0.4873746888815348,early,0.35364327149266,15,14,none,0
gPAkelGm3-8,UCEf_Bc-KVd7onSeifS3py9g,heldout,5,4.8741,27,82441.34,68684,145408.6813411723,0.5669629538173097,likely,0.3065430967216738,15,14,none,0
gPAkelGm3-8,UCEf_Bc-KVd7onSeifS3py9g,time,5,4.8741,27,82441.34,68684,145408.6813411723,0.5669629538173097,likely,0.3065430967216738,15,14,none,0
gPAkelGm3-8,UCEf_Bc-KVd7onSeifS3py9g,heldout,7,6.8741,27,77536.12,68684,141120.55374606163,0.5494318193642453,likely,0.2604748720376393,15,13,none,0
gPAkelGm3-8,UCEf_Bc-KVd7onSeifS3py9g,time,7,6.8741,27,77536.12,68684,141120.55374606163,0.5494318193642453,likely,0.2604748720376393,15,13,none,0
gPAkelGm3-8,UCEf_Bc-KVd7onSeifS3py9g,heldout,14,12.8741,27,70429.83,68684,133145.70824513602,0.5289680534552308,confirmed,0.19793303014127814,15,10,none,0
gPAkelGm3-8,UCEf_Bc-KVd7onSeifS3py9g,time,14,12.8741,27,70429.83,68684,133145.70824513602,0.5289680534552308,confirmed,0.19793303014127814,15,10,none,0
-vhggYpUPl0,UCS7BAYpqOSaYy-pZp6oO4PA,time,7,7.0126,27,4498.16,3600,14013.189916328207,0.32099448741706843,confirmed,,15,15,none,0
-vhggYpUPl0,UCS7BAYpqOSaYy-pZp6oO4PA,time,14,15.0126,27,3704.97,3600,13127.578749997005,0.28222834784242634,confirmed,0.005246978222034944,15,15,none,0
4OGMeeXQoew,UCUpbDOT-OVNBlaQpb9pbd2w,time,5,4.8821,28,13480.88,10069,31634.24402334358,0.4261482103120664,likely,,15,15,none,0
4OGMeeXQoew,UCUpbDOT-OVNBlaQpb9pbd2w,time,7,6.8821,28,10973.19,10069,29966.097848949154,0.3661869582359931,likely,0.02267055870593109,15,15,none,0
4OGMeeXQoew,UCUpbDOT-OVNBlaQpb9pbd2w,time,14,13.8821,28,10372.90,10069,26685.6361497167,0.38870709654456653,confirmed,0.013283580758654705,15,15,none,0
s0P6_ZLlD0I,UCc8cHxAZ3jwWkrrDyaLwDUw,time,5,5.6040,28,2896.34,2579,,,insufficient,,2,2,none,0
s0P6_ZLlD0I,UCc8cHxAZ3jwWkrrDyaLwDUw,time,7,6.6040,28,2883.88,2579,,,insufficient,0.4608432822004859,2,2,none,0
s0P6_ZLlD0I,UCc8cHxAZ3jwWkrrDyaLwDUw,time,14,13.6040,28,2646.79,2579,,,insufficient,0.16965996934503708,2,2,none,0
k5eG-OUAY_Y,UC5i1U95Udd4RYblltKRV9-A,time,5,4.9989,28,193.09,343,,,insufficient,,0,0,none,0
k5eG-OUAY_Y,UC5i1U95Udd4RYblltKRV9-A,time,7,6.9989,28,229.12,343,,,insufficient,0.5636124622484014,0,0,none,0
k5eG-OUAY_Y,UC5i1U95Udd4RYblltKRV9-A,time,14,15.9989,28,326.72,343,,,insufficient,0.5732997577883058,0,0,none,0
v3AgDM0Oeok,UCS7BAYpqOSaYy-pZp6oO4PA,time,14,13.8945,29,13869.11,13571,13503.057758932586,1.027108908718717,confirmed,0.011457514983478245,15,15,none,0
p5hXu1P_HKU,UCtak3C1t8k3u8CVzVGYvemA,time,7,7.8322,27,28892.98,25851,23390.000000000007,1.23527042610411,confirmed,,15,11,none,0
p5hXu1P_HKU,UCtak3C1t8k3u8CVzVGYvemA,time,14,12.8322,27,26726.34,25851,23390.000000000007,1.1426397969797848,confirmed,0.1560769365423734,15,10,none,0
TTqHFSBJm60,UCnYMOamNKLGVlJgRUbamveA,heldout,0.5,0.6665,31,37515.51,23707,38833.33332442311,0.9660646678947821,early,,10,10,none,0
TTqHFSBJm60,UCnYMOamNKLGVlJgRUbamveA,heldout,1,0.6665,31,37515.51,23707,38833.33332442311,0.9660646678947821,early,,10,10,none,0
TTqHFSBJm60,UCnYMOamNKLGVlJgRUbamveA,heldout,3,3.6665,31,31182.52,23707,34222.20233814361,0.9111780057612057,likely,0.4456169473590545,15,15,none,0
TTqHFSBJm60,UCnYMOamNKLGVlJgRUbamveA,heldout,5,4.6665,31,31620.09,23707,33675.64250018333,0.9389601393706883,likely,0.3955017760108893,15,15,none,0
TTqHFSBJm60,UCnYMOamNKLGVlJgRUbamveA,heldout,7,6.6665,31,27964.03,23707,33176.140567795694,0.842895760727537,likely,0.3253472254758605,15,15,none,0
TTqHFSBJm60,UCnYMOamNKLGVlJgRUbamveA,heldout,14,13.6665,31,26376.37,23707,30720.205466170897,0.8586001703890442,confirmed,0.23693231277482,15,15,none,0
aO3YexGG9Bk,UCfQgsKhHjSyRLOp9mnffqVg,time,1,0.8333,27,441063.84,313345,536660.309833069,0.8218678193464833,early,,15,15,none,0
aO3YexGG9Bk,UCfQgsKhHjSyRLOp9mnffqVg,time,2,1.8333,27,357107.20,313345,537438.3247286815,0.6644617267069429,early,0.5090310283092413,15,15,none,0
aO3YexGG9Bk,UCfQgsKhHjSyRLOp9mnffqVg,time,3,2.8333,27,312241.10,313345,539759.620985555,0.5784817628724339,early,0.4044581492719506,15,15,none,0
aO3YexGG9Bk,UCfQgsKhHjSyRLOp9mnffqVg,time,5,4.8333,27,318468.51,313345,539529.6292190995,0.5902706647717726,likely,0.3466110533244221,15,13,none,0
aO3YexGG9Bk,UCfQgsKhHjSyRLOp9mnffqVg,time,7,6.8333,27,320460.98,313345,540844.191775413,0.5925199696987022,likely,0.33019953703643434,15,11,none,0
aO3YexGG9Bk,UCfQgsKhHjSyRLOp9mnffqVg,time,14,12.8333,27,331864.95,313345,545448.9999999997,0.6084252695288314,confirmed,0.2830671105246832,15,8,none,0
7A6G5yvp804,UCN8fW1T36q7P9KjaHEifPYQ,time,1,0.9919,27,4703.06,1657,1999.3071913481488,2.3523470569789855,early,,15,9,none,0
7A6G5yvp804,UCN8fW1T36q7P9KjaHEifPYQ,time,2,1.9919,27,1570.59,1657,1999.3071913481488,0.7855694720736152,early,0.28584051531189153,15,9,none,0
7A6G5yvp804,UCN8fW1T36q7P9KjaHEifPYQ,time,3,2.9919,27,1345.26,1657,1996.0866969430144,0.6739507952572356,early,0.265988620839189,15,8,none,0
7A6G5yvp804,UCN8fW1T36q7P9KjaHEifPYQ,time,5,4.9919,27,1706.08,1657,1996.0866969430144,0.8547141832412543,likely,0.2816847428715296,15,8,none,0
7A6G5yvp804,UCN8fW1T36q7P9KjaHEifPYQ,time,7,6.9919,27,1550.56,1657,1991.8494320851994,0.778451741745277,likely,0.2790480739665666,15,7,none,0
7A6G5yvp804,UCN8fW1T36q7P9KjaHEifPYQ,time,14,12.9919,27,1634.71,1657,1992.0142553332869,0.8206292867615026,confirmed,0.23441522838039242,15,6,none,0
kbs1XMHabz8,UCSJhfA8s9mLYTfavcV5yoHA,heldout,14,14.1458,27,1896.30,1861,1068.616463462066,1.7745393259953177,confirmed,0.20026268587898374,15,13,none,0
XmcXlQXwGms,UCammHPYWYI4q3WLbx-TP7GA,time,14,15.0242,27,4626.83,4515,5019.8556441611545,0.9217050599846331,confirmed,0.026832942841098363,15,10,none,0
qg1CxJhHCgk,UC7dR3zb454qbmuzTR2_ABhQ,time,5,6.9369,29,158519.73,180068,,,insufficient,,0,0,none,0
qg1CxJhHCgk,UC7dR3zb454qbmuzTR2_ABhQ,time,7,6.9369,29,158519.73,180068,,,insufficient,,0,0,none,0
qg1CxJhHCgk,UC7dR3zb454qbmuzTR2_ABhQ,time,14,13.9369,29,163342.08,180068,,,insufficient,0.23341529697977845,0,0,none,0
IPCFGcc9Vks,UCPAt6z5uX_c5Eo_cSNROzYw,time,7,7.6246,27,768.16,687,4127.327929476381,0.18611612015355491,confirmed,,15,15,none,0
IPCFGcc9Vks,UCPAt6z5uX_c5Eo_cSNROzYw,time,14,12.6246,27,667.62,687,3836.7743582127637,0.17400525515548768,confirmed,0.1254010971821285,15,15,none,0
M0qewX3Rhf0,UC9Lfb5wvuqFXaEiEJtJYAYg,heldout,7,7.9140,31,81199.79,77645,,,insufficient,,11,11,none,0
M0qewX3Rhf0,UC9Lfb5wvuqFXaEiEJtJYAYg,heldout,14,13.9140,31,77445.36,77645,,,insufficient,0.195508786696212,11,10,none,0
8i9V9AedZYc,UCAGgFGwq4HZKLZ4gXo9xLiw,time,5,5.8347,28,3549.03,2756,2254.7200317428533,1.574044835575365,likely,,5,5,none,0
8i9V9AedZYc,UCAGgFGwq4HZKLZ4gXo9xLiw,time,7,6.8347,28,2908.23,2756,2228.4369017627414,1.3050521295609,likely,0.09755331217584992,5,5,none,0
8i9V9AedZYc,UCAGgFGwq4HZKLZ4gXo9xLiw,time,14,13.8347,28,2799.66,2756,2055.334374784707,1.3621427554356837,confirmed,0.04804072499897081,5,5,none,0
eoonc29MGA8,UClIZqOLqUCro7bKztUjYCNA,heldout,5,6.1043,29,2955.54,3289,3303.741868500283,0.8946025138357119,likely,,7,7,none,0
eoonc29MGA8,UClIZqOLqUCro7bKztUjYCNA,heldout,7,6.1043,29,2955.54,3289,3303.741868500283,0.8946025138357119,likely,,7,7,none,0
eoonc29MGA8,UClIZqOLqUCro7bKztUjYCNA,heldout,14,14.1043,29,3232.11,3289,3279.029960756887,0.9856919262548007,confirmed,0.2745400515837956,7,7,none,0
RyMOM9S_gdw,UCix7wE05YbRdOVUPNHy0KTg,heldout,1,1.9162,30,976.36,826,1288.1820147428853,0.7579357544415853,early,,15,14,none,0
RyMOM9S_gdw,UCix7wE05YbRdOVUPNHy0KTg,heldout,2,1.9162,30,976.36,826,1288.1820147428853,0.7579357544415853,early,,15,14,none,0
RyMOM9S_gdw,UCix7wE05YbRdOVUPNHy0KTg,heldout,3,2.9162,30,798.22,826,1288.1820147428853,0.6196509188228682,early,0.2983568775019356,15,14,none,0
RyMOM9S_gdw,UCix7wE05YbRdOVUPNHy0KTg,heldout,5,4.9162,30,708.22,826,1278.519505912143,0.5539341868513447,likely,0.2454884030665956,15,14,none,0
RyMOM9S_gdw,UCix7wE05YbRdOVUPNHy0KTg,heldout,7,6.9162,30,797.00,826,1274.885375203008,0.6251562978727221,likely,0.2333735402422511,15,14,none,0
RyMOM9S_gdw,UCix7wE05YbRdOVUPNHy0KTg,heldout,14,13.9162,30,772.88,826,1277.9999999999998,0.6047545328465708,confirmed,0.20799083669202825,15,12,none,0
5UgGiXN-s9U,UCTJdHk01ygktpSPfVTQRE6Q,heldout,5,5.7178,30,3321.95,3275,6344.9679279905495,0.5235561319805644,likely,,15,14,none,0
5UgGiXN-s9U,UCTJdHk01ygktpSPfVTQRE6Q,heldout,7,6.7178,30,3056.18,3275,6344.9679279905495,0.4816706078625601,likely,0.2436144295710165,15,14,none,0
5UgGiXN-s9U,UCTJdHk01ygktpSPfVTQRE6Q,heldout,14,13.7178,30,3316.08,3275,7061.481550357848,0.4696010136715462,confirmed,0.24561863712213433,15,14,none,0
yKEz3es8ITs,UCE3qIUaYYSQfgZZZlFIenZw,time,14,12.6742,27,14766.80,15570,13602.25133367291,1.085614256620214,confirmed,0.5329464906834828,15,14,none,0
pNAfBk_FIa0,UCxLipCsyGLyiRKRtpRtZHeg,heldout,1,1.8022,29,76.69,50,,,insufficient,,7,7,none,0
pNAfBk_FIa0,UCxLipCsyGLyiRKRtpRtZHeg,heldout,2,1.8022,29,76.69,50,,,insufficient,,7,7,none,0
pNAfBk_FIa0,UCxLipCsyGLyiRKRtpRtZHeg,heldout,3,2.8022,29,50.99,50,,,insufficient,0,8,8,none,0
pNAfBk_FIa0,UCxLipCsyGLyiRKRtpRtZHeg,heldout,5,4.8022,29,46.76,50,,,insufficient,0,8,8,none,0
pNAfBk_FIa0,UCxLipCsyGLyiRKRtpRtZHeg,heldout,7,6.8022,29,46.18,50,,,insufficient,0.02353261749459106,8,8,none,0
pNAfBk_FIa0,UCxLipCsyGLyiRKRtpRtZHeg,heldout,14,13.8022,29,46.51,50,,,insufficient,0.055931059706404766,8,8,none,0
4J9tru21CxU,UC63fON8nPB6FfHOJi_wCZXw,time,5,6.6514,29,3680.88,3369,,,insufficient,,0,0,none,0
4J9tru21CxU,UC63fON8nPB6FfHOJi_wCZXw,time,7,6.6514,29,3680.88,3369,,,insufficient,,0,0,none,0
4J9tru21CxU,UC63fON8nPB6FfHOJi_wCZXw,time,14,13.6514,29,3277.12,3369,,,insufficient,0.1253552500044941,0,0,none,0
IzLM1lYvkAk,UCjgpFI5dU-D1-kh9H1muoxQ,time,1,0.8868,28,1064440.04,1730866,1095282.0078032673,0.9718410742361328,early,,15,14,none,0
IzLM1lYvkAk,UCjgpFI5dU-D1-kh9H1muoxQ,time,2,1.8868,28,1877758.64,1730866,1101336.7785183392,1.7049813240335845,early,1.2850789265217164,15,14,none,0
IzLM1lYvkAk,UCjgpFI5dU-D1-kh9H1muoxQ,time,3,2.8868,28,1960036.99,1730866,1105650.1324759917,1.7727461296353058,early,1.0051299571027645,15,14,none,0
IzLM1lYvkAk,UCjgpFI5dU-D1-kh9H1muoxQ,time,5,4.8868,28,1539012.76,1730866,1114327.3086639543,1.3811137416927224,likely,0.7121024951311627,15,14,none,0
IzLM1lYvkAk,UCjgpFI5dU-D1-kh9H1muoxQ,time,7,6.8868,28,1492741.00,1730866,1117115.3887953018,1.3362460250511343,likely,0.6281673247722022,15,14,none,0
IzLM1lYvkAk,UCjgpFI5dU-D1-kh9H1muoxQ,time,14,13.8868,28,1612830.41,1730866,1162960.9787342448,1.3868310616171349,confirmed,0.5112260220975589,15,14,none,0
AAXWxPfNSzA,UCeHILuUwWmHDQqbocxUvVoA,heldout,14,14.6768,31,4184.25,4008,9130.868865106888,0.4582528040740823,confirmed,,15,13,none,0
CaRsHjDHr5Y,UCtiGeFDbY7iVDODlLKQ5onw,time,14,14.6555,29,211.76,247,362.51140213546626,0.5841535725501145,confirmed,,15,15,none,0
Ofk4yMt9oM8,UC1KoulyXR8gBGyxv7r6pWQg,time,5,4.8853,27,11665.57,11873,,,insufficient,,0,0,none,0
Ofk4yMt9oM8,UC1KoulyXR8gBGyxv7r6pWQg,time,7,6.8853,27,12385.57,11873,20826.412296717346,0.5947048271892167,likely,0.44157890608293493,15,14,none,0
Ofk4yMt9oM8,UC1KoulyXR8gBGyxv7r6pWQg,time,14,12.8853,27,11964.53,11873,20840.999999999996,0.5740861322401853,confirmed,0.25596283157407673,15,9,none,0
EFlH4g1rwDE,UC4vxRjQ0R7vWWKjlpFpt4Tg,time,14,13.5159,27,3130.98,3564,2739.6886470945074,1.14282260783889,confirmed,,15,15,none,0
_w-InFZK32M,UCvt-PjJT5B3B2cqcewYjFBQ,time,14,13.0458,28,549.69,548,450.00000000000006,1.2215430542342598,confirmed,0.29843253569846523,15,11,none,0
fxJJc90d7yg,UCB5Nin2VBUeNLqamqEVh-2A,time,1,0.9687,30,82276.63,75478,47206,1.74292731287466,early,,15,12,none,0
fxJJc90d7yg,UCB5Nin2VBUeNLqamqEVh-2A,time,2,1.9687,30,95135.75,75478,47206,2.015331663118488,early,0.8618720206472141,15,12,none,0
fxJJc90d7yg,UCB5Nin2VBUeNLqamqEVh-2A,time,3,2.9687,30,96747.58,75478,47206,2.049476394559986,early,0.6441561175003803,15,12,none,0
fxJJc90d7yg,UCB5Nin2VBUeNLqamqEVh-2A,time,5,4.9687,30,82734.26,75478,47206,1.7526217653434124,likely,0.5018456582227352,15,11,none,0
fxJJc90d7yg,UCB5Nin2VBUeNLqamqEVh-2A,time,7,6.9687,30,82416.93,75478,47206,1.7458995405698887,likely,0.4579240611591777,15,11,none,0
fxJJc90d7yg,UCB5Nin2VBUeNLqamqEVh-2A,time,14,13.9687,30,79937.35,75478,47206,1.6933726972125056,confirmed,0.35569006875055115,15,9,none,0
Vx_ytwoY3t0,UCeKKrZ5GnBXRwnKlrixiREQ,time,5,4.7612,27,44836.08,35730,,,insufficient,,2,2,none,0
Vx_ytwoY3t0,UCeKKrZ5GnBXRwnKlrixiREQ,time,7,6.7612,27,37551.85,35730,,,insufficient,0.11799478515740436,2,2,none,0
Vx_ytwoY3t0,UCeKKrZ5GnBXRwnKlrixiREQ,time,14,15.7612,27,36465.84,35730,,,insufficient,0.06345875068244211,2,2,none,0
i6r0a1H0UEQ,UCvIBHWtafirbX5GQmjXPIzw,heldout,5,4.8216,29,13221.16,12591,17297.50002482049,0.7643392477491144,likely,,15,11,none,0
i6r0a1H0UEQ,UCvIBHWtafirbX5GQmjXPIzw,heldout,7,7.8216,29,11518.56,12591,17307.70321243278,0.6655161135957569,confirmed,0.17946860543675688,15,11,none,0
i6r0a1H0UEQ,UCvIBHWtafirbX5GQmjXPIzw,heldout,14,13.8216,29,12305.15,12591,17267.86661668873,0.7126037643714755,confirmed,0.19852199007802973,15,10,none,0
V7hZlXGLflQ,UCdR7eGozLjafYMTd2BFnJaQ,heldout,7,7.8744,30,66636.19,80675,43327.50047561834,1.5379651831378967,confirmed,,15,14,none,0
V7hZlXGLflQ,UCdR7eGozLjafYMTd2BFnJaQ,heldout,14,13.8744,30,75470.65,80675,44271.99855105021,1.7047039912723492,confirmed,0.3860531004034279,15,14,none,0
BgM4zMJYfzw,UC7Hi_moNiYG88AgbyiJU9UQ,heldout,5,4.5680,30,5962.64,7049,15025.606653344052,0.39683210150924797,likely,,7,7,none,0
OnwxoND5icQ,UCJ901NqoRaXMnIm7aOjLyuA,heldout,1,0.7747,29,358451.40,501583,397650.49366495246,0.9014232466505087,early,,15,10,none,0
OnwxoND5icQ,UCJ901NqoRaXMnIm7aOjLyuA,time,1,0.7747,29,358451.40,501583,397650.49366495246,0.9014232466505087,early,,15,10,none,0
OnwxoND5icQ,UCJ901NqoRaXMnIm7aOjLyuA,heldout,2,1.7747,29,437901.06,501583,395901.2624742389,1.1060865471836605,early,0.9206583288214908,15,10,none,0
OnwxoND5icQ,UCJ901NqoRaXMnIm7aOjLyuA,time,2,1.7747,29,437901.06,501583,395901.2624742389,1.1060865471836605,early,0.9206583288214908,15,10,none,0
OnwxoND5icQ,UCJ901NqoRaXMnIm7aOjLyuA,heldout,3,2.7747,29,472920.38,501583,395500.92553850875,1.1957503860702203,early,0.6797103494162129,15,10,none,0
OnwxoND5icQ,UCJ901NqoRaXMnIm7aOjLyuA,time,3,2.7747,29,472920.38,501583,395500.92553850875,1.1957503860702203,early,0.6797103494162129,15,10,none,0
OnwxoND5icQ,UCJ901NqoRaXMnIm7aOjLyuA,heldout,5,4.7747,29,401683.92,501583,395881.77653357567,1.0146562408188513,likely,0.5681049003787749,15,9,none,0
OnwxoND5icQ,UCJ901NqoRaXMnIm7aOjLyuA,time,5,4.7747,29,401683.92,501583,395881.77653357567,1.0146562408188513,likely,0.5681049003787749,15,9,none,0
OnwxoND5icQ,UCJ901NqoRaXMnIm7aOjLyuA,heldout,7,6.7747,29,413695.14,501583,395953.9576055396,1.044806173802056,likely,0.5540677127145882,15,9,none,0
OnwxoND5icQ,UCJ901NqoRaXMnIm7aOjLyuA,time,7,6.7747,29,413695.14,501583,395953.9576055396,1.044806173802056,likely,0.5540677127145882,15,9,none,0
OnwxoND5icQ,UCJ901NqoRaXMnIm7aOjLyuA,heldout,14,14.7747,29,531055.52,501583,398903.5651777189,1.331287963972032,confirmed,0.5115566269709539,15,6,none,0
OnwxoND5icQ,UCJ901NqoRaXMnIm7aOjLyuA,time,14,14.7747,29,531055.52,501583,398903.5651777189,1.331287963972032,confirmed,0.5115566269709539,15,6,none,0
-8wBUYMP3Hs,UCUpbDOT-OVNBlaQpb9pbd2w,heldout,5,6.6954,30,56061.99,57247,16954.71484709299,3.3065724454967396,likely,,15,15,none,0
-8wBUYMP3Hs,UCUpbDOT-OVNBlaQpb9pbd2w,heldout,7,6.6954,30,56061.99,57247,16954.71484709299,3.3065724454967396,likely,,15,15,none,0
-8wBUYMP3Hs,UCUpbDOT-OVNBlaQpb9pbd2w,heldout,14,13.6954,30,54373.69,57247,15364.11200696666,3.539006260684151,confirmed,0.1814566450725109,15,15,none,0
KqKvhLW9hAs,UCSJeAFuGa9hxO821P7rylFg,heldout,14,13.9270,29,9788.74,9747,3235.8643863352995,3.025077779249306,confirmed,,15,15,none,0
-EDf2lkat54,UCSsmYEY9if7WUzdkESl3feA,time,14,13.9737,29,3925.10,3997,2752.287104885363,1.4261241381253906,confirmed,0.10322001667010518,15,15,none,0
7KQVpKPZphU,UCpXipTyhIY9kprpvVd-lu0A,time,5,4.9271,28,86679.29,288733,59895.35050254242,1.4471789253856187,likely,,15,15,none,0
7KQVpKPZphU,UCpXipTyhIY9kprpvVd-lu0A,time,7,6.9271,28,156330.91,288733,59369.2867617464,2.6331949942428565,likely,1.4147086845249632,15,15,none,0
7KQVpKPZphU,UCpXipTyhIY9kprpvVd-lu0A,time,14,13.9271,28,205093.99,288733,57048.27688837546,3.5950953354348876,confirmed,1.0095288764922898,15,13,none,0
B3RR7emh-QI,UCm7zU1B8rHqZT8_DVEZaUqA,time,14,13.5614,28,22719.55,20804,50439.21072470015,0.4504342501490763,confirmed,,15,13,none,0
Br_Dz5FZELU,UC70SrI3VkT1MXALRtf0pcHg,heldout,1,0.9236,30,88018.98,55831,75963.5324174934,1.1587004577288884,early,,13,13,none,0
Br_Dz5FZELU,UC70SrI3VkT1MXALRtf0pcHg,heldout,2,1.9236,30,59161.00,55831,69411.94618217036,0.8523172442645434,early,0.25916358771289294,15,15,none,0
Br_Dz5FZELU,UC70SrI3VkT1MXALRtf0pcHg,heldout,3,2.9236,30,63469.95,55831,68416.58875818094,0.9276981829031373,early,0.29859191756496933,15,15,none,0
Br_Dz5FZELU,UC70SrI3VkT1MXALRtf0pcHg,heldout,5,4.9236,30,65617.23,55831,66896.82875634509,0.9808720662104268,likely,0.29270824974591747,15,15,none,0
Br_Dz5FZELU,UC70SrI3VkT1MXALRtf0pcHg,heldout,7,6.9236,30,62608.85,55831,65081.629525883945,0.9620049433033491,likely,0.24426820739287194,15,15,none,0
Br_Dz5FZELU,UC70SrI3VkT1MXALRtf0pcHg,heldout,14,13.9236,30,58381.34,55831,60978.75127911688,0.9574046005416172,confirmed,0.18716002020021094,15,15,none,0
Yk75K20y_1k,UCUpbDOT-OVNBlaQpb9pbd2w,time,3,3.9628,28,71128.01,66269,31634.24402334358,2.2484497821125653,likely,,15,15,none,0
Yk75K20y_1k,UCUpbDOT-OVNBlaQpb9pbd2w,time,5,4.9628,28,60660.85,66269,30831.61081743043,1.967488938058088,likely,0.26196092306355545,15,15,none,0
Yk75K20y_1k,UCUpbDOT-OVNBlaQpb9pbd2w,time,7,7.9628,28,55952.30,66269,28767.390557742016,1.9449902914481128,confirmed,0.21325567902921133,15,15,none,0
Yk75K20y_1k,UCUpbDOT-OVNBlaQpb9pbd2w,time,14,12.9628,28,67424.33,66269,26685.6361497167,2.5266148752604565,confirmed,0.2847165258425396,15,15,none,0
_iKa95XBl8I,UC41S9MSkeQ1TWo1URYLeRuw,heldout,3,3.6600,30,2918.94,2298,4939.953555014792,0.5908845373098555,likely,,15,13,none,0
_iKa95XBl8I,UC41S9MSkeQ1TWo1URYLeRuw,heldout,5,3.6600,30,2918.94,2298,4939.953555014792,0.5908845373098555,likely,,15,13,none,0
_iKa95XBl8I,UC41S9MSkeQ1TWo1URYLeRuw,heldout,14,13.6600,30,2342.68,2298,4611.792340255916,0.5079765347772507,confirmed,0.13821501541236483,15,13,none,0
SJVCfPGsy30,UCbRP3c757lWg9M-U7TyEkXA,time,0.5,0.3436,27,321855.48,116032,81916.28518989687,3.9290780939894185,early,,13,13,none,0
SJVCfPGsy30,UCbRP3c757lWg9M-U7TyEkXA,time,1,1.3436,27,237101.52,116032,78182.19001753352,3.0326794013936,early,0.5003588100009261,14,14,none,0
SJVCfPGsy30,UCbRP3c757lWg9M-U7TyEkXA,time,2,2.3436,27,169005.57,116032,80323.46114105672,2.1040623616429257,early,0.37874322917317665,15,15,none,0
SJVCfPGsy30,UCbRP3c757lWg9M-U7TyEkXA,time,3,3.3436,27,152289.78,116032,79364.00195971756,1.9188772461244632,likely,0.3200134559253079,15,15,none,0
SJVCfPGsy30,UCbRP3c757lWg9M-U7TyEkXA,time,5,5.3436,27,145661.57,116032,78428.4974077043,1.8572530514236707,likely,0.26680032085282934,15,15,none,0
SJVCfPGsy30,UCbRP3c757lWg9M-U7TyEkXA,time,7,7.3436,27,137851.22,116032,78136.32166883294,1.7642399238814597,confirmed,0.2313593772921118,15,15,none,0
SJVCfPGsy30,UCbRP3c757lWg9M-U7TyEkXA,time,14,15.3436,27,122916.16,116032,75109.00000000001,1.636503737047953,confirmed,0.1731427608770014,15,10,none,0
A8qva2ID9MU,UCibTRXCGW9o16HjUODtvTVQ,heldout,7,8.9499,30,53020.83,48389,86512.09419955563,0.6128718353399032,confirmed,,15,15,none,0
A8qva2ID9MU,UCibTRXCGW9o16HjUODtvTVQ,heldout,14,16.9499,30,46913.15,48389,86070.91727090912,0.5450522385193637,confirmed,0.1275157439520323,15,15,none,0
Y-cihfULrUc,UCDIaC10wqRZFutqWaJnm7QA,time,5,6.8424,29,52.89,49,,,insufficient,,0,0,none,0
Y-cihfULrUc,UCDIaC10wqRZFutqWaJnm7QA,time,7,6.8424,29,52.89,49,,,insufficient,,0,0,none,0
Y-cihfULrUc,UCDIaC10wqRZFutqWaJnm7QA,time,14,13.8424,29,49.96,49,,,insufficient,0.14260120267107104,0,0,none,0
q88zqIWLFok,UCsLt8oYvDYGpSHcGhRBBkyw,time,14,13.2828,28,3127.86,2747,3057.649831233163,1.0229625706255512,confirmed,0.9043555428191642,15,15,none,0
T2kshJxxzfI,UCglNXzBo6bmKc9otKf-OuGQ,time,14,12.5878,27,4614.42,4562,9717.264652921658,0.4748686922644269,confirmed,0.05226263282001512,15,15,none,0
4Xw48cPRWqg,UChbcn2mOzPHEEHxPmU66Sdg,heldout,5,5.8972,30,1503.92,1616,2054.810943841168,0.7319012208626019,likely,,15,12,none,0
4Xw48cPRWqg,UChbcn2mOzPHEEHxPmU66Sdg,heldout,7,5.8972,30,1503.92,1616,2054.810943841168,0.7319012208626019,likely,,15,12,none,0
kcCj7bp9dIE,UCBXQM4wXOpzZPcjXMqecArA,heldout,1,1.9160,31,1240.09,8838,7322.882116063684,0.16934430988896693,early,,15,13,none,0
kcCj7bp9dIE,UCBXQM4wXOpzZPcjXMqecArA,heldout,2,1.9160,31,1240.09,8838,7322.882116063684,0.16934430988896693,early,,15,13,none,0
kcCj7bp9dIE,UCBXQM4wXOpzZPcjXMqecArA,heldout,3,2.9160,31,1919.33,8838,7366.829810762707,0.26053717275459815,early,1.0251732968642477,15,11,none,0
kcCj7bp9dIE,UCBXQM4wXOpzZPcjXMqecArA,heldout,5,5.9160,31,5364.26,8838,7695.265901003743,0.6970856144252874,likely,1.699495998171247,15,10,none,0
kcCj7bp9dIE,UCBXQM4wXOpzZPcjXMqecArA,heldout,7,6.9160,31,5653.14,8838,7695.265901003743,0.7346255456502311,likely,1.6596380255798755,15,10,none,0
kcCj7bp9dIE,UCBXQM4wXOpzZPcjXMqecArA,heldout,14,13.9160,31,8546.15,8838,8415.556991878655,1.015518346500874,confirmed,1.294663644502873,15,7,none,0
do0Jcw2xvOQ,UCwMbSEgxhmOB5dXcxRTKHJQ,heldout,1,0.8524,33,4851.72,5905,13666.626945449883,0.35500480391660927,early,,15,14,none,0
do0Jcw2xvOQ,UCwMbSEgxhmOB5dXcxRTKHJQ,heldout,2,2.8524,33,6058.99,5905,14517.803320031057,0.41734878675026177,early,0.870642994058637,15,13,none,0
do0Jcw2xvOQ,UCwMbSEgxhmOB5dXcxRTKHJQ,heldout,3,2.8524,33,6058.99,5905,14517.803320031057,0.41734878675026177,early,0.870642994058637,15,13,none,0
do0Jcw2xvOQ,UCwMbSEgxhmOB5dXcxRTKHJQ,heldout,5,4.8524,33,8304.63,5905,15307.667880733341,0.542514151305537,likely,0.7779715296057778,15,13,none,0
do0Jcw2xvOQ,UCwMbSEgxhmOB5dXcxRTKHJQ,heldout,7,6.8524,33,8161.13,5905,15853.28137428281,0.514791222300594,likely,0.7025931341813979,15,13,none,0
do0Jcw2xvOQ,UCwMbSEgxhmOB5dXcxRTKHJQ,heldout,14,14.8524,33,7266.26,5905,18689.616086653812,0.38878607478839355,confirmed,0.5348628377841966,15,12,none,0
beVRNv-PkFQ,UCVaQfAPPHqD8vV_ywkaYXMQ,time,3,3.8342,29,3075.91,3270,,,insufficient,,0,0,none,0
beVRNv-PkFQ,UCVaQfAPPHqD8vV_ywkaYXMQ,time,5,4.8342,29,2271.76,3270,491.02794817219797,4.626547756402215,likely,0.1406829765630271,15,11,none,0
beVRNv-PkFQ,UCVaQfAPPHqD8vV_ywkaYXMQ,time,7,6.8342,29,2654.66,3270,491.02794817219797,5.406331202751832,likely,0.25579817772402086,15,10,none,0
beVRNv-PkFQ,UCVaQfAPPHqD8vV_ywkaYXMQ,time,14,14.8342,29,3170.54,3270,484.2181904810279,6.547747883776906,confirmed,0.31884640255441954,15,10,none,0
Q4aaynNs59Q,UCbRP3c757lWg9M-U7TyEkXA,heldout,14,13.0616,30,110896.05,110171,72587.49452141822,1.527756915509758,confirmed,0.0397246955422401,15,11,none,0
VXU4LSAQDSc,UC4SVo0Ue36XCfOyb5Lh1viQ,time,7,7.7572,29,26295.08,51119,6349.882444720553,4.141033462428832,confirmed,,15,13,none,0
VXU4LSAQDSc,UC4SVo0Ue36XCfOyb5Lh1viQ,time,14,13.7572,29,35952.68,51119,6239.338459649509,5.762257773846848,confirmed,0.5887292806573078,15,9,none,0
rvv9kUmROIM,UC5_SBQbLA9Kg7Jh5GpXoP3g,time,1,0.8321,28,34.66,121,,,insufficient,,2,2,none,0
rvv9kUmROIM,UC5_SBQbLA9Kg7Jh5GpXoP3g,time,2,2.8321,28,77.03,121,300.25541880086246,0.2565485336053372,early,1.3802785204808734,15,15,none,0
rvv9kUmROIM,UC5_SBQbLA9Kg7Jh5GpXoP3g,time,3,2.8321,28,77.03,121,300.25541880086246,0.2565485336053372,early,1.3802785204808734,15,15,none,0
rvv9kUmROIM,UC5_SBQbLA9Kg7Jh5GpXoP3g,time,5,4.8321,28,93.23,121,281.61967917438596,0.33103727200419725,likely,1.163368930986908,15,14,none,0
rvv9kUmROIM,UC5_SBQbLA9Kg7Jh5GpXoP3g,time,7,6.8321,28,105.65,121,268.4443273903095,0.3935674791737088,likely,1.1078482401108265,15,14,none,0
rvv9kUmROIM,UC5_SBQbLA9Kg7Jh5GpXoP3g,time,14,13.8321,28,125.53,121,250.00936126065233,0.5021143580395765,confirmed,0.9089745729423434,15,14,none,0
Jjlgh9ysvYE,UCJP9OOLkOzsXbb_Bo_kqjTw,heldout,2,2.9477,31,6172.43,5730,26583.299044609666,0.23219198768005353,early,,15,11,none,0
Jjlgh9ysvYE,UCJP9OOLkOzsXbb_Bo_kqjTw,heldout,3,2.9477,31,6172.43,5730,26583.299044609666,0.23219198768005353,early,,15,11,none,0
Jjlgh9ysvYE,UCJP9OOLkOzsXbb_Bo_kqjTw,heldout,5,5.9477,31,6202.56,5730,26922.00000000001,0.23039000361857787,likely,0.37528872904528193,15,10,none,0
Jjlgh9ysvYE,UCJP9OOLkOzsXbb_Bo_kqjTw,heldout,7,6.9477,31,5941.84,5730,26922.00000000001,0.22070581684977897,likely,0.33255690408398014,15,10,none,0
Jjlgh9ysvYE,UCJP9OOLkOzsXbb_Bo_kqjTw,heldout,14,13.9477,31,5740.60,5730,26922.00000000001,0.21323096326069463,confirmed,0.2280346295349058,15,6,none,0
eaSBkX-Yg4s,UC7ZddA__ewP3AtDefjl_tWg,heldout,1,1.0825,28,130329.79,161427,111563.8575855716,1.168207994607312,early,,15,12,none,0
eaSBkX-Yg4s,UC7ZddA__ewP3AtDefjl_tWg,time,1,1.0825,28,130329.79,161427,111563.8575855716,1.168207994607312,early,,15,12,none,0
eaSBkX-Yg4s,UC7ZddA__ewP3AtDefjl_tWg,heldout,2,2.0825,28,148389.85,161427,111540.95180047471,1.3303620998966617,early,0.7706044282015128,15,12,none,0
eaSBkX-Yg4s,UC7ZddA__ewP3AtDefjl_tWg,time,2,2.0825,28,148389.85,161427,111540.95180047471,1.3303620998966617,early,0.7706044282015128,15,12,none,0
eaSBkX-Yg4s,UC7ZddA__ewP3AtDefjl_tWg,heldout,3,3.0825,28,133926.19,161427,111645.55738884407,1.199565734478228,likely,0.6240004286060331,15,12,none,0
eaSBkX-Yg4s,UC7ZddA__ewP3AtDefjl_tWg,time,3,3.0825,28,133926.19,161427,111645.55738884407,1.199565734478228,likely,0.6240004286060331,15,12,none,0
eaSBkX-Yg4s,UC7ZddA__ewP3AtDefjl_tWg,heldout,5,5.0825,28,151222.98,161427,111435.36431962156,1.3570465740996345,likely,0.5578008227837794,15,11,none,0
eaSBkX-Yg4s,UC7ZddA__ewP3AtDefjl_tWg,time,5,5.0825,28,151222.98,161427,111435.36431962156,1.3570465740996345,likely,0.5578008227837794,15,11,none,0
eaSBkX-Yg4s,UC7ZddA__ewP3AtDefjl_tWg,heldout,7,7.0825,28,153253.34,161427,111648.00000000009,1.3726473917143076,confirmed,0.5284800024526999,15,9,none,0
eaSBkX-Yg4s,UC7ZddA__ewP3AtDefjl_tWg,time,7,7.0825,28,153253.34,161427,111648.00000000009,1.3726473917143076,confirmed,0.5284800024526999,15,9,none,0
eaSBkX-Yg4s,UC7ZddA__ewP3AtDefjl_tWg,heldout,14,13.0825,28,153540.99,161427,111648.00000000009,1.3752238245394135,confirmed,0.47524696627547475,15,6,none,0
eaSBkX-Yg4s,UC7ZddA__ewP3AtDefjl_tWg,time,14,13.0825,28,153540.99,161427,111648.00000000009,1.3752238245394135,confirmed,0.47524696627547475,15,6,none,0
OctFgftg2Xk,UCMIjEnXruVHtvgSVf6TgfUg,time,14,13.6114,28,55843.32,59545,75851.76578886573,0.736216533019436,confirmed,0.10364098881709265,15,14,none,0
4MBtrq-N56k,UC_mmaVYaFmlfdxuKb6U69Yw,time,1,0.8262,27,656117.58,848932,656943.0000000003,0.9987435462708595,early,,15,12,none,0
4MBtrq-N56k,UC_mmaVYaFmlfdxuKb6U69Yw,time,2,1.8262,27,700608.77,848932,656943.0000000003,1.0664681192609426,early,0.7734710712893791,15,12,none,0
4MBtrq-N56k,UC_mmaVYaFmlfdxuKb6U69Yw,time,3,2.8262,27,637955.35,848932,656943.0000000003,0.9710969522517788,early,0.6263531831947474,15,12,none,0
4MBtrq-N56k,UC_mmaVYaFmlfdxuKb6U69Yw,time,5,4.8262,27,631525.19,848932,656943.0000000003,0.9613089592476299,likely,0.5316569361339788,15,11,none,0
4MBtrq-N56k,UC_mmaVYaFmlfdxuKb6U69Yw,time,7,6.8262,27,713801.38,848932,656943.0000000003,1.0865499402538283,likely,0.5143399821875168,15,11,none,0
4MBtrq-N56k,UC_mmaVYaFmlfdxuKb6U69Yw,time,14,12.8262,27,899717.54,848932,656943.0000000003,1.3695519040960566,confirmed,0.49781732758401354,15,11,none,0
YsQ3hsMVrK4,UCOCsRROSlsrA31YJgCah32A,heldout,14,12.5828,31,21045.41,37866,13485.600274960123,1.5605835592072577,confirmed,,15,12,none,0
7QhK_0leZ7k,UCycGV6fAhD_-7GPmCkkESdw,time,1,0.8125,27,39634.81,401771,1778.9999999999995,22.279261246798463,early,,15,14,none,0
7QhK_0leZ7k,UCycGV6fAhD_-7GPmCkkESdw,time,2,1.8125,27,159232.62,401771,1778.9999999999995,89.50681127093922,early,3.3535284913142855,15,14,none,0
7QhK_0leZ7k,UCycGV6fAhD_-7GPmCkkESdw,time,3,2.8125,27,203703.93,401771,1778.9999999999995,114.50473659682662,early,2.497053454176277,15,14,none,0
7QhK_0leZ7k,UCycGV6fAhD_-7GPmCkkESdw,time,5,4.8125,27,382492.00,401771,1778.9999999999995,215.0039355936772,likely,2.2521654111267413,15,14,none,0
7QhK_0leZ7k,UCycGV6fAhD_-7GPmCkkESdw,time,7,6.8125,27,461816.59,401771,1778.9999999999995,259.59336033923717,likely,2.0192588372659888,15,14,none,0
7QhK_0leZ7k,UCycGV6fAhD_-7GPmCkkESdw,time,14,12.8125,27,494240.93,401771,1778.9999999999995,277.8195200430353,confirmed,1.5191197816272541,15,13,none,0
BcJmDvnYF8Y,UCzV_hd9M_7UBEVrGLUJu-2Q,heldout,14,13.0831,28,5845.28,5932,8629.16609558295,0.6773867197366223,confirmed,0.10765585643048586,15,10,none,0
BcJmDvnYF8Y,UCzV_hd9M_7UBEVrGLUJu-2Q,time,14,13.0831,28,5845.28,5932,8629.16609558295,0.6773867197366223,confirmed,0.10765585643048586,15,10,none,0
G4AT7BIpheg,UC1vGihnPBNE1wHdNzfe5eBg,time,14,12.9062,27,487.83,463,774.7486185957767,0.6296615974416347,confirmed,,9,9,none,0
NPA1LOrrc78,UC6RxjqZyhTKshYyBJcIIvPQ,heldout,5,5.8540,28,949.13,1115,,,insufficient,,1,1,none,0
NPA1LOrrc78,UC6RxjqZyhTKshYyBJcIIvPQ,time,5,5.8540,28,949.13,1115,,,insufficient,,1,1,none,0
NPA1LOrrc78,UC6RxjqZyhTKshYyBJcIIvPQ,heldout,7,6.8540,28,1037.23,1115,,,insufficient,0.5861058783294735,1,1,none,0
NPA1LOrrc78,UC6RxjqZyhTKshYyBJcIIvPQ,time,7,6.8540,28,1037.23,1115,,,insufficient,0.5861058783294735,1,1,none,0
NPA1LOrrc78,UC6RxjqZyhTKshYyBJcIIvPQ,heldout,14,13.8540,28,1101.82,1115,,,insufficient,0.3889737689731428,1,1,none,0
NPA1LOrrc78,UC6RxjqZyhTKshYyBJcIIvPQ,time,14,13.8540,28,1101.82,1115,,,insufficient,0.3889737689731428,1,1,none,0
tPA5O84Lj10,UCN8fW1T36q7P9KjaHEifPYQ,heldout,7,7.0274,31,1794.48,1546,1820.256986241536,0.9858373988789734,confirmed,,15,14,none,0
Fxp9-97auQ0,UCAGgFGwq4HZKLZ4gXo9xLiw,time,5,6.0307,29,1652.18,1380,4797.807625939723,0.3443611396716292,likely,,4,4,none,0
Fxp9-97auQ0,UCAGgFGwq4HZKLZ4gXo9xLiw,time,7,7.0307,29,1476.65,1380,4728.232284262501,0.3123055725169433,confirmed,0.17560783118244175,4,4,none,0
Fxp9-97auQ0,UCAGgFGwq4HZKLZ4gXo9xLiw,time,14,14.0307,29,1422.05,1380,4333.889648554211,0.3281230128442798,confirmed,0.06268439000427038,4,4,none,0
7axXvMi_ckE,UCnnOksyxFnRBGHK1ZyLRJGA,time,14,14.0415,28,28124.13,27521,26481.28851842119,1.0620379897773058,confirmed,0.13533960777847387,15,13,none,0
9RpBrRCw3lU,UCDAbrXOj2yIrzj8QE4jC-Og,time,5,4.8330,27,23161.16,41502,,,insufficient,,2,2,none,0
9RpBrRCw3lU,UCDAbrXOj2yIrzj8QE4jC-Og,time,7,6.8330,27,38307.41,41502,,,insufficient,1.1014958831703288,2,2,none,0
9RpBrRCw3lU,UCDAbrXOj2yIrzj8QE4jC-Og,time,14,12.8330,27,40253.17,41502,,,insufficient,0.7225075569395704,2,2,none,0
yPTbywOkXIo,UC8uU_wruBMHeeRma49dtZKA,time,1,0.9569,30,8757.69,9082,13198.578953412245,0.6635327256576168,early,,15,13,none,0
yPTbywOkXIo,UC8uU_wruBMHeeRma49dtZKA,time,2,1.9569,30,15656.27,9082,13198.578953412245,1.1862088206969863,early,1.3562179889536143,15,13,none,0
yPTbywOkXIo,UC8uU_wruBMHeeRma49dtZKA,time,3,2.9569,30,14723.45,9082,13226.999999999989,1.1131356556082137,early,0.9024512377633082,15,12,none,0
yPTbywOkXIo,UC8uU_wruBMHeeRma49dtZKA,time,5,4.9569,30,11459.16,9082,13226.999999999989,0.8663460149130585,likely,0.638189683879243,15,12,none,0
yPTbywOkXIo,UC8uU_wruBMHeeRma49dtZKA,time,7,6.9569,30,10200.46,9082,13226.999999999989,0.7711849830311563,likely,0.5364989312682618,15,12,none,0
yPTbywOkXIo,UC8uU_wruBMHeeRma49dtZKA,time,14,13.9569,30,10392.44,9082,13226.999999999989,0.7856992320121147,confirmed,0.41908861263366126,15,12,none,0
fiwcP1bUdN4,UCB1t-8MBhxyDVabeUcTj0Zw,time,5,5.7650,27,31102.29,24560,,,insufficient,,2,2,none,0
fiwcP1bUdN4,UCB1t-8MBhxyDVabeUcTj0Zw,time,7,6.7650,27,25436.26,24560,,,insufficient,0.08229945923682946,2,2,none,0
fiwcP1bUdN4,UCB1t-8MBhxyDVabeUcTj0Zw,time,14,13.7650,27,24747.37,24560,,,insufficient,0.05873678817553228,2,2,none,0
6DmPXKSCPHo,UCfQgsKhHjSyRLOp9mnffqVg,time,1,0.8332,29,416594.65,407068,535038.9468908574,0.7786249082207187,early,,14,14,none,0
6DmPXKSCPHo,UCfQgsKhHjSyRLOp9mnffqVg,time,2,1.8332,29,450252.40,407068,540138.4391558031,0.8335870322637551,early,0.8036415748802785,15,15,none,0
6DmPXKSCPHo,UCfQgsKhHjSyRLOp9mnffqVg,time,3,2.8332,29,396934.19,407068,545316.9999999999,0.7278962340636347,early,0.6005743321232692,15,14,none,0
6DmPXKSCPHo,UCfQgsKhHjSyRLOp9mnffqVg,time,5,4.8332,29,379009.00,407068,545316.9999999999,0.6950250936596299,likely,0.48418339022031154,15,14,none,0
6DmPXKSCPHo,UCfQgsKhHjSyRLOp9mnffqVg,time,7,6.8332,29,377238.36,407068,545316.9999999999,0.69177811109625,likely,0.4428980027678408,15,12,none,0
6DmPXKSCPHo,UCfQgsKhHjSyRLOp9mnffqVg,time,14,13.8332,29,441640.67,407068,545448.9999999997,0.8096827878706433,confirmed,0.4050934273919602,15,8,none,0
xvK48fvAj5E,UCjG94SagJZoyPggcBhUdFCA,time,14,13.4991,28,126835.19,127315,139151.2840582628,0.9114913347160987,confirmed,0.07141146203677819,15,14,none,0
NjClGJvFyFk,UCz4GCx3ieKlpkMnIpQG8u4w,time,3,3.7497,27,22105.32,18274,31243.595097101173,0.7075152088146099,likely,,11,11,none,0
NjClGJvFyFk,UCz4GCx3ieKlpkMnIpQG8u4w,time,5,4.7497,27,16374.49,18274,31348.876303282155,0.5223311158099694,likely,0.15388105169752322,14,14,none,0
NjClGJvFyFk,UCz4GCx3ieKlpkMnIpQG8u4w,time,7,6.7497,27,16873.21,18274,31914.29708011945,0.5287038041450117,likely,0.19598552312932008,15,14,none,0
NjClGJvFyFk,UCz4GCx3ieKlpkMnIpQG8u4w,time,14,13.7497,27,18077.86,18274,33747.079263184685,0.5356866923419019,confirmed,0.156383183572682,15,13,none,0
k2RJtNwcyxc,UCXV8h3I9pnfZuDpg6xEM_8w,time,14,13.9572,28,5074.54,5243,6884.414272359072,0.7371048300802486,confirmed,,15,14,none,0
vORhopSp7l8,UCjNrOMGm7_ODMMBS-71xBcA,time,1,0.7920,27,1183.61,2693,2193.9999999999995,0.5394740123471288,early,,15,12,none,0
vORhopSp7l8,UCjNrOMGm7_ODMMBS-71xBcA,time,2,1.7920,27,2007.34,2693,2193.9999999999995,0.9149225369643215,early,1.3779873139052479,15,12,none,0
vORhopSp7l8,UCjNrOMGm7_ODMMBS-71xBcA,time,3,2.7920,27,2137.58,2693,2193.9999999999995,0.9742866569560578,early,1.0818692220554682,15,11,none,0
vORhopSp7l8,UCjNrOMGm7_ODMMBS-71xBcA,time,5,4.7920,27,2243.03,2693,2193.9999999999995,1.0223483339554509,likely,0.849635665149818,15,11,none,0
vORhopSp7l8,UCjNrOMGm7_ODMMBS-71xBcA,time,7,7.7920,27,2659.15,2693,2193.9999999999995,1.2120115421600097,confirmed,0.8199770270946191,15,10,none,0
vORhopSp7l8,UCjNrOMGm7_ODMMBS-71xBcA,time,14,12.7920,27,2603.51,2693,2193.9999999999995,1.1866490549026973,confirmed,0.7426265167384082,15,9,none,0
3j3ypZ79v-Q,UCq_2n18CJaRVGxEfxtCfI-Q,time,5,5.5830,29,408886.38,329269,99259.07958080315,4.119385150341452,likely,,15,15,none,0
3j3ypZ79v-Q,UCq_2n18CJaRVGxEfxtCfI-Q,time,7,6.5830,29,335916.08,329269,98484.30038151087,3.410859214776516,likely,0.11226204066184221,15,15,none,0
3j3ypZ79v-Q,UCq_2n18CJaRVGxEfxtCfI-Q,time,14,13.5830,29,327181.83,329269,94510.56384914918,3.4618546450541565,confirmed,0.06473103522879772,15,13,none,0
Fyj8OhfrsbI,UCfYfK0tzHZTpNFrc_NDKfTA,time,7,7.8749,29,1618.18,1429,1684.8371466387534,0.9604357789488224,confirmed,,15,15,none,0
Fyj8OhfrsbI,UCfYfK0tzHZTpNFrc_NDKfTA,time,14,14.8749,29,1390.01,1429,1677.121966387912,0.8288076342365895,confirmed,0.07847714215467459,15,12,none,0
QO3JA2e8_Bw,UCGpsgNbzdF7BECCVbB1COHw,time,14,13.6726,29,20289.43,19842,6802.182919684807,2.9827824849107114,confirmed,0.24558944602727262,15,15,none,0
Og8ONzA93CA,UCNovoA9w0KnxyDP5bGrOYzg,heldout,14,13.8955,30,5917.15,6221,8393.629289116856,0.7049572143345048,confirmed,,13,11,none,0
ijtin-5wYY8,UCUZng4iHwYU90FLdaEkiiMA,time,3,3.8325,29,17080.81,12370,12177.022446669627,1.402707941212307,likely,,15,14,none,0
ijtin-5wYY8,UCUZng4iHwYU90FLdaEkiiMA,time,5,4.8325,29,12499.27,12370,12117.276554162669,1.031524295533239,likely,0.09149870265190603,15,14,none,0
ijtin-5wYY8,UCUZng4iHwYU90FLdaEkiiMA,time,7,6.8325,29,12392.67,12370,12007.176525306844,1.0321054684294515,likely,0.09357692842536451,15,13,none,0
ijtin-5wYY8,UCUZng4iHwYU90FLdaEkiiMA,time,14,13.8325,29,12331.31,12370,11808.000000000004,1.0443185824610488,confirmed,0.09111426922118483,15,10,none,0
DpWXwnRGhyg,UCnmGIkw-KdI0W5siakKPKog,heldout,1,0.8750,30,4483461.08,3205224,3293385.73125222,1.36135316122572,early,,11,11,none,0
DpWXwnRGhyg,UCnmGIkw-KdI0W5siakKPKog,heldout,14,13.8750,30,3158274.59,3205224,3335357.255060305,0.9469074363948343,confirmed,0.21420089678625953,15,15,none,0
k-cknRRQNbg,UCotuguzT1zNEbpsjbUT4sBA,time,2,2.1660,28,490.05,561,654.3360087135432,0.7489271826897417,early,,15,14,none,0
k-cknRRQNbg,UCotuguzT1zNEbpsjbUT4sBA,time,3,3.1660,28,561.38,561,664.3465303689701,0.8450045607779616,likely,0.7171439926217661,15,14,none,0
k-cknRRQNbg,UCotuguzT1zNEbpsjbUT4sBA,time,5,5.1660,28,436.87,561,699.6671497075017,0.6244005893771023,likely,0.3865334803714503,15,14,none,0
k-cknRRQNbg,UCotuguzT1zNEbpsjbUT4sBA,time,7,7.1660,28,474.51,561,752.6369930047761,0.6304681673656141,confirmed,0.37562844845942583,15,14,none,0
k-cknRRQNbg,UCotuguzT1zNEbpsjbUT4sBA,time,14,14.1660,28,545.65,561,875.5542515305922,0.6232082485180899,confirmed,0.3689455806743385,15,12,none,0
RpgJH0T822Q,UCEh_IoMVGA7NPsx6-2H8Bqw,time,14,13.3952,28,2838.93,2849,1195.2561765077787,2.375164909814253,confirmed,0.1218804953583285,15,15,none,0
qXBhnJnKZnA,UC_Gz-8R2G8jBs20ro9AL9hA,time,1,1.9088,28,231.93,351,363.08607178863235,0.6387798657944012,early,,15,15,none,0
qXBhnJnKZnA,UC_Gz-8R2G8jBs20ro9AL9hA,time,2,1.9088,28,231.93,351,363.08607178863235,0.6387798657944012,early,,15,15,none,0
qXBhnJnKZnA,UC_Gz-8R2G8jBs20ro9AL9hA,time,3,2.9088,28,283.33,351,374.98603372582136,0.7555684663228018,early,0.8836999237166134,15,15,none,0
qXBhnJnKZnA,UC_Gz-8R2G8jBs20ro9AL9hA,time,5,4.9088,28,292.00,351,384.1334395697596,0.7601584818823928,likely,0.5947032525692858,15,15,none,0
qXBhnJnKZnA,UC_Gz-8R2G8jBs20ro9AL9hA,time,7,6.9088,28,288.12,351,405.4974015396798,0.7105325702399469,likely,0.5267041845337986,15,15,none,0
qXBhnJnKZnA,UC_Gz-8R2G8jBs20ro9AL9hA,time,14,12.9088,28,299.12,351,429.136939559948,0.6970171101569769,confirmed,0.46325861432618237,15,15,none,0
SQRsGneCnAM,UC0Fh1HN4RvOw2hMk9n5PysA,time,14,13.9572,29,214.96,237,436.3287946633571,0.49265803040721673,confirmed,0.10869414950837014,15,15,none,0
6AF193yWyzQ,UCOCsRROSlsrA31YJgCah32A,time,0.5,0.5313,28,8587.35,4692,13606.854578600178,0.6311043914200851,early,,15,11,none,0
6AF193yWyzQ,UCOCsRROSlsrA31YJgCah32A,time,1,0.5313,28,8587.35,4692,13606.854578600178,0.6311043914200851,early,,15,11,none,0
6AF193yWyzQ,UCOCsRROSlsrA31YJgCah32A,time,2,1.5313,28,5271.74,4692,14049.514621960107,0.37522583771391066,early,0.39458518958024,15,11,none,0
6AF193yWyzQ,UCOCsRROSlsrA31YJgCah32A,time,3,2.5313,28,5421.99,4692,14611.302170226256,0.3710822055371776,early,0.3205233836273409,15,11,none,0
6AF193yWyzQ,UCOCsRROSlsrA31YJgCah32A,time,5,4.5313,28,3840.75,4692,16109.537676778198,0.23841457744877415,likely,0.25445825553680157,15,10,none,0
6AF193yWyzQ,UCOCsRROSlsrA31YJgCah32A,time,7,6.5313,28,5071.29,4692,16021.28601063367,0.3165344860621849,likely,0.25183637437304124,15,10,none,0
6AF193yWyzQ,UCOCsRROSlsrA31YJgCah32A,time,14,13.5313,28,5601.78,4692,15921.000000000007,0.35184873838997593,confirmed,0.2240097786762254,15,7,none,0
Dv1rzmU_fdw,UC41S9MSkeQ1TWo1URYLeRuw,heldout,5,4.5899,30,3927.05,3388,9839.4811944514,0.3991114649534142,likely,,14,14,none,0
Dv1rzmU_fdw,UC41S9MSkeQ1TWo1URYLeRuw,heldout,7,7.5899,30,3365.63,3388,9839.4811944514,0.3420531973889222,confirmed,0.13541438993936228,14,14,none,0
Dv1rzmU_fdw,UC41S9MSkeQ1TWo1URYLeRuw,heldout,14,13.5899,30,3220.38,3388,9565.586444905784,0.33666347954984904,confirmed,0.09875614062579988,14,12,none,0
PtSPl3V3eNQ,UCQutm-K2rUEx1O5fy5iw6SA,heldout,14,13.9994,30,99.78,101,99.54932674860629,1.0023502963085578,confirmed,,12,12,none,0
i3ZNdFRWNLI,UCUpbDOT-OVNBlaQpb9pbd2w,heldout,14,14.3912,30,65100.08,63397,26621.959292832325,2.4453525906567615,confirmed,0.05554188748623538,15,15,none,0
uCc3pJymQbw,UCaBOIBVD_f6eyRRRBRrCz8w,time,14,13.8122,28,38596.18,36633,39284.606435673704,0.9824759070999037,confirmed,,4,4,none,0
VKoewh7wlb8,UCthfI4-SrAfqxLVngitqA4Q,time,14,13.8327,29,1257.24,1500,264.1149404216316,4.760215208264083,confirmed,0.31857161213586893,15,15,none,0
KyCD4IVPaCE,UCLwDLGL3Ejqu-xJp57CptRg,time,3,3.8927,28,50922.14,116400,4575.410345752095,11.129524870365392,likely,,14,13,none,0
KyCD4IVPaCE,UCLwDLGL3Ejqu-xJp57CptRg,time,5,4.8927,28,47925.17,116400,4575.410345752095,10.47450672535007,likely,0.40198835110035475,15,14,none,0
KyCD4IVPaCE,UCLwDLGL3Ejqu-xJp57CptRg,time,7,6.8927,28,89448.98,116400,4462.752968732224,20.04345237462681,likely,1.126181288243491,15,12,none,0
KyCD4IVPaCE,UCLwDLGL3Ejqu-xJp57CptRg,time,14,12.8927,28,121072.29,116400,4276.314372871897,28.312299667728173,confirmed,1.0452825584822434,15,11,none,0
YfY-F-oTkrY,UCcCzzSbdw5-qmdF_NuTtb2w,heldout,0.5,0.3955,30,3726.73,5901,2683.5724473818545,1.388717867748809,early,,12,11,none,0
YfY-F-oTkrY,UCcCzzSbdw5-qmdF_NuTtb2w,heldout,1,0.3955,30,3726.73,5901,2683.5724473818545,1.388717867748809,early,,12,11,none,0
YfY-F-oTkrY,UCcCzzSbdw5-qmdF_NuTtb2w,heldout,5,5.3955,30,7970.88,5901,3238.0758832328356,2.4616085203723284,likely,1.0495548665100196,15,13,none,0
YfY-F-oTkrY,UCcCzzSbdw5-qmdF_NuTtb2w,heldout,7,6.3955,30,7244.40,5901,3234.7001460354227,2.239590855473198,likely,0.9831226119555855,15,12,none,0
YfY-F-oTkrY,UCcCzzSbdw5-qmdF_NuTtb2w,heldout,14,14.3955,30,6613.91,5901,3198.437396283127,2.0678581580076787,confirmed,0.7547220565027144,15,10,none,0
DN7U1eQ9o-s,UCM3hWnv_tshvTS660fhHH7A,heldout,1,0.8123,28,16077.31,35784,48528.353510809466,0.3312973435221245,early,,15,12,none,0
DN7U1eQ9o-s,UCM3hWnv_tshvTS660fhHH7A,time,1,0.8123,28,16077.31,35784,48528.353510809466,0.3312973435221245,early,,15,12,none,0
DN7U1eQ9o-s,UCM3hWnv_tshvTS660fhHH7A,heldout,2,1.8123,28,28058.59,35784,49145.32462246207,0.570931000335968,early,1.4558127051154066,15,11,none,0
DN7U1eQ9o-s,UCM3hWnv_tshvTS660fhHH7A,time,2,1.8123,28,28058.59,35784,49145.32462246207,0.570931000335968,early,1.4558127051154066,15,11,none,0
DN7U1eQ9o-s,UCM3hWnv_tshvTS660fhHH7A,heldout,3,2.8123,28,29421.21,35784,49473.044240632546,0.5946918041783991,early,1.10825990804727,15,11,none,0
DN7U1eQ9o-s,UCM3hWnv_tshvTS660fhHH7A,time,3,2.8123,28,29421.21,35784,49473.044240632546,0.5946918041783991,early,1.10825990804727,15,11,none,0
DN7U1eQ9o-s,UCM3hWnv_tshvTS660fhHH7A,heldout,5,4.8123,28,28596.92,35784,50664.237263692,0.564440030423079,likely,0.7979448937393159,15,11,none,0
DN7U1eQ9o-s,UCM3hWnv_tshvTS660fhHH7A,time,5,4.8123,28,28596.92,35784,50664.237263692,0.564440030423079,likely,0.7979448937393159,15,11,none,0
DN7U1eQ9o-s,UCM3hWnv_tshvTS660fhHH7A,heldout,7,6.8123,28,29379.49,35784,51644.68907506704,0.5688773507160948,likely,0.722585931553116,15,11,none,0
DN7U1eQ9o-s,UCM3hWnv_tshvTS660fhHH7A,time,7,6.8123,28,29379.49,35784,51644.68907506704,0.5688773507160948,likely,0.722585931553116,15,11,none,0
DN7U1eQ9o-s,UCM3hWnv_tshvTS660fhHH7A,heldout,14,13.8123,28,32142.57,35784,54238.77172857161,0.5926123405961631,confirmed,0.6502904045058684,15,11,none,0
DN7U1eQ9o-s,UCM3hWnv_tshvTS660fhHH7A,time,14,13.8123,28,32142.57,35784,54238.77172857161,0.5926123405961631,confirmed,0.6502904045058684,15,11,none,0
eYXpFhoQPgA,UC5_SBQbLA9Kg7Jh5GpXoP3g,time,1,0.8325,28,15.99,54,728.7309156981032,0.021948671454173622,early,,6,5,none,0
eYXpFhoQPgA,UC5_SBQbLA9Kg7Jh5GpXoP3g,time,2,2.8325,28,17.60,54,332.6966292298663,0.05289500230089637,early,0.692320048673879,15,13,none,0
eYXpFhoQPgA,UC5_SBQbLA9Kg7Jh5GpXoP3g,time,3,2.8325,28,17.60,54,332.6966292298663,0.05289500230089637,early,0.692320048673879,15,13,none,0
eYXpFhoQPgA,UC5_SBQbLA9Kg7Jh5GpXoP3g,time,5,4.8325,28,11.60,54,298.09743574705317,0.03890804047914005,likely,0.3502098506141022,15,12,none,0
eYXpFhoQPgA,UC5_SBQbLA9Kg7Jh5GpXoP3g,time,7,6.8325,28,19.21,54,301.3665119195809,0.06373614840976814,likely,0.5832913742730421,15,12,none,0
eYXpFhoQPgA,UC5_SBQbLA9Kg7Jh5GpXoP3g,time,14,12.8325,28,42.49,54,273.75832114235743,0.15522469552831092,confirmed,0.7794451948272844,15,12,none,0
x3d6HUw2T6s,UCBMdHddhf5YV3-za06jC-0Q,time,5,5.1620,27,453.90,605,,,insufficient,0.20222506013095645,1,1,none,0
x3d6HUw2T6s,UCBMdHddhf5YV3-za06jC-0Q,time,7,7.1620,27,461.80,605,,,insufficient,0.19558928418518656,1,1,none,0
x3d6HUw2T6s,UCBMdHddhf5YV3-za06jC-0Q,time,14,15.1620,27,590.00,605,,,insufficient,0.2773568256278208,1,1,none,0
wiAAf15K6K0,UCnYMOamNKLGVlJgRUbamveA,heldout,14,13.8197,31,29755.38,26939,34963.44790049368,0.8510424743842249,confirmed,,15,14,none,0
X4R_LwlFucY,UC8NbcMmeW4gKRd2lE9APpVA,time,5,6.7828,29,148.60,216,,,insufficient,,0,0,none,0
X4R_LwlFucY,UC8NbcMmeW4gKRd2lE9APpVA,time,7,6.7828,29,148.60,216,,,insufficient,,0,0,none,0
X4R_LwlFucY,UC8NbcMmeW4gKRd2lE9APpVA,time,14,13.7828,29,177.60,216,,,insufficient,0.3946643565077296,0,0,none,0
BEbr83HMO4g,UC-mP1nlk0qOutA08zuQHORA,time,0.5,0.6979,27,732836.04,742201,1057685.3646798828,0.6928677154589389,early,,15,10,none,0
BEbr83HMO4g,UC-mP1nlk0qOutA08zuQHORA,time,1,0.6979,27,732836.04,742201,1057685.3646798828,0.6928677154589389,early,,15,10,none,0
BEbr83HMO4g,UC-mP1nlk0qOutA08zuQHORA,time,2,1.6979,27,794265.99,742201,1066609.0631772603,0.7446645816275473,early,0.761558873186274,15,10,none,0
BEbr83HMO4g,UC-mP1nlk0qOutA08zuQHORA,time,3,2.6979,27,725198.34,742201,1072265.0000000005,0.6763238027125332,early,0.6177940172299532,15,10,none,0
BEbr83HMO4g,UC-mP1nlk0qOutA08zuQHORA,time,5,4.6979,27,769566.17,742201,1078129.7582784663,0.7137973538264946,likely,0.5311381131701479,15,10,none,0
BEbr83HMO4g,UC-mP1nlk0qOutA08zuQHORA,time,7,6.6979,27,854347.68,742201,1077142.4573015813,0.7931612725772997,likely,0.4868541446419579,15,9,none,0
BEbr83HMO4g,UC-mP1nlk0qOutA08zuQHORA,time,14,15.6979,27,780743.61,742201,1072265.0000000005,0.7281256136102795,confirmed,0.37354070645941084,15,7,none,0
eGpNMBKzPPY,UCsvqVGtbbyHaMoevxPAq9Fg,time,7,7.2849,27,2819.53,2289,2945.262098798142,0.9573115014570219,confirmed,,15,15,none,0
eGpNMBKzPPY,UCsvqVGtbbyHaMoevxPAq9Fg,time,14,12.2849,27,2337.70,2289,3040.3067865209377,0.768902543081288,confirmed,0.021643819210017963,15,15,none,0
IQ4oQw0UfC4,UCbQUXtMwQM9QWQ15yDDN1BA,time,5,5.0412,27,5717.99,6553,5446.128991216181,1.049918572677889,likely,0.7470966177204172,15,14,none,0
IQ4oQw0UfC4,UCbQUXtMwQM9QWQ15yDDN1BA,time,7,7.0412,27,5972.30,6553,5531.891276988198,1.079612246888049,confirmed,0.637041772004671,15,14,none,0
IQ4oQw0UfC4,UCbQUXtMwQM9QWQ15yDDN1BA,time,14,12.0412,27,6032.56,6553,5588.3030487306605,1.0794972717356641,confirmed,0.4925035948806169,15,13,none,0
d68lO7Hjj9s,UCat0LyGytYMwfZEPbO_rOrA,time,14,13.8897,29,5072.01,4909,2168.738657486338,2.338691350782307,confirmed,0.136165798084678,15,15,none,0
_R0xPffklXQ,UCMOqf8ab-42UUQIdVoKwjlQ,time,1,0.9576,30,907481.59,841233,920615.0000000002,0.9857340930794487,early,,15,13,none,0
_R0xPffklXQ,UCMOqf8ab-42UUQIdVoKwjlQ,time,2,1.9576,30,850000.11,841233,920615.0000000002,0.9232959598656798,early,0.6382703935650051,15,13,none,0
_R0xPffklXQ,UCMOqf8ab-42UUQIdVoKwjlQ,time,3,2.9576,30,887780.23,841233,920615.0000000002,0.9643338694643738,early,0.5192065928444513,15,13,none,0
_R0xPffklXQ,UCMOqf8ab-42UUQIdVoKwjlQ,time,5,4.9576,30,852485.91,841233,920615.0000000002,0.9259961166855203,likely,0.42119649413995225,15,13,none,0
_R0xPffklXQ,UCMOqf8ab-42UUQIdVoKwjlQ,time,7,6.9576,30,812136.48,841233,920615.0000000002,0.8821673365760849,likely,0.3761637497197774,15,13,none,0
_R0xPffklXQ,UCMOqf8ab-42UUQIdVoKwjlQ,time,14,13.9576,30,881198.85,841233,920615.0000000002,0.9571849837433865,confirmed,0.3399930125072674,15,12,none,0
BvCFmUZBigA,UCWQCCIq-BBbXCdtjwZvW9jA,time,1,0.9164,27,2123.95,5334,22241.679376718595,0.09549413043634697,early,,15,15,none,0
BvCFmUZBigA,UCWQCCIq-BBbXCdtjwZvW9jA,time,2,1.9164,27,2788.01,5334,22241.679376718595,0.12535068302490132,early,1.0485757872931176,15,15,none,0
BvCFmUZBigA,UCWQCCIq-BBbXCdtjwZvW9jA,time,3,2.9164,27,4024.82,5334,22241.679376718595,0.18095855076864348,early,1.0564983017191203,15,15,none,0
BvCFmUZBigA,UCWQCCIq-BBbXCdtjwZvW9jA,time,5,4.9164,27,4709.81,5334,22324.382034830418,0.21097149954055158,likely,0.9313918876662997,15,15,none,0
BvCFmUZBigA,UCWQCCIq-BBbXCdtjwZvW9jA,time,7,6.9164,27,4991.60,5334,22324.382034830418,0.22359415689401094,likely,0.8779105090130339,15,15,none,0
BvCFmUZBigA,UCWQCCIq-BBbXCdtjwZvW9jA,time,14,12.9164,27,4969.12,5334,22392.856278643452,0.2219065103217091,confirmed,0.7517396925403275,15,15,none,0
YpuPWI8X0os,UCfYfK0tzHZTpNFrc_NDKfTA,heldout,5,6.8749,28,1030.09,945,1663.512624254163,0.6192276415205241,likely,,15,15,none,0
YpuPWI8X0os,UCfYfK0tzHZTpNFrc_NDKfTA,time,5,6.8749,28,1030.09,945,1663.512624254163,0.6192276415205241,likely,,15,15,none,0
YpuPWI8X0os,UCfYfK0tzHZTpNFrc_NDKfTA,heldout,7,6.8749,28,1030.09,945,1663.512624254163,0.6192276415205241,likely,,15,15,none,0
YpuPWI8X0os,UCfYfK0tzHZTpNFrc_NDKfTA,time,7,6.8749,28,1030.09,945,1663.512624254163,0.6192276415205241,likely,,15,15,none,0
YpuPWI8X0os,UCfYfK0tzHZTpNFrc_NDKfTA,heldout,14,13.8749,28,968.79,945,1663.4219295591063,0.5824057867116674,confirmed,0.13617100713358282,15,12,none,0
YpuPWI8X0os,UCfYfK0tzHZTpNFrc_NDKfTA,time,14,13.8749,28,968.79,945,1663.4219295591063,0.5824057867116674,confirmed,0.13617100713358282,15,12,none,0
kvDkxSfNR6Q,UCCKbBnHLdT9S4O-MNKPK2lA,time,0.5,0.3020,28,5157.10,4865,6653.506785384822,0.7750947342093385,early,,15,11,none,0
kvDkxSfNR6Q,UCCKbBnHLdT9S4O-MNKPK2lA,time,1,1.3020,28,5093.64,4865,6805.62841429881,0.7484445274541379,early,1.0030415173966911,15,11,none,0
kvDkxSfNR6Q,UCCKbBnHLdT9S4O-MNKPK2lA,time,2,2.3020,28,5712.07,4865,6805.62841429881,0.8393154981814556,early,0.9181434710456762,15,11,none,0
kvDkxSfNR6Q,UCCKbBnHLdT9S4O-MNKPK2lA,time,3,3.3020,28,5439.54,4865,6805.62841429881,0.7992705535862118,likely,0.7937659458343291,15,11,none,0
kvDkxSfNR6Q,UCCKbBnHLdT9S4O-MNKPK2lA,time,5,5.3020,28,5313.21,4865,6992.376351970668,0.7598569446510984,likely,0.669245718616957,15,11,none,0
kvDkxSfNR6Q,UCCKbBnHLdT9S4O-MNKPK2lA,time,7,7.3020,28,5353.53,4865,6992.376351970668,0.7656234749062919,confirmed,0.6378545631409875,15,11,none,0
kvDkxSfNR6Q,UCCKbBnHLdT9S4O-MNKPK2lA,time,14,13.3020,28,6083.82,4865,7240.4843263061475,0.8402504927120708,confirmed,0.5660899021494814,15,10,none,0
oE5KnBISNeU,UCQ_bmgSrYsQS0LboA_tZpEw,heldout,7,7.9989,30,254542.53,231880,193854.14133822167,1.3130621123358095,confirmed,,15,15,none,0
Is-fFfhR_P4,UCdRpPAsQbIaVpn_vS2_omPw,time,7,8.2168,27,1072.91,875,357.50033793719956,3.0011401012119236,confirmed,,15,13,none,0
Is-fFfhR_P4,UCdRpPAsQbIaVpn_vS2_omPw,time,14,12.2168,27,884.65,875,356.42987654579804,2.481965669992213,confirmed,0.012994037803095484,15,12,none,0
9hrOmqGZ1RI,UCEh_IoMVGA7NPsx6-2H8Bqw,time,14,12.7716,27,1522.30,1521,1195.2561765077787,1.2736140925214396,confirmed,0.03607151811077898,15,15,none,0
xESqfiTJmws,UCll3zdukvI1oWlG-F13UCZw,heldout,1,1.0299,27,2924.04,1985,4134.8970046062905,0.7071602998474904,early,1.2962850039248857,15,15,none,0
xESqfiTJmws,UCll3zdukvI1oWlG-F13UCZw,time,1,1.0299,27,2924.04,1985,4134.8970046062905,0.7071602998474904,early,1.2962850039248857,15,15,none,0
xESqfiTJmws,UCll3zdukvI1oWlG-F13UCZw,heldout,2,2.0299,27,2832.68,1985,4092.6513916035738,0.6921388031319716,early,0.9416161759243423,15,15,none,0
xESqfiTJmws,UCll3zdukvI1oWlG-F13UCZw,time,2,2.0299,27,2832.68,1985,4092.6513916035738,0.6921388031319716,early,0.9416161759243423,15,15,none,0
xESqfiTJmws,UCll3zdukvI1oWlG-F13UCZw,heldout,3,3.0299,27,2659.06,1985,4056.6103199084596,0.6554871982916061,likely,0.8033146206582529,15,15,none,0
xESqfiTJmws,UCll3zdukvI1oWlG-F13UCZw,time,3,3.0299,27,2659.06,1985,4056.6103199084596,0.6554871982916061,likely,0.8033146206582529,15,15,none,0
xESqfiTJmws,UCll3zdukvI1oWlG-F13UCZw,heldout,5,5.0299,27,2563.13,1985,4037.1678583560006,0.6348834930870174,likely,0.6730107181139587,15,15,none,0
xESqfiTJmws,UCll3zdukvI1oWlG-F13UCZw,time,5,5.0299,27,2563.13,1985,4037.1678583560006,0.6348834930870174,likely,0.6730107181139587,15,15,none,0
xESqfiTJmws,UCll3zdukvI1oWlG-F13UCZw,heldout,7,7.0299,27,2376.30,1985,4001.4930448953423,0.5938525047335742,confirmed,0.6001108661702753,15,15,none,0
xESqfiTJmws,UCll3zdukvI1oWlG-F13UCZw,time,7,7.0299,27,2376.30,1985,4001.4930448953423,0.5938525047335742,confirmed,0.6001108661702753,15,15,none,0
xESqfiTJmws,UCll3zdukvI1oWlG-F13UCZw,heldout,14,15.0299,27,2146.90,1985,3871.463660452792,0.554545276717689,confirmed,0.4773006257549015,15,12,none,0
xESqfiTJmws,UCll3zdukvI1oWlG-F13UCZw,time,14,15.0299,27,2146.90,1985,3871.463660452792,0.554545276717689,confirmed,0.4773006257549015,15,12,none,0
bqnalgrmMfQ,UCuxbOHa_nj8k6qotTzJrWZA,time,1,0.8853,28,19228.47,15470,18373.664157952368,1.0465236140649221,early,,15,15,none,0
bqnalgrmMfQ,UCuxbOHa_nj8k6qotTzJrWZA,time,2,1.8853,28,18038.93,15470,18570.55200346253,0.971372912840563,early,0.6226611591717072,15,15,none,0
bqnalgrmMfQ,UCuxbOHa_nj8k6qotTzJrWZA,time,3,2.8853,28,19520.52,15470,18777.528377774273,1.0395683828453228,early,0.556630881868293,15,15,none,0
bqnalgrmMfQ,UCuxbOHa_nj8k6qotTzJrWZA,time,5,4.8853,28,16108.87,15470,19107.421875238404,0.8430687861986063,likely,0.39171383290409434,15,15,none,0
bqnalgrmMfQ,UCuxbOHa_nj8k6qotTzJrWZA,time,7,7.8853,28,16576.98,15470,19376.378177505292,0.8555253343962278,confirmed,0.3405129309345007,15,12,none,0
bqnalgrmMfQ,UCuxbOHa_nj8k6qotTzJrWZA,time,14,13.8853,28,17384.99,15470,19475.99999999999,0.8926363679812731,confirmed,0.2822644957576425,15,7,none,0
htSyiCxOvZw,UCnpWedLQdHpZqhgTLdB9Yyg,time,1,0.8955,27,60395.62,62005,72462.89702875966,0.8334695569536947,early,,14,14,none,0
htSyiCxOvZw,UCnpWedLQdHpZqhgTLdB9Yyg,time,2,1.8955,27,72478.10,62005,76538.07975176937,0.9469547640703101,early,0.8275647317444582,15,15,none,0
htSyiCxOvZw,UCnpWedLQdHpZqhgTLdB9Yyg,time,3,2.8955,27,70442.99,62005,76136.84829553241,0.9252154721329517,early,0.645902482203796,15,15,none,0
htSyiCxOvZw,UCnpWedLQdHpZqhgTLdB9Yyg,time,5,4.8955,27,72251.26,62005,75385.20042858871,0.9584275773435027,likely,0.5471022126441946,15,15,none,0
htSyiCxOvZw,UCnpWedLQdHpZqhgTLdB9Yyg,time,7,6.8955,27,69989.62,62005,74345.06463539765,0.9414158205931312,likely,0.49603375596108823,15,15,none,0
htSyiCxOvZw,UCnpWedLQdHpZqhgTLdB9Yyg,time,14,12.8955,27,63684.70,62005,73433.99999999994,0.8672371973040194,confirmed,0.40418452583751213,15,13,none,0
LY_jiwPgGp8,UCGpsgNbzdF7BECCVbB1COHw,time,7,8.6267,27,17898.18,14499,5463.541677401261,3.275930108028677,confirmed,,8,8,none,0
LY_jiwPgGp8,UCGpsgNbzdF7BECCVbB1COHw,time,14,12.6267,27,14828.17,14499,9134.695608924047,1.6232798341935017,confirmed,0.027205114742351374,15,15,none,0
ryw3VaWMPiw,UCDAbrXOj2yIrzj8QE4jC-Og,time,5,5.8321,28,3780.19,3528,,,insufficient,,1,1,none,0
ryw3VaWMPiw,UCDAbrXOj2yIrzj8QE4jC-Og,time,7,6.8321,28,3726.33,3528,,,insufficient,0.40218598353349233,1,1,none,0
ryw3VaWMPiw,UCDAbrXOj2yIrzj8QE4jC-Og,time,14,12.8321,28,3668.73,3528,,,insufficient,0.2331833115164213,1,1,none,0
7cH0HHWHgb4,UCI8gcSTo1FowsRJdilsjsZw,heldout,3,3.8438,29,42355.58,29004,39320.07895656669,1.0771997472377313,likely,,15,15,none,0
7cH0HHWHgb4,UCI8gcSTo1FowsRJdilsjsZw,heldout,5,4.8438,29,30950.51,29004,39944.72638674207,0.7748333721280808,likely,0.08409921593869246,15,15,none,0
7cH0HHWHgb4,UCI8gcSTo1FowsRJdilsjsZw,heldout,7,6.8438,29,30619.39,29004,40153.531195862146,0.7625578407736514,likely,0.08624684310420062,15,15,none,0
7cH0HHWHgb4,UCI8gcSTo1FowsRJdilsjsZw,heldout,14,13.8438,29,29528.18,29004,40464.3148459309,0.7297339569750253,confirmed,0.060041132185981054,15,15,none,0
CSBM2b8LYKA,UCsvqVGtbbyHaMoevxPAq9Fg,time,14,14.7643,29,7753.06,7779,5480.683016016415,1.4146157228246876,confirmed,0.05115787693451971,15,15,none,0
BdrqCvjZebQ,UCNq_6MwbXuGnrHqQVkRJIYQ,heldout,2,2.3848,31,10270.48,8863,,,insufficient,,1,1,none,0
BdrqCvjZebQ,UCNq_6MwbXuGnrHqQVkRJIYQ,heldout,3,3.3848,31,10328.64,8863,,,insufficient,0.551152995350039,2,2,none,0
BdrqCvjZebQ,UCNq_6MwbXuGnrHqQVkRJIYQ,heldout,5,5.3848,31,9752.58,8863,5129.323900655677,1.901339167062697,likely,0.39224170072676606,8,8,none,0
BdrqCvjZebQ,UCNq_6MwbXuGnrHqQVkRJIYQ,heldout,7,7.3848,31,9808.73,8863,5220.8496606578765,1.8787613096100078,confirmed,0.37715954369124866,15,14,none,0
BdrqCvjZebQ,UCNq_6MwbXuGnrHqQVkRJIYQ,heldout,14,14.3848,31,9266.44,8863,6274.000000000004,1.4769583250675478,confirmed,0.2710371203910332,15,12,none,0
9bwg8D7bhLs,UC682ktH2UsgNdCjl83TpDWg,time,14,13.8900,28,261.47,264,71.89576874613749,3.6367487232829143,confirmed,0.017602444438233902,15,15,none,0
UknYGN61y98,UC1NVV2D3Jhv2ykmpTwooUwQ,time,5,6.8215,29,2747.75,2312,,,insufficient,,0,0,none,0
UknYGN61y98,UC1NVV2D3Jhv2ykmpTwooUwQ,time,7,6.8215,29,2747.75,2312,,,insufficient,,0,0,none,0
UknYGN61y98,UC1NVV2D3Jhv2ykmpTwooUwQ,time,14,13.8215,29,2361.47,2312,,,insufficient,0.07215915149947155,0,0,none,0
cjyzH1-iWLk,UCw33382AK54Vd90P56EISig,time,14,13.7034,29,4586.53,4488,1570.4099396788647,2.9205947199777778,confirmed,0.15095960818798634,15,12,none,0
I6xMyAVTW5w,UCPAt6z5uX_c5Eo_cSNROzYw,time,14,13.6634,27,13802.97,13577,10398.211707482804,1.327436822484331,confirmed,0.02714809367208523,15,15,none,0
yGv62b2BvDI,UCu28JGd1UDoQRlZZtG5Qrcw,time,14,13.7083,28,100142.52,94214,152783.71859478418,0.6554528058004165,confirmed,,15,14,none,0
fF0dX46BMt4,UCglNXzBo6bmKc9otKf-OuGQ,time,14,13.5873,28,11088.05,10819,6352.617428466803,1.7454308558057596,confirmed,0.012019768276899457,15,15,none,0
oOUEPF8MEPY,UCAC8Y3gJMuhGsjNWyufUNAQ,time,5,6.5886,27,69.26,86,,,insufficient,,0,0,none,0
oOUEPF8MEPY,UCAC8Y3gJMuhGsjNWyufUNAQ,time,7,6.5886,27,69.26,86,,,insufficient,,0,0,none,0
oOUEPF8MEPY,UCAC8Y3gJMuhGsjNWyufUNAQ,time,14,13.5886,27,80.62,86,,,insufficient,0.34696278890055754,0,0,none,0
5CoF0aXKFY8,UCGWNHkr2WZcRbxqoet-nyeg,time,14,13.4850,28,5024.64,5850,2600.1352503824733,1.9324546148544652,confirmed,,15,15,none,0
W8iV_m3QQ-4,UCWK4FbIkCfSNoscMXWbCxAg,time,3,3.7911,27,77806.22,66963,50975.97404693065,1.5263311870870742,likely,,4,4,none,0
W8iV_m3QQ-4,UCWK4FbIkCfSNoscMXWbCxAg,time,5,4.7911,27,67025.79,66963,50782.316147025624,1.3198647759296112,likely,0.3066402110562041,15,14,none,0
W8iV_m3QQ-4,UCWK4FbIkCfSNoscMXWbCxAg,time,7,6.7911,27,67481.57,66963,50954.82882853897,1.324341039204691,likely,0.264101252720809,15,14,none,0
W8iV_m3QQ-4,UCWK4FbIkCfSNoscMXWbCxAg,time,14,15.7911,27,68360.27,66963,51145.274986806544,1.336590193393549,confirmed,0.19847531190883344,15,12,none,0
4CPVvLT3XkQ,UCPAt6z5uX_c5Eo_cSNROzYw,time,14,13.7065,29,571.51,564,10452.527079502957,0.054676402963390776,confirmed,0.017136326176671168,15,15,none,0
hJ-rRXWhElI,UCJVXj8BvHykEklEeKjFwaXQ,heldout,1,1.9791,30,1140467.98,1212819,,,insufficient,,3,3,none,0
hJ-rRXWhElI,UCJVXj8BvHykEklEeKjFwaXQ,heldout,2,1.9791,30,1140467.98,1212819,,,insufficient,,3,3,none,0
hJ-rRXWhElI,UCJVXj8BvHykEklEeKjFwaXQ,heldout,3,2.9791,30,1690767.62,1212819,,,insufficient,0.8956508455376436,4,4,none,0
hJ-rRXWhElI,UCJVXj8BvHykEklEeKjFwaXQ,heldout,5,4.9791,30,1416038.08,1212819,59003.89460838683,23.99906122267764,likely,0.5850518532625706,9,9,none,0
hJ-rRXWhElI,UCJVXj8BvHykEklEeKjFwaXQ,heldout,7,6.9791,30,1345643.84,1212819,59275.0872057159,22.701676322018557,likely,0.4824721469841248,15,15,none,0
hJ-rRXWhElI,UCJVXj8BvHykEklEeKjFwaXQ,heldout,14,13.9791,30,1250617.14,1212819,64264,19.460617715083178,confirmed,0.3484204520524728,15,14,none,0
LffevT1SA9c,UCicLtkURhSq2fNDCzpb8NVw,time,0.5,0.7269,28,6285.91,10779,326.2814384123924,19.2652928138307,early,,6,5,none,0
LffevT1SA9c,UCicLtkURhSq2fNDCzpb8NVw,time,1,0.7269,28,6285.91,10779,326.2814384123924,19.2652928138307,early,,6,5,none,0
LffevT1SA9c,UCicLtkURhSq2fNDCzpb8NVw,time,2,1.7269,28,9717.69,10779,334.63422685928504,29.039723162667215,early,1.1348474875694232,6,5,none,0
LffevT1SA9c,UCicLtkURhSq2fNDCzpb8NVw,time,3,2.7269,28,8096.83,10779,335.84122143948406,24.109115282974273,early,0.8689929550575324,6,5,none,0
LffevT1SA9c,UCicLtkURhSq2fNDCzpb8NVw,time,5,4.7269,28,10942.94,10779,344.57922700608844,31.757397613278375,likely,0.7606346172569652,6,5,none,0
LffevT1SA9c,UCicLtkURhSq2fNDCzpb8NVw,time,7,6.7269,28,10584.60,10779,346.2809401602453,30.566512006564256,likely,0.677963183208298,6,5,none,0
LffevT1SA9c,UCicLtkURhSq2fNDCzpb8NVw,time,14,13.7269,28,12297.64,10779,365,33.69217219355896,confirmed,0.5998428769847646,6,4,none,0
Nj1MZxYhQIs,UCClMPKqtJ1LbRBCDP948g5Q,time,5,6.0700,27,5277.65,4648,3543.937999754708,1.4892056568212975,likely,,15,14,none,0
Nj1MZxYhQIs,UCClMPKqtJ1LbRBCDP948g5Q,time,7,7.0700,27,4649.86,4648,3543.937999754708,1.312061205282013,confirmed,0.06822846154455915,15,14,none,0
Nj1MZxYhQIs,UCClMPKqtJ1LbRBCDP948g5Q,time,14,15.0700,27,4683.67,4648,3975.999999999998,1.1779846494307937,confirmed,0.09526770477153909,15,11,none,0
1XNzw_yWzBM,UCSiKFGDpfCICQDfmxxjDvsg,time,7,7.6168,27,8537.93,8421,19770.260823134617,0.43185746071883124,confirmed,,15,15,none,0
1XNzw_yWzBM,UCSiKFGDpfCICQDfmxxjDvsg,time,14,12.6168,27,8083.72,8421,19936.764385848423,0.40546800695380986,confirmed,0.2038869485562333,15,15,none,0
OrA8YDUwSbw,UCc99RaVe8PKgly2T3QNBWLw,time,5,4.6198,27,54.39,47,,,insufficient,,2,2,none,0
OrA8YDUwSbw,UCc99RaVe8PKgly2T3QNBWLw,time,7,6.6198,27,42.88,47,,,insufficient,-0.0831585446673127,2,2,none,0
OrA8YDUwSbw,UCc99RaVe8PKgly2T3QNBWLw,time,14,15.6198,27,51.05,47,,,insufficient,0.14873098677436522,2,2,none,0
Kg0hwDOxX5k,UCGWNHkr2WZcRbxqoet-nyeg,time,14,12.9017,27,1058.81,1161,2630.561448442709,0.4025040562594479,confirmed,,15,15,none,0
ndrlQAvs6ns,UCEh_IoMVGA7NPsx6-2H8Bqw,time,14,13.2451,28,1224.66,1260,1195.2561765077787,1.0245978952056387,confirmed,0.11643284043466028,15,15,none,0
4nIQEyyRHkY,UCBRxDSTfr2aJVODDh4WG_7g,time,5,6.8945,27,436.97,351,332.7218230280555,1.3133223033676646,likely,,11,11,none,0
4nIQEyyRHkY,UCBRxDSTfr2aJVODDh4WG_7g,time,7,6.8945,27,436.97,351,332.7218230280555,1.3133223033676646,likely,,11,11,none,0
4nIQEyyRHkY,UCBRxDSTfr2aJVODDh4WG_7g,time,14,12.8945,27,361.71,351,493.5481209899176,0.7328829987779536,confirmed,0.015227257958343426,15,15,none,0
0HG9SDtZkts,UCk7G9VbYTKntMsLmKuy942g,heldout,14,13.2335,30,13110.85,19685,,,insufficient,0.46407412509230833,2,1,none,0
lBUSrUegBvE,UC58njGoJSZKIthLSbQIS-1g,time,5,6.9573,30,219.12,202,,,insufficient,,0,0,none,0
lBUSrUegBvE,UC58njGoJSZKIthLSbQIS-1g,time,7,6.9573,30,219.12,202,,,insufficient,,0,0,none,0
lBUSrUegBvE,UC58njGoJSZKIthLSbQIS-1g,time,14,13.9573,30,194.29,202,,,insufficient,0.12261975459529706,0,0,none,0
cq_KlaguVGM,UCZ7yH-kLdFj7HNo2Dcs6FnQ,time,3,3.9991,29,301.25,332,239.94452586020424,1.2554934667094955,likely,,12,11,none,0
cq_KlaguVGM,UCZ7yH-kLdFj7HNo2Dcs6FnQ,time,5,4.9991,29,218.97,332,239.94452586020424,0.9125660538339817,likely,0.05742341949424974,14,13,none,0
cq_KlaguVGM,UCZ7yH-kLdFj7HNo2Dcs6FnQ,time,7,6.9991,29,330.65,332,239.85319326836992,1.3785556706334634,likely,0.5058210507093229,15,13,none,0
cq_KlaguVGM,UCZ7yH-kLdFj7HNo2Dcs6FnQ,time,14,12.9991,29,331.83,332,237.91900036517112,1.39472500488845,confirmed,0.39034198867041925,15,11,none,0
IooTBRwce2s,UC5_SBQbLA9Kg7Jh5GpXoP3g,time,1,0.8330,28,135.95,279,770.4139739675793,0.17646972393384153,early,,13,12,none,0
IooTBRwce2s,UC5_SBQbLA9Kg7Jh5GpXoP3g,time,2,1.8330,28,206.13,279,770.4139739675793,0.26756098102532794,early,1.1461095666331158,13,12,none,0
IooTBRwce2s,UC5_SBQbLA9Kg7Jh5GpXoP3g,time,3,2.8330,28,453.62,279,727.050099071827,0.6239207262079545,early,1.9313867921371966,15,13,none,0
IooTBRwce2s,UC5_SBQbLA9Kg7Jh5GpXoP3g,time,5,4.8330,28,449.35,279,683.0522992304069,0.6578592332221533,likely,1.3415791040673866,15,12,none,0
IooTBRwce2s,UC5_SBQbLA9Kg7Jh5GpXoP3g,time,7,6.8330,28,407.98,279,669.8893274650911,0.609018860449415,likely,1.097250113924207,15,12,none,0
IooTBRwce2s,UC5_SBQbLA9Kg7Jh5GpXoP3g,time,14,13.8330,28,376.59,279,641.0670806549815,0.5874349677820274,confirmed,0.7734744853597995,15,12,none,0
hz3IaC6LWEA,UCh7mi5sI3BSzKReLzXpgimA,time,5,5.3565,27,73.43,55,58.84097714857162,1.247909521192901,likely,,15,13,none,0
hz3IaC6LWEA,UCh7mi5sI3BSzKReLzXpgimA,time,7,7.3565,27,59.37,55,58.11682749607566,1.0216317605040701,confirmed,0,15,13,none,0
hz3IaC6LWEA,UCh7mi5sI3BSzKReLzXpgimA,time,14,15.3565,27,56.84,55,56.00000000000002,1.015011045019251,confirmed,0.019414034813485755,15,7,none,0
w3b5Tp6BUyo,UCHZ-NWzcaa4lFT9NjP4T4pg,time,1,0.9615,29,7349.73,6668,31555.387048915338,0.23291526618336492,early,,14,11,none,0
w3b5Tp6BUyo,UCHZ-NWzcaa4lFT9NjP4T4pg,time,2,1.9615,29,8475.71,6668,31555.387048915338,0.2685979394630764,early,0.7543594499177407,14,11,none,0
w3b5Tp6BUyo,UCHZ-NWzcaa4lFT9NjP4T4pg,time,3,2.9615,29,8837.71,6668,31555.387048915338,0.28006977212285067,early,0.705263318948779,14,11,none,0
w3b5Tp6BUyo,UCHZ-NWzcaa4lFT9NjP4T4pg,time,5,4.9615,29,7368.10,6668,31555.387048915338,0.23349725425115475,likely,0.4979900257108352,14,11,none,0
w3b5Tp6BUyo,UCHZ-NWzcaa4lFT9NjP4T4pg,time,7,6.9615,29,7245.85,6668,32678.715323422693,0.22172992353433751,likely,0.44564304955709094,14,11,none,0
w3b5Tp6BUyo,UCHZ-NWzcaa4lFT9NjP4T4pg,time,14,12.9615,29,8533.04,6668,33097.41842440368,0.25781583559260296,confirmed,0.3487452814529026,14,11,none,0
sn0bYSz64hk,UCztm4C-jD0jpHlDFhRyEltw,time,2,2.9654,29,13644.98,17170,,,insufficient,,0,0,none,0
sn0bYSz64hk,UCztm4C-jD0jpHlDFhRyEltw,time,3,2.9654,29,13644.98,17170,,,insufficient,,0,0,none,0
sn0bYSz64hk,UCztm4C-jD0jpHlDFhRyEltw,time,5,5.9654,29,15551.79,17170,2878.580530033463,5.402590793074739,likely,0.4725677166296383,15,14,none,0
sn0bYSz64hk,UCztm4C-jD0jpHlDFhRyEltw,time,7,6.9654,29,16771.28,17170,2918.5239396109555,5.746492609058411,likely,0.5031454035778693,15,14,none,0
sn0bYSz64hk,UCztm4C-jD0jpHlDFhRyEltw,time,14,12.9654,29,16907.05,17170,3045.4067864810886,5.551656582178547,confirmed,0.412732910299768,15,13,none,0
i52UraXAjbc,UCk9dtbM-wjpLk134r55OUbg,time,14,13.9573,30,12704.39,12851,10899.179225276428,1.1656285954903531,confirmed,0.0860738788767657,15,13,none,0
--bqgsljOzA,UCMrvLMUITAImCHMOhX88PYQ,heldout,14,13.8750,30,53996.07,59192,91534.15638489649,0.5899007576819486,confirmed,,15,15,none,0
bwZ6QXB1Mqk,UCGpsgNbzdF7BECCVbB1COHw,time,14,13.5791,27,4766.34,4634,7133.985616655517,0.6681180038143572,confirmed,0.01083615380308569,15,15,none,0
6O61LmfGReQ,UC0ArlFuFYMpEewyRBzdLHiw,time,7,7.2905,28,2644.49,2259,4572.023762033393,0.5784075426436233,confirmed,,15,15,none,0
6O61LmfGReQ,UC0ArlFuFYMpEewyRBzdLHiw,time,14,13.2905,28,2270.52,2259,4558.000000000001,0.4981404878168596,confirmed,0.08293225087785737,15,13,none,0
xbGoesUi48A,UCiDJtJKMICpb9B1qf7qjEOA,time,1,0.9155,27,1321747.92,1394708,104766.47743213293,12.616133976928937,early,,14,14,none,0
xbGoesUi48A,UCiDJtJKMICpb9B1qf7qjEOA,time,2,1.9155,27,1621986.07,1394708,106852.30525436223,15.17970122911099,early,0.8878286534168593,15,15,none,0
xbGoesUi48A,UCiDJtJKMICpb9B1qf7qjEOA,time,3,2.9155,27,1531831.03,1394708,107558.35760024113,14.241859603858135,early,0.6418312691427404,15,15,none,0
xbGoesUi48A,UCiDJtJKMICpb9B1qf7qjEOA,time,5,4.9155,27,1322256.87,1394708,106776.7445270713,12.383378712921482,likely,0.48906126201366035,15,15,none,0
xbGoesUi48A,UCiDJtJKMICpb9B1qf7qjEOA,time,7,6.9155,27,1317639.44,1394708,107742.15988038483,12.229562174855076,likely,0.44785010662348046,15,15,none,0
xbGoesUi48A,UCiDJtJKMICpb9B1qf7qjEOA,time,14,12.9155,27,1394051.34,1394708,108030.82126465104,12.904200121065408,confirmed,0.3904051924581173,15,15,none,0
0TDI7Rg0Nns,UCWyL3FzhX0CaxgkOMTQMa0A,time,14,13.7916,29,103516.30,111319,11553.015829638138,8.960110737098555,confirmed,,15,13,none,0
QgOcUQVBY2w,UCAYLryveVTTC__-iYIvAP2g,time,5,4.9577,28,44.87,42,,,insufficient,,1,1,none,0
QgOcUQVBY2w,UCAYLryveVTTC__-iYIvAP2g,time,7,6.9577,28,43.54,42,,,insufficient,0.3006039920152785,1,1,none,0
QgOcUQVBY2w,UCAYLryveVTTC__-iYIvAP2g,time,14,15.9577,28,44.53,42,,,insufficient,0.20751138652566067,1,1,none,0
y4BY4pLx_JI,UCDHK7RywWc4z8J5K3MKkvRw,time,14,13.6913,29,8638.71,8529,10174.854757606397,0.8490252724189311,confirmed,0.17691071739576086,15,15,none,0
J8dR9D3pJrs,UCvJiYiBUbw4tmpRSZT2r1Hw,time,14,13.8746,29,10661.38,10480,21664.89025855871,0.492104222042276,confirmed,0.24047162092824964,15,12,none,0
ffqgKG8Z3GY,UC12VbrdMMeYbqnz4_BuJbog,time,14,13.9664,30,1648.67,1572,2548,0.647046656796149,confirmed,0.162857011964863,15,14,none,0
inqWcd7tz4g,UC0QHWhjbe5fGJEPz3sVb6nw,time,1,0.8311,28,91366.92,124673,948902.8291316286,0.0962869062117294,early,,15,9,none,0
inqWcd7tz4g,UC0QHWhjbe5fGJEPz3sVb6nw,time,2,1.8311,28,100159.20,124673,949726.9234243624,0.10546104916143387,early,0.8354494288794263,15,8,none,0
inqWcd7tz4g,UC0QHWhjbe5fGJEPz3sVb6nw,time,3,2.8311,28,107069.68,124673,947248.8528292662,0.11303226619176618,early,0.7773888857316051,15,8,none,0
inqWcd7tz4g,UC0QHWhjbe5fGJEPz3sVb6nw,time,5,4.8311,28,109851.57,124673,946860.3808760187,0.11601665204860734,likely,0.6300078615157565,15,8,none,0
inqWcd7tz4g,UC0QHWhjbe5fGJEPz3sVb6nw,time,7,6.8311,28,110569.14,124673,948985.7195239477,0.11651296382913379,likely,0.5883556515898417,15,7,none,0
inqWcd7tz4g,UC0QHWhjbe5fGJEPz3sVb6nw,time,14,13.8311,28,133649.15,124673,962790.0000000007,0.13881443249233272,confirmed,0.528557407039857,15,5,none,0
-NNCca97v98,UCBJycsmduvYEL83R_U4JriQ,heldout,5,6.6774,31,2624242.51,2409319,3401518.3380361116,0.7714915070633234,likely,,15,13,none,0
-NNCca97v98,UCBJycsmduvYEL83R_U4JriQ,heldout,7,6.6774,31,2624242.51,2409319,3401518.3380361116,0.7714915070633234,likely,,15,13,none,0
jZTtx24pQ6c,UCoNTMWgGuXtGPLv9UeJZwBw,heldout,5,6.6667,31,454578.28,533130,332846.8867318904,1.3657278934092172,likely,,15,15,none,0
jZTtx24pQ6c,UCoNTMWgGuXtGPLv9UeJZwBw,heldout,7,6.6667,31,454578.28,533130,332846.8867318904,1.3657278934092172,likely,,15,15,none,0
jZTtx24pQ6c,UCoNTMWgGuXtGPLv9UeJZwBw,heldout,14,13.6667,31,475196.79,533130,333192.83796828095,1.426191497137621,confirmed,0.24970490768879883,15,14,none,0
OhOhawdB8Mc,UCBRpqrzuuqE8TZcWw75JSdw,time,5,5.7570,28,13125.97,10587,28142.326629270705,0.4664139396103615,likely,,3,3,none,0
OhOhawdB8Mc,UCBRpqrzuuqE8TZcWw75JSdw,time,7,6.7570,28,12069.93,10587,28010.755602660316,0.43090353034986456,likely,0.24138037944247592,3,3,none,0
OhOhawdB8Mc,UCBRpqrzuuqE8TZcWw75JSdw,time,14,13.7570,28,10767.68,10587,26078.850983002325,0.41288935952327555,confirmed,0.09775808125239246,3,3,none,0
7bYJ9xpX44s,UCYzrlZP_m1cV51q9GGDHCMg,time,0.5,0.6191,29,586.47,544,208.5669542424698,2.8119096584237,early,,13,13,none,0
7bYJ9xpX44s,UCYzrlZP_m1cV51q9GGDHCMg,time,1,0.6191,29,586.47,544,208.5669542424698,2.8119096584237,early,,13,13,none,0
7bYJ9xpX44s,UCYzrlZP_m1cV51q9GGDHCMg,time,2,1.6191,29,939.87,544,201.39722874156433,4.666732728013614,early,1.1527012362015423,15,15,none,0
7bYJ9xpX44s,UCYzrlZP_m1cV51q9GGDHCMg,time,3,2.6191,29,746.15,544,196.52707707934263,3.7967019270734053,early,0.815687059483859,15,15,none,0
7bYJ9xpX44s,UCYzrlZP_m1cV51q9GGDHCMg,time,5,4.6191,29,750.86,544,188.6472265977389,3.980249541915521,likely,0.6369656651160267,15,15,none,0
7bYJ9xpX44s,UCYzrlZP_m1cV51q9GGDHCMg,time,7,6.6191,29,688.74,544,184.7224670409704,3.728522500591788,likely,0.5326545367584494,15,15,none,0
7bYJ9xpX44s,UCYzrlZP_m1cV51q9GGDHCMg,time,14,13.6191,29,620.43,544,179.3423055002536,3.4594825644554414,confirmed,0.40043079072187804,15,15,none,0
heZ39fuLFJ4,UCqhmd5fM8oJrJnahTxaMUUA,time,14,14.9990,27,11829.62,11715,12090.308058117851,0.978438460564562,confirmed,0.13701283385649388,15,13,none,0
WbR-7UPGaDg,UCoGfV8iKGSeBa8FEJG5PZcA,heldout,14,14.3329,29,69.24,78,81.00000000000003,0.8548420742788396,confirmed,0,15,12,none,0
b8xXe5ppOcU,UCayab18rVcu2PA685_WZXig,time,14,12.9834,28,1306.56,1280,495.38724204448255,2.6374489317809386,confirmed,0.20317749626716988,15,13,none,0
cqmPjO-iHLo,UCR-DXc1voovS8nhAvccRZhg,heldout,14,12.9159,30,193344.91,204644,255140.58627757305,0.7577975614110641,confirmed,0.06625003190683415,15,14,none,0
rvZENjxs7yg,UCNRFvq0JOm5VqHIBDDQgkMA,heldout,1,0.9156,30,5336.30,5545,4090.999999999998,1.3044008356867418,early,,15,14,none,0
rvZENjxs7yg,UCNRFvq0JOm5VqHIBDDQgkMA,heldout,5,4.9156,30,5094.39,5545,4267.764039337496,1.1936896235157692,likely,0.44758843058136394,15,13,none,0
rvZENjxs7yg,UCNRFvq0JOm5VqHIBDDQgkMA,heldout,7,6.9156,30,5055.98,5545,4377.653879490307,1.1549522437141018,likely,0.4120229569378491,15,13,none,0
rvZENjxs7yg,UCNRFvq0JOm5VqHIBDDQgkMA,heldout,14,14.9156,30,5416.43,5545,4404.553558602176,1.229734342867853,confirmed,0.36201510351391014,15,12,none,0
0bwaO9dUfd0,UCYKuk74NJJUw0wkAPgov8mw,heldout,0.5,0.3924,30,2274.81,804,1224.0422753350385,1.8584408590854788,early,,4,4,none,0
0bwaO9dUfd0,UCYKuk74NJJUw0wkAPgov8mw,heldout,1,0.3924,30,2274.81,804,1224.0422753350385,1.8584408590854788,early,,4,4,none,0
0bwaO9dUfd0,UCYKuk74NJJUw0wkAPgov8mw,heldout,7,8.3924,30,833.43,804,1118.5727679614074,0.7450878618234631,confirmed,0.18942423794148994,6,5,none,0
0bwaO9dUfd0,UCYKuk74NJJUw0wkAPgov8mw,heldout,14,14.3924,30,840.04,804,1108.0000000000002,0.7581597001054864,confirmed,0.16292287768124744,6,4,none,0
GRD0iWXan5s,UCU_n6cNknf6JlgnoVWEyTWw,time,14,14.0130,28,848.48,873,2200.9447267627907,0.38550509893947343,confirmed,0.11606570203081758,15,13,none,0
hZfPm_TIg-Q,UCfiZzwbPTOw8MCQfyxES43A,time,5,4.6152,27,2109.02,5110,,,insufficient,,1,1,none,0
hZfPm_TIg-Q,UCfiZzwbPTOw8MCQfyxES43A,time,7,7.6152,27,3564.50,5110,,,insufficient,0.8091791400087844,1,1,none,0
hZfPm_TIg-Q,UCfiZzwbPTOw8MCQfyxES43A,time,14,12.6152,27,3593.87,5110,,,insufficient,0.6821633532137911,1,1,none,0
x5tSZAVLnbw,UCYzrlZP_m1cV51q9GGDHCMg,time,0.5,0.5695,28,1175.73,735,256.14325891036765,4.590110434576085,early,,13,13,none,0
x5tSZAVLnbw,UCYzrlZP_m1cV51q9GGDHCMg,time,1,0.5695,28,1175.73,735,256.14325891036765,4.590110434576085,early,,13,13,none,0
x5tSZAVLnbw,UCYzrlZP_m1cV51q9GGDHCMg,time,2,1.5695,28,1189.93,735,241.02585092797833,4.936938698338358,early,0.9771384888175095,15,15,none,0
x5tSZAVLnbw,UCYzrlZP_m1cV51q9GGDHCMg,time,3,2.5695,28,1108.67,735,231.57508331387305,4.787532791341025,early,0.674340769981352,15,15,none,0
x5tSZAVLnbw,UCYzrlZP_m1cV51q9GGDHCMg,time,5,4.5695,28,895.91,735,218.85739475916176,4.093597003152562,likely,0.45849803395096517,15,15,none,0
x5tSZAVLnbw,UCYzrlZP_m1cV51q9GGDHCMg,time,7,6.5695,28,847.53,735,210.272981669904,4.030603814481546,likely,0.3893879234692175,15,15,none,0
x5tSZAVLnbw,UCYzrlZP_m1cV51q9GGDHCMg,time,14,12.5695,28,795.99,735,195.38400443922782,4.07399409034994,confirmed,0.3129409437413774,15,15,none,0
4sIxpzkFyRU,UCBhPkAuGks2UkizNMbtW6uw,time,5,5.3321,27,44.48,50,109.84974454835421,0.4048922675649198,likely,0,3,3,none,0
4sIxpzkFyRU,UCBhPkAuGks2UkizNMbtW6uw,time,7,7.3321,27,46.18,50,101.12178381602297,0.45667484826925675,confirmed,0.16602250292495402,3,3,none,0
4sIxpzkFyRU,UCBhPkAuGks2UkizNMbtW6uw,time,14,15.3321,27,53.22,50,94.10396027701043,0.5655245060013545,confirmed,0.20391299632806553,3,3,none,0
KLjXWukMylk,UC1lfnF3avRvtFm_wajLLhyg,time,1,0.7618,28,20884.48,17072,22383.078496444912,0.933047873782631,early,,15,9,none,0
KLjXWukMylk,UC1lfnF3avRvtFm_wajLLhyg,time,2,1.7618,28,19714.68,17072,22194.439138710983,0.888271101417324,early,0.6498449798182215,15,9,none,0
KLjXWukMylk,UC1lfnF3avRvtFm_wajLLhyg,time,3,2.7618,28,18016.12,17072,22009.001640557715,0.8185796519153082,early,0.5522592448849961,15,9,none,0
KLjXWukMylk,UC1lfnF3avRvtFm_wajLLhyg,time,5,4.7618,28,17168.13,17072,21667.440020609283,0.7923471420332828,likely,0.42215621036393797,15,8,none,0
KLjXWukMylk,UC1lfnF3avRvtFm_wajLLhyg,time,7,6.7618,28,17787.24,17072,21528.510389601517,0.8262177626888492,likely,0.38432018461623607,15,7,none,0
KLjXWukMylk,UC1lfnF3avRvtFm_wajLLhyg,time,14,13.7618,28,17469.85,17072,20912.459264957703,0.8353801576045455,confirmed,0.3069304759128464,15,5,none,0
Tt1UzjlEunc,UC3qB4xFJkl0EYoTVbhnn0OQ,time,5,6.9993,27,14370.93,22108,,,insufficient,,0,0,none,0
Tt1UzjlEunc,UC3qB4xFJkl0EYoTVbhnn0OQ,time,7,6.9993,27,14370.93,22108,,,insufficient,,0,0,none,0
Tt1UzjlEunc,UC3qB4xFJkl0EYoTVbhnn0OQ,time,14,12.9993,27,19209.12,22108,,,insufficient,0.5085104304057904,0,0,none,0
oK0K65dF9hE,UCI8gcSTo1FowsRJdilsjsZw,time,1,0.9260,29,29867.44,34711,36328.95648272043,0.8221387766935766,early,,14,14,none,0
oK0K65dF9hE,UCI8gcSTo1FowsRJdilsjsZw,time,2,1.9260,29,27638.60,34711,35478.86027296974,0.7790159017969422,early,0.6008392025641305,15,15,none,0
oK0K65dF9hE,UCI8gcSTo1FowsRJdilsjsZw,time,3,2.9260,29,24118.94,34711,35082.489114815195,0.6874923597921513,early,0.4578189679845896,15,15,none,0
oK0K65dF9hE,UCI8gcSTo1FowsRJdilsjsZw,time,5,4.9260,29,28025.35,34711,34986.446263971106,0.8010345520957204,likely,0.43367764800574465,15,15,none,0
oK0K65dF9hE,UCI8gcSTo1FowsRJdilsjsZw,time,7,6.9260,29,28637.03,34711,34484.29733557123,0.8304367150040267,likely,0.4216191991497639,15,15,none,0
oK0K65dF9hE,UCI8gcSTo1FowsRJdilsjsZw,time,14,14.9260,29,36420.85,34711,34753.04821936383,1.047990161947459,confirmed,0.4351638647406399,15,15,none,0
qZSJNxKTGrE,UC3viByea5zDX2-zr1qFgU2g,time,3,3.9660,27,5904.48,3728,,,insufficient,,0,0,none,0
qZSJNxKTGrE,UC3viByea5zDX2-zr1qFgU2g,time,5,4.9660,27,4248.15,3728,,,insufficient,0.0014634851065829628,0,0,none,0
qZSJNxKTGrE,UC3viByea5zDX2-zr1qFgU2g,time,7,6.9660,27,4094.61,3728,,,insufficient,0,0,0,none,0
qZSJNxKTGrE,UC3viByea5zDX2-zr1qFgU2g,time,14,14.9660,27,3850.69,3728,,,insufficient,0.0004597475421206431,0,0,none,0
yxlnqy72HHc,UCcqoA9k6BIY34CnAtrX6Gfg,time,14,14.9570,27,11284.41,10771,2403.8202560841596,4.694364487558781,confirmed,0.17130649647288199,15,14,none,0
e6HJ7TYvh7s,UCznv7Vf9nBdJYvBagFdAHWw,time,7,7.7643,29,39726.58,39847,37713.359611641084,1.0533821997890505,confirmed,,15,14,none,0
e6HJ7TYvh7s,UCznv7Vf9nBdJYvBagFdAHWw,time,14,13.7643,29,39859.00,39847,37604.581342733734,1.0599506281890925,confirmed,0.2319186260518023,15,13,none,0
7w7eSJc3RXc,UCMekTeLUP4PllG4z53Qny2Q,time,5,5.7767,29,5583.26,4904,617.2044614920503,9.046052481804887,likely,,15,15,none,0
7w7eSJc3RXc,UCMekTeLUP4PllG4z53Qny2Q,time,7,6.7767,29,5477.21,4904,622.2626096554254,8.802083107839424,likely,0.3640687517779246,15,14,none,0
7w7eSJc3RXc,UCMekTeLUP4PllG4z53Qny2Q,time,14,13.7767,29,5068.75,4904,634.1542625788786,7.992932301682784,confirmed,0.16428028102597622,15,10,none,0
NPO57Y5ZJes,UCB1t-8MBhxyDVabeUcTj0Zw,time,5,6.9578,29,11630.73,10470,,,insufficient,,1,1,none,0
NPO57Y5ZJes,UCB1t-8MBhxyDVabeUcTj0Zw,time,7,6.9578,29,11630.73,10470,,,insufficient,,1,1,none,0
NPO57Y5ZJes,UCB1t-8MBhxyDVabeUcTj0Zw,time,14,13.9578,29,10353.26,10470,,,insufficient,0.12878699922417305,1,1,none,0
7HuXSoDXfTY,UCwSozl89jl2zUDzQ4jGJD3g,time,7,8.7835,28,38852.64,97479,28186.817943373808,1.3783975120994367,confirmed,,8,8,none,0
7HuXSoDXfTY,UCwSozl89jl2zUDzQ4jGJD3g,time,14,12.7835,28,50654.89,97479,26862.730803385686,1.88569403132829,confirmed,0.7575565654046811,15,14,none,0
2H5xTcswgt4,UCLFgO1aEI66fh06p6u6-juw,time,0.5,0.7302,27,7488.17,8142,10379.090314910867,0.7214672636341602,early,,14,14,none,0
2H5xTcswgt4,UCLFgO1aEI66fh06p6u6-juw,time,1,0.7302,27,7488.17,8142,10379.090314910867,0.7214672636341602,early,,14,14,none,0
2H5xTcswgt4,UCLFgO1aEI66fh06p6u6-juw,time,2,2.7302,27,7035.80,8142,10311.422048124401,0.6823311532074388,early,0.5584724796494611,15,15,none,0
2H5xTcswgt4,UCLFgO1aEI66fh06p6u6-juw,time,3,2.7302,27,7035.80,8142,10311.422048124401,0.6823311532074388,early,0.5584724796494611,15,15,none,0
2H5xTcswgt4,UCLFgO1aEI66fh06p6u6-juw,time,5,4.7302,27,7123.00,8142,10279.989225770649,0.6928996324123162,likely,0.5052110875027955,15,15,none,0
2H5xTcswgt4,UCLFgO1aEI66fh06p6u6-juw,time,7,7.7302,27,7653.12,8142,10493.735558975075,0.7293035694805476,confirmed,0.472178003979238,15,15,none,0
2H5xTcswgt4,UCLFgO1aEI66fh06p6u6-juw,time,14,13.7302,27,8323.26,8142,11540.825121115367,0.721201068599863,confirmed,0.4254049107774444,15,13,none,0
ESxTjNZHqZM,UCsvqVGtbbyHaMoevxPAq9Fg,time,14,14.2911,29,3019.79,2942,5517.831692554832,0.5472778457941658,confirmed,0.00519075587753178,15,15,none,0
04xhEGQ_Yy4,UCJP9OOLkOzsXbb_Bo_kqjTw,time,1,0.7634,28,13798.07,8897,28555.84422773582,0.4831961276428333,early,,14,12,none,0
04xhEGQ_Yy4,UCJP9OOLkOzsXbb_Bo_kqjTw,time,2,2.7634,28,10081.42,8897,26922.00000000001,0.3744676690403799,early,0.4351899986919414,15,12,none,0
04xhEGQ_Yy4,UCJP9OOLkOzsXbb_Bo_kqjTw,time,3,2.7634,28,10081.42,8897,26922.00000000001,0.3744676690403799,early,0.4351899986919414,15,12,none,0
04xhEGQ_Yy4,UCJP9OOLkOzsXbb_Bo_kqjTw,time,5,4.7634,28,9115.96,8897,26922.00000000001,0.33860637732060106,likely,0.34084659533741113,15,11,none,0
04xhEGQ_Yy4,UCJP9OOLkOzsXbb_Bo_kqjTw,time,7,6.7634,28,9575.48,8897,26922.00000000001,0.355675095358965,likely,0.30728827409163856,15,10,none,0
04xhEGQ_Yy4,UCJP9OOLkOzsXbb_Bo_kqjTw,time,14,12.7634,28,9431.99,8897,26922.00000000001,0.35034523495289077,confirmed,0.24340532121641906,15,8,none,0
lKSk8hauUsA,UCO1SasMJdmlfrCS5pNJJFQA,time,1,1.0407,29,5473.26,23250,5093.3873377411865,1.0745806223148486,early,2.251880212400205,15,12,none,0
lKSk8hauUsA,UCO1SasMJdmlfrCS5pNJJFQA,time,2,2.0407,29,7246.55,23250,5079.780891691347,1.426547089361946,early,1.6563592243168102,15,11,none,0
lKSk8hauUsA,UCO1SasMJdmlfrCS5pNJJFQA,time,3,3.0407,29,8877.72,23250,5018.161662218218,1.7691174917178427,likely,1.559855915320061,15,11,none,0
lKSk8hauUsA,UCO1SasMJdmlfrCS5pNJJFQA,time,5,5.0407,29,13461.92,23250,4937.800449890352,2.726299426073799,likely,1.5182119242299756,15,11,none,0
lKSk8hauUsA,UCO1SasMJdmlfrCS5pNJJFQA,time,7,7.0407,29,23775.73,23250,4898.42058671869,4.853755158834134,confirmed,1.514964293264244,15,11,none,0
lKSk8hauUsA,UCO1SasMJdmlfrCS5pNJJFQA,time,14,14.0407,29,21219.03,23250,4727.142636148457,4.488764800645527,confirmed,1.3156170787873607,15,10,none,0
9ZsAWvf29qo,UCeKKrZ5GnBXRwnKlrixiREQ,time,5,6.4445,29,123709.38,107525,,,insufficient,,0,0,none,0
9ZsAWvf29qo,UCeKKrZ5GnBXRwnKlrixiREQ,time,7,7.4445,29,110381.76,107525,,,insufficient,0.17200408805883008,0,0,none,0
9ZsAWvf29qo,UCeKKrZ5GnBXRwnKlrixiREQ,time,14,13.4445,29,107901.06,107525,,,insufficient,0.0918827882102769,0,0,none,0
MW2vQA-hAkw,UCT6fVez_0DmaZ_WDaRhUw2A,heldout,14,13.6665,30,22228.39,26565,36372.932461070166,0.611124564179046,confirmed,,15,15,none,0
JPNjd7ZJvo8,UC_7aK9PpYTqt08ERh1MewlQ,time,1,0.9578,27,24475.88,20242,24378.78305507303,1.00398280049585,early,,15,9,none,0
JPNjd7ZJvo8,UC_7aK9PpYTqt08ERh1MewlQ,time,2,1.9578,27,25737.49,20242,24623.999999999993,1.045219706244609,early,0.7361955369140988,15,8,none,0
JPNjd7ZJvo8,UC_7aK9PpYTqt08ERh1MewlQ,time,3,3.9578,27,26403.32,20242,24623.999999999993,1.0722595890987892,likely,0.5472846650400811,15,8,none,0
JPNjd7ZJvo8,UC_7aK9PpYTqt08ERh1MewlQ,time,5,4.9578,27,23650.08,20242,24623.999999999993,0.96044819191875,likely,0.4998100743484063,15,8,none,0
JPNjd7ZJvo8,UC_7aK9PpYTqt08ERh1MewlQ,time,7,6.9578,27,23493.41,20242,24623.999999999993,0.9540857820471615,likely,0.42689957446621224,15,8,none,0
JPNjd7ZJvo8,UC_7aK9PpYTqt08ERh1MewlQ,time,14,14.9578,27,20883.11,20242,24623.999999999993,0.8480793208605837,confirmed,0.3142093427336207,15,7,none,0
cirBprnMyA4,UCJquYOG5EL82sKTfH9aMA9Q,time,1,1.8261,28,298184.22,318055,443288.27429580543,0.6726643452888743,early,,15,8,none,0
cirBprnMyA4,UCJquYOG5EL82sKTfH9aMA9Q,time,2,1.8261,28,298184.22,318055,443288.27429580543,0.6726643452888743,early,,15,8,none,0
cirBprnMyA4,UCJquYOG5EL82sKTfH9aMA9Q,time,3,2.8261,28,235762.81,318055,447617.6967435451,0.5267057439696038,early,0.43822139178122416,15,7,none,0
cirBprnMyA4,UCJquYOG5EL82sKTfH9aMA9Q,time,5,4.8261,28,331755.87,318055,452454.79850384913,0.7332353811655288,likely,0.5624840041816765,15,7,none,0
cirBprnMyA4,UCJquYOG5EL82sKTfH9aMA9Q,time,7,6.8261,28,337899.16,318055,459621.66078365763,0.735168042504377,likely,0.53007041466436,15,6,none,0
cirBprnMyA4,UCJquYOG5EL82sKTfH9aMA9Q,time,14,13.8261,28,347953.68,318055,468319.6255607423,0.74298334211012,confirmed,0.39897363760491267,15,4,none,0
A-pqjLgFCqw,UCcjhYlL1WRBjKaJsMH_h7Lg,time,1,0.8333,29,81444.89,129949,205602.1485288619,0.3961285811441276,early,,15,11,none,0
A-pqjLgFCqw,UCcjhYlL1WRBjKaJsMH_h7Lg,time,2,1.8333,29,89618.37,129949,205602.1485288619,0.4358824520947845,early,0.8448871918989961,15,11,none,0
A-pqjLgFCqw,UCcjhYlL1WRBjKaJsMH_h7Lg,time,3,2.8333,29,165362.07,129949,207631.99999999985,0.7964190085234849,early,0.6394104098610408,15,10,none,0
A-pqjLgFCqw,UCcjhYlL1WRBjKaJsMH_h7Lg,time,5,4.8333,29,77138.61,129949,207631.99999999985,0.3715159931500299,likely,0.5189576010695509,15,10,none,0
A-pqjLgFCqw,UCcjhYlL1WRBjKaJsMH_h7Lg,time,7,6.8333,29,84567.08,129949,207631.99999999985,0.40729307162990924,likely,0.48327786341528384,15,10,none,0
A-pqjLgFCqw,UCcjhYlL1WRBjKaJsMH_h7Lg,time,14,13.8333,29,118597.17,129949,266588.9626624834,0.4448690008900791,confirmed,0.5107673406728097,15,9,none,0
WnViBFk4NHo,UCyQxAUfkTCfJdDO1nyr_a9w,time,14,13.5833,29,6621.42,6890,2039.9177760377022,3.245922655603925,confirmed,0.1257996908893237,15,13,none,0
3uL_sJwNLvw,UC82CC3slHM06qAeH1KpWOGg,time,7,8.9243,27,1465.80,1687,1044.9610688206092,1.4027361892208858,confirmed,,7,7,none,0
3uL_sJwNLvw,UC82CC3slHM06qAeH1KpWOGg,time,14,12.9243,27,1520.12,1687,1209,1.2573331592007315,confirmed,0.3285727426624272,15,14,none,0
bGaWTL43qDM,UCsv09iEutfmPwHGm40og7dg,time,1,1.0825,27,7037.39,21047,8067.498600669841,0.8723132359729858,early,,15,15,none,0
bGaWTL43qDM,UCsv09iEutfmPwHGm40og7dg,time,2,2.0825,27,5554.82,21047,7980.47839989725,0.6960510558504239,early,0.43072779477398015,15,14,none,0
bGaWTL43qDM,UCsv09iEutfmPwHGm40og7dg,time,3,3.0825,27,5420.92,21047,7887.675375484252,0.6872640332970508,likely,0.4142600361228898,15,14,none,0
bGaWTL43qDM,UCsv09iEutfmPwHGm40og7dg,time,5,4.0825,27,6213.24,21047,7898.802234337514,0.7866052844485524,likely,0.478044864755385,15,14,none,0
bGaWTL43qDM,UCsv09iEutfmPwHGm40og7dg,time,7,7.0825,27,7850.56,21047,7936.706679023101,0.9891457619348397,confirmed,0.4938039746637247,15,14,none,0
bGaWTL43qDM,UCsv09iEutfmPwHGm40og7dg,time,14,15.0825,27,8501.43,21047,8003.356547358301,1.0622332678347899,confirmed,0.44513417893273755,15,12,none,0
DYe6pWypaNo,UChISHLovxnSLP0w81NEQj5w,time,14,14.4508,27,2862.70,2778,17183.63303075176,0.16659458664862514,confirmed,0.010794663908141546,15,15,none,0
xIskeMTcuYg,UCBWgT48azZkWSpw-iKMlBRw,time,5,5.6824,28,1385.62,1362,,,insufficient,,1,1,none,0
xIskeMTcuYg,UCBWgT48azZkWSpw-iKMlBRw,time,7,6.6824,28,1841.58,1362,,,insufficient,0.7604460837091803,1,1,none,0
xIskeMTcuYg,UCBWgT48azZkWSpw-iKMlBRw,time,14,13.6824,28,1468.84,1362,,,insufficient,0.3210631794297695,1,1,none,0
atrWZ7Lkc3M,UCyNlnI6hQO3pVHswmGYvQxA,heldout,14,14.1591,30,10537.12,10409,27257.376067531484,0.3865785229799544,confirmed,,15,15,none,0
pmeeqaXIppU,UCDdUNivjRfrqIE71438HJqQ,time,5,4.7187,27,596.94,724,,,insufficient,,1,1,none,0
pmeeqaXIppU,UCDdUNivjRfrqIE71438HJqQ,time,7,6.7187,27,570.84,724,,,insufficient,0.241675261944235,1,1,none,0
pmeeqaXIppU,UCDdUNivjRfrqIE71438HJqQ,time,14,15.7187,27,672.84,724,,,insufficient,0.2927845393801671,1,1,none,0
zJ_F9w0ql9Q,UC7vAK04m8gUbeJ4oheQ8rCQ,time,5,6.8320,27,10052.85,12474,,,insufficient,,0,0,none,0
zJ_F9w0ql9Q,UC7vAK04m8gUbeJ4oheQ8rCQ,time,7,6.8320,27,10052.85,12474,,,insufficient,,0,0,none,0
zJ_F9w0ql9Q,UC7vAK04m8gUbeJ4oheQ8rCQ,time,14,12.8320,27,14110.83,12474,,,insufficient,0.5863541450603502,0,0,none,0
sZXnZ0uyikQ,UCsilEv_20FmmBr5CDzmTMgg,time,1,0.8539,29,15152.29,11369,31880.85715933868,0.47527860155106794,early,,15,9,none,0
sZXnZ0uyikQ,UCsilEv_20FmmBr5CDzmTMgg,time,2,1.8539,29,15791.95,11369,31814.600129756924,0.4963743979388901,early,0.7267445343702178,15,9,none,0
sZXnZ0uyikQ,UCsilEv_20FmmBr5CDzmTMgg,time,3,2.8539,29,13634.52,11369,31916.21139415575,0.42719736675602,early,0.5271996318361853,15,8,none,0
sZXnZ0uyikQ,UCsilEv_20FmmBr5CDzmTMgg,time,5,4.8539,29,11483.69,11369,32481.219226658253,0.3535486723989376,likely,0.3910446811518644,15,8,none,0
sZXnZ0uyikQ,UCsilEv_20FmmBr5CDzmTMgg,time,7,6.8539,29,13116.94,11369,32576.501765958117,0.40265031469199103,likely,0.352849595183656,15,8,none,0
sZXnZ0uyikQ,UCsilEv_20FmmBr5CDzmTMgg,time,14,13.8539,29,11700.94,11369,33033.77127993758,0.3542115690504329,confirmed,0.29381966214203553,15,7,none,0
M8-hIfEm6iM,UCgYej_4CT6jSRViJrJbDXHw,time,14,13.0829,28,1195.72,1282,2197.5550313919675,0.5441137552618356,confirmed,0.11384224921841664,15,14,none,0
99z-N2yTpa4,UCZEEC1w4jP1cV2dibuDFwIQ,heldout,14,13.8748,28,7035.83,6817,11587.413282034955,0.6071960136484319,confirmed,,14,13,none,0
ZE2XupnAcoE,UCEDLeLo3HNQZiJOTR2svg2A,time,5,5.4662,27,7743.96,8650,,,insufficient,,0,0,none,0
ZE2XupnAcoE,UCEDLeLo3HNQZiJOTR2svg2A,time,7,6.4662,27,8466.59,8650,,,insufficient,0.5582288369499724,0,0,none,0
ZE2XupnAcoE,UCEDLeLo3HNQZiJOTR2svg2A,time,14,13.4662,27,8709.41,8650,,,insufficient,0.3342679228803372,0,0,none,0
JqR-SLQDMwI,UCzJCrbhgN4ahgRq0BnI9g6w,time,14,13.9579,29,1734.17,1897,3507.4101137729385,0.4944298337651509,confirmed,0.272647386206668,15,14,none,0
K0QsFljy_J8,UCUpbDOT-OVNBlaQpb9pbd2w,time,3,3.5942,27,15325.64,10094,31634.24402334358,0.48446346701812393,likely,,15,15,none,0
K0QsFljy_J8,UCUpbDOT-OVNBlaQpb9pbd2w,time,5,4.5942,27,11193.46,10094,30831.61081743043,0.36305131640015137,likely,0.07767711885485067,15,15,none,0
K0QsFljy_J8,UCUpbDOT-OVNBlaQpb9pbd2w,time,7,6.5942,27,10987.49,10094,29310.347441978563,0.37486720289573705,likely,0.0661981641389263,15,15,none,0
K0QsFljy_J8,UCUpbDOT-OVNBlaQpb9pbd2w,time,14,12.5942,27,10386.33,10094,26685.6361497167,0.38921055298125873,confirmed,0.035911285785637334,15,15,none,0
jlSnIXTyo1w,UCEtxsMx4qsoitFwjBdLU_gA,time,5,4.8092,27,421.53,364,513.5943882817184,0.8207495224780161,likely,,3,3,none,0
jlSnIXTyo1w,UCEtxsMx4qsoitFwjBdLU_gA,time,7,7.8092,27,359.54,364,473.85304553729,0.7587637971343913,confirmed,0.12822721615398364,3,3,none,0
jlSnIXTyo1w,UCEtxsMx4qsoitFwjBdLU_gA,time,14,12.8092,27,355.51,364,453.1546562965513,0.7845273733034501,confirmed,0.1201874555196194,3,3,none,0
XYX2zn-zQn0,UCKegeYEy0lJxpkjWRthaRMw,time,14,14.0076,28,50616.90,48958,15318.000000000002,3.3044066407182795,confirmed,1.183311822135831,15,13,none,0
e51VEA_0KgQ,UCYzrlZP_m1cV51q9GGDHCMg,time,0.5,0.4383,27,149.40,110,282.78051819833877,0.5283306916770851,early,,14,14,none,0
e51VEA_0KgQ,UCYzrlZP_m1cV51q9GGDHCMg,time,1,1.4383,27,168.19,110,275.7246109489406,0.6099784565952953,early,0.7953994674282167,15,15,none,0
e51VEA_0KgQ,UCYzrlZP_m1cV51q9GGDHCMg,time,2,2.4383,27,133.16,110,269.76937632834927,0.49360884571508773,early,0.591099920111178,15,15,none,0
e51VEA_0KgQ,UCYzrlZP_m1cV51q9GGDHCMg,time,3,3.4383,27,133.74,110,264.556228512267,0.5055096892027442,likely,0.5130115813155475,15,15,none,0
e51VEA_0KgQ,UCYzrlZP_m1cV51q9GGDHCMg,time,5,5.4383,27,128.78,110,256.92312352088123,0.5012354578437139,likely,0.46967223766553046,15,15,none,0
e51VEA_0KgQ,UCYzrlZP_m1cV51q9GGDHCMg,time,7,7.4383,27,123.07,110,249.70703488253284,0.49285376515084794,confirmed,0.4216639183564349,15,15,none,0
e51VEA_0KgQ,UCYzrlZP_m1cV51q9GGDHCMg,time,14,15.4383,27,120.35,110,234.0460611985407,0.5142037759779357,confirmed,0.33088146494302173,15,15,none,0
PAikDF8fksE,UCnmGIkw-KdI0W5siakKPKog,heldout,1,0.8745,29,3900134.11,3249831,3205055.6717308806,1.2168693814250098,early,,6,6,none,0
PAikDF8fksE,UCnmGIkw-KdI0W5siakKPKog,heldout,7,8.8745,29,3408635.08,3249831,3171976.9724166496,1.074609025159143,confirmed,0.3320492666315341,15,15,none,0
PAikDF8fksE,UCnmGIkw-KdI0W5siakKPKog,heldout,14,14.8745,29,3394200.43,3249831,3183045.0189076085,1.0663375504971915,confirmed,0.29241638621176086,15,15,none,0
xvhaNuD8CCg,UCdjEFkZWl9eBgV8azx1A_hg,time,5,6.8272,29,697.64,682,,,insufficient,,1,1,none,0
xvhaNuD8CCg,UCdjEFkZWl9eBgV8azx1A_hg,time,7,6.8272,29,697.64,682,,,insufficient,,1,1,none,0
xvhaNuD8CCg,UCdjEFkZWl9eBgV8azx1A_hg,time,14,13.8272,29,659.25,682,,,insufficient,0.14301132201481132,1,1,none,0
EkfrE8E1rkM,UCTQuKo8v0PaPCvk5aRxc_Yg,heldout,0.5,0.5750,30,14241.87,26202,8733.964405490586,1.6306309258841445,early,,14,12,none,0
EkfrE8E1rkM,UCTQuKo8v0PaPCvk5aRxc_Yg,heldout,1,0.5750,30,14241.87,26202,8733.964405490586,1.6306309258841445,early,,14,12,none,0
EkfrE8E1rkM,UCTQuKo8v0PaPCvk5aRxc_Yg,heldout,5,4.5750,30,22158.10,26202,7866.4861330881085,2.8167723644230533,likely,0.7887387622508011,15,13,none,0
EkfrE8E1rkM,UCTQuKo8v0PaPCvk5aRxc_Yg,heldout,7,6.5750,30,21518.66,26202,7942.1050312791685,2.7094406084890896,likely,0.7035340343566692,15,12,none,0
EkfrE8E1rkM,UCTQuKo8v0PaPCvk5aRxc_Yg,heldout,14,14.5750,30,23168.97,26202,9127.871866986146,2.5382661283346897,confirmed,0.6234080664708519,15,11,none,0
EGp2RzokJA8,UCwsa-MpLNx4pnsM1PiQwhyQ,heldout,5,6.9581,30,239152.84,344777,488583.81780009274,0.48948170088895326,likely,,15,14,none,0
EGp2RzokJA8,UCwsa-MpLNx4pnsM1PiQwhyQ,heldout,7,6.9581,30,239152.84,344777,488583.81780009274,0.48948170088895326,likely,,15,14,none,0
EGp2RzokJA8,UCwsa-MpLNx4pnsM1PiQwhyQ,heldout,14,16.9581,30,321055.23,344777,508669.6700272397,0.6311664533915589,confirmed,0.4538885449441436,15,13,none,0
STAUQ68Lui4,UC6BW8DqrAmBEIeCtMa4bfBw,time,14,14.3850,29,2523.41,2437,3986.2677368946247,0.6330253965599587,confirmed,,15,15,none,0
SOBysPS6nJQ,UCg2EPgrZtxyZPdaprLgSqpQ,time,5,6.4419,28,94.45,79,,,insufficient,,0,0,none,0
SOBysPS6nJQ,UCg2EPgrZtxyZPdaprLgSqpQ,time,7,7.4419,28,82.46,79,,,insufficient,0,0,0,none,0
SOBysPS6nJQ,UCg2EPgrZtxyZPdaprLgSqpQ,time,14,14.4419,28,79.58,79,,,insufficient,0.036053035994912906,0,0,none,0
G9WwukClfZo,UC_1mrs0pBzQdPqUSmbJEeNg,heldout,1,1.8766,30,17428.57,46953,36135.582217570496,0.48231056219336416,early,,15,14,none,0
G9WwukClfZo,UC_1mrs0pBzQdPqUSmbJEeNg,heldout,2,1.8766,30,17428.57,46953,36135.582217570496,0.48231056219336416,early,,15,14,none,0
G9WwukClfZo,UC_1mrs0pBzQdPqUSmbJEeNg,heldout,3,2.8766,30,12447.57,46953,38557.15311739552,0.3228342616396568,early,0.23943969935677117,15,13,none,0
G9WwukClfZo,UC_1mrs0pBzQdPqUSmbJEeNg,heldout,5,4.8766,30,21909.44,46953,38965.97139241302,0.5622711573944447,likely,0.5878678216479944,15,13,none,0
G9WwukClfZo,UC_1mrs0pBzQdPqUSmbJEeNg,heldout,7,6.8766,30,24374.88,46953,38965.97139241302,0.6255426443803748,likely,0.6406693639843691,15,13,none,0
G9WwukClfZo,UC_1mrs0pBzQdPqUSmbJEeNg,heldout,14,13.8766,30,31148.18,46953,40911.82859461653,0.7613490107980163,confirmed,0.5907300080305831,15,13,none,0
N5xhOqlvRh4,UCR-DXc1voovS8nhAvccRZhg,time,1,0.8745,27,589758.88,561157,203123.9441124115,2.9034434232269324,early,,15,12,none,0
N5xhOqlvRh4,UCR-DXc1voovS8nhAvccRZhg,time,2,1.8745,27,714160.97,561157,203533.38677382248,3.508814850817909,early,0.841192699816055,15,12,none,0
N5xhOqlvRh4,UCR-DXc1voovS8nhAvccRZhg,time,3,2.8745,27,634166.71,561157,204260.03848663648,3.1047027809849044,early,0.6335818161493845,15,12,none,0
N5xhOqlvRh4,UCR-DXc1voovS8nhAvccRZhg,time,5,4.8745,27,602860.10,561157,204644.0000000001,2.9458967698340484,likely,0.5016720143864317,15,11,none,0
N5xhOqlvRh4,UCR-DXc1voovS8nhAvccRZhg,time,7,6.8745,27,546537.24,561157,204644.0000000001,2.6706731630517893,likely,0.4390180372763486,15,10,none,0
N5xhOqlvRh4,UCR-DXc1voovS8nhAvccRZhg,time,14,12.8745,27,564474.49,561157,204644.0000000001,2.7583241771958544,confirmed,0.3474444587019615,15,10,none,0