video_id,channel_id,split,t,day,truth_day,est30,actual30,baseline,score,confidence,q,n_baseline,priors_derived,coverage,changed
gXVpAVwN8F0,UCXuqSBlHAE6Xw-yeJA0Tunw,time,0.5,0.6570,27,1531913.64,1052514,1510126.6428617826,1.0144272654850353,early,,15,15,none,0
gXVpAVwN8F0,UCXuqSBlHAE6Xw-yeJA0Tunw,time,1,0.6570,27,1531913.64,1052514,1510126.6428617826,1.0144272654850353,early,,15,15,none,0
gXVpAVwN8F0,UCXuqSBlHAE6Xw-yeJA0Tunw,time,2,1.6570,27,1343183.56,1052514,1505184.9839108316,0.8923710835567589,early,0.6294327135051472,15,15,none,0
gXVpAVwN8F0,UCXuqSBlHAE6Xw-yeJA0Tunw,time,3,2.6570,27,1168620.10,1052514,1491021.6188105573,0.7837713968049997,early,0.46418311303300197,15,15,none,0
gXVpAVwN8F0,UCXuqSBlHAE6Xw-yeJA0Tunw,time,5,4.6570,27,1153975.24,1052514,1464572.4996897867,0.7879263325540826,likely,0.35852594073450716,15,15,none,0
gXVpAVwN8F0,UCXuqSBlHAE6Xw-yeJA0Tunw,time,7,6.6570,27,1143501.87,1052514,1433065.074130759,0.7979413450403771,likely,0.3224329335760399,15,15,none,0
gXVpAVwN8F0,UCXuqSBlHAE6Xw-yeJA0Tunw,time,14,12.6570,27,1067834.46,1052514,1344202.1324082753,0.794400209136212,confirmed,0.2604434432190668,15,9,none,0
L-xgMQ-7lW0,UC4w1YQAJMWOz4qtxinq55LQ,time,1,0.8745,27,64153.03,56595,30752.84498793308,2.0860842637583135,early,,15,11,none,0
L-xgMQ-7lW0,UC4w1YQAJMWOz4qtxinq55LQ,time,2,1.8745,27,58332.97,56595,30502.202137190026,1.9124182453300764,early,0.544559552849169,15,10,none,0
L-xgMQ-7lW0,UC4w1YQAJMWOz4qtxinq55LQ,time,3,2.8745,27,52585.11,56595,30470.736641063817,1.7257578620312057,early,0.46628341637764364,15,10,none,0
L-xgMQ-7lW0,UC4w1YQAJMWOz4qtxinq55LQ,time,5,4.8745,27,59783.70,56595,30142.089224502248,1.9833959271555954,likely,0.41821377668025717,15,10,none,0
L-xgMQ-7lW0,UC4w1YQAJMWOz4qtxinq55LQ,time,7,6.8745,27,58537.96,56595,30011.91925099166,1.9504902548558758,likely,0.3805297156359333,15,9,none,0
L-xgMQ-7lW0,UC4w1YQAJMWOz4qtxinq55LQ,time,14,12.8745,27,54255.17,56595,29404.969804522134,1.8451019576242769,confirmed,0.3098280484860467,15,6,none,0
UBHsjUYB_Ik,UC3lJL1pUvQ2Ih2qZ-4ozrLw,time,5,6.9786,27,567.94,536,,,insufficient,,2,2,none,0
UBHsjUYB_Ik,UC3lJL1pUvQ2Ih2qZ-4ozrLw,time,7,6.9786,27,567.94,536,,,insufficient,,2,2,none,0
UBHsjUYB_Ik,UC3lJL1pUvQ2Ih2qZ-4ozrLw,time,14,14.9786,27,499.33,536,3290.2736556712784,0.15175969991501445,confirmed,0.09870531998921535,12,12,none,0
5_hQX0gwRS8,UCQ_bmgSrYsQS0LboA_tZpEw,heldout,1,1.9998,30,332080.27,392887,214786.3982823679,1.5460954378808494,early,,14,14,none,0
5_hQX0gwRS8,UCQ_bmgSrYsQS0LboA_tZpEw,heldout,2,1.9998,30,332080.27,392887,214786.3982823679,1.5460954378808494,early,,14,14,none,0
5_hQX0gwRS8,UCQ_bmgSrYsQS0LboA_tZpEw,heldout,3,2.9998,30,235007.25,392887,212920.60417390973,1.1037318515403765,early,0.20275954183345804,15,14,none,0
5_hQX0gwRS8,UCQ_bmgSrYsQS0LboA_tZpEw,heldout,5,4.9998,30,349055.71,392887,210856.4891776339,1.655418399659408,likely,0.5017920702408103,15,14,none,0
5_hQX0gwRS8,UCQ_bmgSrYsQS0LboA_tZpEw,heldout,7,5.9998,30,373236.40,392887,210856.4891776339,1.7700968179288505,likely,0.48954933285436436,15,14,none,0
5_hQX0gwRS8,UCQ_bmgSrYsQS0LboA_tZpEw,heldout,14,13.9998,30,390069.61,392887,205410.82834183986,1.8989729880677408,confirmed,0.40937900575730224,15,13,none,0
dBUnU7MwTDw,UCx0irbDsRLjMvEXaW56cqlQ,time,5,6.9994,27,6778.72,6501,5349,1.2672867541278192,likely,,15,14,none,0
dBUnU7MwTDw,UCx0irbDsRLjMvEXaW56cqlQ,time,7,6.9994,27,6778.72,6501,5349,1.2672867541278192,likely,,15,14,none,0
dBUnU7MwTDw,UCx0irbDsRLjMvEXaW56cqlQ,time,14,14.9994,27,7028.48,6501,5349,1.313979270357635,confirmed,0.22188279332471433,15,11,none,0
Ak0TudcBVqU,UCNh7tqEn68tf0oOfq4NsFsg,time,2,2.7081,28,540.67,599,,,insufficient,,0,0,none,0
Ak0TudcBVqU,UCNh7tqEn68tf0oOfq4NsFsg,time,3,2.7081,28,540.67,599,,,insufficient,,0,0,none,0
Ak0TudcBVqU,UCNh7tqEn68tf0oOfq4NsFsg,time,5,4.7081,28,432.27,599,781.4989251582833,0.5531277945057608,likely,0.24492740545778882,12,12,none,0
Ak0TudcBVqU,UCNh7tqEn68tf0oOfq4NsFsg,time,7,6.7081,28,492.41,599,825.8075561527385,0.5962744280064578,likely,0.24179005056564104,15,15,none,0
Ak0TudcBVqU,UCNh7tqEn68tf0oOfq4NsFsg,time,14,13.7081,28,480.92,599,820.1590160733643,0.5863694085906648,confirmed,0.18992013705015126,15,15,none,0
5xI9vz_RFMU,UCnwAlhoB5rVhh6y5P96RXAw,time,1,0.9582,27,32370.57,73201,60725.2837540852,0.5330658121945805,early,,15,15,none,0
5xI9vz_RFMU,UCnwAlhoB5rVhh6y5P96RXAw,time,2,1.9582,27,31111.15,73201,64411.60044337612,0.48300533715724797,early,0.6986637364237717,15,15,none,0
5xI9vz_RFMU,UCnwAlhoB5rVhh6y5P96RXAw,time,3,2.9582,27,37749.45,73201,64411.60044337612,0.5860659551497985,early,0.6595855500021032,15,15,none,0
5xI9vz_RFMU,UCnwAlhoB5rVhh6y5P96RXAw,time,5,5.9582,27,91891.86,73201,73930.22037095355,1.2429539802846328,likely,1.0209005824843713,15,13,none,0
5xI9vz_RFMU,UCnwAlhoB5rVhh6y5P96RXAw,time,7,6.9582,27,109400.71,73201,75681.72167145103,1.4455367675210078,likely,0.9432395618925354,15,13,none,0
5xI9vz_RFMU,UCnwAlhoB5rVhh6y5P96RXAw,time,14,14.9582,27,106546.89,73201,109867.99999999997,0.9697718153248545,confirmed,0.7617304596537494,15,8,none,0
45_D5IAIbkY,UCb_JYhqnSdEejiznUm3XNqQ,time,3,3.9871,27,556.52,7407,,,insufficient,,1,1,none,0
45_D5IAIbkY,UCb_JYhqnSdEejiznUm3XNqQ,time,5,4.9871,27,857.21,7407,,,insufficient,1.4679098422328203,1,1,none,0
45_D5IAIbkY,UCb_JYhqnSdEejiznUm3XNqQ,time,7,6.9871,27,1277.29,7407,,,insufficient,1.7035945344328673,1,1,none,0
45_D5IAIbkY,UCb_JYhqnSdEejiznUm3XNqQ,time,14,14.9871,27,2871.76,7407,,,insufficient,1.6017037660112705,1,1,none,0
xLyCu8-W57g,UC3lJL1pUvQ2Ih2qZ-4ozrLw,time,5,6.9782,27,507.49,519,235.65212692328927,2.15355910644662,likely,,7,7,none,0
xLyCu8-W57g,UC3lJL1pUvQ2Ih2qZ-4ozrLw,time,7,6.9782,27,507.49,519,235.65212692328927,2.15355910644662,likely,,7,7,none,0
xLyCu8-W57g,UC3lJL1pUvQ2Ih2qZ-4ozrLw,time,14,14.9782,27,526.18,519,530.0936448257564,0.9926246607859053,confirmed,0.2214455540205495,12,12,none,0
whvZomhSeEM,UCC_ycdL5_Rw9b6UEmtmUE3g,time,5,4.9882,28,18277.76,20797,,,insufficient,,2,2,none,0
whvZomhSeEM,UCC_ycdL5_Rw9b6UEmtmUE3g,time,7,6.9882,28,19022.55,20797,,,insufficient,0.3793970585423138,2,2,none,0
whvZomhSeEM,UCC_ycdL5_Rw9b6UEmtmUE3g,time,14,12.9882,28,20883.37,20797,,,insufficient,0.3362690231106134,2,2,none,0
EGp2RzokJA8,UCwsa-MpLNx4pnsM1PiQwhyQ,heldout,5,6.9581,30,239152.83,344777,488583.81780009274,0.489481680421763,likely,,15,14,none,0
EGp2RzokJA8,UCwsa-MpLNx4pnsM1PiQwhyQ,heldout,7,6.9581,30,239152.83,344777,488583.81780009274,0.489481680421763,likely,,15,14,none,0
EGp2RzokJA8,UCwsa-MpLNx4pnsM1PiQwhyQ,heldout,14,16.9581,30,320932.33,344777,508681.1136997346,0.6309106483847247,confirmed,0.4538885449441436,15,13,none,0
pN7XXZavnaY,UCcTiu6qN0sm433gR8wjoVCA,time,3,3.9583,27,3302.68,2755,,,insufficient,,2,2,none,0
pN7XXZavnaY,UCcTiu6qN0sm433gR8wjoVCA,time,5,4.9583,27,2836.93,2755,,,insufficient,0.3048652418995958,2,2,none,0
pN7XXZavnaY,UCcTiu6qN0sm433gR8wjoVCA,time,7,6.9583,27,2520.78,2755,,,insufficient,0.20300281732999675,2,2,none,0
pN7XXZavnaY,UCcTiu6qN0sm433gR8wjoVCA,time,14,14.9583,27,2753.06,2755,,,insufficient,0.1683422994535728,2,2,none,0
ynu_7PUh0Zs,UCH6Oc4MAJzzmK0SM805ZnjQ,time,2,2.9368,28,2042.17,2843,3933.9854222087015,0.5191103508286508,early,,15,14,none,0
ynu_7PUh0Zs,UCH6Oc4MAJzzmK0SM805ZnjQ,time,3,2.9368,28,2042.17,2843,3933.9854222087015,0.5191103508286508,early,,15,14,none,0
ynu_7PUh0Zs,UCH6Oc4MAJzzmK0SM805ZnjQ,time,5,5.9368,28,2235.07,2843,4018.8775300064667,0.5561436258476169,likely,0.3950116998787883,15,14,none,0
ynu_7PUh0Zs,UCH6Oc4MAJzzmK0SM805ZnjQ,time,7,6.9368,28,2211.16,2843,4018.8775300064667,0.5501928353218669,likely,0.43146116585731176,15,14,none,0
ynu_7PUh0Zs,UCH6Oc4MAJzzmK0SM805ZnjQ,time,14,13.9368,28,2759.92,2843,4268.277038066424,0.6466126769240145,confirmed,0.45508601572857244,15,13,none,0
duFpO13-pTA,UCRQc4NTDrz0Qncp7zx3YM1g,time,14,15.0204,27,10285.18,9710,8921.999999999995,1.1527882878347693,confirmed,0.328947167579876,15,10,none,0
ts0Q_HNo_LA,UCAuUUnT6oDeKwE6v1NGQxug,heldout,5,4.8737,27,23311.56,22087,24038.047538306142,0.9697775195779345,likely,,3,3,none,0
ts0Q_HNo_LA,UCAuUUnT6oDeKwE6v1NGQxug,time,5,4.8737,27,23311.56,22087,24038.047538306142,0.9697775195779345,likely,,3,3,none,0
ts0Q_HNo_LA,UCAuUUnT6oDeKwE6v1NGQxug,heldout,7,6.8737,27,22562.45,22087,24257.028837032107,0.9301405370592617,likely,0.28713899972647905,3,3,none,0
ts0Q_HNo_LA,UCAuUUnT6oDeKwE6v1NGQxug,time,7,6.8737,27,22562.45,22087,24257.028837032107,0.9301405370592617,likely,0.28713899972647905,3,3,none,0
ts0Q_HNo_LA,UCAuUUnT6oDeKwE6v1NGQxug,heldout,14,15.8737,27,22666.02,22087,23515.08673361868,0.9638928334625797,confirmed,0.18677227561389362,3,3,none,0
ts0Q_HNo_LA,UCAuUUnT6oDeKwE6v1NGQxug,time,14,15.8737,27,22666.02,22087,23515.08673361868,0.9638928334625797,confirmed,0.18677227561389362,3,3,none,0
sYxX2Z4tzbs,UCAmsTmQTOPbSfXs6QIDgGXg,time,14,13.6874,28,330.26,330,1483.8044998448756,0.2225794846078033,confirmed,0.2596050067022025,15,13,none,0
gTjQShtWe7A,UCekqigelo-rjhHWL1NEL4yw,time,14,12.7910,27,234.92,225,252.71327214049407,0.9296010272098025,confirmed,,15,12,none,0
OrA8YDUwSbw,UCc99RaVe8PKgly2T3QNBWLw,time,5,4.6198,27,54.39,47,,,insufficient,,2,2,none,0
OrA8YDUwSbw,UCc99RaVe8PKgly2T3QNBWLw,time,7,6.6198,27,42.87,47,,,insufficient,-0.0831585446673127,2,2,none,0
OrA8YDUwSbw,UCc99RaVe8PKgly2T3QNBWLw,time,14,15.6198,27,51.02,47,,,insufficient,0.14873098677436522,2,2,none,0
6O61LmfGReQ,UC0ArlFuFYMpEewyRBzdLHiw,time,7,7.2905,28,2644.49,2259,4572.042929077672,0.5784050936421595,confirmed,,15,15,none,0
6O61LmfGReQ,UC0ArlFuFYMpEewyRBzdLHiw,time,14,13.2905,28,2271.28,2259,4558.000000000001,0.4983071108985101,confirmed,0.08293225087785737,15,13,none,0
DvMA-1sBhpU,UCll3zdukvI1oWlG-F13UCZw,heldout,1,1.0299,31,12909.82,13701,1461.8788508175185,8.830978898347052,early,,15,15,none,0
DvMA-1sBhpU,UCll3zdukvI1oWlG-F13UCZw,heldout,2,1.0299,31,12909.82,13701,1461.8788508175185,8.830978898347052,early,,15,15,none,0
DvMA-1sBhpU,UCll3zdukvI1oWlG-F13UCZw,heldout,14,16.0299,31,15250.70,13701,1302.1433077944985,11.711998242233962,confirmed,0.42858182805120565,15,13,none,0
zvCZANVXaKw,UCx6yJsJ8qmJu7ja-hTQglRA,time,1,0.9868,27,9777.19,21937,10434.894429168244,0.936970209103636,early,,15,13,none,0
zvCZANVXaKw,UCx6yJsJ8qmJu7ja-hTQglRA,time,2,1.9868,27,16505.34,21937,10739.605811843023,1.5368665804334387,early,1.230401510389345,15,13,none,0
zvCZANVXaKw,UCx6yJsJ8qmJu7ja-hTQglRA,time,3,2.9868,27,18951.54,21937,10739.605811843023,1.7646403003222038,early,1.1154012386588983,15,13,none,0
zvCZANVXaKw,UCx6yJsJ8qmJu7ja-hTQglRA,time,5,4.9868,27,30183.65,21937,11004.048904501817,2.7429584621349,likely,1.249551566670998,15,13,none,0
zvCZANVXaKw,UCx6yJsJ8qmJu7ja-hTQglRA,time,7,7.9868,27,30790.30,21937,11270.896596155202,2.731841239158519,confirmed,1.0160600742994543,15,13,none,0
zvCZANVXaKw,UCx6yJsJ8qmJu7ja-hTQglRA,time,14,14.9868,27,27810.78,21937,11601.099635342642,2.397253937456533,confirmed,0.7819879872905935,15,12,none,0
s9zMTn0QOMs,UCso1B56GyEtnhn2OPENKXoQ,time,14,15.1655,27,64.10,66,161.5388673303643,0.3967856933423088,confirmed,0.0792116390830274,15,15,none,0
PyuikiggdYs,UC45mrEqnoknLzwvYJgJ9Teg,time,0.5,0.6875,29,8299.49,24764,1256.4408082290693,6.605552882370503,early,,15,14,none,0
PyuikiggdYs,UC45mrEqnoknLzwvYJgJ9Teg,time,1,0.6875,29,8299.49,24764,1256.4408082290693,6.605552882370503,early,,15,14,none,0
PyuikiggdYs,UC45mrEqnoknLzwvYJgJ9Teg,time,2,1.6875,29,9186.42,24764,1256.4408082290693,7.311463329872645,early,0.7942918095501517,15,14,none,0
PyuikiggdYs,UC45mrEqnoknLzwvYJgJ9Teg,time,3,2.6875,29,9722.89,24764,1312.2776057857304,7.4091707900004575,early,0.7285630717589601,15,13,none,0
PyuikiggdYs,UC45mrEqnoknLzwvYJgJ9Teg,time,5,4.6875,29,11897.93,24764,1441.0684404319336,8.256328663280504,likely,0.7420286757805977,15,13,none,0
PyuikiggdYs,UC45mrEqnoknLzwvYJgJ9Teg,time,7,6.6875,29,16293.17,24764,1452.9999999999995,11.213466274761885,likely,0.7660603819208838,15,12,none,0
PyuikiggdYs,UC45mrEqnoknLzwvYJgJ9Teg,time,14,13.6875,29,22353.44,24764,1452.9999999999995,15.384334995911324,confirmed,0.7760155882946546,15,10,none,0
w-psE8_l0s8,UCBhPkAuGks2UkizNMbtW6uw,time,5,5.0827,27,64263.20,97584,77.7295049765725,826.754239785336,likely,-0.0011856761612808893,7,7,none,0
w-psE8_l0s8,UCBhPkAuGks2UkizNMbtW6uw,time,7,7.0827,27,61715.59,97584,79.91542089640316,772.2613623636403,confirmed,-0.008316642507182991,7,7,none,0
w-psE8_l0s8,UCBhPkAuGks2UkizNMbtW6uw,time,14,15.0827,27,58055.75,97584,74.38503998574652,780.4761688064517,confirmed,-0.0030708973210745697,7,7,none,0
nMPiGLlVhYw,UCpXipTyhIY9kprpvVd-lu0A,heldout,7,8.8437,30,147425.44,174167,54344.54065473273,2.712792146229913,confirmed,,15,15,none,0
nMPiGLlVhYw,UCpXipTyhIY9kprpvVd-lu0A,heldout,14,13.8437,30,156672.00,174167,53111.86347824507,2.9498494789867684,confirmed,0.33135788441678854,15,15,none,0
ne3HBunM_WM,UCLFgO1aEI66fh06p6u6-juw,time,0.5,0.7153,27,16867.13,13027,9594.625833602051,1.7579764216016929,early,,14,14,none,0
ne3HBunM_WM,UCLFgO1aEI66fh06p6u6-juw,time,1,0.7153,27,16867.13,13027,9594.625833602051,1.7579764216016929,early,,14,14,none,0
ne3HBunM_WM,UCLFgO1aEI66fh06p6u6-juw,time,2,1.7153,27,14125.39,13027,9647.972727051105,1.4640790241672106,early,0.5471103437336977,15,15,none,0
ne3HBunM_WM,UCLFgO1aEI66fh06p6u6-juw,time,3,2.7153,27,15124.67,13027,9918.281242672023,1.5249281647139623,early,0.49029210855766364,15,15,none,0
ne3HBunM_WM,UCLFgO1aEI66fh06p6u6-juw,time,5,4.7153,27,15219.59,13027,10226.57980463094,1.488238074634452,likely,0.4538500001774023,15,15,none,0
ne3HBunM_WM,UCLFgO1aEI66fh06p6u6-juw,time,7,6.7153,27,14741.05,13027,10238.762761434096,1.4397296981846743,likely,0.4015640410953655,15,15,none,0
ne3HBunM_WM,UCLFgO1aEI66fh06p6u6-juw,time,14,12.7153,27,13643.09,13027,11034.714827352378,1.2363791363351053,confirmed,0.31900518738604583,15,14,none,0
TAXPyRnWwI0,UCyaN6mg5u8Cjy2ZI4ikWaug,time,1,1.6045,28,58088.21,80115,57721.79222795174,1.006347972048487,early,,15,11,none,0
TAXPyRnWwI0,UCyaN6mg5u8Cjy2ZI4ikWaug,time,2,1.6045,28,58088.21,80115,57721.79222795174,1.006347972048487,early,,15,11,none,0
TAXPyRnWwI0,UCyaN6mg5u8Cjy2ZI4ikWaug,time,3,2.6045,28,61372.25,80115,57581.012413593446,1.065841723649653,early,0.5906499968858365,15,10,none,0
TAXPyRnWwI0,UCyaN6mg5u8Cjy2ZI4ikWaug,time,5,4.6045,28,64153.95,80115,57389.76521414501,1.1178639862186768,likely,0.5184473924670454,15,9,none,0
TAXPyRnWwI0,UCyaN6mg5u8Cjy2ZI4ikWaug,time,7,6.6045,28,80040.82,80115,59338.78790700888,1.3488785606878186,likely,0.5858762597044879,15,9,none,0
TAXPyRnWwI0,UCyaN6mg5u8Cjy2ZI4ikWaug,time,14,13.6045,28,92255.79,80115,59271.60816874389,1.5564921056364815,confirmed,0.4766380987304037,15,8,none,0
Kg0hwDOxX5k,UCGWNHkr2WZcRbxqoet-nyeg,time,14,12.9017,27,1058.26,1161,2629.2288555282234,0.40249803703010967,confirmed,,15,15,none,0
cBKAYlAVqXo,UChKlSK39lLg8eZHIX0iVzLA,heldout,14,13.7080,30,118758.87,128224,,,insufficient,,9,9,none,0
DIo6IFV78oo,UCQHX6ViZmPsWiYSFAyS0a3Q,time,0.5,0.7118,27,439182.47,244315,430430.4459225085,1.0203331955869985,early,,14,14,none,0
DIo6IFV78oo,UCQHX6ViZmPsWiYSFAyS0a3Q,time,1,0.7118,27,439182.47,244315,430430.4459225085,1.0203331955869985,early,,14,14,none,0
DIo6IFV78oo,UCQHX6ViZmPsWiYSFAyS0a3Q,time,2,1.7118,27,324610.52,244315,471071.87475674256,0.6890891582043506,early,0.4441216177951249,15,15,none,0
DIo6IFV78oo,UCQHX6ViZmPsWiYSFAyS0a3Q,time,3,2.7118,27,294998.66,244315,444668.8138021619,0.6634120668209946,early,0.3103677613383705,15,15,none,0
DIo6IFV78oo,UCQHX6ViZmPsWiYSFAyS0a3Q,time,5,4.7118,27,251785.73,244315,419330.13090902835,0.6004474964735113,likely,0.23949674435587695,15,15,none,0
DIo6IFV78oo,UCQHX6ViZmPsWiYSFAyS0a3Q,time,7,6.7118,27,250641.88,244315,407236.6046314036,0.615469924918096,likely,0.21315560043086504,15,15,none,0
DIo6IFV78oo,UCQHX6ViZmPsWiYSFAyS0a3Q,time,14,12.7118,27,239286.06,244315,382637.560800008,0.6253595573639926,confirmed,0.16998467362593872,15,12,none,0
nhrMhcCE1kA,UCFF20WbbyKSiYQe0J6a7HTQ,time,5,4.9990,28,12206.48,15011,,,insufficient,,0,0,none,0
nhrMhcCE1kA,UCFF20WbbyKSiYQe0J6a7HTQ,time,7,6.9990,28,18071.26,15011,,,insufficient,0.7308927427808377,0,0,none,0
nhrMhcCE1kA,UCFF20WbbyKSiYQe0J6a7HTQ,time,14,12.9990,28,15563.25,15011,,,insufficient,0.4661070598212876,0,0,none,0
CaRsHjDHr5Y,UCtiGeFDbY7iVDODlLKQ5onw,time,14,14.6555,29,211.65,247,362.51140213546626,0.5838489200720769,confirmed,,15,15,none,0
qZSJNxKTGrE,UC3viByea5zDX2-zr1qFgU2g,time,3,3.9660,27,5904.54,3728,,,insufficient,,0,0,none,0
qZSJNxKTGrE,UC3viByea5zDX2-zr1qFgU2g,time,5,4.9660,27,4248.55,3728,,,insufficient,0.0014634851065829628,0,0,none,0
qZSJNxKTGrE,UC3viByea5zDX2-zr1qFgU2g,time,7,6.9660,27,4093.93,3728,,,insufficient,0,0,0,none,0
qZSJNxKTGrE,UC3viByea5zDX2-zr1qFgU2g,time,14,14.9660,27,3851.98,3728,,,insufficient,0.0004597475421206431,0,0,none,0
WtyDkr9lM3g,UCc2lUKVOTXKlQR7Fm7h1JfQ,time,5,6.9061,29,28885.42,25872,,,insufficient,,0,0,none,0
WtyDkr9lM3g,UCc2lUKVOTXKlQR7Fm7h1JfQ,time,7,6.9061,29,28885.42,25872,,,insufficient,,0,0,none,0
WtyDkr9lM3g,UCc2lUKVOTXKlQR7Fm7h1JfQ,time,14,13.9061,29,25485.52,25872,,,insufficient,0.1136400903170104,0,0,none,0
3aLI_fPUquo,UC5_SBQbLA9Kg7Jh5GpXoP3g,time,1,0.9591,29,626.53,533,770.4139739675793,0.8132344879738731,early,,15,14,none,0
3aLI_fPUquo,UC5_SBQbLA9Kg7Jh5GpXoP3g,time,2,1.9591,29,601.82,533,770.4139739675793,0.7811599141460972,early,0.6975895430827299,15,14,none,0
3aLI_fPUquo,UC5_SBQbLA9Kg7Jh5GpXoP3g,time,3,2.9591,29,802.47,533,770.4139739675793,1.0416066220036906,early,0.7931114686907164,15,14,none,0
3aLI_fPUquo,UC5_SBQbLA9Kg7Jh5GpXoP3g,time,5,4.9591,29,645.13,533,773.6015252784867,0.8339342885973225,likely,0.5191521794437729,15,12,none,0
3aLI_fPUquo,UC5_SBQbLA9Kg7Jh5GpXoP3g,time,7,6.9591,29,607.66,533,778.1164069660861,0.7809320664209317,likely,0.43313753589090315,15,12,none,0
3aLI_fPUquo,UC5_SBQbLA9Kg7Jh5GpXoP3g,time,14,13.9591,29,688.15,533,784.3413382218151,0.8773571460278581,confirmed,0.3285718653712617,15,12,none,0
jep3NQ65vd0,UCxEQsjgRRfGWiJJu_PDygxw,time,14,13.4478,28,427086.13,423852,254046.6053251597,1.6811329895619895,confirmed,0.04724752168206766,15,13,none,0
VBJ63rblwBY,UCCZLVYAGIoGvaFUrTyyeaXA,time,5,6.0256,29,4388.60,3638,21255.4594955752,0.20646925856059745,likely,,4,4,none,0
VBJ63rblwBY,UCCZLVYAGIoGvaFUrTyyeaXA,time,7,7.0256,29,3886.15,3638,20899.271659370144,0.1859467073948888,confirmed,0.107045529694028,4,4,none,0
VBJ63rblwBY,UCCZLVYAGIoGvaFUrTyyeaXA,time,14,14.0256,29,3707.25,3638,19374.66909264201,0.19134509771976377,confirmed,0.03758142607825731,4,4,none,0
SpH5EJEiRnU,UC6BW8DqrAmBEIeCtMa4bfBw,time,14,13.3266,28,4472.39,4100,3757.184108647544,1.1903576458810128,confirmed,,15,15,none,0
Fxp9-97auQ0,UCAGgFGwq4HZKLZ4gXo9xLiw,time,5,6.0307,29,1652.18,1380,4797.807186539013,0.3443611568103607,likely,,4,4,none,0
Fxp9-97auQ0,UCAGgFGwq4HZKLZ4gXo9xLiw,time,7,7.0307,29,1476.41,1380,4727.7567741150515,0.31228499173606883,confirmed,0.17560783118244175,4,4,none,0
Fxp9-97auQ0,UCAGgFGwq4HZKLZ4gXo9xLiw,time,14,14.0307,29,1422.52,1380,4332.040397503925,0.32837288197579545,confirmed,0.06268439000427038,4,4,none,0
kDoHzbiOQHs,UCB2zycIY_qMKZjlE98zO4gg,time,7,8.8749,28,1968.26,1967,2173.6268527486905,0.9055180277617514,confirmed,,12,8,none,0
kDoHzbiOQHs,UCB2zycIY_qMKZjlE98zO4gg,time,14,13.8749,28,1971.51,1967,2109.4263342439867,0.9346194027748395,confirmed,0.29114274325794914,15,9,none,0
pk-D6lXw6Lo,UC8fQzKHIhSoZeSq3bwQx4mw,time,5,6.7976,27,312.30,274,,,insufficient,,0,0,none,0
pk-D6lXw6Lo,UC8fQzKHIhSoZeSq3bwQx4mw,time,7,6.7976,27,312.30,274,,,insufficient,,0,0,none,0
pk-D6lXw6Lo,UC8fQzKHIhSoZeSq3bwQx4mw,time,14,12.7976,27,267.76,274,,,insufficient,0.07604871984441143,0,0,none,0
RNt__s1A9TI,UC0T6MVd3wQDB5ICAe45OxaQ,time,14,13.9162,29,6361.04,6407,9653.142439364397,0.6589607527448396,confirmed,0.08518751697779692,15,15,none,0
g_Iu0-nJR5E,UCsifPO4MT6BdV19vYx3KJ0Q,heldout,5,5.0823,29,2145.69,2423,1731.554678361273,1.2391672672983058,likely,,13,12,none,0
g_Iu0-nJR5E,UCsifPO4MT6BdV19vYx3KJ0Q,time,5,5.0823,29,2145.69,2423,1731.554678361273,1.2391672672983058,likely,,13,12,none,0
g_Iu0-nJR5E,UCsifPO4MT6BdV19vYx3KJ0Q,heldout,7,7.0823,29,2496.38,2423,1841.1295562327334,1.355895005757964,confirmed,0.4941329491229036,15,13,none,0
g_Iu0-nJR5E,UCsifPO4MT6BdV19vYx3KJ0Q,time,7,7.0823,29,2496.38,2423,1841.1295562327334,1.355895005757964,confirmed,0.4941329491229036,15,13,none,0
g_Iu0-nJR5E,UCsifPO4MT6BdV19vYx3KJ0Q,heldout,14,14.0823,29,2499.46,2423,1875.18789491195,1.3329138351125605,confirmed,0.33546502296659686,15,11,none,0
g_Iu0-nJR5E,UCsifPO4MT6BdV19vYx3KJ0Q,time,14,14.0823,29,2499.46,2423,1875.18789491195,1.3329138351125605,confirmed,0.33546502296659686,15,11,none,0
exWKlZWo2kA,UCI3yTtc0kShZ-S_Qsd5VTSQ,time,1,0.8743,27,664046.83,2458836,457646.7878255846,1.4510029339419432,early,,14,14,none,0
exWKlZWo2kA,UCI3yTtc0kShZ-S_Qsd5VTSQ,time,2,1.8743,27,1088130.45,2458836,457646.7878255846,2.3776643461962115,early,1.103523594589508,14,14,none,0
exWKlZWo2kA,UCI3yTtc0kShZ-S_Qsd5VTSQ,time,3,2.8743,27,1242677.19,2458836,457646.7878255846,2.715363069122183,early,1.0214061697426728,14,14,none,0
exWKlZWo2kA,UCI3yTtc0kShZ-S_Qsd5VTSQ,time,5,4.8743,27,1842709.72,2458836,465286.043813016,3.9603803838763816,likely,1.1132173105588177,14,14,none,0
exWKlZWo2kA,UCI3yTtc0kShZ-S_Qsd5VTSQ,time,7,6.8743,27,2120047.97,2458836,465286.043813016,4.556440055059795,likely,1.0778860666443293,14,14,none,0
exWKlZWo2kA,UCI3yTtc0kShZ-S_Qsd5VTSQ,time,14,12.8743,27,2292576.65,2458836,473909.35215398704,4.837584744105114,confirmed,0.9385215342906054,14,14,none,0
Uq3JztvbuWI,UChp9CTuvR1yfh_qLnvxm8cA,heldout,1,0.9160,29,14268.50,35613,94839.54279928566,0.1504488184530828,early,,14,14,none,0
Uq3JztvbuWI,UChp9CTuvR1yfh_qLnvxm8cA,heldout,3,3.9160,29,39507.88,35613,99775.09430981419,0.39596931690324744,likely,1.202894926262612,14,14,none,0
Uq3JztvbuWI,UChp9CTuvR1yfh_qLnvxm8cA,heldout,5,4.9160,29,38427.10,35613,101226.09072231255,0.3796165400333697,likely,1.1013959213878808,14,14,none,0
Uq3JztvbuWI,UChp9CTuvR1yfh_qLnvxm8cA,heldout,7,5.9160,29,41004.34,35613,102870.89637343942,0.39860004035372837,likely,1.0179604775346465,14,14,none,0
Uq3JztvbuWI,UChp9CTuvR1yfh_qLnvxm8cA,heldout,14,13.9160,29,35328.52,35613,115692.68557023702,0.3053651935464629,confirmed,0.7534736382625798,14,14,none,0
5wNrmU0MPkc,UCfAgm2ONoRBLFdN2--VC8xg,time,5,5.2028,27,108.78,90,,,insufficient,,1,1,none,0
5wNrmU0MPkc,UCfAgm2ONoRBLFdN2--VC8xg,time,7,7.2028,27,90.15,90,,,insufficient,0.08835350973442209,1,1,none,0
5wNrmU0MPkc,UCfAgm2ONoRBLFdN2--VC8xg,time,14,13.2028,27,88.91,90,,,insufficient,0.08729747883750334,1,1,none,0
9J1f3fCsOMg,UCKmkpoEqg1sOMGEiIysP8Tw,time,5,4.8672,28,29773.09,62370,63144.55488334703,0.47150686727316476,likely,,15,15,none,0
9J1f3fCsOMg,UCKmkpoEqg1sOMGEiIysP8Tw,time,7,6.8672,28,55512.26,62370,62237.83662243873,0.8919374983933697,likely,1.5032486701247105,15,15,none,0
9J1f3fCsOMg,UCKmkpoEqg1sOMGEiIysP8Tw,time,14,12.8672,28,72970.40,62370,60186.05344368291,1.2124138359527799,confirmed,1.1250662398039655,15,15,none,0
BaksFFzrdBQ,UCGxjDWAN1KwrkXYVi8CXtjQ,time,1,0.9998,27,19146.29,39293,21842.999999999993,0.8765411148230751,early,,15,9,none,0
BaksFFzrdBQ,UCGxjDWAN1KwrkXYVi8CXtjQ,time,2,1.9998,27,19716.41,39293,21842.999999999993,0.9026421067180436,early,0.6298753334968942,15,8,none,0
BaksFFzrdBQ,UCGxjDWAN1KwrkXYVi8CXtjQ,time,3,2.9998,27,20832.43,39293,21842.999999999993,0.9537349841320396,early,0.6201724712481499,15,8,none,0
BaksFFzrdBQ,UCGxjDWAN1KwrkXYVi8CXtjQ,time,5,5.9998,27,39658.07,39293,21842.999999999993,1.8155963204738932,likely,0.8961109227334202,15,7,none,0
BaksFFzrdBQ,UCGxjDWAN1KwrkXYVi8CXtjQ,time,7,6.9998,27,42189.73,39293,21842.999999999993,1.9314988173696028,likely,0.8539990799424119,15,7,none,0
BaksFFzrdBQ,UCGxjDWAN1KwrkXYVi8CXtjQ,time,14,14.9998,27,44794.35,39293,21842.999999999993,2.0507418805688395,confirmed,0.7126682216400987,15,3,none,0
K5yfMcVaXIE,UCkr6cLAnZiz5NH0NzjNK8rg,time,0.5,0.6676,27,97525.60,78829,113055.08437042125,0.8626378980246279,early,,14,14,none,0
K5yfMcVaXIE,UCkr6cLAnZiz5NH0NzjNK8rg,time,1,0.6676,27,97525.60,78829,113055.08437042125,0.8626378980246279,early,,14,14,none,0
K5yfMcVaXIE,UCkr6cLAnZiz5NH0NzjNK8rg,time,2,1.6676,27,105556.52,78829,86003.09376496435,1.2273572961844652,early,0.7391369498329331,15,15,none,0
K5yfMcVaXIE,UCkr6cLAnZiz5NH0NzjNK8rg,time,3,2.6676,27,107986.54,78829,85246.30817898794,1.2667591361419779,early,0.6510576405190718,15,14,none,0
K5yfMcVaXIE,UCkr6cLAnZiz5NH0NzjNK8rg,time,5,4.6676,27,91939.06,78829,84565.87697697093,1.0871886303777563,likely,0.4822968395743337,15,12,none,0
K5yfMcVaXIE,UCkr6cLAnZiz5NH0NzjNK8rg,time,7,6.6676,27,86860.56,78829,83116.20316644746,1.0450497056588797,likely,0.408176148446961,15,12,none,0
K5yfMcVaXIE,UCkr6cLAnZiz5NH0NzjNK8rg,time,14,12.6676,27,77833.18,78829,81318.53084042574,0.9571395760061681,confirmed,0.3197058013055096,15,8,none,0
FXrcFeuYtq8,UCBJycsmduvYEL83R_U4JriQ,heldout,7,7.7625,29,5897589.45,5850631,3391993.9999999995,1.7386792101188409,confirmed,,15,11,none,0
FXrcFeuYtq8,UCBJycsmduvYEL83R_U4JriQ,heldout,14,13.7625,29,5984951.64,5850631,3391993.9999999995,1.7644346184873296,confirmed,0.1461955948867363,15,10,none,0
_qt72Qp4V3I,UCAxo00B7pKkNnBryYwhE5xg,time,5,5.4679,28,493.59,804,,,insufficient,,0,0,none,0
_qt72Qp4V3I,UCAxo00B7pKkNnBryYwhE5xg,time,7,7.4679,28,569.11,804,,,insufficient,0.4879259424067494,0,0,none,0
_qt72Qp4V3I,UCAxo00B7pKkNnBryYwhE5xg,time,14,13.4679,28,705.28,804,,,insufficient,0.5318229769221983,0,0,none,0
r2eMRo8RwUY,UCDFwzav9y6jSFwZDr5EPHuA,heldout,14,14.9791,31,543733.94,555839,397684.0000000002,1.3672512369210659,confirmed,0.2227513718146585,15,13,none,0
JPNjd7ZJvo8,UC_7aK9PpYTqt08ERh1MewlQ,time,1,0.9578,27,24453.77,20242,24379.54402758379,1.003044404926168,early,,15,9,none,0
JPNjd7ZJvo8,UC_7aK9PpYTqt08ERh1MewlQ,time,2,1.9578,27,25744.05,20242,24623.999999999993,1.0454862030005376,early,0.7361955369140988,15,9,none,0
JPNjd7ZJvo8,UC_7aK9PpYTqt08ERh1MewlQ,time,3,3.9578,27,26385.20,20242,24623.999999999993,1.071523524339762,likely,0.5472846650400811,15,8,none,0
JPNjd7ZJvo8,UC_7aK9PpYTqt08ERh1MewlQ,time,5,4.9578,27,23695.82,20242,24623.999999999993,0.9623058888425864,likely,0.4998100743484063,15,8,none,0
JPNjd7ZJvo8,UC_7aK9PpYTqt08ERh1MewlQ,time,7,6.9578,27,23490.44,20242,24623.999999999993,0.9539654066462218,likely,0.42689957446621224,15,8,none,0
JPNjd7ZJvo8,UC_7aK9PpYTqt08ERh1MewlQ,time,14,14.9578,27,20905.13,20242,24623.999999999993,0.8489736814135339,confirmed,0.3142093427336207,15,7,none,0
i1EdSmxLylU,UCfYfK0tzHZTpNFrc_NDKfTA,heldout,5,5.8749,27,1333.91,1262,1583.3986742648442,0.8424378567893529,likely,,15,15,none,0
i1EdSmxLylU,UCfYfK0tzHZTpNFrc_NDKfTA,time,5,5.8749,27,1333.91,1262,1583.3986742648442,0.8424378567893529,likely,,15,15,none,0
i1EdSmxLylU,UCfYfK0tzHZTpNFrc_NDKfTA,heldout,7,6.8749,27,1100.43,1262,1562.119383315181,0.7044498513716733,likely,0.1486148754444381,15,15,none,0
i1EdSmxLylU,UCfYfK0tzHZTpNFrc_NDKfTA,time,7,6.8749,27,1100.43,1262,1562.119383315181,0.7044498513716733,likely,0.1486148754444381,15,15,none,0
i1EdSmxLylU,UCfYfK0tzHZTpNFrc_NDKfTA,heldout,14,12.8749,27,1209.35,1262,1517.399571697257,0.7969863359972741,confirmed,0.18105892694824952,15,12,none,0
i1EdSmxLylU,UCfYfK0tzHZTpNFrc_NDKfTA,time,14,12.8749,27,1209.35,1262,1517.399571697257,0.7969863359972741,confirmed,0.18105892694824952,15,12,none,0
PPaeqm6WnNU,UCeYUHG6o0YguM-g23htdsSw,time,1,1.9995,27,719.56,730,785.674487279874,0.9158514799930576,early,,13,12,none,0
PPaeqm6WnNU,UCeYUHG6o0YguM-g23htdsSw,time,2,1.9995,27,719.56,730,785.674487279874,0.9158514799930576,early,,13,12,none,0
PPaeqm6WnNU,UCeYUHG6o0YguM-g23htdsSw,time,3,2.9995,27,509.06,730,773.5216954864977,0.6581103081305822,early,0.2016625382576528,15,12,none,0
PPaeqm6WnNU,UCeYUHG6o0YguM-g23htdsSw,time,5,4.9995,27,711.73,730,758.9628649180896,0.9377628708509108,likely,0.4140462154560346,15,11,none,0
PPaeqm6WnNU,UCeYUHG6o0YguM-g23htdsSw,time,7,6.9995,27,701.53,730,748.9294790225542,0.9367129433127819,likely,0.36914970201461467,15,10,none,0
PPaeqm6WnNU,UCeYUHG6o0YguM-g23htdsSw,time,14,14.9995,27,714.27,730,741.0010471638478,0.9639214780028297,confirmed,0.30170705163439826,15,6,none,0
8iZl4ZzhW3E,UCa09am-cOsC-FSgr_nLkFFA,time,1,1.8708,27,67900.41,64324,100582.43923006422,0.6750721742467084,early,,15,14,none,0
8iZl4ZzhW3E,UCa09am-cOsC-FSgr_nLkFFA,time,2,1.8708,27,67900.41,64324,100582.43923006422,0.6750721742467084,early,,15,14,none,0
8iZl4ZzhW3E,UCa09am-cOsC-FSgr_nLkFFA,time,3,2.8708,27,57032.54,64324,100582.43923006422,0.5670228434065383,early,0.37708799402295784,15,14,none,0
8iZl4ZzhW3E,UCa09am-cOsC-FSgr_nLkFFA,time,5,4.8708,27,59571.68,64324,100582.43923006422,0.5922671726400649,likely,0.33776314759153625,15,14,none,0
8iZl4ZzhW3E,UCa09am-cOsC-FSgr_nLkFFA,time,7,6.8708,27,66380.40,64324,101339.11280642463,0.6550323582037151,likely,0.3617523555431033,15,14,none,0
8iZl4ZzhW3E,UCa09am-cOsC-FSgr_nLkFFA,time,14,12.8708,27,66075.28,64324,102451.00000000003,0.6449451833207136,confirmed,0.3080477693316087,15,13,none,0
TnGji_u53UQ,UClozNP-QPyVatzpGKC25s0A,time,1,0.9577,28,80250.69,73511,59591.91635749075,1.3466708148106559,early,,15,13,none,0
TnGji_u53UQ,UClozNP-QPyVatzpGKC25s0A,time,2,1.9577,28,73828.01,73511,60067.01568416065,1.2290940863395672,early,0.5925253600366882,15,13,none,0
TnGji_u53UQ,UClozNP-QPyVatzpGKC25s0A,time,3,2.9577,28,64899.34,73511,60499.02621063814,1.072733627401306,early,0.46181823343783435,15,13,none,0
TnGji_u53UQ,UClozNP-QPyVatzpGKC25s0A,time,5,4.9577,28,66578.37,73511,60980.97460615702,1.0917891628645615,likely,0.3917538436605056,15,13,none,0
TnGji_u53UQ,UClozNP-QPyVatzpGKC25s0A,time,7,7.9577,28,71736.40,73511,61923.99999999998,1.158458719464333,confirmed,0.3456211346195749,15,12,none,0
TnGji_u53UQ,UClozNP-QPyVatzpGKC25s0A,time,14,15.9577,28,78764.25,73511,61923.99999999998,1.2719503512801973,confirmed,0.31019075358462245,15,12,none,0
-0jZnTfLpeM,UCBXQM4wXOpzZPcjXMqecArA,heldout,2,2.7083,30,3778.34,7592,7621.381726411906,0.4957547680493273,early,,15,13,none,0
-0jZnTfLpeM,UCBXQM4wXOpzZPcjXMqecArA,heldout,3,2.7083,30,3778.34,7592,7621.381726411906,0.4957547680493273,early,,15,13,none,0
-0jZnTfLpeM,UCBXQM4wXOpzZPcjXMqecArA,heldout,5,6.7083,30,7559.32,7592,8065.649947190287,0.9372244758653802,likely,0.9089005670608167,15,11,none,0
-0jZnTfLpeM,UCBXQM4wXOpzZPcjXMqecArA,heldout,7,6.7083,30,7559.32,7592,8065.649947190287,0.9372244758653802,likely,0.9089005670608167,15,11,none,0
-0jZnTfLpeM,UCBXQM4wXOpzZPcjXMqecArA,heldout,14,13.7083,30,7451.64,7592,8969.000000000007,0.8308222330115258,confirmed,0.6561371399666819,15,8,none,0
dMl8COIdEcc,UC4wKN1tlnlNVMiRPOu7qyvQ,time,0.5,0.5828,27,2487.87,1550,2229.7885258482506,1.1157424526069422,early,,14,14,none,0
dMl8COIdEcc,UC4wKN1tlnlNVMiRPOu7qyvQ,time,1,0.5828,27,2487.87,1550,2229.7885258482506,1.1157424526069422,early,,14,14,none,0
dMl8COIdEcc,UC4wKN1tlnlNVMiRPOu7qyvQ,time,2,1.5828,27,1848.68,1550,2250.9258909512705,0.821299134578462,early,0.6384164221885154,15,15,none,0
dMl8COIdEcc,UC4wKN1tlnlNVMiRPOu7qyvQ,time,3,2.5828,27,1608.70,1550,2331.188021507618,0.6900788822072729,early,0.4688722308875025,15,15,none,0
dMl8COIdEcc,UC4wKN1tlnlNVMiRPOu7qyvQ,time,5,4.5828,27,1816.08,1550,2363.829648105319,0.7682802455650707,likely,0.40869481265363317,15,15,none,0
dMl8COIdEcc,UC4wKN1tlnlNVMiRPOu7qyvQ,time,7,6.5828,27,1734.17,1550,2355.9427029065732,0.7360818443160805,likely,0.3564930579815311,15,15,none,0
dMl8COIdEcc,UC4wKN1tlnlNVMiRPOu7qyvQ,time,14,12.5828,27,1651.32,1550,2298.548253630869,0.7184196379443291,confirmed,0.2951946154526008,15,15,none,0
euXpFbWr2Yw,UC3JhfsgFPLSLNEROQCdj-GQ,time,14,14.0407,29,2317.09,2427,4361.999999999997,0.5311988872850224,confirmed,,15,13,none,0
ipwaK2kBFm8,UCsvqVGtbbyHaMoevxPAq9Fg,time,7,8.0202,27,1270.62,1036,3485.1812564371426,0.36457670053438784,confirmed,,15,15,none,0
ipwaK2kBFm8,UCsvqVGtbbyHaMoevxPAq9Fg,time,14,13.0202,27,1060.69,1036,3228.456673497014,0.3285441562458908,confirmed,0.03788397580575466,15,15,none,0
JqR-SLQDMwI,UCzJCrbhgN4ahgRq0BnI9g6w,time,14,13.9579,29,1734.17,1897,3507.4101137729385,0.4944298337651509,confirmed,0.272647386206668,15,14,none,0
JSPKHozuELM,UCLKZ20yD2tNMBOkSDZo4FeQ,time,0.5,0.4997,27,6770.06,4882,4370.689960342399,1.5489682083154135,early,,13,13,none,0
JSPKHozuELM,UCLKZ20yD2tNMBOkSDZo4FeQ,time,1,1.4997,27,6392.50,4882,4354.811589304916,1.4679160827141806,early,0.4389774391908989,15,15,none,0
JSPKHozuELM,UCLKZ20yD2tNMBOkSDZo4FeQ,time,2,2.4997,27,4645.57,4882,4350.777919722801,1.0677552502860908,early,0.36689686833612545,15,15,none,0
JSPKHozuELM,UCLKZ20yD2tNMBOkSDZo4FeQ,time,3,3.4997,27,4273.51,4882,4299.566393651076,0.9939405680072321,likely,0.3267194019434756,15,15,none,0
JSPKHozuELM,UCLKZ20yD2tNMBOkSDZo4FeQ,time,5,5.4997,27,4406.71,4882,4288.681471501804,1.0275202996967843,likely,0.32393663794072797,15,14,none,0
JSPKHozuELM,UCLKZ20yD2tNMBOkSDZo4FeQ,time,7,7.4997,27,4766.00,4882,4240.119969902842,1.1240242255159902,confirmed,0.31133894510483023,15,13,none,0
JSPKHozuELM,UCLKZ20yD2tNMBOkSDZo4FeQ,time,14,15.4997,27,4976.13,4882,4169.864064257786,1.193355903190426,confirmed,0.2904157000820808,15,9,none,0
BapqrOH3dHE,UCT6fVez_0DmaZ_WDaRhUw2A,heldout,1,1.6665,30,129868.64,283549,22315.827171134933,5.819575348672387,early,,14,14,none,0
BapqrOH3dHE,UCT6fVez_0DmaZ_WDaRhUw2A,heldout,2,1.6665,30,129868.64,283549,22315.827171134933,5.819575348672387,early,,14,14,none,0
BapqrOH3dHE,UCT6fVez_0DmaZ_WDaRhUw2A,heldout,3,2.6665,30,112257.22,283549,17944.382236414447,6.255841900975862,early,0.4439653300593665,15,15,none,0
BapqrOH3dHE,UCT6fVez_0DmaZ_WDaRhUw2A,heldout,5,4.6665,30,312033.42,283549,18107.767433067474,17.232020353657774,likely,1.1639004661092116,15,15,none,0
BapqrOH3dHE,UCT6fVez_0DmaZ_WDaRhUw2A,heldout,7,6.6665,30,334792.92,283549,18107.767433067474,18.488912343086927,likely,1.0255081867559113,15,15,none,0
BapqrOH3dHE,UCT6fVez_0DmaZ_WDaRhUw2A,heldout,14,13.6665,30,323628.90,283549,18441.216985043582,17.54921578307309,confirmed,0.7115660902567784,15,14,none,0
bVnaStHUmr0,UCLFgO1aEI66fh06p6u6-juw,time,1,0.7604,29,8915.44,15255,10883.126178050616,0.8191987123890158,early,,14,14,none,0
bVnaStHUmr0,UCLFgO1aEI66fh06p6u6-juw,time,2,1.7604,29,7925.65,15255,10761.234156031465,0.736499798635889,early,0.691381600319062,15,15,none,0
bVnaStHUmr0,UCLFgO1aEI66fh06p6u6-juw,time,3,2.7604,29,8336.49,15255,10653.741195924573,0.7824945546046914,early,0.5544657073390035,15,15,none,0
bVnaStHUmr0,UCLFgO1aEI66fh06p6u6-juw,time,5,4.7604,29,8734.96,15255,10461.73619320911,0.8349436195001164,likely,0.5302283411471892,15,15,none,0
bVnaStHUmr0,UCLFgO1aEI66fh06p6u6-juw,time,7,6.7604,29,9815.06,15255,10462.43838649943,0.9381231759268329,likely,0.5085065180741737,15,15,none,0
bVnaStHUmr0,UCLFgO1aEI66fh06p6u6-juw,time,14,14.7604,29,13910.32,15255,11540.244965037255,1.2053746827445162,confirmed,0.5201822856082727,15,12,none,0
F2wvE-mrT6M,UC5alq-VmYnfQZt7YaNgdcGw,time,5,4.9687,28,2909.87,4072,,,insufficient,,1,1,none,0
F2wvE-mrT6M,UC5alq-VmYnfQZt7YaNgdcGw,time,7,6.9687,28,2781.44,4072,,,insufficient,0.24799524660060526,1,1,none,0
F2wvE-mrT6M,UC5alq-VmYnfQZt7YaNgdcGw,time,14,12.9687,28,3047.39,4072,,,insufficient,0.28291737439255454,1,1,none,0
FXseY7Dwbcw,UC1226ElkVkwZyh74jipyw1Q,time,3,3.9997,27,103.06,78,,,insufficient,,1,1,none,0
FXseY7Dwbcw,UC1226ElkVkwZyh74jipyw1Q,time,5,4.9997,27,74.14,78,,,insufficient,0,1,1,none,0
FXseY7Dwbcw,UC1226ElkVkwZyh74jipyw1Q,time,7,6.9997,27,75.85,78,,,insufficient,0.12705535357283262,1,1,none,0
FXseY7Dwbcw,UC1226ElkVkwZyh74jipyw1Q,time,14,14.9997,27,76.50,78,,,insufficient,0.11148458698092781,1,1,none,0
gY0u23USApk,UC6BW8DqrAmBEIeCtMa4bfBw,time,14,15.2591,27,64.58,66,3673.2214834506062,0.01758039898400132,confirmed,0.723816998239705,15,15,none,0
71RtGmmLIHI,UCGpsgNbzdF7BECCVbB1COHw,time,7,8.1501,27,3708.59,2949,5462.251910111231,0.6789482723758277,confirmed,,9,9,none,0
71RtGmmLIHI,UCGpsgNbzdF7BECCVbB1COHw,time,14,15.1501,27,3045.61,2949,6627.417035840635,0.45954684760094705,confirmed,0.0005975421414577302,15,15,none,0
uCc3pJymQbw,UCaBOIBVD_f6eyRRRBRrCz8w,time,14,13.8122,28,38576.05,36633,39285.70420879051,0.9819360790247883,confirmed,,4,4,none,0
00J0Hso1lUg,UCsLt8oYvDYGpSHcGhRBBkyw,heldout,14,14.2854,28,16154.30,13366,2613.5755198726847,6.180921256874611,confirmed,0.802191777219168,15,15,none,0
hQcpJXeZz94,UC0Le_ilaOlp9HftXeiMglsg,heldout,14,15.4693,27,8443.14,8450,7269.900697360842,1.1613828951937684,confirmed,0.07560406077298881,15,10,none,0
hQcpJXeZz94,UC0Le_ilaOlp9HftXeiMglsg,time,14,15.4693,27,8443.14,8450,7269.900697360842,1.1613828951937684,confirmed,0.07560406077298881,15,10,none,0
ToEkEqL1RAQ,UC5rR0BFgdu-oz7HDHb-f-uw,time,14,13.0126,28,2465.59,2413,2572.675160403299,0.9583769793019055,confirmed,0.34425300459933283,15,14,none,0
LzG_-tL2Fg0,UCV50reu_f_tl3ZfKqCgPRsA,time,5,6.1548,27,452.08,757,329.58122261589,1.3716872497956194,likely,,13,13,none,0
LzG_-tL2Fg0,UCV50reu_f_tl3ZfKqCgPRsA,time,7,7.1548,27,452.48,757,330.830793956515,1.3677171814225084,confirmed,0.31289296303347086,13,13,none,0
LzG_-tL2Fg0,UCV50reu_f_tl3ZfKqCgPRsA,time,14,15.1548,27,688.82,757,327.45960173400135,2.1035209275676703,confirmed,0.5103285837710111,15,15,none,0
-8wBUYMP3Hs,UCUpbDOT-OVNBlaQpb9pbd2w,heldout,5,6.6954,30,56061.99,57247,16952.320414269212,3.3070393444950965,likely,,15,15,none,0
-8wBUYMP3Hs,UCUpbDOT-OVNBlaQpb9pbd2w,heldout,7,6.6954,30,56061.99,57247,16952.320414269212,3.3070393444950965,likely,,15,15,none,0
-8wBUYMP3Hs,UCUpbDOT-OVNBlaQpb9pbd2w,heldout,14,13.6954,30,54348.95,57247,15358.172232586945,3.538764436856156,confirmed,0.1814566450725109,15,15,none,0
w3b5Tp6BUyo,UCHZ-NWzcaa4lFT9NjP4T4pg,time,1,0.9615,29,7343.09,6668,31555.387048915338,0.23270483013115523,early,,14,11,none,0
w3b5Tp6BUyo,UCHZ-NWzcaa4lFT9NjP4T4pg,time,2,1.9615,29,8475.71,6668,31555.387048915338,0.2685979394630764,early,0.7543594499177407,14,11,none,0
w3b5Tp6BUyo,UCHZ-NWzcaa4lFT9NjP4T4pg,time,3,2.9615,29,8837.71,6668,31555.387048915338,0.28006977212285067,early,0.705263318948779,14,11,none,0
w3b5Tp6BUyo,UCHZ-NWzcaa4lFT9NjP4T4pg,time,5,4.9615,29,7382.26,6668,31555.387048915338,0.23394617174537288,likely,0.4979900257108352,14,11,none,0
w3b5Tp6BUyo,UCHZ-NWzcaa4lFT9NjP4T4pg,time,7,6.9615,29,7244.93,6668,32678.715323422693,0.22170194360710943,likely,0.44564304955709094,14,11,none,0
w3b5Tp6BUyo,UCHZ-NWzcaa4lFT9NjP4T4pg,time,14,12.9615,29,8532.00,6668,33097.41842440368,0.25778437305122825,confirmed,0.3487452814529026,14,11,none,0
_qIeV6OXqNg,UCPAt6z5uX_c5Eo_cSNROzYw,time,7,8.9991,29,16108.74,13109,10671.470095812067,1.509514581987228,confirmed,,15,15,none,0
_qIeV6OXqNg,UCPAt6z5uX_c5Eo_cSNROzYw,time,14,13.9991,29,13345.47,13109,10338.087844537433,1.290903360152547,confirmed,0.0224533876964395,15,15,none,0
zTxPLhbm-I0,UCFYwroBRnRal6AB0G7MDHgA,heldout,1,1.8736,30,560.70,467,,,insufficient,,4,4,none,0
zTxPLhbm-I0,UCFYwroBRnRal6AB0G7MDHgA,heldout,2,1.8736,30,560.70,467,,,insufficient,,4,4,none,0
zTxPLhbm-I0,UCFYwroBRnRal6AB0G7MDHgA,heldout,3,2.8736,30,383.04,467,,,insufficient,0.0772398684164353,4,4,none,0
zTxPLhbm-I0,UCFYwroBRnRal6AB0G7MDHgA,heldout,5,4.8736,30,372.96,467,,,insufficient,0.12054473213413386,4,4,none,0
zTxPLhbm-I0,UCFYwroBRnRal6AB0G7MDHgA,heldout,7,6.8736,30,373.77,467,,,insufficient,0.12417595721784733,4,4,none,0
zTxPLhbm-I0,UCFYwroBRnRal6AB0G7MDHgA,heldout,14,13.8736,30,375.27,467,,,insufficient,0.11594754683510207,4,4,none,0
WnapZ9yDtaQ,UCihUiDJzjyo2ov_qGtW33lw,time,14,13.9371,28,308107.53,279739,22526.000000000015,13.677862482598854,confirmed,,15,11,none,0
xrYvmrObkfM,UCfa9hkgsTHfK8bpDoiQZI5g,time,0.5,0.7390,28,2442.59,2360,3231.1420906243047,0.7559516237855824,early,,14,14,none,0
xrYvmrObkfM,UCfa9hkgsTHfK8bpDoiQZI5g,time,1,0.7390,28,2442.59,2360,3231.1420906243047,0.7559516237855824,early,,14,14,none,0
xrYvmrObkfM,UCfa9hkgsTHfK8bpDoiQZI5g,time,2,2.7390,28,2407.23,2360,2759.899901273962,0.8722178952938726,early,0.6184127672511006,15,15,none,0
xrYvmrObkfM,UCfa9hkgsTHfK8bpDoiQZI5g,time,3,2.7390,28,2407.23,2360,2759.899901273962,0.8722178952938726,early,0.6184127672511006,15,15,none,0
xrYvmrObkfM,UCfa9hkgsTHfK8bpDoiQZI5g,time,5,4.7390,28,2364.10,2360,2727.984379081603,0.8666104201444832,likely,0.5162301697138579,15,15,none,0
xrYvmrObkfM,UCfa9hkgsTHfK8bpDoiQZI5g,time,7,6.7390,28,2620.10,2360,2707.028451601714,0.9678869688485298,likely,0.48788538264236414,15,15,none,0
xrYvmrObkfM,UCfa9hkgsTHfK8bpDoiQZI5g,time,14,13.7390,28,2574.72,2360,2646.000000000001,0.9730606116221667,confirmed,0.41427779188054453,15,11,none,0
rK-bzOq9yS4,UCt_t6FwNsqr3WWoL6dFqG9w,time,1,0.9571,28,16416.93,21859,,,insufficient,,4,3,none,0
rK-bzOq9yS4,UCt_t6FwNsqr3WWoL6dFqG9w,time,2,1.9571,28,28279.45,21859,,,insufficient,1.2642040352463793,4,3,none,0
rK-bzOq9yS4,UCt_t6FwNsqr3WWoL6dFqG9w,time,3,2.9571,28,31237.84,21859,,,insufficient,1.07708126780176,4,3,none,0
rK-bzOq9yS4,UCt_t6FwNsqr3WWoL6dFqG9w,time,5,4.9571,28,37780.92,21859,,,insufficient,0.9743164842114239,4,3,none,0
rK-bzOq9yS4,UCt_t6FwNsqr3WWoL6dFqG9w,time,7,7.9571,28,33537.37,21859,,,insufficient,0.7236521994649432,4,3,none,0
rK-bzOq9yS4,UCt_t6FwNsqr3WWoL6dFqG9w,time,14,12.9571,28,26130.81,21859,,,insufficient,0.5750561432790973,4,3,none,0
CoorirSMGto,UCuoxrRDDgk3UUnxR4tlkJYQ,time,3,3.9010,28,14150.92,19156,7415.0000000000055,1.90841860261506,likely,,11,9,none,0
CoorirSMGto,UCuoxrRDDgk3UUnxR4tlkJYQ,time,5,4.9010,28,12304.53,19156,8784.35012521924,1.400732646698881,likely,0.3673407910109432,15,13,none,0
CoorirSMGto,UCuoxrRDDgk3UUnxR4tlkJYQ,time,7,6.9010,28,15732.96,19156,8786.491584312404,1.7905846883152838,likely,0.5207795446037765,15,13,none,0
CoorirSMGto,UCuoxrRDDgk3UUnxR4tlkJYQ,time,14,13.9010,28,21283.72,19156,8810.257850874425,2.4157885844498876,confirmed,0.569305401571943,15,11,none,0
GFTDR8_q63M,UCN7dywl5wDxTu1RM3eJ_h9Q,time,5,4.9164,29,55241.21,148282,5726.04747937672,9.647355083143172,likely,,8,8,none,0
GFTDR8_q63M,UCN7dywl5wDxTu1RM3eJ_h9Q,time,7,6.9164,29,65300.36,148282,5975.999999999996,10.927102473951834,likely,0.537022343476069,15,14,none,0
GFTDR8_q63M,UCN7dywl5wDxTu1RM3eJ_h9Q,time,14,13.9164,29,107550.59,148282,6063.611459911204,17.73705224574114,confirmed,0.7975576299254676,15,13,none,0
FkYNAqzKQ9k,UCSMOQeBJ2RAnuFungnQOxLg,time,14,13.7758,29,13676.26,14278,11748.237906110364,1.1641113227240494,confirmed,0.16515765911907027,15,14,none,0
uh_a6XdQd_8,UCZ_ze60L9PratISNxDwFEVg,time,14,14.9570,27,1207.96,1242,738.712774515735,1.6352284410345206,confirmed,0.5584670188592723,15,13,none,0
BButao-i5jk,UCT_8YwHmACxpUootXe7yKjA,time,1,1.8745,28,34239.90,53728,24458.038189884355,1.3999445152541359,early,,15,14,none,0
BButao-i5jk,UCT_8YwHmACxpUootXe7yKjA,time,2,1.8745,28,34239.90,53728,24458.038189884355,1.3999445152541359,early,,15,14,none,0
BButao-i5jk,UCT_8YwHmACxpUootXe7yKjA,time,3,2.8745,28,28656.52,53728,24485.26484295545,1.1703579143512748,early,0.36547415014737455,15,14,none,0
BButao-i5jk,UCT_8YwHmACxpUootXe7yKjA,time,5,4.8745,28,29132.95,53728,24369.304180201576,1.1954771058803952,likely,0.2951722005732087,15,14,none,0
BButao-i5jk,UCT_8YwHmACxpUootXe7yKjA,time,7,6.8745,28,33745.84,53728,24726.48789393056,1.3647648992745998,likely,0.3700842976383877,15,13,none,0
BButao-i5jk,UCT_8YwHmACxpUootXe7yKjA,time,14,13.8745,28,46758.66,53728,25627.171672984077,1.8245736553874048,confirmed,0.4755723748634673,15,11,none,0
eoonc29MGA8,UClIZqOLqUCro7bKztUjYCNA,heldout,5,6.1043,29,2955.54,3289,3303.741868500283,0.894602476428798,likely,,7,7,none,0
eoonc29MGA8,UClIZqOLqUCro7bKztUjYCNA,heldout,7,6.1043,29,2955.54,3289,3303.741868500283,0.894602476428798,likely,,7,7,none,0
eoonc29MGA8,UClIZqOLqUCro7bKztUjYCNA,heldout,14,14.1043,29,3232.11,3289,3279.0040478006586,0.9856997158736506,confirmed,0.2745400515837956,7,7,none,0
CEZht9HDU7o,UCc11676iKpKrJMYqNYHqNig,time,7,8.2083,28,4316.82,4383,3059.68450083828,1.4108709142169993,confirmed,,15,13,none,0
CEZht9HDU7o,UCc11676iKpKrJMYqNYHqNig,time,14,13.2083,28,4252.01,4383,3078.2849777192287,1.3812934032934194,confirmed,0.236320513102774,15,13,none,0
uqMITME4vms,UCecPJBL6E1PVky1-gj6KH5g,time,0.5,0.5090,28,94612.22,59184,103246.98532488788,0.9163678886003942,early,,15,15,none,0
uqMITME4vms,UCecPJBL6E1PVky1-gj6KH5g,time,1,0.5090,28,94612.22,59184,103246.98532488788,0.9163678886003942,early,,15,15,none,0
uqMITME4vms,UCecPJBL6E1PVky1-gj6KH5g,time,2,2.5090,28,72684.78,59184,108509.15905229661,0.6698492506435809,early,0.4801679578455546,15,14,none,0
uqMITME4vms,UCecPJBL6E1PVky1-gj6KH5g,time,3,2.5090,28,72684.78,59184,108509.15905229661,0.6698492506435809,early,0.4801679578455546,15,14,none,0
uqMITME4vms,UCecPJBL6E1PVky1-gj6KH5g,time,5,4.5090,28,62193.64,59184,108185.22088529407,0.5748811205724847,likely,0.37822982955336554,15,12,none,0
uqMITME4vms,UCecPJBL6E1PVky1-gj6KH5g,time,7,6.5090,28,69747.74,59184,107935.71835483731,0.646197000822352,likely,0.3419146577518669,15,11,none,0
uqMITME4vms,UCecPJBL6E1PVky1-gj6KH5g,time,14,13.5090,28,65819.13,59184,110157.00000000001,0.5975029480447481,confirmed,0.2815738277328938,15,7,none,0
pNAfBk_FIa0,UCxLipCsyGLyiRKRtpRtZHeg,heldout,1,1.8022,29,76.63,50,,,insufficient,,7,7,none,0
pNAfBk_FIa0,UCxLipCsyGLyiRKRtpRtZHeg,heldout,2,1.8022,29,76.63,50,,,insufficient,,7,7,none,0
pNAfBk_FIa0,UCxLipCsyGLyiRKRtpRtZHeg,heldout,3,2.8022,29,51.16,50,,,insufficient,0,8,8,none,0
pNAfBk_FIa0,UCxLipCsyGLyiRKRtpRtZHeg,heldout,5,4.8022,29,46.76,50,,,insufficient,0,8,8,none,0
pNAfBk_FIa0,UCxLipCsyGLyiRKRtpRtZHeg,heldout,7,6.8022,29,46.17,50,,,insufficient,0.02353261749459106,8,8,none,0
pNAfBk_FIa0,UCxLipCsyGLyiRKRtpRtZHeg,heldout,14,13.8022,29,46.52,50,,,insufficient,0.055931059706404766,8,8,none,0
yO4Y45LGVvE,UCsvqVGtbbyHaMoevxPAq9Fg,time,7,7.9368,27,1523.73,1549,2944.4100810849905,0.517499802014048,confirmed,,15,15,none,0
yO4Y45LGVvE,UCsvqVGtbbyHaMoevxPAq9Fg,time,14,12.9368,27,1529.29,1549,3039.086966548084,0.5032078084527611,confirmed,0.2729043147463805,15,15,none,0
kZ199uq-P0A,UC0AAvxmjMAqljjpc23e1f7g,time,5,6.8927,29,7340.36,7538,,,insufficient,,0,0,none,0
kZ199uq-P0A,UC0AAvxmjMAqljjpc23e1f7g,time,7,6.8927,29,7340.36,7538,,,insufficient,,0,0,none,0
kZ199uq-P0A,UC0AAvxmjMAqljjpc23e1f7g,time,14,13.8927,29,7629.67,7538,,,insufficient,0.24613766779696436,0,0,none,0
b4m2MNXJzRk,UCmGyCEbHfY91NFwHgioNLMQ,time,5,6.9564,27,45149.05,41046,51167.2843795954,0.8823812004248178,likely,,15,15,none,0
b4m2MNXJzRk,UCmGyCEbHfY91NFwHgioNLMQ,time,7,6.9564,27,45149.05,41046,51167.2843795954,0.8823812004248178,likely,,15,15,none,0
b4m2MNXJzRk,UCmGyCEbHfY91NFwHgioNLMQ,time,14,14.9564,27,39191.79,41046,49161.22514211082,0.7972094454419065,confirmed,0.08016798801057104,15,15,none,0
_98yAEMZPsU,UC_Gz-8R2G8jBs20ro9AL9hA,heldout,7,8.8465,30,379.04,581,442.62867908396026,0.8563475502166413,confirmed,,15,15,none,0
_98yAEMZPsU,UC_Gz-8R2G8jBs20ro9AL9hA,heldout,14,13.8465,30,426.31,581,577.7038025929372,0.7379394556138418,confirmed,0.4694691454868906,15,15,none,0
tjWNpax8ndw,UCka3KDW7ykrJd6aCd7TI6fA,time,14,14.9987,27,395.60,483,565.5247335498314,0.6995284746778375,confirmed,,15,14,none,0
k-cknRRQNbg,UCotuguzT1zNEbpsjbUT4sBA,time,2,2.1660,28,489.68,561,654.2032214312815,0.7485065167713244,early,,15,14,none,0
k-cknRRQNbg,UCotuguzT1zNEbpsjbUT4sBA,time,3,3.1660,28,561.38,561,664.1599578086127,0.8452419353178815,likely,0.7171439926217661,15,14,none,0
k-cknRRQNbg,UCotuguzT1zNEbpsjbUT4sBA,time,5,5.1660,28,436.55,561,699.3761317274593,0.6241990286081432,likely,0.3865334803714503,15,14,none,0
k-cknRRQNbg,UCotuguzT1zNEbpsjbUT4sBA,time,7,7.1660,28,474.45,561,752.2566909849714,0.6307073009058883,confirmed,0.37562844845942583,15,14,none,0
k-cknRRQNbg,UCotuguzT1zNEbpsjbUT4sBA,time,14,14.1660,28,545.44,561,875.5847951950348,0.622947952173673,confirmed,0.3689455806743385,15,12,none,0
X17k-PWcaAk,UChjqM-6MiqlF3qUq4GMVhkg,time,14,14.7496,29,32361.68,30042,20682.202116619777,1.5647117608903331,confirmed,,15,15,none,0
RCoAYrh84zY,UCsjrTadAFqgr29SsPPN6QRA,time,14,12.7371,27,2242.44,2321,1675.5838315336014,1.3383034223886034,confirmed,0.2755922408669756,15,15,none,0
h90hvDOpPn4,UC8mv1jxVbta9thZUP1uHeug,time,5,5.5758,27,390.25,420,,,insufficient,,2,2,none,0
h90hvDOpPn4,UC8mv1jxVbta9thZUP1uHeug,time,7,6.5758,27,323.20,420,,,insufficient,0.17022607872920253,2,2,none,0
h90hvDOpPn4,UC8mv1jxVbta9thZUP1uHeug,time,14,12.5758,27,445.00,420,,,insufficient,0.3908416220201675,2,2,none,0
ogHrw4K_MMk,UCSJhfA8s9mLYTfavcV5yoHA,time,3,3.2278,27,1417.47,1173,683.6985752933546,2.0732392191619544,likely,,13,12,none,0
ogHrw4K_MMk,UCSJhfA8s9mLYTfavcV5yoHA,time,5,5.2278,27,1082.38,1173,1075.378863150314,1.0065129654180236,likely,0.1541368411079905,15,14,none,0
ogHrw4K_MMk,UCSJhfA8s9mLYTfavcV5yoHA,time,7,7.2278,27,1105.93,1173,1068.6322181788025,1.0349037075129546,confirmed,0.17726944523989113,15,13,none,0
ogHrw4K_MMk,UCSJhfA8s9mLYTfavcV5yoHA,time,14,13.2278,27,1180.04,1173,1052.0000000000005,1.1217070416922639,confirmed,0.16107935206997537,15,10,none,0
bDlxnLu8mb0,UCkRhsBbu0tvQrXBtvpl0kIg,time,14,12.5623,27,3932.74,3972,4097.785773771341,0.9597221848390707,confirmed,,15,14,none,0
132hnBjpudo,UCsLt8oYvDYGpSHcGhRBBkyw,time,14,14.1615,29,2912.28,2407,3056.7055415855425,0.9527520642498829,confirmed,1.1271755370610022,15,15,none,0
bHJnf2McbZI,UCh7mi5sI3BSzKReLzXpgimA,time,5,6.3531,28,161.19,136,55.142465217393585,2.9231217567186047,likely,,15,13,none,0
bHJnf2McbZI,UCh7mi5sI3BSzKReLzXpgimA,time,7,7.3531,28,140.71,136,55.142465217393585,2.5518433885265335,confirmed,0,15,13,none,0
bHJnf2McbZI,UCh7mi5sI3BSzKReLzXpgimA,time,14,13.3531,28,137.50,136,54.056373006478566,2.543584013915055,confirmed,0.05729113217633714,15,10,none,0
QSz_cgBDjRQ,UCGuIM34mGnfTDjfd9vwPtAQ,time,1,0.9993,29,19635.99,40380,22014.029687744085,0.8919760389606918,early,,15,10,none,0
QSz_cgBDjRQ,UCGuIM34mGnfTDjfd9vwPtAQ,time,2,1.9993,29,24515.40,40380,21807.788962184055,1.1241578778896442,early,0.9598162186152506,15,9,none,0
QSz_cgBDjRQ,UCGuIM34mGnfTDjfd9vwPtAQ,time,3,2.9993,29,21662.69,40380,22154.931127097996,0.9777816569510563,early,0.8744817876318697,15,9,none,0
QSz_cgBDjRQ,UCGuIM34mGnfTDjfd9vwPtAQ,time,5,4.9993,29,31082.64,40380,22259.921508930416,1.3963498965684977,likely,0.7563460283125256,15,9,none,0
QSz_cgBDjRQ,UCGuIM34mGnfTDjfd9vwPtAQ,time,7,6.9993,29,43585.83,40380,22650.96515287372,1.9242370750064786,likely,0.8894464747399539,15,9,none,0
QSz_cgBDjRQ,UCGuIM34mGnfTDjfd9vwPtAQ,time,14,13.9993,29,45978.09,40380,23552.515480917522,1.9521521070534418,confirmed,0.7709839585383976,15,9,none,0
Lzz0TA7RBlA,UC-BlDCX__nCLs_ZF9meYQbw,time,5,5.5973,27,5705.51,4730,,,insufficient,,0,0,none,0
Lzz0TA7RBlA,UC-BlDCX__nCLs_ZF9meYQbw,time,7,6.5973,27,4708.45,4730,,,insufficient,0.14540987260307178,0,0,none,0
Lzz0TA7RBlA,UC-BlDCX__nCLs_ZF9meYQbw,time,14,13.5973,27,4730.72,4730,,,insufficient,0.10916180588518645,0,0,none,0
p5hXu1P_HKU,UCtak3C1t8k3u8CVzVGYvemA,time,7,7.8322,27,28892.97,25851,23390.000000000007,1.2352703744525062,confirmed,,15,12,none,0
p5hXu1P_HKU,UCtak3C1t8k3u8CVzVGYvemA,time,14,12.8322,27,26714.19,25851,23390.000000000007,1.1421200042566615,confirmed,0.1560769365423734,15,10,none,0
bB_0_F7fLJw,UChFahjDeMBV67DSXiF5pwBA,time,14,13.7912,29,49066.90,50330,44987.03065137884,1.0906898014951008,confirmed,0.5907593535762363,15,14,none,0
Fsj9i8V8ay4,UC3_BakzLfadvFrsnClMFWmQ,heldout,2,2.1321,30,1218.58,679,880.827082799635,1.383451406290435,early,,15,15,none,0
Fsj9i8V8ay4,UC3_BakzLfadvFrsnClMFWmQ,heldout,3,3.1321,30,819.74,679,833.0595158282607,0.9840119426195115,likely,0.027570881982250148,15,15,none,0
Fsj9i8V8ay4,UC3_BakzLfadvFrsnClMFWmQ,heldout,5,4.1321,30,756.19,679,803.734313421202,0.9408397889696507,likely,0.033879969366759154,15,15,none,0
Fsj9i8V8ay4,UC3_BakzLfadvFrsnClMFWmQ,heldout,7,7.1321,30,733.26,679,780.8721687170508,0.9390227523772401,confirmed,0.023839202010271583,15,15,none,0
Fsj9i8V8ay4,UC3_BakzLfadvFrsnClMFWmQ,heldout,14,14.1321,30,647.26,679,738,0.8770422218963176,confirmed,0.0210685610722473,15,12,none,0
neI5pn3rqf4,UCJS9pqu9BzkAMNTmzNMNhvg,time,14,12.6130,27,2021.76,2013,2301.2734158615926,0.8785408108094778,confirmed,0.47805860465168076,15,11,none,0
C5aK1Vji-mU,UCYNGKZuT3dj0J0bBt4qfqXQ,time,14,13.2839,28,11571.12,13071,8302.999999999996,1.39360667656443,confirmed,0.3682600274419158,15,11,none,0
3uL_sJwNLvw,UC82CC3slHM06qAeH1KpWOGg,time,7,8.9243,27,1465.80,1687,1044.965025936406,1.402730818628991,confirmed,,7,7,none,0
3uL_sJwNLvw,UC82CC3slHM06qAeH1KpWOGg,time,14,12.9243,27,1519.53,1687,1209,1.2568518506147124,confirmed,0.3285727426624272,15,14,none,0
m0lOUwk_YHg,UCVGVbOl6F5rGF4wSYS6Y5yQ,time,5,4.5343,27,12022.91,10539,23152.49433355788,0.5192922823012056,likely,,13,12,none,0
m0lOUwk_YHg,UCVGVbOl6F5rGF4wSYS6Y5yQ,time,7,6.5343,27,11503.23,10539,21196.73062003683,0.5426888766705288,likely,0.23539811870565172,15,13,none,0
m0lOUwk_YHg,UCVGVbOl6F5rGF4wSYS6Y5yQ,time,14,13.5343,27,11105.58,10539,20683.000000000007,0.5369424544807908,confirmed,0.15101459246135554,15,9,none,0
M8HbJzbEnHc,UC_UnVDztkvE1hw064XFTNSQ,time,0.5,0.4865,27,1148597.27,1404820,695177.5823819421,1.6522357782030939,early,,15,11,none,0
M8HbJzbEnHc,UC_UnVDztkvE1hw064XFTNSQ,time,1,1.4865,27,1658893.13,1404820,696446.8931253885,2.381937733551941,early,1.0641453083306547,15,11,none,0
M8HbJzbEnHc,UC_UnVDztkvE1hw064XFTNSQ,time,2,2.4865,27,1505543.51,1404820,699818.1915590744,2.151335207255777,early,0.8441404341798927,15,11,none,0
M8HbJzbEnHc,UC_UnVDztkvE1hw064XFTNSQ,time,3,3.4865,27,1464360.34,1404820,700026.9112494742,2.0918629197337655,likely,0.7558988321822954,15,11,none,0
M8HbJzbEnHc,UC_UnVDztkvE1hw064XFTNSQ,time,5,4.4865,27,1498708.92,1404820,701535.2574414975,2.136327294273631,likely,0.7193728767399312,15,11,none,0
M8HbJzbEnHc,UC_UnVDztkvE1hw064XFTNSQ,time,7,7.4865,27,1586813.75,1404820,705924.4941411251,2.247851944945382,confirmed,0.6171416180303716,15,10,none,0
M8HbJzbEnHc,UC_UnVDztkvE1hw064XFTNSQ,time,14,15.4865,27,1654304.64,1404820,708998.0000000002,2.3332994456663343,confirmed,0.5147008696136837,15,8,none,0
l18lG5RIHIs,UCtW1WA-bJ4s6l-ZCCT35QBg,time,1,0.8068,27,2891.28,1164,7211.108870902188,0.40094800869469016,early,,15,9,none,0
l18lG5RIHIs,UCtW1WA-bJ4s6l-ZCCT35QBg,time,2,1.8068,27,1908.50,1164,7214.850779022536,0.264524398447679,early,0.024879591686155042,15,9,none,0
l18lG5RIHIs,UCtW1WA-bJ4s6l-ZCCT35QBg,time,3,2.8068,27,1407.28,1164,7197.724473230162,0.19551728225975246,early,0.01714103253659809,15,9,none,0
l18lG5RIHIs,UCtW1WA-bJ4s6l-ZCCT35QBg,time,5,4.8068,27,1405.50,1164,7140.626623233169,0.1968317115199414,likely,0.020978013063351546,15,9,none,0
l18lG5RIHIs,UCtW1WA-bJ4s6l-ZCCT35QBg,time,7,6.8068,27,1248.01,1164,7213.647260845403,0.1730073528694722,likely,0.024043797497888007,15,8,none,0
l18lG5RIHIs,UCtW1WA-bJ4s6l-ZCCT35QBg,time,14,15.8068,27,1170.90,1164,7172.830364829188,0.16324074106394634,confirmed,0.025994982761377374,15,7,none,0
50YZV2_mXGo,UCPq1_RaAg4lKCMwBktZniOw,time,5,5.0313,29,3137.66,4295,4227.651917386156,0.7421744940234635,likely,0.09505610195579457,15,14,none,0
50YZV2_mXGo,UCPq1_RaAg4lKCMwBktZniOw,time,7,6.0313,29,3184.77,4295,4229.479467426282,0.7529944928076044,likely,0.20598857751395172,15,14,none,0
50YZV2_mXGo,UCPq1_RaAg4lKCMwBktZniOw,time,14,14.0313,29,4091.92,4295,4348.6501423748905,0.9409633589602425,confirmed,0.2753532656162744,15,13,none,0
J6J3zaXm3wM,UCbY9xX3_jW5c2fjlZVBI4cg,time,14,13.0569,28,69219.88,67138,26741.636270823503,2.5884684260350745,confirmed,0.004250692852370821,15,15,none,0
2V82WCm22uA,UCmva4xZW0mDSkPbusltquyQ,time,1,1.0833,27,4156.23,4183,1799.1305713580618,2.3101310520759215,early,0.6737904043026671,15,9,none,0
2V82WCm22uA,UCmva4xZW0mDSkPbusltquyQ,time,2,2.0833,27,2361.18,4183,1813.884986918932,1.3017231563723315,early,0.479327962685824,15,9,none,0
2V82WCm22uA,UCmva4xZW0mDSkPbusltquyQ,time,3,3.0833,27,3515.25,4183,1812.0548548000777,1.9399247198225151,likely,0.5900488356754204,15,9,none,0
2V82WCm22uA,UCmva4xZW0mDSkPbusltquyQ,time,5,5.0833,27,5739.68,4183,1859.889879076206,3.086029491500117,likely,0.7243295720151728,15,8,none,0
2V82WCm22uA,UCmva4xZW0mDSkPbusltquyQ,time,7,7.0833,27,4384.71,4183,1882.1641102457315,2.3296089411195635,confirmed,0.6450973277123159,15,8,none,0
2V82WCm22uA,UCmva4xZW0mDSkPbusltquyQ,time,14,15.0833,27,4832.59,4183,1961.999999999999,2.4630922548486085,confirmed,0.5414175505417403,15,6,none,0
03V2ZnXyEDA,UCzQUP1qoWDoEbmsQxvdjxgQ,time,7,8.7917,28,994072.44,865881,680027.726976882,1.4618116355172563,confirmed,,15,14,none,0
03V2ZnXyEDA,UCzQUP1qoWDoEbmsQxvdjxgQ,time,14,13.7917,28,848080.01,865881,669344.0338830033,1.2670315476665168,confirmed,0.0932156141578069,15,11,none,0
qTLTy6v2Vrw,UCq6YaxJHA-t4bYBHHvaoZ8w,time,0.5,0.5826,29,9897.39,5941,10450.000000000004,0.947119114849861,early,,15,12,none,0
qTLTy6v2Vrw,UCq6YaxJHA-t4bYBHHvaoZ8w,time,1,0.5826,29,9897.39,5941,10450.000000000004,0.947119114849861,early,,15,12,none,0
qTLTy6v2Vrw,UCq6YaxJHA-t4bYBHHvaoZ8w,time,2,1.5826,29,7017.30,5941,10450.000000000004,0.6715115438129927,early,0.7083290929807017,15,12,none,0
qTLTy6v2Vrw,UCq6YaxJHA-t4bYBHHvaoZ8w,time,3,2.5826,29,7659.36,5941,10450.000000000004,0.7329535496340431,early,0.5439863403467281,15,11,none,0
qTLTy6v2Vrw,UCq6YaxJHA-t4bYBHHvaoZ8w,time,5,4.5826,29,7599.27,5941,10450.000000000004,0.7272024190536196,likely,0.41314560150670343,15,11,none,0
qTLTy6v2Vrw,UCq6YaxJHA-t4bYBHHvaoZ8w,time,7,6.5826,29,6234.10,5941,10450.000000000004,0.596564326021808,likely,0.34805341820131325,15,9,none,0
qTLTy6v2Vrw,UCq6YaxJHA-t4bYBHHvaoZ8w,time,14,13.5826,29,6037.18,5941,10450.000000000004,0.5777209456590403,confirmed,0.26621972939329364,15,7,none,0
vjy0Vig52aw,UCbpMy0Fg74eXXkvxJrtEn3w,time,5,5.8332,28,935342.28,1092272,,,insufficient,,0,0,none,0
vjy0Vig52aw,UCbpMy0Fg74eXXkvxJrtEn3w,time,7,6.8332,28,777378.56,1092272,353420.4387828226,2.199585749377824,likely,0.20215735569599294,6,6,none,0
vjy0Vig52aw,UCbpMy0Fg74eXXkvxJrtEn3w,time,14,13.8332,28,1045776.86,1092272,500054.8056723515,2.091324485008682,confirmed,0.3401406505548216,15,14,none,0
rxg-jB71Luc,UC2d_Fhm3BJ5I24BCIiumJjA,time,5,4.7908,27,2349.65,2374,,,insufficient,,0,0,none,0
rxg-jB71Luc,UC2d_Fhm3BJ5I24BCIiumJjA,time,7,6.7908,27,2029.37,2374,,,insufficient,0.22265698491524707,0,0,none,0
rxg-jB71Luc,UC2d_Fhm3BJ5I24BCIiumJjA,time,14,15.7908,27,2486.50,2374,,,insufficient,0.23577099621328476,0,0,none,0
Bkkps-ycDBU,UCll3zdukvI1oWlG-F13UCZw,time,1,1.0214,27,7163.05,3897,4183.707536384408,1.7121307751557724,early,,15,15,none,0
Bkkps-ycDBU,UCll3zdukvI1oWlG-F13UCZw,time,2,2.0214,27,4714.68,3897,4133.212258091942,1.1406822505716743,early,0.21551408641596015,15,15,none,0
Bkkps-ycDBU,UCll3zdukvI1oWlG-F13UCZw,time,3,3.0214,27,4107.44,3897,4090.7380305264405,1.004082013800045,likely,0.14281209442429552,15,15,none,0
Bkkps-ycDBU,UCll3zdukvI1oWlG-F13UCZw,time,5,5.0214,27,3910.95,3897,4051.1049172912913,0.9654030165361706,likely,0.12734925630283217,15,15,none,0
Bkkps-ycDBU,UCll3zdukvI1oWlG-F13UCZw,time,7,7.0214,27,3941.12,3897,4017.310434852184,0.9810338502642169,confirmed,0.1331295888869722,15,15,none,0
Bkkps-ycDBU,UCll3zdukvI1oWlG-F13UCZw,time,14,13.0214,27,3964.12,3897,3918.1758888553586,1.011725477086684,confirmed,0.12522104196285824,15,14,none,0
AkErVPPN9rg,UC2cfzvGC8CJNWtvaynN7TeA,heldout,3,3.9580,27,10840.32,10068,,,insufficient,,1,1,none,0
AkErVPPN9rg,UC2cfzvGC8CJNWtvaynN7TeA,time,3,3.9580,27,10840.32,10068,,,insufficient,,1,1,none,0
AkErVPPN9rg,UC2cfzvGC8CJNWtvaynN7TeA,heldout,5,4.9580,27,12064.79,10068,,,insufficient,0.7234859180757437,1,1,none,0
AkErVPPN9rg,UC2cfzvGC8CJNWtvaynN7TeA,time,5,4.9580,27,12064.79,10068,,,insufficient,0.7234859180757437,1,1,none,0
AkErVPPN9rg,UC2cfzvGC8CJNWtvaynN7TeA,heldout,7,6.9580,27,11761.57,10068,,,insufficient,0.4739970135898579,1,1,none,0
AkErVPPN9rg,UC2cfzvGC8CJNWtvaynN7TeA,time,7,6.9580,27,11761.57,10068,,,insufficient,0.4739970135898579,1,1,none,0
AkErVPPN9rg,UC2cfzvGC8CJNWtvaynN7TeA,heldout,14,14.9580,27,10722.96,10068,,,insufficient,0.2883933529733385,1,1,none,0
AkErVPPN9rg,UC2cfzvGC8CJNWtvaynN7TeA,time,14,14.9580,27,10722.96,10068,,,insufficient,0.2883933529733385,1,1,none,0
dXPmeqvpCWQ,UCAXUwGU47XVY-0lH9qhUr1Q,heldout,0.5,0.6664,30,89972.17,56676,77057.8984032074,1.1675917338435966,early,,14,11,none,0
dXPmeqvpCWQ,UCAXUwGU47XVY-0lH9qhUr1Q,heldout,1,0.6664,30,89972.17,56676,77057.8984032074,1.1675917338435966,early,,14,11,none,0
dXPmeqvpCWQ,UCAXUwGU47XVY-0lH9qhUr1Q,heldout,7,7.6664,30,60996.88,56676,77778.13715496557,0.7842419875892566,confirmed,0.24094436905562513,15,11,none,0
dXPmeqvpCWQ,UCAXUwGU47XVY-0lH9qhUr1Q,heldout,14,13.6664,30,57439.63,56676,76794.07296177588,0.7479695353940439,confirmed,0.20486017630982947,15,10,none,0
LY_jiwPgGp8,UCGpsgNbzdF7BECCVbB1COHw,time,7,8.6267,27,17898.18,14499,5462.251910111231,3.2767034958497927,confirmed,,8,8,none,0
LY_jiwPgGp8,UCGpsgNbzdF7BECCVbB1COHw,time,14,12.6267,27,14833.13,14499,9130.045618462062,1.6246498286039164,confirmed,0.027205114742351374,15,15,none,0
eXwUnRlQc1M,UCg_6LRcTUvdlwjnimkKxKxA,time,5,5.3938,28,67.99,69,,,insufficient,,2,2,none,0
eXwUnRlQc1M,UCg_6LRcTUvdlwjnimkKxKxA,time,7,7.3938,28,58.26,69,,,insufficient,0.21409360694790153,2,2,none,0
eXwUnRlQc1M,UCg_6LRcTUvdlwjnimkKxKxA,time,14,13.3938,28,64.05,69,,,insufficient,0.20396836567794635,2,2,none,0
z-8dW0G5qJs,UCZG-C5esGZyVfxO2qXa1Zmw,heldout,1,0.9815,31,96413.18,58558,51210.808305480125,1.8826724175945164,early,,15,14,none,0
z-8dW0G5qJs,UCZG-C5esGZyVfxO2qXa1Zmw,heldout,2,2.9815,31,70487.03,58558,46238.06429889143,1.5244372009023335,early,0.32126624475347343,15,12,none,0
z-8dW0G5qJs,UCZG-C5esGZyVfxO2qXa1Zmw,heldout,3,2.9815,31,70487.03,58558,46238.06429889143,1.5244372009023335,early,0.32126624475347343,15,12,none,0
z-8dW0G5qJs,UCZG-C5esGZyVfxO2qXa1Zmw,heldout,5,4.9815,31,70189.24,58558,45556.76197393545,1.540698616645733,likely,0.27635698331448244,15,12,none,0
z-8dW0G5qJs,UCZG-C5esGZyVfxO2qXa1Zmw,heldout,7,6.9815,31,67849.46,58558,46789.995806487415,1.450084700456209,likely,0.23960035947712854,15,11,none,0
z-8dW0G5qJs,UCZG-C5esGZyVfxO2qXa1Zmw,heldout,14,13.9815,31,59010.03,58558,47477.00000000003,1.242918154210623,confirmed,0.1783592835138403,15,8,none,0
pjSgFEvOGAY,UC6S0jAvcapqJ48ZzLfva12g,time,5,5.0406,27,167869.33,159660,,,insufficient,,1,1,none,0
pjSgFEvOGAY,UC6S0jAvcapqJ48ZzLfva12g,time,7,7.0406,27,144643.96,159660,63500.48681513632,2.2778401769896357,confirmed,0.2226725094735694,15,13,none,0
pjSgFEvOGAY,UC6S0jAvcapqJ48ZzLfva12g,time,14,12.0406,27,152663.20,159660,63789.241459231715,2.393243655005384,confirmed,0.16922025955912237,15,11,none,0
HDiDqaUU5oM,UC41S9MSkeQ1TWo1URYLeRuw,heldout,14,14.6699,31,4429.18,4206,5570.741051388543,0.7950784126667614,confirmed,,15,13,none,0
e51VEA_0KgQ,UCYzrlZP_m1cV51q9GGDHCMg,time,0.5,0.4383,27,146.35,110,282.7802947123209,0.5175228978208753,early,,14,14,none,0
e51VEA_0KgQ,UCYzrlZP_m1cV51q9GGDHCMg,time,1,1.4383,27,168.03,110,275.69886774954335,0.6094842535059353,early,0.7953994674282167,15,15,none,0
e51VEA_0KgQ,UCYzrlZP_m1cV51q9GGDHCMg,time,2,2.4383,27,133.16,110,269.7200654956572,0.49369908840119137,early,0.591099920111178,15,15,none,0
e51VEA_0KgQ,UCYzrlZP_m1cV51q9GGDHCMg,time,3,3.4383,27,133.64,110,264.486730184347,0.505298249061753,likely,0.5130115813155475,15,15,none,0
e51VEA_0KgQ,UCYzrlZP_m1cV51q9GGDHCMg,time,5,5.4383,27,129.03,110,256.82014531935437,0.5024004926394692,likely,0.46967223766553046,15,15,none,0
e51VEA_0KgQ,UCYzrlZP_m1cV51q9GGDHCMg,time,7,7.4383,27,123.05,110,249.57782467429485,0.49304669795384964,confirmed,0.4216639183564349,15,15,none,0
e51VEA_0KgQ,UCYzrlZP_m1cV51q9GGDHCMg,time,14,15.4383,27,120.30,110,234.0534024032699,0.5139908160877708,confirmed,0.33088146494302173,15,15,none,0
--He8I3JOwU,UCaYGMFDjbnjrowLyhYir_jw,time,14,13.1823,27,3050.75,2995,2737.033119869776,1.1146185184165196,confirmed,0.2794634191808729,15,14,none,0
hz3IaC6LWEA,UCh7mi5sI3BSzKReLzXpgimA,time,5,5.3565,27,73.43,55,58.84046009322664,1.2478915503373524,likely,,15,13,none,0
hz3IaC6LWEA,UCh7mi5sI3BSzKReLzXpgimA,time,7,7.3565,27,59.36,55,58.11854340255084,1.021431540621377,confirmed,0,15,13,none,0
hz3IaC6LWEA,UCh7mi5sI3BSzKReLzXpgimA,time,14,15.3565,27,56.86,55,56.00000000000002,1.0153505562060885,confirmed,0.019414034813485755,15,8,none,0
xk6yKMFsHNI,UCtak3C1t8k3u8CVzVGYvemA,time,14,14.0403,29,12734.49,12827,25656.08925534846,0.4963535021785767,confirmed,0.09021435664627128,15,10,none,0
_qyy3oY6sXw,UC4wKN1tlnlNVMiRPOu7qyvQ,time,1,1.5828,27,878.43,899,2229.7885258482506,0.3939500450432201,early,,15,15,none,0
_qyy3oY6sXw,UC4wKN1tlnlNVMiRPOu7qyvQ,time,2,1.5828,27,878.43,899,2229.7885258482506,0.3939500450432201,early,,15,15,none,0
_qyy3oY6sXw,UC4wKN1tlnlNVMiRPOu7qyvQ,time,3,2.5828,27,636.33,899,2250.9258909512705,0.28269622481172235,early,0.249576370331942,15,15,none,0
_qyy3oY6sXw,UC4wKN1tlnlNVMiRPOu7qyvQ,time,5,4.5828,27,752.05,899,2377.472689194756,0.3163235363971139,likely,0.28174074751546685,15,15,none,0
_qyy3oY6sXw,UC4wKN1tlnlNVMiRPOu7qyvQ,time,7,6.5828,27,753.73,899,2355.9427029065732,0.3199292516623002,likely,0.26166573470005716,15,15,none,0
_qyy3oY6sXw,UC4wKN1tlnlNVMiRPOu7qyvQ,time,14,13.5828,27,848.61,899,2298.548253630869,0.3691946342791875,confirmed,0.27611928232693694,15,15,none,0
5k3gxj2Sj2M,UCGy7EnfIC59wJNSSwt5nzdg,time,14,13.9642,28,490.03,518,332.3445135939705,1.4744538251741206,confirmed,0.029472181930096413,15,14,none,0
bgyAfecwuGY,UCq_2n18CJaRVGxEfxtCfI-Q,time,5,5.7707,29,174774.14,132138,82522.03895008605,2.1179086167954315,likely,,15,15,none,0
bgyAfecwuGY,UCq_2n18CJaRVGxEfxtCfI-Q,time,7,6.7707,29,142084.71,132138,82133.92510854745,1.729914977915836,likely,0.04010055201285231,15,15,none,0
bgyAfecwuGY,UCq_2n18CJaRVGxEfxtCfI-Q,time,14,13.7707,29,135273.20,132138,80728.00000000004,1.6756664075153793,confirmed,0.022884018995626396,15,12,none,0
dh9teT_Pe7w,UCCT5Ht1fD3xm0mi9rsmArYg,time,5,5.9687,29,47.59,72,,,insufficient,,0,0,none,0
dh9teT_Pe7w,UCCT5Ht1fD3xm0mi9rsmArYg,time,7,7.9687,29,68.51,72,,,insufficient,0.7226006196494977,0,0,none,0
dh9teT_Pe7w,UCCT5Ht1fD3xm0mi9rsmArYg,time,14,13.9687,29,70.91,72,,,insufficient,0.6147574734733722,0,0,none,0
RHb2kwaeTi4,UC2OjGgjNiqyLr_1qkqAwsUQ,time,14,13.7650,29,15907.26,15476,10341.726285323013,1.5381626561424993,confirmed,0.012052241101526648,15,13,none,0
xmQLP2dZLT4,UC4PIiYewI1YGyiZvgNlJNrA,time,0.5,0.5375,29,113140.81,133402,161290.0244804034,0.7014742977348668,early,,15,13,none,0
xmQLP2dZLT4,UC4PIiYewI1YGyiZvgNlJNrA,time,1,0.5375,29,113140.81,133402,161290.0244804034,0.7014742977348668,early,,15,13,none,0
xmQLP2dZLT4,UC4PIiYewI1YGyiZvgNlJNrA,time,2,1.5375,29,153027.40,133402,161724.0743197108,0.9462252548833415,early,1.057247580158903,15,13,none,0
xmQLP2dZLT4,UC4PIiYewI1YGyiZvgNlJNrA,time,3,2.5375,29,133547.71,133402,163523.20832701586,0.8166896636137493,early,0.7535036212802342,15,12,none,0
xmQLP2dZLT4,UC4PIiYewI1YGyiZvgNlJNrA,time,5,4.5375,29,141315.79,133402,164358.19205998117,0.8598037703259676,likely,0.6443759757634359,15,11,none,0
xmQLP2dZLT4,UC4PIiYewI1YGyiZvgNlJNrA,time,7,6.5375,29,126401.15,133402,165352.2076342966,0.764435814467718,likely,0.5975442585362389,15,11,none,0
xmQLP2dZLT4,UC4PIiYewI1YGyiZvgNlJNrA,time,14,13.5375,29,156426.98,133402,175341.66830135975,0.89212666321994,confirmed,0.530881378469967,15,10,none,0
9lgYN0cPEg8,UC6Oihk5E2X9kuvI4q4rWxtQ,time,14,14.5761,28,116513.81,116449,125442.16950723337,0.9288249095046088,confirmed,,15,14,none,0
ilkOBHdBYrw,UCLI5Dd7feZbOShyDS-dHjQg,time,0.5,0.7284,27,6364.00,4499,4580.752460267737,1.3892917094687482,early,,15,12,none,0
ilkOBHdBYrw,UCLI5Dd7feZbOShyDS-dHjQg,time,1,0.7284,27,6364.00,4499,4580.752460267737,1.3892917094687482,early,,15,12,none,0
ilkOBHdBYrw,UCLI5Dd7feZbOShyDS-dHjQg,time,2,1.7284,27,5338.53,4499,4357.002742086844,1.2252752267901539,early,0.5541603048998682,15,12,none,0
ilkOBHdBYrw,UCLI5Dd7feZbOShyDS-dHjQg,time,3,2.7284,27,4127.65,4499,4249.9946383622655,0.9712132929505858,early,0.4276340174218347,15,11,none,0
ilkOBHdBYrw,UCLI5Dd7feZbOShyDS-dHjQg,time,5,4.7284,27,4552.08,4499,4067.132686754365,1.1192360546861377,likely,0.3631986218167126,15,11,none,0
ilkOBHdBYrw,UCLI5Dd7feZbOShyDS-dHjQg,time,7,6.7284,27,5158.10,4499,3966.0530971462526,1.300562314156631,likely,0.3528369144325147,15,11,none,0
ilkOBHdBYrw,UCLI5Dd7feZbOShyDS-dHjQg,time,14,12.7284,27,4662.05,4499,3783.9999999999995,1.2320424303899682,confirmed,0.293323124297636,15,10,none,0
dnmJ7alN1Yo,UCglNXzBo6bmKc9otKf-OuGQ,time,14,12.7136,27,2200.46,2399,9712.855587117157,0.22655156161062234,confirmed,0.37448848475798535,15,15,none,0
5rTwOt9Qgik,UCn8ujwUInbJkBhffxqAPBVQ,time,1,1.0321,27,16889.83,23957,47583.323090741585,0.3549527084263791,early,,15,15,none,0
5rTwOt9Qgik,UCn8ujwUInbJkBhffxqAPBVQ,time,2,2.0321,27,40755.38,23957,47817.41617972037,0.8523125356895371,early,2.1461310400926066,15,15,none,0
5rTwOt9Qgik,UCn8ujwUInbJkBhffxqAPBVQ,time,3,3.0321,27,37530.77,23957,48754.45049980061,0.7697916800714835,likely,1.3330802467347538,15,15,none,0
5rTwOt9Qgik,UCn8ujwUInbJkBhffxqAPBVQ,time,5,5.0321,27,34497.73,23957,49274.20181578134,0.7001175466947361,likely,0.8871313224731309,15,15,none,0
5rTwOt9Qgik,UCn8ujwUInbJkBhffxqAPBVQ,time,7,7.0321,27,31209.54,23957,50383.917010748555,0.6194345227455349,confirmed,0.7278409487843417,15,15,none,0
5rTwOt9Qgik,UCn8ujwUInbJkBhffxqAPBVQ,time,14,13.0321,27,27323.54,23957,53859.65429584973,0.5073099965575932,confirmed,0.5799814019440125,15,15,none,0
cBIZ6tCBAbw,UCbJ8oD5Gmh6CKv0GPpXpK8w,time,7,8.8562,27,17738.25,15364,77006.28424963697,0.23034809748924348,confirmed,,11,11,none,0
cBIZ6tCBAbw,UCbJ8oD5Gmh6CKv0GPpXpK8w,time,14,12.8562,27,16028.73,15364,83265.87518235223,0.192500579889889,confirmed,0.13820829716136301,13,12,none,0
dXAyP3i8m8c,UCmH99cCLXOXzaEFJKyGJXTw,time,3,3.8196,27,594.58,413,297.59814986458366,1.9979177838887308,likely,,12,12,none,0
dXAyP3i8m8c,UCmH99cCLXOXzaEFJKyGJXTw,time,5,4.8196,27,443.67,413,292.442841889169,1.51713163037312,likely,0.19440397926523345,15,14,none,0
dXAyP3i8m8c,UCmH99cCLXOXzaEFJKyGJXTw,time,7,6.8196,27,435.34,413,290.7932172318974,1.4970666620213675,likely,0.11259154206938105,15,13,none,0
dXAyP3i8m8c,UCmH99cCLXOXzaEFJKyGJXTw,time,14,12.8196,27,415.59,413,303.2430797433548,1.3704919942987133,confirmed,0.06600143317181281,15,12,none,0
VkLUDVcd5DI,UCC6Xr08p6HfQXV-ZRNuajnQ,time,5,5.0497,27,163.17,621,,,insufficient,,0,0,none,0
VkLUDVcd5DI,UCC6Xr08p6HfQXV-ZRNuajnQ,time,7,7.0497,27,169.99,621,,,insufficient,0.3863347663526944,0,0,none,0
VkLUDVcd5DI,UCC6Xr08p6HfQXV-ZRNuajnQ,time,14,13.0497,27,255.77,621,,,insufficient,0.6180606812604726,0,0,none,0
BPfC0E4pWHc,UCI8gcSTo1FowsRJdilsjsZw,time,0.5,0.7175,27,22862.08,29078,37805.377692139504,0.6047310131223019,early,,12,12,none,0
BPfC0E4pWHc,UCI8gcSTo1FowsRJdilsjsZw,time,1,0.7175,27,22862.08,29078,37805.377692139504,0.6047310131223019,early,,12,12,none,0
BPfC0E4pWHc,UCI8gcSTo1FowsRJdilsjsZw,time,2,1.7175,27,20629.51,29078,33967.88554208268,0.6073239133108274,early,0.7103311608533768,14,14,none,0
BPfC0E4pWHc,UCI8gcSTo1FowsRJdilsjsZw,time,3,2.7175,27,22038.33,29078,33360.23737900128,0.6606168211084191,early,0.5844161301471872,15,15,none,0
BPfC0E4pWHc,UCI8gcSTo1FowsRJdilsjsZw,time,5,4.7175,27,26793.14,29078,32364.346306276195,0.8278598088688146,likely,0.5821154754705822,15,15,none,0
BPfC0E4pWHc,UCI8gcSTo1FowsRJdilsjsZw,time,7,6.7175,27,28265.71,29078,31788.514849113104,0.8891799951941554,likely,0.5792554321038207,15,15,none,0
BPfC0E4pWHc,UCI8gcSTo1FowsRJdilsjsZw,time,14,15.7175,27,30613.76,29078,37360.74373794179,0.8194098317346152,confirmed,0.4891643713523215,15,15,none,0
eGpNMBKzPPY,UCsvqVGtbbyHaMoevxPAq9Fg,time,7,7.2849,27,2819.53,2289,2944.4100810849905,0.957588476619383,confirmed,,15,15,none,0
eGpNMBKzPPY,UCsvqVGtbbyHaMoevxPAq9Fg,time,14,12.2849,27,2338.48,2289,3039.086966548084,0.7694684565190937,confirmed,0.021643819210017963,15,15,none,0
xshlLGJdX80,UC3KNWfcAsfHDqIzHExknhFQ,time,5,6.6374,28,204.00,397,,,insufficient,,2,2,none,0
xshlLGJdX80,UC3KNWfcAsfHDqIzHExknhFQ,time,7,6.6374,28,204.00,397,,,insufficient,,2,2,none,0
xshlLGJdX80,UC3KNWfcAsfHDqIzHExknhFQ,time,14,13.6374,28,321.62,397,,,insufficient,0.6913460080516339,2,2,none,0
CMoPkNzVq-s,UCgaO4TQKdcTrLoWTD3zqbaA,time,5,4.9580,27,198.52,171,,,insufficient,,0,0,none,0
CMoPkNzVq-s,UCgaO4TQKdcTrLoWTD3zqbaA,time,7,6.9580,27,168.20,171,,,insufficient,0.16179857482166488,0,0,none,0
CMoPkNzVq-s,UCgaO4TQKdcTrLoWTD3zqbaA,time,14,15.9580,27,167.48,171,,,insufficient,0.09941630725205802,0,0,none,0
tgy5EinyiP4,UCPCPE5MoI7DS1WiVB_-mzNw,time,5,6.8814,28,3037.39,2420,5589.562915039107,0.5434036713514288,likely,,15,15,none,0
tgy5EinyiP4,UCPCPE5MoI7DS1WiVB_-mzNw,time,7,6.8814,28,3037.39,2420,5589.562915039107,0.5434036713514288,likely,,15,15,none,0
tgy5EinyiP4,UCPCPE5MoI7DS1WiVB_-mzNw,time,14,12.8814,28,2497.69,2420,5362.727100482011,0.46574969745629363,confirmed,0.0029273483138728138,15,15,none,0
An1ZXDxgCZY,UC3_BakzLfadvFrsnClMFWmQ,time,1,0.0949,28,20869.42,686,767.7143756490318,27.183831235514145,early,,14,14,none,0
An1ZXDxgCZY,UC3_BakzLfadvFrsnClMFWmQ,time,2,2.0949,28,949.02,686,790.5889838436357,1.2003983378501395,early,0.11206532219370448,15,15,none,0
An1ZXDxgCZY,UC3_BakzLfadvFrsnClMFWmQ,time,3,3.0949,28,817.25,686,779.9284206770055,1.04784629706121,likely,0.08827857366159819,15,15,none,0
An1ZXDxgCZY,UC3_BakzLfadvFrsnClMFWmQ,time,5,5.0949,28,759.61,686,758.3999358537997,1.0015914275614544,likely,0.07752896400905994,15,15,none,0
An1ZXDxgCZY,UC3_BakzLfadvFrsnClMFWmQ,time,7,7.0949,28,737.65,686,744.5296095313253,0.9907652636081098,confirmed,0.07027014821725358,15,15,none,0
An1ZXDxgCZY,UC3_BakzLfadvFrsnClMFWmQ,time,14,13.0949,28,653.75,686,709.0222326120117,0.9220498208226303,confirmed,0.059656994235581,15,12,none,0
wAbfSBIODyA,UCfa9hkgsTHfK8bpDoiQZI5g,heldout,1,1.9270,30,2040.94,1788,3006.2823613845903,0.6788906735555307,early,,15,15,none,0
wAbfSBIODyA,UCfa9hkgsTHfK8bpDoiQZI5g,heldout,2,1.9270,30,2040.94,1788,3006.2823613845903,0.6788906735555307,early,,15,15,none,0
wAbfSBIODyA,UCfa9hkgsTHfK8bpDoiQZI5g,heldout,3,2.9270,30,1751.76,1788,3006.2823613845903,0.5827003674135095,early,0.4570720180540113,15,15,none,0
wAbfSBIODyA,UCfa9hkgsTHfK8bpDoiQZI5g,heldout,5,4.9270,30,1775.82,1788,2921.9876063496386,0.60774317943651,likely,0.3307364514695318,15,15,none,0
wAbfSBIODyA,UCfa9hkgsTHfK8bpDoiQZI5g,heldout,7,6.9270,30,1792.99,1788,2897.730733734573,0.6187579675456649,likely,0.3065169431546615,15,15,none,0
wAbfSBIODyA,UCfa9hkgsTHfK8bpDoiQZI5g,heldout,14,13.9270,30,1772.59,1788,2816.6732085794993,0.6293209657030917,confirmed,0.23561726198728355,15,11,none,0
BcJmDvnYF8Y,UCzV_hd9M_7UBEVrGLUJu-2Q,heldout,14,13.0831,28,5847.24,5932,8625.548752962824,0.6778974732372293,confirmed,0.10765585643048586,15,10,none,0
BcJmDvnYF8Y,UCzV_hd9M_7UBEVrGLUJu-2Q,time,14,13.0831,28,5847.24,5932,8625.548752962824,0.6778974732372293,confirmed,0.10765585643048586,15,10,none,0
tO96suFjNgA,UCnpWedLQdHpZqhgTLdB9Yyg,heldout,1,1.8954,27,55436.11,47060,68461.62865558827,0.8097398916711535,early,,15,15,none,0
tO96suFjNgA,UCnpWedLQdHpZqhgTLdB9Yyg,heldout,2,1.8954,27,55436.11,47060,68461.62865558827,0.8097398916711535,early,,15,15,none,0
tO96suFjNgA,UCnpWedLQdHpZqhgTLdB9Yyg,heldout,3,3.8954,27,52158.74,47060,69856.38749744142,0.7466567570189004,likely,0.43067252998805156,15,15,none,0
tO96suFjNgA,UCnpWedLQdHpZqhgTLdB9Yyg,heldout,5,4.8954,27,49909.63,47060,70205.9777894818,0.7109028536346922,likely,0.3761703703520478,15,15,none,0
tO96suFjNgA,UCnpWedLQdHpZqhgTLdB9Yyg,heldout,7,6.8954,27,49255.31,47060,70981.50408498276,0.6939175440652868,likely,0.31569034540111546,15,15,none,0
tO96suFjNgA,UCnpWedLQdHpZqhgTLdB9Yyg,heldout,14,13.8954,27,53268.76,47060,73641,0.7233573059812195,confirmed,0.2448294936354677,15,11,none,0
7k4tQoOSd-8,UCIcCXe3iWo6lq-iWKV40Oug,heldout,14,12.8315,30,18815.96,20029,16836.77081352769,1.1175518215303615,confirmed,,15,14,none,0
hZfPm_TIg-Q,UCfiZzwbPTOw8MCQfyxES43A,time,5,4.6152,27,2108.97,5110,,,insufficient,,1,1,none,0
hZfPm_TIg-Q,UCfiZzwbPTOw8MCQfyxES43A,time,7,7.6152,27,3577.38,5110,,,insufficient,0.8091791400087844,1,1,none,0
hZfPm_TIg-Q,UCfiZzwbPTOw8MCQfyxES43A,time,14,12.6152,27,3593.50,5110,,,insufficient,0.6821633532137911,1,1,none,0
zir51X51dVQ,UC6BW8DqrAmBEIeCtMa4bfBw,time,14,13.2167,28,3734.38,3464,3757.184108647544,0.9939309382108558,confirmed,,15,15,none,0
EXIgjIBu4EU,UC4JX40jDee_tINbkjycV4Sg,time,3,3.9165,28,15306.78,29941,32581.824543446775,0.46979508156437116,likely,,14,13,none,0
EXIgjIBu4EU,UC4JX40jDee_tINbkjycV4Sg,time,5,4.9165,28,13137.71,29941,32581.824543446775,0.40322190350337517,likely,0.29819909816346757,15,14,none,0
EXIgjIBu4EU,UC4JX40jDee_tINbkjycV4Sg,time,7,6.9165,28,16916.54,29941,32446.462480643826,0.5213677015955875,likely,0.509524101978584,15,13,none,0
EXIgjIBu4EU,UC4JX40jDee_tINbkjycV4Sg,time,14,13.9165,28,23372.97,29941,32400.000000000004,0.7213878547513763,confirmed,0.5840105291082437,15,9,none,0
7dcTwB-_iNA,UCGpsgNbzdF7BECCVbB1COHw,time,14,13.9487,27,2135.85,2129,6799.5782611087125,0.3141157327967069,confirmed,0.06432593819403862,15,15,none,0
KOFmvoeC97U,UCMQ_mPIBPi4IMpYEmuyOMqQ,time,1,1.9579,28,5212.61,4791,3212.999999999998,1.6223507786540223,early,,15,14,none,0
KOFmvoeC97U,UCMQ_mPIBPi4IMpYEmuyOMqQ,time,2,1.9579,28,5212.61,4791,3212.999999999998,1.6223507786540223,early,,15,14,none,0
KOFmvoeC97U,UCMQ_mPIBPi4IMpYEmuyOMqQ,time,3,2.9579,28,4325.41,4791,3212.999999999998,1.3462207061263025,early,0.3452314067952375,15,14,none,0
KOFmvoeC97U,UCMQ_mPIBPi4IMpYEmuyOMqQ,time,5,4.9579,28,4535.48,4791,3212.999999999998,1.4116038136380287,likely,0.33323440473111965,15,14,none,0
KOFmvoeC97U,UCMQ_mPIBPi4IMpYEmuyOMqQ,time,7,6.9579,28,4933.56,4791,3212.999999999998,1.535498982462122,likely,0.33593093610612906,15,14,none,0
KOFmvoeC97U,UCMQ_mPIBPi4IMpYEmuyOMqQ,time,14,12.9579,28,4787.16,4791,3212.999999999998,1.4899331096731925,confirmed,0.27541969443631364,15,13,none,0
Ch4LoBCDDZQ,UC6RxjqZyhTKshYyBJcIIvPQ,time,5,4.8747,27,1298.56,1262,,,insufficient,,2,2,none,0
Ch4LoBCDDZQ,UC6RxjqZyhTKshYyBJcIIvPQ,time,7,6.8747,27,1339.63,1262,,,insufficient,0.34311289368271614,2,2,none,0
Ch4LoBCDDZQ,UC6RxjqZyhTKshYyBJcIIvPQ,time,14,12.8747,27,1293.07,1262,,,insufficient,0.22124924120361472,2,2,none,0
V6LAU6acHh0,UCBXQM4wXOpzZPcjXMqecArA,time,0.5,0.7079,27,14814.82,14367,6157.610199403647,2.405936936593478,early,,15,11,none,0
V6LAU6acHh0,UCBXQM4wXOpzZPcjXMqecArA,time,1,0.7079,27,14814.82,14367,6157.610199403647,2.405936936593478,early,,15,11,none,0
V6LAU6acHh0,UCBXQM4wXOpzZPcjXMqecArA,time,2,1.7079,27,17227.59,14367,6140.471448949875,2.8055801932884283,early,0.9090658772272431,15,11,none,0
V6LAU6acHh0,UCBXQM4wXOpzZPcjXMqecArA,time,3,2.7079,27,16318.62,14367,6319.901306850631,2.5820996845167463,early,0.6552126959204561,15,10,none,0
V6LAU6acHh0,UCBXQM4wXOpzZPcjXMqecArA,time,5,4.7079,27,17224.48,14367,6504.173402220431,2.6482198159218933,likely,0.5083322255428296,15,9,none,0
V6LAU6acHh0,UCBXQM4wXOpzZPcjXMqecArA,time,7,7.7079,27,18051.22,14367,7020.553847647724,2.571195666579693,confirmed,0.43766144985799277,15,8,none,0
V6LAU6acHh0,UCBXQM4wXOpzZPcjXMqecArA,time,14,12.7079,27,16984.49,14367,7902.446210432233,2.1492699636531722,confirmed,0.38289674825431824,15,6,none,0
cHh37cWjqLA,UC1jY1bsRgYKlQ08IVIzwhVw,time,5,5.0662,27,424.24,371,,,insufficient,,1,1,none,0
cHh37cWjqLA,UC1jY1bsRgYKlQ08IVIzwhVw,time,7,7.0662,27,358.38,371,,,insufficient,0.15404150454293847,1,1,none,0
cHh37cWjqLA,UC1jY1bsRgYKlQ08IVIzwhVw,time,14,13.0662,27,379.96,371,,,insufficient,0.1366516943388021,1,1,none,0
cA8X2AWeVIo,UCIw43VFoz08rP1e_dzqJXpw,time,1,0.7761,28,42.48,59,83.30130623267085,0.5099532978389343,early,,4,4,none,0
cA8X2AWeVIo,UCIw43VFoz08rP1e_dzqJXpw,time,2,2.7761,28,40.75,59,93.71259512429302,0.43479032590043337,early,0.5916901579059876,4,4,none,0
cA8X2AWeVIo,UCIw43VFoz08rP1e_dzqJXpw,time,3,2.7761,28,40.75,59,93.71259512429302,0.43479032590043337,early,0.5916901579059876,4,4,none,0
cA8X2AWeVIo,UCIw43VFoz08rP1e_dzqJXpw,time,5,4.7761,28,37.46,59,96.84197313448173,0.3868087859439909,likely,0.4436972642152054,4,4,none,0
cA8X2AWeVIo,UCIw43VFoz08rP1e_dzqJXpw,time,7,6.7761,28,35.52,59,104.01385633795259,0.3414987736909234,likely,0.3789855599831562,4,4,none,0
cA8X2AWeVIo,UCIw43VFoz08rP1e_dzqJXpw,time,14,13.7761,28,56.04,59,122.99999999999994,0.4556337660986901,confirmed,0.39570551843682156,4,3,none,0
NsKflqx9Bf0,UCr3GuyRSJO1yRwzTt5rzFWA,time,14,13.9787,29,2283.86,2561,2989.4627681203865,0.7639709041569198,confirmed,0.30767226459551233,15,13,none,0
P-bY4uFjSHw,UC5_SBQbLA9Kg7Jh5GpXoP3g,time,1,0.8328,28,7.96,57,728.7387111558912,0.010929785732185317,early,,8,7,none,0
P-bY4uFjSHw,UC5_SBQbLA9Kg7Jh5GpXoP3g,time,2,2.8328,28,59.91,57,347.28711984602313,0.1725151518054807,early,3.027530743451667,15,14,none,0
P-bY4uFjSHw,UC5_SBQbLA9Kg7Jh5GpXoP3g,time,3,2.8328,28,59.91,57,347.28711984602313,0.1725151518054807,early,3.027530743451667,15,14,none,0
P-bY4uFjSHw,UC5_SBQbLA9Kg7Jh5GpXoP3g,time,5,4.8328,28,56.03,57,331.06434692445237,0.16923316704409658,likely,1.98899093123687,15,12,none,0
P-bY4uFjSHw,UC5_SBQbLA9Kg7Jh5GpXoP3g,time,7,6.8328,28,52.20,57,348.2127091337492,0.14991059300924578,likely,1.6297012203176318,15,12,none,0
P-bY4uFjSHw,UC5_SBQbLA9Kg7Jh5GpXoP3g,time,14,13.8328,28,60.09,57,386.2377837465644,0.15558417237079225,confirmed,1.2505712355293148,15,12,none,0
reGN99ayQ14,UCaDa57ymCY9-MrSs-JdQ3kg,heldout,3,3.0354,31,464.56,2288,724.6475949784395,0.6410875413090177,likely,,15,12,none,0
reGN99ayQ14,UCaDa57ymCY9-MrSs-JdQ3kg,heldout,5,4.0354,31,1055.56,2288,730.4054182740365,1.4451652635374894,likely,0.9800955755523976,15,11,none,0
reGN99ayQ14,UCaDa57ymCY9-MrSs-JdQ3kg,heldout,7,7.0354,31,1547.66,2288,745.7537241739515,2.0752974323855287,confirmed,1.0113280061375616,15,11,none,0
reGN99ayQ14,UCaDa57ymCY9-MrSs-JdQ3kg,heldout,14,14.0354,31,1309.97,2288,819.0344654644246,1.599404660793163,confirmed,0.9148385012501182,15,9,none,0
0SSjtMeaAP4,UC41S9MSkeQ1TWo1URYLeRuw,heldout,1,0.9108,29,7993.62,4413,4608.737121209946,1.7344497766832183,early,,14,12,none,0
0SSjtMeaAP4,UC41S9MSkeQ1TWo1URYLeRuw,heldout,7,8.9108,29,4671.08,4413,4611.915984159699,1.0128276981802598,confirmed,0.1480543488579785,15,13,none,0
0SSjtMeaAP4,UC41S9MSkeQ1TWo1URYLeRuw,heldout,14,14.9108,29,4450.56,4413,5310.26300852529,0.8381050796343336,confirmed,0.12116486963529438,15,12,none,0
Myd7c7yScbY,UC2qUDKqTsz00csykCYgdLuA,time,14,13.7497,28,2992.53,2928,5683.999999999995,0.5264834088847963,confirmed,0.26896372016232095,15,14,none,0
IQ4oQw0UfC4,UCbQUXtMwQM9QWQ15yDDN1BA,time,5,5.0412,27,5717.99,6553,5446.128991216181,1.049918572677889,likely,0.7470966177204172,15,14,none,0
IQ4oQw0UfC4,UCbQUXtMwQM9QWQ15yDDN1BA,time,7,7.0412,27,5983.88,6553,5531.891276988198,1.081706895062987,confirmed,0.637041772004671,15,14,none,0
IQ4oQw0UfC4,UCbQUXtMwQM9QWQ15yDDN1BA,time,14,12.0412,27,6030.25,6553,5588.3030487306605,1.079084038932832,confirmed,0.4925035948806169,15,13,none,0
WH8Nmk2R6hY,UCGbg3DjQdcqWwqOLHpYHXIg,time,0.5,0.7499,28,696009.89,761233,317669.0564264853,2.1909905071571294,early,,15,12,none,0
WH8Nmk2R6hY,UCGbg3DjQdcqWwqOLHpYHXIg,time,1,0.7499,28,696009.89,761233,317669.0564264853,2.1909905071571294,early,,15,12,none,0
WH8Nmk2R6hY,UCGbg3DjQdcqWwqOLHpYHXIg,time,2,1.7499,28,824649.81,761233,317669.0564264853,2.5959400144351577,early,0.9683685796445236,15,12,none,0
WH8Nmk2R6hY,UCGbg3DjQdcqWwqOLHpYHXIg,time,3,2.7499,28,806899.47,761233,317873.94030277367,2.5384259868001067,early,0.7335357157239792,15,12,none,0
WH8Nmk2R6hY,UCGbg3DjQdcqWwqOLHpYHXIg,time,5,4.7499,28,809130.63,761233,317873.94030277367,2.5454449841449844,likely,0.5817180386027612,15,11,none,0
WH8Nmk2R6hY,UCGbg3DjQdcqWwqOLHpYHXIg,time,7,6.7499,28,777324.94,761233,318137.78302814084,2.4433593799270663,likely,0.5165799041894736,15,11,none,0
WH8Nmk2R6hY,UCGbg3DjQdcqWwqOLHpYHXIg,time,14,13.7499,28,779642.32,761233,318228.5272940274,2.449944796750194,confirmed,0.4388532277506458,15,10,none,0
ojhwWvs9lZQ,UCI4uVUontY0y9hiGFlJ-lBA,time,1,0.8324,29,1444.31,1842,1991.7939508271443,0.7251314211191483,early,,15,10,none,0
ojhwWvs9lZQ,UCI4uVUontY0y9hiGFlJ-lBA,time,2,1.8324,29,1715.85,1842,1984.1268712483468,0.8647907059150818,early,1.0112204643741078,15,10,none,0
ojhwWvs9lZQ,UCI4uVUontY0y9hiGFlJ-lBA,time,3,2.8324,29,1794.99,1842,1984.1268712483468,0.904677468366376,early,0.8519243134253508,15,10,none,0
ojhwWvs9lZQ,UCI4uVUontY0y9hiGFlJ-lBA,time,5,4.8324,29,1892.61,1842,1976.4081264723336,0.9575995081718396,likely,0.7011067074609493,15,10,none,0
ojhwWvs9lZQ,UCI4uVUontY0y9hiGFlJ-lBA,time,7,6.8324,29,1897.03,1842,1976.4081264723336,0.959835972514756,likely,0.64082207605875,15,10,none,0
ojhwWvs9lZQ,UCI4uVUontY0y9hiGFlJ-lBA,time,14,14.8324,29,2102.62,1842,1953.3681333261889,1.0764089145780988,confirmed,0.5264734496345475,15,10,none,0
SQRsGneCnAM,UC0Fh1HN4RvOw2hMk9n5PysA,time,14,13.9572,29,215.03,237,436.3287946633571,0.49282281966091923,confirmed,0.10869414950837014,15,15,none,0
TVVa_4DmoXk,UCGIMKh92vaL0_Yc0u4GYhHA,time,2,2.6245,27,3596.00,3226,13647.161336605317,0.2634979836639575,early,,12,11,none,0
TVVa_4DmoXk,UCGIMKh92vaL0_Yc0u4GYhHA,time,3,2.6245,27,3596.00,3226,13647.161336605317,0.2634979836639575,early,,12,11,none,0
TVVa_4DmoXk,UCGIMKh92vaL0_Yc0u4GYhHA,time,5,4.6245,27,3448.62,3226,9788.105221984912,0.3523271738757168,likely,0.3781686286198482,15,12,none,0
TVVa_4DmoXk,UCGIMKh92vaL0_Yc0u4GYhHA,time,7,6.6245,27,3363.38,3226,9742.169196215966,0.34523892500820574,likely,0.27372271909957413,15,11,none,0
TVVa_4DmoXk,UCGIMKh92vaL0_Yc0u4GYhHA,time,14,12.6245,27,3210.09,3226,9670.999999999996,0.3319292947582451,confirmed,0.20033810177454814,15,8,none,0
5CoF0aXKFY8,UCGWNHkr2WZcRbxqoet-nyeg,time,14,13.4850,28,5022.02,5850,2598.893198610829,1.9323698542279637,confirmed,,15,15,none,0
OcVAkuk8dfU,UCbAlVnKhbGLK78GsSemQXxw,heldout,5,6.6040,29,31351.09,27537,,,insufficient,,1,1,none,0
OcVAkuk8dfU,UCbAlVnKhbGLK78GsSemQXxw,time,5,6.6040,29,31351.09,27537,,,insufficient,,1,1,none,0
OcVAkuk8dfU,UCbAlVnKhbGLK78GsSemQXxw,heldout,7,6.6040,29,31351.09,27537,,,insufficient,,1,1,none,0
OcVAkuk8dfU,UCbAlVnKhbGLK78GsSemQXxw,time,7,6.6040,29,31351.09,27537,,,insufficient,,1,1,none,0
OcVAkuk8dfU,UCbAlVnKhbGLK78GsSemQXxw,heldout,14,13.6040,29,27018.66,27537,,,insufficient,0.07442059918068701,1,1,none,0
OcVAkuk8dfU,UCbAlVnKhbGLK78GsSemQXxw,time,14,13.6040,29,27018.66,27537,,,insufficient,0.07442059918068701,1,1,none,0
VueWuPHSfJY,UCUpbDOT-OVNBlaQpb9pbd2w,time,5,5.8537,29,13154.22,9846,19684.59196410672,0.6682497583507219,likely,,15,15,none,0
VueWuPHSfJY,UCUpbDOT-OVNBlaQpb9pbd2w,time,7,6.8537,29,10666.85,9846,19262.76257325488,0.5537550315450384,likely,0.021977519740715632,15,15,none,0
VueWuPHSfJY,UCUpbDOT-OVNBlaQpb9pbd2w,time,14,13.8537,29,10128.25,9846,17537.601450590566,0.5775163184729062,confirmed,0.016334873006491092,15,15,none,0
_ddXXvJwi_g,UC8kGsMa0LygSX9nkBcBH1Sg,time,14,13.8326,27,9794.33,10144,13897.999999999996,0.7047294515781256,confirmed,0.0989233361016322,15,12,none,0
d8FyWx5J5i4,UCg2EPgrZtxyZPdaprLgSqpQ,time,5,6.4119,29,167.48,165,,,insufficient,,1,1,none,0
d8FyWx5J5i4,UCg2EPgrZtxyZPdaprLgSqpQ,time,7,7.4119,29,148.41,165,,,insufficient,0.11793267675304299,1,1,none,0
d8FyWx5J5i4,UCg2EPgrZtxyZPdaprLgSqpQ,time,14,14.4119,29,167.18,165,,,insufficient,0.20026317977093536,1,1,none,0
K9_gZJ0oM-0,UCgH_SmWw9WianYyOB5Y6tEA,heldout,14,12.6457,27,29177.26,27924,202.95396793495271,143.76295062062147,confirmed,-0.28734202106533535,15,15,none,0
K9_gZJ0oM-0,UCgH_SmWw9WianYyOB5Y6tEA,time,14,12.6457,27,29177.26,27924,202.95396793495271,143.76295062062147,confirmed,-0.28734202106533535,15,15,none,0
_w-InFZK32M,UCvt-PjJT5B3B2cqcewYjFBQ,time,14,13.0458,28,549.69,548,450.00000000000006,1.2215430542342598,confirmed,0.29843253569846523,15,11,none,0
1pD7d-EsUwc,UCBXQM4wXOpzZPcjXMqecArA,heldout,1,0.9166,32,1857.98,4751,6101.067962928311,0.3045331187186215,early,,14,12,none,0
1pD7d-EsUwc,UCBXQM4wXOpzZPcjXMqecArA,heldout,2,1.9166,32,1722.44,4751,6692.269839501078,0.2573776025595657,early,0.6006117819155631,15,11,none,0
1pD7d-EsUwc,UCBXQM4wXOpzZPcjXMqecArA,heldout,3,2.9166,32,3325.13,4751,6752.109642713398,0.4924582511343512,early,0.9752988426035528,15,11,none,0
1pD7d-EsUwc,UCBXQM4wXOpzZPcjXMqecArA,heldout,5,4.9166,32,4009.67,4751,6847.7142412769535,0.5855487471073023,likely,0.9051183700643737,15,11,none,0
1pD7d-EsUwc,UCBXQM4wXOpzZPcjXMqecArA,heldout,7,6.9166,32,4226.63,4751,7013.123333710416,0.6026746138617234,likely,0.8518207637927929,15,10,none,0
1pD7d-EsUwc,UCBXQM4wXOpzZPcjXMqecArA,heldout,14,13.9166,32,5351.38,4751,7591.999999999997,0.7048707004050245,confirmed,0.729358890724044,15,7,none,0
R-AI8vjoFr0,UCg2EPgrZtxyZPdaprLgSqpQ,time,5,6.3505,28,105.78,98,,,insufficient,,2,2,none,0
R-AI8vjoFr0,UCg2EPgrZtxyZPdaprLgSqpQ,time,7,7.3505,28,92.34,98,,,insufficient,0,2,2,none,0
R-AI8vjoFr0,UCg2EPgrZtxyZPdaprLgSqpQ,time,14,14.3505,28,95.11,98,,,insufficient,0.12353892170569487,2,2,none,0
VyF8SOSP2YM,UCX6b17PVsYBQ0ip5gyeme-Q,time,1,0.8326,29,45434.78,42652,71820.26741265065,0.6326177396778777,early,,15,10,none,0
VyF8SOSP2YM,UCX6b17PVsYBQ0ip5gyeme-Q,time,2,1.8326,29,38891.53,42652,71820.26741265065,0.5415118729575393,early,0.6273665430145818,15,9,none,0
VyF8SOSP2YM,UCX6b17PVsYBQ0ip5gyeme-Q,time,3,2.8326,29,39819.60,42652,71842.71817769483,0.5542607085674005,early,0.48259279980655484,15,9,none,0
VyF8SOSP2YM,UCX6b17PVsYBQ0ip5gyeme-Q,time,5,4.8326,29,41403.98,42652,71842.71817769483,0.5763142710303035,likely,0.4374227976542492,15,9,none,0
VyF8SOSP2YM,UCX6b17PVsYBQ0ip5gyeme-Q,time,7,6.8326,29,42766.30,42652,71799.32600077316,0.5956364829548106,likely,0.40612513742808637,15,9,none,0
VyF8SOSP2YM,UCX6b17PVsYBQ0ip5gyeme-Q,time,14,13.8326,29,46387.99,42652,71722.61936364158,0.646769365018303,confirmed,0.37130054100862253,15,8,none,0
Kw9OC2uaFs0,UCuK2Mf5As9OKfWU7XV6yzCg,time,1,0.8330,29,12948.37,11656,5267.857449037169,2.4579948859150695,early,,15,12,none,0
Kw9OC2uaFs0,UCuK2Mf5As9OKfWU7XV6yzCg,time,2,1.8330,29,21641.48,11656,5244.376311768957,4.1266072861492065,early,1.3605989483858616,15,12,none,0
Kw9OC2uaFs0,UCuK2Mf5As9OKfWU7XV6yzCg,time,3,3.8330,29,17775.73,11656,5184.438781437359,3.4286697956281045,likely,0.7510019860597746,15,11,none,0
Kw9OC2uaFs0,UCuK2Mf5As9OKfWU7XV6yzCg,time,5,4.8330,29,15964.34,11656,5157.190427664818,3.0955492504432085,likely,0.6486085302916049,15,11,none,0
Kw9OC2uaFs0,UCuK2Mf5As9OKfWU7XV6yzCg,time,7,6.8330,29,15343.72,11656,5103.708572611108,3.0063858450390546,likely,0.5338006017689935,15,11,none,0
Kw9OC2uaFs0,UCuK2Mf5As9OKfWU7XV6yzCg,time,14,13.8330,29,12748.80,11656,4996.715856326962,2.5514355523933863,confirmed,0.395695213139707,15,10,none,0
0MaBOq9QlSY,UC9Nrmsn0jlFsbuzmeUVdIUw,time,2,2.0416,27,82.24,86,,,insufficient,,2,2,none,0
0MaBOq9QlSY,UC9Nrmsn0jlFsbuzmeUVdIUw,time,3,3.0416,27,67.32,86,118.56623825577097,0.5677966402781356,likely,0.3061008873526544,15,15,none,0
0MaBOq9QlSY,UC9Nrmsn0jlFsbuzmeUVdIUw,time,5,5.0416,27,86.02,86,117.76196735821894,0.7304371149286203,likely,0.49971139130096615,15,13,none,0
0MaBOq9QlSY,UC9Nrmsn0jlFsbuzmeUVdIUw,time,7,7.0416,27,98.98,86,119.23135721312279,0.8301117776393501,confirmed,0.5065354038762033,15,13,none,0
0MaBOq9QlSY,UC9Nrmsn0jlFsbuzmeUVdIUw,time,14,13.0416,27,94.61,86,124.64107310420579,0.7590264894207239,confirmed,0.3989559453387587,15,11,none,0
OQERqMUsBHs,UC9PgszLOAWhQC6orYejcJlw,time,5,5.7913,28,5543.70,4945,,,insufficient,,0,0,none,0
OQERqMUsBHs,UC9PgszLOAWhQC6orYejcJlw,time,7,6.7913,28,4602.92,4945,,,insufficient,0.19381321504891105,0,0,none,0
OQERqMUsBHs,UC9PgszLOAWhQC6orYejcJlw,time,14,13.7913,28,4986.11,4945,,,insufficient,0.15309993892840718,0,0,none,0
Dart_BYcL7E,UCYzrlZP_m1cV51q9GGDHCMg,time,0.5,0.3528,27,573.11,161,282.7802947123209,2.026682701184485,early,,13,13,none,0
Dart_BYcL7E,UCYzrlZP_m1cV51q9GGDHCMg,time,1,1.3528,27,362.47,161,290.9952309740354,1.2456341551954373,early,0.12381219650425268,14,14,none,0
Dart_BYcL7E,UCYzrlZP_m1cV51q9GGDHCMg,time,2,2.3528,27,220.23,161,269.7200654956572,0.8165168950737901,early,0.0827681072437968,15,15,none,0
Dart_BYcL7E,UCYzrlZP_m1cV51q9GGDHCMg,time,3,3.3528,27,190.90,161,264.486730184347,0.7217695775429264,likely,0.06989244320409319,15,15,none,0
Dart_BYcL7E,UCYzrlZP_m1cV51q9GGDHCMg,time,5,5.3528,27,177.93,161,256.82014531935437,0.6928036518562402,likely,0.06536252750858144,15,15,none,0
Dart_BYcL7E,UCYzrlZP_m1cV51q9GGDHCMg,time,7,7.3528,27,172.60,161,249.57782467429485,0.6915504734621719,confirmed,0.059045276121689264,15,15,none,0
Dart_BYcL7E,UCYzrlZP_m1cV51q9GGDHCMg,time,14,15.3528,27,166.44,161,234.0534024032699,0.7111353470273596,confirmed,0.05322388141933424,15,15,none,0
3sTKc5JBknQ,UC682ktH2UsgNdCjl83TpDWg,time,14,12.9165,27,41.35,43,85.35405424920866,0.48448148573770683,confirmed,0.10427446629840677,15,15,none,0
MuzOJIgJBSc,UCFBpVaKCC0ajGps1vf0AgBg,time,5,4.7498,27,93836.36,117114,,,insufficient,,0,0,none,0
MuzOJIgJBSc,UCFBpVaKCC0ajGps1vf0AgBg,time,7,6.7498,27,110996.74,117114,,,insufficient,0.5261103352798752,0,0,none,0
MuzOJIgJBSc,UCFBpVaKCC0ajGps1vf0AgBg,time,14,12.7498,27,112725.82,117114,,,insufficient,0.3847378429928544,0,0,none,0
KP5CplhE4r8,UCiDJtJKMICpb9B1qf7qjEOA,time,1,0.9163,28,268770.57,287991,83063.71771937417,3.2357156660522133,early,,14,14,none,0
KP5CplhE4r8,UCiDJtJKMICpb9B1qf7qjEOA,time,2,1.9163,28,217762.50,287991,104739.01777042315,2.079096300817777,early,0.46530687578320296,15,15,none,0
KP5CplhE4r8,UCiDJtJKMICpb9B1qf7qjEOA,time,3,2.9163,28,212815.92,287991,103986.03312554242,2.0465817857625845,early,0.4252642454052755,15,15,none,0
KP5CplhE4r8,UCiDJtJKMICpb9B1qf7qjEOA,time,5,4.9163,28,223425.98,287991,102845.20129954051,2.1724492683908516,likely,0.38852140324671436,15,15,none,0
KP5CplhE4r8,UCiDJtJKMICpb9B1qf7qjEOA,time,7,6.9163,28,249590.60,287991,102707.04704064556,2.4301214793317993,likely,0.3973987972491127,15,15,none,0
KP5CplhE4r8,UCiDJtJKMICpb9B1qf7qjEOA,time,14,13.9163,28,294310.42,287991,105712.63199267778,2.7840610179609326,confirmed,0.4027680336139969,15,14,none,0
oSW-__CBzoU,UCyHGVG2E0yo1NidXwG_JrpA,time,0.5,0.5029,28,909.89,824,1473.7908467230511,0.6173778716263146,early,,15,10,none,0
oSW-__CBzoU,UCyHGVG2E0yo1NidXwG_JrpA,time,1,0.5029,28,909.89,824,1473.7908467230511,0.6173778716263146,early,,15,10,none,0
oSW-__CBzoU,UCyHGVG2E0yo1NidXwG_JrpA,time,2,1.5029,28,1398.76,824,1453.850045520895,0.9621059187941302,early,1.3520815374640665,15,10,none,0
oSW-__CBzoU,UCyHGVG2E0yo1NidXwG_JrpA,time,3,2.5029,28,1352.31,824,1416.1341574866278,0.9549278729406692,early,0.9370031614620382,15,10,none,0
oSW-__CBzoU,UCyHGVG2E0yo1NidXwG_JrpA,time,5,4.5029,28,1485.03,824,1364.6163567880321,1.088237374449852,likely,0.6973139293802002,15,10,none,0
oSW-__CBzoU,UCyHGVG2E0yo1NidXwG_JrpA,time,7,6.5029,28,1088.45,824,1335.1568153900564,0.8152208415105873,likely,0.5802161569334403,15,10,none,0
oSW-__CBzoU,UCyHGVG2E0yo1NidXwG_JrpA,time,14,13.5029,28,914.82,824,1263.9594657923562,0.7237740594852301,confirmed,0.44986547409057936,15,7,none,0
AKvM8OYr-Yw,UCiDJtJKMICpb9B1qf7qjEOA,heldout,14,13.9165,30,413280.67,409644,110570.35406063465,3.7377168308225754,confirmed,0.130196943546274,15,15,none,0
t1FEjEtAzsw,UC4ARIU_9FbVtMqvJtpZlDGA,time,5,5.8114,28,18657.13,20878,,,insufficient,,0,0,none,0
t1FEjEtAzsw,UC4ARIU_9FbVtMqvJtpZlDGA,time,7,6.8114,28,20168.98,20878,,,insufficient,0.48920022580189254,0,0,none,0
t1FEjEtAzsw,UC4ARIU_9FbVtMqvJtpZlDGA,time,14,12.8114,28,19295.28,20878,,,insufficient,0.322558910680906,0,0,none,0
UGiNrxKce3M,UCGwAh9NT7iHZlw4zrBueyIw,heldout,5,5.0236,30,3806.18,3921,4619.143910037429,0.8240001973924698,likely,0.3920587762787168,15,12,none,0
UGiNrxKce3M,UCGwAh9NT7iHZlw4zrBueyIw,heldout,7,7.0236,30,3921.85,3921,4566.310724615305,0.8588660059367245,confirmed,0.3585432690667857,15,10,none,0
UGiNrxKce3M,UCGwAh9NT7iHZlw4zrBueyIw,heldout,14,14.0236,30,4062.84,3921,4395.428607214611,0.9243341695499171,confirmed,0.2573387986236179,15,8,none,0
-9pjnS_1Kuw,UC3z8YEKBEjSPRb6L2RJPWUg,time,5,5.9167,27,5002.52,5046,,,insufficient,,0,0,none,0
-9pjnS_1Kuw,UC3z8YEKBEjSPRb6L2RJPWUg,time,7,6.9167,27,4163.18,5046,,,insufficient,0.2142622114736811,0,0,none,0
-9pjnS_1Kuw,UC3z8YEKBEjSPRb6L2RJPWUg,time,14,12.9167,27,4831.94,5046,,,insufficient,0.22840211589962997,0,0,none,0
FnOHapHRqJs,UCLMtjmKyB2ORHx2A06crsmQ,time,3,3.8320,28,5852.22,5648,17513.16354875596,0.3341611936816263,likely,,10,10,none,0
FnOHapHRqJs,UCLMtjmKyB2ORHx2A06crsmQ,time,5,4.8320,28,4327.25,5648,15183.79687037352,0.28499129757903063,likely,0.14632295251167846,15,14,none,0
FnOHapHRqJs,UCLMtjmKyB2ORHx2A06crsmQ,time,7,6.8320,28,5060.79,5648,15291.85427918896,0.3309469182605354,likely,0.25909239871467,15,13,none,0
FnOHapHRqJs,UCLMtjmKyB2ORHx2A06crsmQ,time,14,13.8320,28,5448.80,5648,15552.51799252491,0.35034863847414804,confirmed,0.24660958058393562,15,12,none,0
ZUgWZps-O9I,UChbcn2mOzPHEEHxPmU66Sdg,time,1,0.8302,27,800.58,845,2001.881594806874,0.3999155252174673,early,,15,7,none,0
ZUgWZps-O9I,UChbcn2mOzPHEEHxPmU66Sdg,time,2,1.8302,27,821.62,845,1940.246853120449,0.42346292439792727,early,0.6753141252213717,15,7,none,0
ZUgWZps-O9I,UChbcn2mOzPHEEHxPmU66Sdg,time,3,2.8302,27,836.21,845,1892.811148703489,0.44178057236802637,early,0.48925504841940765,15,7,none,0
ZUgWZps-O9I,UChbcn2mOzPHEEHxPmU66Sdg,time,5,4.8302,27,907.08,845,1872.5611944376683,0.4844085281271867,likely,0.4247015064567429,15,7,none,0
ZUgWZps-O9I,UChbcn2mOzPHEEHxPmU66Sdg,time,7,7.8302,27,850.06,845,1849.86033608378,0.4595239009952829,confirmed,0.37848104186080855,15,6,none,0
ZUgWZps-O9I,UChbcn2mOzPHEEHxPmU66Sdg,time,14,12.8302,27,811.33,845,1787.3004157323685,0.4539391879891858,confirmed,0.3166679781279554,15,5,none,0
WjLnnmeDV1w,UCPAt6z5uX_c5Eo_cSNROzYw,time,7,8.9418,28,557.86,456,8683.127308017416,0.06424667723808924,confirmed,,15,15,none,0
WjLnnmeDV1w,UCPAt6z5uX_c5Eo_cSNROzYw,time,14,13.9418,28,462.11,456,8331.091059769657,0.055468572626665484,confirmed,0.022063101071045414,15,15,none,0
xuAULcvEHN4,UC4cTmHcWEXfkRdCvFLe4KiQ,time,14,13.9686,29,6219.34,6225,3770.979752157859,1.6492643203718407,confirmed,0.15226815539016092,15,13,none,0
KyCD4IVPaCE,UCLwDLGL3Ejqu-xJp57CptRg,time,3,3.8927,28,50922.71,116400,4573.506035539575,11.134283806001001,likely,,14,13,none,0
KyCD4IVPaCE,UCLwDLGL3Ejqu-xJp57CptRg,time,5,4.8927,28,48017.31,116400,4573.506035539575,10.49901456379534,likely,0.40198835110035475,15,14,none,0
KyCD4IVPaCE,UCLwDLGL3Ejqu-xJp57CptRg,time,7,6.8927,28,89772.28,116400,4460.917949689299,20.1241721136181,likely,1.126181288243491,15,12,none,0
KyCD4IVPaCE,UCLwDLGL3Ejqu-xJp57CptRg,time,14,12.8927,28,121059.79,116400,4276.463464412215,28.308387645047425,confirmed,1.0452825584822434,15,11,none,0
CMcLEHqNkLY,UC6BW8DqrAmBEIeCtMa4bfBw,time,14,15.2469,27,5375.82,5524,3673.2214834506062,1.4635163429026687,confirmed,0.030238523350873243,15,15,none,0
Oexn81_0-9E,UCBRpqrzuuqE8TZcWw75JSdw,time,5,6.5686,29,49336.16,42997,,,insufficient,,1,1,none,0
Oexn81_0-9E,UCBRpqrzuuqE8TZcWw75JSdw,time,7,6.5686,29,49336.16,42997,,,insufficient,,1,1,none,0
Oexn81_0-9E,UCBRpqrzuuqE8TZcWw75JSdw,time,14,13.5686,29,42833.91,42997,,,insufficient,0.08545692906204377,1,1,none,0
G9WwukClfZo,UC_1mrs0pBzQdPqUSmbJEeNg,heldout,1,1.8766,30,17415.25,46953,36135.582217570496,0.4819418300983737,early,,15,14,none,0
G9WwukClfZo,UC_1mrs0pBzQdPqUSmbJEeNg,heldout,2,1.8766,30,17415.25,46953,36135.582217570496,0.4819418300983737,early,,15,14,none,0
G9WwukClfZo,UC_1mrs0pBzQdPqUSmbJEeNg,heldout,3,2.8766,30,12487.01,46953,38557.15311739552,0.32385705772438766,early,0.23943969935677117,15,13,none,0
G9WwukClfZo,UC_1mrs0pBzQdPqUSmbJEeNg,heldout,5,4.8766,30,21909.44,46953,38965.97139241302,0.5622711573944447,likely,0.5878678216479944,15,13,none,0
G9WwukClfZo,UC_1mrs0pBzQdPqUSmbJEeNg,heldout,7,6.8766,30,24422.17,46953,38965.97139241302,0.6267563132343306,likely,0.6406693639843691,15,13,none,0
G9WwukClfZo,UC_1mrs0pBzQdPqUSmbJEeNg,heldout,14,13.8766,30,31144.96,46953,40911.82859461653,0.7612703525680034,confirmed,0.5907300080305831,15,13,none,0
oRHoyBsT6e8,UC8jRs1LfVO5vsrSk-YRu5ZA,time,7,8.9062,28,2288.12,1840,2919.893974388463,0.7836298289488428,confirmed,,9,7,none,0
oRHoyBsT6e8,UC8jRs1LfVO5vsrSk-YRu5ZA,time,14,13.9062,28,1887.74,1840,2729.0173422664775,0.6917287497083374,confirmed,0.012091988172626314,15,11,none,0
lMAbWZMYF60,UCLKZ20yD2tNMBOkSDZo4FeQ,time,0.5,0.4994,29,5500.67,2955,4780.59276946881,1.150625842922897,early,,14,14,none,0
lMAbWZMYF60,UCLKZ20yD2tNMBOkSDZo4FeQ,time,1,1.4994,29,5297.88,2955,4521.6122255776245,1.1716784736283825,early,0.4776946249797405,15,15,none,0
lMAbWZMYF60,UCLKZ20yD2tNMBOkSDZo4FeQ,time,2,1.4994,29,5297.88,2955,4521.6122255776245,1.1716784736283825,early,0.4776946249797405,15,15,none,0
lMAbWZMYF60,UCLKZ20yD2tNMBOkSDZo4FeQ,time,3,3.4994,29,3468.46,2955,4745.479943198096,0.7308977020682943,likely,0.32568966529086907,15,14,none,0
lMAbWZMYF60,UCLKZ20yD2tNMBOkSDZo4FeQ,time,5,5.4994,29,3955.56,2955,5085.711156644081,0.7777787822759266,likely,0.279739156610858,15,13,none,0
lMAbWZMYF60,UCLKZ20yD2tNMBOkSDZo4FeQ,time,7,7.4994,29,3671.61,2955,5103.2428061736155,0.7194665762290791,confirmed,0.2577587942171029,15,12,none,0
lMAbWZMYF60,UCLKZ20yD2tNMBOkSDZo4FeQ,time,14,14.4994,29,3157.49,2955,4919.268987360978,0.6418622787156469,confirmed,0.2114096541762862,15,9,none,0
xsDawRKgvbw,UCGER4yfUXubhNVPYoNzBSEA,time,1,0.8322,29,13264.31,9391,17024.29770852428,0.7791399227904389,early,,15,13,none,0
xsDawRKgvbw,UCGER4yfUXubhNVPYoNzBSEA,time,2,1.8322,29,11536.55,9391,17024.29770852428,0.6776517932826762,early,0.6638562642553163,15,13,none,0
xsDawRKgvbw,UCGER4yfUXubhNVPYoNzBSEA,time,3,2.8322,29,10803.49,9391,17024.29770852428,0.6345923246472811,early,0.48199577616680356,15,13,none,0
xsDawRKgvbw,UCGER4yfUXubhNVPYoNzBSEA,time,5,4.8322,29,9970.03,9391,17024.29770852428,0.5856354911952549,likely,0.3749461412010836,15,13,none,0
xsDawRKgvbw,UCGER4yfUXubhNVPYoNzBSEA,time,7,6.8322,29,9597.72,9391,17024.29770852428,0.5637659948025278,likely,0.31829477532670497,15,13,none,0
xsDawRKgvbw,UCGER4yfUXubhNVPYoNzBSEA,time,14,13.8322,29,10005.82,9391,17571.202383134743,0.5694444807227481,confirmed,0.26754042864719607,15,12,none,0
kc6NOjS1ThE,UCn5hg2riwFTCNif80JbaA8A,time,14,14.7340,29,87230.94,85421,43420.480901467934,2.008981541915214,confirmed,0.058312067387431554,15,13,none,0
X1c1Xp45U1E,UC6QNjBn6KMq5-pe3OE11zZg,time,0.5,0.6120,27,4851.66,21937,10811.000000000007,0.4487710751295904,early,,15,9,none,0
X1c1Xp45U1E,UC6QNjBn6KMq5-pe3OE11zZg,time,1,0.6120,27,4851.66,21937,10811.000000000007,0.4487710751295904,early,,15,9,none,0
X1c1Xp45U1E,UC6QNjBn6KMq5-pe3OE11zZg,time,2,2.6120,27,40348.79,21937,10811.000000000007,3.7321975511302137,early,3.117143217034386,15,9,none,0
X1c1Xp45U1E,UC6QNjBn6KMq5-pe3OE11zZg,time,3,2.6120,27,40348.79,21937,10811.000000000007,3.7321975511302137,early,3.117143217034386,15,9,none,0
X1c1Xp45U1E,UC6QNjBn6KMq5-pe3OE11zZg,time,5,4.6120,27,34815.17,21937,10811.000000000007,3.220346460407256,likely,2.04525859024282,15,8,none,0
X1c1Xp45U1E,UC6QNjBn6KMq5-pe3OE11zZg,time,7,6.6120,27,32210.27,21937,10811.000000000007,2.9793975076122043,likely,1.6590235673604514,15,7,none,0
X1c1Xp45U1E,UC6QNjBn6KMq5-pe3OE11zZg,time,14,13.6120,27,26223.25,21937,10811.000000000007,2.425607795465717,confirmed,1.1945461644296078,15,5,none,0
X4R_LwlFucY,UC8NbcMmeW4gKRd2lE9APpVA,time,5,6.7828,29,148.60,216,,,insufficient,,0,0,none,0
X4R_LwlFucY,UC8NbcMmeW4gKRd2lE9APpVA,time,7,6.7828,29,148.60,216,,,insufficient,,0,0,none,0
X4R_LwlFucY,UC8NbcMmeW4gKRd2lE9APpVA,time,14,13.7828,29,177.53,216,,,insufficient,0.3946643565077296,0,0,none,0
5UgGiXN-s9U,UCTJdHk01ygktpSPfVTQRE6Q,heldout,5,5.7178,30,3321.87,3275,6345.175007907071,0.5235269054921134,likely,,15,14,none,0
5UgGiXN-s9U,UCTJdHk01ygktpSPfVTQRE6Q,heldout,7,6.7178,30,3057.28,3275,6345.175007907071,0.4818282556304592,likely,0.2436144295710165,15,14,none,0
5UgGiXN-s9U,UCTJdHk01ygktpSPfVTQRE6Q,heldout,14,13.7178,30,3316.08,3275,7061.489897119435,0.46960045859779276,confirmed,0.24561863712213433,15,14,none,0
1zfTDaO1cO8,UC2r2JPFr-m6Q0z2WRiCg7dA,time,7,7.0833,27,31295.68,27505,,,insufficient,,0,0,none,0
1zfTDaO1cO8,UC2r2JPFr-m6Q0z2WRiCg7dA,time,14,15.0833,27,27139.62,27505,28308.354486677094,0.9587141091239292,confirmed,0.07965905564927023,15,10,none,0
UIjuml-y59I,UCAub01nC6godaiC7iI9kasw,heldout,0.5,0.6664,28,25477.25,20060,10309.016327298497,2.4713556312025307,early,,15,13,none,0
UIjuml-y59I,UCAub01nC6godaiC7iI9kasw,time,0.5,0.6664,28,25477.25,20060,10309.016327298497,2.4713556312025307,early,,15,13,none,0
UIjuml-y59I,UCAub01nC6godaiC7iI9kasw,heldout,1,0.6664,28,25477.25,20060,10309.016327298497,2.4713556312025307,early,,15,13,none,0
UIjuml-y59I,UCAub01nC6godaiC7iI9kasw,time,1,0.6664,28,25477.25,20060,10309.016327298497,2.4713556312025307,early,,15,13,none,0
UIjuml-y59I,UCAub01nC6godaiC7iI9kasw,heldout,2,2.6664,28,19169.80,20060,10236.343311015446,1.8727195721416066,early,0.44855540114408765,15,12,none,0
UIjuml-y59I,UCAub01nC6godaiC7iI9kasw,time,2,2.6664,28,19169.80,20060,10236.343311015446,1.8727195721416066,early,0.44855540114408765,15,12,none,0
UIjuml-y59I,UCAub01nC6godaiC7iI9kasw,heldout,3,2.6664,28,19169.80,20060,10236.343311015446,1.8727195721416066,early,0.44855540114408765,15,12,none,0
UIjuml-y59I,UCAub01nC6godaiC7iI9kasw,time,3,2.6664,28,19169.80,20060,10236.343311015446,1.8727195721416066,early,0.44855540114408765,15,12,none,0
UIjuml-y59I,UCAub01nC6godaiC7iI9kasw,heldout,5,4.6664,28,19188.88,20060,10212.687110544546,1.8789256064942998,likely,0.35957262681277624,15,12,none,0
UIjuml-y59I,UCAub01nC6godaiC7iI9kasw,time,5,4.6664,28,19188.88,20060,10212.687110544546,1.8789256064942998,likely,0.35957262681277624,15,12,none,0
UIjuml-y59I,UCAub01nC6godaiC7iI9kasw,heldout,7,6.6664,28,23264.26,20060,10200.79722126645,2.2806311640310737,likely,0.336450432066204,15,12,none,0
UIjuml-y59I,UCAub01nC6godaiC7iI9kasw,time,7,6.6664,28,23264.26,20060,10200.79722126645,2.2806311640310737,likely,0.336450432066204,15,12,none,0
UIjuml-y59I,UCAub01nC6godaiC7iI9kasw,heldout,14,12.6664,28,19694.10,20060,10182.766727258726,1.934061758949908,confirmed,0.28445006888393387,15,11,none,0
UIjuml-y59I,UCAub01nC6godaiC7iI9kasw,time,14,12.6664,28,19694.10,20060,10182.766727258726,1.934061758949908,confirmed,0.28445006888393387,15,11,none,0
lKtHyIX7d5g,UCAbcoKROFsRA_uA9aSprCwg,time,5,4.8739,27,1902.29,2991,,,insufficient,,2,2,none,0
lKtHyIX7d5g,UCAbcoKROFsRA_uA9aSprCwg,time,7,6.8739,27,2800.90,2991,,,insufficient,0.6989658947083227,2,2,none,0
lKtHyIX7d5g,UCAbcoKROFsRA_uA9aSprCwg,time,14,15.8739,27,3156.66,2991,,,insufficient,0.5474818818055095,2,2,none,0
GwuxefNfx4U,UC2E4tXgSUeD5S9W6fGPoTsA,time,5,5.3953,28,528.94,510,,,insufficient,,1,1,none,0
GwuxefNfx4U,UC2E4tXgSUeD5S9W6fGPoTsA,time,7,7.3953,28,546.76,510,,,insufficient,0.3767916267068624,1,1,none,0
GwuxefNfx4U,UC2E4tXgSUeD5S9W6fGPoTsA,time,14,13.3953,28,529.54,510,,,insufficient,0.24097877361668893,1,1,none,0
P_Q77OpMFlg,UCnpWedLQdHpZqhgTLdB9Yyg,heldout,2,2.8956,30,71399.93,90986,64070.35496492809,1.1143989068482927,early,,15,15,none,0
P_Q77OpMFlg,UCnpWedLQdHpZqhgTLdB9Yyg,heldout,3,2.8956,30,71399.93,90986,64070.35496492809,1.1143989068482927,early,,15,15,none,0
P_Q77OpMFlg,UCnpWedLQdHpZqhgTLdB9Yyg,heldout,7,7.8956,30,77273.81,90986,66126.90675712247,1.1685682884449105,confirmed,0.3658365908943555,15,15,none,0
P_Q77OpMFlg,UCnpWedLQdHpZqhgTLdB9Yyg,heldout,14,13.8956,30,87893.53,90986,69691.97661419629,1.2611714448928668,confirmed,0.38284915378719625,15,13,none,0
I6xMyAVTW5w,UCPAt6z5uX_c5Eo_cSNROzYw,time,14,13.6634,27,13807.59,13577,10396.775146335722,1.32806431525454,confirmed,0.02714809367208523,15,15,none,0
dTvXLJdH4IE,UC6ITJIW6jgrrP5irR7WoHrw,time,5,6.9573,27,11701.25,13487,12625.935592413849,0.926763124813574,likely,,15,14,none,0
dTvXLJdH4IE,UC6ITJIW6jgrrP5irR7WoHrw,time,7,6.9573,27,11701.25,13487,12625.935592413849,0.926763124813574,likely,,15,14,none,0
dTvXLJdH4IE,UC6ITJIW6jgrrP5irR7WoHrw,time,14,14.9573,27,13997.00,13487,13069.999999999989,1.0709256140747465,confirmed,0.36563553588902953,15,12,none,0
htSyiCxOvZw,UCnpWedLQdHpZqhgTLdB9Yyg,time,1,0.8955,27,60341.05,62005,72462.43483581101,0.832721838935934,early,,14,14,none,0
htSyiCxOvZw,UCnpWedLQdHpZqhgTLdB9Yyg,time,2,1.8955,27,72478.10,62005,76540.28499554304,0.9469274808416478,early,0.8275647317444582,15,15,none,0
htSyiCxOvZw,UCnpWedLQdHpZqhgTLdB9Yyg,time,3,2.8955,27,70442.99,62005,76139.24645852206,0.9251863305587187,early,0.645902482203796,15,15,none,0
htSyiCxOvZw,UCnpWedLQdHpZqhgTLdB9Yyg,time,5,4.8955,27,72251.26,62005,75386.91584411944,0.9584057684986541,likely,0.5471022126441946,15,15,none,0
htSyiCxOvZw,UCnpWedLQdHpZqhgTLdB9Yyg,time,7,6.8955,27,70125.41,62005,74315.39973290154,0.9436188614788317,likely,0.49603375596108823,15,15,none,0
htSyiCxOvZw,UCnpWedLQdHpZqhgTLdB9Yyg,time,14,12.8955,27,65608.25,62005,73433.99999999994,0.8934315098324709,confirmed,0.40418452583751213,15,12,none,0
8rnAL2zvSLY,UCGwAh9NT7iHZlw4zrBueyIw,time,1,1.0035,28,3202.25,2375,4436.403440679891,0.7218122170142777,early,,15,15,none,0
8rnAL2zvSLY,UCGwAh9NT7iHZlw4zrBueyIw,time,2,2.0035,28,2163.19,2375,4415.400950912136,0.48991925074624004,early,0.27811852214874755,15,15,none,0
8rnAL2zvSLY,UCGwAh9NT7iHZlw4zrBueyIw,time,3,3.0035,28,1737.56,2375,4414.099527418964,0.39363792481043136,likely,0.21211523277807678,15,14,none,0
8rnAL2zvSLY,UCGwAh9NT7iHZlw4zrBueyIw,time,5,5.0035,28,2339.86,2375,4387.180342854309,0.5333393619248673,likely,0.2815665937892263,15,13,none,0
8rnAL2zvSLY,UCGwAh9NT7iHZlw4zrBueyIw,time,7,7.0035,28,2317.22,2375,4361.784776096611,0.5312559338970008,confirmed,0.2847754389914665,15,12,none,0
8rnAL2zvSLY,UCGwAh9NT7iHZlw4zrBueyIw,time,14,13.0035,28,2364.06,2375,4352.837428035188,0.5431073025232633,confirmed,0.25022722181715806,15,9,none,0
luJysbhW8jU,UCI0vQvr9aFn27yR6Ej6n5UA,time,5,6.2452,28,1099.35,937,956.1984992012156,1.1497126230810886,likely,,15,13,none,0
luJysbhW8jU,UCI0vQvr9aFn27yR6Ej6n5UA,time,7,7.2452,28,966.32,937,956.1984992012156,1.0105808004385914,confirmed,0.05297604121728289,15,13,none,0
luJysbhW8jU,UCI0vQvr9aFn27yR6Ej6n5UA,time,14,12.2452,28,925.26,937,957.9999999999998,0.9658259608473939,confirmed,0.0412538318769563,15,12,none,0
l-whUD5pMpU,UCq_2n18CJaRVGxEfxtCfI-Q,time,3,3.4337,27,146517.95,146080,153729.83360044577,0.9530873060524081,likely,,15,15,none,0
l-whUD5pMpU,UCq_2n18CJaRVGxEfxtCfI-Q,time,5,5.4337,27,152546.86,146080,150623.78718665757,1.0127674054253395,likely,0.4668847722005633,15,15,none,0
l-whUD5pMpU,UCq_2n18CJaRVGxEfxtCfI-Q,time,7,7.4337,27,149074.90,146080,146881.13684683188,1.014935650944719,confirmed,0.3737408100586999,15,15,none,0
l-whUD5pMpU,UCq_2n18CJaRVGxEfxtCfI-Q,time,14,15.4337,27,147233.01,146080,134968.71745897766,1.0908676472318037,confirmed,0.26934849981435693,15,13,none,0
1OsOF7jWWm0,UCUoJk48pujh29p8zLsnD5PQ,heldout,5,6.6648,29,13228.76,13750,10609.742770298177,1.2468503045512311,likely,,14,13,none,0
1OsOF7jWWm0,UCUoJk48pujh29p8zLsnD5PQ,heldout,7,6.6648,29,13228.76,13750,10609.742770298177,1.2468503045512311,likely,,14,13,none,0
P7KdJhE9Yn8,UCZG-C5esGZyVfxO2qXa1Zmw,time,0.5,0.7118,28,120305.38,80993,45115.21758061154,2.6666252892365887,early,,15,13,none,0
P7KdJhE9Yn8,UCZG-C5esGZyVfxO2qXa1Zmw,time,1,0.7118,28,120305.38,80993,45115.21758061154,2.6666252892365887,early,,15,13,none,0
P7KdJhE9Yn8,UCZG-C5esGZyVfxO2qXa1Zmw,time,2,1.7118,28,101975.04,80993,44974.059200500924,2.2674191099759096,early,0.5724980046147728,15,13,none,0
P7KdJhE9Yn8,UCZG-C5esGZyVfxO2qXa1Zmw,time,3,2.7118,28,109042.65,80993,45005.5616646625,2.422870585562578,early,0.5034866166137513,15,12,none,0
P7KdJhE9Yn8,UCZG-C5esGZyVfxO2qXa1Zmw,time,5,4.7118,28,83867.99,80993,44909.421305517164,1.8674920649135163,likely,0.38667059242574187,15,11,none,0
P7KdJhE9Yn8,UCZG-C5esGZyVfxO2qXa1Zmw,time,7,6.7118,28,87292.54,80993,45436.744818453066,1.9211882835874434,likely,0.34212617010120056,15,10,none,0
P7KdJhE9Yn8,UCZG-C5esGZyVfxO2qXa1Zmw,time,14,12.7118,28,82846.18,80993,47477.00000000003,1.7449751093376855,confirmed,0.2650261826963993,15,7,none,0
83hJsRWVB0c,UCnmGIkw-KdI0W5siakKPKog,heldout,3,3.8748,30,3556805.00,3139671,3494861.4142062413,1.0177241903283085,likely,,15,15,none,0
83hJsRWVB0c,UCnmGIkw-KdI0W5siakKPKog,heldout,5,3.8748,30,3556805.00,3139671,3494861.4142062413,1.0177241903283085,likely,,15,15,none,0
sOseXZeEYyI,UCwrXi5ZknKThspJc-Gai04g,time,14,13.5624,29,8042.05,8420,38432.8406833689,0.20924935598247618,confirmed,0.19631433260915604,15,13,none,0
gzEc4CO2uHw,UCWZwfV3ICOt3uEPpW6hYK4g,time,7,8.8741,28,5261.28,5560,9496.476749137411,0.5540245887516899,confirmed,,15,15,none,0
gzEc4CO2uHw,UCWZwfV3ICOt3uEPpW6hYK4g,time,14,13.8741,28,5275.27,5560,9459.709934621733,0.5576571338853742,confirmed,0.293575008621047,15,15,none,0
WsoxkC31RRY,UCnp2wP2eA-YghOQr0j0wHrQ,heldout,1,1.0963,30,192.04,317,498.1967597017842,0.3854681688492385,early,,15,15,none,0
WsoxkC31RRY,UCnp2wP2eA-YghOQr0j0wHrQ,heldout,2,1.0963,30,192.04,317,498.1967597017842,0.3854681688492385,early,,15,15,none,0
WsoxkC31RRY,UCnp2wP2eA-YghOQr0j0wHrQ,heldout,14,13.0963,30,293.76,317,530.8977085242899,0.5533281954623415,confirmed,0.5586876383152217,15,15,none,0
wmnIc2Qtd3o,UCQVakLjtBUGlQOThqRZ7uhw,time,14,13.7792,29,7307.24,7119,2949.6385904706394,2.4773342468545207,confirmed,0.24884788409971134,15,12,none,0
MzV8Et4sLEk,UC1lfnF3avRvtFm_wajLLhyg,heldout,14,12.7990,28,27986.81,25971,29713.26480705977,0.9418960606050885,confirmed,,15,14,none,0
eNslRSeP7Cw,UCGc8ZVCsrR3dAuhvUbkbToQ,heldout,2,2.8742,31,96988.93,100301,186693.69184234654,0.5195083211211048,early,,15,14,none,0
eNslRSeP7Cw,UCGc8ZVCsrR3dAuhvUbkbToQ,heldout,3,2.8742,31,96988.93,100301,186693.69184234654,0.5195083211211048,early,,15,14,none,0
eNslRSeP7Cw,UCGc8ZVCsrR3dAuhvUbkbToQ,heldout,5,5.8742,31,96075.75,100301,187419.34097158586,0.5126245104453317,likely,0.346263991133961,15,14,none,0
eNslRSeP7Cw,UCGc8ZVCsrR3dAuhvUbkbToQ,heldout,7,6.8742,31,93218.75,100301,187843.52557286894,0.4962574503138656,likely,0.3253854504158417,15,14,none,0
eNslRSeP7Cw,UCGc8ZVCsrR3dAuhvUbkbToQ,heldout,14,13.8742,31,99820.47,100301,188255.26031164086,0.5302399937248001,confirmed,0.2800740670077501,15,14,none,0
rRKQh5Etff4,UCZDXM1926FRjQGNWNGSpBQQ,time,2,2.7907,27,11491.98,9157,8590.896580227687,1.337692418315111,early,,15,14,none,0
rRKQh5Etff4,UCZDXM1926FRjQGNWNGSpBQQ,time,3,2.7907,27,11491.98,9157,8590.896580227687,1.337692418315111,early,,15,14,none,0
rRKQh5Etff4,UCZDXM1926FRjQGNWNGSpBQQ,time,5,4.7907,27,8873.49,9157,8515.842187085476,1.0419974343327043,likely,0.16717246818839723,15,13,none,0
rRKQh5Etff4,UCZDXM1926FRjQGNWNGSpBQQ,time,7,7.7907,27,9410.31,9157,8421.61338301619,1.117400059783584,confirmed,0.19779716741605036,15,13,none,0
rRKQh5Etff4,UCZDXM1926FRjQGNWNGSpBQQ,time,14,15.7907,27,9736.65,9157,8370.000000000002,1.1632798568395128,confirmed,0.14315223089807316,15,9,none,0
99z-N2yTpa4,UCZEEC1w4jP1cV2dibuDFwIQ,heldout,14,13.8748,28,7032.16,6817,11583.36999473747,0.607091180993811,confirmed,,14,13,none,0
CmMMDqTJEMo,UCq33AlEZl8QBmxatFEwknew,time,7,8.3181,27,454.60,411,284.0765839588546,1.6002759508838131,confirmed,,15,15,none,0
CmMMDqTJEMo,UCq33AlEZl8QBmxatFEwknew,time,14,15.3181,27,391.81,411,286.96530481053605,1.365372547176101,confirmed,0.08684054414325762,15,10,none,0
f4PRRw5BGGQ,UCDNHPNeWScAC8h8IxtEBtkQ,heldout,1,1.0826,29,99982.70,73177,68596.81984454408,1.4575413449579067,early,0.5024427414394159,15,12,none,0
f4PRRw5BGGQ,UCDNHPNeWScAC8h8IxtEBtkQ,heldout,2,2.0826,29,98556.10,73177,66497.23800478411,1.4821081878670002,early,0.613787095803507,15,11,none,0
f4PRRw5BGGQ,UCDNHPNeWScAC8h8IxtEBtkQ,heldout,3,3.0826,29,98642.81,73177,66346.49938068807,1.4867824903051052,likely,0.5291943938698227,15,10,none,0
f4PRRw5BGGQ,UCDNHPNeWScAC8h8IxtEBtkQ,heldout,5,5.0826,29,88792.48,73177,66346.49938068807,1.3383144160938272,likely,0.43931069322899075,15,10,none,0
f4PRRw5BGGQ,UCDNHPNeWScAC8h8IxtEBtkQ,heldout,7,7.0826,29,83755.05,73177,66346.49938068807,1.2623883511356333,confirmed,0.3926607915710882,15,10,none,0
f4PRRw5BGGQ,UCDNHPNeWScAC8h8IxtEBtkQ,heldout,14,14.0826,29,74843.32,73177,65549.99999999997,1.141774497662869,confirmed,0.3205560121372907,15,6,none,0
CMIa443BdKs,UCUpbDOT-OVNBlaQpb9pbd2w,heldout,3,3.7806,27,33236.04,21947,30400.82872940285,1.0932610253201098,likely,,15,15,none,0
CMIa443BdKs,UCUpbDOT-OVNBlaQpb9pbd2w,time,3,3.7806,27,33236.04,21947,30400.82872940285,1.0932610253201098,likely,,15,15,none,0
CMIa443BdKs,UCUpbDOT-OVNBlaQpb9pbd2w,heldout,5,4.7806,27,24181.96,21947,29358.848718784328,0.8236685170462094,likely,0.059935695482520174,15,15,none,0
CMIa443BdKs,UCUpbDOT-OVNBlaQpb9pbd2w,time,5,4.7806,27,24181.96,21947,29358.848718784328,0.8236685170462094,likely,0.059935695482520174,15,15,none,0
CMIa443BdKs,UCUpbDOT-OVNBlaQpb9pbd2w,heldout,7,6.7806,27,23693.98,21947,27961.388452849264,0.8473819747966836,likely,0.05708410249371007,15,15,none,0
CMIa443BdKs,UCUpbDOT-OVNBlaQpb9pbd2w,time,7,6.7806,27,23693.98,21947,27961.388452849264,0.8473819747966836,likely,0.05708410249371007,15,15,none,0
CMIa443BdKs,UCUpbDOT-OVNBlaQpb9pbd2w,heldout,14,12.7806,27,22537.09,21947,25473.72721364488,0.8847189881134684,confirmed,0.03702552236202488,15,15,none,0
CMIa443BdKs,UCUpbDOT-OVNBlaQpb9pbd2w,time,14,12.7806,27,22537.09,21947,25473.72721364488,0.8847189881134684,confirmed,0.03702552236202488,15,15,none,0
JIAnC9Cf7yg,UCHYoe8kQ-7Gn9ASOlmI0k6Q,time,7,7.6215,29,505734.09,546433,415459.5080185202,1.2172885088943763,confirmed,,15,14,none,0
JIAnC9Cf7yg,UCHYoe8kQ-7Gn9ASOlmI0k6Q,time,14,13.6215,29,489326.22,546433,411266.6034913219,1.1898029527804805,confirmed,0.21853406530474834,15,13,none,0
Y-3_H7jdOUk,UChh5m7TLxLv5qsvppqIXsWA,time,14,12.8474,27,3851.98,3745,349.7064975352266,11.014886919770266,confirmed,0.39827251603387326,15,14,none,0
KqKvhLW9hAs,UCSJeAFuGa9hxO821P7rylFg,heldout,14,13.9270,29,9783.64,9747,3235.8643863352995,3.0235001163109776,confirmed,,15,15,none,0
grS5cSMnGeg,UCztm4C-jD0jpHlDFhRyEltw,time,1,1.6667,27,889.64,938,,,insufficient,,1,1,none,0
grS5cSMnGeg,UCztm4C-jD0jpHlDFhRyEltw,time,2,1.6667,27,889.64,938,,,insufficient,,1,1,none,0
grS5cSMnGeg,UCztm4C-jD0jpHlDFhRyEltw,time,3,2.6667,27,765.78,938,3162.2103686984783,0.24216674625198398,early,0.4308337385357438,15,14,none,0
grS5cSMnGeg,UCztm4C-jD0jpHlDFhRyEltw,time,5,4.6667,27,808.71,938,3162.2103686984783,0.25574260364156426,likely,0.3676463706717964,15,14,none,0
grS5cSMnGeg,UCztm4C-jD0jpHlDFhRyEltw,time,7,6.6667,27,901.97,938,3249.349078696598,0.2775847134191019,likely,0.37995595280749184,15,13,none,0
grS5cSMnGeg,UCztm4C-jD0jpHlDFhRyEltw,time,14,12.6667,27,903.47,938,3488.2462005534358,0.2590038412775374,confirmed,0.3230492775289101,15,13,none,0
uGyvilB0BjA,UCWGijuL19i21bgv_ow2i2YA,time,14,13.6873,28,965.18,892,1248.3193735137877,0.7731811000042789,confirmed,,15,11,none,0
2sChlIik85Y,UCkU_KcVKHrxgE4uhbIWaQtg,time,5,5.7500,27,133894.61,147691,54944.495994509794,2.4369066222995985,likely,,15,14,none,0
2sChlIik85Y,UCkU_KcVKHrxgE4uhbIWaQtg,time,7,6.7500,27,123443.16,147691,54717.67852287002,2.256001394275417,likely,0.2572149230222893,15,14,none,0
2sChlIik85Y,UCkU_KcVKHrxgE4uhbIWaQtg,time,14,12.7500,27,119503.87,147691,54445.61654859821,2.194921704955148,confirmed,0.15667412365941008,15,10,none,0
rhAxQ9bV0ls,UCbAlVnKhbGLK78GsSemQXxw,time,5,4.5118,27,91980.30,334589,8096.371500934873,11.360682372909409,likely,,4,4,none,0
rhAxQ9bV0ls,UCbAlVnKhbGLK78GsSemQXxw,time,7,6.5118,27,186992.96,334589,7873.392368580937,23.749986073965893,likely,1.7036921679369317,4,4,none,0
rhAxQ9bV0ls,UCbAlVnKhbGLK78GsSemQXxw,time,14,12.5118,27,272576.98,334589,7445.996059666284,36.607188491606216,confirmed,1.2910167940538402,4,4,none,0
jlSnIXTyo1w,UCEtxsMx4qsoitFwjBdLU_gA,time,5,4.8092,27,421.52,364,513.5917455525706,0.8207347140950106,likely,,3,3,none,0
jlSnIXTyo1w,UCEtxsMx4qsoitFwjBdLU_gA,time,7,7.8092,27,359.48,364,473.7441613103226,0.7588118558752187,confirmed,0.12822721615398364,3,3,none,0
jlSnIXTyo1w,UCEtxsMx4qsoitFwjBdLU_gA,time,14,12.8092,27,355.63,364,452.9307328814359,0.7851777804489974,confirmed,0.1201874555196194,3,3,none,0
qCpYiNuintI,UC_wSuaxwUYsJOBZDWwHIQZg,time,1,1.2152,28,54543.87,31659,59218.00000000002,0.9210691833303476,early,0.4437705499247436,15,8,none,0
qCpYiNuintI,UC_wSuaxwUYsJOBZDWwHIQZg,time,2,2.2152,28,40288.77,31659,59218.00000000002,0.6803466315684006,early,0.379625931797562,15,8,none,0
qCpYiNuintI,UC_wSuaxwUYsJOBZDWwHIQZg,time,3,3.2152,28,36792.61,31659,59218.00000000002,0.6213078572909636,likely,0.32974934880041273,15,7,none,0
qCpYiNuintI,UC_wSuaxwUYsJOBZDWwHIQZg,time,5,5.2152,28,35713.39,31659,59218.00000000002,0.6030833143653239,likely,0.28536640919317746,15,7,none,0
qCpYiNuintI,UC_wSuaxwUYsJOBZDWwHIQZg,time,7,7.2152,28,34973.06,31659,59218.00000000002,0.5905816031657499,confirmed,0.26540227242704145,15,7,none,0
qCpYiNuintI,UC_wSuaxwUYsJOBZDWwHIQZg,time,14,13.2152,28,35381.09,31659,59218.00000000002,0.5974718677840554,confirmed,0.22268801645357342,15,6,none,0
aO3YexGG9Bk,UCfQgsKhHjSyRLOp9mnffqVg,time,1,0.8333,27,439278.05,313345,536673.5632984923,0.8185200127276254,early,,15,15,none,0
aO3YexGG9Bk,UCfQgsKhHjSyRLOp9mnffqVg,time,2,1.8333,27,344828.09,313345,537455.4065982518,0.6415938660743224,early,0.5090310283092413,15,14,none,0
aO3YexGG9Bk,UCfQgsKhHjSyRLOp9mnffqVg,time,3,2.8333,27,312718.24,313345,539774.3588533627,0.5793499349989654,early,0.4044581492719506,15,14,none,0
aO3YexGG9Bk,UCfQgsKhHjSyRLOp9mnffqVg,time,5,4.8333,27,318233.29,313345,539539.8296414667,0.5898235334912855,likely,0.3466110533244221,15,12,none,0
aO3YexGG9Bk,UCfQgsKhHjSyRLOp9mnffqVg,time,7,6.8333,27,320019.57,313345,540852.2814137007,0.5916949617903037,likely,0.33019953703643434,15,11,none,0
aO3YexGG9Bk,UCfQgsKhHjSyRLOp9mnffqVg,time,14,12.8333,27,332016.47,313345,545448.9999999997,0.6087030523402575,confirmed,0.2830671105246832,15,8,none,0
DBGOm-ntqtM,UCxkIzPnPzWLz4IeuxIROflg,heldout,5,6.8747,30,1260.54,1197,1744.8716947129008,0.7224265419161952,likely,,15,11,none,0
DBGOm-ntqtM,UCxkIzPnPzWLz4IeuxIROflg,heldout,7,6.8747,30,1260.54,1197,1744.8716947129008,0.7224265419161952,likely,,15,11,none,0
DBGOm-ntqtM,UCxkIzPnPzWLz4IeuxIROflg,heldout,14,13.8747,30,1259.32,1197,1723.0058181599984,0.7308870287595896,confirmed,0.13392699659682003,15,6,none,0
M8-hIfEm6iM,UCgYej_4CT6jSRViJrJbDXHw,time,14,13.0829,28,1196.12,1282,2197.5550313919675,0.5442957559481632,confirmed,0.11384224921841664,15,14,none,0
u0xhXOyF-p0,UCPAt6z5uX_c5Eo_cSNROzYw,time,14,13.7005,29,3601.80,3497,10447.869481072667,0.3447400627326824,confirmed,0.003617113603078052,15,15,none,0
PAikDF8fksE,UCnmGIkw-KdI0W5siakKPKog,heldout,1,0.8745,29,3896610.39,3249831,3204986.8660755693,1.2157960555695495,early,,6,6,none,0
PAikDF8fksE,UCnmGIkw-KdI0W5siakKPKog,heldout,7,8.8745,29,3409861.99,3249831,3171397.6363261975,1.0751921965184914,confirmed,0.3320492666315341,15,15,none,0
PAikDF8fksE,UCnmGIkw-KdI0W5siakKPKog,heldout,14,14.8745,29,3394200.43,3249831,3183117.1784157758,1.0663133772139377,confirmed,0.29241638621176086,15,15,none,0
uzggnC5Jwts,UCznv7Vf9nBdJYvBagFdAHWw,time,5,6.5591,28,9643.58,11856,38974.33266631787,0.24743423470006942,likely,,15,14,none,0
uzggnC5Jwts,UCznv7Vf9nBdJYvBagFdAHWw,time,7,6.5591,28,9643.58,11856,38974.33266631787,0.24743423470006942,likely,,15,14,none,0
uzggnC5Jwts,UCznv7Vf9nBdJYvBagFdAHWw,time,14,13.5591,28,12145.76,11856,38647.352210811536,0.3142714478569225,confirmed,0.4667802323613257,15,13,none,0
M7FK_G8XTIY,UC7-Z34pbJ0ZAOJRmUCEz0Cg,time,0.5,0.6246,28,68886.27,63066,327083.99999999977,0.21060726442289796,early,,15,11,none,0
M7FK_G8XTIY,UC7-Z34pbJ0ZAOJRmUCEz0Cg,time,1,0.6246,28,68886.27,63066,327083.99999999977,0.21060726442289796,early,,15,11,none,0
M7FK_G8XTIY,UC7-Z34pbJ0ZAOJRmUCEz0Cg,time,2,1.6246,28,86562.32,63066,327083.99999999977,0.26464859225536497,early,1.0351444718352298,15,11,none,0
M7FK_G8XTIY,UC7-Z34pbJ0ZAOJRmUCEz0Cg,time,3,2.6246,28,88134.25,63066,327083.99999999977,0.2694544776039608,early,0.8195226852983379,15,10,none,0
M7FK_G8XTIY,UC7-Z34pbJ0ZAOJRmUCEz0Cg,time,5,4.6246,28,84997.48,63066,327083.99999999977,0.25986438664760797,likely,0.5940327512506721,15,10,none,0
M7FK_G8XTIY,UC7-Z34pbJ0ZAOJRmUCEz0Cg,time,7,6.6246,28,81811.41,63066,327083.99999999977,0.25012353518192076,likely,0.5031615066999793,15,10,none,0
M7FK_G8XTIY,UC7-Z34pbJ0ZAOJRmUCEz0Cg,time,14,13.6246,28,77510.18,63066,327083.99999999977,0.2369733250980789,confirmed,0.38139014402581817,15,9,none,0
cQHE-iQBMek,UCpv6LoMeHrG-NPDCRnBWFpA,heldout,14,12.9159,27,537.44,628,375.02112463754247,1.4330943763781423,confirmed,,10,10,none,0
cQHE-iQBMek,UCpv6LoMeHrG-NPDCRnBWFpA,time,14,12.9159,27,537.44,628,375.02112463754247,1.4330943763781423,confirmed,,10,10,none,0
o7RyfMOfS04,UCClMPKqtJ1LbRBCDP948g5Q,time,7,7.9571,29,4616.53,4385,3097.0016555690677,1.4906446879177768,confirmed,,15,14,none,0
o7RyfMOfS04,UCClMPKqtJ1LbRBCDP948g5Q,time,14,13.9571,29,4321.73,4385,3252.9113520127557,1.3285735177059663,confirmed,0.16076814223087113,15,12,none,0
x3d6HUw2T6s,UCBMdHddhf5YV3-za06jC-0Q,time,5,5.1620,27,453.94,605,,,insufficient,0.20222506013095645,1,1,none,0
x3d6HUw2T6s,UCBMdHddhf5YV3-za06jC-0Q,time,7,7.1620,27,461.72,605,,,insufficient,0.19558928418518656,1,1,none,0
x3d6HUw2T6s,UCBMdHddhf5YV3-za06jC-0Q,time,14,15.1620,27,590.00,605,,,insufficient,0.2773568256278208,1,1,none,0
-m33dn_3sNQ,UCQHX6ViZmPsWiYSFAyS0a3Q,time,0.5,0.6812,27,647274.96,552139,385700.54775841103,1.6781800492416201,early,,14,14,none,0
-m33dn_3sNQ,UCQHX6ViZmPsWiYSFAyS0a3Q,time,1,0.6812,27,647274.96,552139,385700.54775841103,1.6781800492416201,early,,14,14,none,0
-m33dn_3sNQ,UCQHX6ViZmPsWiYSFAyS0a3Q,time,2,1.6812,27,560638.78,552139,430430.4459225085,1.3025072471994488,early,0.6105967326530748,15,15,none,0
-m33dn_3sNQ,UCQHX6ViZmPsWiYSFAyS0a3Q,time,3,2.6812,27,581703.15,552139,427021.0135068041,1.362235409626411,early,0.4863519552939565,15,15,none,0
-m33dn_3sNQ,UCQHX6ViZmPsWiYSFAyS0a3Q,time,5,4.6812,27,545235.75,552139,423977.0890453024,1.2860028667775996,likely,0.39212590562621313,15,15,none,0
-m33dn_3sNQ,UCQHX6ViZmPsWiYSFAyS0a3Q,time,7,6.6812,27,553126.85,552139,412862.2197781334,1.3397371447557307,likely,0.3826539995426525,15,15,none,0
-m33dn_3sNQ,UCQHX6ViZmPsWiYSFAyS0a3Q,time,14,13.6812,27,499682.79,552139,382637.560800008,1.3058905878395184,confirmed,0.3118765377811666,15,11,none,0
eTgsId6Rmes,UCgCsMxVCJs0TSqAIlBxiT7g,heldout,0.5,0.4418,31,5083.91,65185,9128.37858129686,0.5569343603147409,early,,15,14,none,0
eTgsId6Rmes,UCgCsMxVCJs0TSqAIlBxiT7g,heldout,1,0.4418,31,5083.91,65185,9128.37858129686,0.5569343603147409,early,,15,14,none,0
eTgsId6Rmes,UCgCsMxVCJs0TSqAIlBxiT7g,heldout,14,14.4418,31,68762.79,65185,9824.844211896356,6.998868105676807,confirmed,1.4869583905831467,15,14,none,0
VahbUHjhkXA,UCammHPYWYI4q3WLbx-TP7GA,time,14,12.7271,28,3969.84,4136,5010.803800382373,0.7922553394069896,confirmed,0.1218870367358644,15,11,none,0
2NcuCTnkGk8,UCtKKlsOLiQWeu_slHMhjvRw,time,14,13.5937,27,239.92,247,328.6361709211022,0.7300331036914156,confirmed,0.1552605722186277,15,12,none,0
uOiE40EKZtQ,UChzLnWVsl3puKQwc5PoO6Zg,time,14,13.5165,28,6044.70,6044,15266.161591228785,0.3959538657179096,confirmed,0.08170825303476166,15,15,none,0
fiwcP1bUdN4,UCB1t-8MBhxyDVabeUcTj0Zw,time,5,5.7650,27,31101.57,24560,,,insufficient,,2,2,none,0
fiwcP1bUdN4,UCB1t-8MBhxyDVabeUcTj0Zw,time,7,6.7650,27,25432.03,24560,,,insufficient,0.08229945923682946,2,2,none,0
fiwcP1bUdN4,UCB1t-8MBhxyDVabeUcTj0Zw,time,14,13.7650,27,24755.65,24560,,,insufficient,0.05873678817553228,2,2,none,0
JGyamfRGnHs,UC1HX8DWEmVTWj5WNaLd1a_Q,time,5,6.1150,29,81.85,84,,,insufficient,,0,0,none,0
JGyamfRGnHs,UC1HX8DWEmVTWj5WNaLd1a_Q,time,7,7.1150,29,86.26,84,,,insufficient,0.3430988245976747,0,0,none,0
JGyamfRGnHs,UC1HX8DWEmVTWj5WNaLd1a_Q,time,14,13.1150,29,86.20,84,,,insufficient,0.2473144987064785,0,0,none,0
I5f-PqC43UU,UCE_--R1P5-kfBzHTca0dsnw,time,14,12.8330,27,453269.70,477484,418858.05799976044,1.0821558547342136,confirmed,,14,13,none,0
QF80WBMDOns,UCh39IWu1XUSScEOuXCJ3J1A,heldout,1,1.2035,27,5889.11,2444,1620.444569360415,3.6342533143218834,early,0.10981702270447634,14,12,none,0
QF80WBMDOns,UCh39IWu1XUSScEOuXCJ3J1A,time,1,1.2035,27,5889.11,2444,1620.444569360415,3.6342533143218834,early,0.10981702270447634,14,12,none,0
QF80WBMDOns,UCh39IWu1XUSScEOuXCJ3J1A,heldout,2,2.2035,27,3216.53,2444,4980.423752911509,0.6458349189047785,early,0.09441120994275948,15,13,none,0
QF80WBMDOns,UCh39IWu1XUSScEOuXCJ3J1A,time,2,2.2035,27,3216.53,2444,4980.423752911509,0.6458349189047785,early,0.09441120994275948,15,13,none,0
QF80WBMDOns,UCh39IWu1XUSScEOuXCJ3J1A,heldout,3,3.2035,27,2813.57,2444,4363.410127223524,0.6448096677725121,likely,0.08641051242460905,15,13,none,0
QF80WBMDOns,UCh39IWu1XUSScEOuXCJ3J1A,time,3,3.2035,27,2813.57,2444,4363.410127223524,0.6448096677725121,likely,0.08641051242460905,15,13,none,0
QF80WBMDOns,UCh39IWu1XUSScEOuXCJ3J1A,heldout,5,4.2035,27,2614.14,2444,4058.362535961899,0.6441372730131562,likely,0.08493075960387104,15,13,none,0
QF80WBMDOns,UCh39IWu1XUSScEOuXCJ3J1A,time,5,4.2035,27,2614.14,2444,4058.362535961899,0.6441372730131562,likely,0.08493075960387104,15,13,none,0
QF80WBMDOns,UCh39IWu1XUSScEOuXCJ3J1A,heldout,7,7.2035,27,2614.22,2444,3650.5381573048307,0.7161189787844504,confirmed,0.08397824390268253,15,13,none,0
QF80WBMDOns,UCh39IWu1XUSScEOuXCJ3J1A,time,7,7.2035,27,2614.22,2444,3650.5381573048307,0.7161189787844504,confirmed,0.08397824390268253,15,13,none,0
QF80WBMDOns,UCh39IWu1XUSScEOuXCJ3J1A,heldout,14,15.2035,27,2484.07,2444,3260.9916892607225,0.7617515561559697,confirmed,0.06824990090040245,15,13,none,0
QF80WBMDOns,UCh39IWu1XUSScEOuXCJ3J1A,time,14,15.2035,27,2484.07,2444,3260.9916892607225,0.7617515561559697,confirmed,0.06824990090040245,15,13,none,0
pmeeqaXIppU,UCDdUNivjRfrqIE71438HJqQ,time,5,4.7187,27,596.93,724,,,insufficient,,1,1,none,0
pmeeqaXIppU,UCDdUNivjRfrqIE71438HJqQ,time,7,6.7187,27,571.05,724,,,insufficient,0.241675261944235,1,1,none,0
pmeeqaXIppU,UCDdUNivjRfrqIE71438HJqQ,time,14,15.7187,27,672.84,724,,,insufficient,0.2927845393801671,1,1,none,0
wwm91eNl_yw,UCBWgT48azZkWSpw-iKMlBRw,time,5,5.1536,27,2866.20,2742,,,insufficient,0.21030773425716554,2,2,none,0
wwm91eNl_yw,UCBWgT48azZkWSpw-iKMlBRw,time,7,7.1536,27,2819.80,2742,,,insufficient,0.12594161325541894,2,2,none,0
wwm91eNl_yw,UCBWgT48azZkWSpw-iKMlBRw,time,14,15.1536,27,2796.46,2742,,,insufficient,0.09709049144100701,2,2,none,0
N5xhOqlvRh4,UCR-DXc1voovS8nhAvccRZhg,time,1,0.8745,27,589226.04,561157,203125.40687135712,2.9007993085680503,early,,15,12,none,0
N5xhOqlvRh4,UCR-DXc1voovS8nhAvccRZhg,time,2,1.8745,27,714160.97,561157,203534.1360106267,3.50880193439378,early,0.841192699816055,15,12,none,0
N5xhOqlvRh4,UCR-DXc1voovS8nhAvccRZhg,time,3,2.8745,27,633734.93,561157,204188,3.1036835238911524,early,0.6335818161493845,15,11,none,0
N5xhOqlvRh4,UCR-DXc1voovS8nhAvccRZhg,time,5,4.8745,27,604019.15,561157,204188,2.958152027641995,likely,0.5016720143864317,15,11,none,0
N5xhOqlvRh4,UCR-DXc1voovS8nhAvccRZhg,time,7,6.8745,27,546468.28,561157,204188,2.676299699756817,likely,0.4390180372763486,15,10,none,0
N5xhOqlvRh4,UCR-DXc1voovS8nhAvccRZhg,time,14,12.8745,27,564035.12,561157,204188,2.7623323544120826,confirmed,0.3474444587019615,15,10,none,0
jTdxmKB2EtM,UCiDJtJKMICpb9B1qf7qjEOA,time,1,0.9158,29,120535.67,108461,66336.45881232058,1.8170351026665217,early,,14,14,none,0
jTdxmKB2EtM,UCiDJtJKMICpb9B1qf7qjEOA,time,2,1.9158,29,107713.05,108461,83063.71771937417,1.2967521008705356,early,0.5129646351100225,15,15,none,0
jTdxmKB2EtM,UCiDJtJKMICpb9B1qf7qjEOA,time,3,2.9158,29,94811.13,108461,81350.35238847262,1.165466728034272,early,0.4159242223380188,15,15,none,0
jTdxmKB2EtM,UCiDJtJKMICpb9B1qf7qjEOA,time,5,4.9158,29,109182.84,108461,78618.8270328729,1.3887619609190434,likely,0.398526984215395,15,15,none,0
jTdxmKB2EtM,UCiDJtJKMICpb9B1qf7qjEOA,time,7,6.9158,29,107269.69,108461,77234.89272475215,1.388875989545387,likely,0.3673498410866593,15,15,none,0
jTdxmKB2EtM,UCiDJtJKMICpb9B1qf7qjEOA,time,14,13.9158,29,108965.99,108461,78219.4266349616,1.3930809633103969,confirmed,0.3224933317900564,15,15,none,0
bqnalgrmMfQ,UCuxbOHa_nj8k6qotTzJrWZA,time,1,0.8853,28,19211.10,15470,18373.165812506675,1.045606452756,early,,15,15,none,0
bqnalgrmMfQ,UCuxbOHa_nj8k6qotTzJrWZA,time,2,1.8853,28,18038.93,15470,18571.209004977944,0.9713385481701963,early,0.6226611591717072,15,15,none,0
bqnalgrmMfQ,UCuxbOHa_nj8k6qotTzJrWZA,time,3,2.8853,28,19507.23,15470,18778.105582420518,1.0388286506053632,early,0.556630881868293,15,15,none,0
bqnalgrmMfQ,UCuxbOHa_nj8k6qotTzJrWZA,time,5,4.8853,28,16096.97,15470,19107.84337924801,0.8424275032083212,likely,0.39171383290409434,15,15,none,0
bqnalgrmMfQ,UCuxbOHa_nj8k6qotTzJrWZA,time,7,7.8853,28,15986.16,15470,19376.57790609257,0.8250251650882673,confirmed,0.3405129309345007,15,13,none,0
bqnalgrmMfQ,UCuxbOHa_nj8k6qotTzJrWZA,time,14,13.8853,28,17519.95,15470,19475.99999999999,0.8995660924551041,confirmed,0.2822644957576425,15,7,none,0
g8aK5P-FtZE,UCAv4LHSCXRoegzvAbwbZGoA,time,5,4.9159,27,2153.84,2411,,,insufficient,,0,0,none,0
g8aK5P-FtZE,UCAv4LHSCXRoegzvAbwbZGoA,time,7,6.9159,27,2221.31,2411,,,insufficient,0.344171977574471,0,0,none,0
g8aK5P-FtZE,UCAv4LHSCXRoegzvAbwbZGoA,time,14,15.9159,27,2419.33,2411,,,insufficient,0.2956532504489649,0,0,none,0
-as-rFACUM4,UCmW0I6tx3Co4B6T2euHj6iw,time,14,13.9174,28,2984.17,2895,3130,0.9534099064346163,confirmed,0.3619805115523876,15,14,none,0
i52UraXAjbc,UCk9dtbM-wjpLk134r55OUbg,time,14,13.9573,30,12708.64,12851,10899.256098625643,1.1660102627385394,confirmed,0.0860738788767657,15,13,none,0
HUH-JIHHQfw,UC5_SBQbLA9Kg7Jh5GpXoP3g,time,1,0.8329,28,15.93,175,770.4139739675793,0.020677085922166723,early,,11,10,none,0
HUH-JIHHQfw,UC5_SBQbLA9Kg7Jh5GpXoP3g,time,2,1.8329,28,29.45,175,770.4139739675793,0.03822299728933256,early,1.5919841218419692,11,10,none,0
HUH-JIHHQfw,UC5_SBQbLA9Kg7Jh5GpXoP3g,time,3,2.8329,28,132.66,175,700.8136132270582,0.18929844654392797,early,3.1656762768721016,15,14,none,0
HUH-JIHHQfw,UC5_SBQbLA9Kg7Jh5GpXoP3g,time,5,4.8329,28,138.20,175,633.8463809940544,0.21803406160644437,likely,2.1702546976311083,15,12,none,0
HUH-JIHHQfw,UC5_SBQbLA9Kg7Jh5GpXoP3g,time,7,7.8329,28,154.97,175,604.0025218425035,0.2565735098378631,confirmed,1.7564277165334627,15,12,none,0
HUH-JIHHQfw,UC5_SBQbLA9Kg7Jh5GpXoP3g,time,14,13.8329,28,177.35,175,564.339941540953,0.31425405847875104,confirmed,1.4366890670597519,15,12,none,0
PtSPl3V3eNQ,UCQutm-K2rUEx1O5fy5iw6SA,heldout,14,13.9994,30,99.73,101,99.54932674860629,1.00182754250548,confirmed,,12,12,none,0
-EsdeUBBVNM,UC_gSotrFVZ_PiAxo3fTQVuQ,heldout,1,0.7912,31,1707551.58,2134452,1286455.6587906978,1.327330306581169,early,,15,14,none,0
-EsdeUBBVNM,UC_gSotrFVZ_PiAxo3fTQVuQ,heldout,2,1.7912,31,1191773.24,2134452,1278182.488611443,0.9323967803810943,early,0.3313789401534652,15,14,none,0
-EsdeUBBVNM,UC_gSotrFVZ_PiAxo3fTQVuQ,heldout,3,2.7912,31,1641586.96,2134452,1277961.6175175458,1.2845354187422877,early,0.5982573126075461,15,14,none,0
-EsdeUBBVNM,UC_gSotrFVZ_PiAxo3fTQVuQ,heldout,5,4.7912,31,1940922.24,2134452,1277662.3736644657,1.5191198252688998,likely,0.570555629422199,15,14,none,0
-EsdeUBBVNM,UC_gSotrFVZ_PiAxo3fTQVuQ,heldout,7,7.7912,31,2054549.64,2134452,1276743.1236569434,1.6092114405125244,confirmed,0.5300407249193487,15,14,none,0
-EsdeUBBVNM,UC_gSotrFVZ_PiAxo3fTQVuQ,heldout,14,14.7912,31,2050092.98,2134452,1276156.784263938,1.6064585558335307,confirmed,0.46127064858259054,15,12,none,0
Z9CC0_NTf5g,UC0T6MVd3wQDB5ICAe45OxaQ,time,14,15.9159,27,14964.42,14771,9512.999999999998,1.5730496275157553,confirmed,0.07633489594673869,15,13,none,0
lKSk8hauUsA,UCO1SasMJdmlfrCS5pNJJFQA,time,1,1.0407,29,5468.31,23250,5092.855869089248,1.0737217893805213,early,2.251880212400205,15,12,none,0
lKSk8hauUsA,UCO1SasMJdmlfrCS5pNJJFQA,time,2,2.0407,29,7246.55,23250,5078.802805975599,1.4268218165731121,early,1.6563592243168102,15,12,none,0
lKSk8hauUsA,UCO1SasMJdmlfrCS5pNJJFQA,time,3,3.0407,29,8877.72,23250,5016.799353063227,1.7695978946173032,likely,1.559855915320061,15,11,none,0
lKSk8hauUsA,UCO1SasMJdmlfrCS5pNJJFQA,time,5,5.0407,29,13483.85,23250,4935.785209569545,2.731854630661982,likely,1.5182119242299756,15,11,none,0
lKSk8hauUsA,UCO1SasMJdmlfrCS5pNJJFQA,time,7,7.0407,29,23907.00,23250,4895.885467184499,4.883078995674452,confirmed,1.514964293264244,15,11,none,0
lKSk8hauUsA,UCO1SasMJdmlfrCS5pNJJFQA,time,14,14.0407,29,21225.14,23250,4727.3103586629,4.489898124923176,confirmed,1.3156170787873607,15,10,none,0
PaAHkIYF9rY,UCt3B6rUXb__X2eMyY7jzgIg,heldout,0.5,0.6674,31,14679.42,37702,48104.49019248397,0.30515690896424724,early,,14,14,none,0
PaAHkIYF9rY,UCt3B6rUXb__X2eMyY7jzgIg,heldout,1,0.6674,31,14679.42,37702,48104.49019248397,0.30515690896424724,early,,14,14,none,0
PaAHkIYF9rY,UCt3B6rUXb__X2eMyY7jzgIg,heldout,3,3.6674,31,41320.22,37702,8191.647092479512,5.0441898008898365,likely,1.2150371139162164,15,15,none,0
PaAHkIYF9rY,UCt3B6rUXb__X2eMyY7jzgIg,heldout,5,4.6674,31,38778.20,37702,9944.473535280958,3.899472520343122,likely,1.081541206875377,15,15,none,0
PaAHkIYF9rY,UCt3B6rUXb__X2eMyY7jzgIg,heldout,7,6.6674,31,37398.59,37702,10476.35920734163,3.5698080871000593,likely,0.9322060739747879,15,15,none,0
PaAHkIYF9rY,UCt3B6rUXb__X2eMyY7jzgIg,heldout,14,13.6674,31,34784.05,37702,11401.371215157325,3.050865413940794,confirmed,0.7372903156581654,15,15,none,0
ll_c_EYp3Is,UCXuqSBlHAE6Xw-yeJA0Tunw,heldout,1,0.7909,31,1200189.07,811714,1472248.2072243127,0.8152083769075094,early,,14,14,none,0
ll_c_EYp3Is,UCXuqSBlHAE6Xw-yeJA0Tunw,heldout,2,2.7909,31,1076566.58,811714,1531202.5950952736,0.7030856579739948,early,0.5057828675821164,15,15,none,0
ll_c_EYp3Is,UCXuqSBlHAE6Xw-yeJA0Tunw,heldout,3,2.7909,31,1076566.58,811714,1531202.5950952736,0.7030856579739948,early,0.5057828675821164,15,15,none,0
ll_c_EYp3Is,UCXuqSBlHAE6Xw-yeJA0Tunw,heldout,5,4.7909,31,1010577.70,811714,1521430.958620309,0.6642284308915082,likely,0.4065130365719247,15,15,none,0
ll_c_EYp3Is,UCXuqSBlHAE6Xw-yeJA0Tunw,heldout,7,6.7909,31,965703.75,811714,1510126.6428617826,0.6394852712429716,likely,0.35447398483643855,15,15,none,0
ll_c_EYp3Is,UCXuqSBlHAE6Xw-yeJA0Tunw,heldout,14,13.7909,31,850818.80,811714,1429101.5398075378,0.5953522367136593,confirmed,0.26729387559032763,15,12,none,0
EaM3EBLILKg,UCnmGIkw-KdI0W5siakKPKog,heldout,2,2.8747,31,3093390.39,2877921,3442338.584787246,0.8986304836674553,early,,15,15,none,0
EaM3EBLILKg,UCnmGIkw-KdI0W5siakKPKog,heldout,3,2.8747,31,3093390.39,2877921,3442338.584787246,0.8986304836674553,early,,15,15,none,0
5Q_l8m6rsqI,UC6unsgtxsnMeFG3OBRX-PQw,time,7,7.0832,27,1409.14,1206,,,insufficient,,0,0,none,0
5Q_l8m6rsqI,UC6unsgtxsnMeFG3OBRX-PQw,time,14,15.0832,27,1217.83,1206,8278.342838007666,0.14711035069017264,confirmed,0.07468557653618925,15,10,none,0
_h9AyLOG-f4,UC6XTIVq86zJPKNeiPay1czQ,time,5,5.9445,28,768.26,1005,,,insufficient,,0,0,none,0
_h9AyLOG-f4,UC6XTIVq86zJPKNeiPay1czQ,time,7,6.9445,28,634.32,1005,,,insufficient,0.15622259181439874,0,0,none,0
_h9AyLOG-f4,UC6XTIVq86zJPKNeiPay1czQ,time,14,13.9445,28,781.44,1005,,,insufficient,0.27582952058633803,0,0,none,0
96aNewh1ZUM,UCUpbDOT-OVNBlaQpb9pbd2w,time,5,4.6984,27,25412.37,19014,30400.82872940285,0.8359105096912808,likely,,15,15,none,0
96aNewh1ZUM,UCUpbDOT-OVNBlaQpb9pbd2w,time,7,6.6984,27,20660.91,19014,28575.037322102537,0.7230405292401312,likely,0.01862371398406485,15,15,none,0
96aNewh1ZUM,UCUpbDOT-OVNBlaQpb9pbd2w,time,14,13.6984,27,19594.86,19014,25473.72721364488,0.769218518380857,confirmed,0.014859119168241152,15,15,none,0
S2KmStTbL6c,UCQHX6ViZmPsWiYSFAyS0a3Q,heldout,0.5,0.6840,29,564288.07,359637,392977.6772626485,1.435929061149442,early,,15,15,none,0
S2KmStTbL6c,UCQHX6ViZmPsWiYSFAyS0a3Q,time,0.5,0.6840,29,564288.07,359637,392977.6772626485,1.435929061149442,early,,15,15,none,0
S2KmStTbL6c,UCQHX6ViZmPsWiYSFAyS0a3Q,heldout,1,0.6840,29,564288.07,359637,392977.6772626485,1.435929061149442,early,,15,15,none,0
S2KmStTbL6c,UCQHX6ViZmPsWiYSFAyS0a3Q,time,1,0.6840,29,564288.07,359637,392977.6772626485,1.435929061149442,early,,15,15,none,0
S2KmStTbL6c,UCQHX6ViZmPsWiYSFAyS0a3Q,heldout,2,1.6840,29,507846.67,359637,385700.54775841103,1.3166864104192757,early,0.6935915642148051,15,15,none,0
S2KmStTbL6c,UCQHX6ViZmPsWiYSFAyS0a3Q,time,2,1.6840,29,507846.67,359637,385700.54775841103,1.3166864104192757,early,0.6935915642148051,15,15,none,0
S2KmStTbL6c,UCQHX6ViZmPsWiYSFAyS0a3Q,heldout,3,2.6840,29,426232.13,359637,379064.6349363149,1.1244312629905453,early,0.4567851875424036,15,15,none,0
S2KmStTbL6c,UCQHX6ViZmPsWiYSFAyS0a3Q,time,3,2.6840,29,426232.13,359637,379064.6349363149,1.1244312629905453,early,0.4567851875424036,15,15,none,0
S2KmStTbL6c,UCQHX6ViZmPsWiYSFAyS0a3Q,heldout,5,4.6840,29,412938.86,359637,368022.3106637526,1.1220484476154238,likely,0.3380855207142953,15,15,none,0
S2KmStTbL6c,UCQHX6ViZmPsWiYSFAyS0a3Q,time,5,4.6840,29,412938.86,359637,368022.3106637526,1.1220484476154238,likely,0.3380855207142953,15,15,none,0
S2KmStTbL6c,UCQHX6ViZmPsWiYSFAyS0a3Q,heldout,7,6.6840,29,398645.96,359637,360033.62377084757,1.1072464661262036,likely,0.28884503043787624,15,15,none,0
S2KmStTbL6c,UCQHX6ViZmPsWiYSFAyS0a3Q,time,7,6.6840,29,398645.96,359637,360033.62377084757,1.1072464661262036,likely,0.28884503043787624,15,15,none,0
S2KmStTbL6c,UCQHX6ViZmPsWiYSFAyS0a3Q,heldout,14,13.6840,29,359480.02,359637,347560.04592418915,1.034296170700221,confirmed,0.2247725361226347,15,10,none,0
S2KmStTbL6c,UCQHX6ViZmPsWiYSFAyS0a3Q,time,14,13.6840,29,359480.02,359637,347560.04592418915,1.034296170700221,confirmed,0.2247725361226347,15,10,none,0
cqmPjO-iHLo,UCR-DXc1voovS8nhAvccRZhg,heldout,14,12.9159,30,193409.59,204644,255147.76736344135,0.7580297020199844,confirmed,0.06625003190683415,15,14,none,0
0HG9SDtZkts,UCk7G9VbYTKntMsLmKuy942g,heldout,14,13.2335,30,13105.83,19685,,,insufficient,0.46407412509230833,2,1,none,0
k1L27EjTYEo,UCvnSyOfwtn7J14CYRbCaveQ,time,14,12.8323,27,33061.83,32633,29067.634447440276,1.1374105396098113,confirmed,0.35460157580830465,15,13,none,0
STAUQ68Lui4,UC6BW8DqrAmBEIeCtMa4bfBw,time,14,14.3850,29,2522.09,2437,3985.962824697192,0.6327436550258921,confirmed,,15,15,none,0
Im51hMdp690,UC4lGf3Jn2331jdjMlsJyj5Q,time,14,12.8105,28,186672.18,191665,193530.99999999985,0.9645595754807297,confirmed,0.22150716016510805,15,11,none,0
hhqml53VRbQ,UCxa1v9wVMmjYUhUfQOJxbzw,time,14,14.6153,28,8097.07,7579,7185.030879770618,1.1269360019781316,confirmed,,15,13,none,0
WNuzqJz6m6g,UC8DqDLFZCni7Jkys3N3818w,time,5,4.8179,27,16.32,35,56.373726616597494,0.2894433960844509,likely,,4,4,none,0
WNuzqJz6m6g,UC8DqDLFZCni7Jkys3N3818w,time,7,6.8179,27,19.25,35,59.54237597165846,0.32321867218265904,likely,0.521701308471672,4,4,none,0
WNuzqJz6m6g,UC8DqDLFZCni7Jkys3N3818w,time,14,15.8179,27,29.12,35,54.450079055263025,0.5348536797520382,confirmed,0.6128915764715054,4,4,none,0
zabuTOuSrtA,UC46snQOXkyWD_-4IZHnJ6Jg,heldout,1,1.7861,29,1263.44,1947,331.44425426009394,3.811914702572301,early,,14,13,none,0
zabuTOuSrtA,UC46snQOXkyWD_-4IZHnJ6Jg,heldout,2,1.7861,29,1263.44,1947,331.44425426009394,3.811914702572301,early,,14,13,none,0
zabuTOuSrtA,UC46snQOXkyWD_-4IZHnJ6Jg,heldout,3,3.7861,29,2884.35,1947,340.44849444191084,8.472203212247667,likely,1.2755961268137102,14,13,none,0
zabuTOuSrtA,UC46snQOXkyWD_-4IZHnJ6Jg,heldout,5,4.7861,29,2788.28,1947,339.5233102278544,8.212338681203901,likely,1.0842085234853347,14,13,none,0
zabuTOuSrtA,UC46snQOXkyWD_-4IZHnJ6Jg,heldout,7,6.7861,29,2727.49,1947,339.9757300491766,8.022603338345315,likely,0.8811832573911873,14,13,none,0
zabuTOuSrtA,UC46snQOXkyWD_-4IZHnJ6Jg,heldout,14,13.7861,29,2507.66,1947,345.99999999999983,7.247578877626507,confirmed,0.6270020069044775,14,12,none,0
lTfkgBNNqN8,UCLBVA29QFjSo3c8NpGD89lw,time,5,4.7909,28,1586.83,2172,,,insufficient,,5,5,none,0
lTfkgBNNqN8,UCLBVA29QFjSo3c8NpGD89lw,time,7,6.7909,28,1656.78,2172,,,insufficient,0.3793199211944468,13,13,none,0
lTfkgBNNqN8,UCLBVA29QFjSo3c8NpGD89lw,time,14,13.7909,28,1889.78,2172,,,insufficient,0.348453892308343,13,13,none,0
Gvmr8lEUDyI,UCUpbDOT-OVNBlaQpb9pbd2w,time,3,3.4446,27,30095.09,20005,30400.82872940285,0.9899431123748211,likely,,15,15,none,0
Gvmr8lEUDyI,UCUpbDOT-OVNBlaQpb9pbd2w,time,5,5.4446,27,22094.75,20005,28186.911837172796,0.7838656265600884,likely,0.05487818494335951,15,15,none,0
Gvmr8lEUDyI,UCUpbDOT-OVNBlaQpb9pbd2w,time,7,7.4446,27,21438.14,20005,26684.992823018645,0.803378153444324,confirmed,0.042109021108471284,15,15,none,0
Gvmr8lEUDyI,UCUpbDOT-OVNBlaQpb9pbd2w,time,14,15.4446,27,20528.39,20005,23814.7674743534,0.8620027253812389,confirmed,0.03448574488195714,15,15,none,0
ALaaOEQcRwM,UCCYBgzNZ3JIK2w_zvPKvgfQ,heldout,5,4.0104,27,95.18,101,,,insufficient,,0,0,none,0
ALaaOEQcRwM,UCCYBgzNZ3JIK2w_zvPKvgfQ,time,5,4.0104,27,95.18,101,,,insufficient,,0,0,none,0
ALaaOEQcRwM,UCCYBgzNZ3JIK2w_zvPKvgfQ,heldout,7,7.0104,27,95.58,101,,,insufficient,0.25777079155012106,0,0,none,0
ALaaOEQcRwM,UCCYBgzNZ3JIK2w_zvPKvgfQ,time,7,7.0104,27,95.58,101,,,insufficient,0.25777079155012106,0,0,none,0
ALaaOEQcRwM,UCCYBgzNZ3JIK2w_zvPKvgfQ,heldout,14,15.0104,27,104.12,101,,,insufficient,0.24455407418425862,0,0,none,0
ALaaOEQcRwM,UCCYBgzNZ3JIK2w_zvPKvgfQ,time,14,15.0104,27,104.12,101,,,insufficient,0.24455407418425862,0,0,none,0
jcBex0QObBs,UCdwo4k1RQHTcq_-WS7Cazqg,time,5,4.9572,27,554.78,461,,,insufficient,,1,1,none,0
jcBex0QObBs,UCdwo4k1RQHTcq_-WS7Cazqg,time,7,6.9572,27,468.32,461,,,insufficient,0.1491397103886086,1,1,none,0
jcBex0QObBs,UCdwo4k1RQHTcq_-WS7Cazqg,time,14,15.9572,27,469.35,461,,,insufficient,0.10212345877978361,1,1,none,0
KihWWM1TE-w,UCfa9hkgsTHfK8bpDoiQZI5g,time,1,0.7756,29,2593.92,2235,2816.6732085794993,0.9209166699119917,early,,14,14,none,0
KihWWM1TE-w,UCfa9hkgsTHfK8bpDoiQZI5g,time,2,1.7756,29,2298.32,2235,3231.1420906243047,0.7113015922235097,early,0.6887863354205369,15,15,none,0
KihWWM1TE-w,UCfa9hkgsTHfK8bpDoiQZI5g,time,3,2.7756,29,2495.24,2235,3269.7854920557,0.7631216180656354,early,0.5954185924919033,15,15,none,0
KihWWM1TE-w,UCfa9hkgsTHfK8bpDoiQZI5g,time,5,4.7756,29,2444.57,2235,3260.4734892157057,0.7497585485324169,likely,0.49997745686213413,15,15,none,0
KihWWM1TE-w,UCfa9hkgsTHfK8bpDoiQZI5g,time,7,6.7756,29,2381.15,2235,3215.587555707457,0.7405020219921601,likely,0.4421230491574299,15,15,none,0
KihWWM1TE-w,UCfa9hkgsTHfK8bpDoiQZI5g,time,14,14.7756,29,2382.70,2235,3101.3644288459604,0.7682733198461563,confirmed,0.35487503798981807,15,10,none,0
sn0bYSz64hk,UCztm4C-jD0jpHlDFhRyEltw,time,2,2.9654,29,13645.14,17170,,,insufficient,,0,0,none,0
sn0bYSz64hk,UCztm4C-jD0jpHlDFhRyEltw,time,3,2.9654,29,13645.14,17170,,,insufficient,,0,0,none,0
sn0bYSz64hk,UCztm4C-jD0jpHlDFhRyEltw,time,5,5.9654,29,15581.69,17170,2878.580530033463,5.41297771402116,likely,0.4725677166296383,15,14,none,0
sn0bYSz64hk,UCztm4C-jD0jpHlDFhRyEltw,time,7,6.9654,29,16803.82,17170,2918.5239396109555,5.7576418714816135,likely,0.5031454035778693,15,14,none,0
sn0bYSz64hk,UCztm4C-jD0jpHlDFhRyEltw,time,14,12.9654,29,16900.58,17170,3045.4067864810886,5.549531401624707,confirmed,0.412732910299768,15,13,none,0
BgM4zMJYfzw,UC7Hi_moNiYG88AgbyiJU9UQ,heldout,5,4.5680,30,5962.50,7049,15025.606653344052,0.3968228997760281,likely,,7,7,none,0
7A6G5yvp804,UCN8fW1T36q7P9KjaHEifPYQ,time,1,0.9919,27,4700.23,1657,1999.3071913481488,2.3509299659578917,early,,15,9,none,0
7A6G5yvp804,UCN8fW1T36q7P9KjaHEifPYQ,time,2,1.9919,27,1570.59,1657,1999.3071913481488,0.7855694720736152,early,0.28584051531189153,15,9,none,0
7A6G5yvp804,UCN8fW1T36q7P9KjaHEifPYQ,time,3,2.9919,27,1349.52,1657,1996.0866969430144,0.6760822004719383,early,0.265988620839189,15,8,none,0
7A6G5yvp804,UCN8fW1T36q7P9KjaHEifPYQ,time,5,4.9919,27,1704.84,1657,1996.0866969430144,0.8540927849382726,likely,0.2816847428715296,15,8,none,0
7A6G5yvp804,UCN8fW1T36q7P9KjaHEifPYQ,time,7,6.9919,27,1551.12,1657,1991.8494320851994,0.7787319603706244,likely,0.2790480739665666,15,7,none,0
7A6G5yvp804,UCN8fW1T36q7P9KjaHEifPYQ,time,14,12.9919,27,1635.42,1657,1992.0142553332869,0.820986108347022,confirmed,0.23441522838039242,15,6,none,0
PgV3iLwSVlo,UCGpsgNbzdF7BECCVbB1COHw,time,14,12.9297,27,15389.32,14911,6790.08804586738,2.26643859681866,confirmed,0.0038794518366698956,15,15,none,0
9ddgWQ8wQo0,UCpXipTyhIY9kprpvVd-lu0A,time,3,3.9270,27,25543.01,21357,59894.66243638268,0.42646558551960856,likely,,15,15,none,0
9ddgWQ8wQo0,UCpXipTyhIY9kprpvVd-lu0A,time,5,4.9270,27,19043.78,21357,59386.00233083956,0.3206778871021134,likely,0.19367711804973597,15,15,none,0
9ddgWQ8wQo0,UCpXipTyhIY9kprpvVd-lu0A,time,7,6.9270,27,22009.55,21357,58965.36795200479,0.37326224344423903,likely,0.25558644312596757,15,15,none,0
9ddgWQ8wQo0,UCpXipTyhIY9kprpvVd-lu0A,time,14,12.9270,27,21959.30,21357,57023.54996770491,0.38509185794167544,confirmed,0.21906378196469237,15,14,none,0
UbJjs2hZz1Q,UCGpsgNbzdF7BECCVbB1COHw,time,14,13.0014,29,3389.87,3348,6865.055231057298,0.4937859512816728,confirmed,0.038116684907735315,15,15,none,0
V8GyMt6n10Q,UC8wwEsUeTG9cpzvWT5Dsdqw,heldout,14,13.0410,31,54568.51,67840,23711.65242896424,2.301337357172711,confirmed,,15,15,none,0
TBUaBsCn3L0,UC50xPFPma-nCS5GZpAFukpQ,heldout,5,6.6619,30,1275216.04,1426967,770209.0000000001,1.6556753318022046,likely,,15,14,none,0
TBUaBsCn3L0,UC50xPFPma-nCS5GZpAFukpQ,heldout,7,6.6619,30,1275216.04,1426967,770209.0000000001,1.6556753318022046,likely,,15,14,none,0
TBUaBsCn3L0,UC50xPFPma-nCS5GZpAFukpQ,heldout,14,15.6619,30,1364837.39,1426967,770209.0000000001,1.7720351147620121,confirmed,0.2388368544111187,15,14,none,0
Pc4O99PeSCs,UC9BNGVGr_lvbn3d23ckuVOA,time,5,5.9373,28,39929.07,45323,,,insufficient,,0,0,none,0
Pc4O99PeSCs,UC9BNGVGr_lvbn3d23ckuVOA,time,7,6.9373,28,43326.46,45323,,,insufficient,0.5254333914727246,0,0,none,0
Pc4O99PeSCs,UC9BNGVGr_lvbn3d23ckuVOA,time,14,13.9373,28,44832.67,45323,,,insufficient,0.3492576503140063,0,0,none,0
098ep9xrxSQ,UCGb34D3ThpmjLNn-FLv2_yQ,time,7,7.5417,27,1113.21,929,2868.5573657554537,0.3880715804243238,confirmed,,15,15,none,0
098ep9xrxSQ,UCGb34D3ThpmjLNn-FLv2_yQ,time,14,12.5417,27,935.60,929,2868.999999999999,0.3261064430972122,confirmed,0.05094852645803852,15,11,none,0
ibn_o8wN1zc,UCucqfNRyBkieAop_LDUqHEg,time,14,13.7012,28,40463.38,40082,48554.338491270326,0.8333628344008016,confirmed,0.06815074957437481,15,11,none,0
qHfWSj4ix3E,UCdjEFkZWl9eBgV8azx1A_hg,heldout,5,4.8300,27,348.10,333,610.4112135181188,0.5702648538729937,likely,,3,3,none,0
qHfWSj4ix3E,UCdjEFkZWl9eBgV8azx1A_hg,time,5,4.8300,27,348.10,333,610.4112135181188,0.5702648538729937,likely,,3,3,none,0
qHfWSj4ix3E,UCdjEFkZWl9eBgV8azx1A_hg,heldout,7,6.8300,27,300.12,333,598.3684639546818,0.501561480937817,likely,0.2179887157503787,3,3,none,0
qHfWSj4ix3E,UCdjEFkZWl9eBgV8azx1A_hg,time,7,6.8300,27,300.12,333,598.3684639546818,0.501561480937817,likely,0.2179887157503787,3,3,none,0
qHfWSj4ix3E,UCdjEFkZWl9eBgV8azx1A_hg,heldout,14,12.8300,27,326.76,333,590.1101715121313,0.5537312542461907,confirmed,0.187461614395613,3,3,none,0
qHfWSj4ix3E,UCdjEFkZWl9eBgV8azx1A_hg,time,14,12.8300,27,326.76,333,590.1101715121313,0.5537312542461907,confirmed,0.187461614395613,3,3,none,0
pUZYbBF9gLU,UCcPXCoEtPJxesAXp-evqzqg,time,1,0.8228,29,3562.99,3189,5142.331343606141,0.6928746826035572,early,,15,8,none,0
pUZYbBF9gLU,UCcPXCoEtPJxesAXp-evqzqg,time,2,1.8228,29,3772.85,3189,5268.124376835503,0.7161655617549498,early,0.7438755148607382,15,8,none,0
pUZYbBF9gLU,UCcPXCoEtPJxesAXp-evqzqg,time,3,2.8228,29,3150.93,3189,5304.273672570763,0.5940368910605921,early,0.5366977493872724,15,7,none,0
pUZYbBF9gLU,UCcPXCoEtPJxesAXp-evqzqg,time,5,4.8228,29,3183.56,3189,5344.042788218068,0.5957210598736284,likely,0.42364055908452025,15,7,none,0
pUZYbBF9gLU,UCcPXCoEtPJxesAXp-evqzqg,time,7,6.8228,29,2781.04,3189,5361.248613904167,0.5187299259732997,likely,0.38723630238104384,15,6,none,0
pUZYbBF9gLU,UCcPXCoEtPJxesAXp-evqzqg,time,14,13.8228,29,3368.64,3189,5512.347713956202,0.6111078136740371,confirmed,0.3719229186834384,15,5,none,0
1XNzw_yWzBM,UCSiKFGDpfCICQDfmxxjDvsg,time,7,7.6168,27,8537.93,8421,19770.260823134617,0.43185744266114123,confirmed,,15,15,none,0
1XNzw_yWzBM,UCSiKFGDpfCICQDfmxxjDvsg,time,14,12.6168,27,8080.04,8421,19936.764385848423,0.40528355747110234,confirmed,0.2038869485562333,15,15,none,0
GcdPwJvIfnk,UC6BW8DqrAmBEIeCtMa4bfBw,time,14,13.1835,27,4333.88,3938,3757.184108647544,1.1534907713182958,confirmed,,15,15,none,0
bGaWTL43qDM,UCsv09iEutfmPwHGm40og7dg,time,1,1.0825,27,7031.03,21047,8066.6249797675755,0.8716194985457065,early,,15,15,none,0
bGaWTL43qDM,UCsv09iEutfmPwHGm40og7dg,time,2,2.0825,27,5547.80,21047,7978.913799817316,0.6953081740335306,early,0.43072779477398015,15,14,none,0
bGaWTL43qDM,UCsv09iEutfmPwHGm40og7dg,time,3,3.0825,27,5429.20,21047,7885.509141009843,0.6885033442742494,likely,0.4142600361228898,15,14,none,0
bGaWTL43qDM,UCsv09iEutfmPwHGm40og7dg,time,5,4.0825,27,6225.19,21047,7896.071026122614,0.7883902028019272,likely,0.478044864755385,15,14,none,0
bGaWTL43qDM,UCsv09iEutfmPwHGm40og7dg,time,7,7.0825,27,7865.79,21047,7932.9718875117305,0.9915314752314354,confirmed,0.4938039746637247,15,14,none,0
bGaWTL43qDM,UCsv09iEutfmPwHGm40og7dg,time,14,15.0825,27,15827.36,21047,8003.601810013199,1.9775300987630668,confirmed,0.44513417893273755,15,11,none,0
kmDkhO47Svs,UC8wXC0ZCfGt3HaVLy_fdTQw,time,5,5.8853,28,14838.95,17246,,,insufficient,,0,0,none,0
kmDkhO47Svs,UC8wXC0ZCfGt3HaVLy_fdTQw,time,7,6.8853,28,13631.35,17246,,,insufficient,0.23540370649023867,0,0,none,0
kmDkhO47Svs,UC8wXC0ZCfGt3HaVLy_fdTQw,time,14,13.8853,28,14933.55,17246,,,insufficient,0.26036525942759003,0,0,none,0
oYoV1baxwE0,UCsvqVGtbbyHaMoevxPAq9Fg,time,14,13.8323,29,1380.87,1574,5485.208842231318,0.25174426511605924,confirmed,0.21738660272810123,15,15,none,0
SI5YJfEsFvw,UC0gk8Jjvjf-HXFnAfCimsnQ,time,5,6.7103,29,39.04,39,,,insufficient,,0,0,none,0
SI5YJfEsFvw,UC0gk8Jjvjf-HXFnAfCimsnQ,time,7,6.7103,29,39.04,39,,,insufficient,,0,0,none,0
SI5YJfEsFvw,UC0gk8Jjvjf-HXFnAfCimsnQ,time,14,13.7103,29,38.00,39,,,insufficient,0.18786840994994872,0,0,none,0
MRPyuTso1-A,UCmu7bw5BYIeR0VDw0hJKblw,time,14,14.4277,28,336.38,346,434.27519838776544,0.7745697884732082,confirmed,0.41858042241517257,15,13,none,0
JFEi0ZoNTJY,UC2NH07Y5tx_PQvqaQGzxKxQ,time,5,6.9580,27,4459.12,4797,3303.1759558159565,1.3499489077249291,likely,,10,9,none,0
JFEi0ZoNTJY,UC2NH07Y5tx_PQvqaQGzxKxQ,time,7,6.9580,27,4459.12,4797,3303.1759558159565,1.3499489077249291,likely,,10,9,none,0
JFEi0ZoNTJY,UC2NH07Y5tx_PQvqaQGzxKxQ,time,14,12.9580,27,4671.84,4797,3720.5140510331853,1.2556980965869415,confirmed,0.29228299601822194,15,11,none,0
_lib9MjpKBw,UCMekTeLUP4PllG4z53Qny2Q,heldout,14,13.7706,31,465.22,506,657.0000000000002,0.7080900516505724,confirmed,0.03173481879427923,15,9,none,0
p_LcLnx2bCk,UCPAt6z5uX_c5Eo_cSNROzYw,time,7,8.9368,28,4462.90,3685,8178.574201725247,0.5456814978412783,confirmed,,15,15,none,0
p_LcLnx2bCk,UCPAt6z5uX_c5Eo_cSNROzYw,time,14,13.9368,28,3734.13,3685,8006.574622028366,0.46638259498720974,confirmed,0.04663004794086322,15,15,none,0
hfBJTpewWos,UCftwRNsjfRo08xYE31tkiyw,time,5,4.8332,27,419356.49,625427,,,insufficient,,0,0,none,0
hfBJTpewWos,UCftwRNsjfRo08xYE31tkiyw,time,7,6.8332,27,499403.52,625427,,,insufficient,0.5555860680845954,0,0,none,0
hfBJTpewWos,UCftwRNsjfRo08xYE31tkiyw,time,14,12.8332,27,549586.56,625427,,,insufficient,0.4892571410156532,0,0,none,0
v2wc7Pde8Ms,UCObA5o3mcc1felIMAv6cukw,heldout,5,5.0135,29,54999.64,60606,64804.95239951957,0.8486950711981333,likely,0.14159815943147644,15,14,none,0
v2wc7Pde8Ms,UCObA5o3mcc1felIMAv6cukw,time,5,5.0135,29,54999.64,60606,64804.95239951957,0.8486950711981333,likely,0.14159815943147644,15,14,none,0
v2wc7Pde8Ms,UCObA5o3mcc1felIMAv6cukw,heldout,7,7.0135,29,56641.06,60606,64804.95239951957,0.8740236257278698,confirmed,0.19609180238433044,15,14,none,0
v2wc7Pde8Ms,UCObA5o3mcc1felIMAv6cukw,time,7,7.0135,29,56641.06,60606,64804.95239951957,0.8740236257278698,confirmed,0.19609180238433044,15,14,none,0
v2wc7Pde8Ms,UCObA5o3mcc1felIMAv6cukw,heldout,14,14.0135,29,62377.97,60606,64073.07973155572,0.9735441789355063,confirmed,0.18328191479432765,15,14,none,0
v2wc7Pde8Ms,UCObA5o3mcc1felIMAv6cukw,time,14,14.0135,29,62377.97,60606,64073.07973155572,0.9735441789355063,confirmed,0.18328191479432765,15,14,none,0
G4AT7BIpheg,UC1vGihnPBNE1wHdNzfe5eBg,time,14,12.9062,27,487.58,463,774.7082003217142,0.6293660449847785,confirmed,,9,9,none,0
Tt1UzjlEunc,UC3qB4xFJkl0EYoTVbhnn0OQ,time,5,6.9993,27,14370.93,22108,,,insufficient,,0,0,none,0
Tt1UzjlEunc,UC3qB4xFJkl0EYoTVbhnn0OQ,time,7,6.9993,27,14370.93,22108,,,insufficient,,0,0,none,0
Tt1UzjlEunc,UC3qB4xFJkl0EYoTVbhnn0OQ,time,14,12.9993,27,19207.14,22108,,,insufficient,0.5085104304057904,0,0,none,0
BzJoiYVBSTQ,UCNRXCkyFGkmw_TcFMw7fBaQ,time,1,0.8747,28,40952.32,47708,69547.07597975951,0.5888430910139225,early,,6,5,none,0
BzJoiYVBSTQ,UCNRXCkyFGkmw_TcFMw7fBaQ,time,2,1.8747,28,47260.11,47708,68515.92202036879,0.6897683564898008,early,0.7265507073411251,6,5,none,0
BzJoiYVBSTQ,UCNRXCkyFGkmw_TcFMw7fBaQ,time,3,2.8747,28,47871.81,47708,67534.07969701414,0.7088541016046135,early,0.6426693706288928,6,5,none,0
BzJoiYVBSTQ,UCNRXCkyFGkmw_TcFMw7fBaQ,time,5,4.8747,28,40832.05,47708,65994.10279184286,0.6187227503175369,likely,0.47741972263381377,6,5,none,0
BzJoiYVBSTQ,UCNRXCkyFGkmw_TcFMw7fBaQ,time,7,7.8747,28,41271.14,47708,64400.33799061495,0.6408527937201857,confirmed,0.41518945904513255,6,5,none,0
BzJoiYVBSTQ,UCNRXCkyFGkmw_TcFMw7fBaQ,time,14,13.8747,28,44101.26,47708,62082.66719399556,0.7103634607693713,confirmed,0.36874457227135804,6,5,none,0
5EsD-Q0OqIQ,UC5efErrEnb4krh7dwJdj3RA,time,14,14.9479,29,943.72,987,1839.3608251172318,0.513071063117601,confirmed,0.35629695251132565,15,12,none,0
uJI5dkS5oo0,UCK_qwlvj4ZQobgDsalN_Pvg,time,0.5,0.7493,27,349.72,2410,2483.0685049152744,0.14084209038519516,early,,15,12,none,0
uJI5dkS5oo0,UCK_qwlvj4ZQobgDsalN_Pvg,time,1,0.7493,27,349.72,2410,2483.0685049152744,0.14084209038519516,early,,15,12,none,0
uJI5dkS5oo0,UCK_qwlvj4ZQobgDsalN_Pvg,time,2,1.7493,27,635.58,2410,2315.6173231383937,0.27447362576542667,early,1.9346261346238378,15,12,none,0
uJI5dkS5oo0,UCK_qwlvj4ZQobgDsalN_Pvg,time,3,2.7493,27,1127.63,2410,2237.53239974928,0.5039636032454626,early,2.079193301031502,15,11,none,0
uJI5dkS5oo0,UCK_qwlvj4ZQobgDsalN_Pvg,time,5,4.7493,27,3771.59,2410,2188.4326791024782,1.7234202534836256,likely,2.076655716600163,15,11,none,0
uJI5dkS5oo0,UCK_qwlvj4ZQobgDsalN_Pvg,time,7,6.7493,27,4159.90,2410,2213.2029416619134,1.8795854897729167,likely,1.7910842529937914,15,11,none,0
uJI5dkS5oo0,UCK_qwlvj4ZQobgDsalN_Pvg,time,14,15.7493,27,2805.89,2410,2527.2235458295504,1.1102671944480769,confirmed,1.2893240299292177,15,9,none,0
bsjVhpK8d9U,UCP35tS1rd6DJthNZK1fSPIA,time,14,14.4258,29,25204.21,24517,15397.325952160263,1.6369215567760647,confirmed,0.2917993423888025,15,14,none,0
k7D85T_RJb4,UC0r_-7jgl1yl0oWzGEJ6o3w,time,1,0.8739,27,1570746.93,2557126,1704502.9999999998,0.9215278197735588,early,,15,13,none,0
k7D85T_RJb4,UC0r_-7jgl1yl0oWzGEJ6o3w,time,2,1.8739,27,1944775.86,2557126,1704502.9999999998,1.1409635903759439,early,0.890791052016052,15,13,none,0
k7D85T_RJb4,UC0r_-7jgl1yl0oWzGEJ6o3w,time,3,2.8739,27,1955664.51,2557126,1704502.9999999998,1.147351758302626,early,0.7293188072679765,15,13,none,0
k7D85T_RJb4,UC0r_-7jgl1yl0oWzGEJ6o3w,time,5,4.8739,27,2179528.28,2557126,1704502.9999999998,1.2786884412879813,likely,0.6724094768925076,15,13,none,0
k7D85T_RJb4,UC0r_-7jgl1yl0oWzGEJ6o3w,time,7,6.8739,27,2777182.30,2557126,1704502.9999999998,1.629320864135533,likely,0.6661006973489736,15,13,none,0
k7D85T_RJb4,UC0r_-7jgl1yl0oWzGEJ6o3w,time,14,12.8739,27,3020406.61,2557126,1704502.9999999998,1.7720160115311945,confirmed,0.5725848152086708,15,12,none,0
UP0URKAlH3Q,UC1CVzH-XVr3E-kTT6D8hhfg,time,1,0.9160,27,55148.80,45540,39796.1824730427,1.3857811050791968,early,,15,9,none,0
UP0URKAlH3Q,UC1CVzH-XVr3E-kTT6D8hhfg,time,2,1.9160,27,89387.98,45540,40024.89771733971,2.233309419204998,early,1.0974849797068134,15,9,none,0
UP0URKAlH3Q,UC1CVzH-XVr3E-kTT6D8hhfg,time,3,2.9160,27,67479.49,45540,40339.91703195109,1.6727721241147924,early,0.7166108647170492,15,8,none,0
UP0URKAlH3Q,UC1CVzH-XVr3E-kTT6D8hhfg,time,5,4.9160,27,50783.98,45540,40331.88625934177,1.2591520193792831,likely,0.48815212584497564,15,8,none,0
UP0URKAlH3Q,UC1CVzH-XVr3E-kTT6D8hhfg,time,7,6.9160,27,50277.57,45540,40800.794943729095,1.232269301879317,likely,0.4030683058885334,15,7,none,0
UP0URKAlH3Q,UC1CVzH-XVr3E-kTT6D8hhfg,time,14,15.9160,27,49629.47,45540,41234.99999999997,1.2035763963176347,confirmed,0.30147454442989685,15,4,none,0
WVXFrCAOdik,UC3D0x-dmWYAZUIHroYc-zTw,heldout,1,1.1618,30,6983.02,4026,3686.2242385396507,1.8943551503571814,early,0.09344876276025829,13,10,none,0
WVXFrCAOdik,UC3D0x-dmWYAZUIHroYc-zTw,heldout,2,2.1618,30,4781.33,4026,3677.0739180354467,1.3003085658850446,early,0.18392773701197143,13,10,none,0
WVXFrCAOdik,UC3D0x-dmWYAZUIHroYc-zTw,heldout,3,3.1618,30,4313.31,4026,3661.921755673121,1.1778808156946163,likely,0.1807414870634546,13,10,none,0
WVXFrCAOdik,UC3D0x-dmWYAZUIHroYc-zTw,heldout,5,5.1618,30,4121.95,4026,3661.921755673121,1.125625038446344,likely,0.16485036596928426,13,10,none,0
WVXFrCAOdik,UC3D0x-dmWYAZUIHroYc-zTw,heldout,7,7.1618,30,4054.35,4026,3638.965272628428,1.1141488773191899,confirmed,0.1514778270392661,13,10,none,0
WVXFrCAOdik,UC3D0x-dmWYAZUIHroYc-zTw,heldout,14,14.1618,30,4195.80,4026,3670.0000000000023,1.143270706662065,confirmed,0.1332066636743239,13,9,none,0
WEqgNna8vkE,UC-No2ITxJsNt50oJQ3fLmUA,time,14,12.7512,27,139125.30,142055,101981.47279960342,1.3642212777255507,confirmed,0.24526367573997837,15,13,none,0
qnd4_iC3iyE,UCPCPE5MoI7DS1WiVB_-mzNw,time,5,6.8000,28,7098.57,5675,4346.775678924237,1.6330666882939562,likely,,15,15,none,0
qnd4_iC3iyE,UCPCPE5MoI7DS1WiVB_-mzNw,time,7,6.8000,28,7098.57,5675,4346.775678924237,1.6330666882939562,likely,,15,15,none,0
qnd4_iC3iyE,UCPCPE5MoI7DS1WiVB_-mzNw,time,14,13.8000,28,5853.44,5675,4054.605099459085,1.4436524470783565,confirmed,0.006908874909490957,15,15,none,0
wt_l1417xbI,UCPAt6z5uX_c5Eo_cSNROzYw,time,7,7.9384,27,6334.19,6363,4126.314507504928,1.5350720769170096,confirmed,,15,15,none,0
wt_l1417xbI,UCPAt6z5uX_c5Eo_cSNROzYw,time,14,12.9384,27,5360.31,6363,3835.0307314793113,1.3977234800234135,confirmed,0.06831056380865931,15,15,none,0
GRD0iWXan5s,UCU_n6cNknf6JlgnoVWEyTWw,time,14,14.0130,28,848.76,873,2200.9679120744095,0.3856299842697483,confirmed,0.11606570203081758,15,13,none,0
IzLM1lYvkAk,UCjgpFI5dU-D1-kh9H1muoxQ,time,1,0.8868,28,1063478.33,1730866,1094730.6417200991,0.9714520578470813,early,,15,14,none,0
IzLM1lYvkAk,UCjgpFI5dU-D1-kh9H1muoxQ,time,2,1.8868,28,1877758.64,1730866,1100832.7871462863,1.705761911137146,early,1.2850789265217164,15,14,none,0
IzLM1lYvkAk,UCjgpFI5dU-D1-kh9H1muoxQ,time,3,2.8868,28,1960036.99,1730866,1105244.3682263964,1.773396951321164,early,1.0051299571027645,15,14,none,0
IzLM1lYvkAk,UCjgpFI5dU-D1-kh9H1muoxQ,time,5,4.8868,28,1539012.76,1730866,1114013.1048852496,1.3815032803386842,likely,0.7121024951311627,15,14,none,0
IzLM1lYvkAk,UCjgpFI5dU-D1-kh9H1muoxQ,time,7,6.8868,28,1495637.19,1730866,1117054.5118277615,1.3389115540992294,likely,0.6281673247722022,15,14,none,0
IzLM1lYvkAk,UCjgpFI5dU-D1-kh9H1muoxQ,time,14,13.8868,28,1612663.78,1730866,1162979.1249512364,1.3866661453631988,confirmed,0.5112260220975589,15,14,none,0
29KlQIDd750,UCRAoLjIeDYFOSuXFImfecqg,heldout,14,12.9166,30,168290.26,188070,211680.4752852926,0.7950202222877214,confirmed,0.1870414828433337,15,14,none,0
xN7KiItharc,UC2OjGgjNiqyLr_1qkqAwsUQ,time,14,13.6661,28,3262.71,3245,10276.295153789648,0.31749857001628007,confirmed,0.06732929595310982,15,12,none,0
tHf-gnrbr6g,UCI0vQvr9aFn27yR6Ej6n5UA,time,5,5.7907,27,1048.37,967,1111.758264044645,0.942981463744174,likely,,15,13,none,0
tHf-gnrbr6g,UCI0vQvr9aFn27yR6Ej6n5UA,time,7,6.7907,27,970.30,967,1099.8997151582257,0.8821692315506343,likely,0.28695156755972306,15,13,none,0
tHf-gnrbr6g,UCI0vQvr9aFn27yR6Ej6n5UA,time,14,12.7907,27,967.26,967,1016.5795137390484,0.9514851016927194,confirmed,0.20419031868350568,15,12,none,0
zJ_F9w0ql9Q,UC7vAK04m8gUbeJ4oheQ8rCQ,time,5,6.8320,27,10052.85,12474,,,insufficient,,0,0,none,0
zJ_F9w0ql9Q,UC7vAK04m8gUbeJ4oheQ8rCQ,time,7,6.8320,27,10052.85,12474,,,insufficient,,0,0,none,0
zJ_F9w0ql9Q,UC7vAK04m8gUbeJ4oheQ8rCQ,time,14,12.8320,27,14109.38,12474,,,insufficient,0.5863541450603502,0,0,none,0
v9DQJaDntz4,UCfk2tHbUwraPERg3Q4fQM5w,time,5,5.9368,28,21.76,19,,,insufficient,,0,0,none,0
v9DQJaDntz4,UCfk2tHbUwraPERg3Q4fQM5w,time,7,7.9368,28,20.57,19,,,insufficient,0.2393037083228545,0,0,none,0
v9DQJaDntz4,UCfk2tHbUwraPERg3Q4fQM5w,time,14,13.9368,28,19.54,19,,,insufficient,0.15356553190967512,0,0,none,0
yuQ8KP559BQ,UCDNHPNeWScAC8h8IxtEBtkQ,heldout,14,12.0820,31,55237.82,53127,68244.17394732602,0.8094144289474076,confirmed,,15,12,none,0
qoLS2ooaX1Q,UCMPaviJxybo1RTdzvYcU91A,time,14,14.1666,29,602.72,565,2138.61238364627,0.2818256660916169,confirmed,0.6615062814949844,15,12,none,0
jC7SCS_k6P8,UC8tRLgtV1soMY464cGlp8-Q,time,14,13.8660,29,186572.13,212160,23141.442038742185,8.062251749798346,confirmed,0.3791143312492337,15,14,none,0
LQXNL4CRZwA,UCE_--R1P5-kfBzHTca0dsnw,time,14,13.7080,28,258992.10,298010,441199.5180778529,0.5870180987606584,confirmed,,14,13,none,0
7QhK_0leZ7k,UCycGV6fAhD_-7GPmCkkESdw,time,1,0.8125,27,39474.33,401771,1778.9999999999995,22.189056597996544,early,,15,14,none,0
7QhK_0leZ7k,UCycGV6fAhD_-7GPmCkkESdw,time,2,1.8125,27,159232.62,401771,1778.9999999999995,89.50681127093922,early,3.3535284913142855,15,14,none,0
7QhK_0leZ7k,UCycGV6fAhD_-7GPmCkkESdw,time,3,2.8125,27,203703.93,401771,1778.9999999999995,114.50473659682662,early,2.497053454176277,15,14,none,0
7QhK_0leZ7k,UCycGV6fAhD_-7GPmCkkESdw,time,5,4.8125,27,383114.96,401771,1778.9999999999995,215.35410794990926,likely,2.2521654111267413,15,14,none,0
7QhK_0leZ7k,UCycGV6fAhD_-7GPmCkkESdw,time,7,6.8125,27,463485.78,401771,1778.9999999999995,260.5316335209443,likely,2.0192588372659888,15,14,none,0
7QhK_0leZ7k,UCycGV6fAhD_-7GPmCkkESdw,time,14,12.8125,27,494318.78,401771,1778.9999999999995,277.8632835162666,confirmed,1.5191197816272541,15,13,none,0
AAXWxPfNSzA,UCeHILuUwWmHDQqbocxUvVoA,heldout,14,14.6768,31,4182.06,4008,9130.868865106888,0.4580138123792795,confirmed,,15,13,none,0
ZdhSeoqPJ1g,UCAuUUnT6oDeKwE6v1NGQxug,time,5,5.8742,28,16352.36,14189,,,insufficient,,2,2,none,0
ZdhSeoqPJ1g,UCAuUUnT6oDeKwE6v1NGQxug,time,7,6.8742,28,15195.68,14189,,,insufficient,0.3198873546008719,2,2,none,0
ZdhSeoqPJ1g,UCAuUUnT6oDeKwE6v1NGQxug,time,14,12.8742,28,14555.58,14189,,,insufficient,0.15490092335274633,2,2,none,0
Y2nzTuUvslo,UCDAbrXOj2yIrzj8QE4jC-Og,time,5,6.8327,29,2985.76,2969,,,insufficient,,0,0,none,0
Y2nzTuUvslo,UCDAbrXOj2yIrzj8QE4jC-Og,time,7,6.8327,29,2985.76,2969,,,insufficient,,0,0,none,0
Y2nzTuUvslo,UCDAbrXOj2yIrzj8QE4jC-Og,time,14,13.8327,29,2918.06,2969,,,insufficient,0.19652397795731746,0,0,none,0
qUcZDThLY64,UCI0vQvr9aFn27yR6Ej6n5UA,time,5,6.0884,28,1086.76,939,1065.9999999999998,1.0194752920086891,likely,,15,13,none,0
qUcZDThLY64,UCI0vQvr9aFn27yR6Ej6n5UA,time,7,7.0884,28,965.22,939,1065.9999999999998,0.9054563876819656,confirmed,0.13057296281037717,15,13,none,0
qUcZDThLY64,UCI0vQvr9aFn27yR6Ej6n5UA,time,14,13.0884,28,937.67,939,1016.5795137390484,0.9223744877052641,confirmed,0.07239523215598995,15,12,none,0
B1o1D1J0uEM,UC58njGoJSZKIthLSbQIS-1g,time,5,5.9581,28,97.90,92,,,insufficient,,1,1,none,0
B1o1D1J0uEM,UC58njGoJSZKIthLSbQIS-1g,time,7,6.9581,28,96.41,92,,,insufficient,0.40263211536960475,1,1,none,0
B1o1D1J0uEM,UC58njGoJSZKIthLSbQIS-1g,time,14,13.9581,28,96.28,92,,,insufficient,0.23215705334498044,1,1,none,0
1NFKwdr6PLw,UCFs23bEpTlHJt1RVN0UWI3Q,time,7,8.8542,28,2652.05,2506,2895.440791437852,0.9159395075266239,confirmed,,15,15,none,0
1NFKwdr6PLw,UCFs23bEpTlHJt1RVN0UWI3Q,time,14,13.8542,28,2465.37,2506,2844.823619416863,0.8666174529414215,confirmed,0.18380218512385335,15,14,none,0
UY4MJYq4Hko,UCbY9xX3_jW5c2fjlZVBI4cg,heldout,14,14.4942,29,8979.69,8746,43635.467738459585,0.2057887067747709,confirmed,0.010357201187730593,15,15,none,0
UY4MJYq4Hko,UCbY9xX3_jW5c2fjlZVBI4cg,time,14,14.4942,29,8979.69,8746,43635.467738459585,0.2057887067747709,confirmed,0.010357201187730593,15,15,none,0
esRuyVoxqp4,UCPAt6z5uX_c5Eo_cSNROzYw,time,14,14.7276,29,12490.51,12853,10338.087844537433,1.2082031448883004,confirmed,0.04384847473726444,15,15,none,0
Dv3Xce1uGJA,UCGWNHkr2WZcRbxqoet-nyeg,heldout,14,13.7024,27,2813.53,2622,2598.893198610829,1.0825876125076788,confirmed,,15,15,none,0
Dv3Xce1uGJA,UCGWNHkr2WZcRbxqoet-nyeg,time,14,13.7024,27,2813.53,2622,2598.893198610829,1.0825876125076788,confirmed,,15,15,none,0
U65_yCel5iM,UCnwlWgbcxwpsnB7LtOL1kPg,time,14,12.7395,27,4565.48,4154,7332.5347410248705,0.6226326228024271,confirmed,,15,15,none,0
cSzZ5xSVxkE,UCCZLVYAGIoGvaFUrTyyeaXA,time,5,5.9160,28,11628.58,8927,21255.4594955752,0.5470869287119,likely,,5,5,none,0
cSzZ5xSVxkE,UCCZLVYAGIoGvaFUrTyyeaXA,time,7,7.9160,28,9581.81,8927,20582.57921089638,0.46552997692199477,confirmed,0.07478192122652762,5,5,none,0
cSzZ5xSVxkE,UCCZLVYAGIoGvaFUrTyyeaXA,time,14,13.9160,28,9108.91,8927,19374.66909264201,0.4701454701642048,confirmed,0.03881864838118347,5,5,none,0
XQnJ4YfCFOg,UCAGgFGwq4HZKLZ4gXo9xLiw,time,5,4.8221,27,10385.77,8251,2731.8627837767995,3.8017181521597587,likely,,7,7,none,0
XQnJ4YfCFOg,UCAGgFGwq4HZKLZ4gXo9xLiw,time,7,6.8221,27,8597.90,8251,2713.2207640347287,3.1688915724814266,likely,0.08017992857088695,7,7,none,0
XQnJ4YfCFOg,UCAGgFGwq4HZKLZ4gXo9xLiw,time,14,15.8221,27,8453.48,8251,2454.03161222721,3.4447300484259418,confirmed,0.06426689143469397,7,7,none,0
s0P6_ZLlD0I,UCc8cHxAZ3jwWkrrDyaLwDUw,time,5,5.6040,28,2896.27,2579,,,insufficient,,2,2,none,0
s0P6_ZLlD0I,UCc8cHxAZ3jwWkrrDyaLwDUw,time,7,6.6040,28,2883.51,2579,,,insufficient,0.4608432822004859,2,2,none,0
s0P6_ZLlD0I,UCc8cHxAZ3jwWkrrDyaLwDUw,time,14,13.6040,28,2645.58,2579,,,insufficient,0.16965996934503708,2,2,none,0
1tA3nI2pr28,UCjkvta4m0l5d8ehlt1TXHzA,time,14,12.8332,27,1561.35,1602,2074.820260805169,0.7525221677987867,confirmed,,15,15,none,0
TW6qwQfY7_k,UC5lBPQsMMJEE5PTJMzf_sug,heldout,5,4.0638,31,2605.28,2689,4996.819677364236,0.5213879283930337,likely,,15,14,none,0
2unhG4BAVF4,UCq33AlEZl8QBmxatFEwknew,time,14,13.3085,27,192.15,200,314.826027998642,0.6103350037468781,confirmed,0.21411176751531963,15,12,none,0
eYXpFhoQPgA,UC5_SBQbLA9Kg7Jh5GpXoP3g,time,1,0.8325,28,15.93,54,728.7387111558912,0.021859571464370633,early,,6,5,none,0
eYXpFhoQPgA,UC5_SBQbLA9Kg7Jh5GpXoP3g,time,2,2.8325,28,17.60,54,332.6639449363132,0.05290019924456582,early,0.692320048673879,15,14,none,0
eYXpFhoQPgA,UC5_SBQbLA9Kg7Jh5GpXoP3g,time,3,2.8325,28,17.60,54,332.6639449363132,0.05290019924456582,early,0.692320048673879,15,14,none,0
eYXpFhoQPgA,UC5_SBQbLA9Kg7Jh5GpXoP3g,time,5,4.8325,28,11.59,54,298.09120440501346,0.03888011533818833,likely,0.3502098506141022,15,12,none,0
eYXpFhoQPgA,UC5_SBQbLA9Kg7Jh5GpXoP3g,time,7,6.8325,28,19.25,54,301.3659983367481,0.06385991719827465,likely,0.5832913742730421,15,12,none,0
eYXpFhoQPgA,UC5_SBQbLA9Kg7Jh5GpXoP3g,time,14,12.8325,28,42.50,54,273.63347277780196,0.1553334861806105,confirmed,0.7794451948272844,15,12,none,0
xtwQWnIobTU,UChpleBmo18P08aKCIgti38g,time,0.5,0.3038,28,85974.02,91569,95245.8777875433,0.9026534364386962,early,,14,9,none,0
xtwQWnIobTU,UChpleBmo18P08aKCIgti38g,time,1,0.3038,28,85974.02,91569,95245.8777875433,0.9026534364386962,early,,14,9,none,0
xtwQWnIobTU,UChpleBmo18P08aKCIgti38g,time,2,2.3038,28,90727.18,91569,96840.99999999996,0.9368674311211463,early,0.8016056846223243,15,9,none,0
xtwQWnIobTU,UChpleBmo18P08aKCIgti38g,time,3,3.3038,28,88037.46,91569,96840.99999999996,0.9090928368489226,likely,0.7208306459158182,15,9,none,0
xtwQWnIobTU,UChpleBmo18P08aKCIgti38g,time,5,5.3038,28,93805.48,91569,96840.99999999996,0.9686545785439772,likely,0.6362436561662246,15,8,none,0
xtwQWnIobTU,UChpleBmo18P08aKCIgti38g,time,7,7.3038,28,81297.12,91569,96840.99999999996,0.8394906698386191,confirmed,0.5935381791270847,15,8,none,0
xtwQWnIobTU,UChpleBmo18P08aKCIgti38g,time,14,13.3038,28,90786.58,91569,96840.99999999996,0.9374808589819021,confirmed,0.5226654302502413,15,6,none,0
gPAkelGm3-8,UCEf_Bc-KVd7onSeifS3py9g,heldout,1,0.8741,27,108192.37,68684,159106.2444616564,0.6800007652721317,early,,14,13,none,0
gPAkelGm3-8,UCEf_Bc-KVd7onSeifS3py9g,time,1,0.8741,27,108192.37,68684,159106.2444616564,0.6800007652721317,early,,14,13,none,0
gPAkelGm3-8,UCEf_Bc-KVd7onSeifS3py9g,heldout,2,1.8741,27,74893.30,68684,154314.98726066356,0.48532744001524325,early,0.3788341092113952,15,14,none,0
gPAkelGm3-8,UCEf_Bc-KVd7onSeifS3py9g,time,2,1.8741,27,74893.30,68684,154314.98726066356,0.48532744001524325,early,0.3788341092113952,15,14,none,0
gPAkelGm3-8,UCEf_Bc-KVd7onSeifS3py9g,heldout,3,2.8741,27,73668.60,68684,150946.60715116077,0.4880440823473887,early,0.35364327149266,15,14,none,0
gPAkelGm3-8,UCEf_Bc-KVd7onSeifS3py9g,time,3,2.8741,27,73668.60,68684,150946.60715116077,0.4880440823473887,early,0.35364327149266,15,14,none,0
gPAkelGm3-8,UCEf_Bc-KVd7onSeifS3py9g,heldout,5,4.8741,27,82380.44,68684,145371.02792580062,0.5666909331214062,likely,0.3065430967216738,15,14,none,0
gPAkelGm3-8,UCEf_Bc-KVd7onSeifS3py9g,time,5,4.8741,27,82380.44,68684,145371.02792580062,0.5666909331214062,likely,0.3065430967216738,15,14,none,0
gPAkelGm3-8,UCEf_Bc-KVd7onSeifS3py9g,heldout,7,6.8741,27,77564.03,68684,141064.43081736873,0.5498482659158694,likely,0.2604748720376393,15,13,none,0
gPAkelGm3-8,UCEf_Bc-KVd7onSeifS3py9g,time,7,6.8741,27,77564.03,68684,141064.43081736873,0.5498482659158694,likely,0.2604748720376393,15,13,none,0
gPAkelGm3-8,UCEf_Bc-KVd7onSeifS3py9g,heldout,14,12.8741,27,70428.40,68684,133120.9718947792,0.5290556116626837,confirmed,0.19793303014127814,15,10,none,0
gPAkelGm3-8,UCEf_Bc-KVd7onSeifS3py9g,time,14,12.8741,27,70428.40,68684,133120.9718947792,0.5290556116626837,confirmed,0.19793303014127814,15,10,none,0
C4jXKfGDeWE,UCBRpqrzuuqE8TZcWw75JSdw,time,5,5.9581,29,29290.38,24129,,,insufficient,,2,2,none,0
C4jXKfGDeWE,UCBRpqrzuuqE8TZcWw75JSdw,time,7,6.9581,29,26874.34,24129,,,insufficient,0.22876736852286864,2,2,none,0
C4jXKfGDeWE,UCBRpqrzuuqE8TZcWw75JSdw,time,14,13.9581,29,24303.87,24129,,,insufficient,0.11423002596749547,2,2,none,0
85ASDTMMTOo,UCdLlUhD9LUGm0-NTYDASPFA,heldout,14,13.0415,31,2783.45,2995,4610.571756847854,0.6037107055649132,confirmed,0.19962846934983028,15,13,none,0
-gjZLwLAoGI,UC_AuoGXQt-y7eqjKaTsYmjg,heldout,14,13.7292,30,2580.82,2558,4213.164725872583,0.6125616926370135,confirmed,,15,13,none,0
1oHvbl9pP5E,UC_DDXSh__21IGWlL2-38clw,time,5,6.8333,27,25554.62,28013,,,insufficient,,0,0,none,0
1oHvbl9pP5E,UC_DDXSh__21IGWlL2-38clw,time,7,6.8333,27,25554.62,28013,,,insufficient,,0,0,none,0
1oHvbl9pP5E,UC_DDXSh__21IGWlL2-38clw,time,14,12.8333,27,26989.88,28013,,,insufficient,0.30291629381740404,0,0,none,0
YfY-F-oTkrY,UCcCzzSbdw5-qmdF_NuTtb2w,heldout,0.5,0.3955,30,3515.86,5901,2683.6391862870314,1.3101100354921813,early,,12,11,none,0
YfY-F-oTkrY,UCcCzzSbdw5-qmdF_NuTtb2w,heldout,1,0.3955,30,3515.86,5901,2683.6391862870314,1.3101100354921813,early,,12,11,none,0
YfY-F-oTkrY,UCcCzzSbdw5-qmdF_NuTtb2w,heldout,5,5.3955,30,7983.86,5901,3238.0758832328356,2.4656176900338953,likely,1.0495548665100196,15,13,none,0
YfY-F-oTkrY,UCcCzzSbdw5-qmdF_NuTtb2w,heldout,7,6.3955,30,7270.59,5901,3234.7001460354227,2.2476856235171145,likely,0.9831226119555855,15,12,none,0
YfY-F-oTkrY,UCcCzzSbdw5-qmdF_NuTtb2w,heldout,14,14.3955,30,6614.96,5901,3198.437396283127,2.068183897016694,confirmed,0.7547220565027144,15,9,none,0
65VnyQkpBMU,UCPf9IYnKY-IKwgo58z0SOUQ,heldout,5,6.7909,31,2901.39,2450,2076.9999999999995,1.3969121407458442,likely,,15,12,none,0
65VnyQkpBMU,UCPf9IYnKY-IKwgo58z0SOUQ,heldout,7,6.7909,31,2901.39,2450,2076.9999999999995,1.3969121407458442,likely,,15,12,none,0
HSOVWcT3sjw,UCLJs1QDIwWlaqdRJS9dZESw,time,1,0.8626,27,7853.45,10784,11654.873917541856,0.6738338494005431,early,,15,13,none,0
HSOVWcT3sjw,UCLJs1QDIwWlaqdRJS9dZESw,time,2,1.8626,27,6960.67,10784,11679.53713840657,0.5959709751446809,early,0.7167087276978742,15,13,none,0
HSOVWcT3sjw,UCLJs1QDIwWlaqdRJS9dZESw,time,3,2.8626,27,7563.96,10784,11751.019974033698,0.6436856575988742,early,0.6175424976479637,15,13,none,0
HSOVWcT3sjw,UCLJs1QDIwWlaqdRJS9dZESw,time,5,4.8626,27,9098.42,10784,11791.155075175413,0.7716309871564588,likely,0.6005226772916262,15,13,none,0
HSOVWcT3sjw,UCLJs1QDIwWlaqdRJS9dZESw,time,7,6.8626,27,12880.54,10784,11922.549901581226,1.0803511850767864,likely,0.6817657698280574,15,13,none,0
HSOVWcT3sjw,UCLJs1QDIwWlaqdRJS9dZESw,time,14,12.8626,27,15687.82,10784,12070.978418031402,1.2996308310637206,confirmed,0.5677877971996527,15,13,none,0
OjN2Ab_EqCQ,UCLFgO1aEI66fh06p6u6-juw,heldout,5,5.7913,30,8048.36,8866,14229.67649786023,0.5656039807145301,likely,,15,15,none,0
OjN2Ab_EqCQ,UCLFgO1aEI66fh06p6u6-juw,heldout,7,5.7913,30,8048.36,8866,14229.67649786023,0.5656039807145301,likely,,15,15,none,0
OjN2Ab_EqCQ,UCLFgO1aEI66fh06p6u6-juw,heldout,14,12.7913,30,7897.24,8866,14657.187564206306,0.5387963067958608,confirmed,0.24763932827387808,15,15,none,0
gp-61iLh08w,UCpXipTyhIY9kprpvVd-lu0A,heldout,14,14.9270,31,19948.43,19925,55207.68687468027,0.361334215555716,confirmed,0.060798537066584536,15,14,none,0
s7iMx07gXMY,UCqsvmrjWY7fPcKqWHnYVTMA,time,14,12.6509,27,14481.26,14477,,,insufficient,0.25195451499173616,12,12,none,0
BHaekyT6NyI,UCVNsLoYc5c6BhatQ5aO1T9g,time,7,7.0281,27,59.19,69,66.27751794063428,0.8930067377354194,confirmed,,15,15,none,0
BHaekyT6NyI,UCVNsLoYc5c6BhatQ5aO1T9g,time,14,13.0281,27,60.46,69,64.4395660759038,0.9381687286443122,confirmed,0.2487587000828974,15,11,none,0
92LK3J0ZykA,UCFYGr5NPq7klB5N0tb5Cdyg,time,14,13.7708,29,3742.19,5198,4325.207679532459,0.8652042323599839,confirmed,0.4156012975554993,15,15,none,0
qMXTd8DiwMU,UCPCPE5MoI7DS1WiVB_-mzNw,time,5,5.9031,27,3946.00,2952,5589.562915039107,0.7059577388974473,likely,,15,15,none,0
qMXTd8DiwMU,UCPCPE5MoI7DS1WiVB_-mzNw,time,7,6.9031,27,3207.86,2952,5545.307170585447,0.578482073545353,likely,0.040642602826731045,15,15,none,0
qMXTd8DiwMU,UCPCPE5MoI7DS1WiVB_-mzNw,time,14,12.9031,27,3034.24,2952,5348.16582041192,0.5673415489002488,confirmed,0.016150067223440347,15,15,none,0
hyAzuvVa7rs,UCqg4NBVlXBMRNvMGQ63cYfg,time,14,13.8959,29,4650.08,4677,5010.999999999999,0.927975257711723,confirmed,0.04806848609351684,15,14,none,0
0jk1zGhHb-g,UCQ4FNww3XoNgqIlkBqEAVCg,heldout,1,0.8948,27,256468.07,543274,289081.1150217253,0.8871837744112503,early,,15,13,none,0
0jk1zGhHb-g,UCQ4FNww3XoNgqIlkBqEAVCg,time,1,0.8948,27,256468.07,543274,289081.1150217253,0.8871837744112503,early,,15,13,none,0
0jk1zGhHb-g,UCQ4FNww3XoNgqIlkBqEAVCg,heldout,2,1.8948,27,330106.03,543274,290406.4597200619,1.1367034832715663,early,0.9904327145359487,15,12,none,0
0jk1zGhHb-g,UCQ4FNww3XoNgqIlkBqEAVCg,time,2,1.8948,27,330106.03,543274,290406.4597200619,1.1367034832715663,early,0.9904327145359487,15,12,none,0
0jk1zGhHb-g,UCQ4FNww3XoNgqIlkBqEAVCg,heldout,3,2.8948,27,346798.29,543274,292681.9279019268,1.18489819885291,early,0.8496629113426065,15,12,none,0
0jk1zGhHb-g,UCQ4FNww3XoNgqIlkBqEAVCg,time,3,2.8948,27,346798.29,543274,292681.9279019268,1.18489819885291,early,0.8496629113426065,15,12,none,0
0jk1zGhHb-g,UCQ4FNww3XoNgqIlkBqEAVCg,heldout,5,4.8948,27,507447.95,543274,294467.9345241871,1.723270643074914,likely,0.8361236794557674,15,12,none,0
0jk1zGhHb-g,UCQ4FNww3XoNgqIlkBqEAVCg,time,5,4.8948,27,507447.95,543274,294467.9345241871,1.723270643074914,likely,0.8361236794557674,15,12,none,0
0jk1zGhHb-g,UCQ4FNww3XoNgqIlkBqEAVCg,heldout,7,6.8948,27,598129.87,543274,298011.0899925122,2.0070725150874233,likely,0.8480708159735377,15,12,none,0
0jk1zGhHb-g,UCQ4FNww3XoNgqIlkBqEAVCg,time,7,6.8948,27,598129.87,543274,298011.0899925122,2.0070725150874233,likely,0.8480708159735377,15,12,none,0
0jk1zGhHb-g,UCQ4FNww3XoNgqIlkBqEAVCg,heldout,14,12.8948,27,556519.06,543274,300209.00000000006,1.853772068852851,confirmed,0.7033175882827499,15,11,none,0
0jk1zGhHb-g,UCQ4FNww3XoNgqIlkBqEAVCg,time,14,12.8948,27,556519.06,543274,300209.00000000006,1.853772068852851,confirmed,0.7033175882827499,15,11,none,0
QO3JA2e8_Bw,UCGpsgNbzdF7BECCVbB1COHw,time,14,13.6726,29,20289.43,19842,6799.5782611087125,2.9839250748893256,confirmed,0.24558944602727262,15,15,none,0
IAGruxbR07Y,UCPAt6z5uX_c5Eo_cSNROzYw,time,7,8.9789,29,3130.58,2585,10671.470095812067,0.29335938483585433,confirmed,,15,15,none,0
IAGruxbR07Y,UCPAt6z5uX_c5Eo_cSNROzYw,time,14,13.9789,29,2617.61,2585,10338.087844537433,0.2532006590678014,confirmed,0.04514020293965157,15,15,none,0
TCFUrwug74s,UCKsP3v2JeT2hWI_HzkxWiMA,time,1,0.9371,28,25205.12,31408,74235.99999999999,0.3395268844012919,early,,15,8,none,0
TCFUrwug74s,UCKsP3v2JeT2hWI_HzkxWiMA,time,2,1.9371,28,30119.85,31408,82120.86075173983,0.36677459596342493,early,0.8300207661021011,15,8,none,0
TCFUrwug74s,UCKsP3v2JeT2hWI_HzkxWiMA,time,3,2.9371,28,31356.10,31408,88783.16771638687,0.35317614307750594,early,0.7456234067166918,15,7,none,0
TCFUrwug74s,UCKsP3v2JeT2hWI_HzkxWiMA,time,5,4.9371,28,32665.63,31408,90111.50173525097,0.3625023605495189,likely,0.6249259301978956,15,7,none,0
TCFUrwug74s,UCKsP3v2JeT2hWI_HzkxWiMA,time,7,6.9371,28,35342.92,31408,91020.5314384834,0.38829614378268595,likely,0.5838417964009348,15,6,none,0
TCFUrwug74s,UCKsP3v2JeT2hWI_HzkxWiMA,time,14,13.9371,28,35316.75,31408,93241.00000000007,0.378768418871095,confirmed,0.4849761894124866,15,4,none,0
2RIW9Un55aI,UCVS6ejD9NLZvjsvhcbiDzjw,time,7,7.7961,29,27430.95,24391,44839.832718943995,0.6117540052198075,confirmed,,15,14,none,0
2RIW9Un55aI,UCVS6ejD9NLZvjsvhcbiDzjw,time,14,13.7961,29,23902.76,24391,44721.59134070162,0.5344790828406111,confirmed,0.11462510866107437,15,13,none,0
R2JtYN2wY0Y,UCGxjDWAN1KwrkXYVi8CXtjQ,time,1,0.9993,29,6274.87,5905,25985.276116041754,0.24147806080979542,early,,15,10,none,0
R2JtYN2wY0Y,UCGxjDWAN1KwrkXYVi8CXtjQ,time,2,1.9993,29,5629.06,5905,25772.000000000007,0.21841764834035082,early,0.5407296702582337,15,9,none,0
R2JtYN2wY0Y,UCGxjDWAN1KwrkXYVi8CXtjQ,time,3,2.9993,29,4118.30,5905,25772.000000000007,0.15979727221488788,early,0.4164483829184875,15,8,none,0
R2JtYN2wY0Y,UCGxjDWAN1KwrkXYVi8CXtjQ,time,5,4.9993,29,4050.93,5905,25772.000000000007,0.1571832385374329,likely,0.2990646311976412,15,7,none,0
R2JtYN2wY0Y,UCGxjDWAN1KwrkXYVi8CXtjQ,time,7,6.9993,29,4668.34,5905,25772.000000000007,0.18113989860463184,likely,0.2863298430583539,15,6,none,0
R2JtYN2wY0Y,UCGxjDWAN1KwrkXYVi8CXtjQ,time,14,12.9993,29,5112.17,5905,25772.000000000007,0.19836150785776147,confirmed,0.2804723625015545,15,4,none,0
sML5oQkUglo,UCGb34D3ThpmjLNn-FLv2_yQ,heldout,7,8.5409,28,2503.45,2229,2868.5573657554537,0.8727220609542485,confirmed,,15,14,none,0
sML5oQkUglo,UCGb34D3ThpmjLNn-FLv2_yQ,time,7,8.5409,28,2503.45,2229,2868.5573657554537,0.8727220609542485,confirmed,,15,14,none,0
sML5oQkUglo,UCGb34D3ThpmjLNn-FLv2_yQ,heldout,14,13.5409,28,2155.50,2229,2868.999999999999,0.7513060042626382,confirmed,0.11305729445495878,15,10,none,0
sML5oQkUglo,UCGb34D3ThpmjLNn-FLv2_yQ,time,14,13.5409,28,2155.50,2229,2868.999999999999,0.7513060042626382,confirmed,0.11305729445495878,15,10,none,0
dP1_AJO04kc,UC1NVV2D3Jhv2ykmpTwooUwQ,time,5,4.9125,27,3304.19,2659,,,insufficient,,1,1,none,0
dP1_AJO04kc,UC1NVV2D3Jhv2ykmpTwooUwQ,time,7,6.9125,27,2743.94,2659,,,insufficient,0.09197148025629374,1,1,none,0
dP1_AJO04kc,UC1NVV2D3Jhv2ykmpTwooUwQ,time,14,12.9125,27,2700.32,2659,,,insufficient,0.0844026569503418,1,1,none,0
N02M5l1fAME,UC_AuoGXQt-y7eqjKaTsYmjg,time,14,13.7914,28,5295.51,5534,3704.000000000001,1.4296721589783732,confirmed,0.17145589778798886,15,11,none,0
inqWcd7tz4g,UC0QHWhjbe5fGJEPz3sVb6nw,time,1,0.8311,28,90996.99,124673,948729.5255566332,0.09591457559139129,early,,15,9,none,0
inqWcd7tz4g,UC0QHWhjbe5fGJEPz3sVb6nw,time,2,1.8311,28,100159.20,124673,949624.3641148834,0.10547243894121171,early,0.8354494288794263,15,8,none,0
inqWcd7tz4g,UC0QHWhjbe5fGJEPz3sVb6nw,time,3,2.8311,28,107069.68,124673,947213.6322911831,0.11303646910555491,early,0.7773888857316051,15,8,none,0
inqWcd7tz4g,UC0QHWhjbe5fGJEPz3sVb6nw,time,5,4.8311,28,109851.57,124673,946890.1165721419,0.1160130087157114,likely,0.6300078615157565,15,8,none,0
inqWcd7tz4g,UC0QHWhjbe5fGJEPz3sVb6nw,time,7,6.8311,28,110783.66,124673,949007.2326721672,0.11673637423851838,likely,0.5883556515898417,15,7,none,0
inqWcd7tz4g,UC0QHWhjbe5fGJEPz3sVb6nw,time,14,13.8311,28,133691.12,124673,956760.0000000006,0.1397331843297082,confirmed,0.528557407039857,15,5,none,0
Fqbp7ghZ6pU,UCc2lUKVOTXKlQR7Fm7h1JfQ,time,5,4.9164,27,26829.23,23192,,,insufficient,,1,1,none,0
Fqbp7ghZ6pU,UCc2lUKVOTXKlQR7Fm7h1JfQ,time,7,6.9164,27,22727.66,23192,,,insufficient,0.16031855480586438,1,1,none,0
Fqbp7ghZ6pU,UCc2lUKVOTXKlQR7Fm7h1JfQ,time,14,12.9164,27,24043.64,23192,,,insufficient,0.13510028619064535,1,1,none,0
eb6ToL9StIQ,UC5_SBQbLA9Kg7Jh5GpXoP3g,time,1,0.8325,28,225.67,368,728.7387111558912,0.30967726241191734,early,,6,5,none,0
eb6ToL9StIQ,UC5_SBQbLA9Kg7Jh5GpXoP3g,time,2,2.8325,28,455.76,368,332.6639449363132,1.3700353085746166,early,1.2450305728510958,15,14,none,0
eb6ToL9StIQ,UC5_SBQbLA9Kg7Jh5GpXoP3g,time,3,2.8325,28,455.76,368,332.6639449363132,1.3700353085746166,early,1.2450305728510958,15,14,none,0
eb6ToL9StIQ,UC5_SBQbLA9Kg7Jh5GpXoP3g,time,5,4.8325,28,440.75,368,298.09120440501346,1.47856179976736,likely,0.8820179102986322,15,12,none,0
eb6ToL9StIQ,UC5_SBQbLA9Kg7Jh5GpXoP3g,time,7,6.8325,28,432.29,368,301.3659983367481,1.4344274395625967,likely,0.7827803567857428,15,12,none,0
eb6ToL9StIQ,UC5_SBQbLA9Kg7Jh5GpXoP3g,time,14,12.8325,28,435.30,368,273.63347277780196,1.5908291515738384,confirmed,0.6189314358884468,15,12,none,0
Z2R6ZsTOqwI,UCjB9rCM_kqa-tQj1UcwauAg,time,14,13.2773,28,8464.85,8782,3411.0522310747333,2.481594472093054,confirmed,0.10622938189019164,15,11,none,0
zvfAco36cWc,UCmGyCEbHfY91NFwHgioNLMQ,time,7,8.9686,29,37671.43,31775,73031.02010919186,0.5158278113778848,confirmed,,15,15,none,0
zvfAco36cWc,UCmGyCEbHfY91NFwHgioNLMQ,time,14,13.9686,29,31866.20,31775,70997.76094936057,0.44883394197123316,confirmed,0.07363492194886549,15,15,none,0
CAdfrc55Dfg,UCEf_Bc-KVd7onSeifS3py9g,time,1,1.1248,28,121817.53,59103,356784.70465015696,0.34143149338261025,early,1.2519868634513494,14,14,none,0
CAdfrc55Dfg,UCEf_Bc-KVd7onSeifS3py9g,time,2,2.1248,28,94181.54,59103,303092.00000000023,0.3107358130358033,early,0.8127045772908867,15,12,none,0
CAdfrc55Dfg,UCEf_Bc-KVd7onSeifS3py9g,time,3,3.1248,28,125214.70,59103,303092.00000000023,0.4131243850611268,likely,0.6558427195198578,15,12,none,0
CAdfrc55Dfg,UCEf_Bc-KVd7onSeifS3py9g,time,5,5.1248,28,122043.84,59103,303092.00000000023,0.40266269657447024,likely,0.5159170506070613,15,12,none,0
CAdfrc55Dfg,UCEf_Bc-KVd7onSeifS3py9g,time,7,7.1248,28,69285.78,59103,303092.00000000023,0.22859652621207255,confirmed,0.45079844838934424,15,11,none,0
CAdfrc55Dfg,UCEf_Bc-KVd7onSeifS3py9g,time,14,14.1248,28,64899.23,59103,303092.00000000023,0.2141238554545928,confirmed,0.3542826778196137,15,8,none,0
DEN9s1yE8wI,UCihUiDJzjyo2ov_qGtW33lw,time,14,13.1894,28,6037.07,5468,22526.000000000015,0.2680043259527217,confirmed,,15,12,none,0
oOUEPF8MEPY,UCAC8Y3gJMuhGsjNWyufUNAQ,time,5,6.5886,27,69.26,86,,,insufficient,,0,0,none,0
oOUEPF8MEPY,UCAC8Y3gJMuhGsjNWyufUNAQ,time,7,6.5886,27,69.26,86,,,insufficient,,0,0,none,0
oOUEPF8MEPY,UCAC8Y3gJMuhGsjNWyufUNAQ,time,14,13.5886,27,80.59,86,,,insufficient,0.34696278890055754,0,0,none,0
-lgYGnMDinA,UCzH5n3Ih5kgQoiDAQt2FwLw,heldout,5,6.8266,29,166728.98,165835,265368.819431714,0.6282915319840553,likely,,15,14,none,0
-lgYGnMDinA,UCzH5n3Ih5kgQoiDAQt2FwLw,heldout,7,6.8266,29,166728.98,165835,265368.819431714,0.6282915319840553,likely,,15,14,none,0
-lgYGnMDinA,UCzH5n3Ih5kgQoiDAQt2FwLw,heldout,14,13.8266,29,160773.64,165835,265916.41652487277,0.6046021482324864,confirmed,0.17537541880090887,15,14,none,0
C-JhnSwk_Dw,UCMekTeLUP4PllG4z53Qny2Q,heldout,5,4.6665,28,802.25,803,778.9110106913315,1.0299670060879398,likely,,15,15,none,0
C-JhnSwk_Dw,UCMekTeLUP4PllG4z53Qny2Q,time,5,4.6665,28,802.25,803,778.9110106913315,1.0299670060879398,likely,,15,15,none,0
C-JhnSwk_Dw,UCMekTeLUP4PllG4z53Qny2Q,heldout,7,6.6665,28,783.98,803,779.119423757124,1.0062400566972736,likely,0.31019607944215016,15,15,none,0
C-JhnSwk_Dw,UCMekTeLUP4PllG4z53Qny2Q,time,7,6.6665,28,783.98,803,779.119423757124,1.0062400566972736,likely,0.31019607944215016,15,15,none,0
C-JhnSwk_Dw,UCMekTeLUP4PllG4z53Qny2Q,heldout,14,12.6665,28,822.86,803,759.1660774132165,1.0839028183343506,confirmed,0.24960811298982033,15,11,none,0
C-JhnSwk_Dw,UCMekTeLUP4PllG4z53Qny2Q,time,14,12.6665,28,822.86,803,759.1660774132165,1.0839028183343506,confirmed,0.24960811298982033,15,11,none,0
MFtIWCYWwGw,UC5_SBQbLA9Kg7Jh5GpXoP3g,time,1,0.8328,28,92.92,249,728.7387111558912,0.12751416687549536,early,,9,8,none,0
MFtIWCYWwGw,UC5_SBQbLA9Kg7Jh5GpXoP3g,time,2,1.8328,28,105.59,249,730.2431562585889,0.144597102856967,early,0.9092444695459587,9,8,none,0
MFtIWCYWwGw,UC5_SBQbLA9Kg7Jh5GpXoP3g,time,3,2.8328,28,395.85,249,347.28711984602313,1.1398322530004974,early,2.256911424483513,15,14,none,0
MFtIWCYWwGw,UC5_SBQbLA9Kg7Jh5GpXoP3g,time,5,4.8328,28,382.85,249,331.06434692445237,1.1564266414679936,likely,1.526960112258604,15,12,none,0
MFtIWCYWwGw,UC5_SBQbLA9Kg7Jh5GpXoP3g,time,7,6.8328,28,345.83,249,348.2127091337492,0.9931576786862533,likely,1.2401331859078635,15,12,none,0
MFtIWCYWwGw,UC5_SBQbLA9Kg7Jh5GpXoP3g,time,14,13.8328,28,329.78,249,386.2377837465644,0.853815580083616,confirmed,0.8898976148907874,15,12,none,0
Xnj1zy1Cz5Q,UCBv7HEHuVlNAELGi5XJd85Q,time,5,4.7916,27,399115.25,540286,,,insufficient,,0,0,none,0
Xnj1zy1Cz5Q,UCBv7HEHuVlNAELGi5XJd85Q,time,7,7.7916,27,497939.51,540286,,,insufficient,0.5039048235777105,0,0,none,0
Xnj1zy1Cz5Q,UCBv7HEHuVlNAELGi5XJd85Q,time,14,12.7916,27,506278.09,540286,,,insufficient,0.4493341924862352,0,0,none,0
qfe5SGtQHd8,UCGb34D3ThpmjLNn-FLv2_yQ,time,14,13.5411,28,3381.60,3502,2371.8233525702008,1.4257374320904388,confirmed,0.12013176980215325,15,11,none,0
WsxWpt-1WoI,UC8DqDLFZCni7Jkys3N3818w,time,5,4.8174,27,42.15,95,37.12555608613192,1.1353973351125217,likely,,6,6,none,0
WsxWpt-1WoI,UC8DqDLFZCni7Jkys3N3818w,time,7,6.8174,27,50.86,95,45.97481936590564,1.1063085257895828,likely,0.5987507004677219,6,6,none,0
WsxWpt-1WoI,UC8DqDLFZCni7Jkys3N3818w,time,14,12.8174,27,78.51,95,48.01918208695509,1.63486764043144,confirmed,0.8012540060098736,6,6,none,0
03wNsPlpKjM,UCR3rfDiOfD1hk0IEdIwusIw,heldout,14,14.6875,31,6522.42,6124,104157.15744218847,0.06262098920970553,confirmed,,15,14,none,0
-PXFrev--9A,UCI8gcSTo1FowsRJdilsjsZw,time,0.5,0.7302,27,29709.29,108026,40330.02807159151,0.7366544145895103,early,,12,12,none,0
-PXFrev--9A,UCI8gcSTo1FowsRJdilsjsZw,time,1,0.7302,27,29709.29,108026,40330.02807159151,0.7366544145895103,early,,12,12,none,0
-PXFrev--9A,UCI8gcSTo1FowsRJdilsjsZw,time,2,2.7302,27,21559.71,108026,34828.8077606746,0.6190195851759871,early,0.4133214037301653,15,15,none,0
-PXFrev--9A,UCI8gcSTo1FowsRJdilsjsZw,time,3,2.7302,27,21559.71,108026,34828.8077606746,0.6190195851759871,early,0.4133214037301653,15,15,none,0
-PXFrev--9A,UCI8gcSTo1FowsRJdilsjsZw,time,5,4.7302,27,26657.17,108026,32815.09575665138,0.8123446149752235,likely,0.45144700655811887,15,15,none,0
-PXFrev--9A,UCI8gcSTo1FowsRJdilsjsZw,time,7,6.7302,27,31933.30,108026,31944.557359206843,0.9996475407768797,likely,0.48795467777474755,15,15,none,0
-PXFrev--9A,UCI8gcSTo1FowsRJdilsjsZw,time,14,12.7302,27,35195.72,108026,34229.45396835884,1.0282291359393272,confirmed,0.4782494752652352,15,15,none,0
Q7qr0nxCGGY,UCEM2sO7E5KSMIqonVgb98ug,time,14,13.7431,29,2748.94,2872,2836.0440128696982,0.969287302771987,confirmed,0.6920136701175084,8,8,none,0
cON8atShXMU,UCw4T39MvmTCmYoSdpB2Rwuw,time,14,13.9159,29,524.34,568,565.1006094291199,0.9278697089372611,confirmed,0.21913430396405256,15,14,none,0
woMQaKshRmU,UCHQ4lSaKRap5HyrpitrTOhQ,time,5,4.8737,28,26734.05,32750,6939.840689403234,3.8522569419328785,likely,,10,10,none,0
woMQaKshRmU,UCHQ4lSaKRap5HyrpitrTOhQ,time,7,6.8737,28,28526.85,32750,6872.163356431079,4.151072904069442,likely,0.4582932165675529,15,15,none,0
woMQaKshRmU,UCHQ4lSaKRap5HyrpitrTOhQ,time,14,12.8737,28,31146.36,32750,6700.516540804068,4.648351600008705,confirmed,0.3546075276912044,15,15,none,0
Ar4s4H7Pkjw,UC5_SBQbLA9Kg7Jh5GpXoP3g,time,1,0.8330,28,10.62,49,770.4139739675793,0.013784723948111147,early,,12,11,none,0
Ar4s4H7Pkjw,UC5_SBQbLA9Kg7Jh5GpXoP3g,time,2,1.8330,28,12.18,49,770.4139739675793,0.015814331646669937,early,0.9312796179456354,12,11,none,0
Ar4s4H7Pkjw,UC5_SBQbLA9Kg7Jh5GpXoP3g,time,3,2.8330,28,17.12,49,727.039164791248,0.02354453243933259,early,0.9396086142938477,15,14,none,0
Ar4s4H7Pkjw,UC5_SBQbLA9Kg7Jh5GpXoP3g,time,5,4.8330,28,12.36,49,682.893936681546,0.01809927533824813,likely,0.5987884887513285,15,12,none,0
Ar4s4H7Pkjw,UC5_SBQbLA9Kg7Jh5GpXoP3g,time,7,6.8330,28,32.63,49,669.637965973883,0.04872107800414078,likely,1.10812501964173,15,12,none,0
Ar4s4H7Pkjw,UC5_SBQbLA9Kg7Jh5GpXoP3g,time,14,13.8330,28,48.37,49,640.9794780965552,0.07545814564817571,confirmed,1.0092333609881885,15,12,none,0
CX_oTA7ZnC4,UCctXZhXmG-kf3tlIXgVZUlw,time,5,6.7081,27,23216.13,22804,,,insufficient,,0,0,none,0
CX_oTA7ZnC4,UCctXZhXmG-kf3tlIXgVZUlw,time,7,6.7081,27,23216.13,22804,,,insufficient,,0,0,none,0
CX_oTA7ZnC4,UCctXZhXmG-kf3tlIXgVZUlw,time,14,12.7081,27,22477.13,22804,,,insufficient,0.20161073720042855,0,0,none,0
dxZ-_3KHV68,UCPDis9pjXuqyI7RYLJ-TTSA,time,7,8.9573,27,1467667.12,1448837,1137795.5828572696,1.2899216229762782,confirmed,,8,8,none,0
dxZ-_3KHV68,UCPDis9pjXuqyI7RYLJ-TTSA,time,14,14.9573,27,1386957.86,1448837,1345193.9714151036,1.0310467371205925,confirmed,0.19477415408753915,15,11,none,0
1wNpNkkGB54,UCb4YTduN-tdW9hSVjPwgkbw,time,5,6.8203,29,2591.60,2780,,,insufficient,,0,0,none,0
1wNpNkkGB54,UCb4YTduN-tdW9hSVjPwgkbw,time,7,6.8203,29,2591.60,2780,,,insufficient,,0,0,none,0
1wNpNkkGB54,UCb4YTduN-tdW9hSVjPwgkbw,time,14,13.8203,29,2666.75,2780,,,insufficient,0.22870648528658652,0,0,none,0
Q4aaynNs59Q,UCbRP3c757lWg9M-U7TyEkXA,heldout,14,13.0616,30,110933.14,110171,72588.510411141,1.5282465467403537,confirmed,0.0397246955422401,15,11,none,0
BOAOyymkuJc,UCUpbDOT-OVNBlaQpb9pbd2w,time,5,4.6757,28,62379.90,46783,30400.82872940285,2.0519145241905505,likely,,15,15,none,0
BOAOyymkuJc,UCUpbDOT-OVNBlaQpb9pbd2w,time,7,6.6757,28,50879.44,46783,28575.037322102537,1.7805555908423834,likely,0.029188656987064947,15,15,none,0
BOAOyymkuJc,UCUpbDOT-OVNBlaQpb9pbd2w,time,14,13.6757,28,48199.39,46783,25473.72721364488,1.8921217148079927,confirmed,0.017002047311104797,15,15,none,0
xvK48fvAj5E,UCjG94SagJZoyPggcBhUdFCA,time,14,13.4991,28,126877.61,127315,139155.89401662492,0.9117660135828692,confirmed,0.07141146203677819,15,14,none,0
Wjyut4PVTKg,UC-b3c7kxa5vU-bnmaROgvog,time,5,4.9371,27,8769.03,11234,,,insufficient,,1,1,none,0
Wjyut4PVTKg,UC-b3c7kxa5vU-bnmaROgvog,time,7,6.9371,27,10316.81,11234,,,insufficient,0.5223211292406602,1,1,none,0
Wjyut4PVTKg,UC-b3c7kxa5vU-bnmaROgvog,time,14,12.9371,27,10800.25,11234,,,insufficient,0.4223124870945328,1,1,none,0
OhOhawdB8Mc,UCBRpqrzuuqE8TZcWw75JSdw,time,5,5.7570,28,13125.67,10587,28142.013470861126,0.4664083144510702,likely,,3,3,none,0
OhOhawdB8Mc,UCBRpqrzuuqE8TZcWw75JSdw,time,7,6.7570,28,12074.28,10587,28010.74287300746,0.43105882621595004,likely,0.24138037944247592,3,3,none,0
OhOhawdB8Mc,UCBRpqrzuuqE8TZcWw75JSdw,time,14,13.7570,28,10771.28,10587,26065.30887266672,0.41324205344791987,confirmed,0.09775808125239246,3,3,none,0
_z1GUvjMNxs,UC_e2d5wMDP2gCf8IBNFyKKg,heldout,5,6.9576,30,162.45,229,,,insufficient,,0,0,none,0
_z1GUvjMNxs,UC_e2d5wMDP2gCf8IBNFyKKg,time,5,6.9576,30,162.45,229,,,insufficient,,0,0,none,0
_z1GUvjMNxs,UC_e2d5wMDP2gCf8IBNFyKKg,heldout,7,6.9576,30,162.45,229,,,insufficient,,0,0,none,0
_z1GUvjMNxs,UC_e2d5wMDP2gCf8IBNFyKKg,time,7,6.9576,30,162.45,229,,,insufficient,,0,0,none,0
_z1GUvjMNxs,UC_e2d5wMDP2gCf8IBNFyKKg,heldout,14,13.9576,30,250.71,229,,,insufficient,0.678907174404426,0,0,none,0
_z1GUvjMNxs,UC_e2d5wMDP2gCf8IBNFyKKg,time,14,13.9576,30,250.71,229,,,insufficient,0.678907174404426,0,0,none,0
Xu4lfpvm2PA,UCbAlVnKhbGLK78GsSemQXxw,time,5,5.0132,27,1463.33,1378,11953.810579634162,0.12241508653818028,likely,0.05166586905711488,5,5,none,0
Xu4lfpvm2PA,UCbAlVnKhbGLK78GsSemQXxw,time,7,7.0132,27,1431.33,1378,11912.363236966183,0.12015539687223757,confirmed,0.05137912570080928,5,5,none,0
Xu4lfpvm2PA,UCbAlVnKhbGLK78GsSemQXxw,time,14,15.0132,27,1386.34,1378,12240.969046731963,0.1132542026069994,confirmed,0.04616371770795855,5,5,none,0
36xSpAR47YI,UC4wKN1tlnlNVMiRPOu7qyvQ,heldout,14,13.7708,30,8964.80,9389,1627.2584550664626,5.509142217306199,confirmed,0.14759115536078043,15,15,none,0
7INb9mzVWSE,UC4cTmHcWEXfkRdCvFLe4KiQ,time,14,13.9687,30,4809.26,4718,3579.5844652715045,1.3435254572925224,confirmed,,15,14,none,0
nB280m0HBe0,UCrzICdOsXhtn4zMlk4bnTIg,time,14,12.6249,28,5152.13,5396,2608.000000000001,1.9755081583641498,confirmed,0.3095605795738727,15,7,none,0
uMZzus_nNvk,UCDdF3VYuCTZ9HuEnkGdPkCQ,time,5,5.7657,28,13721.24,14254,,,insufficient,,0,0,none,0
uMZzus_nNvk,UCDdF3VYuCTZ9HuEnkGdPkCQ,time,7,6.7657,28,20291.42,14254,,,insufficient,1.5175258964168286,0,0,none,0
uMZzus_nNvk,UCDdF3VYuCTZ9HuEnkGdPkCQ,time,14,13.7657,28,15656.69,14254,,,insufficient,0.36387537900952127,0,0,none,0
JnWDfW6QTt0,UCX5nh607M8hSBLiMB9MgbIQ,time,0.5,0.7187,29,7253.42,6496,9165.207470647634,0.7914083500891267,early,,15,9,none,0
JnWDfW6QTt0,UCX5nh607M8hSBLiMB9MgbIQ,time,1,0.7187,29,7253.42,6496,9165.207470647634,0.7914083500891267,early,,15,9,none,0
JnWDfW6QTt0,UCX5nh607M8hSBLiMB9MgbIQ,time,2,1.7187,29,7801.55,6496,9226.97493256893,0.8455158693241634,early,0.7435108519441548,15,9,none,0
JnWDfW6QTt0,UCX5nh607M8hSBLiMB9MgbIQ,time,3,3.7187,29,7698.09,6496,9163.976730504615,0.8400376514628652,likely,0.5094079975146137,15,8,none,0
JnWDfW6QTt0,UCX5nh607M8hSBLiMB9MgbIQ,time,5,4.7187,29,6980.33,6496,9109.092553053297,0.7663037321801169,likely,0.45200155514623397,15,8,none,0
JnWDfW6QTt0,UCX5nh607M8hSBLiMB9MgbIQ,time,7,6.7187,29,6566.66,6496,9083.375828603497,0.7229311473289605,likely,0.4058347978111343,15,7,none,0
JnWDfW6QTt0,UCX5nh607M8hSBLiMB9MgbIQ,time,14,14.7187,29,7237.81,6496,9079.100571937692,0.7971945128377346,confirmed,0.35980523740031783,15,5,none,0
aIaODi78vCo,UCLKZ20yD2tNMBOkSDZo4FeQ,heldout,1,1.5000,30,10038.84,16843,4780.59276946881,2.0999149743361594,early,,15,14,none,0
aIaODi78vCo,UCLKZ20yD2tNMBOkSDZo4FeQ,heldout,2,2.5000,30,11231.23,16843,4521.6122255776245,2.483899885536398,early,0.8309028273501785,15,14,none,0
aIaODi78vCo,UCLKZ20yD2tNMBOkSDZo4FeQ,heldout,3,3.5000,30,11510.84,16843,4672.556353329674,2.4635004297311305,likely,0.7609831716229732,15,13,none,0
aIaODi78vCo,UCLKZ20yD2tNMBOkSDZo4FeQ,heldout,5,5.5000,30,22906.55,16843,4991.336318565758,4.589261469711898,likely,0.9540281410971623,15,12,none,0
aIaODi78vCo,UCLKZ20yD2tNMBOkSDZo4FeQ,heldout,7,7.5000,30,21488.51,16843,5144.430931437546,4.177043673678666,confirmed,0.9151792170160004,15,12,none,0
aIaODi78vCo,UCLKZ20yD2tNMBOkSDZo4FeQ,heldout,14,14.5000,30,19634.86,16843,4933.962292980598,3.9795322191432914,confirmed,0.7038241253646164,15,9,none,0
EmloRnMIZdw,UCgJCa5JyZUFkw2evyuvLbJA,heldout,1,0.8370,31,6600.30,17988,11555.869893358707,0.5711638526679035,early,,14,12,none,0
EmloRnMIZdw,UCgJCa5JyZUFkw2evyuvLbJA,heldout,14,15.8370,31,18920.97,17988,11089.1556848103,1.7062591069911621,confirmed,0.8095770334226832,15,13,none,0
Szs1lg_TfSM,UCCS6ZRelvETSbA53xFEsa6w,heldout,14,13.8745,31,19110.56,22193,23368.000000000004,0.8178087961865849,confirmed,0.31524337125137963,15,14,none,0
Nq3XKbu1aaI,UCn7fYS0P7nkqmAEREjdtkDg,time,2,2.0410,27,1784.89,1239,917.9676528857436,1.9443881540548942,early,,12,11,none,0
Nq3XKbu1aaI,UCn7fYS0P7nkqmAEREjdtkDg,time,3,3.0410,27,1467.05,1239,1494.3480623357918,0.9817310840338402,likely,0.320141535405236,15,14,none,0
Nq3XKbu1aaI,UCn7fYS0P7nkqmAEREjdtkDg,time,5,5.0410,27,1285.40,1239,1494.3480623357918,0.8601749849430943,likely,0.24127101403635226,15,14,none,0
Nq3XKbu1aaI,UCn7fYS0P7nkqmAEREjdtkDg,time,7,7.0410,27,1273.03,1239,1479.9737719028185,0.8601709397752418,confirmed,0.19821685477148585,15,14,none,0
Nq3XKbu1aaI,UCn7fYS0P7nkqmAEREjdtkDg,time,14,15.0410,27,1316.82,1239,1462.4041864370856,0.9004487949015426,confirmed,0.1438047222085218,15,13,none,0
afEXNqx5COs,UCLhu5JoRWPgEGDoUFfQHTPQ,time,5,4.7708,28,6193.66,5416,6816.3794905885115,0.9086440026485891,likely,,11,11,none,0
afEXNqx5COs,UCLhu5JoRWPgEGDoUFfQHTPQ,time,7,6.7708,28,5253.72,5416,6700.889338654022,0.7840338444443248,likely,0.16133068368734646,15,15,none,0
afEXNqx5COs,UCLhu5JoRWPgEGDoUFfQHTPQ,time,14,13.7708,28,5637.47,5416,6526.258423339709,0.8638129246284073,confirmed,0.13947708101384587,15,11,none,0
x5tSZAVLnbw,UCYzrlZP_m1cV51q9GGDHCMg,time,0.5,0.5695,28,1151.67,735,256.1402468572864,4.496262185246578,early,,13,13,none,0
x5tSZAVLnbw,UCYzrlZP_m1cV51q9GGDHCMg,time,1,0.5695,28,1151.67,735,256.1402468572864,4.496262185246578,early,,13,13,none,0
x5tSZAVLnbw,UCYzrlZP_m1cV51q9GGDHCMg,time,2,1.5695,28,1189.93,735,241.02097448946057,4.93703858457473,early,0.9771384888175095,15,15,none,0
x5tSZAVLnbw,UCYzrlZP_m1cV51q9GGDHCMg,time,3,2.5695,28,1108.67,735,231.57319043168613,4.787571924694602,early,0.674340769981352,15,15,none,0
x5tSZAVLnbw,UCYzrlZP_m1cV51q9GGDHCMg,time,5,4.5695,28,897.64,735,218.8309358752229,4.101963185968178,likely,0.45849803395096517,15,15,none,0
x5tSZAVLnbw,UCYzrlZP_m1cV51q9GGDHCMg,time,7,6.5695,28,847.42,735,210.2131050838717,4.031243118155279,likely,0.3893879234692175,15,15,none,0
x5tSZAVLnbw,UCYzrlZP_m1cV51q9GGDHCMg,time,14,12.5695,28,795.99,735,195.32161181615,4.075295467987248,confirmed,0.3129409437413774,15,15,none,0
a4I9uRjMvjk,UC6jZvmJ7QJ_LAH-DpMpLf2Q,time,14,13.7083,28,3694.49,3466,2367,1.5608318644651957,confirmed,,15,11,none,0
eaSBkX-Yg4s,UC7ZddA__ewP3AtDefjl_tWg,heldout,1,1.0825,28,344170.92,161427,111566.30928876053,3.084900088596485,early,,15,11,none,0
eaSBkX-Yg4s,UC7ZddA__ewP3AtDefjl_tWg,time,1,1.0825,28,344170.92,161427,111566.30928876053,3.084900088596485,early,,15,11,none,0
eaSBkX-Yg4s,UC7ZddA__ewP3AtDefjl_tWg,heldout,2,2.0825,28,148427.69,161427,111542.94910458273,1.3306774708850682,early,0.7706044282015128,15,11,none,0
eaSBkX-Yg4s,UC7ZddA__ewP3AtDefjl_tWg,time,2,2.0825,28,148427.69,161427,111542.94910458273,1.3306774708850682,early,0.7706044282015128,15,11,none,0
eaSBkX-Yg4s,UC7ZddA__ewP3AtDefjl_tWg,heldout,3,3.0825,28,133834.00,161427,111647.12001018571,1.1987232612276695,likely,0.6240004286060331,15,11,none,0
eaSBkX-Yg4s,UC7ZddA__ewP3AtDefjl_tWg,time,3,3.0825,28,133834.00,161427,111647.12001018571,1.1987232612276695,likely,0.6240004286060331,15,11,none,0
eaSBkX-Yg4s,UC7ZddA__ewP3AtDefjl_tWg,heldout,5,5.0825,28,151224.73,161427,111436.1005337644,1.3570533423821858,likely,0.5578008227837794,15,11,none,0
eaSBkX-Yg4s,UC7ZddA__ewP3AtDefjl_tWg,time,5,5.0825,28,151224.73,161427,111436.1005337644,1.3570533423821858,likely,0.5578008227837794,15,11,none,0
eaSBkX-Yg4s,UC7ZddA__ewP3AtDefjl_tWg,heldout,7,7.0825,28,153550.68,161427,111648.00000000009,1.3753106255988068,confirmed,0.5284800024526999,15,9,none,0
eaSBkX-Yg4s,UC7ZddA__ewP3AtDefjl_tWg,time,7,7.0825,28,153550.68,161427,111648.00000000009,1.3753106255988068,confirmed,0.5284800024526999,15,9,none,0
eaSBkX-Yg4s,UC7ZddA__ewP3AtDefjl_tWg,heldout,14,13.0825,28,153553.40,161427,111648.00000000009,1.3753349842207983,confirmed,0.47524696627547475,15,6,none,0
eaSBkX-Yg4s,UC7ZddA__ewP3AtDefjl_tWg,time,14,13.0825,28,153553.40,161427,111648.00000000009,1.3753349842207983,confirmed,0.47524696627547475,15,6,none,0
Vs6vJwmJL0Y,UC-ew9TfeD887qUSiWWAAj1w,heldout,14,14.5532,30,15676.93,18924,6888.25246570115,2.2758929616982293,confirmed,0.32412632882635367,15,14,none,0
2FNiAUEvla8,UCLO5pk4z1AbAEDpRieuJdzA,time,14,13.9596,29,161542.97,167033,288200.72240021784,0.5605224452637465,confirmed,0.23642429830634426,15,15,none,0
rvv9kUmROIM,UC5_SBQbLA9Kg7Jh5GpXoP3g,time,1,0.8321,28,34.51,121,,,insufficient,,2,2,none,0
rvv9kUmROIM,UC5_SBQbLA9Kg7Jh5GpXoP3g,time,2,2.8321,28,77.03,121,300.2258417353643,0.25657380775475097,early,1.3802785204808734,15,15,none,0
rvv9kUmROIM,UC5_SBQbLA9Kg7Jh5GpXoP3g,time,3,2.8321,28,77.03,121,300.2258417353643,0.25657380775475097,early,1.3802785204808734,15,15,none,0
rvv9kUmROIM,UC5_SBQbLA9Kg7Jh5GpXoP3g,time,5,4.8321,28,93.38,121,281.6137938227254,0.331583354901757,likely,1.163368930986908,15,14,none,0
rvv9kUmROIM,UC5_SBQbLA9Kg7Jh5GpXoP3g,time,7,6.8321,28,106.03,121,268.44386985025005,0.39499066109082664,likely,1.1078482401108265,15,14,none,0
rvv9kUmROIM,UC5_SBQbLA9Kg7Jh5GpXoP3g,time,14,13.8321,28,125.55,121,249.881233037996,0.5024509564693785,confirmed,0.9089745729423434,15,14,none,0
rt3DAL29AQU,UCMmfUj8CcXeqpqWkund3ELg,heldout,14,14.4791,32,54594.55,53367,39824.081810008094,1.3708928799759046,confirmed,0.021658093106452298,15,13,none,0
PvTK8TOkDAc,UCN9rUqSA8Wu6dutv0H6fBCA,time,14,13.6838,29,21440.32,22342,15177.897132807344,1.412601462189539,confirmed,0.22611068786208946,15,15,none,0
tQW6i__5hbU,UCJ1RVDuSiJncq6VQYiqpzLA,heldout,14,13.9988,30,981.09,1060,1135.1834214950256,0.8642542443685903,confirmed,0.07656143989770561,15,15,none,0
mShn2vqGGEg,UCALhpooWFKJXRKWaU3vgSzA,heldout,14,13.4219,28,4998.05,5149,2713.717350346984,1.8417740328898107,confirmed,0.14889980967504307,15,11,none,0
mShn2vqGGEg,UCALhpooWFKJXRKWaU3vgSzA,time,14,13.4219,28,4998.05,5149,2713.717350346984,1.8417740328898107,confirmed,0.14889980967504307,15,11,none,0
wVTJ41WT3_I,UCJ1RVDuSiJncq6VQYiqpzLA,time,14,12.9987,28,617.70,619,1050.1084931275534,0.5882253507363954,confirmed,0.20851365577819034,15,15,none,0
iljr7LxxLvk,UC2jNBBBbMSWdir5Uibepq0A,time,5,6.7910,29,1628.25,1774,,,insufficient,,0,0,none,0
iljr7LxxLvk,UC2jNBBBbMSWdir5Uibepq0A,time,7,6.7910,29,1628.25,1774,,,insufficient,,0,0,none,0
iljr7LxxLvk,UC2jNBBBbMSWdir5Uibepq0A,time,14,13.7910,29,1727.45,1774,,,insufficient,0.2757417728742315,0,0,none,0
yGv62b2BvDI,UCu28JGd1UDoQRlZZtG5Qrcw,time,14,13.7083,28,100090.29,94214,152788.6645384896,0.6550897620809154,confirmed,,15,14,none,0
-6SlSsNIrLE,UC6jZvmJ7QJ_LAH-DpMpLf2Q,heldout,14,13.7083,29,1881.60,1905,2420.3705230737924,0.7774001423323993,confirmed,,15,12,none,0
-6SlSsNIrLE,UC6jZvmJ7QJ_LAH-DpMpLf2Q,time,14,13.7083,29,1881.60,1905,2420.3705230737924,0.7774001423323993,confirmed,,15,12,none,0
hDL2UuulKhk,UC8DqDLFZCni7Jkys3N3818w,time,5,4.8183,27,55.75,59,,,insufficient,,1,1,none,0
hDL2UuulKhk,UC8DqDLFZCni7Jkys3N3818w,time,7,6.8183,27,59.62,59,,,insufficient,0.46225095429181856,1,1,none,0
hDL2UuulKhk,UC8DqDLFZCni7Jkys3N3818w,time,14,15.8183,27,54.28,59,,,insufficient,0.1869611110232646,1,1,none,0
f7xro08O23A,UCMIjEnXruVHtvgSVf6TgfUg,time,14,13.6841,29,64267.92,64621,76523.24002432595,0.8398484455166529,confirmed,0.07289115520086857,12,11,none,0
9jGCaysNceg,UCIjZGb-JlfZuUzggOcIx_Mg,time,14,15.0152,27,274.99,290,347,0.7924894883545139,confirmed,0.10626401833084437,9,8,none,0
OUQhHT9onaQ,UCUpbDOT-OVNBlaQpb9pbd2w,time,3,3.5436,27,14401.44,9600,31002.968211608677,0.4645180679504874,likely,,15,15,none,0
OUQhHT9onaQ,UCUpbDOT-OVNBlaQpb9pbd2w,time,5,4.5436,27,10512.46,9600,29358.848718784328,0.3580677634947133,likely,0.07362176898304698,15,15,none,0
OUQhHT9onaQ,UCUpbDOT-OVNBlaQpb9pbd2w,time,7,7.5436,27,10366.73,9600,27430.614959906383,0.37792565491594515,confirmed,0.05937288913084066,15,15,none,0
OUQhHT9onaQ,UCUpbDOT-OVNBlaQpb9pbd2w,time,14,15.5436,27,9879.10,9600,24814.524512916927,0.39811774164255836,confirmed,0.03928322246609968,15,15,none,0
MGSJ-Hv7VIE,UCRvyCd-JyXV_W6zwPpMgWTg,time,14,13.7188,28,9046.73,8471,9941.223169989804,0.9100221385504089,confirmed,,15,15,none,0
do0Jcw2xvOQ,UCwMbSEgxhmOB5dXcxRTKHJQ,heldout,1,0.8524,33,4832.07,5905,13659.6433758104,0.3537482178305801,early,,15,14,none,0
do0Jcw2xvOQ,UCwMbSEgxhmOB5dXcxRTKHJQ,heldout,2,2.8524,33,6058.99,5905,14512.651200510796,0.41749694926042374,early,0.870642994058637,15,13,none,0
do0Jcw2xvOQ,UCwMbSEgxhmOB5dXcxRTKHJQ,heldout,3,2.8524,33,6058.99,5905,14512.651200510796,0.41749694926042374,early,0.870642994058637,15,13,none,0
do0Jcw2xvOQ,UCwMbSEgxhmOB5dXcxRTKHJQ,heldout,5,4.8524,33,8318.15,5905,15304.741864936776,0.5435016213536764,likely,0.7779715296057778,15,13,none,0
do0Jcw2xvOQ,UCwMbSEgxhmOB5dXcxRTKHJQ,heldout,7,6.8524,33,8190.63,5905,15852.570556670882,0.5166750478832429,likely,0.7025931341813979,15,13,none,0
do0Jcw2xvOQ,UCwMbSEgxhmOB5dXcxRTKHJQ,heldout,14,14.8524,33,7265.51,5905,18689.75809881148,0.3887429537875623,confirmed,0.5348628377841966,15,12,none,0
pG-GEyC5XJw,UCiMwMz3RMbW5mbx0iDcRQ2g,time,14,12.9686,28,1561.76,1527,1768.0262948523832,0.8833346939046093,confirmed,0.25065980068385374,15,12,none,0
c1NYw35eIjk,UCPjNBjflYl0-HQtUvOx0Ibw,time,7,7.7395,27,287417.34,269651,66264.87641494624,4.337401019081706,confirmed,,15,13,none,0
c1NYw35eIjk,UCPjNBjflYl0-HQtUvOx0Ibw,time,14,12.7395,27,266441.66,269651,66726.25015551539,3.9930561530803375,confirmed,0.1605553496434434,15,11,none,0
E-tYxgNA_bg,UCUJXaEduMHGB3Iap3DusmAA,heldout,14,13.5572,30,10423.44,13246,15520.102100429556,0.6716089182313754,confirmed,0.7754614598566634,15,14,none,0
cPU-9hNsXYE,UCeYUHG6o0YguM-g23htdsSw,time,5,5.0826,28,651.25,771,731.9999999999998,0.8896919979212375,likely,0.12822343415856882,15,12,none,0
cPU-9hNsXYE,UCeYUHG6o0YguM-g23htdsSw,time,7,7.0826,28,664.00,771,731.9999999999998,0.907101913810668,confirmed,0.17076190820439788,15,11,none,0
cPU-9hNsXYE,UCeYUHG6o0YguM-g23htdsSw,time,14,14.0826,28,733.86,771,731.9999999999998,1.0025389553057966,confirmed,0.1763630519154111,15,8,none,0
cD9lXJF81eo,UCOYiZJJ25t0ZAH7Y_pKPC0w,heldout,5,5.9574,28,3330.03,3490,27393.080375154175,0.12156458100114871,likely,,8,8,none,0
cD9lXJF81eo,UCOYiZJJ25t0ZAH7Y_pKPC0w,time,5,5.9574,28,3330.03,3490,27393.080375154175,0.12156458100114871,likely,,8,8,none,0
cD9lXJF81eo,UCOYiZJJ25t0ZAH7Y_pKPC0w,heldout,7,6.9574,28,2749.44,3490,27393.080375154175,0.10036979695970188,likely,0.15645182075990058,8,8,none,0
cD9lXJF81eo,UCOYiZJJ25t0ZAH7Y_pKPC0w,time,7,6.9574,28,2749.44,3490,27393.080375154175,0.10036979695970188,likely,0.15645182075990058,8,8,none,0
cD9lXJF81eo,UCOYiZJJ25t0ZAH7Y_pKPC0w,heldout,14,12.9574,28,3067.88,3490,42112.78704074935,0.07284903702916172,confirmed,0.20566211813395938,8,7,none,0
cD9lXJF81eo,UCOYiZJJ25t0ZAH7Y_pKPC0w,time,14,12.9574,28,3067.88,3490,42112.78704074935,0.07284903702916172,confirmed,0.20566211813395938,8,7,none,0
fF0dX46BMt4,UCglNXzBo6bmKc9otKf-OuGQ,time,14,13.5873,28,11091.76,10819,6352.722962115806,1.745985679812797,confirmed,0.012019768276899457,15,15,none,0
RtiPa7UBzek,UCFKE7WVJfvaHW5q283SxchA,time,14,13.9161,29,243842.95,252545,324721.9979315828,0.7509283272402976,confirmed,0.1958247431445207,15,15,none,0
C8olVyhCUlo,UCulsuEDrIn2sj18PiuV_mPg,time,1,0.9581,27,547.31,552,557.4752454276428,0.9817675917491837,early,,15,10,none,0
C8olVyhCUlo,UCulsuEDrIn2sj18PiuV_mPg,time,2,1.9581,27,428.72,552,556,0.7710845862889656,early,0.3917816232866048,15,9,none,0
C8olVyhCUlo,UCulsuEDrIn2sj18PiuV_mPg,time,3,2.9581,27,420.76,552,556,0.7567615977073258,early,0.3899353069276913,15,9,none,0
C8olVyhCUlo,UCulsuEDrIn2sj18PiuV_mPg,time,5,4.9581,27,473.20,552,556,0.8510731269290405,likely,0.39281584094563854,15,9,none,0
C8olVyhCUlo,UCulsuEDrIn2sj18PiuV_mPg,time,7,6.9581,27,540.04,552,556,0.9712972611181598,likely,0.44242855894415556,15,9,none,0
C8olVyhCUlo,UCulsuEDrIn2sj18PiuV_mPg,time,14,12.9581,27,569.27,552,556,1.023871764468213,confirmed,0.38952082884985145,15,8,none,0
_Zsmf18o8i4,UCUpbDOT-OVNBlaQpb9pbd2w,time,5,4.7446,28,14342.65,11035,30400.82872940285,0.4717846891874166,likely,,15,15,none,0
_Zsmf18o8i4,UCUpbDOT-OVNBlaQpb9pbd2w,time,7,6.7446,28,11809.06,11035,28575.037322102537,0.41326494440233524,likely,0.06100684774109259,15,15,none,0
_Zsmf18o8i4,UCUpbDOT-OVNBlaQpb9pbd2w,time,14,13.7446,28,11322.30,11035,25473.72721364488,0.4444698329274636,confirmed,0.03987374036646668,15,15,none,0
UNMoQwNxRnk,UCxajFuHT9KGibttgRbvA4XQ,time,1,0.9992,27,1519.51,1655,10609.553781638231,0.143220776379915,early,,15,13,none,0
UNMoQwNxRnk,UCxajFuHT9KGibttgRbvA4XQ,time,2,1.9992,27,1385.22,1655,10608.149724931063,0.13058032100308398,early,0.5803594146646771,15,13,none,0
UNMoQwNxRnk,UCxajFuHT9KGibttgRbvA4XQ,time,3,2.9992,27,1473.35,1655,10459.474277864829,0.1408628278559311,early,0.5139734783695518,15,13,none,0
UNMoQwNxRnk,UCxajFuHT9KGibttgRbvA4XQ,time,5,4.9992,27,1573.29,1655,10250.798427875998,0.15347991724210588,likely,0.5305774247940558,15,13,none,0
UNMoQwNxRnk,UCxajFuHT9KGibttgRbvA4XQ,time,7,7.9992,27,1627.60,1655,9962.082470913047,0.1633799801850551,confirmed,0.4696196404033468,15,12,none,0
UNMoQwNxRnk,UCxajFuHT9KGibttgRbvA4XQ,time,14,14.9992,27,1856.08,1655,9542.70637932894,0.1945026520278466,confirmed,0.425604239360328,15,10,none,0
SJVCfPGsy30,UCbRP3c757lWg9M-U7TyEkXA,time,0.5,0.3436,27,303644.53,116032,81898.65067300582,3.70756449206984,early,,13,13,none,0
SJVCfPGsy30,UCbRP3c757lWg9M-U7TyEkXA,time,1,1.3436,27,236887.30,116032,78184.85906158853,3.0298359783106457,early,0.5003588100009261,14,14,none,0
SJVCfPGsy30,UCbRP3c757lWg9M-U7TyEkXA,time,2,2.3436,27,168792.10,116032,80294.41926522268,2.1021647302160242,early,0.37874322917317665,15,15,none,0
SJVCfPGsy30,UCbRP3c757lWg9M-U7TyEkXA,time,3,3.3436,27,152522.49,116032,79330.25225290912,1.9226271267696557,likely,0.3200134559253079,15,15,none,0
SJVCfPGsy30,UCbRP3c757lWg9M-U7TyEkXA,time,5,5.3436,27,145553.98,116032,78390.0149079739,1.8567923372181057,likely,0.26680032085282934,15,15,none,0
SJVCfPGsy30,UCbRP3c757lWg9M-U7TyEkXA,time,7,7.3436,27,137900.84,116032,78105.23022978034,1.7655774924652259,confirmed,0.2313593772921118,15,15,none,0
SJVCfPGsy30,UCbRP3c757lWg9M-U7TyEkXA,time,14,15.3436,27,122913.67,116032,75109.00000000001,1.636470535076633,confirmed,0.1731427608770014,15,10,none,0
BZ0qajzteqA,UCbRP3c757lWg9M-U7TyEkXA,heldout,1,1.1903,29,197468.90,90897,76470.2072792984,2.5822984170281753,early,1.0853687802796534,15,15,none,0
BZ0qajzteqA,UCbRP3c757lWg9M-U7TyEkXA,time,1,1.1903,29,197468.90,90897,76470.2072792984,2.5822984170281753,early,1.0853687802796534,15,15,none,0
BZ0qajzteqA,UCbRP3c757lWg9M-U7TyEkXA,heldout,2,2.1903,29,148522.44,90897,76506.40980970133,1.9413070898143652,early,0.7150452772876835,15,15,none,0
BZ0qajzteqA,UCbRP3c757lWg9M-U7TyEkXA,time,2,2.1903,29,148522.44,90897,76506.40980970133,1.9413070898143652,early,0.7150452772876835,15,15,none,0
BZ0qajzteqA,UCbRP3c757lWg9M-U7TyEkXA,heldout,3,3.1903,29,141471.04,90897,76627.87714799767,1.8462085845361353,likely,0.568593758309823,15,15,none,0
BZ0qajzteqA,UCbRP3c757lWg9M-U7TyEkXA,time,3,3.1903,29,141471.04,90897,76627.87714799767,1.8462085845361353,likely,0.568593758309823,15,15,none,0
BZ0qajzteqA,UCbRP3c757lWg9M-U7TyEkXA,heldout,5,5.1903,29,121586.04,90897,76400.54703054101,1.5914288600419042,likely,0.4398325996221456,15,15,none,0
BZ0qajzteqA,UCbRP3c757lWg9M-U7TyEkXA,time,5,5.1903,29,121586.04,90897,76400.54703054101,1.5914288600419042,likely,0.4398325996221456,15,15,none,0
BZ0qajzteqA,UCbRP3c757lWg9M-U7TyEkXA,heldout,7,7.1903,29,112403.68,90897,76431.54180194692,1.470645251127058,confirmed,0.38168396252011394,15,15,none,0
BZ0qajzteqA,UCbRP3c757lWg9M-U7TyEkXA,time,7,7.1903,29,112403.68,90897,76431.54180194692,1.470645251127058,confirmed,0.38168396252011394,15,15,none,0
BZ0qajzteqA,UCbRP3c757lWg9M-U7TyEkXA,heldout,14,14.1903,29,97643.95,90897,75109.00000000001,1.3000298934283299,confirmed,0.2940994207619625,15,9,none,0
BZ0qajzteqA,UCbRP3c757lWg9M-U7TyEkXA,time,14,14.1903,29,97643.95,90897,75109.00000000001,1.3000298934283299,confirmed,0.2940994207619625,15,9,none,0
RyMOM9S_gdw,UCix7wE05YbRdOVUPNHy0KTg,heldout,1,1.9162,30,975.61,826,1288.211218527871,0.7573391343578276,early,,15,14,none,0
RyMOM9S_gdw,UCix7wE05YbRdOVUPNHy0KTg,heldout,2,1.9162,30,975.61,826,1288.211218527871,0.7573391343578276,early,,15,14,none,0
RyMOM9S_gdw,UCix7wE05YbRdOVUPNHy0KTg,heldout,3,2.9162,30,799.44,826,1288.211218527871,0.6205837523535918,early,0.2983568775019356,15,14,none,0
RyMOM9S_gdw,UCix7wE05YbRdOVUPNHy0KTg,heldout,5,4.9162,30,708.28,826,1278.5287139906764,0.5539821498351654,likely,0.2454884030665956,15,14,none,0
RyMOM9S_gdw,UCix7wE05YbRdOVUPNHy0KTg,heldout,7,6.9162,30,797.29,826,1274.8900692673158,0.6253790148173252,likely,0.2333735402422511,15,14,none,0
RyMOM9S_gdw,UCix7wE05YbRdOVUPNHy0KTg,heldout,14,13.9162,30,772.79,826,1277.9999999999998,0.6046896869351239,confirmed,0.20799083669202825,15,12,none,0
OIU8pKY9j5A,UCFWjEwhX6cSAKBQ28pufG3w,time,14,13.9551,30,75831.87,81082,14614,5.188987657107996,confirmed,0.42272122251592925,15,11,none,0
yvfGX43b_9Q,UC3_BakzLfadvFrsnClMFWmQ,heldout,5,5.1172,30,1094.60,812,886.8032205520726,1.2343199911275613,likely,,15,15,none,0
yvfGX43b_9Q,UC3_BakzLfadvFrsnClMFWmQ,heldout,7,5.1172,30,1094.60,812,886.8032205520726,1.2343199911275613,likely,,15,15,none,0
yvfGX43b_9Q,UC3_BakzLfadvFrsnClMFWmQ,heldout,14,12.1172,30,838.42,812,803.5611357065739,1.0433818527325252,confirmed,0.009734600145479212,15,11,none,0
q88zqIWLFok,UCsLt8oYvDYGpSHcGhRBBkyw,time,14,13.2828,28,3127.54,2747,3056.7055415855425,1.0231728689987871,confirmed,0.9043555428191642,15,15,none,0
YBmAT6cu9Js,UCf5LdDDOm1hYgDcSP3KimNA,time,1,0.9992,29,3372.68,12905,11077.770215330049,0.30445520565420114,early,,15,10,none,0
YBmAT6cu9Js,UCf5LdDDOm1hYgDcSP3KimNA,time,2,1.9992,29,4120.08,12905,11047.794045671497,0.37293249007459744,early,0.9060831850071611,15,9,none,0
YBmAT6cu9Js,UCf5LdDDOm1hYgDcSP3KimNA,time,3,2.9992,29,8653.05,12905,11047.794045671497,0.7832374905682788,early,1.5247735423927635,15,8,none,0
YBmAT6cu9Js,UCf5LdDDOm1hYgDcSP3KimNA,time,5,4.9992,29,8174.35,12905,11013.289527769768,0.742225943457308,likely,1.0340780987258502,15,8,none,0
YBmAT6cu9Js,UCf5LdDDOm1hYgDcSP3KimNA,time,7,6.9992,29,10460.52,12905,11013.289527769768,0.9498090134596878,likely,1.141993440740527,15,8,none,0
YBmAT6cu9Js,UCf5LdDDOm1hYgDcSP3KimNA,time,14,13.9992,29,15323.27,12905,10920.201212429434,1.4032042067474568,confirmed,1.084377704197616,15,7,none,0
jJMP33L-Ma4,UC4XsiyKOEWxdW0jpNyKsNEw,time,1,1.1709,29,121.52,123,153.08923871041594,0.7938155385860167,early,1.638558147642072,15,12,none,0
jJMP33L-Ma4,UC4XsiyKOEWxdW0jpNyKsNEw,time,2,1.1709,29,121.52,123,153.08923871041594,0.7938155385860167,early,1.638558147642072,15,12,none,0
jJMP33L-Ma4,UC4XsiyKOEWxdW0jpNyKsNEw,time,3,3.1709,29,173.32,123,152.510801984674,1.1364289899174265,likely,1.5031452905782867,15,12,none,0
jJMP33L-Ma4,UC4XsiyKOEWxdW0jpNyKsNEw,time,5,5.1709,29,153.14,123,153.06483297302375,1.0004953414508038,likely,1.1562709359789063,15,11,none,0
jJMP33L-Ma4,UC4XsiyKOEWxdW0jpNyKsNEw,time,7,7.1709,29,140.29,123,151.20937494863102,0.9277836074586944,confirmed,1.0137058147402382,15,11,none,0
jJMP33L-Ma4,UC4XsiyKOEWxdW0jpNyKsNEw,time,14,14.1709,29,150.09,123,147.26631429630652,1.0191853049752553,confirmed,0.80355144855465,15,8,none,0
NPA1LOrrc78,UC6RxjqZyhTKshYyBJcIIvPQ,heldout,5,5.8540,28,949.11,1115,,,insufficient,,1,1,none,0
NPA1LOrrc78,UC6RxjqZyhTKshYyBJcIIvPQ,time,5,5.8540,28,949.11,1115,,,insufficient,,1,1,none,0
NPA1LOrrc78,UC6RxjqZyhTKshYyBJcIIvPQ,heldout,7,6.8540,28,1039.24,1115,,,insufficient,0.5861058783294735,1,1,none,0
NPA1LOrrc78,UC6RxjqZyhTKshYyBJcIIvPQ,time,7,6.8540,28,1039.24,1115,,,insufficient,0.5861058783294735,1,1,none,0
NPA1LOrrc78,UC6RxjqZyhTKshYyBJcIIvPQ,heldout,14,13.8540,28,1101.40,1115,,,insufficient,0.3889737689731428,1,1,none,0
NPA1LOrrc78,UC6RxjqZyhTKshYyBJcIIvPQ,time,14,13.8540,28,1101.40,1115,,,insufficient,0.3889737689731428,1,1,none,0
goalHozbzbc,UCcCzzSbdw5-qmdF_NuTtb2w,heldout,1,1.3744,29,4493.71,4319,5853.081225183173,0.7677515920307336,early,,15,10,none,0
goalHozbzbc,UCcCzzSbdw5-qmdF_NuTtb2w,heldout,2,1.3744,29,4493.71,4319,5853.081225183173,0.7677515920307336,early,,15,10,none,0
goalHozbzbc,UCcCzzSbdw5-qmdF_NuTtb2w,heldout,3,3.3744,29,4655.50,4319,5867.00659573234,0.7935057345335986,likely,0.5532952741025294,15,10,none,0
goalHozbzbc,UCcCzzSbdw5-qmdF_NuTtb2w,heldout,5,5.3744,29,4479.45,4319,5870.8293719429785,0.7630007468443032,likely,0.5352867069035613,15,9,none,0
goalHozbzbc,UCcCzzSbdw5-qmdF_NuTtb2w,heldout,7,7.3744,29,4708.20,4319,5887.071715371297,0.7997528866145193,confirmed,0.4792781941330749,15,9,none,0
goalHozbzbc,UCcCzzSbdw5-qmdF_NuTtb2w,heldout,14,14.3744,29,4545.58,4319,5869.444801365315,0.7744476630150663,confirmed,0.3922414180225839,15,7,none,0
PCeflwCXSLg,UCZv_19T3Yuk8k0RZRGNqgow,heldout,1,0.8124,30,8461.44,9763,15640.55511568954,0.5409936082882632,early,,15,14,none,0
PCeflwCXSLg,UCZv_19T3Yuk8k0RZRGNqgow,heldout,7,7.8124,30,9294.06,9763,15910.56877880512,0.5841438348744215,confirmed,0.47555089558409763,15,13,none,0
PCeflwCXSLg,UCZv_19T3Yuk8k0RZRGNqgow,heldout,14,13.8124,30,9362.48,9763,15960.287942738603,0.5866108338199689,confirmed,0.43904730173567913,15,13,none,0
gO0rrW6YhKo,UC3DkFux8Iv-aYnTRWzwaiBA,heldout,1,1.6561,29,109199.48,117801,133224.00898143876,0.819668154005929,early,,15,13,none,0
gO0rrW6YhKo,UC3DkFux8Iv-aYnTRWzwaiBA,heldout,2,1.6561,29,109199.48,117801,133224.00898143876,0.819668154005929,early,,15,13,none,0
gO0rrW6YhKo,UC3DkFux8Iv-aYnTRWzwaiBA,heldout,3,3.6561,29,121397.55,117801,133262.7378836655,0.9109639790878588,likely,0.509290749238471,15,13,none,0
gO0rrW6YhKo,UC3DkFux8Iv-aYnTRWzwaiBA,heldout,5,4.6561,29,119551.97,117801,132884.96219646226,0.8996651390062693,likely,0.46937667401270183,15,13,none,0
gO0rrW6YhKo,UC3DkFux8Iv-aYnTRWzwaiBA,heldout,7,6.6561,29,117679.76,117801,132549.15494078933,0.8878197856809908,likely,0.4366723321739446,15,13,none,0
gO0rrW6YhKo,UC3DkFux8Iv-aYnTRWzwaiBA,heldout,14,14.6561,29,113099.23,117801,131048.15335619848,0.8630356739670714,confirmed,0.3145973304096778,15,13,none,0
z48MYcN-lZI,UCjB9rCM_kqa-tQj1UcwauAg,heldout,14,14.5410,31,3234.62,4058,3102.621937401892,1.0425431069092852,confirmed,,15,13,none,0
klP82OaYeJ4,UC70SrI3VkT1MXALRtf0pcHg,time,0.5,0.7033,29,84986.10,73455,72184.4401499112,1.177346549182591,early,,13,13,none,0
klP82OaYeJ4,UC70SrI3VkT1MXALRtf0pcHg,time,1,0.7033,29,84986.10,73455,72184.4401499112,1.177346549182591,early,,13,13,none,0
klP82OaYeJ4,UC70SrI3VkT1MXALRtf0pcHg,time,2,1.7033,29,102807.10,73455,73356.71212767142,1.4014681586291557,early,0.9925854307083701,14,14,none,0
klP82OaYeJ4,UC70SrI3VkT1MXALRtf0pcHg,time,3,2.7033,29,98511.78,73455,71916.59187384318,1.3698060472639755,early,0.7196656932075931,14,14,none,0
klP82OaYeJ4,UC70SrI3VkT1MXALRtf0pcHg,time,5,4.7033,29,98441.85,73455,64313.77928819263,1.530649469499767,likely,0.5696491698762568,15,15,none,0
klP82OaYeJ4,UC70SrI3VkT1MXALRtf0pcHg,time,7,6.7033,29,93031.33,73455,62721.939779333225,1.4832343251799052,likely,0.4961218543335529,15,15,none,0
klP82OaYeJ4,UC70SrI3VkT1MXALRtf0pcHg,time,14,13.7033,29,83582.54,73455,59488.00573656293,1.405031797388211,confirmed,0.37323981516537796,15,15,none,0
NiURKoONLVY,UCbRP3c757lWg9M-U7TyEkXA,time,1,0.7684,27,644797.86,334700,78070.24297477285,8.259201428515304,early,,14,14,none,0
NiURKoONLVY,UCbRP3c757lWg9M-U7TyEkXA,time,2,1.7684,27,454655.97,334700,77705.57487318135,5.85100843657453,early,0.35078447482092895,15,15,none,0
NiURKoONLVY,UCbRP3c757lWg9M-U7TyEkXA,time,3,2.7684,27,369669.28,334700,77475.13694641774,4.771456982662878,early,0.26277314001105784,15,15,none,0
NiURKoONLVY,UCbRP3c757lWg9M-U7TyEkXA,time,5,4.7684,27,366795.45,334700,77044.81669926176,4.760806376531314,likely,0.23749564763490724,15,15,none,0
NiURKoONLVY,UCbRP3c757lWg9M-U7TyEkXA,time,7,6.7684,27,364124.08,334700,76606.03741498364,4.753203438460173,likely,0.20965804006234467,15,15,none,0
NiURKoONLVY,UCbRP3c757lWg9M-U7TyEkXA,time,14,12.7684,27,361656.12,334700,75626.28368144672,4.7821484752814225,confirmed,0.1543826639285481,15,11,none,0
7bYJ9xpX44s,UCYzrlZP_m1cV51q9GGDHCMg,time,0.5,0.6191,29,584.10,544,208.5647736069726,2.8005540318652504,early,,13,13,none,0
7bYJ9xpX44s,UCYzrlZP_m1cV51q9GGDHCMg,time,1,0.6191,29,584.10,544,208.5647736069726,2.8005540318652504,early,,13,13,none,0
7bYJ9xpX44s,UCYzrlZP_m1cV51q9GGDHCMg,time,2,1.6191,29,939.87,544,201.3968601428008,4.666741269119529,early,1.1527012362015423,15,15,none,0
7bYJ9xpX44s,UCYzrlZP_m1cV51q9GGDHCMg,time,3,2.6191,29,746.15,544,196.50701369945102,3.7970895706066514,early,0.815687059483859,15,15,none,0
7bYJ9xpX44s,UCYzrlZP_m1cV51q9GGDHCMg,time,5,4.6191,29,750.86,544,188.59635398614122,3.9813231877455064,likely,0.6369656651160267,15,15,none,0
7bYJ9xpX44s,UCYzrlZP_m1cV51q9GGDHCMg,time,7,6.6191,29,690.08,544,184.6473551338002,3.7372761788002777,likely,0.5326545367584494,15,15,none,0
7bYJ9xpX44s,UCYzrlZP_m1cV51q9GGDHCMg,time,14,13.6191,29,620.19,544,179.34827111102567,3.4580432427931895,confirmed,0.40043079072187804,15,15,none,0
3y0y_Papw2s,UCG7J20LhUeLl6y_Emi7OJrA,time,0.5,0.6628,27,448968.75,673311,502250.99999999977,0.8939131046475626,early,,15,13,none,0
3y0y_Papw2s,UCG7J20LhUeLl6y_Emi7OJrA,time,1,0.6628,27,448968.75,673311,502250.99999999977,0.8939131046475626,early,,15,13,none,0
3y0y_Papw2s,UCG7J20LhUeLl6y_Emi7OJrA,time,2,1.6628,27,544626.43,673311,502250.99999999977,1.0843710124482273,early,0.9795672374720487,15,13,none,0
3y0y_Papw2s,UCG7J20LhUeLl6y_Emi7OJrA,time,3,2.6628,27,540557.43,673311,502250.99999999977,1.0762694890581082,early,0.7558135072906633,15,13,none,0
3y0y_Papw2s,UCG7J20LhUeLl6y_Emi7OJrA,time,5,4.6628,27,618561.28,673311,502250.99999999977,1.2315779874146229,likely,0.7160492238930285,15,13,none,0
3y0y_Papw2s,UCG7J20LhUeLl6y_Emi7OJrA,time,7,6.6628,27,828524.53,673311,502250.99999999977,1.6496224694909136,likely,0.7048886713369048,15,13,none,0
3y0y_Papw2s,UCG7J20LhUeLl6y_Emi7OJrA,time,14,12.6628,27,755450.11,673311,502250.99999999977,1.5041286344605354,confirmed,0.5834237838163475,15,13,none,0
fxJJc90d7yg,UCB5Nin2VBUeNLqamqEVh-2A,time,1,0.9687,30,82202.29,75478,47206,1.7413525996795147,early,,15,12,none,0
fxJJc90d7yg,UCB5Nin2VBUeNLqamqEVh-2A,time,2,1.9687,30,95160.00,75478,47206,2.01584550661678,early,0.8618720206472141,15,12,none,0
fxJJc90d7yg,UCB5Nin2VBUeNLqamqEVh-2A,time,3,2.9687,30,96747.04,75478,47206,2.0494649050119937,early,0.6441561175003803,15,12,none,0
fxJJc90d7yg,UCB5Nin2VBUeNLqamqEVh-2A,time,5,4.9687,30,82893.33,75478,47206,1.755991323472622,likely,0.5018456582227352,15,11,none,0
fxJJc90d7yg,UCB5Nin2VBUeNLqamqEVh-2A,time,7,6.9687,30,82406.53,75478,47206,1.745679226859795,likely,0.4579240611591777,15,11,none,0
fxJJc90d7yg,UCB5Nin2VBUeNLqamqEVh-2A,time,14,13.9687,30,79938.02,75478,47206,1.693386876953495,confirmed,0.35569006875055115,15,9,none,0
ckCPYDABQNI,UChISHLovxnSLP0w81NEQj5w,time,14,13.3211,28,5947.52,5763,17182.354674287395,0.3461409993435285,confirmed,0,15,15,none,0
TmsnVTkLDL0,UCGWNHkr2WZcRbxqoet-nyeg,time,14,14.4743,29,1146.91,1093,4775.24141153576,0.2401783199981513,confirmed,,15,15,none,0
BSECHrEhZjE,UCxkIzPnPzWLz4IeuxIROflg,heldout,1,0.8748,28,664.94,3675,1738.291628563824,0.38252212762169513,early,,14,13,none,0
BSECHrEhZjE,UCxkIzPnPzWLz4IeuxIROflg,heldout,2,1.8748,28,1528.82,3675,1747.2193810115066,0.8750004035480468,early,1.8960416547614014,15,13,none,0
BSECHrEhZjE,UCxkIzPnPzWLz4IeuxIROflg,heldout,3,2.8748,28,1649.73,3675,1749.0441394299914,0.9432167364836124,early,1.4100197421178384,15,13,none,0
BSECHrEhZjE,UCxkIzPnPzWLz4IeuxIROflg,heldout,5,4.8748,28,1804.07,3675,1749.0441394299914,1.031461440296277,likely,1.0936536491422084,15,13,none,0
BSECHrEhZjE,UCxkIzPnPzWLz4IeuxIROflg,heldout,7,6.8748,28,1962.42,3675,1765.672313627541,1.1114309387279877,likely,1.0232601213128238,15,13,none,0
BSECHrEhZjE,UCxkIzPnPzWLz4IeuxIROflg,heldout,14,13.8748,28,2595.17,3675,1764.0000000000005,1.4711820593658218,confirmed,0.925626376012938,15,7,none,0
LEd_b2vTbAM,UChpleBmo18P08aKCIgti38g,heldout,0.5,0.5018,28,198199.23,112331,95245.8777875433,2.080921838453222,early,,15,10,none,0
LEd_b2vTbAM,UChpleBmo18P08aKCIgti38g,time,0.5,0.5018,28,198199.23,112331,95245.8777875433,2.080921838453222,early,,15,10,none,0
LEd_b2vTbAM,UChpleBmo18P08aKCIgti38g,heldout,1,0.5018,28,198199.23,112331,95245.8777875433,2.080921838453222,early,,15,10,none,0
LEd_b2vTbAM,UChpleBmo18P08aKCIgti38g,time,1,0.5018,28,198199.23,112331,95245.8777875433,2.080921838453222,early,,15,10,none,0
LEd_b2vTbAM,UChpleBmo18P08aKCIgti38g,heldout,2,1.5018,28,202504.61,112331,95245.8777875433,2.1261246687711646,early,0.9170470144256605,15,10,none,0
LEd_b2vTbAM,UChpleBmo18P08aKCIgti38g,time,2,1.5018,28,202504.61,112331,95245.8777875433,2.1261246687711646,early,0.9170470144256605,15,10,none,0
LEd_b2vTbAM,UChpleBmo18P08aKCIgti38g,heldout,3,2.5018,28,169300.10,112331,95927.914355163,1.7648679842550148,early,0.6038803291594689,15,10,none,0
LEd_b2vTbAM,UChpleBmo18P08aKCIgti38g,time,3,2.5018,28,169300.10,112331,95927.914355163,1.7648679842550148,early,0.6038803291594689,15,10,none,0
LEd_b2vTbAM,UChpleBmo18P08aKCIgti38g,heldout,5,4.5018,28,155495.98,112331,96012.00000000003,1.6195473756322332,likely,0.41235930922845965,15,9,none,0
LEd_b2vTbAM,UChpleBmo18P08aKCIgti38g,time,5,4.5018,28,155495.98,112331,96012.00000000003,1.6195473756322332,likely,0.41235930922845965,15,9,none,0
LEd_b2vTbAM,UChpleBmo18P08aKCIgti38g,heldout,7,6.5018,28,127715.57,112331,96012.00000000003,1.3302042556953293,likely,0.34235397593565775,15,8,none,0
LEd_b2vTbAM,UChpleBmo18P08aKCIgti38g,time,7,6.5018,28,127715.57,112331,96012.00000000003,1.3302042556953293,likely,0.34235397593565775,15,8,none,0
LEd_b2vTbAM,UChpleBmo18P08aKCIgti38g,heldout,14,13.5018,28,120021.01,112331,96012.00000000003,1.2500625501885663,confirmed,0.25311227459627683,15,6,none,0
LEd_b2vTbAM,UChpleBmo18P08aKCIgti38g,time,14,13.5018,28,120021.01,112331,96012.00000000003,1.2500625501885663,confirmed,0.25311227459627683,15,6,none,0
OSrqPK1EUyo,UC6gi5tigsPyfEnFXFPeYH0Q,time,5,4.8451,29,135.98,225,192.12343105516115,0.7077482599003222,likely,,15,15,none,0
OSrqPK1EUyo,UC6gi5tigsPyfEnFXFPeYH0Q,time,7,6.8451,29,164.96,225,198.72113863530416,0.8301025460958357,likely,0.6195381269740975,15,15,none,0
OSrqPK1EUyo,UC6gi5tigsPyfEnFXFPeYH0Q,time,14,13.8451,29,165.85,225,247.55792432249322,0.6699534146268137,confirmed,0.3762137851435802,15,13,none,0
np06L0fI-B0,UCHXLx_WGu4zQAq4fLVurzfA,heldout,5,4.9158,30,8726.88,14057,3910.363660548039,2.2317302938733223,likely,,15,12,none,0
np06L0fI-B0,UCHXLx_WGu4zQAq4fLVurzfA,heldout,7,7.9158,30,11433.03,14057,3858.7133544113735,2.9629119816628675,confirmed,0.6318784606231092,15,12,none,0
np06L0fI-B0,UCHXLx_WGu4zQAq4fLVurzfA,heldout,14,13.9158,30,13332.25,14057,3828.131427415918,3.4827043410625356,confirmed,0.5628632825520073,15,11,none,0
G0-x2z4wUgg,UC0WFn9iVCx3fCa31rqAvlXA,time,5,6.6451,29,50.37,46,,,insufficient,,0,0,none,0
G0-x2z4wUgg,UC0WFn9iVCx3fCa31rqAvlXA,time,7,6.6451,29,50.37,46,,,insufficient,,0,0,none,0
G0-x2z4wUgg,UC0WFn9iVCx3fCa31rqAvlXA,time,14,13.6451,29,42.39,46,,,insufficient,0.03798621813547768,0,0,none,0
ioD2hN8pJVE,UCpXipTyhIY9kprpvVd-lu0A,time,5,5.9270,29,62264.32,54015,56722.346584814666,1.097703585901134,likely,,15,15,none,0
ioD2hN8pJVE,UCpXipTyhIY9kprpvVd-lu0A,time,7,6.9270,29,51719.33,54015,56358.11913860332,0.9176909294156698,likely,0.20051025835262357,15,15,none,0
ioD2hN8pJVE,UCpXipTyhIY9kprpvVd-lu0A,time,14,14.9270,29,56376.83,54015,53850.00000000002,1.0469235828133296,confirmed,0.15115251914792685,15,12,none,0
WbR-7UPGaDg,UCoGfV8iKGSeBa8FEJG5PZcA,heldout,14,14.3329,29,69.27,78,81.00000000000003,0.855128010524185,confirmed,0,15,12,none,0
beVRNv-PkFQ,UCVaQfAPPHqD8vV_ywkaYXMQ,time,3,3.8342,29,3075.94,3270,,,insufficient,,0,0,none,0
beVRNv-PkFQ,UCVaQfAPPHqD8vV_ywkaYXMQ,time,5,4.8342,29,2271.98,3270,491.02794817219797,4.626981674923536,likely,0.1406829765630271,15,11,none,0
beVRNv-PkFQ,UCVaQfAPPHqD8vV_ywkaYXMQ,time,7,6.8342,29,2655.62,3270,491.02794817219797,5.408277164532489,likely,0.25579817772402086,15,10,none,0
beVRNv-PkFQ,UCVaQfAPPHqD8vV_ywkaYXMQ,time,14,14.8342,29,3170.54,3270,484.2181904810279,6.547747883776906,confirmed,0.31884640255441954,15,10,none,0
vMd0k2Kzy-M,UC0T6MVd3wQDB5ICAe45OxaQ,time,14,12.9368,28,5062.57,5204,9653.142439364397,0.5244483676566682,confirmed,0.10365174878870874,15,15,none,0
k7b_5N8Zg64,UCBhPkAuGks2UkizNMbtW6uw,time,3,3.9992,27,99511.52,120047,102.220862373736,973.495180697143,likely,,8,8,none,0
k7b_5N8Zg64,UCBhPkAuGks2UkizNMbtW6uw,time,5,4.9992,27,71568.43,120047,100.49904683273428,712.1303965113372,likely,-0.0011360284430178024,8,8,none,0
k7b_5N8Zg64,UCBhPkAuGks2UkizNMbtW6uw,time,7,6.9992,27,68795.31,120047,94.89220921221059,724.9837744145316,likely,-0.006211991834791114,8,8,none,0
k7b_5N8Zg64,UCBhPkAuGks2UkizNMbtW6uw,time,14,14.9992,27,64761.05,120047,90.79090529602183,713.2988931319311,confirmed,-0.001631490730503033,8,8,none,0
7BBb7EP1SRY,UCq_2n18CJaRVGxEfxtCfI-Q,heldout,5,4.5178,28,114270.69,94699,120906.89759690904,0.9451130824893302,likely,,15,15,none,0
7BBb7EP1SRY,UCq_2n18CJaRVGxEfxtCfI-Q,time,5,4.5178,28,114270.69,94699,120906.89759690904,0.9451130824893302,likely,,15,15,none,0
7BBb7EP1SRY,UCq_2n18CJaRVGxEfxtCfI-Q,heldout,7,6.5178,28,96993.27,94699,119311.01395677912,0.8129447786132176,likely,0.15734705427683482,15,15,none,0
7BBb7EP1SRY,UCq_2n18CJaRVGxEfxtCfI-Q,time,7,6.5178,28,96993.27,94699,119311.01395677912,0.8129447786132176,likely,0.15734705427683482,15,15,none,0
7BBb7EP1SRY,UCq_2n18CJaRVGxEfxtCfI-Q,heldout,14,13.5178,28,95387.72,94699,113173.39309203817,0.8428457838631803,confirmed,0.09657696372369177,15,13,none,0
7BBb7EP1SRY,UCq_2n18CJaRVGxEfxtCfI-Q,time,14,13.5178,28,95387.72,94699,113173.39309203817,0.8428457838631803,confirmed,0.09657696372369177,15,13,none,0
J8dR9D3pJrs,UCvJiYiBUbw4tmpRSZT2r1Hw,time,14,13.8746,29,10661.38,10480,21664.89025855871,0.492104222042276,confirmed,0.24047162092824964,15,12,none,0
zRCWtTeaPjE,UCXB4UyUjSe-TPiM8IW_i1xg,heldout,1,0.9101,28,31609.62,27302,17845.000000000015,1.7713431323389248,early,,15,11,none,0
zRCWtTeaPjE,UCXB4UyUjSe-TPiM8IW_i1xg,time,1,0.9101,28,31609.62,27302,17845.000000000015,1.7713431323389248,early,,15,11,none,0
zRCWtTeaPjE,UCXB4UyUjSe-TPiM8IW_i1xg,heldout,2,1.9101,28,27389.63,27302,17845.000000000015,1.5348630277573867,early,0.6906635755811942,15,11,none,0
zRCWtTeaPjE,UCXB4UyUjSe-TPiM8IW_i1xg,time,2,1.9101,28,27389.63,27302,17845.000000000015,1.5348630277573867,early,0.6906635755811942,15,11,none,0
zRCWtTeaPjE,UCXB4UyUjSe-TPiM8IW_i1xg,heldout,3,2.9101,28,29854.25,27302,17845.000000000015,1.6729753637938065,early,0.568230517078459,15,11,none,0
zRCWtTeaPjE,UCXB4UyUjSe-TPiM8IW_i1xg,time,3,2.9101,28,29854.25,27302,17845.000000000015,1.6729753637938065,early,0.568230517078459,15,11,none,0
zRCWtTeaPjE,UCXB4UyUjSe-TPiM8IW_i1xg,heldout,5,4.9101,28,29997.98,27302,17845.000000000015,1.6810301630193003,likely,0.43906080359233696,15,11,none,0
zRCWtTeaPjE,UCXB4UyUjSe-TPiM8IW_i1xg,time,5,4.9101,28,29997.98,27302,17845.000000000015,1.6810301630193003,likely,0.43906080359233696,15,11,none,0
zRCWtTeaPjE,UCXB4UyUjSe-TPiM8IW_i1xg,heldout,7,6.9101,28,27509.96,27302,17845.000000000015,1.5416062590420023,likely,0.39878326802100156,15,10,none,0
zRCWtTeaPjE,UCXB4UyUjSe-TPiM8IW_i1xg,time,7,6.9101,28,27509.96,27302,17845.000000000015,1.5416062590420023,likely,0.39878326802100156,15,10,none,0
zRCWtTeaPjE,UCXB4UyUjSe-TPiM8IW_i1xg,heldout,14,13.9101,28,27653.56,27302,17845.000000000015,1.549653318602138,confirmed,0.3215617088661752,15,9,none,0
zRCWtTeaPjE,UCXB4UyUjSe-TPiM8IW_i1xg,time,14,13.9101,28,27653.56,27302,17845.000000000015,1.549653318602138,confirmed,0.3215617088661752,15,9,none,0
DQl1ozO_iwY,UCUpbDOT-OVNBlaQpb9pbd2w,time,5,5.7688,29,32682.96,25945,19684.59196410672,1.660331940429807,likely,,15,15,none,0
DQl1ozO_iwY,UCUpbDOT-OVNBlaQpb9pbd2w,time,7,6.7688,29,26736.94,25945,19262.76257325488,1.3880115554165595,likely,0.08554498655315909,15,15,none,0
DQl1ozO_iwY,UCUpbDOT-OVNBlaQpb9pbd2w,time,14,14.7688,29,26056.18,25945,17222.301895870387,1.512932741730496,confirmed,0.0561065290448013,15,15,none,0
qjH5nhHZIGw,UCGuIM34mGnfTDjfd9vwPtAQ,heldout,1,1.9573,32,21198.08,25560,20616.798990567335,1.0281947431839313,early,,15,11,none,0
qjH5nhHZIGw,UCGuIM34mGnfTDjfd9vwPtAQ,heldout,2,1.9573,32,21198.08,25560,20616.798990567335,1.0281947431839313,early,,15,11,none,0
qjH5nhHZIGw,UCGuIM34mGnfTDjfd9vwPtAQ,heldout,3,3.9573,32,20179.62,25560,20711.99999999999,0.9742962119389779,likely,0.4604844888234594,15,10,none,0
qjH5nhHZIGw,UCGuIM34mGnfTDjfd9vwPtAQ,heldout,5,4.9573,32,21430.90,25560,20711.99999999999,1.0347091855782813,likely,0.4410695255147232,15,10,none,0
qjH5nhHZIGw,UCGuIM34mGnfTDjfd9vwPtAQ,heldout,7,6.9573,32,21074.61,25560,20711.99999999999,1.0175072587110658,likely,0.43566214484688764,15,10,none,0
qjH5nhHZIGw,UCGuIM34mGnfTDjfd9vwPtAQ,heldout,14,13.9573,32,22571.61,25560,20711.99999999999,1.0897841441315628,confirmed,0.3677799267367661,15,9,none,0
kN66McRztJU,UC1QvDo-qeCVKTlmDq1LjDuw,time,7,7.7633,27,941.94,846,,,insufficient,,0,0,none,0
kN66McRztJU,UC1QvDo-qeCVKTlmDq1LjDuw,time,14,13.7633,27,822.91,846,,,insufficient,0.11924811355083897,0,0,none,0
Koz8u_gbQcA,UChbcn2mOzPHEEHxPmU66Sdg,time,1,0.9188,29,2040.72,38266,1954.790971386151,1.04395717875047,early,,15,6,none,0
Koz8u_gbQcA,UChbcn2mOzPHEEHxPmU66Sdg,time,2,1.9188,29,3720.63,38266,1931.5645474540024,1.9262280392024502,early,1.0773120682404025,15,6,none,0
Koz8u_gbQcA,UChbcn2mOzPHEEHxPmU66Sdg,time,3,2.9188,29,4215.51,38266,1920.3126388808855,2.195218885880068,early,0.9856677467684795,15,6,none,0
Koz8u_gbQcA,UChbcn2mOzPHEEHxPmU66Sdg,time,5,4.9188,29,5882.51,38266,1884.0015093341894,3.122347139336214,likely,0.9423163881888403,15,6,none,0
Koz8u_gbQcA,UChbcn2mOzPHEEHxPmU66Sdg,time,7,6.9188,29,8543.46,38266,1866.2112922605581,4.577969541675404,likely,1.1251766354374386,15,6,none,0
Koz8u_gbQcA,UChbcn2mOzPHEEHxPmU66Sdg,time,14,14.9188,29,31789.02,38266,1787.3004157323685,17.78605183359344,confirmed,1.5042234330571567,15,4,none,0
qMojhcFHm7g,UCbprhISv-0ReKPPyhf7-Dtw,time,5,6.9573,30,1221.50,2633,,,insufficient,,0,0,none,0
qMojhcFHm7g,UCbprhISv-0ReKPPyhf7-Dtw,time,7,6.9573,30,1221.50,2633,,,insufficient,,0,0,none,0
qMojhcFHm7g,UCbprhISv-0ReKPPyhf7-Dtw,time,14,13.9573,30,2132.30,2633,,,insufficient,0.8740627499501797,0,0,none,0
XYbB1O2GznI,UCkr6cLAnZiz5NH0NzjNK8rg,time,1,0.8253,29,33543.09,16582,113162.07802710892,0.2964163752795868,early,,15,15,none,0
XYbB1O2GznI,UCkr6cLAnZiz5NH0NzjNK8rg,time,2,1.8253,29,20697.37,16582,113055.08437042125,0.18307329166335284,early,0.281129801798898,15,15,none,0
XYbB1O2GznI,UCkr6cLAnZiz5NH0NzjNK8rg,time,3,2.8253,29,18198.99,16582,113514.73886716821,0.16032268743531633,early,0.19417594936549157,15,14,none,0
XYbB1O2GznI,UCkr6cLAnZiz5NH0NzjNK8rg,time,5,4.8253,29,17139.06,16582,114851.8972326738,0.14922746792615244,likely,0.14947074676237898,15,12,none,0
XYbB1O2GznI,UCkr6cLAnZiz5NH0NzjNK8rg,time,7,6.8253,29,16827.53,16582,114279.70404192255,0.1472486090004207,likely,0.13184602976166263,15,11,none,0
XYbB1O2GznI,UCkr6cLAnZiz5NH0NzjNK8rg,time,14,13.8253,29,15967.94,16582,112562.87247217237,0.1418579470129735,confirmed,0.11189860470731292,15,7,none,0
3TkK6VY6hTU,UCf6AGqO98eGk11nfazociVQ,time,14,14.1406,29,1493.77,1452,4339.469581352416,0.34422897799729724,confirmed,0.15714592072452407,15,12,none,0
yxlnqy72HHc,UCcqoA9k6BIY34CnAtrX6Gfg,time,14,14.9570,27,11279.28,10771,2403.8939268906315,4.69208519685381,confirmed,0.17130649647288199,15,14,none,0
-vhggYpUPl0,UCS7BAYpqOSaYy-pZp6oO4PA,time,7,7.0126,27,4498.16,3600,14006.11933962889,0.32115651859803745,confirmed,,15,15,none,0
-vhggYpUPl0,UCS7BAYpqOSaYy-pZp6oO4PA,time,14,15.0126,27,3706.21,3600,13128.004753043111,0.2823135890840648,confirmed,0.005246978222034944,15,15,none,0
ht12QquRuII,UC70SrI3VkT1MXALRtf0pcHg,heldout,5,4.9223,30,27057.67,21961,65171.78074172764,0.4151746311190509,likely,,15,15,none,0
ht12QquRuII,UC70SrI3VkT1MXALRtf0pcHg,heldout,14,12.9223,30,22048.10,21961,57672.01863499582,0.3823014671223355,confirmed,0.08108021991445358,15,15,none,0
ifqjcDjXPu8,UCHQ4lSaKRap5HyrpitrTOhQ,time,5,5.8646,29,21410.63,19021,6939.840689403234,3.0851756170934896,likely,,10,10,none,0
ifqjcDjXPu8,UCHQ4lSaKRap5HyrpitrTOhQ,time,7,6.8646,29,19703.58,19021,6873.15316314814,2.8667448178103627,likely,0.2479498420447658,15,15,none,0
ifqjcDjXPu8,UCHQ4lSaKRap5HyrpitrTOhQ,time,14,14.8646,29,19740.36,19021,6700.516540804068,2.946095230884789,confirmed,0.17184453744298697,15,13,none,0
04xhEGQ_Yy4,UCJP9OOLkOzsXbb_Bo_kqjTw,time,1,0.7634,28,13742.21,8897,28556.04230816023,0.48123641686561786,early,,14,12,none,0
04xhEGQ_Yy4,UCJP9OOLkOzsXbb_Bo_kqjTw,time,2,2.7634,28,10096.82,8897,26922.00000000001,0.3750399015047966,early,0.4351899986919414,15,12,none,0
04xhEGQ_Yy4,UCJP9OOLkOzsXbb_Bo_kqjTw,time,3,2.7634,28,10096.82,8897,26922.00000000001,0.3750399015047966,early,0.4351899986919414,15,12,none,0
04xhEGQ_Yy4,UCJP9OOLkOzsXbb_Bo_kqjTw,time,5,4.7634,28,9102.03,8897,26922.00000000001,0.33808877137348614,likely,0.34084659533741113,15,11,none,0
04xhEGQ_Yy4,UCJP9OOLkOzsXbb_Bo_kqjTw,time,7,6.7634,28,9578.93,8897,26922.00000000001,0.35580312494731864,likely,0.30728827409163856,15,10,none,0
04xhEGQ_Yy4,UCJP9OOLkOzsXbb_Bo_kqjTw,time,14,12.7634,28,9436.21,8897,26922.00000000001,0.35050192357999255,confirmed,0.24340532121641906,15,8,none,0
2fphONHSp1A,UCq_2n18CJaRVGxEfxtCfI-Q,time,5,4.8261,28,194771.98,149208,118267.63528279052,1.6468747657305847,likely,,15,15,none,0
2fphONHSp1A,UCq_2n18CJaRVGxEfxtCfI-Q,time,7,6.8261,28,159718.05,149208,116806.91679140118,1.367368063094341,likely,0.04803395963273753,15,15,none,0
2fphONHSp1A,UCq_2n18CJaRVGxEfxtCfI-Q,time,14,13.8261,28,152379.68,149208,113063.55456308651,1.3477347038871337,confirmed,0.030613424864958647,15,12,none,0
cwhCl8VdYh0,UCrfKGpvbEQXcbe68dzXgJuA,time,7,7.9573,27,169479.25,142190,145211.9149102139,1.1671167262108821,confirmed,,15,15,none,0
cwhCl8VdYh0,UCrfKGpvbEQXcbe68dzXgJuA,time,14,11.9573,27,142199.73,142190,144271.9999999999,0.9856363995172148,confirmed,0.05902532875307639,15,10,none,0
Jjlgh9ysvYE,UCJP9OOLkOzsXbb_Bo_kqjTw,heldout,2,2.9477,31,6172.50,5730,26583.48149587334,0.23219299745144445,early,,15,11,none,0
Jjlgh9ysvYE,UCJP9OOLkOzsXbb_Bo_kqjTw,heldout,3,2.9477,31,6172.50,5730,26583.48149587334,0.23219299745144445,early,,15,11,none,0
Jjlgh9ysvYE,UCJP9OOLkOzsXbb_Bo_kqjTw,heldout,5,5.9477,31,6197.98,5730,26922.00000000001,0.23021983518819816,likely,0.37528872904528193,15,10,none,0
Jjlgh9ysvYE,UCJP9OOLkOzsXbb_Bo_kqjTw,heldout,7,6.9477,31,5943.98,5730,26922.00000000001,0.22078525798430282,likely,0.33255690408398014,15,10,none,0
Jjlgh9ysvYE,UCJP9OOLkOzsXbb_Bo_kqjTw,heldout,14,13.9477,31,5743.17,5730,26922.00000000001,0.21332632881317148,confirmed,0.2280346295349058,15,6,none,0
UypKP0JmlGY,UCnpWedLQdHpZqhgTLdB9Yyg,time,1,0.8956,28,99080.12,122411,73618.10422106726,1.345866194718725,early,,14,14,none,0
UypKP0JmlGY,UCnpWedLQdHpZqhgTLdB9Yyg,time,2,1.8956,28,96415.16,122411,72462.43483581101,1.3305536335035526,early,0.7096768722091544,15,15,none,0
UypKP0JmlGY,UCnpWedLQdHpZqhgTLdB9Yyg,time,3,2.8956,28,121493.00,122411,72750.41442539402,1.669997307934387,early,0.7141415233391898,15,15,none,0
UypKP0JmlGY,UCnpWedLQdHpZqhgTLdB9Yyg,time,5,4.8956,28,127510.76,122411,72805.46666721193,1.7513898808720623,likely,0.6106921154179449,15,15,none,0
UypKP0JmlGY,UCnpWedLQdHpZqhgTLdB9Yyg,time,7,6.8956,28,127238.32,122411,73194.18776734518,1.7383663912817096,likely,0.5660377181146632,15,15,none,0
UypKP0JmlGY,UCnpWedLQdHpZqhgTLdB9Yyg,time,14,12.8956,28,123723.69,122411,70852.99999999999,1.7462025530680292,confirmed,0.4829786162752264,15,13,none,0
GArdnanmozA,UCx1m6AboILQKMNXbsLjjI4Q,heldout,7,8.2082,30,67042.93,70400,58441.62307328347,1.1471778004867055,confirmed,,15,14,none,0
Fp_LZ3oxGP8,UCso1B56GyEtnhn2OPENKXoQ,time,14,14.6461,28,129.65,117,179.02156245073257,0.7242179814104851,confirmed,,12,12,none,0
CF5S8GHVx6Q,UCQskSBnZDt7yLHc7ZdS5Fpw,time,1,0.7620,27,2878.00,2371,4059.544454628781,0.7089477266448323,early,,15,15,none,0
CF5S8GHVx6Q,UCQskSBnZDt7yLHc7ZdS5Fpw,time,2,1.7620,27,2348.47,2371,4059.544454628781,0.5785052771698269,early,0.5013379335689855,15,15,none,0
CF5S8GHVx6Q,UCQskSBnZDt7yLHc7ZdS5Fpw,time,3,2.7620,27,2715.27,2371,4059.544454628781,0.6688604612062906,early,0.5665990454600963,15,15,none,0
CF5S8GHVx6Q,UCQskSBnZDt7yLHc7ZdS5Fpw,time,5,4.7620,27,2543.07,2371,4059.544454628781,0.6264427087643881,likely,0.4433481456079866,15,15,none,0
CF5S8GHVx6Q,UCQskSBnZDt7yLHc7ZdS5Fpw,time,7,6.7620,27,2419.21,2371,4059.544454628781,0.5959306282628912,likely,0.38095191065153583,15,15,none,0
CF5S8GHVx6Q,UCQskSBnZDt7yLHc7ZdS5Fpw,time,14,13.7620,27,2309.61,2371,4122.683043079741,0.5602206089458044,confirmed,0.3027379922619772,15,15,none,0
ITbUyiyQckY,UC4SVo0Ue36XCfOyb5Lh1viQ,time,7,7.9381,29,5195.80,5566,6346.928679230867,0.8186320039708287,confirmed,,15,13,none,0
ITbUyiyQckY,UC4SVo0Ue36XCfOyb5Lh1viQ,time,14,13.9381,29,5278.63,5566,6238.697902409341,0.8461113895131542,confirmed,0.2598184340971155,15,9,none,0
V7hZlXGLflQ,UCdR7eGozLjafYMTd2BFnJaQ,heldout,7,7.8744,30,66636.18,80675,43327.50047561834,1.5379651188294128,confirmed,,15,14,none,0
V7hZlXGLflQ,UCdR7eGozLjafYMTd2BFnJaQ,heldout,14,13.8744,30,75441.76,80675,44271.99855105021,1.7040514286149375,confirmed,0.3860531004034279,15,14,none,0
JSYpmQtUnGo,UCLKZ20yD2tNMBOkSDZo4FeQ,time,0.5,0.4997,28,8418.03,23730,4521.6122255776245,1.8617330410407822,early,,14,14,none,0
JSYpmQtUnGo,UCLKZ20yD2tNMBOkSDZo4FeQ,time,1,1.4997,28,8973.02,23730,4672.556353329674,1.9203667660408839,early,0.6762611866456713,14,14,none,0
JSYpmQtUnGo,UCLKZ20yD2tNMBOkSDZo4FeQ,time,2,2.4997,28,11046.45,23730,4354.811589304916,2.5366075052071735,early,0.8505155215388314,15,15,none,0
JSYpmQtUnGo,UCLKZ20yD2tNMBOkSDZo4FeQ,time,3,3.4997,28,18152.98,23730,4350.777919722801,4.172352956288739,likely,0.9344126855378027,15,14,none,0
JSYpmQtUnGo,UCLKZ20yD2tNMBOkSDZo4FeQ,time,5,5.4997,28,22489.33,23730,4254.880423813572,5.285537903349078,likely,0.8865498531885992,15,14,none,0
JSYpmQtUnGo,UCLKZ20yD2tNMBOkSDZo4FeQ,time,7,7.4997,28,21829.87,23730,4270.984526178084,5.111203357139301,confirmed,0.8906920158249549,15,12,none,0
JSYpmQtUnGo,UCLKZ20yD2tNMBOkSDZo4FeQ,time,14,13.4997,28,22028.14,23730,4200.002767797508,5.24479178187397,confirmed,0.8190666739007031,15,10,none,0
C9zWKCEaWHw,UCNMZWa1QP42jHrmmzayFEeg,time,14,13.4866,28,5844.81,5862,5674.501371050693,1.0300136684462373,confirmed,0.19146525339353346,15,15,none,0
5LOmexHZ1kc,UCXGQTkyIfrJJ7ZT1A9MuJ0A,heldout,3,3.9581,30,99706.54,104600,,,insufficient,,1,1,none,0
5LOmexHZ1kc,UCXGQTkyIfrJJ7ZT1A9MuJ0A,heldout,5,4.9581,30,75088.17,104600,89587.99999999999,0.8381498195252941,likely,0.24952103578583484,15,12,none,0
5LOmexHZ1kc,UCXGQTkyIfrJJ7ZT1A9MuJ0A,heldout,7,6.9581,30,93898.72,104600,89587.99999999999,1.0481171328204353,likely,0.3444901499243684,15,12,none,0
5LOmexHZ1kc,UCXGQTkyIfrJJ7ZT1A9MuJ0A,heldout,14,13.9581,30,98663.98,104600,89587.99999999999,1.1013080181848756,confirmed,0.30563866860501787,15,9,none,0
KxiPnflbwJI,UCU_W0oE_ock8bWKjALiGs8Q,heldout,14,14.7032,31,85031.98,99235,203837.52560978354,0.41715566311118574,confirmed,,15,14,none,0
9XOZwFzp53g,UCaNycZiNY1X7T44Pipi7V4A,time,14,14.7499,29,2470.80,2518,4007.9999999999964,0.6164675016778676,confirmed,0.20391976271236079,15,14,none,0
55UluWQkFpk,UCnYMOamNKLGVlJgRUbamveA,time,1,0.9582,28,79508.94,45739,32297.673249917596,2.4617545459938857,early,,15,15,none,0
55UluWQkFpk,UCnYMOamNKLGVlJgRUbamveA,time,2,1.9582,28,60968.25,45739,31588.633437303615,1.9300693806335856,early,0.34014949293268454,15,15,none,0
55UluWQkFpk,UCnYMOamNKLGVlJgRUbamveA,time,3,2.9582,28,49715.95,45739,31308.28771228578,1.5879486112969718,early,0.2626210342822195,15,15,none,0
55UluWQkFpk,UCnYMOamNKLGVlJgRUbamveA,time,5,4.9582,28,47783.38,45739,30797.371239004522,1.551540812134275,likely,0.21116069848621652,15,15,none,0
55UluWQkFpk,UCnYMOamNKLGVlJgRUbamveA,time,7,6.9582,28,47448.42,45739,30348.762918473214,1.5634382431562563,likely,0.18880520803838072,15,15,none,0
55UluWQkFpk,UCnYMOamNKLGVlJgRUbamveA,time,14,15.9582,28,46244.66,45739,28965.679755391222,1.5965330029512133,confirmed,0.13892868211926415,15,14,none,0
XGl-8BSbgFk,UCuVaqIpPgUyGP6AytqSfs0g,time,1,1.0826,29,2467.70,1687,3788.1023423520933,0.6514346321804376,early,1.6555879967677434,15,15,none,0
XGl-8BSbgFk,UCuVaqIpPgUyGP6AytqSfs0g,time,2,2.0826,29,2750.89,1687,3825.365742856205,0.719118221574572,early,1.1178975238451756,15,15,none,0
XGl-8BSbgFk,UCuVaqIpPgUyGP6AytqSfs0g,time,3,3.0826,29,2614.74,1687,3829.800660238863,0.6827361928939394,likely,0.9462665042654352,15,15,none,0
XGl-8BSbgFk,UCuVaqIpPgUyGP6AytqSfs0g,time,5,5.0826,29,2519.35,1687,3869.0524422986305,0.6511543912327707,likely,0.7849748071638842,15,15,none,0
XGl-8BSbgFk,UCuVaqIpPgUyGP6AytqSfs0g,time,7,7.0826,29,2350.67,1687,3870.9220074337527,0.6072625816398093,confirmed,0.7067892914572402,15,15,none,0
XGl-8BSbgFk,UCuVaqIpPgUyGP6AytqSfs0g,time,14,14.0826,29,2002.47,1687,3921.8759556923956,0.5105893797406004,confirmed,0.5653696927727041,15,14,none,0
emTHA3aquoQ,UCrtPXCqjm9c7nqgJL-vBSZg,time,5,5.0885,27,9623.72,10046,6535.999999999997,1.472416731840931,likely,0.6745049420827912,15,14,none,0
emTHA3aquoQ,UCrtPXCqjm9c7nqgJL-vBSZg,time,7,7.0885,27,12324.28,10046,6535.999999999997,1.8855992075215662,confirmed,0.6775384499625514,15,13,none,0
emTHA3aquoQ,UCrtPXCqjm9c7nqgJL-vBSZg,time,14,13.0885,27,9816.82,10046,6535.999999999997,1.5019613859242709,confirmed,0.4130393264695225,15,10,none,0
F1fnfyGSnBQ,UCuR-ZdVJtF3muYhYUQ-he-Q,time,14,13.8748,29,7516.62,8170,14367.86327787576,0.5231551615357829,confirmed,0.21006862596975853,12,12,none,0
DAOMt3ClIJg,UCw33382AK54Vd90P56EISig,time,7,8.7348,27,1125.80,994,2122.0329236854577,0.5305282502087111,confirmed,,9,9,none,0
DAOMt3ClIJg,UCw33382AK54Vd90P56EISig,time,14,12.7348,27,1016.11,994,2124.999999999999,0.47817025430259463,confirmed,0.13337124859673144,15,12,none,0
KC91DOOV4oU,UCI8gcSTo1FowsRJdilsjsZw,heldout,3,3.9996,30,113751.23,91789,45806.282428371975,2.483310692475191,likely,,15,15,none,0
KC91DOOV4oU,UCI8gcSTo1FowsRJdilsjsZw,heldout,5,3.9996,30,113751.23,91789,45806.282428371975,2.483310692475191,likely,,15,15,none,0
KC91DOOV4oU,UCI8gcSTo1FowsRJdilsjsZw,heldout,14,15.9996,30,96436.17,91789,47932.076297806285,2.0119339959312437,confirmed,0.17458916314389789,15,15,none,0
FqmKVqaLsWM,UCKU0u3VbuYn0wD3CUr-Yn6A,time,5,6.9579,27,3887.40,3651,8493.974861941224,0.45766612845254045,likely,,15,14,none,0
FqmKVqaLsWM,UCKU0u3VbuYn0wD3CUr-Yn6A,time,7,6.9579,27,3887.40,3651,8493.974861941224,0.45766612845254045,likely,,15,14,none,0
FqmKVqaLsWM,UCKU0u3VbuYn0wD3CUr-Yn6A,time,14,14.9579,27,3711.63,3651,8695.570021432772,0.4268415478844046,confirmed,0.14680934302265683,15,12,none,0
JYCkOIAVYCs,UCKU0u3VbuYn0wD3CUr-Yn6A,time,14,13.9579,30,14002.84,18180,6787.647358575516,2.06298838244215,confirmed,0.33266442556561343,15,13,none,0
dQn0XPnK8AA,UCeHIseom2u9zxGM_yIEBhDQ,time,5,5.9395,28,157.73,164,,,insufficient,,0,0,none,0
dQn0XPnK8AA,UCeHIseom2u9zxGM_yIEBhDQ,time,7,6.9395,28,156.04,164,,,insufficient,0.4352549668784232,0,0,none,0
dQn0XPnK8AA,UCeHIseom2u9zxGM_yIEBhDQ,time,14,13.9395,28,155.62,164,,,insufficient,0.23590108508846655,0,0,none,0
fErFL7gbTAM,UCzOgdLi9p2UIdhukecTSygg,time,0.5,0.4766,28,2786.92,1203,4036.851446199236,0.6903704902334352,early,,12,8,none,0
fErFL7gbTAM,UCzOgdLi9p2UIdhukecTSygg,time,1,1.4766,28,2855.36,1203,4030.8935495322125,0.7083688302467761,early,0.42971905091167967,12,8,none,0
fErFL7gbTAM,UCzOgdLi9p2UIdhukecTSygg,time,2,2.4766,28,2130.79,1203,4019.9960692512855,0.5300479323621654,early,0.2942213328037129,12,8,none,0
fErFL7gbTAM,UCzOgdLi9p2UIdhukecTSygg,time,3,3.4766,28,1422.38,1203,3998.2110874195596,0.35575430281798925,likely,0.23749842796236278,12,7,none,0
fErFL7gbTAM,UCzOgdLi9p2UIdhukecTSygg,time,5,5.4766,28,1309.35,1203,4081.2825158622404,0.32081885658311804,likely,0.18289922583953064,12,6,none,0
fErFL7gbTAM,UCzOgdLi9p2UIdhukecTSygg,time,7,7.4766,28,1255.47,1203,4072.932139359669,0.3082471084961252,confirmed,0.16363656316424485,12,6,none,0
fErFL7gbTAM,UCzOgdLi9p2UIdhukecTSygg,time,14,13.4766,28,1262.74,1203,4133.929429911266,0.30545674679349893,confirmed,0.13272057855187672,12,5,none,0
Og8ONzA93CA,UCNovoA9w0KnxyDP5bGrOYzg,heldout,14,13.8955,30,5914.06,6221,8393.629289116856,0.7045895593678153,confirmed,,13,11,none,0
uGuOxIClhGY,UCUynOuMTPXvUrTpcFWQ_qDA,time,1,0.9583,27,1718.92,2167,1069.9488783455386,1.6065464887168925,early,,6,4,none,0
uGuOxIClhGY,UCUynOuMTPXvUrTpcFWQ_qDA,time,2,1.9583,27,2162.75,2167,1072.1070105362473,2.017290098709687,early,0.7601624600711199,6,4,none,0
uGuOxIClhGY,UCUynOuMTPXvUrTpcFWQ_qDA,time,3,2.9583,27,1888.26,2167,1087.959289546186,1.7356019057661143,early,0.6565150975588808,6,3,none,0
uGuOxIClhGY,UCUynOuMTPXvUrTpcFWQ_qDA,time,5,4.9583,27,2198.51,2167,1163.6396507436036,1.889343158576277,likely,0.6689274601256019,6,3,none,0
uGuOxIClhGY,UCUynOuMTPXvUrTpcFWQ_qDA,time,7,7.9583,27,2328.01,2167,1222.854993850179,1.903745831876706,confirmed,0.5772277181333612,6,3,none,0
uGuOxIClhGY,UCUynOuMTPXvUrTpcFWQ_qDA,time,14,14.9583,27,2403.39,2167,1228.9999999999995,1.9555636847234792,confirmed,0.4993171058043164,6,2,none,0
iTc7OQzk5-4,UCSLClJLzdUMRMe0E4SPfc-w,time,0.5,0.5097,29,14415.01,7445,84737.05369124685,0.17011459818735641,early,,15,11,none,0
iTc7OQzk5-4,UCSLClJLzdUMRMe0E4SPfc-w,time,1,0.5097,29,14415.01,7445,84737.05369124685,0.17011459818735641,early,,15,11,none,0
iTc7OQzk5-4,UCSLClJLzdUMRMe0E4SPfc-w,time,2,1.5097,29,10507.58,7445,84000.51650799085,0.12508944490420848,early,0.57727635019195,15,11,none,0
iTc7OQzk5-4,UCSLClJLzdUMRMe0E4SPfc-w,time,3,2.5097,29,8162.44,7445,83460.40584058524,0.09780017401039794,early,0.39389777633155165,15,10,none,0
iTc7OQzk5-4,UCSLClJLzdUMRMe0E4SPfc-w,time,5,4.5097,29,7760.48,7445,82400.89025329973,0.09417959708307698,likely,0.2927545992063861,15,8,none,0
iTc7OQzk5-4,UCSLClJLzdUMRMe0E4SPfc-w,time,7,6.5097,29,8063.03,7445,81161.62992931981,0.0993453776108598,likely,0.25415778801095124,15,8,none,0
iTc7OQzk5-4,UCSLClJLzdUMRMe0E4SPfc-w,time,14,13.5097,29,7449.35,7445,78402.4229146119,0.09501431463808807,confirmed,0.20491003703196475,15,5,none,0
aCqm6Cwp6Ac,UCxmSA11SbI_3yBcHu6pKi_Q,time,14,12.8743,28,20577.36,38381,20526.33300323484,1.002486028437663,confirmed,0.43612813157743663,15,12,none,0
Gw8o6OvEAHY,UCAYLryveVTTC__-iYIvAP2g,time,5,6.9580,27,544.01,439,,,insufficient,,0,0,none,0
Gw8o6OvEAHY,UCAYLryveVTTC__-iYIvAP2g,time,7,6.9580,27,544.01,439,,,insufficient,,0,0,none,0
Gw8o6OvEAHY,UCAYLryveVTTC__-iYIvAP2g,time,14,13.9580,27,453.84,439,,,insufficient,0.025470690498029046,0,0,none,0
6CTotaUoZUo,UChzLnWVsl3puKQwc5PoO6Zg,time,14,13.8332,29,2225.12,2069,20339.42258595262,0.10939913142239292,confirmed,,14,14,none,0
E72ce8S3JE4,UCBQza5Ie61SqzFNl2lkdNAQ,time,1,0.9791,27,19988.86,22408,32393.40399194605,0.6170657043783562,early,,15,14,none,0
E72ce8S3JE4,UCBQza5Ie61SqzFNl2lkdNAQ,time,2,1.9791,27,22974.17,22408,32383.084943230206,0.7094498460273625,early,0.7495147453561586,15,14,none,0
E72ce8S3JE4,UCBQza5Ie61SqzFNl2lkdNAQ,time,3,2.9791,27,20721.44,22408,32383.084943230206,0.6398848332928769,early,0.6059423429697601,15,14,none,0
E72ce8S3JE4,UCBQza5Ie61SqzFNl2lkdNAQ,time,5,4.9791,27,25469.09,22408,32383.084943230206,0.7864935928699808,likely,0.6176984660637255,15,14,none,0
E72ce8S3JE4,UCBQza5Ie61SqzFNl2lkdNAQ,time,7,6.9791,27,26056.89,22408,32352.378976005177,0.8054086897928627,likely,0.5476762377335561,15,13,none,0
E72ce8S3JE4,UCBQza5Ie61SqzFNl2lkdNAQ,time,14,14.9791,27,24181.99,22408,32232.54477525043,0.7502351311453174,confirmed,0.4288838901296368,15,13,none,0
HALEYgzuJgQ,UC1J4DKcJXENzC-FkyMU6dow,time,14,13.6637,28,53123.44,51771,62431.35629135663,0.8509095369879793,confirmed,0.002811625061717758,15,12,none,0
-fwguGQLIgE,UCBhPkAuGks2UkizNMbtW6uw,time,5,5.3283,27,74.69,72,100.49904683273428,0.7431906679513576,likely,0.308780906475061,5,5,none,0
-fwguGQLIgE,UCBhPkAuGks2UkizNMbtW6uw,time,7,7.3283,27,81.19,72,94.89220921221059,0.8556018829885791,confirmed,0.33932257454738357,5,5,none,0
-fwguGQLIgE,UCBhPkAuGks2UkizNMbtW6uw,time,14,15.3283,27,73.82,72,90.79090529602183,0.8130779960344674,confirmed,0.1894646526717163,5,5,none,0
QbEPCbNW_dY,UCPfe6kkX-LqgAovxwxHQXdQ,time,14,12.5830,27,520.82,503,895.9999999999999,0.5812709693213877,confirmed,,15,14,none,0
miADlbTHPns,UCsvqVGtbbyHaMoevxPAq9Fg,time,7,7.8539,27,2878.72,2967,2944.4100810849905,0.9776897085984411,confirmed,,15,15,none,0
miADlbTHPns,UCsvqVGtbbyHaMoevxPAq9Fg,time,14,12.8539,27,2878.34,2967,3039.086966548084,0.9471063510483521,confirmed,0.2624270239131679,15,15,none,0
P9ln2d3lFso,UCgsTVmZXTKrnfXtxATXxUzQ,time,1,1.1904,29,32550.61,18372,20490.999999999993,1.588532002379758,early,1.331349329008504,15,9,none,0
P9ln2d3lFso,UCgsTVmZXTKrnfXtxATXxUzQ,time,2,2.1904,29,30178.73,18372,20490.999999999993,1.4727798953599582,early,0.9164964609698473,15,8,none,0
P9ln2d3lFso,UCgsTVmZXTKrnfXtxATXxUzQ,time,3,3.1904,29,27556.69,18372,20490.999999999993,1.3448192341004856,likely,0.7594505216762042,15,8,none,0
P9ln2d3lFso,UCgsTVmZXTKrnfXtxATXxUzQ,time,5,5.1904,29,25381.02,18372,20490.999999999993,1.238642557309737,likely,0.6087890668788546,15,8,none,0
P9ln2d3lFso,UCgsTVmZXTKrnfXtxATXxUzQ,time,7,7.1904,29,21964.81,18372,20490.999999999993,1.0719246701248522,confirmed,0.5355658588523997,15,7,none,0
P9ln2d3lFso,UCgsTVmZXTKrnfXtxATXxUzQ,time,14,14.1904,29,20456.94,18372,20490.999999999993,0.998338018430504,confirmed,0.42335302585621226,15,7,none,0
0BsiuLBfqOY,UC6BW8DqrAmBEIeCtMa4bfBw,time,14,13.2593,27,2779.18,2747,4012.270598362998,0.6926695588877512,confirmed,,15,15,none,0
nsD0FVDOdRU,UCecPJBL6E1PVky1-gj6KH5g,heldout,0.5,0.4307,30,9881.49,3779,105885.7478114396,0.09332216902684853,early,,14,14,none,0
nsD0FVDOdRU,UCecPJBL6E1PVky1-gj6KH5g,heldout,1,1.4307,30,8132.85,3779,108758.32724140576,0.07477911390013908,early,0.16396154781291147,15,14,none,0
nsD0FVDOdRU,UCecPJBL6E1PVky1-gj6KH5g,heldout,2,2.4307,30,5104.43,3779,109509.72296525152,0.0466116854280219,early,0.14403697746427316,15,14,none,0
nsD0FVDOdRU,UCecPJBL6E1PVky1-gj6KH5g,heldout,3,3.4307,30,4490.48,3779,109351.65669335178,0.041064591693273145,likely,0.13032434059363487,15,13,none,0
nsD0FVDOdRU,UCecPJBL6E1PVky1-gj6KH5g,heldout,5,5.4307,30,4172.14,3779,108692.90355700128,0.038384613147981486,likely,0.10884045088640193,15,12,none,0
nsD0FVDOdRU,UCecPJBL6E1PVky1-gj6KH5g,heldout,7,7.4307,30,4336.23,3779,123349.78445571414,0.03515395197324414,confirmed,0.09759236133636705,15,11,none,0
nsD0FVDOdRU,UCecPJBL6E1PVky1-gj6KH5g,heldout,14,14.4307,30,3998.12,3779,126697.99999999997,0.03155626939822421,confirmed,0.0781045609601622,15,7,none,0
nhB-cWIdaDA,UC8fQzKHIhSoZeSq3bwQx4mw,time,5,6.7953,27,419.34,350,,,insufficient,,2,2,none,0
nhB-cWIdaDA,UC8fQzKHIhSoZeSq3bwQx4mw,time,7,6.7953,27,419.34,350,,,insufficient,,2,2,none,0
nhB-cWIdaDA,UC8fQzKHIhSoZeSq3bwQx4mw,time,14,15.7953,27,356.66,350,,,insufficient,0.0461214565927574,2,2,none,0
KOwBCWfboD4,UCQheERIaSGDBrcRfNahTBcA,time,14,13.7498,27,16210.95,16789,18317.368654531896,0.8850040864794592,confirmed,0.2962003758880297,15,15,none,0
ar5TKkSccEc,UChISHLovxnSLP0w81NEQj5w,time,14,13.8253,28,1945.63,1887,9332.409041238938,0.20848134582654512,confirmed,0,15,15,none,0
nOgoGX589mc,UCrzFIb07hYMhMguR1G0ZtOw,heldout,1,0.9843,30,8185.66,29876,10712.404740623206,0.7641292745709783,early,,14,13,none,0
nOgoGX589mc,UCrzFIb07hYMhMguR1G0ZtOw,heldout,14,13.9843,30,18786.83,29876,8052.690507789886,2.3329882181335004,confirmed,0.6900332956677627,15,13,none,0
_ru4xguMmGA,UCnpWedLQdHpZqhgTLdB9Yyg,time,1,0.8954,29,96634.02,80821,69048.01182679809,1.3995192412409965,early,,14,14,none,0
_ru4xguMmGA,UCnpWedLQdHpZqhgTLdB9Yyg,time,2,1.8954,29,85765.77,80821,73618.10422106726,1.1650092263263998,early,0.49237109456009764,15,15,none,0
_ru4xguMmGA,UCnpWedLQdHpZqhgTLdB9Yyg,time,3,2.8954,29,74928.84,80821,72462.43483581101,1.0340370528197422,early,0.39286289714164624,15,15,none,0
_ru4xguMmGA,UCnpWedLQdHpZqhgTLdB9Yyg,time,5,4.8954,29,79471.40,80821,72610.39528535867,1.0944906473682918,likely,0.3765091333843949,15,15,none,0
_ru4xguMmGA,UCnpWedLQdHpZqhgTLdB9Yyg,time,7,6.8954,29,83949.14,80821,73194.18776734518,1.1469372807955642,likely,0.3483541394194415,15,15,none,0
_ru4xguMmGA,UCnpWedLQdHpZqhgTLdB9Yyg,time,14,13.8954,29,84470.84,80821,70852.99999999999,1.1921984314359202,confirmed,0.29293484793025826,15,12,none,0
npqG2OZXxek,UCFY0YHhxiIQWYYsLgeUBcbg,time,14,13.8322,28,110186.65,118352,99894.77419809735,1.103027132917325,confirmed,0.4464088319320072,15,14,none,0
Sopl5v4UTwc,UCLhu5JoRWPgEGDoUFfQHTPQ,time,5,5.7708,29,11102.36,9177,6759.936237802705,1.6423765432532735,likely,,11,11,none,0
Sopl5v4UTwc,UCLhu5JoRWPgEGDoUFfQHTPQ,time,7,6.7708,29,9183.85,9177,6172.521910704332,1.4878599592727757,likely,0.166119656002178,15,15,none,0
Sopl5v4UTwc,UCLhu5JoRWPgEGDoUFfQHTPQ,time,14,13.7708,29,9104.78,9177,6023.999999999995,1.5114172748895138,confirmed,0.09703416660545701,15,11,none,0
F9w5QpdToos,UCjrb6YumTXFixchqoGyULkg,time,14,13.9163,28,245445.02,243827,40113.360482576165,6.118784737968094,confirmed,0.4352303236433653,15,14,none,0
Hmsn7pxwtu8,UCc11676iKpKrJMYqNYHqNig,time,7,8.1262,28,3391.25,2865,3059.68450083828,1.10836504433675,confirmed,,15,13,none,0
Hmsn7pxwtu8,UCc11676iKpKrJMYqNYHqNig,time,14,12.1262,28,2851.25,2865,3068.8216399327503,0.9291032141062487,confirmed,0.06561896256037067,15,13,none,0
SOBysPS6nJQ,UCg2EPgrZtxyZPdaprLgSqpQ,time,5,6.4419,28,94.45,79,,,insufficient,,0,0,none,0
SOBysPS6nJQ,UCg2EPgrZtxyZPdaprLgSqpQ,time,7,7.4419,28,82.45,79,,,insufficient,0,0,0,none,0
SOBysPS6nJQ,UCg2EPgrZtxyZPdaprLgSqpQ,time,14,14.4419,28,79.60,79,,,insufficient,0.036053035994912906,0,0,none,0
NnbBFh66TQQ,UCLasRuEwYys3CeBhn3NXFXw,time,14,13.3075,28,10610.84,11017,288.36995743924024,36.79592050953515,confirmed,0.7860174724270109,15,15,none,0
FYyjcU387fQ,UCPa0bvFsR1mbBpk5mIPFGLA,heldout,14,14.9164,30,86465.89,96398,66658.23871385978,1.29715236536463,confirmed,,15,14,none,0
kbs1XMHabz8,UCSJhfA8s9mLYTfavcV5yoHA,heldout,14,14.1458,27,1895.44,1861,1068.6322181788025,1.7737059290055024,confirmed,0.20026268587898374,15,13,none,0
ria70BFUIrs,UCnmGIkw-KdI0W5siakKPKog,heldout,14,12.8739,30,3447197.61,3725481,4475547.047462013,0.770229332212691,confirmed,,15,15,none,0
q6tYDSHlLME,UC6BW8DqrAmBEIeCtMa4bfBw,time,14,13.3193,28,19310.19,17990,3833.8459948339714,5.036766657792873,confirmed,,15,15,none,0
EjZPGbZDJx8,UC1KoulyXR8gBGyxv7r6pWQg,time,7,7.8957,27,66512.77,101983,20826.79906042265,3.1936148495535854,confirmed,,15,14,none,0
EjZPGbZDJx8,UC1KoulyXR8gBGyxv7r6pWQg,time,14,13.8957,27,87046.86,101983,20902.99999999998,4.16432369277621,confirmed,0.5112795028377786,15,10,none,0
bGnwvRVzv4o,UCstwpLSByklww1YojZN-KiQ,heldout,2,2.5670,30,112362.30,123815,119405.55616722887,0.9410139990277985,early,,14,13,none,0
bGnwvRVzv4o,UCstwpLSByklww1YojZN-KiQ,heldout,3,2.5670,30,112362.30,123815,119405.55616722887,0.9410139990277985,early,,14,13,none,0
bGnwvRVzv4o,UCstwpLSByklww1YojZN-KiQ,heldout,5,6.5670,30,115884.70,123815,93266.6624265707,1.2425093833334495,likely,0.3375806580414612,15,14,none,0
bGnwvRVzv4o,UCstwpLSByklww1YojZN-KiQ,heldout,7,6.5670,30,115884.70,123815,93266.6624265707,1.2425093833334495,likely,0.3375806580414612,15,14,none,0
bGnwvRVzv4o,UCstwpLSByklww1YojZN-KiQ,heldout,14,13.5670,30,127590.27,123815,93358.14603282882,1.3666753245317955,confirmed,0.28863675808248695,15,12,none,0
fb8BDVvqSHk,UCdt0GYPfoQdIZTiqH4CDBaw,time,5,6.9166,29,9405.58,8038,,,insufficient,,0,0,none,0
fb8BDVvqSHk,UCdt0GYPfoQdIZTiqH4CDBaw,time,7,6.9166,29,9405.58,8038,,,insufficient,,0,0,none,0
fb8BDVvqSHk,UCdt0GYPfoQdIZTiqH4CDBaw,time,14,13.9166,29,8065.80,8038,,,insufficient,0.06885255329483861,0,0,none,0
RELWFl0AiUI,UCdt0GYPfoQdIZTiqH4CDBaw,time,5,4.9166,27,22934.91,18807,,,insufficient,,1,1,none,0
RELWFl0AiUI,UCdt0GYPfoQdIZTiqH4CDBaw,time,7,6.9166,27,19272.45,18807,,,insufficient,0.13259510570412697,1,1,none,0
RELWFl0AiUI,UCdt0GYPfoQdIZTiqH4CDBaw,time,14,12.9166,27,18923.92,18807,,,insufficient,0.09565441122863953,1,1,none,0
68p9QqZJItY,UCCI37YB3l21oq_sLoc92YfA,time,14,13.8228,28,26672.71,30297,389.2021970608821,68.53175394520171,confirmed,1.843484267214636,15,12,none,0
2ElucWj2yR0,UCGpsgNbzdF7BECCVbB1COHw,time,7,7.9591,27,7182.95,6166,4572.597210484877,1.5708679660635012,confirmed,,10,10,none,0
2ElucWj2yR0,UCGpsgNbzdF7BECCVbB1COHw,time,14,14.9591,27,6166.69,6166,6215.458127998301,0.9921530036605143,confirmed,0.07749293113042105,15,15,none,0
a5V6gIeoYs8,UCZlAwnm7YLWxQtdDZiSWaJA,time,3,3.8750,29,1734.58,62526,,,insufficient,,0,0,none,0
a5V6gIeoYs8,UCZlAwnm7YLWxQtdDZiSWaJA,time,5,4.8750,29,1488.65,62526,28764.08675603102,0.05175370440979035,likely,0.29544059776052833,13,13,none,0
a5V6gIeoYs8,UCZlAwnm7YLWxQtdDZiSWaJA,time,7,6.8750,29,1523.20,62526,28764.08675603102,0.05295485311534267,likely,0.292921051752339,15,15,none,0
a5V6gIeoYs8,UCZlAwnm7YLWxQtdDZiSWaJA,time,14,14.8750,29,44346.47,62526,28179.50822763572,1.5737132486353096,confirmed,2.9358712476644633,15,15,none,0
wofvXUnbdBg,UCPAt6z5uX_c5Eo_cSNROzYw,time,7,8.7996,28,499.94,406,4126.314507504928,0.1211577762497123,confirmed,,15,15,none,0
wofvXUnbdBg,UCPAt6z5uX_c5Eo_cSNROzYw,time,14,13.7996,28,413.52,406,3835.0307314793113,0.10782823375301163,confirmed,0.018261022307738888,15,15,none,0
zcMnpQee1rs,UCGpsgNbzdF7BECCVbB1COHw,heldout,14,14.2076,29,12461.56,12203,6790.08804586738,1.8352580173352224,confirmed,0.04400709089344457,15,15,none,0
zcMnpQee1rs,UCGpsgNbzdF7BECCVbB1COHw,time,14,14.2076,29,12461.56,12203,6790.08804586738,1.8352580173352224,confirmed,0.04400709089344457,15,15,none,0
i9BQS6oSHGU,UC-OJ-24roEfQ_-PCnLJSckg,time,1,0.8382,28,271395.32,270292,200403.99999999994,1.3542410471090087,early,,15,11,none,0
i9BQS6oSHGU,UC-OJ-24roEfQ_-PCnLJSckg,time,2,1.8382,28,225311.11,270292,200403.99999999994,1.124284495777246,early,0.5584884748658091,15,11,none,0
i9BQS6oSHGU,UC-OJ-24roEfQ_-PCnLJSckg,time,3,2.8382,28,229129.66,270292,200403.99999999994,1.1433387771026482,early,0.48985974683233663,15,10,none,0
i9BQS6oSHGU,UC-OJ-24roEfQ_-PCnLJSckg,time,5,4.8382,28,233788.84,270292,200403.99999999994,1.1665877037323373,likely,0.4023835405738438,15,10,none,0
i9BQS6oSHGU,UC-OJ-24roEfQ_-PCnLJSckg,time,7,6.8382,28,230746.92,270292,200403.99999999994,1.1514087566380693,likely,0.3973740861496844,15,10,none,0
i9BQS6oSHGU,UC-OJ-24roEfQ_-PCnLJSckg,time,14,13.8382,28,257740.48,270292,200403.99999999994,1.286104465550063,confirmed,0.3630421205938333,15,9,none,0
UFUIy5U5tVs,UC8kGsMa0LygSX9nkBcBH1Sg,time,5,6.8327,27,18075.74,25606,,,insufficient,,0,0,none,0
UFUIy5U5tVs,UC8kGsMa0LygSX9nkBcBH1Sg,time,7,6.8327,27,18075.74,25606,,,insufficient,,0,0,none,0
UFUIy5U5tVs,UC8kGsMa0LygSX9nkBcBH1Sg,time,14,12.8327,27,20382.31,25606,10521.699892097504,1.9371689592572345,confirmed,0.3435186189196919,15,11,none,0
xf59x78d1mU,UCWzNlC-0FQVelSKLlUoj71g,time,14,13.9569,30,5115.11,4874,2443.0936463323605,2.0937000863293065,confirmed,,11,11,none,0
1SOp7omsRG8,UCiMwMz3RMbW5mbx0iDcRQ2g,time,14,13.7426,28,1101.01,1107,2027.1862554226589,0.5431218855032737,confirmed,0.09729439419790077,15,12,none,0
Nj1MZxYhQIs,UCClMPKqtJ1LbRBCDP948g5Q,time,5,6.0700,27,5277.65,4648,3543.937999754708,1.489205594551645,likely,,15,14,none,0
Nj1MZxYhQIs,UCClMPKqtJ1LbRBCDP948g5Q,time,7,7.0700,27,4649.09,4648,3543.937999754708,1.3118427980736727,confirmed,0.06822846154455915,15,14,none,0
Nj1MZxYhQIs,UCClMPKqtJ1LbRBCDP948g5Q,time,14,15.0700,27,4685.23,4648,3983.0061846726794,1.176305882874848,confirmed,0.09526770477153909,15,11,none,0
gHlNf7G1Grk,UCgxSTAUCx4JbT5J0ako61Ww,time,14,14.6671,29,4045.76,3783,2155.795977695308,1.876691818717189,confirmed,,15,15,none,0
zB6DdxyXSIE,UCN3U77hj4a8bJ0jpwSxaZFw,time,14,13.9415,29,4685.23,4685,5722.556780101781,0.8187308202600385,confirmed,0.0634581881048552,15,15,none,0
l9dDuZfnauM,UCe1Ka1W1V_TfRSwE_luacEg,time,14,12.7883,27,8210.10,8248,4871.872477345846,1.6852039478194274,confirmed,,15,13,none,0
bel9aSViPBc,UC2dSE9W3lGYbFi_CPmVtA-A,time,5,4.9536,30,13034.57,16780,,,insufficient,,14,14,none,0
bel9aSViPBc,UC2dSE9W3lGYbFi_CPmVtA-A,time,7,6.9536,30,13651.33,16780,,,insufficient,0.3992201328971587,15,15,none,0
bel9aSViPBc,UC2dSE9W3lGYbFi_CPmVtA-A,time,14,13.9536,30,16233.67,16780,,,insufficient,0.4034015365796074,15,15,none,0
i6r0a1H0UEQ,UCvIBHWtafirbX5GQmjXPIzw,heldout,5,4.8216,29,13220.85,12591,17297.50002482049,0.7643215242690317,likely,,15,11,none,0
i6r0a1H0UEQ,UCvIBHWtafirbX5GQmjXPIzw,heldout,7,7.8216,29,11516.64,12591,17307.70321243278,0.6654053310225881,confirmed,0.17946860543675688,15,11,none,0
i6r0a1H0UEQ,UCvIBHWtafirbX5GQmjXPIzw,heldout,14,13.8216,29,12302.76,12591,17267.86661668873,0.7124654068316012,confirmed,0.19852199007802973,15,10,none,0
TBWsUPEDlvk,UCfzP_CiebRdveD9rRZv5Ndw,time,1,0.9161,27,24953.07,19411,21134.356410883625,1.1806873191397491,early,,15,15,none,0
TBWsUPEDlvk,UCfzP_CiebRdveD9rRZv5Ndw,time,2,1.9161,27,22391.72,19411,21160.87240765451,1.058166428078951,early,0.5229466992082309,15,15,none,0
TBWsUPEDlvk,UCfzP_CiebRdveD9rRZv5Ndw,time,3,2.9161,27,19758.86,19411,21468.487921498763,0.9203658760507347,early,0.4252852634090344,15,15,none,0
TBWsUPEDlvk,UCfzP_CiebRdveD9rRZv5Ndw,time,5,4.9161,27,19953.81,19411,21866.640952803944,0.9125227561539648,likely,0.35408428822270765,15,15,none,0
TBWsUPEDlvk,UCfzP_CiebRdveD9rRZv5Ndw,time,7,7.9161,27,20561.36,19411,21593.672866285793,0.952193645322996,confirmed,0.3197202106615467,15,15,none,0
TBWsUPEDlvk,UCfzP_CiebRdveD9rRZv5Ndw,time,14,15.9161,27,19989.51,19411,21638.510733453746,0.92379302990398,confirmed,0.2600297534561507,15,11,none,0
kzestjld8Ng,UCEh_IoMVGA7NPsx6-2H8Bqw,time,14,14.1689,29,1075.16,1064,1195.278931251633,0.8995088144826368,confirmed,0.04235900123329879,15,14,none,0
RS61P0tsIts,UCfQgsKhHjSyRLOp9mnffqVg,heldout,1,1.8328,30,1092955.44,893913,534977.936680654,2.042991609600809,early,,15,14,none,0
RS61P0tsIts,UCfQgsKhHjSyRLOp9mnffqVg,heldout,2,1.8328,30,1092955.44,893913,534977.936680654,2.042991609600809,early,,15,14,none,0
RS61P0tsIts,UCfQgsKhHjSyRLOp9mnffqVg,heldout,3,2.8328,30,897681.87,893913,535574.5140557549,1.676110128943799,early,0.2986617461989453,15,14,none,0
RS61P0tsIts,UCfQgsKhHjSyRLOp9mnffqVg,heldout,5,4.8328,30,906584.08,893913,537455.4065982518,1.6868080065809916,likely,0.25689641380538314,15,12,none,0
RS61P0tsIts,UCfQgsKhHjSyRLOp9mnffqVg,heldout,7,7.8328,30,784375.40,893913,539539.8296414667,1.4537859064801795,confirmed,0.2167063438589566,15,10,none,0
RS61P0tsIts,UCfQgsKhHjSyRLOp9mnffqVg,heldout,14,13.8328,30,888691.30,893913,545316.9999999999,1.6296783259929937,confirmed,0.18838958034153877,15,7,none,0
jdKtPL6UmH8,UCebT5m6aSB3Yd8Adn92yeDQ,time,14,13.7071,29,25138.06,28497,19781.400239641105,1.2707928981358891,confirmed,0.6806097784874877,15,13,none,0
yPTbywOkXIo,UC8uU_wruBMHeeRma49dtZKA,time,1,0.9569,30,8749.78,9082,13198.62567070126,0.6629308855852861,early,,15,13,none,0
yPTbywOkXIo,UC8uU_wruBMHeeRma49dtZKA,time,2,1.9569,30,15656.27,9082,13198.62567070126,1.1862046220431497,early,1.3562179889536143,15,13,none,0
yPTbywOkXIo,UC8uU_wruBMHeeRma49dtZKA,time,3,2.9569,30,14723.45,9082,13190.20949409184,1.1162404451062553,early,0.9024512377633082,15,13,none,0
yPTbywOkXIo,UC8uU_wruBMHeeRma49dtZKA,time,5,4.9569,30,11459.16,9082,13245.000000000002,0.8651686477353729,likely,0.638189683879243,15,12,none,0
yPTbywOkXIo,UC8uU_wruBMHeeRma49dtZKA,time,7,6.9569,30,10227.21,9082,13245.000000000002,0.7721560244936552,likely,0.5364989312682618,15,12,none,0
yPTbywOkXIo,UC8uU_wruBMHeeRma49dtZKA,time,14,13.9569,30,10396.79,9082,13245.000000000002,0.7849596741047252,confirmed,0.41908861263366126,15,12,none,0
W6BOaobUC38,UCrwbBzP11NhxRUCRKx_BgoQ,time,14,12.9313,27,239236.45,220856,523254.8634827292,0.4572082650565632,confirmed,,15,15,none,0
BEbr83HMO4g,UC-mP1nlk0qOutA08zuQHORA,time,0.5,0.6979,27,729868.92,742201,1057347.7807900147,0.6902827401058881,early,,15,10,none,0
BEbr83HMO4g,UC-mP1nlk0qOutA08zuQHORA,time,1,0.6979,27,729868.92,742201,1057347.7807900147,0.6902827401058881,early,,15,10,none,0
BEbr83HMO4g,UC-mP1nlk0qOutA08zuQHORA,time,2,1.6979,27,794265.99,742201,1066196.9285075022,0.7449524291003958,early,0.761558873186274,15,10,none,0
BEbr83HMO4g,UC-mP1nlk0qOutA08zuQHORA,time,3,2.6979,27,724704.58,742201,1072265.0000000005,0.6758633215159419,early,0.6177940172299532,15,10,none,0
BEbr83HMO4g,UC-mP1nlk0qOutA08zuQHORA,time,5,4.6979,27,771054.66,742201,1078052.6067539048,0.7152291613746076,likely,0.5311381131701479,15,10,none,0
BEbr83HMO4g,UC-mP1nlk0qOutA08zuQHORA,time,7,6.6979,27,856005.30,742201,1076878.190015542,0.7948951952792193,likely,0.4868541446419579,15,9,none,0
BEbr83HMO4g,UC-mP1nlk0qOutA08zuQHORA,time,14,15.6979,27,780793.79,742201,1072265.0000000005,0.7281724089913846,confirmed,0.37354070645941084,15,7,none,0
lTcMzAGSJZQ,UCI8gcSTo1FowsRJdilsjsZw,time,1,0.9238,28,19110.28,17184,38702.761936346724,0.49377045212900744,early,,13,13,none,0
lTcMzAGSJZQ,UCI8gcSTo1FowsRJdilsjsZw,time,2,1.9238,28,17623.89,17184,37805.377692139504,0.46617403123485457,early,0.5899683232429468,15,15,none,0
lTcMzAGSJZQ,UCI8gcSTo1FowsRJdilsjsZw,time,3,2.9238,28,18526.09,17184,34978.377692602946,0.5296439619052185,early,0.4996916522474688,15,15,none,0
lTcMzAGSJZQ,UCI8gcSTo1FowsRJdilsjsZw,time,5,4.9238,28,15441.50,17184,34637.73031840497,0.4458001120666681,likely,0.36419499501875846,15,15,none,0
lTcMzAGSJZQ,UCI8gcSTo1FowsRJdilsjsZw,time,7,6.9238,28,17875.74,17184,34929.890690894965,0.511760666976617,likely,0.40335814962046934,15,15,none,0
lTcMzAGSJZQ,UCI8gcSTo1FowsRJdilsjsZw,time,14,13.9238,28,18737.80,17184,34754.113820556726,0.539153535737311,confirmed,0.34203781137567396,15,15,none,0
4MBtrq-N56k,UC_mmaVYaFmlfdxuKb6U69Yw,time,1,0.8262,27,653461.08,848932,656943.0000000003,0.9946998165512534,early,,15,12,none,0
4MBtrq-N56k,UC_mmaVYaFmlfdxuKb6U69Yw,time,2,1.8262,27,700608.77,848932,656943.0000000003,1.0664681192609426,early,0.7734710712893791,15,12,none,0
4MBtrq-N56k,UC_mmaVYaFmlfdxuKb6U69Yw,time,3,2.8262,27,637520.99,848932,656943.0000000003,0.970435772082183,early,0.6263531831947474,15,12,none,0
4MBtrq-N56k,UC_mmaVYaFmlfdxuKb6U69Yw,time,5,4.8262,27,632739.35,848932,656943.0000000003,0.9631571540392087,likely,0.5316569361339788,15,11,none,0
4MBtrq-N56k,UC_mmaVYaFmlfdxuKb6U69Yw,time,7,6.8262,27,715186.28,848932,656943.0000000003,1.0886580488417883,likely,0.5143399821875168,15,11,none,0
4MBtrq-N56k,UC_mmaVYaFmlfdxuKb6U69Yw,time,14,12.8262,27,899859.26,848932,656943.0000000003,1.369767642529715,confirmed,0.49781732758401354,15,11,none,0
xNpDEbOUZEw,UCBRxDSTfr2aJVODDh4WG_7g,time,7,7.2612,28,334.97,277,2371.536315371678,0.14124561401084582,confirmed,,10,10,none,0
xNpDEbOUZEw,UCBRxDSTfr2aJVODDh4WG_7g,time,14,12.2612,28,279.13,277,2323.2368405332477,0.1201466391590914,confirmed,0.0315371904932965,15,15,none,0
Mrl21JGKxg4,UCDr-9ViL8OpJsOXXrY1bbOw,time,14,12.8328,27,11984.58,11372,4549.535472043999,2.634242336865398,confirmed,0.4826835460725906,15,14,none,0
sZXnZ0uyikQ,UCsilEv_20FmmBr5CDzmTMgg,time,1,0.8539,29,15090.94,11369,31880.85715933868,0.47335428553084336,early,,15,9,none,0
sZXnZ0uyikQ,UCsilEv_20FmmBr5CDzmTMgg,time,2,1.8539,29,15791.95,11369,31814.600129756924,0.4963743979388901,early,0.7267445343702178,15,9,none,0
sZXnZ0uyikQ,UCsilEv_20FmmBr5CDzmTMgg,time,3,2.8539,29,13625.24,11369,31907.70179328093,0.42702035906739894,early,0.5271996318361853,15,8,none,0
sZXnZ0uyikQ,UCsilEv_20FmmBr5CDzmTMgg,time,5,4.8539,29,11475.21,11369,32477.564739852693,0.35332729083048714,likely,0.3910446811518644,15,8,none,0
sZXnZ0uyikQ,UCsilEv_20FmmBr5CDzmTMgg,time,7,6.8539,29,13115.28,11369,32577.351014694425,0.40258901773763833,likely,0.352849595183656,15,8,none,0
sZXnZ0uyikQ,UCsilEv_20FmmBr5CDzmTMgg,time,14,13.8539,29,11705.83,11369,33034.01653073333,0.35435679263663633,confirmed,0.29381966214203553,15,7,none,0
9ZsAWvf29qo,UCeKKrZ5GnBXRwnKlrixiREQ,time,5,6.4445,29,123709.38,107525,,,insufficient,,0,0,none,0
9ZsAWvf29qo,UCeKKrZ5GnBXRwnKlrixiREQ,time,7,7.4445,29,110363.38,107525,,,insufficient,0.17200408805883008,0,0,none,0
9ZsAWvf29qo,UCeKKrZ5GnBXRwnKlrixiREQ,time,14,13.4445,29,107937.15,107525,,,insufficient,0.0918827882102769,0,0,none,0
LffevT1SA9c,UCicLtkURhSq2fNDCzpb8NVw,time,0.5,0.7269,28,6260.46,10779,326.2833057184937,19.187181363180056,early,,6,5,none,0
LffevT1SA9c,UCicLtkURhSq2fNDCzpb8NVw,time,1,0.7269,28,6260.46,10779,326.2833057184937,19.187181363180056,early,,6,5,none,0
LffevT1SA9c,UCicLtkURhSq2fNDCzpb8NVw,time,2,1.7269,28,9717.69,10779,334.6453035177717,29.038761956600258,early,1.1348474875694232,6,5,none,0
LffevT1SA9c,UCicLtkURhSq2fNDCzpb8NVw,time,3,2.7269,28,8096.83,10779,335.8508141998327,24.108426664827913,early,0.8689929550575324,6,5,none,0
LffevT1SA9c,UCicLtkURhSq2fNDCzpb8NVw,time,5,4.7269,28,10960.76,10779,344.5861403096927,31.80848203961513,likely,0.7606346172569652,6,5,none,0
LffevT1SA9c,UCicLtkURhSq2fNDCzpb8NVw,time,7,6.7269,28,10622.86,10779,346.285174799724,30.676616341088376,likely,0.677963183208298,6,5,none,0
LffevT1SA9c,UCicLtkURhSq2fNDCzpb8NVw,time,14,13.7269,28,12300.65,10779,365,33.70040946891957,confirmed,0.5998428769847646,6,4,none,0
_-8J69gZAL4,UCEtxsMx4qsoitFwjBdLU_gA,time,5,5.4213,27,837.61,696,,,insufficient,,2,2,none,0
_-8J69gZAL4,UCEtxsMx4qsoitFwjBdLU_gA,time,7,7.4213,27,700.28,696,,,insufficient,0.12363516666347787,2,2,none,0
_-8J69gZAL4,UCEtxsMx4qsoitFwjBdLU_gA,time,14,12.4213,27,685.42,696,,,insufficient,0.09973702768113323,2,2,none,0
gt3EQcfzroE,UCLVGBWZrAniy5r767EXaR8A,time,1,0.8190,29,1124.01,972,700.0701715253372,1.6055669768094103,early,,15,10,none,0
gt3EQcfzroE,UCLVGBWZrAniy5r767EXaR8A,time,2,1.8190,29,1367.84,972,692.1935155885851,1.9760994532977123,early,0.8825904210221929,15,10,none,0
gt3EQcfzroE,UCLVGBWZrAniy5r767EXaR8A,time,3,2.8190,29,1349.49,972,684.3585081947315,1.9718982170763324,early,0.6297731412173835,15,9,none,0
gt3EQcfzroE,UCLVGBWZrAniy5r767EXaR8A,time,5,4.8190,29,1062.99,972,666.1876833497801,1.5956263233043753,likely,0.43829179630589454,15,7,none,0
gt3EQcfzroE,UCLVGBWZrAniy5r767EXaR8A,time,7,6.8190,29,1131.58,972,652.5426107396618,1.7341165920535797,likely,0.37136992494439,15,4,none,0
gt3EQcfzroE,UCLVGBWZrAniy5r767EXaR8A,time,14,13.8190,29,966.75,972,626.4400777830898,1.543242649306927,confirmed,0.2872043172204474,15,2,none,0
SqWhDBaJ3O4,UCEh_IoMVGA7NPsx6-2H8Bqw,time,14,14.4458,29,1816.41,1831,1195.278931251633,1.5196509490826853,confirmed,0.06818160176263646,15,13,none,0
IX2o6hk3F9s,UCN7dywl5wDxTu1RM3eJ_h9Q,time,3,3.0412,28,2953.86,3928,11944.129518209236,0.2473061534937964,likely,,8,8,none,0
IX2o6hk3F9s,UCN7dywl5wDxTu1RM3eJ_h9Q,time,5,5.0412,28,2778.98,3928,11971.25121917378,0.23213792205434847,likely,0.3656044141174374,15,14,none,0
IX2o6hk3F9s,UCN7dywl5wDxTu1RM3eJ_h9Q,time,7,6.0412,28,3007.83,3928,12047.362609006776,0.249667427911607,likely,0.43427587496726433,15,14,none,0
IX2o6hk3F9s,UCN7dywl5wDxTu1RM3eJ_h9Q,time,14,12.0412,28,3665.10,3928,12201,0.30039355140619717,confirmed,0.44504427175063566,15,13,none,0
br-iVypB4a0,UCAXUwGU47XVY-0lH9qhUr1Q,heldout,1,1.6664,32,93042.06,80172,83696.48675470696,1.111660270927755,early,,15,9,none,0
br-iVypB4a0,UCAXUwGU47XVY-0lH9qhUr1Q,heldout,2,1.6664,32,93042.06,80172,83696.48675470696,1.111660270927755,early,,15,9,none,0
br-iVypB4a0,UCAXUwGU47XVY-0lH9qhUr1Q,heldout,3,2.6664,32,76684.81,80172,85253.73508881213,0.8994891767368303,early,0.2944365323226374,15,8,none,0
br-iVypB4a0,UCAXUwGU47XVY-0lH9qhUr1Q,heldout,5,4.6664,32,94714.85,80172,85644.47402187948,1.1059073412128408,likely,0.2843590378599769,15,8,none,0
br-iVypB4a0,UCAXUwGU47XVY-0lH9qhUr1Q,heldout,7,6.6664,32,98439.83,80172,85297.55673941321,1.1540755593236538,likely,0.2622439497274931,15,7,none,0
br-iVypB4a0,UCAXUwGU47XVY-0lH9qhUr1Q,heldout,14,14.6664,32,79882.39,80172,85065.27659542547,0.9390716088711987,confirmed,0.22469416743551998,15,5,none,0
MW2vQA-hAkw,UCT6fVez_0DmaZ_WDaRhUw2A,heldout,14,13.6665,30,22216.80,26565,36372.932461070166,0.6108058455721325,confirmed,,15,15,none,0
umeNwM4IfCQ,UClZT1TPdg5Hrx2HPmkALofw,time,14,14.9692,27,780.54,807,763.7152770971636,1.0220286120183464,confirmed,0.16419852439380495,15,11,none,0
oFvDZ1NFIVk,UC4MndkrWaqQF1uZ5-kO3t6Q,heldout,7,7.0267,29,32.74,51,,,insufficient,,0,0,none,0
oFvDZ1NFIVk,UC4MndkrWaqQF1uZ5-kO3t6Q,time,7,7.0267,29,32.74,51,,,insufficient,,0,0,none,0
oFvDZ1NFIVk,UC4MndkrWaqQF1uZ5-kO3t6Q,heldout,14,14.0267,29,28.95,51,,,insufficient,0.11818428240976712,0,0,none,0
oFvDZ1NFIVk,UC4MndkrWaqQF1uZ5-kO3t6Q,time,14,14.0267,29,28.95,51,,,insufficient,0.11818428240976712,0,0,none,0
yU2u7D8RuG4,UCGWNHkr2WZcRbxqoet-nyeg,time,14,12.8786,27,4482.37,4140,2598.893198610829,1.724721107756424,confirmed,,15,15,none,0
BzXqHxy13iA,UC6BW8DqrAmBEIeCtMa4bfBw,time,14,14.2629,29,2225.12,2101,3832.1231976756662,0.580648128923892,confirmed,,15,15,none,0
wh0uup4o7Mg,UCat0LyGytYMwfZEPbO_rOrA,heldout,14,13.9999,29,3071.45,3163,2413.329316754868,1.2727040077450826,confirmed,0.12099784724208529,15,15,none,0
wh0uup4o7Mg,UCat0LyGytYMwfZEPbO_rOrA,time,14,13.9999,29,3071.45,3163,2413.329316754868,1.2727040077450826,confirmed,0.12099784724208529,15,15,none,0
vP_TFGUrbx0,UC6BW8DqrAmBEIeCtMa4bfBw,time,14,13.3478,28,15765.30,14329,3757.184108647544,4.19604019523022,confirmed,,15,15,none,0
Ez-uqo8kIU0,UCJS9pqu9BzkAMNTmzNMNhvg,time,14,12.8110,27,2386.17,2412,2060.5052023506487,1.1580511561972302,confirmed,0.3630879646497359,15,11,none,0
k2RJtNwcyxc,UCXV8h3I9pnfZuDpg6xEM_8w,time,14,13.9572,28,5071.89,5243,6883.179264447536,0.736852594590685,confirmed,,15,14,none,0
Nvx3MWoXnzI,UCEdGrVhYNUONApiHxV40oyw,time,14,12.8533,27,8578.57,8562,11506.624189491518,0.7455329627246572,confirmed,0.07581303202732577,15,14,none,0
OctFgftg2Xk,UCMIjEnXruVHtvgSVf6TgfUg,time,14,13.6114,28,55862.00,59545,75853.94091309223,0.736441671999257,confirmed,0.10364098881709265,15,14,none,0
3CxEfJbpGPU,UC8DqDLFZCni7Jkys3N3818w,heldout,5,4.8180,27,61.19,91,28.874618945760517,2.1191192487026878,likely,,3,3,none,0
3CxEfJbpGPU,UC8DqDLFZCni7Jkys3N3818w,time,5,4.8180,27,61.19,91,28.874618945760517,2.1191192487026878,likely,,3,3,none,0
3CxEfJbpGPU,UC8DqDLFZCni7Jkys3N3818w,heldout,7,6.8180,27,74.23,91,31.671636023837852,2.3437853150065395,likely,0.6170554982731096,3,3,none,0
3CxEfJbpGPU,UC8DqDLFZCni7Jkys3N3818w,time,7,6.8180,27,74.23,91,31.671636023837852,2.3437853150065395,likely,0.6170554982731096,3,3,none,0
3CxEfJbpGPU,UC8DqDLFZCni7Jkys3N3818w,heldout,14,12.8180,27,66.05,91,33.789047858064464,1.9548608899637123,confirmed,0.31314619826371304,3,3,none,0
3CxEfJbpGPU,UC8DqDLFZCni7Jkys3N3818w,time,14,12.8180,27,66.05,91,33.789047858064464,1.9548608899637123,confirmed,0.31314619826371304,3,3,none,0
KKj7tYu25s0,UCgBc9iNvvjWDInV6fBeTGXQ,time,5,5.5634,29,22974.34,24052,19280.173399254498,1.1916044312405007,likely,,15,15,none,0
KKj7tYu25s0,UCgBc9iNvvjWDInV6fBeTGXQ,time,7,6.5634,29,22756.02,24052,19284.90538073905,1.1799913472322179,likely,0.42199645980910677,15,15,none,0
KKj7tYu25s0,UCgBc9iNvvjWDInV6fBeTGXQ,time,14,13.5634,29,25691.92,24052,19501.337882119922,1.3174439306380032,confirmed,0.3310255592551695,15,15,none,0
wSvPCnvvnpc,UCNcpeWJ-c3jMX_9fQ4b9v1Q,time,1,1.5410,27,416.78,2239,1210.2467507494728,0.3443799911791787,early,,15,15,none,0
wSvPCnvvnpc,UCNcpeWJ-c3jMX_9fQ4b9v1Q,time,2,1.5410,27,416.78,2239,1210.2467507494728,0.3443799911791787,early,,15,15,none,0
wSvPCnvvnpc,UCNcpeWJ-c3jMX_9fQ4b9v1Q,time,3,2.5410,27,990.69,2239,1219.0798867094231,0.8126559413833644,early,2.2014491982201747,15,15,none,0
wSvPCnvvnpc,UCNcpeWJ-c3jMX_9fQ4b9v1Q,time,5,4.5410,27,2999.32,2239,1234.4400083604196,2.429697419580558,likely,2.532431824600222,15,15,none,0
wSvPCnvvnpc,UCNcpeWJ-c3jMX_9fQ4b9v1Q,time,7,6.5410,27,3645.90,2239,1560.9377389582305,2.3357099379962003,likely,2.1187978776804743,15,15,none,0
wSvPCnvvnpc,UCNcpeWJ-c3jMX_9fQ4b9v1Q,time,14,12.5410,27,2747.68,2239,1794.2386289996277,1.531387853086262,confirmed,1.35988348846303,15,15,none,0
Sw7wnZSy4Ug,UC7Hi_moNiYG88AgbyiJU9UQ,heldout,1,1.8539,30,1515.75,1859,6126.7400775478145,0.24739924558500906,early,,8,8,none,0
Sw7wnZSy4Ug,UC7Hi_moNiYG88AgbyiJU9UQ,heldout,2,1.8539,30,1515.75,1859,6126.7400775478145,0.24739924558500906,early,,8,8,none,0
cLb9w_PnL9k,UCLhu5JoRWPgEGDoUFfQHTPQ,time,3,3.7707,27,9370.53,7387,6816.3794905885115,1.374707467116725,likely,,12,12,none,0
cLb9w_PnL9k,UCLhu5JoRWPgEGDoUFfQHTPQ,time,5,4.7707,27,8044.62,7387,6172.521910704332,1.3032960008481038,likely,0.29141211295419267,15,15,none,0
cLb9w_PnL9k,UCLhu5JoRWPgEGDoUFfQHTPQ,time,7,6.7707,27,7994.67,7387,6020.640488575902,1.3278773620791624,likely,0.2288240397652,15,15,none,0
cLb9w_PnL9k,UCLhu5JoRWPgEGDoUFfQHTPQ,time,14,12.7707,27,7599.13,7387,6023.999999999995,1.2614752054373493,confirmed,0.1596763731651343,15,12,none,0
UokgAhHN4gM,UC99GtVg2esxExp_J0uPxO-g,heldout,2,2.6257,30,235155.85,202509,147797.77383982897,1.591064914063753,early,,15,14,none,0
UokgAhHN4gM,UC99GtVg2esxExp_J0uPxO-g,heldout,3,2.6257,30,235155.85,202509,147797.77383982897,1.591064914063753,early,,15,14,none,0
UokgAhHN4gM,UC99GtVg2esxExp_J0uPxO-g,heldout,5,6.6257,30,186458.28,202509,147280.5618725158,1.266007409570418,likely,0.18047186231610987,15,14,none,0
UokgAhHN4gM,UC99GtVg2esxExp_J0uPxO-g,heldout,7,6.6257,30,186458.28,202509,147280.5618725158,1.266007409570418,likely,0.18047186231610987,15,14,none,0
UokgAhHN4gM,UC99GtVg2esxExp_J0uPxO-g,heldout,14,13.6257,30,192976.99,202509,146272.25772245758,1.3192999761324664,confirmed,0.1405454537689297,15,13,none,0
c-EKgO6KjPo,UC3lJL1pUvQ2Ih2qZ-4ozrLw,time,5,6.9574,27,2301.97,2331,320.08460651852533,7.19174891445235,likely,,8,8,none,0
c-EKgO6KjPo,UC3lJL1pUvQ2Ih2qZ-4ozrLw,time,7,6.9574,27,2301.97,2331,320.08460651852533,7.19174891445235,likely,,8,8,none,0
c-EKgO6KjPo,UC3lJL1pUvQ2Ih2qZ-4ozrLw,time,14,14.9574,27,2282.99,2331,515.8281027879922,4.425882861918536,confirmed,0.20140596516962064,12,12,none,0
XKzB9HDuIA4,UC1R0kzpJLBJ8r5e1IVovIUg,time,1,1.0410,28,933.79,814,1737.8157570768556,0.5373352141312971,early,,15,8,none,0
XKzB9HDuIA4,UC1R0kzpJLBJ8r5e1IVovIUg,time,2,2.0410,28,719.87,814,1732.477009853589,0.4155153316291407,early,0.36531299042663384,15,8,none,0
XKzB9HDuIA4,UC1R0kzpJLBJ8r5e1IVovIUg,time,3,3.0410,28,670.41,814,1726.6984859478425,0.388261216296597,likely,0.301631665668722,15,8,none,0
XKzB9HDuIA4,UC1R0kzpJLBJ8r5e1IVovIUg,time,5,5.0410,28,675.95,814,1714.1039277124407,0.39434834461264,likely,0.3374156986151324,15,8,none,0
XKzB9HDuIA4,UC1R0kzpJLBJ8r5e1IVovIUg,time,7,7.0410,28,789.53,814,1723.7948303229978,0.4580162198026972,confirmed,0.3619853069172764,15,7,none,0
XKzB9HDuIA4,UC1R0kzpJLBJ8r5e1IVovIUg,time,14,12.0410,28,807.72,814,1767.0000000000002,0.45711338453019246,confirmed,0.3327068639784744,15,5,none,0
i4TkaesMBtM,UCIp9sEZiv36cDG7cEnrVU7Q,time,1,0.9682,30,11822.40,29613,11122.497275817248,1.062926804496784,early,,15,14,none,0
i4TkaesMBtM,UCIp9sEZiv36cDG7cEnrVU7Q,time,2,1.9682,30,14953.32,29613,11208.577527672094,1.3340958191164956,early,0.9791640330906665,15,14,none,0
i4TkaesMBtM,UCIp9sEZiv36cDG7cEnrVU7Q,time,3,3.9682,30,18683.78,29613,11134.047699436467,1.6780765982279195,likely,0.8295671035772534,15,13,none,0
i4TkaesMBtM,UCIp9sEZiv36cDG7cEnrVU7Q,time,5,4.9682,30,21895.38,29613,11066.502432125624,1.9785273874507119,likely,0.7818343958101098,15,13,none,0
i4TkaesMBtM,UCIp9sEZiv36cDG7cEnrVU7Q,time,7,6.9682,30,22968.34,29613,10941.56268695617,2.0991828218471738,likely,0.7511955271608174,15,13,none,0
i4TkaesMBtM,UCIp9sEZiv36cDG7cEnrVU7Q,time,14,13.9682,30,32113.17,29613,10736.346188442421,2.991070586047344,confirmed,0.7729595719643761,15,12,none,0
krH4kdFuZG0,UCnwlWgbcxwpsnB7LtOL1kPg,time,14,14.0824,29,14685.98,13332,7315.7022814226875,2.007460274627173,confirmed,,15,15,none,0
xnLGAHGPLwg,UC4FS7jCXHd1V9JRSbsQuAUg,time,2,2.5645,28,1783.73,2656,,,insufficient,,0,0,none,0
xnLGAHGPLwg,UC4FS7jCXHd1V9JRSbsQuAUg,time,3,2.5645,28,1783.73,2656,,,insufficient,,0,0,none,0
xnLGAHGPLwg,UC4FS7jCXHd1V9JRSbsQuAUg,time,5,5.5645,28,1712.72,2656,7907.449475800126,0.21659549138607365,likely,0.27412840210024475,15,15,none,0
xnLGAHGPLwg,UC4FS7jCXHd1V9JRSbsQuAUg,time,7,6.5645,28,1713.14,2656,7889.531180320979,0.21714142524368543,likely,0.30574383001192557,15,15,none,0
xnLGAHGPLwg,UC4FS7jCXHd1V9JRSbsQuAUg,time,14,13.5645,28,2180.61,2656,7762.999999999997,0.280897468337615,confirmed,0.3598791358651387,15,13,none,0
M2zC_6OwJJI,UCBhPkAuGks2UkizNMbtW6uw,time,5,5.3314,27,85.54,87,52.2580550965714,1.636901995840061,likely,0.23746535863665064,4,4,none,0
M2zC_6OwJJI,UCBhPkAuGks2UkizNMbtW6uw,time,7,7.3314,27,83.55,87,52.439576178715846,1.5932526331814967,confirmed,0.12111376145487257,4,4,none,0
M2zC_6OwJJI,UCBhPkAuGks2UkizNMbtW6uw,time,14,15.3314,27,85.81,87,53.599127089679854,1.6008908562157873,confirmed,0.1270011250565764,4,4,none,0
sUMw8uxKjHo,UC2cC48A261pBVKztLyzOAnA,heldout,3,3.5520,29,59820.75,51343,31760.188260652674,1.8835137640925,likely,,15,12,none,0
sUMw8uxKjHo,UC2cC48A261pBVKztLyzOAnA,heldout,5,4.5520,29,44780.31,51343,31760.188260652674,1.409950961100673,likely,0.2005548119344517,15,12,none,0
sUMw8uxKjHo,UC2cC48A261pBVKztLyzOAnA,heldout,7,6.5520,29,45997.29,51343,31521.251346344237,1.4592470744140933,likely,0.20434455216266245,15,11,none,0
sUMw8uxKjHo,UC2cC48A261pBVKztLyzOAnA,heldout,14,13.5520,29,49908.59,51343,31095.22819288652,1.6050242024370718,confirmed,0.18020996238617618,15,9,none,0
T2kshJxxzfI,UCglNXzBo6bmKc9otKf-OuGQ,time,14,12.5878,27,4615.97,4562,9712.855587117157,0.47524316575111036,confirmed,0.05226263282001512,15,15,none,0
Ofk4yMt9oM8,UC1KoulyXR8gBGyxv7r6pWQg,time,5,4.8853,27,11665.30,11873,,,insufficient,,0,0,none,0
Ofk4yMt9oM8,UC1KoulyXR8gBGyxv7r6pWQg,time,7,6.8853,27,12384.01,11873,20826.79906042265,0.5946187392860262,likely,0.44157890608293493,15,14,none,0
Ofk4yMt9oM8,UC1KoulyXR8gBGyxv7r6pWQg,time,14,12.8853,27,11964.53,11873,20902.99999999998,0.5723833460277333,confirmed,0.25596283157407673,15,9,none,0
QD72G14JEA4,UCFyP8J94wihApZc4N2BoX6A,heldout,14,13.8328,31,254796.54,289126,9082.364289853056,28.053988680329436,confirmed,0.15200991351407767,15,15,none,0
PklOUF5ftZE,UCl-Zrl0QhF66lu1aGXaTbfw,time,1,0.9994,28,7158.25,6709,40850.58394971672,0.1752301377451252,early,,9,7,none,0
PklOUF5ftZE,UCl-Zrl0QhF66lu1aGXaTbfw,time,2,1.9994,28,8122.39,6709,40673.534080402154,0.19969713090692864,early,0.7241848228482803,9,7,none,0
PklOUF5ftZE,UCl-Zrl0QhF66lu1aGXaTbfw,time,3,2.9994,28,7112.50,6709,40363.416436941225,0.17621166376358002,early,0.5492584699932088,9,5,none,0
PklOUF5ftZE,UCl-Zrl0QhF66lu1aGXaTbfw,time,5,4.9994,28,6653.89,6709,39640.81866720942,0.16785440960400777,likely,0.4324603470878765,9,5,none,0
PklOUF5ftZE,UCl-Zrl0QhF66lu1aGXaTbfw,time,7,6.9994,28,6765.41,6709,39794.94650360793,0.17000667514298984,likely,0.41926920304633436,9,5,none,0
PklOUF5ftZE,UCl-Zrl0QhF66lu1aGXaTbfw,time,14,13.9994,28,8127.78,6709,39627.80337496413,0.2051030867052902,confirmed,0.3576726674671648,9,4,none,0
mLadV3Cotw8,UC6jMh17EfL9dCLgIa43EpnQ,heldout,1,1.3889,30,240.05,339,300.43098485520227,0.799014592242488,early,,15,13,none,0
mLadV3Cotw8,UC6jMh17EfL9dCLgIa43EpnQ,heldout,2,2.3889,30,368.09,339,308.26116239100463,1.1940983341129945,early,1.1595526111724874,15,13,none,0
mLadV3Cotw8,UC6jMh17EfL9dCLgIa43EpnQ,heldout,3,2.3889,30,368.09,339,308.26116239100463,1.1940983341129945,early,1.1595526111724874,15,13,none,0
mLadV3Cotw8,UC6jMh17EfL9dCLgIa43EpnQ,heldout,5,5.3889,30,489.30,339,265.76186756968224,1.8411334340643317,likely,0.9791023422721682,15,12,none,0
mLadV3Cotw8,UC6jMh17EfL9dCLgIa43EpnQ,heldout,7,7.3889,30,438.81,339,252.629844286538,1.7369790783017953,confirmed,0.7878012652973471,15,12,none,0
mLadV3Cotw8,UC6jMh17EfL9dCLgIa43EpnQ,heldout,14,14.3889,30,349.62,339,229.78777718068193,1.521471783694329,confirmed,0.5697050647798785,15,11,none,0
3j3ypZ79v-Q,UCq_2n18CJaRVGxEfxtCfI-Q,time,5,5.5830,29,408876.90,329269,99236.98557705716,4.120206743852831,likely,,15,15,none,0
3j3ypZ79v-Q,UCq_2n18CJaRVGxEfxtCfI-Q,time,7,6.5830,29,335860.17,329269,98469.94106737878,3.4107887427490744,likely,0.11226204066184221,15,15,none,0
3j3ypZ79v-Q,UCq_2n18CJaRVGxEfxtCfI-Q,time,14,13.5830,29,327291.27,329269,94512.13630205055,3.4629549851628183,confirmed,0.06473103522879772,15,13,none,0
LzZOssOIV8w,UCiLSEwYKrRPY-wC758azVqA,time,7,8.9995,27,4315.56,4869,4124.994931503835,1.0461977913262122,confirmed,,15,15,none,0
LzZOssOIV8w,UCiLSEwYKrRPY-wC758azVqA,time,14,14.9995,27,4388.60,4869,4188.286675340254,1.04782671569815,confirmed,0.2859569952505778,15,14,none,0
fhjbxVgm208,UCso1B56GyEtnhn2OPENKXoQ,time,14,13.1738,27,101.95,94,173.29110064626343,0.588302037198182,confirmed,,12,12,none,0
iiZgsKwiA9A,UCBn-uKDGsRBfcB0lQeOB_gA,time,7,7.3328,28,750.53,845,,,insufficient,,0,0,none,0
iiZgsKwiA9A,UCBn-uKDGsRBfcB0lQeOB_gA,time,14,14.3328,28,864.30,845,,,insufficient,0.35488764475112244,0,0,none,0
d68lO7Hjj9s,UCat0LyGytYMwfZEPbO_rOrA,time,14,13.8897,29,5069.70,4909,2168.5176691909874,2.3378656899115433,confirmed,0.136165798084678,15,15,none,0
sSJx-X9BEWY,UCAbcoKROFsRA_uA9aSprCwg,time,5,6.8740,29,2247.82,2975,,,insufficient,,1,1,none,0
sSJx-X9BEWY,UCAbcoKROFsRA_uA9aSprCwg,time,7,6.8740,29,2247.82,2975,,,insufficient,,1,1,none,0
sSJx-X9BEWY,UCAbcoKROFsRA_uA9aSprCwg,time,14,13.8740,29,2785.62,2975,,,insufficient,0.4555944889165782,1,1,none,0
FWib1vMXO0Y,UCeYda7MUy54yNYJya8txkJA,time,5,4.9479,27,6861.30,6661,,,insufficient,,0,0,none,0
FWib1vMXO0Y,UCeYda7MUy54yNYJya8txkJA,time,7,6.9479,27,7302.02,6661,,,insufficient,0.4541596287615017,0,0,none,0
FWib1vMXO0Y,UCeYda7MUy54yNYJya8txkJA,time,14,12.9479,27,6411.49,6661,,,insufficient,0.1846471113670972,0,0,none,0
7QL71cJ83AY,UCcTiu6qN0sm433gR8wjoVCA,time,5,6.5236,29,1507.36,1334,,,insufficient,,1,1,none,0
7QL71cJ83AY,UCcTiu6qN0sm433gR8wjoVCA,time,7,6.5236,29,1507.36,1334,,,insufficient,,1,1,none,0
7QL71cJ83AY,UCcTiu6qN0sm433gR8wjoVCA,time,14,13.5236,29,1319.14,1334,,,insufficient,0.0971701752395135,1,1,none,0
DiDbiiIPcMM,UCglNXzBo6bmKc9otKf-OuGQ,time,14,13.7081,29,9064.46,9132,9064.104991231978,1.000039057928147,confirmed,0.03243269153694945,15,15,none,0
PQmxLKP_Fjw,UCCiQOYmPsqoLL7j27Zr0C8A,time,5,5.8328,28,592.85,512,,,insufficient,,0,0,none,0
PQmxLKP_Fjw,UCCiQOYmPsqoLL7j27Zr0C8A,time,7,6.8328,28,484.81,512,,,insufficient,0.0834832210135947,0,0,none,0
PQmxLKP_Fjw,UCCiQOYmPsqoLL7j27Zr0C8A,time,14,13.8328,28,488.99,512,,,insufficient,0.10508616739510539,0,0,none,0
DvDSkyDHb9o,UCgdHSFcXvkN6O3NXvif0-pA,time,5,4.9480,27,3313.71,3599,,,insufficient,,1,1,none,0
DvDSkyDHb9o,UCgdHSFcXvkN6O3NXvif0-pA,time,7,6.9480,27,3408.71,3599,,,insufficient,0.33690599856772396,1,1,none,0
DvDSkyDHb9o,UCgdHSFcXvkN6O3NXvif0-pA,time,14,12.9480,27,3515.36,3599,,,insufficient,0.29738384076470975,1,1,none,0
h6oSGYIQSxo,UCbY9xX3_jW5c2fjlZVBI4cg,time,14,14.3587,28,4128.01,4218,35719.67534967435,0.11556681803237916,confirmed,0.12701405104408298,15,15,none,0
2wUZfbPeuJQ,UClhLazRwMSdXeF-MBFUo4gg,time,14,13.7500,28,3272.42,3182,1895.0469294225486,1.7268262672784391,confirmed,0.2412009253554882,15,15,none,0
JbjefyhSta0,UC7r7A8qlvL8hoKJhfpbVb2w,time,14,13.9580,30,736.90,779,,,insufficient,,14,14,none,0
Hn1o3mcpWXs,UCsP7Bpw36J666Fct5M8u-ZA,time,14,15.1041,27,294961.92,298906,476399.32275600353,0.6191484895490236,confirmed,0.125755405022871,15,14,none,0
WADuXiMZxq4,UCUHW94eEFW7hkUMVaZz4eDg,time,1,0.8594,29,639987.03,521608,653620.5223487864,0.979141574976113,early,,11,9,none,0
WADuXiMZxq4,UCUHW94eEFW7hkUMVaZz4eDg,time,2,1.8594,29,524801.29,521608,656019.727580782,0.7999779145564763,early,0.5350503867189569,11,9,none,0
WADuXiMZxq4,UCUHW94eEFW7hkUMVaZz4eDg,time,3,2.8594,29,453636.19,521608,658362.2332970428,0.6890373811604136,early,0.40261199093355915,11,9,none,0
WADuXiMZxq4,UCUHW94eEFW7hkUMVaZz4eDg,time,5,4.8594,29,454108.48,521608,666032.2674107038,0.6818115310544803,likely,0.3314425792311118,11,9,none,0
WADuXiMZxq4,UCUHW94eEFW7hkUMVaZz4eDg,time,7,6.8594,29,465620.69,521608,668802.0831233915,0.6962010237033511,likely,0.32458237238776905,11,9,none,0
WADuXiMZxq4,UCUHW94eEFW7hkUMVaZz4eDg,time,14,13.8594,29,586849.69,521608,681742.9999999998,0.8608078001813432,confirmed,0.33516521616009187,11,8,none,0
oEEL1fIq-d8,UC5RR3esc7XkvLyLsmQKbfYg,time,14,13.6662,28,436.41,432,970.852495651052,0.4495090540060976,confirmed,0.14160471944429762,15,14,none,0
4Nne92IjZ6M,UCNRMF4aKRFUCdzvJVBEMFdQ,time,7,8.4272,29,1951.89,1563,1468.090589146877,1.3295416814007384,confirmed,,15,15,none,0
4Nne92IjZ6M,UCNRMF4aKRFUCdzvJVBEMFdQ,time,14,14.4272,29,1609.64,1563,1400.2957236304715,1.1495032371018574,confirmed,0.009148546485747205,15,15,none,0
e6HJ7TYvh7s,UCznv7Vf9nBdJYvBagFdAHWw,time,7,7.7643,29,39726.58,39847,37713.359611641084,1.053382155742922,confirmed,,15,14,none,0
e6HJ7TYvh7s,UCznv7Vf9nBdJYvBagFdAHWw,time,14,13.7643,29,39859.00,39847,37604.581342733734,1.0599506281890925,confirmed,0.2319186260518023,15,13,none,0
q-r3HWRY4AU,UCV_zy48AlwwGpdJEka1ay7w,time,1,0.8751,29,156338.94,218729,76603.99999999994,2.0408718075819783,early,,15,11,none,0
q-r3HWRY4AU,UCV_zy48AlwwGpdJEka1ay7w,time,2,1.8751,29,199242.18,218729,76603.99999999994,2.6009370150968323,early,0.9588463282836301,15,11,none,0
q-r3HWRY4AU,UCV_zy48AlwwGpdJEka1ay7w,time,3,2.8751,29,189877.02,218729,76603.99999999994,2.4786828569612194,early,0.6954325598023908,15,10,none,0
q-r3HWRY4AU,UCV_zy48AlwwGpdJEka1ay7w,time,5,4.8751,29,202901.42,218729,76603.99999999994,2.648705335174432,likely,0.6141084880925852,15,10,none,0
q-r3HWRY4AU,UCV_zy48AlwwGpdJEka1ay7w,time,7,6.8751,29,195797.93,218729,76603.99999999994,2.5559752127313566,likely,0.5553157746826534,15,10,none,0
q-r3HWRY4AU,UCV_zy48AlwwGpdJEka1ay7w,time,14,13.8751,29,199264.68,218729,76603.99999999994,2.6012307225863953,confirmed,0.46807062969505275,15,9,none,0
0zJqU2JG6VI,UChISHLovxnSLP0w81NEQj5w,time,14,12.8663,27,46528.75,45115,17182.354674287395,2.7079381118467207,confirmed,0.017228012287556625,15,15,none,0
yKDVB37AOic,UCtbLA0YM6EpwUQhFUyPQU9Q,heldout,1,1.9951,30,730326.52,886072,394074.4197261103,1.853270569440881,early,,15,15,none,0
yKDVB37AOic,UCtbLA0YM6EpwUQhFUyPQU9Q,heldout,2,1.9951,30,730326.52,886072,394074.4197261103,1.853270569440881,early,,15,15,none,0
yKDVB37AOic,UCtbLA0YM6EpwUQhFUyPQU9Q,heldout,7,7.9951,30,925093.76,886072,394778.36246021267,2.3433243889073387,confirmed,0.49431654261343566,15,14,none,0
yKDVB37AOic,UCtbLA0YM6EpwUQhFUyPQU9Q,heldout,14,13.9951,30,866283.82,886072,392017.73385884403,2.209807724590965,confirmed,0.3978608550019892,15,14,none,0
rvtZs_nTqr0,UC68TLK0mAEzUyHx5x5k-S1Q,time,1,1.8748,27,2151523.33,1690548,1869027.5670273104,1.1511458489165574,early,,15,15,none,0
rvtZs_nTqr0,UC68TLK0mAEzUyHx5x5k-S1Q,time,2,1.8748,27,2151523.33,1690548,1869027.5670273104,1.1511458489165574,early,,15,15,none,0
rvtZs_nTqr0,UC68TLK0mAEzUyHx5x5k-S1Q,time,3,2.8748,27,1542941.30,1690548,1865728.421341195,0.8269913657455078,early,0.2398859337546418,15,15,none,0
rvtZs_nTqr0,UC68TLK0mAEzUyHx5x5k-S1Q,time,5,4.8748,27,1536344.82,1690548,1859983.9656246307,0.8259989608390038,likely,0.21983896719312332,15,15,none,0
rvtZs_nTqr0,UC68TLK0mAEzUyHx5x5k-S1Q,time,7,6.8748,27,1539402.70,1690548,1864978.9999999993,0.8254262934825514,likely,0.19441630883555402,15,14,none,0
rvtZs_nTqr0,UC68TLK0mAEzUyHx5x5k-S1Q,time,14,12.8748,27,1645284.74,1690548,1864978.9999999993,0.8822001411908148,confirmed,0.17471157174035218,15,14,none,0
y4qqtqd10EI,UCdRpPAsQbIaVpn_vS2_omPw,heldout,14,14.8737,29,240.46,223,418.9592133487206,0.5739535857417842,confirmed,,15,13,none,0
P7zpRpVSqaw,UCGpsgNbzdF7BECCVbB1COHw,time,14,14.4789,27,6365.18,6207,7131.569791803513,0.8925352257526826,confirmed,0.012518384646585397,15,15,none,0
bSP4lJ8Wx3s,UC2OjGgjNiqyLr_1qkqAwsUQ,time,14,13.8155,29,15693.26,15264,6416.375654499381,2.445813499980579,confirmed,0.01037307144781144,15,13,none,0
rfzG9gP7Sng,UCqqJQ_cXSat0KIAVfIfKkVA,time,1,0.7754,28,102015.18,87410,103077.88099839893,0.9896903260134496,early,,15,12,none,0
rfzG9gP7Sng,UCqqJQ_cXSat0KIAVfIfKkVA,time,2,1.7754,28,107871.41,87410,102975.12102101193,1.047548224797615,early,0.725058091384636,15,12,none,0
rfzG9gP7Sng,UCqqJQ_cXSat0KIAVfIfKkVA,time,3,2.7754,28,97433.49,87410,103065.04684928103,0.9453592188921731,early,0.5858723407582646,15,11,none,0
rfzG9gP7Sng,UCqqJQ_cXSat0KIAVfIfKkVA,time,5,4.7754,28,90551.68,87410,102930.69484866245,0.8797344431987377,likely,0.4491647771756442,15,11,none,0
rfzG9gP7Sng,UCqqJQ_cXSat0KIAVfIfKkVA,time,7,6.7754,28,89684.45,87410,102631.93902852589,0.8738454379037035,likely,0.4128226082116366,15,11,none,0
rfzG9gP7Sng,UCqqJQ_cXSat0KIAVfIfKkVA,time,14,12.7754,28,92548.68,87410,101758.0385042939,0.909497460779017,confirmed,0.3555893533844673,15,10,none,0
wUtSgoZ7_w8,UCD4NnnbISbr4dvmmzQxC2bA,time,5,6.8319,29,23677.03,22495,,,insufficient,,0,0,none,0
wUtSgoZ7_w8,UCD4NnnbISbr4dvmmzQxC2bA,time,7,6.8319,29,23677.03,22495,,,insufficient,,0,0,none,0
wUtSgoZ7_w8,UCD4NnnbISbr4dvmmzQxC2bA,time,14,13.8319,29,22706.19,22495,,,insufficient,0.1668583869251947,0,0,none,0
oPa8EGD92Ws,UCigUBIf-zt_DA6xyOQtq2WA,time,14,13.8322,28,473366.77,471181,304951.111543182,1.5522710018094248,confirmed,0.06887244148951284,15,13,none,0
m6EfZ7WxuGA,UC6BW8DqrAmBEIeCtMa4bfBw,time,14,15.2826,27,2643.46,2751,3673.2214834506062,0.7196560170773316,confirmed,0.017314447660757102,15,15,none,0
flyw7NFt5wc,UCeKKrZ5GnBXRwnKlrixiREQ,time,5,4.8370,27,11734.64,9236,,,insufficient,,1,1,none,0
flyw7NFt5wc,UCeKKrZ5GnBXRwnKlrixiREQ,time,7,6.8370,27,9815.97,9236,,,insufficient,0.11559913566887953,1,1,none,0
flyw7NFt5wc,UCeKKrZ5GnBXRwnKlrixiREQ,time,14,12.8370,27,9427.33,9236,,,insufficient,0.06385579942155904,1,1,none,0
K0nTFGpeByY,UC2cC48A261pBVKztLyzOAnA,time,0.5,0.5937,29,43496.36,24298,30353.999999999978,1.4329696787219226,early,,15,10,none,0
K0nTFGpeByY,UC2cC48A261pBVKztLyzOAnA,time,1,0.5937,29,43496.36,24298,30353.999999999978,1.4329696787219226,early,,15,10,none,0
K0nTFGpeByY,UC2cC48A261pBVKztLyzOAnA,time,2,1.5937,29,30824.07,24298,30353.999999999978,1.0154863739373867,early,0.5445240036442363,15,10,none,0
K0nTFGpeByY,UC2cC48A261pBVKztLyzOAnA,time,3,3.5937,29,27726.65,24298,30353.999999999978,0.9134428778131746,likely,0.3483447286047281,15,10,none,0
K0nTFGpeByY,UC2cC48A261pBVKztLyzOAnA,time,5,4.5937,29,26096.41,24298,30353.999999999978,0.8597355302965679,likely,0.3134381286694089,15,10,none,0
K0nTFGpeByY,UC2cC48A261pBVKztLyzOAnA,time,7,6.5937,29,24384.13,24298,30353.999999999978,0.8033251954380066,likely,0.27287356939284263,15,9,none,0
K0nTFGpeByY,UC2cC48A261pBVKztLyzOAnA,time,14,13.5937,29,24694.96,24298,31319.325379909045,0.7884893909650713,confirmed,0.2219130821047692,15,7,none,0
kLThO45wVzQ,UCBkJ5fBcFWc_gsyxOAj_qnA,time,14,14.3287,29,48.59,47,53.96449281454304,0.9003909202157436,confirmed,0,15,13,none,0
AK7M1WahKb4,UCDdUNivjRfrqIE71438HJqQ,time,5,5.5938,27,270.59,989,,,insufficient,,0,0,none,0
AK7M1WahKb4,UCDdUNivjRfrqIE71438HJqQ,time,7,7.5938,27,422.50,989,,,insufficient,0.9947540233838458,0,0,none,0
AK7M1WahKb4,UCDdUNivjRfrqIE71438HJqQ,time,14,13.5938,27,515.35,989,,,insufficient,0.9006096495263399,0,0,none,0
nTAQplce_-U,UC3_BakzLfadvFrsnClMFWmQ,heldout,1,0.0744,30,21298.98,859,896.1251446158714,23.767860278573917,early,,13,13,none,0
nTAQplce_-U,UC3_BakzLfadvFrsnClMFWmQ,heldout,5,5.0744,30,955.78,859,830.1464962017876,1.1513409104713475,likely,0.1976895173341406,15,15,none,0
nTAQplce_-U,UC3_BakzLfadvFrsnClMFWmQ,heldout,7,6.0744,30,923.44,859,804.9564038505702,1.1471947529540616,likely,0.1829689210070614,15,15,none,0
nTAQplce_-U,UC3_BakzLfadvFrsnClMFWmQ,heldout,14,14.0744,30,865.72,859,777.9999999999998,1.1127473115355864,confirmed,0.13548756350950267,15,11,none,0
7YOJx3D-3RQ,UCV6KDgJskWaEckne5aPA0aQ,time,0.5,0.6645,29,138229.19,118975,370481.4143584892,0.3731069500004406,early,,15,9,none,0
7YOJx3D-3RQ,UCV6KDgJskWaEckne5aPA0aQ,time,1,0.6645,29,138229.19,118975,370481.4143584892,0.3731069500004406,early,,15,9,none,0
7YOJx3D-3RQ,UCV6KDgJskWaEckne5aPA0aQ,time,2,1.6645,29,124804.29,118975,367145.1704988417,0.339931731659195,early,0.6940084491009896,15,9,none,0
7YOJx3D-3RQ,UCV6KDgJskWaEckne5aPA0aQ,time,3,2.6645,29,128396.68,118975,366652.00000000023,0.35018677979989243,early,0.5248417032626351,15,9,none,0
7YOJx3D-3RQ,UCV6KDgJskWaEckne5aPA0aQ,time,5,4.6645,29,107821.00,118975,366652.00000000023,0.29406903786782584,likely,0.4081909288503271,15,8,none,0
7YOJx3D-3RQ,UCV6KDgJskWaEckne5aPA0aQ,time,7,6.6645,29,116669.96,118975,366652.00000000023,0.31820353439432136,likely,0.3725878422820024,15,8,none,0
7YOJx3D-3RQ,UCV6KDgJskWaEckne5aPA0aQ,time,14,13.6645,29,109418.06,118975,350293.97695994005,0.3123606617115502,confirmed,0.3239756568630239,15,6,none,0
xRg8IH2F5Xo,UCfkYw-BU8gjwP4yAL2M8Iiw,time,14,13.7906,28,1375.18,1345,290.7932172318974,4.729076007269147,confirmed,,15,15,none,0
ekspSM3gGhc,UC0COu43Li7CUL2jseBpH9kQ,time,5,5.5438,27,50.31,53,,,insufficient,,0,0,none,0
ekspSM3gGhc,UC0COu43Li7CUL2jseBpH9kQ,time,7,6.5438,27,41.77,53,,,insufficient,0.18753007900882118,0,0,none,0
ekspSM3gGhc,UC0COu43Li7CUL2jseBpH9kQ,time,14,13.5438,27,53.74,53,,,insufficient,0.3259054319612247,0,0,none,0
ljwFexdPqIc,UC6BW8DqrAmBEIeCtMa4bfBw,time,14,15.3006,27,5247.29,5259,3673.2214834506062,1.4285243188395431,confirmed,0.3084366919686509,15,15,none,0
djnzs24h9bo,UCbtA3P0ji7FsvxDzyxmd-0Q,time,5,6.8095,29,3352.21,5048,,,insufficient,,0,0,none,0
djnzs24h9bo,UCbtA3P0ji7FsvxDzyxmd-0Q,time,7,6.8095,29,3352.21,5048,,,insufficient,,0,0,none,0
djnzs24h9bo,UCbtA3P0ji7FsvxDzyxmd-0Q,time,14,13.8095,29,4256.10,5048,,,insufficient,0.49068917082999425,0,0,none,0
oE5KnBISNeU,UCQ_bmgSrYsQS0LboA_tZpEw,heldout,7,7.9989,30,254542.52,231880,193854.14133822167,1.3130620574314238,confirmed,,15,15,none,0
pXPs6wB3yJk,UCUpbDOT-OVNBlaQpb9pbd2w,time,3,3.8056,27,8647.52,5677,31633.82171793968,0.2733631956347533,likely,,15,15,none,0
pXPs6wB3yJk,UCUpbDOT-OVNBlaQpb9pbd2w,time,5,4.8056,27,6296.98,5677,30831.409816368894,0.20423916224650931,likely,0.0645873932952077,15,15,none,0
pXPs6wB3yJk,UCUpbDOT-OVNBlaQpb9pbd2w,time,7,6.8056,27,6157.38,5677,29306.401383330292,0.21010350857891288,likely,0.05482992149554204,15,15,none,0
pXPs6wB3yJk,UCUpbDOT-OVNBlaQpb9pbd2w,time,14,12.8056,27,5834.83,5677,26672.67762205115,0.2187568885993386,confirmed,0.03244944789091011,15,15,none,0
Jnz7K5LiVcM,UCecPJBL6E1PVky1-gj6KH5g,heldout,7,7.4979,30,187322.03,197406,95931.19995243703,1.9526705215374731,confirmed,,15,12,none,0
Jnz7K5LiVcM,UCecPJBL6E1PVky1-gj6KH5g,heldout,14,14.4979,30,180545.48,197406,95884.73137890417,1.8829429462462086,confirmed,0.18567992660211924,15,9,none,0
K_mlC_aeDSU,UChpleBmo18P08aKCIgti38g,time,0.5,0.5029,27,338607.98,202087,96012.00000000003,3.526725583033837,early,,14,9,none,0
K_mlC_aeDSU,UChpleBmo18P08aKCIgti38g,time,1,0.5029,27,338607.98,202087,96012.00000000003,3.526725583033837,early,,14,9,none,0
K_mlC_aeDSU,UChpleBmo18P08aKCIgti38g,time,2,1.5029,27,333144.01,202087,96012.00000000003,3.4698164047548112,early,0.8435823831337811,15,9,none,0
K_mlC_aeDSU,UChpleBmo18P08aKCIgti38g,time,3,2.5029,27,288004.29,202087,96012.00000000003,2.9996697181819094,early,0.5991569090993978,15,9,none,0
K_mlC_aeDSU,UChpleBmo18P08aKCIgti38g,time,5,4.5029,27,279757.46,202087,96012.00000000003,2.913776008004323,likely,0.45240092004809673,15,8,none,0
K_mlC_aeDSU,UChpleBmo18P08aKCIgti38g,time,7,6.5029,27,234039.82,202087,96012.00000000003,2.437610101169988,likely,0.3860952934626793,15,8,none,0
K_mlC_aeDSU,UChpleBmo18P08aKCIgti38g,time,14,12.5029,27,217130.38,202087,96012.00000000003,2.2614921053036583,confirmed,0.2875113158604974,15,6,none,0
HZy-Nz-a1MU,UCcQD9RunHRdJCWZFQRiuZCQ,time,2,2.7913,27,12625.64,10721,9554.17709087792,1.321478192687244,early,,14,13,none,0
HZy-Nz-a1MU,UCcQD9RunHRdJCWZFQRiuZCQ,time,3,2.7913,27,12625.64,10721,9554.17709087792,1.321478192687244,early,,14,13,none,0
HZy-Nz-a1MU,UCcQD9RunHRdJCWZFQRiuZCQ,time,5,4.7913,27,11448.17,10721,8810.945554537122,1.2993119724956326,likely,0.2599362408141453,15,14,none,0
HZy-Nz-a1MU,UCcQD9RunHRdJCWZFQRiuZCQ,time,7,7.7913,27,11718.58,10721,8810.945554537122,1.3300028594950892,confirmed,0.2328935981902907,15,14,none,0
HZy-Nz-a1MU,UCcQD9RunHRdJCWZFQRiuZCQ,time,14,12.7913,27,11106.67,10721,8826.063244729614,1.258394152362105,confirmed,0.19407665096813273,15,13,none,0
kDwpXldLRug,UCLVGBWZrAniy5r767EXaR8A,heldout,1,0.7706,30,1144.30,1030,1262.6956970337874,0.9062349416769041,early,,5,4,none,0
kDwpXldLRug,UCLVGBWZrAniy5r767EXaR8A,heldout,7,7.7706,30,1044.05,1030,597.6115709512296,1.74704122393728,confirmed,0.40426099862109915,15,14,none,0
kDwpXldLRug,UCLVGBWZrAniy5r767EXaR8A,heldout,14,13.7706,30,1012.11,1030,581.6711548318054,1.740011572400416,confirmed,0.3465668384345594,15,13,none,0
7C3JQ_NPWGk,UCfCAy6CkaliVqbwqKT2VSYw,time,1,1.9687,27,5679.86,5354,12489.240205726013,0.4547803111349997,early,,15,15,none,0
7C3JQ_NPWGk,UCfCAy6CkaliVqbwqKT2VSYw,time,2,1.9687,27,5679.86,5354,12489.240205726013,0.4547803111349997,early,,15,15,none,0
7C3JQ_NPWGk,UCfCAy6CkaliVqbwqKT2VSYw,time,3,3.9687,27,5272.12,5354,13115.028692919328,0.4019904196139529,likely,0.4128323125196047,15,14,none,0
7C3JQ_NPWGk,UCfCAy6CkaliVqbwqKT2VSYw,time,5,4.9687,27,5123.99,5354,13459.850030197678,0.3806868848399991,likely,0.3858792396036994,15,14,none,0
7C3JQ_NPWGk,UCfCAy6CkaliVqbwqKT2VSYw,time,7,6.9687,27,5429.58,5354,14011.612929367555,0.3875055731567316,likely,0.34679277468066294,15,14,none,0
7C3JQ_NPWGk,UCfCAy6CkaliVqbwqKT2VSYw,time,14,14.9687,27,5509.26,5354,18865.878220533843,0.2920223816195989,confirmed,0.28646595843539324,15,13,none,0
zYwuhExmBC0,UCBhPkAuGks2UkizNMbtW6uw,time,5,5.3272,27,38.78,51,77.7295049765725,0.4988933010205422,likely,0.1735300124607411,6,6,none,0
zYwuhExmBC0,UCBhPkAuGks2UkizNMbtW6uw,time,7,7.3272,27,45.97,51,79.91542089640316,0.5752857719042628,confirmed,0.3158207253738163,6,6,none,0
zYwuhExmBC0,UCBhPkAuGks2UkizNMbtW6uw,time,14,15.3272,27,48.14,51,74.38503998574652,0.6471763749485266,confirmed,0.2363299728595234,6,6,none,0
2PJ8yXYa9JY,UCkU_KcVKHrxgE4uhbIWaQtg,heldout,5,6.7499,28,54490.41,63602,59429.000000000015,0.9168992617655366,likely,,15,13,none,0
2PJ8yXYa9JY,UCkU_KcVKHrxgE4uhbIWaQtg,time,5,6.7499,28,54490.41,63602,59429.000000000015,0.9168992617655366,likely,,15,13,none,0
2PJ8yXYa9JY,UCkU_KcVKHrxgE4uhbIWaQtg,heldout,7,6.7499,28,54490.41,63602,59429.000000000015,0.9168992617655366,likely,,15,13,none,0
2PJ8yXYa9JY,UCkU_KcVKHrxgE4uhbIWaQtg,time,7,6.7499,28,54490.41,63602,59429.000000000015,0.9168992617655366,likely,,15,13,none,0
2PJ8yXYa9JY,UCkU_KcVKHrxgE4uhbIWaQtg,heldout,14,13.7499,28,53161.32,63602,59429.000000000015,0.8945349707599416,confirmed,0.19225287461533253,15,9,none,0
2PJ8yXYa9JY,UCkU_KcVKHrxgE4uhbIWaQtg,time,14,13.7499,28,53161.32,63602,59429.000000000015,0.8945349707599416,confirmed,0.19225287461533253,15,9,none,0
Dv1rzmU_fdw,UC41S9MSkeQ1TWo1URYLeRuw,heldout,5,4.5899,30,3926.96,3388,9839.05890336485,0.39911933977963115,likely,,14,14,none,0
Dv1rzmU_fdw,UC41S9MSkeQ1TWo1URYLeRuw,heldout,7,7.5899,30,3365.07,3388,9839.05890336485,0.3420109372560994,confirmed,0.13541438993936228,14,14,none,0
Dv1rzmU_fdw,UC41S9MSkeQ1TWo1URYLeRuw,heldout,14,13.5899,30,3224.58,3388,9565.624405791054,0.33710081430933364,confirmed,0.09875614062579988,14,12,none,0
PDgM-SD3Fx4,UCacg8HOfIUfFSUl2qk5m1sA,heldout,14,13.5418,30,14735.39,15296,5596.168423482242,2.633121566134655,confirmed,0.2539262172481562,15,11,none,0
Zg4rV7douMs,UCEf_Bc-KVd7onSeifS3py9g,time,0.5,0.3745,28,610853.70,420979,356784.70465015696,1.7121072961039507,early,,13,13,none,0
Zg4rV7douMs,UCEf_Bc-KVd7onSeifS3py9g,time,1,0.3745,28,610853.70,420979,356784.70465015696,1.7121072961039507,early,,13,13,none,0
Zg4rV7douMs,UCEf_Bc-KVd7onSeifS3py9g,time,2,2.3745,28,397959.52,420979,154314.98726066356,2.578877962711051,early,0.6124195568474032,15,13,none,0
Zg4rV7douMs,UCEf_Bc-KVd7onSeifS3py9g,time,3,3.3745,28,598163.50,420979,150946.60715116077,3.9627488835783526,likely,0.5275340737058761,15,13,none,0
Zg4rV7douMs,UCEf_Bc-KVd7onSeifS3py9g,time,5,5.3745,28,770661.87,420979,145371.02792580062,5.301344268966513,likely,0.4585603124689842,15,13,none,0
Zg4rV7douMs,UCEf_Bc-KVd7onSeifS3py9g,time,7,7.3745,28,410241.83,420979,141064.43081736873,2.908187626074383,confirmed,0.43596029717670354,15,12,none,0
Zg4rV7douMs,UCEf_Bc-KVd7onSeifS3py9g,time,14,12.3745,28,408694.37,420979,134064.78866814787,3.048484061121017,confirmed,0.38765764910273104,15,9,none,0
Zdy-qZO93Qg,UCx0irbDsRLjMvEXaW56cqlQ,heldout,14,14.9992,29,3403.05,3148,5759.233137134403,0.5908863290663814,confirmed,,15,14,none,0
xTiBF2Hq40I,UC2Kyj04yISmHr1V-UlJz4eg,heldout,1,1.8891,30,404210.20,583890,160791.9999999999,2.513870097816397,early,,15,13,none,0
xTiBF2Hq40I,UC2Kyj04yISmHr1V-UlJz4eg,heldout,2,1.8891,30,404210.20,583890,160791.9999999999,2.513870097816397,early,,15,13,none,0
xTiBF2Hq40I,UC2Kyj04yISmHr1V-UlJz4eg,heldout,3,2.8891,30,476484.91,583890,160791.9999999999,2.9633620398595473,early,0.7559661792919949,15,13,none,0
xTiBF2Hq40I,UC2Kyj04yISmHr1V-UlJz4eg,heldout,5,4.8891,30,534288.49,583890,160791.9999999999,3.3228549339793827,likely,0.659097157887143,15,13,none,0
xTiBF2Hq40I,UC2Kyj04yISmHr1V-UlJz4eg,heldout,7,6.8891,30,538049.27,583890,160791.9999999999,3.3462440229297443,likely,0.5905259202608807,15,13,none,0
xTiBF2Hq40I,UC2Kyj04yISmHr1V-UlJz4eg,heldout,14,13.8891,30,568285.26,583890,160791.9999999999,3.5342881740766114,confirmed,0.4246011812018384,15,13,none,0
G8hsdLJhVs8,UCcCzzSbdw5-qmdF_NuTtb2w,heldout,14,12.3957,30,1995.73,1942,3381.8513739930722,0.5901303906854228,confirmed,,12,11,none,0
Z2lYnArJbMw,UCSLClJLzdUMRMe0E4SPfc-w,time,1,0.7911,27,68695.46,64386,78981.23941328662,0.8697692726081246,early,,15,11,none,0
Z2lYnArJbMw,UCSLClJLzdUMRMe0E4SPfc-w,time,2,1.7911,27,74398.70,64386,79513.66955535408,0.9356718442364068,early,0.6762575741791204,15,10,none,0
Z2lYnArJbMw,UCSLClJLzdUMRMe0E4SPfc-w,time,3,2.7911,27,68471.34,64386,79832.24600179808,0.8576902391578591,early,0.47775477536414207,15,9,none,0
Z2lYnArJbMw,UCSLClJLzdUMRMe0E4SPfc-w,time,5,4.7911,27,57043.48,64386,79343.09587714149,0.7189469294551409,likely,0.3604769301948164,15,9,none,0
Z2lYnArJbMw,UCSLClJLzdUMRMe0E4SPfc-w,time,7,6.7911,27,60898.77,64386,78858.33134918317,0.7722553836402987,likely,0.3447013910265876,15,9,none,0
Z2lYnArJbMw,UCSLClJLzdUMRMe0E4SPfc-w,time,14,12.7911,27,63600.99,64386,76866.94111120558,0.8274167266732898,confirmed,0.30700013618103456,15,6,none,0
7MfQaWYIT04,UCBhPkAuGks2UkizNMbtW6uw,time,5,5.3381,27,93.53,92,,,insufficient,0,2,2,none,0
7MfQaWYIT04,UCBhPkAuGks2UkizNMbtW6uw,time,7,7.3381,27,89.05,92,,,insufficient,-0.027513404528620566,2,2,none,0
7MfQaWYIT04,UCBhPkAuGks2UkizNMbtW6uw,time,14,15.3381,27,88.91,92,,,insufficient,0.042576966160196475,2,2,none,0
v9HMCzFl-sY,UCs07L46sXZqkJbUSXTJa_0Q,time,14,13.9783,29,36550.40,41949,11506.435357469849,3.1765178847497983,confirmed,,15,15,none,0
oyEQHHlRgE0,UC9Nrmsn0jlFsbuzmeUVdIUw,time,2,2.8333,28,388.46,355,,,insufficient,,1,1,none,0
oyEQHHlRgE0,UC9Nrmsn0jlFsbuzmeUVdIUw,time,3,2.8333,28,388.46,355,,,insufficient,,1,1,none,0
oyEQHHlRgE0,UC9Nrmsn0jlFsbuzmeUVdIUw,time,5,5.8333,28,365.72,355,101.40326952529917,3.6066215960638623,likely,0.2555261287098042,15,13,none,0
oyEQHHlRgE0,UC9Nrmsn0jlFsbuzmeUVdIUw,time,7,6.8333,28,356.91,355,100.79674177080139,3.5408387523718665,likely,0.2598668746399945,15,13,none,0
oyEQHHlRgE0,UC9Nrmsn0jlFsbuzmeUVdIUw,time,14,13.8333,28,373.93,355,103.51720070667858,3.6122162973911207,confirmed,0.2290075029972622,15,11,none,0
_5g09wlF2pY,UC-2vh3f5tIDkt4K01ZsGDXw,heldout,2,2.8157,31,8538.12,15474,22882.899815846144,0.37312231240933913,early,,12,11,none,0
_5g09wlF2pY,UC-2vh3f5tIDkt4K01ZsGDXw,heldout,3,2.8157,31,8538.12,15474,22882.899815846144,0.37312231240933913,early,,12,11,none,0
49PhdIW0Neo,UCQr41WBbI0oGTsYTm2FB99g,time,5,5.4231,29,25246.09,30337,157016.81522124933,0.16078592159386787,likely,0.13473297345274243,15,13,none,0
49PhdIW0Neo,UCQr41WBbI0oGTsYTm2FB99g,time,7,7.4231,29,25324.29,30337,156128.23918263614,0.16220186138920728,confirmed,0.1423977512936613,15,13,none,0
49PhdIW0Neo,UCQr41WBbI0oGTsYTm2FB99g,time,14,13.4231,29,26780.41,30337,151500.0230643922,0.1767683418033508,confirmed,0.13411675801272221,15,11,none,0
XVOvSJoWE6Y,UCrJhTwfygi-D-slK4gbZ8fA,time,2,2.9374,28,1847.15,3618,4778.93564319298,0.3865194164476101,early,,15,14,none,0
XVOvSJoWE6Y,UCrJhTwfygi-D-slK4gbZ8fA,time,3,2.9374,28,1847.15,3618,4778.93564319298,0.3865194164476101,early,,15,14,none,0
XVOvSJoWE6Y,UCrJhTwfygi-D-slK4gbZ8fA,time,5,5.9374,28,2115.76,3618,4829.46714442669,0.4380935137770915,likely,0.4754082700427144,15,14,none,0
XVOvSJoWE6Y,UCrJhTwfygi-D-slK4gbZ8fA,time,7,6.9374,28,2237.94,3618,4829.46714442669,0.4633933013857816,likely,0.47731988390879376,15,14,none,0
XVOvSJoWE6Y,UCrJhTwfygi-D-slK4gbZ8fA,time,14,13.9374,28,2928.74,3618,4954.472680409823,0.5911311719178908,confirmed,0.5143641157343967,15,13,none,0
FAouX9NYR9s,UCNq_6MwbXuGnrHqQVkRJIYQ,time,1,0.8270,29,3342.63,4792,3028.27595008996,1.1038054046356773,early,,14,11,none,0
FAouX9NYR9s,UCNq_6MwbXuGnrHqQVkRJIYQ,time,2,1.8270,29,2825.77,4792,3933.4012672906397,0.7184038571656458,early,0.5972351798836739,15,12,none,0
FAouX9NYR9s,UCNq_6MwbXuGnrHqQVkRJIYQ,time,3,2.8270,29,2949.96,4792,3790.873303845021,0.77817474741842,early,0.49095399043197996,15,12,none,0
FAouX9NYR9s,UCNq_6MwbXuGnrHqQVkRJIYQ,time,5,4.8270,29,3808.39,4792,3790.49878821364,1.0047199320194335,likely,0.579295108259293,15,12,none,0
FAouX9NYR9s,UCNq_6MwbXuGnrHqQVkRJIYQ,time,7,6.8270,29,5427.25,4792,3674.549410164388,1.476983593592904,likely,0.6679228387490966,15,12,none,0
FAouX9NYR9s,UCNq_6MwbXuGnrHqQVkRJIYQ,time,14,12.8270,29,5083.50,4792,3760.5938326849896,1.351781546377688,confirmed,0.5939652506985635,15,11,none,0
7KQVpKPZphU,UCpXipTyhIY9kprpvVd-lu0A,time,5,4.9271,28,86677.28,288733,59894.66243638268,1.4471619929515769,likely,,15,15,none,0
7KQVpKPZphU,UCpXipTyhIY9kprpvVd-lu0A,time,7,6.9271,28,156895.95,288733,59363.72805420571,2.642959862084441,likely,1.4147086845249632,15,15,none,0
7KQVpKPZphU,UCpXipTyhIY9kprpvVd-lu0A,time,14,13.9271,28,205072.80,288733,57023.54996770491,3.596282678164011,confirmed,1.0095288764922898,15,13,none,0
6dNLIhtyVvg,UCxkIzPnPzWLz4IeuxIROflg,time,1,0.8749,28,2338.07,6549,1834.9340007538613,1.274200998524433,early,,15,13,none,0
6dNLIhtyVvg,UCxkIzPnPzWLz4IeuxIROflg,time,2,1.8749,28,2735.21,6549,1818.346003390109,1.504231963556423,early,0.7584796501235954,15,12,none,0
6dNLIhtyVvg,UCxkIzPnPzWLz4IeuxIROflg,time,3,2.8749,28,3183.48,6549,1811.3833522134623,1.7574834175947311,early,0.8528164386824207,15,12,none,0
6dNLIhtyVvg,UCxkIzPnPzWLz4IeuxIROflg,time,5,4.8749,28,7082.78,6549,1900.8012288339214,3.7262090902675,likely,0.8281209571546763,15,11,none,0
6dNLIhtyVvg,UCxkIzPnPzWLz4IeuxIROflg,time,7,6.8749,28,5710.70,6549,1908.6707865124142,2.9919776393898587,likely,0.8830713100927539,15,10,none,0
6dNLIhtyVvg,UCxkIzPnPzWLz4IeuxIROflg,time,14,13.8749,28,6489.46,6549,1846.5281812973687,3.5144102422261074,confirmed,0.7918263347702984,15,7,none,0
t33396oOt-A,UCdwo4k1RQHTcq_-WS7Cazqg,time,5,6.9572,29,760.61,667,,,insufficient,,0,0,none,0
t33396oOt-A,UCdwo4k1RQHTcq_-WS7Cazqg,time,7,6.9572,29,760.61,667,,,insufficient,,0,0,none,0
t33396oOt-A,UCdwo4k1RQHTcq_-WS7Cazqg,time,14,13.9572,29,664.74,667,,,insufficient,0.09914304506618772,0,0,none,0
vLSs53YpXf4,UCOCsRROSlsrA31YJgCah32A,heldout,1,1.5827,32,10557.92,10707,21718.22665015169,0.48613197395081903,early,,15,10,none,0
vLSs53YpXf4,UCOCsRROSlsrA31YJgCah32A,heldout,2,1.5827,32,10557.92,10707,21718.22665015169,0.48613197395081903,early,,15,10,none,0
vLSs53YpXf4,UCOCsRROSlsrA31YJgCah32A,heldout,3,3.5827,32,9849.98,10707,22755.914210871222,0.4328535691433129,likely,0.379645355738314,15,9,none,0
vLSs53YpXf4,UCOCsRROSlsrA31YJgCah32A,heldout,5,4.5827,32,8626.52,10707,23125.986035076734,0.37302258575816966,likely,0.33119304017468615,15,9,none,0
vLSs53YpXf4,UCOCsRROSlsrA31YJgCah32A,heldout,7,6.5827,32,11284.12,10707,23513.831402178672,0.47989296159913025,likely,0.3658256840020063,15,9,none,0
vLSs53YpXf4,UCOCsRROSlsrA31YJgCah32A,heldout,14,13.5827,32,10463.67,10707,23623.14511037488,0.44294154526369534,confirmed,0.30724484578716826,15,6,none,0
3c7nytrk4-M,UCyO9K3_tU2OTrNljdHm7L_g,time,14,13.0046,27,2892.21,2801,3006.999657160079,0.9618246736335889,confirmed,,15,15,none,0
h2apnrnZp3s,UC5_SBQbLA9Kg7Jh5GpXoP3g,time,1,0.8324,28,29.20,123,728.7387111558912,0.04007588101801283,early,,4,3,none,0
h2apnrnZp3s,UC5_SBQbLA9Kg7Jh5GpXoP3g,time,2,2.8324,28,49.21,123,332.6639449363132,0.14793808496345626,early,0.9996338163514447,15,14,none,0
h2apnrnZp3s,UC5_SBQbLA9Kg7Jh5GpXoP3g,time,3,2.8324,28,49.21,123,332.6639449363132,0.14793808496345626,early,0.9996338163514447,15,14,none,0
h2apnrnZp3s,UC5_SBQbLA9Kg7Jh5GpXoP3g,time,5,4.8324,28,40.17,123,298.09120440501346,0.13475616493730982,likely,0.7429568188729567,15,12,none,0
h2apnrnZp3s,UC5_SBQbLA9Kg7Jh5GpXoP3g,time,7,6.8324,28,71.78,123,301.3659983367481,0.23816908430473305,likely,0.9543216468287559,15,12,none,0
h2apnrnZp3s,UC5_SBQbLA9Kg7Jh5GpXoP3g,time,14,13.8324,28,105.53,123,269.871648367917,0.3910313239635441,confirmed,0.8984197624994906,15,12,none,0
VrpFPoFgRz8,UCEBpSZhI1X8WaP-kY_2LLcg,time,2,2.1784,27,919.54,898,795.8479966350527,1.1554255003766445,early,,15,14,none,0
VrpFPoFgRz8,UCEBpSZhI1X8WaP-kY_2LLcg,time,3,3.1784,27,651.30,898,795.7862627498275,0.8184366979446964,likely,0.21637430642172906,15,14,none,0
VrpFPoFgRz8,UCEBpSZhI1X8WaP-kY_2LLcg,time,5,5.1784,27,761.06,898,795.4774502112825,0.9567397206466602,likely,0.2758289759007345,15,14,none,0
VrpFPoFgRz8,UCEBpSZhI1X8WaP-kY_2LLcg,time,7,6.1784,27,765.83,898,800.411468199424,0.9567997101753313,likely,0.3093083922848592,15,14,none,0
VrpFPoFgRz8,UCEBpSZhI1X8WaP-kY_2LLcg,time,14,15.1784,27,895.63,898,810.8865659336662,1.1045100752064407,confirmed,0.2987373194592619,15,13,none,0
_K-lEOPTFXU,UC3KNWfcAsfHDqIzHExknhFQ,time,5,6.6374,28,130.97,172,,,insufficient,,0,0,none,0
_K-lEOPTFXU,UC3KNWfcAsfHDqIzHExknhFQ,time,7,6.6374,28,130.97,172,,,insufficient,,0,0,none,0
_K-lEOPTFXU,UC3KNWfcAsfHDqIzHExknhFQ,time,14,13.6374,28,153.00,172,,,insufficient,0.3548029485960391,0,0,none,0
SzKo1wE0KeQ,UCl0dAq1S5Pv3cw53nFo_aWg,time,1,1.0310,27,4558.53,40641,,,insufficient,1.540991964137415,5,4,none,0
SzKo1wE0KeQ,UCl0dAq1S5Pv3cw53nFo_aWg,time,2,2.0310,27,6866.18,40641,,,insufficient,1.328279553282693,5,4,none,0
SzKo1wE0KeQ,UCl0dAq1S5Pv3cw53nFo_aWg,time,3,3.0310,27,7829.25,40641,,,insufficient,1.2472835968358955,5,4,none,0
SzKo1wE0KeQ,UCl0dAq1S5Pv3cw53nFo_aWg,time,5,5.0310,27,22702.17,40641,,,insufficient,1.642499294865835,5,4,none,0
SzKo1wE0KeQ,UCl0dAq1S5Pv3cw53nFo_aWg,time,7,7.0310,27,33005.57,40641,,,insufficient,1.6615398578027851,5,4,none,0
SzKo1wE0KeQ,UCl0dAq1S5Pv3cw53nFo_aWg,time,14,15.0310,27,39515.83,40641,,,insufficient,1.3730649239352364,5,4,none,0
YqeEsJahLeA,UCq33AlEZl8QBmxatFEwknew,time,14,14.3193,29,246.05,259,346.5962387032078,0.7098955605177021,confirmed,0.12738966477096095,15,11,none,0
yqCZ1ii2Jk8,UC5_SBQbLA9Kg7Jh5GpXoP3g,time,1,0.8320,28,175.23,286,,,insufficient,,1,1,none,0
yqCZ1ii2Jk8,UC5_SBQbLA9Kg7Jh5GpXoP3g,time,2,2.8320,28,427.94,286,116.85491692454451,3.6621901864741617,early,1.5023246457998656,15,15,none,0
yqCZ1ii2Jk8,UC5_SBQbLA9Kg7Jh5GpXoP3g,time,3,2.8320,28,427.94,286,116.85491692454451,3.6621901864741617,early,1.5023246457998656,15,15,none,0
yqCZ1ii2Jk8,UC5_SBQbLA9Kg7Jh5GpXoP3g,time,5,4.8320,28,412.73,286,101.65527165780891,4.06012130002002,likely,1.0436764534744547,15,15,none,0
yqCZ1ii2Jk8,UC5_SBQbLA9Kg7Jh5GpXoP3g,time,7,6.8320,28,388.24,286,106.36673072513302,3.650044068222558,likely,0.8828643777956506,15,15,none,0
yqCZ1ii2Jk8,UC5_SBQbLA9Kg7Jh5GpXoP3g,time,14,13.8320,28,320.35,286,134.3804497563917,2.3839113292238983,confirmed,0.6425185750340525,15,15,none,0
Y-cihfULrUc,UCDIaC10wqRZFutqWaJnm7QA,time,5,6.8424,29,52.89,49,,,insufficient,,0,0,none,0
Y-cihfULrUc,UCDIaC10wqRZFutqWaJnm7QA,time,7,6.8424,29,52.89,49,,,insufficient,,0,0,none,0
Y-cihfULrUc,UCDIaC10wqRZFutqWaJnm7QA,time,14,13.8424,29,49.94,49,,,insufficient,0.14260120267107104,0,0,none,0
Skp_PGCiRQ4,UCWqjZ2W4pOOErFealWwBSXA,time,5,4.8720,28,2673.27,2571,2104.438921727123,1.2703000997283427,likely,,15,13,none,0
Skp_PGCiRQ4,UCWqjZ2W4pOOErFealWwBSXA,time,7,6.8720,28,2599.96,2571,2104.438921727123,1.235465770895573,likely,0.3036407800164732,15,13,none,0
Skp_PGCiRQ4,UCWqjZ2W4pOOErFealWwBSXA,time,14,13.8720,28,2571.76,2571,2077.5564334766364,1.2378780814866963,confirmed,0.20065740532778817,15,9,none,0
ia21rG1uDHU,UC1ZZZtwkaDu1SnZLBDkd1pA,heldout,2,2.5339,29,318.69,729,621.4148633432848,0.5128507471115474,early,,15,15,none,0
ia21rG1uDHU,UC1ZZZtwkaDu1SnZLBDkd1pA,time,2,2.5339,29,318.69,729,621.4148633432848,0.5128507471115474,early,,15,15,none,0
ia21rG1uDHU,UC1ZZZtwkaDu1SnZLBDkd1pA,heldout,3,2.5339,29,318.69,729,621.4148633432848,0.5128507471115474,early,,15,15,none,0
ia21rG1uDHU,UC1ZZZtwkaDu1SnZLBDkd1pA,time,3,2.5339,29,318.69,729,621.4148633432848,0.5128507471115474,early,,15,15,none,0
ia21rG1uDHU,UC1ZZZtwkaDu1SnZLBDkd1pA,heldout,5,4.5339,29,351.01,729,610.6438812734849,0.5748158128474192,likely,0.5130156895234638,15,15,none,0
ia21rG1uDHU,UC1ZZZtwkaDu1SnZLBDkd1pA,time,5,4.5339,29,351.01,729,610.6438812734849,0.5748158128474192,likely,0.5130156895234638,15,15,none,0
ia21rG1uDHU,UC1ZZZtwkaDu1SnZLBDkd1pA,heldout,7,6.5339,29,400.03,729,603.4585158960049,0.662887966757426,likely,0.48878544832559057,15,15,none,0
ia21rG1uDHU,UC1ZZZtwkaDu1SnZLBDkd1pA,time,7,6.5339,29,400.03,729,603.4585158960049,0.662887966757426,likely,0.48878544832559057,15,15,none,0
ia21rG1uDHU,UC1ZZZtwkaDu1SnZLBDkd1pA,heldout,14,13.5339,29,748.33,729,579.1854062078919,1.2920387448294413,confirmed,0.7626896354046917,15,15,none,0
ia21rG1uDHU,UC1ZZZtwkaDu1SnZLBDkd1pA,time,14,13.5339,29,748.33,729,579.1854062078919,1.2920387448294413,confirmed,0.7626896354046917,15,15,none,0
Vug4adDs3yA,UCnSg7AKhnTGnac-3zGdv5Qg,time,14,13.9160,28,897.00,1014,1639.0000000000002,0.5472872866453072,confirmed,0.36199888597514596,15,13,none,0
DN7U1eQ9o-s,UCM3hWnv_tshvTS660fhHH7A,heldout,1,0.8123,28,16012.22,35784,48503.155253885554,0.33012739928396473,early,,15,12,none,0
DN7U1eQ9o-s,UCM3hWnv_tshvTS660fhHH7A,time,1,0.8123,28,16012.22,35784,48503.155253885554,0.33012739928396473,early,,15,12,none,0
DN7U1eQ9o-s,UCM3hWnv_tshvTS660fhHH7A,heldout,2,1.8123,28,28058.59,35784,49124.16143525352,0.5711769632041424,early,1.4558127051154066,15,11,none,0
DN7U1eQ9o-s,UCM3hWnv_tshvTS660fhHH7A,time,2,1.8123,28,28058.59,35784,49124.16143525352,0.5711769632041424,early,1.4558127051154066,15,11,none,0
DN7U1eQ9o-s,UCM3hWnv_tshvTS660fhHH7A,heldout,3,2.8123,28,29421.21,35784,49456.139139602914,0.5948950817735779,early,1.10825990804727,15,11,none,0
DN7U1eQ9o-s,UCM3hWnv_tshvTS660fhHH7A,time,3,2.8123,28,29421.21,35784,49456.139139602914,0.5948950817735779,early,1.10825990804727,15,11,none,0
DN7U1eQ9o-s,UCM3hWnv_tshvTS660fhHH7A,heldout,5,4.8123,28,28643.83,35784,50655.14608838335,0.5654673441173188,likely,0.7979448937393159,15,11,none,0
DN7U1eQ9o-s,UCM3hWnv_tshvTS660fhHH7A,time,5,4.8123,28,28643.83,35784,50655.14608838335,0.5654673441173188,likely,0.7979448937393159,15,11,none,0
DN7U1eQ9o-s,UCM3hWnv_tshvTS660fhHH7A,heldout,7,6.8123,28,29485.68,35784,51642.91734828257,0.5709530977884325,likely,0.722585931553116,15,11,none,0
DN7U1eQ9o-s,UCM3hWnv_tshvTS660fhHH7A,time,7,6.8123,28,29485.68,35784,51642.91734828257,0.5709530977884325,likely,0.722585931553116,15,11,none,0
DN7U1eQ9o-s,UCM3hWnv_tshvTS660fhHH7A,heldout,14,13.8123,28,32150.42,35784,54239.55688213326,0.5927486456554497,confirmed,0.6502904045058684,15,11,none,0
DN7U1eQ9o-s,UCM3hWnv_tshvTS660fhHH7A,time,14,13.8123,28,32150.42,35784,54239.55688213326,0.5927486456554497,confirmed,0.6502904045058684,15,11,none,0
cNjQrPiLMbw,UCnBTvMFhuvbE_dhw2mo0NaQ,time,14,13.9575,29,15860.53,15256,15131.89799182501,1.0481520528325414,confirmed,0.26768976891002644,15,14,none,0
y7yC1YhfD_o,UCuVaqIpPgUyGP6AytqSfs0g,heldout,1,1.0821,28,4496.11,3171,3563.9946354524204,1.261537509513519,early,,15,15,none,0
y7yC1YhfD_o,UCuVaqIpPgUyGP6AytqSfs0g,time,1,1.0821,28,4496.11,3171,3563.9946354524204,1.261537509513519,early,,15,15,none,0
y7yC1YhfD_o,UCuVaqIpPgUyGP6AytqSfs0g,heldout,2,2.0821,28,3434.58,3171,3528.6547701867007,0.9733407210099096,early,0.34808240867547574,15,15,none,0
y7yC1YhfD_o,UCuVaqIpPgUyGP6AytqSfs0g,time,2,2.0821,28,3434.58,3171,3528.6547701867007,0.9733407210099096,early,0.34808240867547574,15,15,none,0
y7yC1YhfD_o,UCuVaqIpPgUyGP6AytqSfs0g,heldout,3,3.0821,28,2836.03,3171,3495.727131087198,0.8112840540233865,likely,0.28750570420878324,15,15,none,0
y7yC1YhfD_o,UCuVaqIpPgUyGP6AytqSfs0g,time,3,3.0821,28,2836.03,3171,3495.727131087198,0.8112840540233865,likely,0.28750570420878324,15,15,none,0
y7yC1YhfD_o,UCuVaqIpPgUyGP6AytqSfs0g,heldout,5,5.0821,28,3315.98,3171,3441.1550391952896,0.963623073329646,likely,0.2969362322667488,15,15,none,0
y7yC1YhfD_o,UCuVaqIpPgUyGP6AytqSfs0g,time,5,5.0821,28,3315.98,3171,3441.1550391952896,0.963623073329646,likely,0.2969362322667488,15,15,none,0
y7yC1YhfD_o,UCuVaqIpPgUyGP6AytqSfs0g,heldout,7,7.0821,28,3404.51,3171,3380.171304424879,1.0072006796616286,confirmed,0.30013461008411807,15,15,none,0
y7yC1YhfD_o,UCuVaqIpPgUyGP6AytqSfs0g,time,7,7.0821,28,3404.51,3171,3380.171304424879,1.0072006796616286,confirmed,0.30013461008411807,15,15,none,0
y7yC1YhfD_o,UCuVaqIpPgUyGP6AytqSfs0g,heldout,14,13.0821,28,3351.90,3171,3263.4308818616846,1.0271105197839345,confirmed,0.24538927853980763,15,15,none,0
y7yC1YhfD_o,UCuVaqIpPgUyGP6AytqSfs0g,time,14,13.0821,28,3351.90,3171,3263.4308818616846,1.0271105197839345,confirmed,0.24538927853980763,15,15,none,0
xbGoesUi48A,UCiDJtJKMICpb9B1qf7qjEOA,time,1,0.9155,27,1320553.73,1394708,104739.01777042315,12.608040068049196,early,,14,14,none,0
xbGoesUi48A,UCiDJtJKMICpb9B1qf7qjEOA,time,2,1.9155,27,1621986.07,1394708,106851.58624816735,15.179803373586363,early,0.8878286534168593,15,15,none,0
xbGoesUi48A,UCiDJtJKMICpb9B1qf7qjEOA,time,3,2.9155,27,1531831.03,1394708,107555.98650340899,14.24217356897796,early,0.6418312691427404,15,15,none,0
xbGoesUi48A,UCiDJtJKMICpb9B1qf7qjEOA,time,5,4.9155,27,1324799.01,1394708,106776.65120820767,12.407197610790217,likely,0.48906126201366035,15,15,none,0
xbGoesUi48A,UCiDJtJKMICpb9B1qf7qjEOA,time,7,6.9155,27,1317473.17,1394708,107722.5422854145,12.230245807970169,likely,0.44785010662348046,15,15,none,0
xbGoesUi48A,UCiDJtJKMICpb9B1qf7qjEOA,time,14,12.9155,27,1393517.69,1394708,107974.97013494311,12.905932649373826,confirmed,0.3904051924581173,15,15,none,0
0TLvesx0Q68,UCEuQ7YIThAps6wERHfsY7fQ,heldout,14,14.9688,30,19862.03,20855,12269.452923169516,1.6188198522846535,confirmed,,10,8,none,0
j-Wbu2HVU9A,UCwrXi5ZknKThspJc-Gai04g,time,14,13.4791,27,52158.98,54900,14307.806052783279,3.6454911146519478,confirmed,0.5252622966971123,15,12,none,0
Z_qTdDy5LlQ,UCbJCFAtGMXQZm6WfSMMLzvw,time,14,13.9133,28,3654.60,3558,3260.085426214482,1.1210125019585389,confirmed,,15,15,none,0
ufIJSwVSBzI,UChISHLovxnSLP0w81NEQj5w,time,14,15.3871,27,46920.57,45410,16867.05204139951,2.7817882762077297,confirmed,0.0014175226669792488,15,15,none,0
x5p9yM2TKF8,UCegFJbscuSjjsyFP4qhOyeA,time,14,13.5387,29,1848.67,2537,1369.7699995379799,1.3496180325661469,confirmed,0.7096730778776961,15,15,none,0
b3_g_DPu6v4,UCJ1RVDuSiJncq6VQYiqpzLA,time,14,13.9991,28,1733.05,1804,1138.4979160704595,1.5222238306796372,confirmed,0.22476164853700162,15,15,none,0
hUq_3jjCB3o,UCfWCrexzFjIqqYZYgvVTPvw,time,5,5.1504,27,221.64,180,,,insufficient,,1,1,none,0
hUq_3jjCB3o,UCfWCrexzFjIqqYZYgvVTPvw,time,7,7.1504,27,175.89,180,,,insufficient,-0.06597906779144735,1,1,none,0
hUq_3jjCB3o,UCfWCrexzFjIqqYZYgvVTPvw,time,14,13.1504,27,180.92,180,,,insufficient,0.08525397968056261,1,1,none,0
YDmXlsE8E5Y,UC3lJL1pUvQ2Ih2qZ-4ozrLw,time,5,6.9786,27,79.33,115,376.78580889312207,0.21055672926996616,likely,,3,3,none,0
YDmXlsE8E5Y,UC3lJL1pUvQ2Ih2qZ-4ozrLw,time,7,6.9786,27,79.33,115,376.78580889312207,0.21055672926996616,likely,,3,3,none,0
YDmXlsE8E5Y,UC3lJL1pUvQ2Ih2qZ-4ozrLw,time,14,14.9786,27,83.97,115,3290.2736556712784,0.0255193168083697,confirmed,0.25105308630068474,12,12,none,0
kVEjOXPOFOo,UCnwlWgbcxwpsnB7LtOL1kPg,time,14,12.9977,27,7232.73,6650,7106.434393528887,1.0177723467637676,confirmed,,15,15,none,0
rLmPiedNaTI,UCySH3WVP-5d4aJIfn8-WoPA,heldout,2,2.8933,27,117306.01,113948,110574.38429414015,1.0608786763822184,early,,3,3,none,0
rLmPiedNaTI,UCySH3WVP-5d4aJIfn8-WoPA,time,2,2.8933,27,117306.01,113948,110574.38429414015,1.0608786763822184,early,,3,3,none,0
rLmPiedNaTI,UCySH3WVP-5d4aJIfn8-WoPA,heldout,3,2.8933,27,117306.01,113948,110574.38429414015,1.0608786763822184,early,,3,3,none,0
rLmPiedNaTI,UCySH3WVP-5d4aJIfn8-WoPA,time,3,2.8933,27,117306.01,113948,110574.38429414015,1.0608786763822184,early,,3,3,none,0
rLmPiedNaTI,UCySH3WVP-5d4aJIfn8-WoPA,heldout,5,4.8933,27,197054.67,113948,111365.99999999997,1.7694329343730806,likely,0.8562841973105685,15,14,none,0
rLmPiedNaTI,UCySH3WVP-5d4aJIfn8-WoPA,time,5,4.8933,27,197054.67,113948,111365.99999999997,1.7694329343730806,likely,0.8562841973105685,15,14,none,0
rLmPiedNaTI,UCySH3WVP-5d4aJIfn8-WoPA,heldout,7,6.8933,27,154251.71,113948,111365.99999999997,1.3850880374124614,likely,0.5893363096555302,15,14,none,0
rLmPiedNaTI,UCySH3WVP-5d4aJIfn8-WoPA,time,7,6.8933,27,154251.71,113948,111365.99999999997,1.3850880374124614,likely,0.5893363096555302,15,14,none,0
rLmPiedNaTI,UCySH3WVP-5d4aJIfn8-WoPA,heldout,14,12.8933,27,132127.03,113948,110009.11875521195,1.201055288179062,confirmed,0.33378954643007386,15,13,none,0
rLmPiedNaTI,UCySH3WVP-5d4aJIfn8-WoPA,time,14,12.8933,27,132127.03,113948,110009.11875521195,1.201055288179062,confirmed,0.33378954643007386,15,13,none,0
QoDKNa_08cc,UCDVt6xCSRx3dqr_SGgc1hng,time,14,14.9576,27,8819.15,10611,3101.3685072961257,2.843632144707183,confirmed,0.704270435953989,15,13,none,0
4_gB3mJ3P8Q,UC8DqDLFZCni7Jkys3N3818w,time,5,4.8182,27,28.55,34,,,insufficient,,2,2,none,0
4_gB3mJ3P8Q,UC8DqDLFZCni7Jkys3N3818w,time,7,6.8182,27,34.37,34,,,insufficient,0.5900999404858832,2,2,none,0
4_gB3mJ3P8Q,UC8DqDLFZCni7Jkys3N3818w,time,14,12.8182,27,35.04,34,,,insufficient,0.4123422471021517,2,2,none,0
EFlH4g1rwDE,UC4vxRjQ0R7vWWKjlpFpt4Tg,time,14,13.5159,27,3129.35,3564,2739.6886470945074,1.1422265937840317,confirmed,,15,15,none,0
5xbH27shJQM,UCKmkpoEqg1sOMGEiIysP8Tw,time,3,3.9583,28,81182.70,54870,63144.55488334703,1.2856643184783576,likely,,15,15,none,0
5xbH27shJQM,UCKmkpoEqg1sOMGEiIysP8Tw,time,5,4.9583,28,58538.77,54870,62657.880162931295,0.9342603494527648,likely,0.013059870388824137,15,15,none,0
5xbH27shJQM,UCKmkpoEqg1sOMGEiIysP8Tw,time,7,6.9583,28,56704.82,54870,63441.363563052946,0.8938146617868117,likely,0.01558661855957573,15,15,none,0
5xbH27shJQM,UCKmkpoEqg1sOMGEiIysP8Tw,time,14,15.9583,28,53794.38,54870,59476.926515782754,0.904457968396803,confirmed,0.013123633616731427,15,14,none,0
ZAS2aGNVRf4,UCZB32syI0FFtThd6xkPTRrg,time,14,13.7079,28,39300.76,40964,27330.247926485314,1.4379951569341825,confirmed,,14,14,none,0
M5f3XQODM4E,UCGDy78008pRm0Y-HYq9jOwg,time,5,6.6041,29,625.86,2443,,,insufficient,,0,0,none,0
M5f3XQODM4E,UCGDy78008pRm0Y-HYq9jOwg,time,7,6.6041,29,625.86,2443,,,insufficient,,0,0,none,0
M5f3XQODM4E,UCGDy78008pRm0Y-HYq9jOwg,time,14,13.6041,29,1319.39,2443,,,insufficient,1.1343693752359603,0,0,none,0
4PMVQt9hzn8,UCMrvLMUITAImCHMOhX88PYQ,time,1,0.8750,28,118183.20,127782,63432.07184669414,1.8631457738566526,early,,15,11,none,0
4PMVQt9hzn8,UCMrvLMUITAImCHMOhX88PYQ,time,2,1.8750,28,109748.50,127782,62942.75424199374,1.7436241217727753,early,0.5939544439875752,15,11,none,0
4PMVQt9hzn8,UCMrvLMUITAImCHMOhX88PYQ,time,3,2.8750,28,114890.42,127782,62484.38346421801,1.8387061679042362,early,0.49447208706907547,15,11,none,0
4PMVQt9hzn8,UCMrvLMUITAImCHMOhX88PYQ,time,5,4.8750,28,107616.48,127782,61764,1.7423819961981808,likely,0.39803744562631344,15,11,none,0
4PMVQt9hzn8,UCMrvLMUITAImCHMOhX88PYQ,time,7,6.8750,28,111936.84,127782,61910.086471788476,1.8080550058556886,likely,0.4065752811758106,15,11,none,0
4PMVQt9hzn8,UCMrvLMUITAImCHMOhX88PYQ,time,14,12.8750,28,127444.50,127782,61824.85390476696,2.061379669941559,confirmed,0.3713488365440743,15,9,none,0
Yk75K20y_1k,UCUpbDOT-OVNBlaQpb9pbd2w,time,3,3.9628,28,71128.81,66269,31633.82171793968,2.2485050090521943,likely,,15,15,none,0
Yk75K20y_1k,UCUpbDOT-OVNBlaQpb9pbd2w,time,5,4.9628,28,60616.05,66269,30831.409816368894,1.9660485477522143,likely,0.26196092306355545,15,15,none,0
Yk75K20y_1k,UCUpbDOT-OVNBlaQpb9pbd2w,time,7,7.9628,28,55942.98,66269,28761.07504064705,1.9450935468506425,confirmed,0.21325567902921133,15,15,none,0
Yk75K20y_1k,UCUpbDOT-OVNBlaQpb9pbd2w,time,14,12.9628,28,67424.33,66269,26672.67762205115,2.5278423938930135,confirmed,0.2847165258425396,15,15,none,0
7axXvMi_ckE,UCnnOksyxFnRBGHK1ZyLRJGA,time,14,14.0415,28,28111.34,27521,26481.28851842119,1.0615548632310172,confirmed,0.13533960777847387,15,13,none,0
YpuPWI8X0os,UCfYfK0tzHZTpNFrc_NDKfTA,heldout,5,6.8749,28,1030.09,945,1663.512624254163,0.6192276156281364,likely,,15,15,none,0
YpuPWI8X0os,UCfYfK0tzHZTpNFrc_NDKfTA,time,5,6.8749,28,1030.09,945,1663.512624254163,0.6192276156281364,likely,,15,15,none,0
YpuPWI8X0os,UCfYfK0tzHZTpNFrc_NDKfTA,heldout,7,6.8749,28,1030.09,945,1663.512624254163,0.6192276156281364,likely,,15,15,none,0
YpuPWI8X0os,UCfYfK0tzHZTpNFrc_NDKfTA,time,7,6.8749,28,1030.09,945,1663.512624254163,0.6192276156281364,likely,,15,15,none,0
YpuPWI8X0os,UCfYfK0tzHZTpNFrc_NDKfTA,heldout,14,13.8749,28,968.35,945,1663.4219295591063,0.5821408473225109,confirmed,0.13617100713358282,15,12,none,0
YpuPWI8X0os,UCfYfK0tzHZTpNFrc_NDKfTA,time,14,13.8749,28,968.35,945,1663.4219295591063,0.5821408473225109,confirmed,0.13617100713358282,15,12,none,0
iJer4OuSOn8,UCihbzGj7YwFNq-aL-6-Titw,heldout,14,14.0204,32,40.32,42,62.745602463420504,0.6425732793702732,confirmed,0,15,14,none,0
IdENz7Spr74,UCMyOj6fhvKFMjxUCp3b_3gA,heldout,7,7.8330,30,18046659.39,21205314,14343664.454628788,1.2581624067236825,confirmed,,15,14,none,0
8i9V9AedZYc,UCAGgFGwq4HZKLZ4gXo9xLiw,time,5,5.8347,28,3548.95,2756,2254.5284194275823,1.5741421115916645,likely,,5,5,none,0
8i9V9AedZYc,UCAGgFGwq4HZKLZ4gXo9xLiw,time,7,6.8347,28,2907.74,2756,2228.0461439224864,1.3050637328540655,likely,0.09755331217584992,5,5,none,0
8i9V9AedZYc,UCAGgFGwq4HZKLZ4gXo9xLiw,time,14,13.8347,28,2800.60,2756,2054.6105337713984,1.3630784233080582,confirmed,0.04804072499897081,5,5,none,0
lBUSrUegBvE,UC58njGoJSZKIthLSbQIS-1g,time,5,6.9573,30,219.12,202,,,insufficient,,0,0,none,0
lBUSrUegBvE,UC58njGoJSZKIthLSbQIS-1g,time,7,6.9573,30,219.12,202,,,insufficient,,0,0,none,0
lBUSrUegBvE,UC58njGoJSZKIthLSbQIS-1g,time,14,13.9573,30,194.36,202,,,insufficient,0.12261975459529706,0,0,none,0
YhjqyX69Eto,UC1CVzH-XVr3E-kTT6D8hhfg,time,1,0.9160,29,21585.18,25623,46434.54609782543,0.46485180952893895,early,,15,8,none,0
YhjqyX69Eto,UC1CVzH-XVr3E-kTT6D8hhfg,time,2,1.9160,29,25226.11,25623,46437.87462747916,0.543222680167421,early,0.7696207518082275,15,8,none,0
YhjqyX69Eto,UC1CVzH-XVr3E-kTT6D8hhfg,time,3,2.9160,29,21771.04,25623,46533.094262338345,0.467861528457051,early,0.5536781246815744,15,8,none,0
YhjqyX69Eto,UC1CVzH-XVr3E-kTT6D8hhfg,time,5,4.9160,29,20050.20,25623,45945.31694030271,0.4363926387381015,likely,0.49586715619230554,15,7,none,0
YhjqyX69Eto,UC1CVzH-XVr3E-kTT6D8hhfg,time,7,6.9160,29,22153.80,25623,44732.552139329055,0.4952500448869841,likely,0.44898030717841986,15,7,none,0
YhjqyX69Eto,UC1CVzH-XVr3E-kTT6D8hhfg,time,14,13.9160,29,25155.58,25623,42757.68407595926,0.5883289860697632,confirmed,0.43482664259043924,15,4,none,0
QUIFZaKIB4M,UC1jY1bsRgYKlQ08IVIzwhVw,heldout,7,8.0196,31,34363.30,33699,,,insufficient,,0,0,none,0
QUIFZaKIB4M,UC1jY1bsRgYKlQ08IVIzwhVw,heldout,14,14.0196,31,34658.73,33699,,,insufficient,0.24744261614307245,0,0,none,0
QXqtcIfgc64,UC2eftfsjqc-H1_c8_uXbZJA,time,1,0.9994,27,288.06,312,181.89315792859458,1.5836686344540172,early,,6,6,none,0
QXqtcIfgc64,UC2eftfsjqc-H1_c8_uXbZJA,time,2,1.9994,27,333.02,312,185.837143731001,1.7919878866078796,early,0.7702165082419694,6,6,none,0
QXqtcIfgc64,UC2eftfsjqc-H1_c8_uXbZJA,time,3,2.9994,27,286.85,312,192.1001209021032,1.4932167677429562,early,0.5524187741119827,6,6,none,0
QXqtcIfgc64,UC2eftfsjqc-H1_c8_uXbZJA,time,5,4.9994,27,283.03,312,193.12276369050412,1.4655238651599558,likely,0.48290875081555945,6,5,none,0
QXqtcIfgc64,UC2eftfsjqc-H1_c8_uXbZJA,time,7,6.9994,27,284.16,312,201.56393537715996,1.4097999950163576,likely,0.4501574520361861,6,5,none,0
QXqtcIfgc64,UC2eftfsjqc-H1_c8_uXbZJA,time,14,12.9994,27,361.27,312,201.62863860158774,1.791740663026693,confirmed,0.41093822482663755,6,4,none,0
miUNy3YKx60,UC-mP1nlk0qOutA08zuQHORA,heldout,0.5,0.6979,30,1247774.39,1190116,652384.9189243019,1.9126352389608676,early,,14,13,none,0
miUNy3YKx60,UC-mP1nlk0qOutA08zuQHORA,heldout,1,0.6979,30,1247774.39,1190116,652384.9189243019,1.9126352389608676,early,,14,13,none,0
miUNy3YKx60,UC-mP1nlk0qOutA08zuQHORA,heldout,7,7.6979,30,1144174.49,1190116,718015.1463177619,1.5935241634417465,confirmed,0.39900586362230234,15,13,none,0
miUNy3YKx60,UC-mP1nlk0qOutA08zuQHORA,heldout,14,13.6979,30,1271320.64,1190116,723381.9776432371,1.7574679461199914,confirmed,0.36554310213871904,15,12,none,0
kNBH1OgdbEw,UC-No2ITxJsNt50oJQ3fLmUA,time,14,13.7004,29,128143.58,122959,82173.09044427269,1.5594348926487667,confirmed,,15,13,none,0
ao5GfJe0egI,UCGbg3DjQdcqWwqOLHpYHXIg,time,1,0.8333,27,416824.84,312243,347077.88578777516,1.2009547494064106,early,,15,12,none,0
ao5GfJe0egI,UCGbg3DjQdcqWwqOLHpYHXIg,time,2,1.8333,27,357143.51,312243,347198.0673830619,1.0286448782776005,early,0.6297718240665423,15,12,none,0
ao5GfJe0egI,UCGbg3DjQdcqWwqOLHpYHXIg,time,3,2.8333,27,370358.75,312243,348684.9999999999,1.0621585371422533,early,0.5013137223863006,15,11,none,0
ao5GfJe0egI,UCGbg3DjQdcqWwqOLHpYHXIg,time,5,4.8333,27,355538.95,312243,348684.9999999999,1.0196565669441466,likely,0.42332304789097075,15,11,none,0
ao5GfJe0egI,UCGbg3DjQdcqWwqOLHpYHXIg,time,7,6.8333,27,351176.99,312243,348684.9999999999,1.00714683009287,likely,0.3905258044293536,15,11,none,0
ao5GfJe0egI,UCGbg3DjQdcqWwqOLHpYHXIg,time,14,12.8333,27,329598.22,312243,348684.9999999999,0.9452606821574706,confirmed,0.3115208165894154,15,10,none,0
ONaEai3s_Wk,UCaBqRxHEMomgFU-AkSfodCw,time,3,3.8749,27,83307.32,90090,141790.46228575954,0.5875382609635743,likely,,15,14,none,0
ONaEai3s_Wk,UCaBqRxHEMomgFU-AkSfodCw,time,5,4.8749,27,79914.62,90090,141790.46228575954,0.5636106619221746,likely,0.49266884863717786,15,14,none,0
ONaEai3s_Wk,UCaBqRxHEMomgFU-AkSfodCw,time,7,7.8749,27,86159.03,90090,146687.39920947296,0.5873649146571449,confirmed,0.42841116179707583,15,14,none,0
ONaEai3s_Wk,UCaBqRxHEMomgFU-AkSfodCw,time,14,12.8749,27,89831.20,90090,154098.80165756558,0.582945476397105,confirmed,0.3642972336237235,15,13,none,0
9bwg8D7bhLs,UC682ktH2UsgNdCjl83TpDWg,time,14,13.8900,28,261.55,264,71.87037158598658,3.6392507441785216,confirmed,0.017602444438233902,15,15,none,0
5vhZQOJU_7Q,UC_A0CYW-gTE4qR3nWQnkaIg,time,5,6.6249,29,530.16,490,,,insufficient,,0,0,none,0
5vhZQOJU_7Q,UC_A0CYW-gTE4qR3nWQnkaIg,time,7,6.6249,29,530.16,490,,,insufficient,,0,0,none,0
5vhZQOJU_7Q,UC_A0CYW-gTE4qR3nWQnkaIg,time,14,13.6249,29,473.49,490,,,insufficient,0.12933440136747018,0,0,none,0
JjjJydJuxOQ,UC2RAGL6c9iQZ0H8PHCLZY_w,time,5,4.5206,27,2045.06,1658,,,insufficient,,0,0,none,0
JjjJydJuxOQ,UC2RAGL6c9iQZ0H8PHCLZY_w,time,7,6.5206,27,1588.54,1658,,,insufficient,-0.12944405690767866,0,0,none,0
JjjJydJuxOQ,UC2RAGL6c9iQZ0H8PHCLZY_w,time,14,12.5206,27,1576.56,1658,,,insufficient,0.0154803355208634,0,0,none,0
OlAmyf8_4O4,UC8butISFwT-Wl7EV0hUK0BQ,time,5,6.9053,29,26306.41,32516,,,insufficient,,1,1,none,0
OlAmyf8_4O4,UC8butISFwT-Wl7EV0hUK0BQ,time,7,6.9053,29,26306.41,32516,,,insufficient,,1,1,none,0
OlAmyf8_4O4,UC8butISFwT-Wl7EV0hUK0BQ,time,14,13.9053,29,30645.30,32516,,,insufficient,0.35941840355559707,1,1,none,0
8DKli8l_BTk,UCuehmJAqhHdlv1lTIwxTYpQ,time,14,13.6586,27,42337.03,38669,46122.120460449696,0.9179332272226611,confirmed,,15,14,none,0
tRE5_bQoGYw,UCcjhYlL1WRBjKaJsMH_h7Lg,time,1,0.8333,27,132348.40,164611,182263.0000000001,0.7261396804453245,early,,15,11,none,0
tRE5_bQoGYw,UCcjhYlL1WRBjKaJsMH_h7Lg,time,2,1.8333,27,218880.82,164611,182263.0000000001,1.2009064928654691,early,0.8943705774905404,15,10,none,0
tRE5_bQoGYw,UCcjhYlL1WRBjKaJsMH_h7Lg,time,3,2.8333,27,288392.69,164611,182263.0000000001,1.5822887057092283,early,0.7254569009803143,15,10,none,0
tRE5_bQoGYw,UCcjhYlL1WRBjKaJsMH_h7Lg,time,5,4.8333,27,159345.19,164611,200881.0748334768,0.7932314555994963,likely,0.6281409115296331,15,10,none,0
tRE5_bQoGYw,UCcjhYlL1WRBjKaJsMH_h7Lg,time,7,6.8333,27,160698.86,164611,216831.05414841502,0.7411247414959101,likely,0.5868897171801569,15,10,none,0
tRE5_bQoGYw,UCcjhYlL1WRBjKaJsMH_h7Lg,time,14,12.8333,27,184632.36,164611,279711.35944735486,0.660081749720079,confirmed,0.5037782241574691,15,9,none,0
rRGF_9hoJ64,UCJ1RVDuSiJncq6VQYiqpzLA,time,14,14.9570,27,1055.52,1057,675.7033736497946,1.5621078087742404,confirmed,0.09009344262109582,15,15,none,0
17z6QWnlgmk,UC2EvrwxrEaP5BF5uUZ56uIw,time,5,6.8080,29,40.30,52,,,insufficient,,0,0,none,0
17z6QWnlgmk,UC2EvrwxrEaP5BF5uUZ56uIw,time,7,6.8080,29,40.30,52,,,insufficient,,0,0,none,0
17z6QWnlgmk,UC2EvrwxrEaP5BF5uUZ56uIw,time,14,13.8080,29,47.89,52,,,insufficient,0.38723174310029324,0,0,none,0
SOg-CUeEqdY,UCUpbDOT-OVNBlaQpb9pbd2w,heldout,14,14.6690,29,8292.20,8036,22607.780940997294,0.36678530572742274,confirmed,0.008046150686578376,15,15,none,0
4J9tru21CxU,UC63fON8nPB6FfHOJi_wCZXw,time,5,6.6514,29,3680.88,3369,,,insufficient,,0,0,none,0
4J9tru21CxU,UC63fON8nPB6FfHOJi_wCZXw,time,7,6.6514,29,3680.88,3369,,,insufficient,,0,0,none,0
4J9tru21CxU,UC63fON8nPB6FfHOJi_wCZXw,time,14,13.6514,29,3278.22,3369,,,insufficient,0.1253552500044941,0,0,none,0
T0o7lz5w34o,UCGWNHkr2WZcRbxqoet-nyeg,time,14,12.7312,27,2088.82,1916,2824.70331977437,0.7394814757481873,confirmed,,15,15,none,0
4OGMeeXQoew,UCUpbDOT-OVNBlaQpb9pbd2w,time,5,4.8821,28,13480.56,10069,31633.82171793968,0.42614401766192156,likely,,15,15,none,0
4OGMeeXQoew,UCUpbDOT-OVNBlaQpb9pbd2w,time,7,6.8821,28,10971.37,10069,29964.932181102144,0.3661402450285564,likely,0.02267055870593109,15,15,none,0
4OGMeeXQoew,UCUpbDOT-OVNBlaQpb9pbd2w,time,14,13.8821,28,10376.37,10069,26672.67762205115,0.3890260260226012,confirmed,0.013283580758654705,15,15,none,0
K-Rr8zuF2bk,UClZT1TPdg5Hrx2HPmkALofw,time,14,13.6267,27,3691.00,4710,585.0000000000002,6.309404332896558,confirmed,1.0909134542317531,15,12,none,0
LYw2CDwr62w,UCuVaqIpPgUyGP6AytqSfs0g,heldout,3,3.0829,31,2668.46,2008,2717.1751984120133,0.9820713600755201,likely,,15,15,none,0
LYw2CDwr62w,UCuVaqIpPgUyGP6AytqSfs0g,heldout,5,3.0829,31,2668.46,2008,2717.1751984120133,0.9820713600755201,likely,,15,15,none,0
nGt7P7saaZs,UCEf_Bc-KVd7onSeifS3py9g,time,0.5,0.3745,29,81653.37,38248,415680.0792559335,0.1964332025612698,early,,13,12,none,0
nGt7P7saaZs,UCEf_Bc-KVd7onSeifS3py9g,time,1,1.3745,29,60590.70,38248,356784.70465015696,0.1698242718677058,early,0.4175916980486847,15,14,none,0
nGt7P7saaZs,UCEf_Bc-KVd7onSeifS3py9g,time,2,2.3745,29,37728.57,38248,359712.22808789567,0.10488543772194495,early,0.3166650675682967,15,11,none,0
nGt7P7saaZs,UCEf_Bc-KVd7onSeifS3py9g,time,3,3.3745,29,53819.12,38248,360119.39868604694,0.14944797699374313,likely,0.31532363263608815,15,11,none,0
nGt7P7saaZs,UCEf_Bc-KVd7onSeifS3py9g,time,5,5.3745,29,48679.77,38248,363007.2214034128,0.13410138753650983,likely,0.3099584737103437,15,11,none,0
nGt7P7saaZs,UCEf_Bc-KVd7onSeifS3py9g,time,7,7.3745,29,41494.73,38248,366811.23427639325,0.11312285129495205,confirmed,0.30791315645183215,15,10,none,0
nGt7P7saaZs,UCEf_Bc-KVd7onSeifS3py9g,time,14,14.3745,29,39845.32,38248,368426.9999999997,0.10814983483537659,confirmed,0.2526895009599474,15,7,none,0
ghMJA3J7JiE,UCWnlQMQ-ACfhpD68yWRsnJw,time,5,6.7915,28,20414.23,18343,34722.20609526668,0.5879299832704378,likely,,6,6,none,0
ghMJA3J7JiE,UCWnlQMQ-ACfhpD68yWRsnJw,time,7,6.7915,28,20414.23,18343,34722.20609526668,0.5879299832704378,likely,,6,6,none,0
ghMJA3J7JiE,UCWnlQMQ-ACfhpD68yWRsnJw,time,14,13.7915,28,18096.87,18343,61341.33377149062,0.2950191781688971,confirmed,0.11980382566987824,15,14,none,0
noyn12MBQKs,UCFs23bEpTlHJt1RVN0UWI3Q,time,7,7.8538,27,2252.86,2009,2895.440791437852,0.7780701704487797,confirmed,,15,15,none,0
noyn12MBQKs,UCFs23bEpTlHJt1RVN0UWI3Q,time,14,12.8538,27,1953.90,2009,2844.823619416863,0.6868277088212255,confirmed,0.12266845025590875,15,15,none,0
ygqu_w6P5Mk,UCUct4nBOq47nXbHtq7p8eUA,time,7,7.7187,28,20993.50,19330,14296.835957955042,1.468401539182083,confirmed,,12,11,none,0
ygqu_w6P5Mk,UCUct4nBOq47nXbHtq7p8eUA,time,14,12.7187,28,17893.21,19330,13325.440208232192,1.3427855843245893,confirmed,0.08272429394867672,15,14,none,0
1MXUF1ucd1s,UC0Le_ilaOlp9HftXeiMglsg,time,14,13.6388,27,9272.79,8705,7397.962559028387,1.253424927699914,confirmed,,15,13,none,0
HN7aZm8FtVw,UC_2su4ftsi4r6aGkAQ8MyVQ,time,5,6.0556,29,528.90,628,,,insufficient,,0,0,none,0
HN7aZm8FtVw,UC_2su4ftsi4r6aGkAQ8MyVQ,time,7,7.0556,29,624.09,628,,,insufficient,0.5872836715417449,0,0,none,0
HN7aZm8FtVw,UC_2su4ftsi4r6aGkAQ8MyVQ,time,14,14.0556,29,638.88,628,,,insufficient,0.3485724098178214,0,0,none,0
9hrOmqGZ1RI,UCEh_IoMVGA7NPsx6-2H8Bqw,time,14,12.7716,27,1522.80,1521,1195.278931251633,1.2740158497431961,confirmed,0.03607151811077898,15,15,none,0
VQLKPautr4Y,UCUpbDOT-OVNBlaQpb9pbd2w,time,5,4.5056,28,75778.88,61220,30400.82872940285,2.492658392910005,likely,,15,15,none,0
VQLKPautr4Y,UCUpbDOT-OVNBlaQpb9pbd2w,time,7,6.5056,28,64921.25,61220,28575.037322102537,2.27195692530999,likely,0.18700803520245757,15,15,none,0
VQLKPautr4Y,UCUpbDOT-OVNBlaQpb9pbd2w,time,14,12.5056,28,62941.54,61220,25762.968654742563,2.44310137161893,confirmed,0.09855312660054923,15,15,none,0
VXU4LSAQDSc,UC4SVo0Ue36XCfOyb5Lh1viQ,time,7,7.7572,29,26295.07,51119,6346.928679230867,4.142960464109277,confirmed,,15,13,none,0
VXU4LSAQDSc,UC4SVo0Ue36XCfOyb5Lh1viQ,time,14,13.7572,29,35948.96,51119,6238.697902409341,5.76225402800162,confirmed,0.5887292806573078,15,9,none,0
R8pdxfklTbk,UCJ1RVDuSiJncq6VQYiqpzLA,time,14,14.9994,27,535.20,528,1048.8235524485528,0.5102818600310042,confirmed,0.15604502570757575,15,15,none,0
q8g75De09eM,UC7F-suscQATns3qRYHpyijw,time,5,4.7907,27,53451.78,127435,,,insufficient,,0,0,none,0
q8g75De09eM,UC7F-suscQATns3qRYHpyijw,time,7,6.7907,27,63074.79,127435,,,insufficient,0.5212314895548573,0,0,none,0
q8g75De09eM,UC7F-suscQATns3qRYHpyijw,time,14,15.7907,27,95087.29,127435,,,insufficient,0.6080272467958165,0,0,none,0
r_Vv6aliR7E,UCUpbDOT-OVNBlaQpb9pbd2w,time,5,5.4686,27,10011.76,8914,30831.409816368894,0.32472584064478516,likely,0.04494102660283735,15,15,none,0
r_Vv6aliR7E,UCUpbDOT-OVNBlaQpb9pbd2w,time,7,7.4686,27,9699.44,8914,29306.401383330292,0.3309664803056148,confirmed,0.028949042727549102,15,15,none,0
r_Vv6aliR7E,UCUpbDOT-OVNBlaQpb9pbd2w,time,14,13.4686,27,9181.28,8914,26672.67762205115,0.3442203982371945,confirmed,0.019746872723911818,15,15,none,0
aDizcTftOx8,UCYL1Kn00HYDP0gOZKHBC84w,heldout,14,13.6666,29,48193.47,45393,5529.701748431158,8.715382877989885,confirmed,,12,10,none,0
aDizcTftOx8,UCYL1Kn00HYDP0gOZKHBC84w,time,14,13.6666,29,48193.47,45393,5529.701748431158,8.715382877989885,confirmed,,12,10,none,0
EHFWNNJCFTw,UCkr6cLAnZiz5NH0NzjNK8rg,time,0.5,0.6595,27,42838.20,24890,113514.73886716821,0.3773800597499085,early,,14,14,none,0
EHFWNNJCFTw,UCkr6cLAnZiz5NH0NzjNK8rg,time,1,0.6595,27,42838.20,24890,113514.73886716821,0.3773800597499085,early,,14,14,none,0
EHFWNNJCFTw,UCkr6cLAnZiz5NH0NzjNK8rg,time,2,1.6595,27,37065.33,24890,102040.11916057377,0.36324267349929446,early,0.6020428959546252,15,15,none,0
EHFWNNJCFTw,UCkr6cLAnZiz5NH0NzjNK8rg,time,3,2.6595,27,31882.35,24890,96996.03487053482,0.32869741504026667,early,0.4334518991713218,15,14,none,0
EHFWNNJCFTw,UCkr6cLAnZiz5NH0NzjNK8rg,time,5,4.6595,27,30185.04,24890,88947.6942343822,0.3393572327536709,likely,0.30440421753880775,15,13,none,0
EHFWNNJCFTw,UCkr6cLAnZiz5NH0NzjNK8rg,time,7,6.6595,27,28719.36,24890,85686.42158317777,0.3351681535171757,likely,0.25243545816920543,15,13,none,0
EHFWNNJCFTw,UCkr6cLAnZiz5NH0NzjNK8rg,time,14,12.6595,27,25629.74,24890,81294.29559337033,0.31527106558992823,confirmed,0.1954094218271255,15,8,none,0
0OyZqtutPtY,UC1CL9_o8c7sXfiMWJuTLp-Q,time,5,5.4827,27,1953.96,1681,,,insufficient,,0,0,none,0
0OyZqtutPtY,UC1CL9_o8c7sXfiMWJuTLp-Q,time,7,7.4827,27,1644.61,1681,,,insufficient,0.14964041315432672,0,0,none,0
0OyZqtutPtY,UC1CL9_o8c7sXfiMWJuTLp-Q,time,14,13.4827,27,1647.90,1681,,,insufficient,0.12899510722201896,0,0,none,0
b7q6_A4CnR0,UCAHNAm34YmE_4k6iq9Ig0vg,time,5,5.6244,28,31353.12,31910,,,insufficient,,0,0,none,0
b7q6_A4CnR0,UCAHNAm34YmE_4k6iq9Ig0vg,time,7,6.6244,28,29020.61,31910,,,insufficient,0.2809451999146414,0,0,none,0
b7q6_A4CnR0,UCAHNAm34YmE_4k6iq9Ig0vg,time,14,13.6244,28,32208.06,31910,,,insufficient,0.2794248110964557,0,0,none,0
KA5MUJzQYrM,UCPAt6z5uX_c5Eo_cSNROzYw,time,14,13.6457,29,1421.49,1410,10447.869481072667,0.1360555643678066,confirmed,0.020586759789967567,15,15,none,0
Oq494uiCdnI,UCic4iGbudp-7bELJppHBNfw,time,7,7.8329,29,526.38,444,779.4992699897437,0.6752796818250275,confirmed,,15,14,none,0
Oq494uiCdnI,UCic4iGbudp-7bELJppHBNfw,time,14,14.8329,29,449.71,444,772.9227563760477,0.5818278580796289,confirmed,0.06830713134328338,15,12,none,0
lakqZvIoAkY,UCRix1GJvSBNDpEFY561eSzw,heldout,2,2.8333,31,109069.14,109982,94251.15196288587,1.157218090692933,early,,15,12,none,0
lakqZvIoAkY,UCRix1GJvSBNDpEFY561eSzw,heldout,3,2.8333,31,109069.14,109982,94251.15196288587,1.157218090692933,early,,15,12,none,0
lakqZvIoAkY,UCRix1GJvSBNDpEFY561eSzw,heldout,5,4.8333,31,93272.38,109982,94101.53360407197,0.9911887314413153,likely,0.31245184205949533,15,12,none,0
lakqZvIoAkY,UCRix1GJvSBNDpEFY561eSzw,heldout,7,6.8333,31,99114.96,109982,94142.6031331963,1.0528173092550588,likely,0.30219998782161045,15,12,none,0
lakqZvIoAkY,UCRix1GJvSBNDpEFY561eSzw,heldout,14,13.8333,31,109473.94,109982,94341.99999999994,1.1603945067511305,confirmed,0.2783331130787343,15,11,none,0
6QYxC0qd1Hw,UCLMv-CaznZ3x7LDn-1fjmVA,time,7,8.9998,29,61965.51,66077,2603.2216475151417,23.803392334899534,confirmed,,15,15,none,0
6QYxC0qd1Hw,UCLMv-CaznZ3x7LDn-1fjmVA,time,14,13.9998,29,56492.99,66077,2722.5740310722595,20.749846420466746,confirmed,0.138006192515894,15,13,none,0
B_G7af8LBow,UCS7BAYpqOSaYy-pZp6oO4PA,time,7,7.9572,28,10255.60,8455,14522.139290581586,0.7062041748336468,confirmed,,15,15,none,0
B_G7af8LBow,UCS7BAYpqOSaYy-pZp6oO4PA,time,14,12.9572,28,8586.84,8455,14080.417885399802,0.6098425618218277,confirmed,0.044408033516557095,15,15,none,0
7w7eSJc3RXc,UCMekTeLUP4PllG4z53Qny2Q,time,5,5.7767,29,5583.13,4904,617.1748619729972,9.046276558028962,likely,,15,15,none,0
7w7eSJc3RXc,UCMekTeLUP4PllG4z53Qny2Q,time,7,6.7767,29,5476.52,4904,622.2749928911248,8.800797240961067,likely,0.3640687517779246,15,14,none,0
7w7eSJc3RXc,UCMekTeLUP4PllG4z53Qny2Q,time,14,13.7767,29,5066.45,4904,634.1591836918116,7.989234278237303,confirmed,0.16428028102597622,15,10,none,0
GRKkObhgG0s,UCGyDjbX9F9ARt_8sgv5kGDg,time,2,2.7395,28,8618.98,7960,11885.168726001817,0.7251880991448305,early,,15,14,none,0
GRKkObhgG0s,UCGyDjbX9F9ARt_8sgv5kGDg,time,3,2.7395,28,8618.98,7960,11885.168726001817,0.7251880991448305,early,,15,14,none,0
GRKkObhgG0s,UCGyDjbX9F9ARt_8sgv5kGDg,time,5,4.7395,28,7874.64,7960,11842.709138647313,0.6649356153661923,likely,0.2747340865297837,15,14,none,0
GRKkObhgG0s,UCGyDjbX9F9ARt_8sgv5kGDg,time,7,6.7395,28,8133.80,7960,11750.148589155076,0.692229941567384,likely,0.2921307111196857,15,14,none,0
GRKkObhgG0s,UCGyDjbX9F9ARt_8sgv5kGDg,time,14,12.7395,28,8309.23,7960,11658.999999999993,0.712688002684046,confirmed,0.23929932630574424,15,12,none,0
LcLHUrURRGQ,UCnmGIkw-KdI0W5siakKPKog,heldout,1,0.8745,30,3215937.78,2814967,,,insufficient,,1,1,none,0
LcLHUrURRGQ,UCnmGIkw-KdI0W5siakKPKog,heldout,3,3.8745,30,2914589.48,2814967,2949748.302371717,0.988080737584886,likely,0.4593680265305922,15,15,none,0
LcLHUrURRGQ,UCnmGIkw-KdI0W5siakKPKog,heldout,5,4.8745,30,3024284.24,2814967,2942769.225969446,1.0277001037044018,likely,0.4261764000410058,15,15,none,0
LcLHUrURRGQ,UCnmGIkw-KdI0W5siakKPKog,heldout,7,5.8745,30,3141999.48,2814967,2933604.1371777924,1.071037307770897,likely,0.4040066438479539,15,15,none,0
LcLHUrURRGQ,UCnmGIkw-KdI0W5siakKPKog,heldout,14,13.8745,30,2918020.68,2814967,2909507.843383642,1.0029258681200213,confirmed,0.3213159790030061,15,15,none,0
vORhopSp7l8,UCjNrOMGm7_ODMMBS-71xBcA,time,1,0.7920,27,1178.81,2693,2193.9999999999995,0.5372897808646542,early,,15,12,none,0
vORhopSp7l8,UCjNrOMGm7_ODMMBS-71xBcA,time,2,1.7920,27,2007.34,2693,2193.9999999999995,0.9149225369643215,early,1.3779873139052479,15,12,none,0
vORhopSp7l8,UCjNrOMGm7_ODMMBS-71xBcA,time,3,2.7920,27,2137.58,2693,2193.9999999999995,0.9742866569560578,early,1.0818692220554682,15,11,none,0
vORhopSp7l8,UCjNrOMGm7_ODMMBS-71xBcA,time,5,4.7920,27,2246.69,2693,2193.9999999999995,1.0240134110341683,likely,0.849635665149818,15,11,none,0
vORhopSp7l8,UCjNrOMGm7_ODMMBS-71xBcA,time,7,7.7920,27,2668.76,2693,2193.9999999999995,1.2163922317294276,confirmed,0.8199770270946191,15,10,none,0
vORhopSp7l8,UCjNrOMGm7_ODMMBS-71xBcA,time,14,12.7920,27,2606.32,2693,2193.9999999999995,1.1879319309162748,confirmed,0.7426265167384082,15,9,none,0
HvKOs2PsmNI,UCJS9pqu9BzkAMNTmzNMNhvg,time,14,13.8102,27,1937.00,1875,2486.999999999999,0.7788510829238955,confirmed,,15,11,none,0
hqNiOsuUM4E,UC9vUu4vlIlMC0dHQCTvQPbg,time,3,3.9583,27,94919.80,93115,26154.075715127336,3.6292546046467553,likely,,3,3,none,0
hqNiOsuUM4E,UC9vUu4vlIlMC0dHQCTvQPbg,time,5,4.9583,27,81821.56,93115,25683.432219240087,3.185771896465531,likely,0.32401638763152785,3,3,none,0
hqNiOsuUM4E,UC9vUu4vlIlMC0dHQCTvQPbg,time,7,6.9583,27,82760.83,93115,24952.948787321387,3.3166752380937714,likely,0.2818352301444638,3,3,none,0
hqNiOsuUM4E,UC9vUu4vlIlMC0dHQCTvQPbg,time,14,14.9583,27,95535.99,93115,23125.223777104646,4.131245931287631,confirmed,0.3032505276722446,3,3,none,0
b3EugpoXF5I,UC8jRs1LfVO5vsrSk-YRu5ZA,time,5,6.9687,27,1994.70,1602,,,insufficient,,0,0,none,0
b3EugpoXF5I,UC8jRs1LfVO5vsrSk-YRu5ZA,time,7,6.9687,27,1994.70,1602,,,insufficient,,0,0,none,0
b3EugpoXF5I,UC8jRs1LfVO5vsrSk-YRu5ZA,time,14,12.9687,27,1645.83,1602,2768.861508514318,0.5944059909791434,confirmed,0.00897524472848579,15,11,none,0
w2FbEhhhVMw,UCfXzRcRPMHw_AF7EdRtyiJQ,time,5,6.8853,29,12183.56,21941,,,insufficient,,0,0,none,0
w2FbEhhhVMw,UCfXzRcRPMHw_AF7EdRtyiJQ,time,7,6.8853,29,12183.56,21941,,,insufficient,,0,0,none,0
w2FbEhhhVMw,UCfXzRcRPMHw_AF7EdRtyiJQ,time,14,13.8853,29,20924.12,21941,,,insufficient,0.8425411034433423,0,0,none,0
7HuXSoDXfTY,UCwSozl89jl2zUDzQ4jGJD3g,time,7,8.7835,28,38852.64,97479,28177.732047170248,1.3788419180621576,confirmed,,8,8,none,0
7HuXSoDXfTY,UCwSozl89jl2zUDzQ4jGJD3g,time,14,12.7835,28,50649.66,97479,26850.629928628892,1.8863489572425494,confirmed,0.7575565654046811,15,14,none,0
YZuCKWqal5c,UC6BW8DqrAmBEIeCtMa4bfBw,time,14,15.2267,27,1990.09,2048,3673.2214834506062,0.5417824923245457,confirmed,0.1027204386099998,15,15,none,0
VsOfwiULBlI,UCdjEFkZWl9eBgV8azx1A_hg,time,5,5.8245,28,409.28,367,,,insufficient,,2,2,none,0
VsOfwiULBlI,UCdjEFkZWl9eBgV8azx1A_hg,time,7,7.8245,28,348.49,367,,,insufficient,0.20151365551350972,2,2,none,0
VsOfwiULBlI,UCdjEFkZWl9eBgV8azx1A_hg,time,14,13.8245,28,362.59,367,,,insufficient,0.13410151159902534,2,2,none,0
qg1CxJhHCgk,UC7dR3zb454qbmuzTR2_ABhQ,time,5,6.9369,29,158519.72,180068,,,insufficient,,0,0,none,0
qg1CxJhHCgk,UC7dR3zb454qbmuzTR2_ABhQ,time,7,6.9369,29,158519.72,180068,,,insufficient,,0,0,none,0
qg1CxJhHCgk,UC7dR3zb454qbmuzTR2_ABhQ,time,14,13.9369,29,163342.08,180068,,,insufficient,0.23341529697977845,0,0,none,0
oUt9u_kEu64,UC5_SBQbLA9Kg7Jh5GpXoP3g,time,1,0.8322,28,106.20,122,728.7387111558912,0.14573047642913756,early,,3,3,none,0
oUt9u_kEu64,UC5_SBQbLA9Kg7Jh5GpXoP3g,time,2,2.8322,28,126.71,122,300.2258417353643,0.42203402559100095,early,0.7965538844396258,15,15,none,0
oUt9u_kEu64,UC5_SBQbLA9Kg7Jh5GpXoP3g,time,3,2.8322,28,126.71,122,300.2258417353643,0.42203402559100095,early,0.7965538844396258,15,15,none,0
oUt9u_kEu64,UC5_SBQbLA9Kg7Jh5GpXoP3g,time,5,4.8322,28,101.28,122,281.6137938227254,0.3596376343026227,likely,0.5195600518473079,15,13,none,0
oUt9u_kEu64,UC5_SBQbLA9Kg7Jh5GpXoP3g,time,7,6.8322,28,115.47,122,268.44386985025005,0.43015043057371977,likely,0.5107257364185278,15,13,none,0
oUt9u_kEu64,UC5_SBQbLA9Kg7Jh5GpXoP3g,time,14,13.8322,28,135.20,122,249.881233037996,0.5410409038404008,confirmed,0.4381510240756948,15,13,none,0
y47-NKG4KrI,UCJP9OOLkOzsXbb_Bo_kqjTw,time,1,0.8047,29,6995.89,5128,28556.04230816023,0.24498801360913894,early,,15,13,none,0
y47-NKG4KrI,UCJP9OOLkOzsXbb_Bo_kqjTw,time,2,1.8047,29,5762.22,5128,28556.04230816023,0.20178637226068316,early,0.5322936480437388,15,12,none,0
y47-NKG4KrI,UCJP9OOLkOzsXbb_Bo_kqjTw,time,3,2.8047,29,5122.05,5128,28488.000000000022,0.17979658163482826,early,0.4376145685738085,15,11,none,0
y47-NKG4KrI,UCJP9OOLkOzsXbb_Bo_kqjTw,time,5,4.8047,29,4869.29,5128,28488.000000000022,0.17092425738282035,likely,0.38797479450736444,15,11,none,0
y47-NKG4KrI,UCJP9OOLkOzsXbb_Bo_kqjTw,time,7,6.8047,29,5408.43,5128,28488.000000000022,0.1898493410551436,likely,0.349363601295108,15,9,none,0
y47-NKG4KrI,UCJP9OOLkOzsXbb_Bo_kqjTw,time,14,13.8047,29,5310.21,5128,28412.26782060928,0.1868986173835162,confirmed,0.2837800886851762,15,7,none,0
QIOt6znpgTk,UC-ZEQgA6jc9SPIg7wq4QxTA,heldout,14,14.8338,30,48478.26,46205,24305.864293215476,1.994508629683171,confirmed,,15,15,none,0
bC3FBWE1oMU,UCsLt8oYvDYGpSHcGhRBBkyw,time,14,15.1611,27,6984.41,5507,3007.2968704551813,2.3224887653696604,confirmed,1.2342642005775522,15,15,none,0
sc_sIPA0Em8,UCLo67YCh8z836Mgl8-3-Zfw,time,14,14.1501,27,474.28,485,113.3666606989432,4.183571538108204,confirmed,,15,15,none,0
I9OUh7iTQ_I,UC-__rBmcQsAbJsdfe5R_xTA,time,14,12.6703,27,106.29,111,249.88652612282306,0.42533551369113404,confirmed,0.4312119985765911,15,15,none,0
kTAZhXttzeo,UCmGyCEbHfY91NFwHgioNLMQ,time,7,8.9784,28,10245.52,8664,116298.1569268531,0.08809702067962454,confirmed,,15,15,none,0
kTAZhXttzeo,UCmGyCEbHfY91NFwHgioNLMQ,time,14,13.9784,28,8707.79,8664,112979.76662402485,0.07707392498300097,confirmed,0.08534876378173596,15,15,none,0
IBnLsKOhpyU,UCsvqVGtbbyHaMoevxPAq9Fg,time,14,13.6484,29,8143.33,7987,5485.208842231318,1.484598531437258,confirmed,0.027587663462645223,15,15,none,0
tZFq9Qctf-8,UC5_SBQbLA9Kg7Jh5GpXoP3g,time,1,0.8320,28,103.54,192,,,insufficient,,1,1,none,0
tZFq9Qctf-8,UC5_SBQbLA9Kg7Jh5GpXoP3g,time,2,2.8320,28,246.07,192,116.85491692454451,2.105759357222643,early,1.465341656485472,15,15,none,0
tZFq9Qctf-8,UC5_SBQbLA9Kg7Jh5GpXoP3g,time,3,2.8320,28,246.07,192,116.85491692454451,2.105759357222643,early,1.465341656485472,15,15,none,0
tZFq9Qctf-8,UC5_SBQbLA9Kg7Jh5GpXoP3g,time,5,4.8320,28,261.46,192,101.65527165780891,2.5720225429991075,likely,1.1037600551771454,15,15,none,0
tZFq9Qctf-8,UC5_SBQbLA9Kg7Jh5GpXoP3g,time,7,6.8320,28,259.37,192,106.36673072513302,2.4384748186864984,likely,0.967340924715741,15,15,none,0
tZFq9Qctf-8,UC5_SBQbLA9Kg7Jh5GpXoP3g,time,14,13.8320,28,216.52,192,134.3804497563917,1.6112602264714884,confirmed,0.7067674148782253,15,15,none,0
x-vaVjdk264,UCcilAnkcu67nJwNlgqVKdXw,time,14,12.6153,27,16945.20,17398,9029.60427572018,1.876627521651951,confirmed,0.10655602058171713,15,11,none,0
4CPVvLT3XkQ,UCPAt6z5uX_c5Eo_cSNROzYw,time,14,13.7065,29,571.70,564,10447.869481072667,0.05471907425119786,confirmed,0.017136326176671168,15,15,none,0
HzA07cvOfh8,UCnwAlhoB5rVhh6y5P96RXAw,heldout,14,12.9579,30,122338.12,128904,53251.649377433496,2.2973582715569303,confirmed,,8,8,none,0
fxx_E0ojKrc,UC8butISFwT-Wl7EV0hUK0BQ,time,5,4.9064,27,29915.87,36896,,,insufficient,,2,2,none,0
fxx_E0ojKrc,UC8butISFwT-Wl7EV0hUK0BQ,time,7,6.9064,27,31154.11,36896,,,insufficient,0.377012129490225,2,2,none,0
fxx_E0ojKrc,UC8butISFwT-Wl7EV0hUK0BQ,time,14,12.9064,27,35323.03,36896,,,insufficient,0.3715676938752246,2,2,none,0
410kMINGZ0o,UCbvIIQc5Jo9-jIXnkPe03oA,time,1,0.9653,28,25017.05,34133,19807.999999999993,1.2629772762519402,early,,15,10,none,0
410kMINGZ0o,UCbvIIQc5Jo9-jIXnkPe03oA,time,2,1.9653,28,30968.80,34133,19807.999999999993,1.563449023928224,early,0.7228582287521462,15,10,none,0
410kMINGZ0o,UCbvIIQc5Jo9-jIXnkPe03oA,time,3,2.9653,28,29344.79,34133,19807.999999999993,1.4814613542004778,early,0.6209294116134236,15,10,none,0
410kMINGZ0o,UCbvIIQc5Jo9-jIXnkPe03oA,time,5,4.9653,28,33741.88,34133,19807.999999999993,1.7034472242271186,likely,0.5702431059241855,15,10,none,0
410kMINGZ0o,UCbvIIQc5Jo9-jIXnkPe03oA,time,7,6.9653,28,35975.96,34133,19807.999999999993,1.8162337612897617,likely,0.5542821104540577,15,10,none,0
410kMINGZ0o,UCbvIIQc5Jo9-jIXnkPe03oA,time,14,12.9653,28,38763.31,34133,19520.75233519226,1.9857487546707053,confirmed,0.5072979894858882,15,9,none,0
NYgLyDCvCe8,UCdOIkjWFRXVho4Ua_j9_q4A,time,1,0.8328,27,27189.71,18183,31709.799816681923,0.8574545305510186,early,,15,11,none,0
NYgLyDCvCe8,UCdOIkjWFRXVho4Ua_j9_q4A,time,2,1.8328,27,18911.12,18183,31709.799816681923,0.5963809678831854,early,0.4474806759069256,15,11,none,0
NYgLyDCvCe8,UCdOIkjWFRXVho4Ua_j9_q4A,time,3,2.8328,27,18653.51,18183,31709.799816681923,0.5882569240238275,early,0.34712432147482086,15,10,none,0
NYgLyDCvCe8,UCdOIkjWFRXVho4Ua_j9_q4A,time,5,4.8328,27,18844.88,18183,31751.85371288156,0.5935049725530009,likely,0.30152653351195036,15,9,none,0
NYgLyDCvCe8,UCdOIkjWFRXVho4Ua_j9_q4A,time,7,6.8328,27,18642.54,18183,32295.64459056136,0.5772462572154663,likely,0.28128306492235783,15,9,none,0
NYgLyDCvCe8,UCdOIkjWFRXVho4Ua_j9_q4A,time,14,12.8328,27,19496.34,18183,33329.96806529089,0.5849492563314502,confirmed,0.23909011261377766,15,9,none,0
zHW6Tb_NHis,UCQIcXQ2n0sa-7CD0NtqnrrA,time,1,0.7917,28,55558.24,38671,122721.99999999996,0.45271619441156935,early,,15,14,none,0
zHW6Tb_NHis,UCQIcXQ2n0sa-7CD0NtqnrrA,time,2,2.7917,28,39495.29,38671,122721.99999999996,0.3218272753279688,early,0.3960654380131874,15,14,none,0
zHW6Tb_NHis,UCQIcXQ2n0sa-7CD0NtqnrrA,time,3,2.7917,28,39495.29,38671,122721.99999999996,0.3218272753279688,early,0.3960654380131874,15,14,none,0
zHW6Tb_NHis,UCQIcXQ2n0sa-7CD0NtqnrrA,time,5,4.7917,28,38469.19,38671,122721.99999999996,0.31346612222485154,likely,0.3033961151705671,15,13,none,0
zHW6Tb_NHis,UCQIcXQ2n0sa-7CD0NtqnrrA,time,7,6.7917,28,38113.83,38671,122721.99999999996,0.31057043935698814,likely,0.278312920476394,15,13,none,0
zHW6Tb_NHis,UCQIcXQ2n0sa-7CD0NtqnrrA,time,14,12.7917,28,37472.34,38671,122721.99999999996,0.3053432671110927,confirmed,0.24027859785050337,15,12,none,0
B-wgjETpX0M,UCdOIkjWFRXVho4Ua_j9_q4A,heldout,7,7.7830,29,23289.17,21539,37663,0.6183566799205231,confirmed,,15,13,none,0
B-wgjETpX0M,UCdOIkjWFRXVho4Ua_j9_q4A,heldout,14,13.7830,29,21948.41,21539,37663,0.5827577624861783,confirmed,0.14901440678421968,15,11,none,0
uGe5GXwbcHo,UCrrG7mvA6j0Z6oGwRgLayVw,time,14,13.8519,28,10148.21,10225,13536.869988328599,0.7496717859563858,confirmed,,15,14,none,0
NB_u7v_9ebM,UCqXT5lnIuR8vCQbD9-gkWnA,time,14,14.9752,27,718.66,695,1446.6719816401487,0.49676794126748786,confirmed,0.21068316230289577,15,14,none,0
PNQGAKbQAhI,UC7vGEKe2pHPYgpQxsmsk6Pw,time,5,5.7912,28,615.97,614,,,insufficient,,0,0,none,0
PNQGAKbQAhI,UC7vGEKe2pHPYgpQxsmsk6Pw,time,7,6.7912,28,512.29,614,,,insufficient,0.20597060953639304,0,0,none,0
PNQGAKbQAhI,UC7vGEKe2pHPYgpQxsmsk6Pw,time,14,13.7912,28,642.62,614,,,insufficient,0.304132163054214,0,0,none,0
00_HlYma2Qg,UCJHA_jMfCvEnv-3kRjTCQXw,time,1,0.9583,30,612419.49,547560,662395.4054531868,0.9245527382009363,early,,15,9,none,0
00_HlYma2Qg,UCJHA_jMfCvEnv-3kRjTCQXw,time,2,1.9583,30,622429.44,547560,670864.0651012161,0.9278026252806534,early,0.6319623709301831,15,9,none,0
00_HlYma2Qg,UCJHA_jMfCvEnv-3kRjTCQXw,time,3,2.9583,30,662945.66,547560,680171.0000000005,0.9746749824448085,early,0.48463343648243307,15,8,none,0
00_HlYma2Qg,UCJHA_jMfCvEnv-3kRjTCQXw,time,5,4.9583,30,619411.21,547560,680171.0000000005,0.9106698382329932,likely,0.38813643994116287,15,8,none,0
00_HlYma2Qg,UCJHA_jMfCvEnv-3kRjTCQXw,time,7,6.9583,30,598370.75,547560,680171.0000000005,0.8797357613402877,likely,0.34376646714871123,15,7,none,0
00_HlYma2Qg,UCJHA_jMfCvEnv-3kRjTCQXw,time,14,13.9583,30,593041.90,547560,680171.0000000005,0.8719011894815575,confirmed,0.285103008100027,15,5,none,0
nyaUwkTo7cg,UCP0f9FXZ4g-MxAqSUreHpCw,time,1,0.8131,27,117740.66,299625,113522.74746325606,1.0371548107782114,early,,15,14,none,0
nyaUwkTo7cg,UCP0f9FXZ4g-MxAqSUreHpCw,time,2,1.8131,27,179681.47,299625,114556.00000000004,1.5685033846790255,early,1.1415912352754618,15,13,none,0
nyaUwkTo7cg,UCP0f9FXZ4g-MxAqSUreHpCw,time,3,2.8131,27,195844.72,299625,114556.00000000004,1.7095980809932416,early,0.9747143065854387,15,13,none,0
nyaUwkTo7cg,UCP0f9FXZ4g-MxAqSUreHpCw,time,5,4.8131,27,229613.86,299625,114556.00000000004,2.0043809569972706,likely,0.8752431834960138,15,13,none,0
nyaUwkTo7cg,UCP0f9FXZ4g-MxAqSUreHpCw,time,7,7.8131,27,257425.45,299625,114556.00000000004,2.247158164007788,confirmed,0.7853982034733646,15,13,none,0
nyaUwkTo7cg,UCP0f9FXZ4g-MxAqSUreHpCw,time,14,12.8131,27,285137.73,299625,114556.00000000004,2.4890684501520903,confirmed,0.7659414858445253,15,12,none,0
VcxzpuCa7Oc,UCGWNHkr2WZcRbxqoet-nyeg,time,14,14.4539,29,2610.74,2397,4050.9145234867656,0.6444822960135678,confirmed,,15,15,none,0
-NNCca97v98,UCBJycsmduvYEL83R_U4JriQ,heldout,5,6.6774,31,2624242.40,2409319,3401375.0110853706,0.7715239838689624,likely,,15,13,none,0
-NNCca97v98,UCBJycsmduvYEL83R_U4JriQ,heldout,7,6.6774,31,2624242.40,2409319,3401375.0110853706,0.7715239838689624,likely,,15,13,none,0
eCx_AycNMHE,UCB5Nin2VBUeNLqamqEVh-2A,heldout,0.5,0.4967,30,3747.71,2179,46047.387536338574,0.08138814976999975,early,,13,12,none,0
eCx_AycNMHE,UCB5Nin2VBUeNLqamqEVh-2A,heldout,1,0.4967,30,3747.71,2179,46047.387536338574,0.08138814976999975,early,,13,12,none,0
eCx_AycNMHE,UCB5Nin2VBUeNLqamqEVh-2A,heldout,5,5.4967,30,2346.29,2179,45004.19186716788,0.05213502690478955,likely,0.29707716966095854,15,14,none,0
eCx_AycNMHE,UCB5Nin2VBUeNLqamqEVh-2A,heldout,7,6.4967,30,2290.24,2179,45114.16056906218,0.05076546407064915,likely,0.294405882175522,15,14,none,0
eCx_AycNMHE,UCB5Nin2VBUeNLqamqEVh-2A,heldout,14,14.4967,30,2323.05,2179,46246.90919467151,0.050231389103970236,confirmed,0.24221510364367183,15,13,none,0
eJubwlD0ujo,UCO2x-p9gg9TLKneXlibGR7w,time,1,0.8741,28,316945.95,326943,316255.5465741057,1.0021830698051084,early,,15,13,none,0
eJubwlD0ujo,UCO2x-p9gg9TLKneXlibGR7w,time,2,1.8741,28,397439.96,326943,320071.00000000023,1.2417243826036906,early,0.8118022923680186,15,12,none,0
eJubwlD0ujo,UCO2x-p9gg9TLKneXlibGR7w,time,3,2.8741,28,429810.04,326943,320071.00000000023,1.3428584396950625,early,0.6376726081561381,15,12,none,0
eJubwlD0ujo,UCO2x-p9gg9TLKneXlibGR7w,time,5,4.8741,28,326045.97,326943,320071.00000000023,1.0186676518534337,likely,0.5046826276391309,15,11,none,0
eJubwlD0ujo,UCO2x-p9gg9TLKneXlibGR7w,time,7,6.8741,28,359160.94,326943,320071.00000000023,1.1221289632264466,likely,0.4754661655963303,15,11,none,0
eJubwlD0ujo,UCO2x-p9gg9TLKneXlibGR7w,time,14,13.8741,28,357844.62,326943,320071.00000000023,1.118016393197923,confirmed,0.3902054598872732,15,11,none,0
s_VVK_0dQno,UCGpsgNbzdF7BECCVbB1COHw,time,14,13.5525,28,8976.59,8814,6790.08804586738,1.322013054962812,confirmed,0.025015243293959582,15,15,none,0
l3yj7-dimxU,UC7u2HaYBKDaLPcWmldxgGEA,heldout,0.5,0.6210,27,168026.10,139695,202707.77213565528,0.8289080212859371,early,,14,11,none,0
l3yj7-dimxU,UC7u2HaYBKDaLPcWmldxgGEA,time,0.5,0.6210,27,168026.10,139695,202707.77213565528,0.8289080212859371,early,,14,11,none,0
l3yj7-dimxU,UC7u2HaYBKDaLPcWmldxgGEA,heldout,1,0.6210,27,168026.10,139695,202707.77213565528,0.8289080212859371,early,,14,11,none,0
l3yj7-dimxU,UC7u2HaYBKDaLPcWmldxgGEA,time,1,0.6210,27,168026.10,139695,202707.77213565528,0.8289080212859371,early,,14,11,none,0
l3yj7-dimxU,UC7u2HaYBKDaLPcWmldxgGEA,heldout,2,1.6210,27,152244.01,139695,202707.77213565528,0.7510516846861883,early,0.6868783906028895,14,11,none,0
l3yj7-dimxU,UC7u2HaYBKDaLPcWmldxgGEA,time,2,1.6210,27,152244.01,139695,202707.77213565528,0.7510516846861883,early,0.6868783906028895,14,11,none,0
l3yj7-dimxU,UC7u2HaYBKDaLPcWmldxgGEA,heldout,3,2.6210,27,156400.13,139695,202707.77213565528,0.7715546956449831,early,0.5179394133915449,14,11,none,0
l3yj7-dimxU,UC7u2HaYBKDaLPcWmldxgGEA,time,3,2.6210,27,156400.13,139695,202707.77213565528,0.7715546956449831,early,0.5179394133915449,14,11,none,0
l3yj7-dimxU,UC7u2HaYBKDaLPcWmldxgGEA,heldout,5,4.6210,27,148250.14,139695,205668.17158570117,0.7208219802044636,likely,0.42124287835109736,14,11,none,0
l3yj7-dimxU,UC7u2HaYBKDaLPcWmldxgGEA,time,5,4.6210,27,148250.14,139695,205668.17158570117,0.7208219802044636,likely,0.42124287835109736,14,11,none,0
l3yj7-dimxU,UC7u2HaYBKDaLPcWmldxgGEA,heldout,7,7.6210,27,151275.91,139695,205668.17158570117,0.7355338939892253,confirmed,0.3790881623724124,14,11,none,0
l3yj7-dimxU,UC7u2HaYBKDaLPcWmldxgGEA,time,7,7.6210,27,151275.91,139695,205668.17158570117,0.7355338939892253,confirmed,0.3790881623724124,14,11,none,0
l3yj7-dimxU,UC7u2HaYBKDaLPcWmldxgGEA,heldout,14,15.6210,27,147374.15,139695,207888.69349220901,0.7089089407092309,confirmed,0.31109904520897935,14,9,none,0
l3yj7-dimxU,UC7u2HaYBKDaLPcWmldxgGEA,time,14,15.6210,27,147374.15,139695,207888.69349220901,0.7089089407092309,confirmed,0.31109904520897935,14,9,none,0
8jMVUrVXE5I,UC1AK451J7bKkJRq2qkJEv4w,time,0.5,0.5831,29,308.60,364,198,1.558573992524996,early,,12,7,none,0
8jMVUrVXE5I,UC1AK451J7bKkJRq2qkJEv4w,time,1,0.5831,29,308.60,364,198,1.558573992524996,early,,12,7,none,0
8jMVUrVXE5I,UC1AK451J7bKkJRq2qkJEv4w,time,2,1.5831,29,233.46,364,198,1.1791075896580483,early,0.6751684091526956,12,7,none,0
8jMVUrVXE5I,UC1AK451J7bKkJRq2qkJEv4w,time,3,2.5831,29,214.27,364,198,1.0821955506687315,early,0.6354244055631983,12,7,none,0
8jMVUrVXE5I,UC1AK451J7bKkJRq2qkJEv4w,time,5,4.5831,29,283.69,364,198,1.4327603752913192,likely,0.6315111352917163,12,6,none,0
8jMVUrVXE5I,UC1AK451J7bKkJRq2qkJEv4w,time,7,6.5831,29,306.78,364,198,1.5493704771777654,likely,0.570272461621927,12,5,none,0
8jMVUrVXE5I,UC1AK451J7bKkJRq2qkJEv4w,time,14,13.5831,29,357.69,364,198,1.8065396541608634,confirmed,0.494765471283767,12,5,none,0
TTqHFSBJm60,UCnYMOamNKLGVlJgRUbamveA,heldout,0.5,0.6665,31,37363.62,23707,38832.454967599624,0.9621750120504803,early,,10,10,none,0
TTqHFSBJm60,UCnYMOamNKLGVlJgRUbamveA,heldout,1,0.6665,31,37363.62,23707,38832.454967599624,0.9621750120504803,early,,10,10,none,0
TTqHFSBJm60,UCnYMOamNKLGVlJgRUbamveA,heldout,3,3.6665,31,31230.17,23707,34213.12507141621,0.9128125162786672,likely,0.4456169473590545,15,15,none,0
TTqHFSBJm60,UCnYMOamNKLGVlJgRUbamveA,heldout,5,4.6665,31,31680.88,23707,33664.285816917625,0.941082734950257,likely,0.3955017760108893,15,15,none,0
TTqHFSBJm60,UCnYMOamNKLGVlJgRUbamveA,heldout,7,6.6665,31,27974.09,23707,33162.77278709354,0.8435390439046989,likely,0.3253472254758605,15,15,none,0
TTqHFSBJm60,UCnYMOamNKLGVlJgRUbamveA,heldout,14,13.6665,31,26376.37,23707,30719.152164080344,0.8586296101779287,confirmed,0.23693231277482,15,15,none,0
5WIsNsq1Zuw,UC1iFTPspSKcb4vb1N7czmRQ,time,5,4.7778,27,140.05,128,,,insufficient,,0,0,none,0
5WIsNsq1Zuw,UC1iFTPspSKcb4vb1N7czmRQ,time,7,6.7778,27,117.63,128,,,insufficient,0.12817354059013605,0,0,none,0
5WIsNsq1Zuw,UC1iFTPspSKcb4vb1N7czmRQ,time,14,12.7778,27,125.93,128,,,insufficient,0.13677314997927523,0,0,none,0
fzsT5LPKiC8,UC1LJVKQ0hp7sKyfAbKoDHMw,heldout,14,13.0608,30,62.06,60,70.75182305249126,0.8770799381751679,confirmed,,15,12,none,0
ew9MdsRSM5k,UCX7dV4OPDSutwMUauSD5AAA,heldout,1,1.8954,29,48292.83,37979,39136.11174830842,1.2339711308451433,early,,14,11,none,0
ew9MdsRSM5k,UCX7dV4OPDSutwMUauSD5AAA,heldout,2,1.8954,29,48292.83,37979,39136.11174830842,1.2339711308451433,early,,14,11,none,0
ew9MdsRSM5k,UCX7dV4OPDSutwMUauSD5AAA,heldout,3,3.8954,29,37151.59,37979,39698.05177549333,0.9358541948083383,likely,0.27004304231991794,14,11,none,0
ew9MdsRSM5k,UCX7dV4OPDSutwMUauSD5AAA,heldout,5,4.8954,29,34433.23,37979,39656.90769917647,0.8682782530496206,likely,0.2188699675983696,14,9,none,0
ew9MdsRSM5k,UCX7dV4OPDSutwMUauSD5AAA,heldout,7,7.8954,29,36124.16,37979,40299.48286162187,0.8963927010812945,confirmed,0.21415784103556085,14,8,none,0
ew9MdsRSM5k,UCX7dV4OPDSutwMUauSD5AAA,heldout,14,13.8954,29,37938.94,37979,42245.048758655015,0.898068301639058,confirmed,0.19456982029286904,14,5,none,0
MXHfBRFiaJY,UCKjyzU_ElNwSXr4b0UzUjdw,time,1,0.9995,27,1891.58,2216,5296.123304365335,0.3571639044782507,early,,15,13,none,0
MXHfBRFiaJY,UCKjyzU_ElNwSXr4b0UzUjdw,time,2,1.9995,27,1755.30,2216,5317.210688934916,0.33011634629983344,early,0.6241947629894202,15,12,none,0
MXHfBRFiaJY,UCKjyzU_ElNwSXr4b0UzUjdw,time,3,2.9995,27,1848.21,2216,5311.462316490857,0.34796597405177276,early,0.5250500697240729,15,12,none,0
MXHfBRFiaJY,UCKjyzU_ElNwSXr4b0UzUjdw,time,5,5.9995,27,2572.40,2216,5333.113928020413,0.48234505785002973,likely,0.5970533262058781,15,12,none,0
MXHfBRFiaJY,UCKjyzU_ElNwSXr4b0UzUjdw,time,7,6.9995,27,2314.92,2216,5333.113928020413,0.4340660233466939,likely,0.5477316894460854,15,12,none,0
MXHfBRFiaJY,UCKjyzU_ElNwSXr4b0UzUjdw,time,14,14.9995,27,2711.37,2216,5375.000000000005,0.5044410517268559,confirmed,0.45359532985708967,15,11,none,0
rlAfC7QjQec,UCsWLcxLC1B-MLCeIpYtPiMw,heldout,14,13.5485,29,26747.92,27247,32368.98903661621,0.826344103537448,confirmed,,15,14,none,0
0Cld8TsNlAY,UCLdTYHvdML-EXsPeiiYJLqA,heldout,1,0.8750,28,60449.07,56024,102220.89152344294,0.5913573343251087,early,,15,9,none,0
0Cld8TsNlAY,UCLdTYHvdML-EXsPeiiYJLqA,time,1,0.8750,28,60449.07,56024,102220.89152344294,0.5913573343251087,early,,15,9,none,0
0Cld8TsNlAY,UCLdTYHvdML-EXsPeiiYJLqA,heldout,2,2.8750,28,64299.39,56024,100829.46495707407,0.6377043658697519,early,0.6184439513095313,15,7,none,0
0Cld8TsNlAY,UCLdTYHvdML-EXsPeiiYJLqA,time,2,2.8750,28,64299.39,56024,100829.46495707407,0.6377043658697519,early,0.6184439513095313,15,7,none,0
0Cld8TsNlAY,UCLdTYHvdML-EXsPeiiYJLqA,heldout,3,2.8750,28,64299.39,56024,100829.46495707407,0.6377043658697519,early,0.6184439513095313,15,7,none,0
0Cld8TsNlAY,UCLdTYHvdML-EXsPeiiYJLqA,time,3,2.8750,28,64299.39,56024,100829.46495707407,0.6377043658697519,early,0.6184439513095313,15,7,none,0
0Cld8TsNlAY,UCLdTYHvdML-EXsPeiiYJLqA,heldout,5,4.8750,28,72157.01,56024,100197.42248174889,0.7201483740901187,likely,0.5408433764671293,15,7,none,0
0Cld8TsNlAY,UCLdTYHvdML-EXsPeiiYJLqA,time,5,4.8750,28,72157.01,56024,100197.42248174889,0.7201483740901187,likely,0.5408433764671293,15,7,none,0
0Cld8TsNlAY,UCLdTYHvdML-EXsPeiiYJLqA,heldout,7,7.8750,28,65316.05,56024,99568.3091521782,0.6559923439240335,confirmed,0.46004230232011223,15,7,none,0
0Cld8TsNlAY,UCLdTYHvdML-EXsPeiiYJLqA,time,7,7.8750,28,65316.05,56024,99568.3091521782,0.6559923439240335,confirmed,0.46004230232011223,15,7,none,0
0Cld8TsNlAY,UCLdTYHvdML-EXsPeiiYJLqA,heldout,14,13.8750,28,61854.01,56024,98041.00000000009,0.6308994214222559,confirmed,0.36732444357291527,15,4,none,0
0Cld8TsNlAY,UCLdTYHvdML-EXsPeiiYJLqA,time,14,13.8750,28,61854.01,56024,98041.00000000009,0.6308994214222559,confirmed,0.36732444357291527,15,4,none,0
BKxzB6x9p_Y,UCgCsMxVCJs0TSqAIlBxiT7g,heldout,5,6.8130,31,16654.01,15485,5320.2998458832835,3.1302763861907676,likely,,15,14,none,0
BKxzB6x9p_Y,UCgCsMxVCJs0TSqAIlBxiT7g,heldout,7,6.8130,31,16654.01,15485,5320.2998458832835,3.1302763861907676,likely,,15,14,none,0
CJDJ4eWvGKg,UCsvqVGtbbyHaMoevxPAq9Fg,time,7,8.8957,28,2595.38,2660,5549.6478534148355,0.4676658728153407,confirmed,,15,15,none,0
CJDJ4eWvGKg,UCsvqVGtbbyHaMoevxPAq9Fg,time,14,13.8957,28,2535.76,2660,5480.099698016113,0.4627213592917463,confirmed,0.23078260867888042,15,15,none,0
rMrvu2Ka40w,UCUccYwZMnNshyTFTtUTqijA,time,14,14.9888,27,16.62,16,21.766014233864937,0.7636619203916466,confirmed,,13,13,none,0
9VZ7hqx5p_I,UCSLClJLzdUMRMe0E4SPfc-w,heldout,1,1.7915,29,66562.21,74879,85842.37606235017,0.7754003578450327,early,,15,11,none,0
9VZ7hqx5p_I,UCSLClJLzdUMRMe0E4SPfc-w,heldout,2,1.7915,29,66562.21,74879,85842.37606235017,0.7754003578450327,early,,15,11,none,0
9VZ7hqx5p_I,UCSLClJLzdUMRMe0E4SPfc-w,heldout,3,3.7915,29,82486.17,74879,86139.4280610976,0.9575890531068632,likely,0.6601751777252439,15,10,none,0
9VZ7hqx5p_I,UCSLClJLzdUMRMe0E4SPfc-w,heldout,5,4.7915,29,78381.45,74879,85192.09980486444,0.9200554105359663,likely,0.6133533718601081,15,10,none,0
9VZ7hqx5p_I,UCSLClJLzdUMRMe0E4SPfc-w,heldout,7,6.7915,29,84155.33,74879,84000.51650799085,1.0018430420791786,likely,0.549081662313289,15,9,none,0
9VZ7hqx5p_I,UCSLClJLzdUMRMe0E4SPfc-w,heldout,14,13.7915,29,76385.55,74879,80142.67797619705,0.9531195285455151,confirmed,0.41348333355003875,15,6,none,0
2zr4OUlTipk,UCXlDgfWY2JbsYEam2m68Hyw,heldout,14,13.8750,30,55799.95,61022,68090.00000000003,0.819502824574762,confirmed,0.39093314405207613,15,13,none,0
z2kUM-xuwy8,UCnmGIkw-KdI0W5siakKPKog,heldout,5,6.8737,30,2937522.88,2871270,3157982.198733033,0.9301898166487979,likely,,15,15,none,0
z2kUM-xuwy8,UCnmGIkw-KdI0W5siakKPKog,heldout,7,6.8737,30,2937522.88,2871270,3157982.198733033,0.9301898166487979,likely,,15,15,none,0
z2kUM-xuwy8,UCnmGIkw-KdI0W5siakKPKog,heldout,14,13.8737,30,2839061.94,2871270,3164570.897195752,0.8971396215625019,confirmed,0.17973908261766128,15,15,none,0
ZAZ02djukoo,UCmu7bw5BYIeR0VDw0hJKblw,time,14,14.4272,29,366.09,400,429.5989958054753,0.8521661821502735,confirmed,0.3094150854746538,15,13,none,0
B_LOi9tpdYc,UCPAt6z5uX_c5Eo_cSNROzYw,time,7,8.9165,28,2144.56,1855,4266.249888787354,0.5026798440310051,confirmed,,15,15,none,0
B_LOi9tpdYc,UCPAt6z5uX_c5Eo_cSNROzYw,time,14,13.9165,28,1950.80,1855,4005.889764975297,0.486984036322891,confirmed,0.131597702503554,15,15,none,0
05TiKhSd0d4,UC3_BakzLfadvFrsnClMFWmQ,time,0.5,0.5659,27,2433.79,908,797.4154474055076,3.052092359416219,early,,14,14,none,0
05TiKhSd0d4,UC3_BakzLfadvFrsnClMFWmQ,time,1,0.5659,27,2433.79,908,797.4154474055076,3.052092359416219,early,,14,14,none,0
05TiKhSd0d4,UC3_BakzLfadvFrsnClMFWmQ,time,2,1.5659,27,1224.31,908,790.5889838436357,1.5486054892875847,early,0.20140083790550742,15,15,none,0
05TiKhSd0d4,UC3_BakzLfadvFrsnClMFWmQ,time,3,2.5659,27,1088.00,908,779.9284206770055,1.39499537562958,early,0.1590783097999724,15,15,none,0
05TiKhSd0d4,UC3_BakzLfadvFrsnClMFWmQ,time,5,4.5659,27,1003.68,908,758.3999358537997,1.3234241084896095,likely,0.11042976383163915,15,15,none,0
05TiKhSd0d4,UC3_BakzLfadvFrsnClMFWmQ,time,7,6.5659,27,978.41,908,744.5296095313253,1.3141297833252128,likely,0.09608128062571261,15,15,none,0
05TiKhSd0d4,UC3_BakzLfadvFrsnClMFWmQ,time,14,12.5659,27,867.41,908,709.0222326120117,1.2233849249847764,confirmed,0.07217388307500647,15,13,none,0
Iz8KyTqsGDM,UCsqg_qOYNGPqY52SsJ_gMxQ,heldout,0.5,0.5216,30,206.79,660,396.6198594163623,0.5213864992626491,early,,13,9,none,0
Iz8KyTqsGDM,UCsqg_qOYNGPqY52SsJ_gMxQ,heldout,1,0.5216,30,206.79,660,396.6198594163623,0.5213864992626491,early,,13,9,none,0
Iz8KyTqsGDM,UCsqg_qOYNGPqY52SsJ_gMxQ,heldout,7,7.5216,30,725.92,660,457.0362564065407,1.5883138358555575,confirmed,1.1165891002725707,15,8,none,0
Iz8KyTqsGDM,UCsqg_qOYNGPqY52SsJ_gMxQ,heldout,14,13.5216,30,754.17,660,492.50765603885384,1.5312843754084438,confirmed,0.9217971144752019,15,8,none,0
7ihpMAE7xac,UCUpbDOT-OVNBlaQpb9pbd2w,time,5,5.7579,29,109461.25,102919,19684.59196410672,5.560758093548839,likely,,15,15,none,0
7ihpMAE7xac,UCUpbDOT-OVNBlaQpb9pbd2w,time,7,6.7579,29,89955.32,102919,19262.76257325488,4.669907550884866,likely,0.11838971132928863,15,15,none,0
7ihpMAE7xac,UCUpbDOT-OVNBlaQpb9pbd2w,time,14,13.7579,29,96811.79,102919,17537.601450590566,5.52024106863631,confirmed,0.1310724462238176,15,15,none,0
vUTiAx74tBQ,UCQNFJVAUF-qWtK0dawxcOaQ,heldout,5,4.9570,27,9232.70,7922,8914.470100051904,1.0356985919544286,likely,,15,13,none,0
vUTiAx74tBQ,UCQNFJVAUF-qWtK0dawxcOaQ,time,5,4.9570,27,9232.70,7922,8914.470100051904,1.0356985919544286,likely,,15,13,none,0
vUTiAx74tBQ,UCQNFJVAUF-qWtK0dawxcOaQ,heldout,7,6.9570,27,7823.97,7922,8914.470100051904,0.877670818513305,likely,0.16247832457591904,15,13,none,0
vUTiAx74tBQ,UCQNFJVAUF-qWtK0dawxcOaQ,time,7,6.9570,27,7823.97,7922,8914.470100051904,0.877670818513305,likely,0.16247832457591904,15,13,none,0
vUTiAx74tBQ,UCQNFJVAUF-qWtK0dawxcOaQ,heldout,14,15.9570,27,7930.37,7922,8730.215070133292,0.9083817253253272,confirmed,0.11661780306852874,15,11,none,0
vUTiAx74tBQ,UCQNFJVAUF-qWtK0dawxcOaQ,time,14,15.9570,27,7930.37,7922,8730.215070133292,0.9083817253253272,confirmed,0.11661780306852874,15,11,none,0
--bqgsljOzA,UCMrvLMUITAImCHMOhX88PYQ,heldout,14,13.8750,30,53967.91,59192,91534.15638489649,0.5895931078856125,confirmed,,15,15,none,0
PmCCkltcTHg,UCArVi6FH57DfXJWn1Gc8iAQ,time,5,5.8327,28,13963.28,12069,,,insufficient,,0,0,none,0
PmCCkltcTHg,UCArVi6FH57DfXJWn1Gc8iAQ,time,7,6.8327,28,12853.42,12069,,,insufficient,0.2488207258213505,0,0,none,0
PmCCkltcTHg,UCArVi6FH57DfXJWn1Gc8iAQ,time,14,12.8327,28,12364.86,12069,,,insufficient,0.14689273727700028,0,0,none,0
FBUPqwhKwmg,UC1LJVKQ0hp7sKyfAbKoDHMw,time,5,5.0546,27,130.54,115,78.52887576766209,1.6622678190499363,likely,,15,13,none,0
FBUPqwhKwmg,UC1LJVKQ0hp7sKyfAbKoDHMw,time,7,7.0546,27,112.13,115,80.4546696025348,1.3937315834471786,confirmed,0.21240245802721594,15,11,none,0
FBUPqwhKwmg,UC1LJVKQ0hp7sKyfAbKoDHMw,time,14,13.0546,27,116.52,115,82.58714201817786,1.4108861503352605,confirmed,0.1723990726150383,15,8,none,0
qIM9ZqWk13E,UCGpsgNbzdF7BECCVbB1COHw,time,14,13.7696,28,8491.73,8236,6790.08804586738,1.2506063841373416,confirmed,0.00858747039514102,15,15,none,0
XYX2zn-zQn0,UCKegeYEy0lJxpkjWRthaRMw,time,14,14.0076,28,50611.67,48958,15318.000000000002,3.3040652483030852,confirmed,1.183311822135831,15,13,none,0
ijtin-5wYY8,UCUZng4iHwYU90FLdaEkiiMA,time,3,3.8325,29,17081.00,12370,12177.325255663865,1.4026887877519247,likely,,15,14,none,0
ijtin-5wYY8,UCUZng4iHwYU90FLdaEkiiMA,time,5,4.8325,29,12500.44,12370,12117.661544188788,1.031588265379393,likely,0.09149870265190603,15,14,none,0
ijtin-5wYY8,UCUZng4iHwYU90FLdaEkiiMA,time,7,6.8325,29,12390.61,12370,12007.452766135088,1.0319099225333301,likely,0.09357692842536451,15,13,none,0
ijtin-5wYY8,UCUZng4iHwYU90FLdaEkiiMA,time,14,13.8325,29,12335.44,12370,11808.000000000004,1.0446678967301963,confirmed,0.09111426922118483,15,10,none,0
OnwxoND5icQ,UCJ901NqoRaXMnIm7aOjLyuA,heldout,1,0.7747,29,357483.21,501583,397471.8405032937,0.8993925417646573,early,,15,10,none,0
OnwxoND5icQ,UCJ901NqoRaXMnIm7aOjLyuA,time,1,0.7747,29,357483.21,501583,397471.8405032937,0.8993925417646573,early,,15,10,none,0
OnwxoND5icQ,UCJ901NqoRaXMnIm7aOjLyuA,heldout,2,1.7747,29,438012.71,501583,395700.8547973238,1.1069288972682931,early,0.9206583288214908,15,10,none,0
OnwxoND5icQ,UCJ901NqoRaXMnIm7aOjLyuA,time,2,1.7747,29,438012.71,501583,395700.8547973238,1.1069288972682931,early,0.9206583288214908,15,10,none,0
OnwxoND5icQ,UCJ901NqoRaXMnIm7aOjLyuA,heldout,3,2.7747,29,472917.73,501583,395321.8259033149,1.1962854114851902,early,0.6797103494162129,15,10,none,0
OnwxoND5icQ,UCJ901NqoRaXMnIm7aOjLyuA,time,3,2.7747,29,472917.73,501583,395321.8259033149,1.1962854114851902,early,0.6797103494162129,15,10,none,0
OnwxoND5icQ,UCJ901NqoRaXMnIm7aOjLyuA,heldout,5,4.7747,29,401683.92,501583,395738.26142484864,1.0150242075153173,likely,0.5681049003787749,15,9,none,0
OnwxoND5icQ,UCJ901NqoRaXMnIm7aOjLyuA,time,5,4.7747,29,401683.92,501583,395738.26142484864,1.0150242075153173,likely,0.5681049003787749,15,9,none,0
OnwxoND5icQ,UCJ901NqoRaXMnIm7aOjLyuA,heldout,7,6.7747,29,414497.78,501583,395905.46653530374,1.0469615093791975,likely,0.5540677127145882,15,9,none,0
OnwxoND5icQ,UCJ901NqoRaXMnIm7aOjLyuA,time,7,6.7747,29,414497.78,501583,395905.46653530374,1.0469615093791975,likely,0.5540677127145882,15,9,none,0
OnwxoND5icQ,UCJ901NqoRaXMnIm7aOjLyuA,heldout,14,14.7747,29,531238.13,501583,398908.1881730024,1.3317303337097466,confirmed,0.5115566269709539,15,6,none,0
OnwxoND5icQ,UCJ901NqoRaXMnIm7aOjLyuA,time,14,14.7747,29,531238.13,501583,398908.1881730024,1.3317303337097466,confirmed,0.5115566269709539,15,6,none,0
nv7R32VmKFU,UCOkISdoa50NuCsMYwy4uW9g,time,14,14.1041,28,2423.55,2386,2413.734111713871,1.00406485582715,confirmed,0.3485642116417452,15,14,none,0
EKBqqNFkIz8,UCuTaETsuCOkJ0H_GAztWt0Q,time,14,13.8652,29,130226.13,135946,154281.24427475382,0.8440827058085937,confirmed,0.10253310401900291,15,11,none,0
HNTPo3EoBio,UCmH99cCLXOXzaEFJKyGJXTw,time,5,5.8773,29,293.71,268,1704.5818607956903,0.17230387030875613,likely,,12,12,none,0
HNTPo3EoBio,UCmH99cCLXOXzaEFJKyGJXTw,time,7,6.8773,29,272.22,268,1443.9555471470424,0.18852082091742434,likely,0.3006954912012448,15,14,none,0
HNTPo3EoBio,UCmH99cCLXOXzaEFJKyGJXTw,time,14,13.8773,29,263.80,268,1434.506845609351,0.18389473294081962,confirmed,0.15264613631441115,15,12,none,0
IooTBRwce2s,UC5_SBQbLA9Kg7Jh5GpXoP3g,time,1,0.8330,28,135.40,279,770.4139739675793,0.17575523033841714,early,,13,12,none,0
IooTBRwce2s,UC5_SBQbLA9Kg7Jh5GpXoP3g,time,2,1.8330,28,206.13,279,770.4139739675793,0.26756098102532794,early,1.1461095666331158,13,12,none,0
IooTBRwce2s,UC5_SBQbLA9Kg7Jh5GpXoP3g,time,3,2.8330,28,453.62,279,727.039164791248,0.6239301096423137,early,1.9313867921371966,15,14,none,0
IooTBRwce2s,UC5_SBQbLA9Kg7Jh5GpXoP3g,time,5,4.8330,28,450.08,279,682.893936681546,0.6590834801100591,likely,1.3415791040673866,15,12,none,0
IooTBRwce2s,UC5_SBQbLA9Kg7Jh5GpXoP3g,time,7,6.8330,28,409.45,279,669.637965973883,0.6114495289519668,likely,1.097250113924207,15,12,none,0
IooTBRwce2s,UC5_SBQbLA9Kg7Jh5GpXoP3g,time,14,13.8330,28,376.68,279,640.9794780965552,0.5876588918660958,confirmed,0.7734744853597995,15,12,none,0
yKEz3es8ITs,UCE3qIUaYYSQfgZZZlFIenZw,time,14,12.6742,27,14765.27,15570,13602.25133367291,1.0855020971576133,confirmed,0.5329464906834828,15,14,none,0
pouxMfSKm0k,UC5Qbo0AR3CwpmEq751BIy0g,time,1,0.8956,28,904443.64,646895,978157.8800263742,0.9246397354126307,early,,15,11,none,0
pouxMfSKm0k,UC5Qbo0AR3CwpmEq751BIy0g,time,2,2.8956,28,697717.34,646895,977296.5000903246,0.7139259605078163,early,0.3857804693352276,15,9,none,0
pouxMfSKm0k,UC5Qbo0AR3CwpmEq751BIy0g,time,3,2.8956,28,697717.34,646895,977296.5000903246,0.7139259605078163,early,0.3857804693352276,15,9,none,0
pouxMfSKm0k,UC5Qbo0AR3CwpmEq751BIy0g,time,5,4.8956,28,556129.13,646895,975489.4593262657,0.5701026553830989,likely,0.2963108965293641,15,7,none,0
pouxMfSKm0k,UC5Qbo0AR3CwpmEq751BIy0g,time,7,6.8956,28,560219.73,646895,972338.6017575442,0.5761570354690044,likely,0.27065541176436725,15,7,none,0
pouxMfSKm0k,UC5Qbo0AR3CwpmEq751BIy0g,time,14,13.8956,28,620857.79,646895,973482.9999999998,0.6377695252027022,confirmed,0.22875649806769308,15,6,none,0
heZ39fuLFJ4,UCqhmd5fM8oJrJnahTxaMUUA,time,14,14.9990,27,11824.24,11715,12090.68315769541,0.9779630227518706,confirmed,0.13701283385649388,15,13,none,0
wOl2MRYQZMQ,UCxiI1Gr_bfs_N0fWoDw2yAg,time,7,7.9155,27,3816.88,3635,3649.067987718506,1.0459889461975964,confirmed,,15,14,none,0
wOl2MRYQZMQ,UCxiI1Gr_bfs_N0fWoDw2yAg,time,14,12.9155,27,3756.06,3635,3630.637021540471,1.034545254567226,confirmed,0.22811366299495608,15,12,none,0
DhBc-n1yzV0,UCuTaETsuCOkJ0H_GAztWt0Q,time,14,13.0384,28,114394.34,115270,145599.5878027745,0.7856776445238309,confirmed,0.10869229461569163,15,11,none,0
Vvzhrntzo6I,UCPAt6z5uX_c5Eo_cSNROzYw,time,14,13.8316,29,2026.27,1984,10396.775146335722,0.19489413431408342,confirmed,0.03755753715138055,15,15,none,0
ngE3q-fnz1I,UC3w193M5tYPJqF0Hi-7U-2g,time,14,13.0822,28,182960.92,184295,285406.0295842959,0.641054835282674,confirmed,0.18655655926307504,15,11,none,0
N0K0m7dZBJI,UC8butISFwT-Wl7EV0hUK0BQ,time,3,3.9578,27,17117.46,15156,30086.29899097407,0.5689455181268858,likely,,3,3,none,0
N0K0m7dZBJI,UC8butISFwT-Wl7EV0hUK0BQ,time,5,4.9578,27,14871.03,15156,30767.66617426337,0.48333296577604,likely,0.366479906648661,3,3,none,0
N0K0m7dZBJI,UC8butISFwT-Wl7EV0hUK0BQ,time,7,6.9578,27,15177.54,15156,31116.424682126584,0.4877660884774054,likely,0.3173072806163986,3,3,none,0
N0K0m7dZBJI,UC8butISFwT-Wl7EV0hUK0BQ,time,14,14.9578,27,16242.29,15156,34613.72254025335,0.4692443358927991,confirmed,0.2528046149731904,3,3,none,0
AO_B7T47oEU,UCraEIu_mORQKKo8eV9pk6Cw,time,14,13.8748,27,446.57,435,687.4102658111822,0.6496475689011969,confirmed,,6,6,none,0
CFNRa5pyEUM,UCN-pFscDli0Md5_mKOHRPVw,heldout,1,0.0671,30,1825.63,340,210.06425599415894,8.690800874324221,early,,9,9,none,0
CFNRa5pyEUM,UCN-pFscDli0Md5_mKOHRPVw,heldout,7,7.0671,30,261.18,340,220.21699873567178,1.1860345166111925,confirmed,0.650166861238359,9,9,none,0
CFNRa5pyEUM,UCN-pFscDli0Md5_mKOHRPVw,heldout,14,14.0671,30,308.96,340,221.67543614236618,1.3937276672442565,confirmed,0.5912344830169131,9,9,none,0
oBCjyy22-aw,UC6BW8DqrAmBEIeCtMa4bfBw,time,14,15.2758,27,16863.53,16427,3358.022200111011,5.0218645922971445,confirmed,0.01416273500810158,15,15,none,0
QCXmhhMlb2A,UCPb5icVxZvFpmORSjDKrrnw,time,1,0.7923,28,16970.67,12909,18971.20176326682,0.8945490462287106,early,,15,13,none,0
QCXmhhMlb2A,UCPb5icVxZvFpmORSjDKrrnw,time,2,2.7923,28,18945.99,12909,18870.71598412618,1.0039891936027885,early,0.6956269182540485,15,12,none,0
QCXmhhMlb2A,UCPb5icVxZvFpmORSjDKrrnw,time,3,2.7923,28,18945.99,12909,18870.71598412618,1.0039891936027885,early,0.6956269182540485,15,12,none,0
QCXmhhMlb2A,UCPb5icVxZvFpmORSjDKrrnw,time,5,4.7923,28,15891.97,12909,18759.847196096154,0.8471267241838467,likely,0.4649473647065772,15,12,none,0
QCXmhhMlb2A,UCPb5icVxZvFpmORSjDKrrnw,time,7,6.7923,28,15622.87,12909,18646.597162366103,0.8378400431922544,likely,0.39428079173974684,15,12,none,0
QCXmhhMlb2A,UCPb5icVxZvFpmORSjDKrrnw,time,14,12.7923,28,13777.41,12909,18349,0.7508532782210018,confirmed,0.31123105782267124,15,10,none,0
tkMof3D6vtw,UCtOV5M-T3GcsJAq8QKaf0lg,heldout,14,13.6241,29,2199.95,2187,3182.0000000000027,0.691373607690801,confirmed,0.032872483056834004,15,11,none,0
F_PuaNIvAkU,UC6QNjBn6KMq5-pe3OE11zZg,heldout,14,13.8330,30,11520.07,10811,11058.96727947581,1.0416947677593544,confirmed,,8,6,none,0
tPA5O84Lj10,UCN8fW1T36q7P9KjaHEifPYQ,heldout,7,7.0274,31,1794.48,1546,1819.3099029739712,0.9863505577801612,confirmed,,15,14,none,0
OE5ZOvrWxxs,UCJS9pqu9BzkAMNTmzNMNhvg,time,14,13.5085,27,708.09,739,2486.999999999999,0.28471730090867803,confirmed,,15,11,none,0
NCIIbjtz_JA,UCQIcXQ2n0sa-7CD0NtqnrrA,heldout,2,2.7995,29,168377.76,163440,94151.4010785002,1.7883723370505709,early,,15,14,none,0
NCIIbjtz_JA,UCQIcXQ2n0sa-7CD0NtqnrrA,heldout,3,2.7995,29,168377.76,163440,94151.4010785002,1.7883723370505709,early,,15,14,none,0
NCIIbjtz_JA,UCQIcXQ2n0sa-7CD0NtqnrrA,heldout,5,4.7995,29,158341.41,163440,94190.74039289016,1.6810719771304552,likely,0.3465659296964192,15,14,none,0
NCIIbjtz_JA,UCQIcXQ2n0sa-7CD0NtqnrrA,heldout,7,6.7995,29,160868.58,163440,94190.74039289016,1.7079022906645267,likely,0.31258165285095363,15,14,none,0
NCIIbjtz_JA,UCQIcXQ2n0sa-7CD0NtqnrrA,heldout,14,14.7995,29,165809.54,163440,94769.24271310723,1.7496134574788873,confirmed,0.23340921255563588,15,13,none,0
-P0Lx1-jIXo,UCSPh1bFTdDalKnZPgQoOYUg,time,3,3.7035,28,5983.82,4708,8634.786548608938,0.6929898303439386,likely,,14,14,none,0
-P0Lx1-jIXo,UCSPh1bFTdDalKnZPgQoOYUg,time,5,4.7035,28,4469.82,4708,8634.786548608938,0.5176524984042319,likely,0.1955712077673893,15,15,none,0
-P0Lx1-jIXo,UCSPh1bFTdDalKnZPgQoOYUg,time,7,6.7035,28,4589.73,4708,8649.570206853532,0.5306304612493693,likely,0.20467170462560136,15,15,none,0
-P0Lx1-jIXo,UCSPh1bFTdDalKnZPgQoOYUg,time,14,13.7035,28,4878.64,4708,8757.000000000004,0.5571130868231178,confirmed,0.15319387827426886,15,12,none,0
RecYAjxdcEg,UC0cd_-e49hZpWLH3UIwoWRA,time,5,5.9161,28,7795.45,7223,,,insufficient,,1,1,none,0
RecYAjxdcEg,UC0cd_-e49hZpWLH3UIwoWRA,time,7,6.9161,28,7242.15,7223,,,insufficient,0.3197733739957174,1,1,none,0
RecYAjxdcEg,UC0cd_-e49hZpWLH3UIwoWRA,time,14,13.9161,28,7218.08,7223,,,insufficient,0.1928561733992365,1,1,none,0
C0pFsBgpFIg,UCq33AlEZl8QBmxatFEwknew,heldout,14,14.3166,29,225.80,227,342.5883009713999,0.6591077962880781,confirmed,0.1799203544341972,15,12,none,0
J0ydlAqg6_8,UCn_zjOECM_3Raq5953rMm4Q,time,1,0.9163,27,13735.59,97069,159414.12741024917,0.08616293408377299,early,,10,10,none,0
J0ydlAqg6_8,UCn_zjOECM_3Raq5953rMm4Q,time,2,1.9163,27,24738.38,97069,165092.00000000006,0.14984602646635198,early,1.3486909465685875,10,9,none,0
J0ydlAqg6_8,UCn_zjOECM_3Raq5953rMm4Q,time,3,2.9163,27,27219.44,97069,165092.00000000006,0.1648743565575411,early,1.1177947553671475,10,9,none,0
J0ydlAqg6_8,UCn_zjOECM_3Raq5953rMm4Q,time,5,4.9163,27,33903.85,97069,165092.00000000006,0.2053633511653913,likely,1.0241890914294116,10,9,none,0
J0ydlAqg6_8,UCn_zjOECM_3Raq5953rMm4Q,time,7,6.9163,27,43471.83,97069,165092.00000000006,0.2633187894578331,likely,1.0845375506603667,10,9,none,0
J0ydlAqg6_8,UCn_zjOECM_3Raq5953rMm4Q,time,14,12.9163,27,71879.29,97069,165092.00000000006,0.43538932090986976,confirmed,1.046588324397775,10,9,none,0
If1JnWnvptE,UChISHLovxnSLP0w81NEQj5w,time,14,13.7848,29,5958.39,5388,19799.758541540767,0.30093238526582466,confirmed,,15,15,none,0
F7Y-94Q6Vtc,UCboCCtnsCslt0ZT9W47thcA,time,5,6.7777,29,697.64,679,,,insufficient,,0,0,none,0
F7Y-94Q6Vtc,UCboCCtnsCslt0ZT9W47thcA,time,7,6.7777,29,697.64,679,,,insufficient,,0,0,none,0
F7Y-94Q6Vtc,UCboCCtnsCslt0ZT9W47thcA,time,14,13.7777,29,668.72,679,,,insufficient,0.16527299136165458,0,0,none,0
BSGJH9b_N3A,UC7geKfz2-IH0rsgRBtHTm0g,time,2,2.8124,27,2933.24,4359,7825.231396705342,0.3748444728630907,early,,12,12,none,0
BSGJH9b_N3A,UC7geKfz2-IH0rsgRBtHTm0g,time,3,2.8124,27,2933.24,4359,7825.231396705342,0.3748444728630907,early,,12,12,none,0
BSGJH9b_N3A,UC7geKfz2-IH0rsgRBtHTm0g,time,5,4.8124,27,6618.66,4359,6606.6348899246295,1.001820806083223,likely,1.5414266474096807,15,14,none,0
BSGJH9b_N3A,UC7geKfz2-IH0rsgRBtHTm0g,time,7,6.8124,27,6038.98,4359,6710.170075046909,0.8999737625344149,likely,0.9668783139381695,15,13,none,0
BSGJH9b_N3A,UC7geKfz2-IH0rsgRBtHTm0g,time,14,12.8124,27,5087.63,4359,6872.83126189968,0.7402525593991024,confirmed,0.6024983167265485,15,13,none,0
4nIQEyyRHkY,UCBRxDSTfr2aJVODDh4WG_7g,time,5,6.8945,27,436.97,351,332.71263539601034,1.3133585149487441,likely,,11,11,none,0
4nIQEyyRHkY,UCBRxDSTfr2aJVODDh4WG_7g,time,7,6.8945,27,436.97,351,332.71263539601034,1.3133585149487441,likely,,11,11,none,0
4nIQEyyRHkY,UCBRxDSTfr2aJVODDh4WG_7g,time,14,12.8945,27,361.83,351,493.5481209899176,0.733128140915026,confirmed,0.015227257958343426,15,15,none,0
qoo6D4fviOM,UC2zZkTwX2DtWeBCMdhk6AQQ,time,5,6.8026,27,8179.04,55210,,,insufficient,,0,0,none,0
qoo6D4fviOM,UC2zZkTwX2DtWeBCMdhk6AQQ,time,7,6.8026,27,8179.04,55210,,,insufficient,,0,0,none,0
qoo6D4fviOM,UC2zZkTwX2DtWeBCMdhk6AQQ,time,14,12.8026,27,31859.10,55210,,,insufficient,2.3742341373340063,0,0,none,0
nlGkzIPWmnk,UCUoJk48pujh29p8zLsnD5PQ,heldout,0.5,0.6627,30,5737.42,13929,13377.689237305603,0.4288801018580396,early,,15,14,none,0
nlGkzIPWmnk,UCUoJk48pujh29p8zLsnD5PQ,heldout,1,0.6627,30,5737.42,13929,13377.689237305603,0.4288801018580396,early,,15,14,none,0
nlGkzIPWmnk,UCUoJk48pujh29p8zLsnD5PQ,heldout,14,15.6627,30,12858.36,13929,13587.8949799533,0.9463099638024656,confirmed,0.6714047317661743,15,14,none,0
qG0zAY2oaNQ,UCB5Nin2VBUeNLqamqEVh-2A,heldout,1,1.4553,30,12249.69,7706,46047.387536338574,0.2660235010395418,early,,15,14,none,0
qG0zAY2oaNQ,UCB5Nin2VBUeNLqamqEVh-2A,heldout,2,1.4553,30,12249.69,7706,46047.387536338574,0.2660235010395418,early,,15,14,none,0
qG0zAY2oaNQ,UCB5Nin2VBUeNLqamqEVh-2A,heldout,14,13.4553,30,7847.73,7706,45114.16056906218,0.1739526245986787,confirmed,0.1964526844326549,15,14,none,0
nvszAm0e2-g,UC5r1tWnU1rYAXxXaJ56nX2Q,time,14,13.6590,27,51.39,54,57.61178214094924,0.8920197292489311,confirmed,0.46007544540070155,15,14,none,0
N4-K3TmP8BQ,UCll3zdukvI1oWlG-F13UCZw,heldout,14,12.9994,29,3519.41,3216,1165.2911735796001,3.020193870885898,confirmed,,15,9,none,0
c_TD7otfvIY,UCtW1WA-bJ4s6l-ZCCT35QBg,time,1,0.8024,27,2498.34,986,7211.108870902188,0.34645737023113266,early,,14,8,none,0
c_TD7otfvIY,UCtW1WA-bJ4s6l-ZCCT35QBg,time,2,1.8024,27,1634.62,986,7214.850779022536,0.22656358559142717,early,0.004810454255521696,14,8,none,0
c_TD7otfvIY,UCtW1WA-bJ4s6l-ZCCT35QBg,time,3,2.8024,27,1213.35,986,5536.639764986266,0.21914880493725586,early,0.014160306857907144,15,9,none,0
c_TD7otfvIY,UCtW1WA-bJ4s6l-ZCCT35QBg,time,5,4.8024,27,1200.22,986,5539.980488207621,0.2166465934277394,likely,0.010838362536278668,15,9,none,0
c_TD7otfvIY,UCtW1WA-bJ4s6l-ZCCT35QBg,time,7,7.8024,27,1062.14,986,5581.177771373991,0.1903074283885184,confirmed,0.012604824082297773,15,8,none,0
c_TD7otfvIY,UCtW1WA-bJ4s6l-ZCCT35QBg,time,14,12.8024,27,981.16,986,5640.79738186483,0.17393992675931616,confirmed,0.013388486117550369,15,7,none,0
pwDJiJn0sSY,UC0yHbz4OxdQFwmVX2BBQqLg,time,14,12.6040,27,177015.40,172553,28679.80121461263,6.172127985264192,confirmed,0.01530758936787704,15,12,none,0
kTQy6RUkczs,UCmlqW3C9C0_gA0LufzbHfKg,heldout,14,14.8567,28,1730.89,1591,70241.21785975444,0.02464210374949319,confirmed,,15,15,none,0
k7gaVsF-sjo,UCYzrlZP_m1cV51q9GGDHCMg,time,0.5,0.4268,29,305.42,125,280.9512617389498,1.0870790526159164,early,,12,12,none,0
k7gaVsF-sjo,UCYzrlZP_m1cV51q9GGDHCMg,time,1,1.4268,29,276.06,125,256.1402468572864,1.0777535173691852,early,0.3399945511943102,14,14,none,0
k7gaVsF-sjo,UCYzrlZP_m1cV51q9GGDHCMg,time,2,2.4268,29,172.42,125,241.02097448946057,0.7153638128494626,early,0.24512399734623574,15,15,none,0
k7gaVsF-sjo,UCYzrlZP_m1cV51q9GGDHCMg,time,3,3.4268,29,150.97,125,231.57319043168613,0.6519407393023862,likely,0.2044110091305405,15,15,none,0
k7gaVsF-sjo,UCYzrlZP_m1cV51q9GGDHCMg,time,5,5.4268,29,140.29,125,218.8309358752229,0.6410782621956155,likely,0.1646708652870389,15,15,none,0
k7gaVsF-sjo,UCYzrlZP_m1cV51q9GGDHCMg,time,7,7.4268,29,135.22,125,210.2131050838717,0.6432437125090946,confirmed,0.13954898510146727,15,15,none,0
k7gaVsF-sjo,UCYzrlZP_m1cV51q9GGDHCMg,time,14,13.4268,29,127.16,125,195.32161181615,0.6510227429164385,confirmed,0.10711912955610538,15,15,none,0
PqS_AMc-3iY,UCK09g6gYGMvU-0x1VCF1hgA,time,14,13.7498,29,61171.69,57945,38994.674996066686,1.568719105660727,confirmed,0.23523921227533204,15,15,none,0
8Q-t16IzGt8,UC2OjGgjNiqyLr_1qkqAwsUQ,time,14,13.7498,28,1855.27,1891,10850.276957743426,0.1709884914743059,confirmed,0.17611249496056372,15,13,none,0
sI0SygjRExI,UC3KNWfcAsfHDqIzHExknhFQ,time,5,6.6374,27,105.78,179,,,insufficient,,1,1,none,0
sI0SygjRExI,UC3KNWfcAsfHDqIzHExknhFQ,time,7,6.6374,27,105.78,179,,,insufficient,,1,1,none,0
sI0SygjRExI,UC3KNWfcAsfHDqIzHExknhFQ,time,14,13.6374,27,157.01,179,,,insufficient,0.5986949124301848,1,1,none,0
z3h5rxz-IKw,UC0wN7fS1ATmM4ZTafhB9oBg,time,14,12.8321,27,5090.33,5015,5867.004474556714,0.8676198015046725,confirmed,0.13105924971484573,15,14,none,0
FL1NY8tb71M,UCgDcCZDBaXtAQGSc-Chs0xw,time,5,5.8919,28,633.64,822,,,insufficient,,0,0,none,0
FL1NY8tb71M,UCgDcCZDBaXtAQGSc-Chs0xw,time,7,6.8919,28,831.95,822,,,insufficient,0.6659162814710936,0,0,none,0
FL1NY8tb71M,UCgDcCZDBaXtAQGSc-Chs0xw,time,14,12.8919,28,741.66,822,,,insufficient,0.44145128134242473,0,0,none,0
NtF5Yf3VxFs,UCzVyNPJzI9y01jZf3fq609w,time,14,12.6664,27,273.50,412,684.4144367098493,0.3996135962950637,confirmed,0.810567749451066,15,14,none,0
bsWiHfc65O4,UCYPHQSj2QrRNfIiHNzbB6IA,time,2,2.0684,28,5113.56,3910,3630.3067232406092,1.408574253570626,early,,15,14,none,0
bsWiHfc65O4,UCYPHQSj2QrRNfIiHNzbB6IA,time,3,3.0684,28,5280.59,3910,3615.6581553305155,1.4604795342899155,likely,0.5993709782111344,15,14,none,0
bsWiHfc65O4,UCYPHQSj2QrRNfIiHNzbB6IA,time,5,5.0684,28,4499.43,3910,3651.940467635656,1.2320643981042587,likely,0.35861440049231574,15,14,none,0
bsWiHfc65O4,UCYPHQSj2QrRNfIiHNzbB6IA,time,7,7.0684,28,4366.34,3910,3613.269646947202,1.2084178641238625,confirmed,0.28644690449787025,15,13,none,0
bsWiHfc65O4,UCYPHQSj2QrRNfIiHNzbB6IA,time,14,13.0684,28,4119.81,3910,3502.756829605653,1.1761627847680345,confirmed,0.2148643894542821,15,13,none,0
7cH0HHWHgb4,UCI8gcSTo1FowsRJdilsjsZw,heldout,3,3.8438,29,42356.05,29004,39320.052917820445,1.077212538452835,likely,,15,15,none,0
7cH0HHWHgb4,UCI8gcSTo1FowsRJdilsjsZw,heldout,5,4.8438,29,30953.41,29004,39944.3161419521,0.7749140014552193,likely,0.08409921593869246,15,15,none,0
7cH0HHWHgb4,UCI8gcSTo1FowsRJdilsjsZw,heldout,7,6.8438,29,30614.29,29004,40150.02905132542,0.7624974086654666,likely,0.08624684310420062,15,15,none,0
7cH0HHWHgb4,UCI8gcSTo1FowsRJdilsjsZw,heldout,14,13.8438,29,29538.06,29004,40449.2811185066,0.7302493557022798,confirmed,0.060041132185981054,15,15,none,0
a8NA0WGI9OI,UCuwpzP90g1LuGk6JUNms_AQ,time,14,13.9583,30,5189.07,5435,6205.466124456642,0.8362095624561,confirmed,0.30103275143906855,15,14,none,0
A8qva2ID9MU,UCibTRXCGW9o16HjUODtvTVQ,heldout,7,8.9499,30,53020.82,48389,86512.09419955563,0.6128718097132773,confirmed,,15,15,none,0
A8qva2ID9MU,UCibTRXCGW9o16HjUODtvTVQ,heldout,14,16.9499,30,46928.84,48389,86070.91727090912,0.5452345531190876,confirmed,0.1275157439520323,15,15,none,0
xohCD96GmcQ,UCD4NnnbISbr4dvmmzQxC2bA,time,5,5.8319,28,36990.65,45023,,,insufficient,,1,1,none,0
xohCD96GmcQ,UCD4NnnbISbr4dvmmzQxC2bA,time,7,6.8319,28,40307.71,45023,,,insufficient,0.5488490129811764,1,1,none,0
xohCD96GmcQ,UCD4NnnbISbr4dvmmzQxC2bA,time,14,12.8319,28,41777.25,45023,,,insufficient,0.38804556244222005,1,1,none,0
DWi0YY8sNN0,UC6gi5tigsPyfEnFXFPeYH0Q,time,2,2.8845,27,196.61,341,165.57697625899738,1.1874034589118587,early,,15,15,none,0
DWi0YY8sNN0,UC6gi5tigsPyfEnFXFPeYH0Q,time,3,2.8845,27,196.61,341,165.57697625899738,1.1874034589118587,early,,15,15,none,0
DWi0YY8sNN0,UC6gi5tigsPyfEnFXFPeYH0Q,time,5,4.8845,27,212.27,341,165.00669974826388,1.2864296700946147,likely,0.5059968546266025,15,15,none,0
DWi0YY8sNN0,UC6gi5tigsPyfEnFXFPeYH0Q,time,7,6.8845,27,262.56,341,175.13877706766988,1.4991518368113945,likely,0.6102353325564189,15,15,none,0
DWi0YY8sNN0,UC6gi5tigsPyfEnFXFPeYH0Q,time,14,12.8845,27,314.02,341,191.8584785581867,1.6367273941482652,confirmed,0.5441625533748485,15,14,none,0
HxAnH7rR-1E,UCmu7bw5BYIeR0VDw0hJKblw,time,14,14.4273,28,182.49,215,434.27519838776544,0.4202061238918096,confirmed,0.2992140870414048,15,13,none,0
99XP-52n-Ps,UCnwAlhoB5rVhh6y5P96RXAw,heldout,1,0.9582,30,80848.42,84378,41853.87839558607,1.9316827740040678,early,,11,11,none,0
99XP-52n-Ps,UCnwAlhoB5rVhh6y5P96RXAw,heldout,14,12.9582,30,90352.20,84378,33225.74152087409,2.7193433430917535,confirmed,0.4160796408523486,15,10,none,0
aTU0C7Vnu5w,UCHXLx_WGu4zQAq4fLVurzfA,heldout,3,3.8333,29,783.26,852,4064.3070868385857,0.19271565981036595,likely,,15,14,none,0
aTU0C7Vnu5w,UCHXLx_WGu4zQAq4fLVurzfA,heldout,5,3.8333,29,783.26,852,4064.3070868385857,0.19271565981036595,likely,,15,14,none,0
aTU0C7Vnu5w,UCHXLx_WGu4zQAq4fLVurzfA,heldout,7,8.8333,29,867.72,852,3979.5731941030103,0.21804288528275734,confirmed,0.4581839169558994,15,14,none,0
aTU0C7Vnu5w,UCHXLx_WGu4zQAq4fLVurzfA,heldout,14,14.8333,29,867.80,852,3969.638755719868,0.21861045090530434,confirmed,0.3439793506009257,15,13,none,0
UnMSrVoENuw,UCEPWaN-XiZqEQAPiwvBa3ng,heldout,3,3.9994,30,51266.78,55503,27954.999999999978,1.8339036261215114,likely,,15,9,none,0
UnMSrVoENuw,UCEPWaN-XiZqEQAPiwvBa3ng,heldout,5,4.9994,30,46066.00,55503,27954.999999999978,1.6478627991224513,likely,0.41913256490656514,15,9,none,0
UnMSrVoENuw,UCEPWaN-XiZqEQAPiwvBa3ng,heldout,7,6.9994,30,48371.02,55503,27954.999999999978,1.730317376836514,likely,0.37524269452768916,15,9,none,0
UnMSrVoENuw,UCEPWaN-XiZqEQAPiwvBa3ng,heldout,14,13.9994,30,53785.33,55503,27954.999999999978,1.9239968385746313,confirmed,0.3065587364346622,15,7,none,0
gwLQ0oySpaE,UCSCydFbXzl_kheTt4XbRLhg,time,1,0.8325,29,2129.30,1494,1967.9970859810824,1.081962355802491,early,,15,8,none,0
gwLQ0oySpaE,UCSCydFbXzl_kheTt4XbRLhg,time,2,1.8325,29,1537.32,1494,2080.5744966943566,0.7388939938101309,early,0.4153329150952488,15,8,none,0
gwLQ0oySpaE,UCSCydFbXzl_kheTt4XbRLhg,time,3,2.8325,29,1460.04,1494,2096,0.6965817202713253,early,0.3535093078367082,15,8,none,0
gwLQ0oySpaE,UCSCydFbXzl_kheTt4XbRLhg,time,5,4.8325,29,1500.24,1494,2096,0.7157623396935885,likely,0.3224938458539053,15,6,none,0
gwLQ0oySpaE,UCSCydFbXzl_kheTt4XbRLhg,time,7,6.8325,29,1464.40,1494,2073.2249272989934,0.7063388295350398,likely,0.2882290619573237,15,6,none,0
gwLQ0oySpaE,UCSCydFbXzl_kheTt4XbRLhg,time,14,13.8325,29,1496.88,1494,2096,0.7141618018348206,confirmed,0.2605785192327099,15,4,none,0
fe1HAmp1K4k,UCb_JYhqnSdEejiznUm3XNqQ,time,5,4.6640,27,248.83,217,,,insufficient,,0,0,none,0
fe1HAmp1K4k,UCb_JYhqnSdEejiznUm3XNqQ,time,7,6.6640,27,205.58,217,,,insufficient,0.07150153213371303,0,0,none,0
fe1HAmp1K4k,UCb_JYhqnSdEejiznUm3XNqQ,time,14,12.6640,27,205.73,217,,,insufficient,0.09517942212995009,0,0,none,0
UvMrFjQ9AAM,UCUpbDOT-OVNBlaQpb9pbd2w,time,5,5.3709,29,32506.19,24229,30400.82872940285,1.069253392085171,likely,,15,15,none,0
UvMrFjQ9AAM,UCUpbDOT-OVNBlaQpb9pbd2w,time,7,7.3709,29,26409.34,24229,28575.037322102537,0.9242099943564792,confirmed,0.017882398535590555,15,15,none,0
UvMrFjQ9AAM,UCUpbDOT-OVNBlaQpb9pbd2w,time,14,14.3709,29,24976.89,24229,25473.72721364488,0.9804959060927247,confirmed,0.012000146875587364,15,15,none,0
YQPOeISbBJA,UCOSiQnmt9TJRTxIjyl0iO0A,time,1,0.7950,29,1677.95,1201,2364.9999999999995,0.7094930846477119,early,,15,12,none,0
YQPOeISbBJA,UCOSiQnmt9TJRTxIjyl0iO0A,time,2,1.7950,29,1898.61,1201,2364.9999999999995,0.8027941686914268,early,0.8844563249859738,15,12,none,0
YQPOeISbBJA,UCOSiQnmt9TJRTxIjyl0iO0A,time,3,2.7950,29,1649.37,1201,2364.9999999999995,0.6974084352197467,early,0.6288389080672864,15,11,none,0
YQPOeISbBJA,UCOSiQnmt9TJRTxIjyl0iO0A,time,5,4.7950,29,1498.37,1201,2335.105415813444,0.6416725481067046,likely,0.4571974058459822,15,11,none,0
YQPOeISbBJA,UCOSiQnmt9TJRTxIjyl0iO0A,time,7,6.7950,29,1401.80,1201,2258.5190882132442,0.6206701052737352,likely,0.3804722944995025,15,9,none,0
YQPOeISbBJA,UCOSiQnmt9TJRTxIjyl0iO0A,time,14,13.7950,29,1249.40,1201,2154.2507478017096,0.5799716972706594,confirmed,0.2891369575374355,15,7,none,0
dw9UTRj424o,UC9kUnVpufVjhTZHhxaKuHaA,time,14,14.9991,27,28664.98,49841,5440.599846631483,5.268716764270151,confirmed,,15,12,none,0
rdlM8qh_4mA,UC1226ElkVkwZyh74jipyw1Q,time,5,6.9571,30,100.74,112,,,insufficient,,0,0,none,0
rdlM8qh_4mA,UC1226ElkVkwZyh74jipyw1Q,time,7,6.9571,30,100.74,112,,,insufficient,,0,0,none,0
rdlM8qh_4mA,UC1226ElkVkwZyh74jipyw1Q,time,14,13.9571,30,104.12,112,,,insufficient,0.23857971724563273,0,0,none,0
cgh4LUT8ZzE,UCrfKGpvbEQXcbe68dzXgJuA,time,14,12.9575,29,111961.78,117892,144271.9999999999,0.7760465148253667,confirmed,0.11071168376389114,15,11,none,0
4N5mpIOx4Ak,UC5_SBQbLA9Kg7Jh5GpXoP3g,time,1,1.8332,28,338.29,484,770.4139739675793,0.4390979365052128,early,,14,13,none,0
4N5mpIOx4Ak,UC5_SBQbLA9Kg7Jh5GpXoP3g,time,2,1.8332,28,338.29,484,770.4139739675793,0.4390979365052128,early,,14,13,none,0
4N5mpIOx4Ak,UC5_SBQbLA9Kg7Jh5GpXoP3g,time,3,2.8332,28,287.52,484,729.131468285181,0.3943307467332457,early,0.41189981851622753,15,14,none,0
4N5mpIOx4Ak,UC5_SBQbLA9Kg7Jh5GpXoP3g,time,5,4.8332,28,247.50,484,729,0.339505537941044,likely,0.25119426616758683,15,12,none,0
4N5mpIOx4Ak,UC5_SBQbLA9Kg7Jh5GpXoP3g,time,7,6.8332,28,348.86,484,729,0.47855017667183714,likely,0.4113004194506441,15,12,none,0
4N5mpIOx4Ak,UC5_SBQbLA9Kg7Jh5GpXoP3g,time,14,12.8332,28,463.72,484,729,0.6361072302365088,confirmed,0.40313568914158615,15,12,none,0
y-w3vnh_f4Q,UCFK6NCbuCIVzA6Yj1G_ZqCg,time,5,6.7908,28,6553.31,5848,,,insufficient,,0,0,none,0
y-w3vnh_f4Q,UCFK6NCbuCIVzA6Yj1G_ZqCg,time,7,6.7908,28,6553.31,5848,,,insufficient,,0,0,none,0
y-w3vnh_f4Q,UCFK6NCbuCIVzA6Yj1G_ZqCg,time,14,13.7908,28,6173.75,5848,,,insufficient,0.13844984130487048,0,0,none,0
E3vmC5QWZV4,UCanFJj7l5LIdEsxlJVK0c5g,time,14,14.9580,27,10160.03,9843,20913.044523048487,0.48582272672986476,confirmed,0.15009096883093292,15,14,none,0
TonjxDPHQ2s,UCEDEjunbQbKAQBlAGyKqpjQ,heldout,14,11.9895,28,4364.90,4277,3474.7795365458187,1.2561673774854962,confirmed,,15,15,none,0
ItYKt9t-Rj8,UCzUd3H_e_qWqs4dR4GxVHOQ,time,7,7.8360,27,6713.23,5990,4450.000000000001,1.5085919474241694,confirmed,,15,13,none,0
ItYKt9t-Rj8,UCzUd3H_e_qWqs4dR4GxVHOQ,time,14,12.8360,27,6159.63,5990,4450.000000000001,1.3841876257298462,confirmed,0.1390497307335701,15,10,none,0
kG86csxVVAE,UCPAt6z5uX_c5Eo_cSNROzYw,time,14,13.5460,27,1338.79,1300,10447.869481072667,0.12813960425913423,confirmed,0.0048064067289848526,15,15,none,0
MMLKDSc0fQI,UCFYLFu6j4hxl5vEnpl7hw3w,time,5,6.8663,27,31635.69,48562,,,insufficient,,0,0,none,0
MMLKDSc0fQI,UCFYLFu6j4hxl5vEnpl7hw3w,time,7,6.8663,27,31635.69,48562,,,insufficient,,0,0,none,0
MMLKDSc0fQI,UCFYLFu6j4hxl5vEnpl7hw3w,time,14,13.8663,27,30420.39,48562,,,insufficient,0.17163367852808648,0,0,none,0
9na5zfZZK9s,UCLo67YCh8z836Mgl8-3-Zfw,time,14,14.1306,29,330.22,333,113.3666606989432,2.9128605569071135,confirmed,,15,15,none,0
JxxrvNLxIy4,UC2cC48A261pBVKztLyzOAnA,time,0.5,0.6145,27,55048.48,49701,30353.999999999978,1.8135494333743474,early,,14,9,none,0
JxxrvNLxIy4,UC2cC48A261pBVKztLyzOAnA,time,1,0.6145,27,55048.48,49701,30353.999999999978,1.8135494333743474,early,,14,9,none,0
JxxrvNLxIy4,UC2cC48A261pBVKztLyzOAnA,time,2,1.6145,27,47661.10,49701,29687.730569989937,1.6054140886609154,early,0.590392736620074,15,10,none,0
JxxrvNLxIy4,UC2cC48A261pBVKztLyzOAnA,time,3,2.6145,27,49502.32,49701,29728.06107848139,1.6651713651838609,early,0.4737234316556866,15,10,none,0
JxxrvNLxIy4,UC2cC48A261pBVKztLyzOAnA,time,5,4.6145,27,45368.41,49701,29975.923641551897,1.5134948880188575,likely,0.42681188153679017,15,9,none,0
JxxrvNLxIy4,UC2cC48A261pBVKztLyzOAnA,time,7,6.6145,27,47160.71,49701,30353.999999999978,1.5536901103291978,likely,0.4009103947351121,15,9,none,0
JxxrvNLxIy4,UC2cC48A261pBVKztLyzOAnA,time,14,15.6145,27,49118.34,49701,30353.999999999978,1.6181835217281544,confirmed,0.32687881274612673,15,6,none,0
3udh47o3XTg,UCCZLVYAGIoGvaFUrTyyeaXA,time,5,6.9162,29,6034.48,5098,38853.69996241204,0.15531290429104486,likely,,3,3,none,0
3udh47o3XTg,UCCZLVYAGIoGvaFUrTyyeaXA,time,7,6.9162,29,6034.48,5098,38853.69996241204,0.15531290429104486,likely,,3,3,none,0
3udh47o3XTg,UCCZLVYAGIoGvaFUrTyyeaXA,time,14,13.9162,29,5159.75,5098,36059.039842508995,0.14309180433827864,confirmed,0.06422423128490964,3,3,none,0
7suxIkUAbMQ,UCAGgFGwq4HZKLZ4gXo9xLiw,time,5,6.8292,29,9411.88,7816,2254.5284194275823,4.174654062541862,likely,,3,3,none,0
7suxIkUAbMQ,UCAGgFGwq4HZKLZ4gXo9xLiw,time,7,6.8292,29,9411.88,7816,2254.5284194275823,4.174654062541862,likely,,3,3,none,0
7suxIkUAbMQ,UCAGgFGwq4HZKLZ4gXo9xLiw,time,14,13.8292,29,7936.57,7816,2068.3098903234923,3.837225134324527,confirmed,0.04195551546858062,3,3,none,0
VW1VDN0dYLE,UCglNXzBo6bmKc9otKf-OuGQ,time,14,13.7079,28,22302.41,22046,6352.722962115806,3.510685904613801,confirmed,0.04390671689144198,15,15,none,0
2_3dynQg0gw,UCQQFz2LkJMoqSFTas-oozOw,time,14,12.8991,27,15104.85,16195,7725.205599415111,1.9552687365463117,confirmed,,15,15,none,0
MyqkSP8Su28,UCFH4gw_N_l_umsg-Rh8Ytpw,time,5,4.7499,27,20590.70,28072,,,insufficient,,0,0,none,0
MyqkSP8Su28,UCFH4gw_N_l_umsg-Rh8Ytpw,time,7,6.7499,27,21377.06,28072,,,insufficient,0.35803356004561554,0,0,none,0
MyqkSP8Su28,UCFH4gw_N_l_umsg-Rh8Ytpw,time,14,12.7499,27,26405.55,28072,,,insufficient,0.45967458557584673,0,0,none,0
VjonF-qVnlU,UCYzz2SkhAaM0FDKuGk-IPZg,heldout,14,14.1121,31,91073.48,87311,10905.803419956857,8.350918552481263,confirmed,,15,14,none,0
Lz4UD7Uyor8,UC1J4DKcJXENzC-FkyMU6dow,time,7,8.5066,27,39526.35,44313,54239.963544795704,0.7287312079952188,confirmed,,13,13,none,0
Lz4UD7Uyor8,UC1J4DKcJXENzC-FkyMU6dow,time,14,13.5066,27,32681.88,44313,56602.59636919193,0.5773919266699835,confirmed,0.016901222591957994,15,11,none,0
1dM4ZdSD2Dw,UC8fQzKHIhSoZeSq3bwQx4mw,time,5,6.7962,27,251.86,223,,,insufficient,,1,1,none,0
1dM4ZdSD2Dw,UC8fQzKHIhSoZeSq3bwQx4mw,time,7,6.7962,27,251.86,223,,,insufficient,,1,1,none,0
1dM4ZdSD2Dw,UC8fQzKHIhSoZeSq3bwQx4mw,time,14,12.7963,27,219.17,223,,,insufficient,0.1020911136282714,1,1,none,0
DpWXwnRGhyg,UCnmGIkw-KdI0W5siakKPKog,heldout,1,0.8750,30,4479410.32,3205224,3293365.906269802,1.3601313830362183,early,,11,11,none,0
DpWXwnRGhyg,UCnmGIkw-KdI0W5siakKPKog,heldout,14,13.8750,30,3156837.87,3205224,3335393.9551943727,0.9464662690213205,confirmed,0.21420089678625953,15,15,none,0
A5bu-OvOvos,UCC_ycdL5_Rw9b6UEmtmUE3g,time,5,6.9465,29,4415.04,4688,,,insufficient,,1,1,none,0
A5bu-OvOvos,UCC_ycdL5_Rw9b6UEmtmUE3g,time,7,6.9465,29,4415.04,4688,,,insufficient,,1,1,none,0
A5bu-OvOvos,UCC_ycdL5_Rw9b6UEmtmUE3g,time,14,13.9465,29,4552.05,4688,,,insufficient,0.2345632763296861,1,1,none,0
K0QsFljy_J8,UCUpbDOT-OVNBlaQpb9pbd2w,time,3,3.5942,27,15325.81,10094,31633.82171793968,0.48447536652099843,likely,,15,15,none,0
K0QsFljy_J8,UCUpbDOT-OVNBlaQpb9pbd2w,time,5,4.5942,27,11194.51,10094,30831.409816368894,0.3630877336441748,likely,0.07767711885485067,15,15,none,0
K0QsFljy_J8,UCUpbDOT-OVNBlaQpb9pbd2w,time,7,6.5942,27,10985.66,10094,29306.401383330292,0.37485526892145626,likely,0.0661981641389263,15,15,none,0
K0QsFljy_J8,UCUpbDOT-OVNBlaQpb9pbd2w,time,14,12.5942,27,10389.81,10094,26672.67762205115,0.38952989553921913,confirmed,0.035911285785637334,15,15,none,0
v3AgDM0Oeok,UCS7BAYpqOSaYy-pZp6oO4PA,time,14,13.8945,29,13873.75,13571,13500.353833502419,1.0276582503764429,confirmed,0.011457514983478245,15,15,none,0
2Fn5cwmern8,UCLMv-CaznZ3x7LDn-1fjmVA,time,5,7.0000,27,2605.46,2787,2603.2216475151417,1.0008579824193131,likely,,15,15,none,0
2Fn5cwmern8,UCLMv-CaznZ3x7LDn-1fjmVA,time,7,7.0000,27,2605.46,2787,2603.2216475151417,1.0008579824193131,likely,,15,15,none,0
2Fn5cwmern8,UCLMv-CaznZ3x7LDn-1fjmVA,time,14,15.0000,27,2850.35,2787,2815.986710430844,1.012202950004248,confirmed,0.29929752462893916,15,13,none,0
2IAJQ1GPJ2s,UCso1B56GyEtnhn2OPENKXoQ,time,14,14.1651,27,84.22,79,179.02156245073257,0.4704321930529647,confirmed,,12,12,none,0
nnsv1JFqd48,UCtW1WA-bJ4s6l-ZCCT35QBg,heldout,2,2.9661,31,6949.41,7385,6146.000000000002,1.1307210742514104,early,,15,11,none,0
nnsv1JFqd48,UCtW1WA-bJ4s6l-ZCCT35QBg,heldout,3,2.9661,31,6949.41,7385,6146.000000000002,1.1307210742514104,early,,15,11,none,0
nnsv1JFqd48,UCtW1WA-bJ4s6l-ZCCT35QBg,heldout,5,5.9661,31,7018.28,7385,6146.000000000002,1.1419264784084833,likely,0.38681499924507956,15,11,none,0
nnsv1JFqd48,UCtW1WA-bJ4s6l-ZCCT35QBg,heldout,7,6.9661,31,7144.72,7385,6146.000000000002,1.1624985118282447,likely,0.3595166851614843,15,11,none,0
nnsv1JFqd48,UCtW1WA-bJ4s6l-ZCCT35QBg,heldout,14,13.9661,31,7018.47,7385,6146.000000000002,1.1419571412561613,confirmed,0.2898712997093531,15,9,none,0
3m6Fm0nXaMQ,UCacg8HOfIUfFSUl2qk5m1sA,time,3,3.4928,28,10250.50,9090,6162.239335317279,1.6634376965925597,likely,,15,13,none,0
3m6Fm0nXaMQ,UCacg8HOfIUfFSUl2qk5m1sA,time,5,5.4928,28,7954.20,9090,6179.000000000004,1.28729595645949,likely,0.20581962165105697,15,12,none,0
3m6Fm0nXaMQ,UCacg8HOfIUfFSUl2qk5m1sA,time,7,7.4928,28,9081.12,9090,6179.000000000004,1.4696739367994929,confirmed,0.23447552845452355,15,11,none,0
3m6Fm0nXaMQ,UCacg8HOfIUfFSUl2qk5m1sA,time,14,13.4928,28,8756.37,9090,6179.000000000004,1.417116857987082,confirmed,0.1889175880903962,15,8,none,0
kcCj7bp9dIE,UCBXQM4wXOpzZPcjXMqecArA,heldout,1,1.9160,31,1239.14,8838,7320.3537968716155,0.16927328795200094,early,,15,13,none,0
kcCj7bp9dIE,UCBXQM4wXOpzZPcjXMqecArA,heldout,2,1.9160,31,1239.14,8838,7320.3537968716155,0.16927328795200094,early,,15,13,none,0
kcCj7bp9dIE,UCBXQM4wXOpzZPcjXMqecArA,heldout,3,2.9160,31,1919.33,8838,7364.903157201266,0.26060532909841705,early,1.0251732968642477,15,11,none,0
kcCj7bp9dIE,UCBXQM4wXOpzZPcjXMqecArA,heldout,5,5.9160,31,5373.00,8838,7694.980003619782,0.6982468845298331,likely,1.699495998171247,15,10,none,0
kcCj7bp9dIE,UCBXQM4wXOpzZPcjXMqecArA,heldout,7,6.9160,31,5673.57,8838,7694.980003619782,0.7373081659705072,likely,1.6596380255798755,15,10,none,0
kcCj7bp9dIE,UCBXQM4wXOpzZPcjXMqecArA,heldout,14,13.9160,31,8548.61,8838,8415.81115842882,1.015780106646059,confirmed,1.294663644502873,15,7,none,0
tSzmW88tRJ8,UCyNlnI6hQO3pVHswmGYvQxA,time,0.5,0.7083,29,16439.67,25112,10416.650688378735,1.5782110523911548,early,,15,15,none,0
tSzmW88tRJ8,UCyNlnI6hQO3pVHswmGYvQxA,time,1,0.7083,29,16439.67,25112,10416.650688378735,1.5782110523911548,early,,15,15,none,0
tSzmW88tRJ8,UCyNlnI6hQO3pVHswmGYvQxA,time,2,1.7083,29,14438.41,25112,10416.650688378735,1.386089318804637,early,0.6485764744752703,15,15,none,0
tSzmW88tRJ8,UCyNlnI6hQO3pVHswmGYvQxA,time,3,2.7083,29,15255.05,25112,10409,1.4655635957138033,early,0.533085403334108,15,14,none,0
tSzmW88tRJ8,UCyNlnI6hQO3pVHswmGYvQxA,time,5,4.7083,29,14940.72,25112,10409,1.435365699566246,likely,0.4587171496553564,15,14,none,0
tSzmW88tRJ8,UCyNlnI6hQO3pVHswmGYvQxA,time,7,6.7083,29,15601.16,25112,10409,1.4988141880735288,likely,0.45538326127415546,15,14,none,0
tSzmW88tRJ8,UCyNlnI6hQO3pVHswmGYvQxA,time,14,13.7083,29,20537.50,25112,10409,1.9730521545641095,confirmed,0.4888716914057859,15,12,none,0
_iKa95XBl8I,UC41S9MSkeQ1TWo1URYLeRuw,heldout,3,3.6600,30,2918.97,2298,4937.668050999863,0.5911646689317304,likely,,15,13,none,0
_iKa95XBl8I,UC41S9MSkeQ1TWo1URYLeRuw,heldout,5,3.6600,30,2918.97,2298,4937.668050999863,0.5911646689317304,likely,,15,13,none,0
_iKa95XBl8I,UC41S9MSkeQ1TWo1URYLeRuw,heldout,14,13.6600,30,2341.62,2298,4611.915984159699,0.5077318411543246,confirmed,0.13821501541236483,15,13,none,0
FB5RYQiXSqY,UCGxjDWAN1KwrkXYVi8CXtjQ,heldout,7,8.9895,30,15229.76,14225,18077.205410747698,0.8424842391285098,confirmed,,15,12,none,0
FB5RYQiXSqY,UCGxjDWAN1KwrkXYVi8CXtjQ,heldout,14,16.9895,30,14513.25,14225,18152.289074514636,0.7995270584681161,confirmed,0.17038451789071202,15,10,none,0
KSVCqyh_W-w,UCMmfUj8CcXeqpqWkund3ELg,time,5,5.8329,27,62734.80,91898,55940.833848956354,1.1214490831394994,likely,,15,13,none,0
KSVCqyh_W-w,UCMmfUj8CcXeqpqWkund3ELg,time,7,6.8329,27,68627.04,91898,56770.585934136965,1.2088484709440293,likely,0.5774229078259431,15,13,none,0
KSVCqyh_W-w,UCMmfUj8CcXeqpqWkund3ELg,time,14,12.8329,27,74550.60,91898,56474.284361857906,1.3200804441710292,confirmed,0.46021819035978095,15,9,none,0
VbqYiIrcyj8,UCLB2sZa0kqPmkw2Bes59ePA,heldout,7,7.7224,31,1370.10,1900,1667.0000000000002,0.82189513393313,confirmed,,15,12,none,0
VbqYiIrcyj8,UCLB2sZa0kqPmkw2Bes59ePA,heldout,14,13.7224,31,2001.23,1900,1667.0000000000002,1.2004964950749601,confirmed,0.4965972921185993,15,12,none,0
IPCFGcc9Vks,UCPAt6z5uX_c5Eo_cSNROzYw,time,7,7.6246,27,768.16,687,4126.314507504928,0.18616182244918011,confirmed,,15,15,none,0
IPCFGcc9Vks,UCPAt6z5uX_c5Eo_cSNROzYw,time,14,12.6246,27,667.84,687,3835.0307314793113,0.1741425975111138,confirmed,0.1254010971821285,15,15,none,0
FvuTO_ZvuDM,UCGxjDWAN1KwrkXYVi8CXtjQ,heldout,5,6.9997,30,34198.33,47092,14542.909178028276,2.351546733002912,likely,,15,12,none,0
FvuTO_ZvuDM,UCGxjDWAN1KwrkXYVi8CXtjQ,heldout,7,6.9997,30,34198.33,47092,14542.909178028276,2.351546733002912,likely,,15,12,none,0
FvuTO_ZvuDM,UCGxjDWAN1KwrkXYVi8CXtjQ,heldout,14,14.9997,30,43153.13,47092,14411.367248607547,2.994381205769666,confirmed,0.44412059575934965,15,10,none,0
VZdQ7CnU2Jc,UC4lvPJb78E_MUOAug4w0_Bg,time,5,4.7912,27,811.77,773,,,insufficient,,0,0,none,0
VZdQ7CnU2Jc,UC4lvPJb78E_MUOAug4w0_Bg,time,7,6.7912,27,776.72,773,,,insufficient,0.2449672630436551,0,0,none,0
VZdQ7CnU2Jc,UC4lvPJb78E_MUOAug4w0_Bg,time,14,12.7912,27,767.51,773,,,insufficient,0.19489992539369386,0,0,none,0
pFxmj3nAKew,UCyO9K3_tU2OTrNljdHm7L_g,time,14,14.0406,29,3686.73,3815,3006.999657160079,1.2260500724823564,confirmed,,15,14,none,0
Xj9vnLxzueo,UCDnwlb3IQDPJtFysPUJbDFQ,time,5,5.9992,27,46379.72,58756,,,insufficient,,0,0,none,0
Xj9vnLxzueo,UCDnwlb3IQDPJtFysPUJbDFQ,time,7,6.9992,27,45476.52,58756,,,insufficient,0.37235752297831964,0,0,none,0
Xj9vnLxzueo,UCDnwlb3IQDPJtFysPUJbDFQ,time,14,14.9992,27,56654.90,58756,30071.110412897302,1.8840309969976703,confirmed,0.4259463126949632,15,14,none,0
Z0YTMT4yZYk,UCAv6BKSKYopVNODaEROEcqA,time,5,5.1576,27,88586.26,76350,,,insufficient,0.8357644327061353,1,1,none,0
Z0YTMT4yZYk,UCAv6BKSKYopVNODaEROEcqA,time,7,7.1576,27,71354.36,76350,,,insufficient,0.5195981632025811,1,1,none,0
Z0YTMT4yZYk,UCAv6BKSKYopVNODaEROEcqA,time,14,12.1576,27,67589.47,76350,,,insufficient,0.37046684683088493,1,1,none,0
DYe6pWypaNo,UChISHLovxnSLP0w81NEQj5w,time,14,14.4508,27,2863.66,2778,17182.354674287395,0.1666627095744088,confirmed,0.010794663908141546,15,15,none,0
FA9ozJB26eA,UCiBwt71hOgx2qnga5OOpRaA,time,14,12.8540,27,3086.95,3130,3660.656704990758,0.8432789383242585,confirmed,0.3375610841940095,15,14,none,0
RBuvKF56k4E,UCKegeYEy0lJxpkjWRthaRMw,time,14,13.0411,27,7189.86,7235,15318.000000000002,0.46937324641900297,confirmed,0.15828064949052142,15,13,none,0
0jMSYk576Tg,UCEjIjshJ8bvvCkGNk0pkYcA,time,0.5,0.7162,27,1105029.06,1272287,3648063.999999998,0.3029083545657169,early,,15,14,none,0
0jMSYk576Tg,UCEjIjshJ8bvvCkGNk0pkYcA,time,1,0.7162,27,1105029.06,1272287,3648063.999999998,0.3029083545657169,early,,15,14,none,0
0jMSYk576Tg,UCEjIjshJ8bvvCkGNk0pkYcA,time,2,1.7162,27,1183379.14,1272287,3648063.999999998,0.324385521957981,early,0.733154929568402,15,13,none,0
0jMSYk576Tg,UCEjIjshJ8bvvCkGNk0pkYcA,time,3,2.7162,27,1074314.18,1272287,3648063.999999998,0.2944888527816627,early,0.595114583950338,15,13,none,0
0jMSYk576Tg,UCEjIjshJ8bvvCkGNk0pkYcA,time,5,4.7162,27,1050059.83,1272287,3648063.999999998,0.28784029776280123,likely,0.49700289206636233,15,13,none,0
0jMSYk576Tg,UCEjIjshJ8bvvCkGNk0pkYcA,time,7,6.7162,27,1191874.96,1272287,3648063.999999998,0.32671437729124714,likely,0.48821126180445423,15,13,none,0
0jMSYk576Tg,UCEjIjshJ8bvvCkGNk0pkYcA,time,14,12.7162,27,1326995.51,1272287,3648063.999999998,0.36375335265341335,confirmed,0.4557172224137732,15,13,none,0
BdrqCvjZebQ,UCNq_6MwbXuGnrHqQVkRJIYQ,heldout,2,2.3848,31,10262.62,8863,,,insufficient,,1,1,none,0
BdrqCvjZebQ,UCNq_6MwbXuGnrHqQVkRJIYQ,heldout,3,3.3848,31,10321.61,8863,,,insufficient,0.551152995350039,2,2,none,0
BdrqCvjZebQ,UCNq_6MwbXuGnrHqQVkRJIYQ,heldout,5,5.3848,31,9771.33,8863,5129.492415746818,1.904932063254807,likely,0.39224170072676606,8,8,none,0
BdrqCvjZebQ,UCNq_6MwbXuGnrHqQVkRJIYQ,heldout,7,7.3848,31,9807.49,8863,5221.012642220194,1.8784655892889472,confirmed,0.37715954369124866,15,14,none,0
BdrqCvjZebQ,UCNq_6MwbXuGnrHqQVkRJIYQ,heldout,14,14.3848,31,9266.44,8863,6274.000000000004,1.4769583250675478,confirmed,0.2710371203910332,15,12,none,0
Zc28AlF-68I,UCdLlUhD9LUGm0-NTYDASPFA,time,5,5.0410,29,3138.27,3396,3876.7306780608706,0.8095134987929822,likely,0.2861877653910806,15,14,none,0
Zc28AlF-68I,UCdLlUhD9LUGm0-NTYDASPFA,time,7,7.0410,29,3508.93,3396,3899.5625957555794,0.8998261189543826,confirmed,0.3821062995281185,15,13,none,0
Zc28AlF-68I,UCdLlUhD9LUGm0-NTYDASPFA,time,14,14.0410,29,3490.73,3396,3932.9262978370302,0.8875648675302622,confirmed,0.2727957268485181,15,11,none,0
v1xUWEU2HFA,UCS7BAYpqOSaYy-pZp6oO4PA,time,14,13.9570,30,10252.31,10556,14154.95852489952,0.7242909531387779,confirmed,0.08005127770583496,15,15,none,0
Sj8VlTGFBIs,UCpjlh0e319ksmoOD7bQFSiw,time,14,13.0826,28,11729.50,11681,43907.73219116527,0.26713982724661617,confirmed,,15,14,none,0
5wwGpoej35w,UC9vUu4vlIlMC0dHQCTvQPbg,time,5,5.7708,28,27023.68,21801,,,insufficient,,1,1,none,0
5wwGpoej35w,UC9vUu4vlIlMC0dHQCTvQPbg,time,7,6.7708,28,22251.65,21801,,,insufficient,0.132830825912159,1,1,none,0
5wwGpoej35w,UC9vUu4vlIlMC0dHQCTvQPbg,time,14,13.7708,28,21991.24,21801,,,insufficient,0.08714946662204816,1,1,none,0
l8hwq9IDRtw,UCFs23bEpTlHJt1RVN0UWI3Q,time,14,13.8539,29,2791.05,2695,2798.447591722328,0.9973567714034118,confirmed,0.15495447931077455,15,15,none,0
27foEj8ujSI,UCuwpzP90g1LuGk6JUNms_AQ,time,14,13.9582,28,14783.00,24204,6395.372709981998,2.3115148961902463,confirmed,1.3568194510159461,15,12,none,0
hJ-rRXWhElI,UCJVXj8BvHykEklEeKjFwaXQ,heldout,1,1.9791,30,1139596.08,1212819,,,insufficient,,3,3,none,0
hJ-rRXWhElI,UCJVXj8BvHykEklEeKjFwaXQ,heldout,2,1.9791,30,1139596.08,1212819,,,insufficient,,3,3,none,0
hJ-rRXWhElI,UCJVXj8BvHykEklEeKjFwaXQ,heldout,3,2.9791,30,1690767.62,1212819,,,insufficient,0.8956508455376436,4,4,none,0
hJ-rRXWhElI,UCJVXj8BvHykEklEeKjFwaXQ,heldout,5,4.9791,30,1416038.08,1212819,59005.46833578432,23.998421146745265,likely,0.5850518532625706,9,9,none,0
hJ-rRXWhElI,UCJVXj8BvHykEklEeKjFwaXQ,heldout,7,6.9791,30,1348254.64,1212819,59276.41560496492,22.745212051059383,likely,0.4824721469841248,15,15,none,0
hJ-rRXWhElI,UCJVXj8BvHykEklEeKjFwaXQ,heldout,14,13.9791,30,1250138.40,1212819,64264,19.453168168137754,confirmed,0.3484204520524728,15,14,none,0
bUdsiDvYlcc,UCFbNIlppjAuEX4znoulh0Cw,time,3,3.8326,29,27036.59,23119,,,insufficient,,0,0,none,0
bUdsiDvYlcc,UCFbNIlppjAuEX4znoulh0Cw,time,5,4.8326,29,20030.35,23119,26677.5887685889,0.7508307598821625,likely,0.156689769529702,15,14,none,0
bUdsiDvYlcc,UCFbNIlppjAuEX4znoulh0Cw,time,7,6.8326,29,20516.90,23119,26532.07761744563,0.7732864897602697,likely,0.18694035506627346,15,14,none,0
bUdsiDvYlcc,UCFbNIlppjAuEX4znoulh0Cw,time,14,14.8326,29,23241.39,23119,26354.468242860086,0.8818764928978371,confirmed,0.19174710003017048,15,13,none,0
jZTtx24pQ6c,UCoNTMWgGuXtGPLv9UeJZwBw,heldout,5,6.6667,31,454578.26,533130,332846.8867318904,1.3657278363026641,likely,,15,15,none,0
jZTtx24pQ6c,UCoNTMWgGuXtGPLv9UeJZwBw,heldout,7,6.6667,31,454578.26,533130,332846.8867318904,1.3657278363026641,likely,,15,15,none,0
jZTtx24pQ6c,UCoNTMWgGuXtGPLv9UeJZwBw,heldout,14,13.6667,31,475196.79,533130,333192.83796828095,1.426191497137621,confirmed,0.24970490768879883,15,14,none,0
HNOpULzRT3M,UC6BW8DqrAmBEIeCtMa4bfBw,time,14,13.2522,28,2340.36,2189,3833.8459948339714,0.6104471009559594,confirmed,,15,15,none,0
dxu6hxfKAI8,UCVKFs0cesQUEGtn8gQmhbHw,heldout,1,1.7563,30,52776.54,45811,65945.07455053233,0.8003105522377127,early,,15,13,none,0
dxu6hxfKAI8,UCVKFs0cesQUEGtn8gQmhbHw,heldout,2,1.7563,30,52776.54,45811,65945.07455053233,0.8003105522377127,early,,15,13,none,0
dxu6hxfKAI8,UCVKFs0cesQUEGtn8gQmhbHw,heldout,3,2.7563,30,54698.16,45811,65945.07455053233,0.829450279282443,early,0.5579039748044718,15,13,none,0
dxu6hxfKAI8,UCVKFs0cesQUEGtn8gQmhbHw,heldout,5,4.7563,30,48061.70,45811,64094.94901607777,0.7498515595112765,likely,0.37875173654777666,15,13,none,0
dxu6hxfKAI8,UCVKFs0cesQUEGtn8gQmhbHw,heldout,7,6.7563,30,47959.56,45811,63676.19030728939,0.7531789212908824,likely,0.32784712428861323,15,13,none,0
dxu6hxfKAI8,UCVKFs0cesQUEGtn8gQmhbHw,heldout,14,13.7563,30,47837.64,45811,61430.99999999996,0.7787215719830228,confirmed,0.2587155495408163,15,12,none,0
aZklQpFa2kE,UC2D2CMWXMOVWx7giW1n3LIg,time,5,5.0000,28,49418.76,53490,,,insufficient,,1,1,none,0
aZklQpFa2kE,UC2D2CMWXMOVWx7giW1n3LIg,time,7,7.0000,28,57365.84,53490,,,insufficient,0.48044159710689055,1,1,none,0
aZklQpFa2kE,UC2D2CMWXMOVWx7giW1n3LIg,time,14,13.0000,28,53262.14,53490,,,insufficient,0.3178070503429221,1,1,none,0
9-8kdVSLqHc,UCGWNHkr2WZcRbxqoet-nyeg,time,14,13.7245,28,2619.61,2377,2598.893198610829,1.0079705064860782,confirmed,,15,15,none,0
5Uxx3qPjIOg,UCqLbTAc5Mn2cJDu1-FZ2W3g,time,1,1.0415,27,69798.97,49761,100854.75849094827,0.6920741611457351,early,1.5282487541254475,15,11,none,0
5Uxx3qPjIOg,UCqLbTAc5Mn2cJDu1-FZ2W3g,time,2,2.0415,27,79038.31,49761,100357.991780407,0.7875637011870759,early,1.1334081454851066,15,10,none,0
5Uxx3qPjIOg,UCqLbTAc5Mn2cJDu1-FZ2W3g,time,3,3.0415,27,75850.06,49761,99511.87592934877,0.762221230004084,likely,0.9367506977877472,15,10,none,0
5Uxx3qPjIOg,UCqLbTAc5Mn2cJDu1-FZ2W3g,time,5,5.0415,27,75348.94,49761,99021.34996126746,0.7609362638807373,likely,0.7713854469383369,15,10,none,0
5Uxx3qPjIOg,UCqLbTAc5Mn2cJDu1-FZ2W3g,time,7,7.0415,27,68369.96,49761,97906.6547100508,0.6983178373494429,confirmed,0.6820932070315167,15,10,none,0
5Uxx3qPjIOg,UCqLbTAc5Mn2cJDu1-FZ2W3g,time,14,15.0415,27,58889.62,49761,98546.29915131762,0.5975832485157856,confirmed,0.5447637065946962,15,8,none,0
Dd9XvEzvGQM,UCbAlVnKhbGLK78GsSemQXxw,heldout,5,5.6595,27,8328.47,7001,,,insufficient,,2,2,none,0
Dd9XvEzvGQM,UCbAlVnKhbGLK78GsSemQXxw,time,5,5.6595,27,8328.47,7001,,,insufficient,,2,2,none,0
Dd9XvEzvGQM,UCbAlVnKhbGLK78GsSemQXxw,heldout,7,6.6595,27,6874.14,7001,,,insufficient,0.1478355370416324,2,2,none,0
Dd9XvEzvGQM,UCbAlVnKhbGLK78GsSemQXxw,time,7,6.6595,27,6874.14,7001,,,insufficient,0.1478355370416324,2,2,none,0
Dd9XvEzvGQM,UCbAlVnKhbGLK78GsSemQXxw,heldout,14,13.6595,27,6915.16,7001,,,insufficient,0.11163562324977228,2,2,none,0
Dd9XvEzvGQM,UCbAlVnKhbGLK78GsSemQXxw,time,14,13.6595,27,6915.16,7001,,,insufficient,0.11163562324977228,2,2,none,0
C7D0C1dQbfE,UCfWlwgHS9mnVbIi4jNgIGtA,time,14,13.9283,29,7004.46,11100,3737.9121475029738,1.8738960057218317,confirmed,,15,14,none,0
dl1-_VhkoNg,UCoNdHj3AnsFD8IjLCxm4EFw,heldout,7,8.8716,30,2511.01,2201,3249.7647555012218,0.7726740792575458,confirmed,,12,12,none,0
CBzAfzULudA,UCfWAnFA6cNSwOE3Bpfd42ww,time,7,8.5846,27,2393.90,2261,,,insufficient,,10,9,none,0
CBzAfzULudA,UCfWAnFA6cNSwOE3Bpfd42ww,time,14,12.5846,27,2204.83,2261,,,insufficient,0.18965637302549843,10,9,none,0
l2RSwUeFXWU,UCQq79zHGZJNzm3SPOfLNmrw,time,3,3.9638,29,282.23,363,517.3302846854853,0.5455426026166352,likely,,15,13,none,0
l2RSwUeFXWU,UCQq79zHGZJNzm3SPOfLNmrw,time,5,5.9638,29,252.40,363,521.5624928901758,0.4839315264858588,likely,0.2845347087125033,15,13,none,0
l2RSwUeFXWU,UCQq79zHGZJNzm3SPOfLNmrw,time,7,6.9638,29,268.94,363,532.4150416212027,0.5051354636896137,likely,0.3697662189842424,15,12,none,0
l2RSwUeFXWU,UCQq79zHGZJNzm3SPOfLNmrw,time,14,13.9637,29,303.67,363,580,0.5235744529701671,confirmed,0.34336990371726595,15,10,none,0
3k2S5QkmgUM,UCEQWOzx3JDV65lGMrtonBrg,time,1,0.8905,28,4181.65,3404,4584.251968735437,0.9121769689622161,early,,15,14,none,0
3k2S5QkmgUM,UCEQWOzx3JDV65lGMrtonBrg,time,2,2.8905,28,4030.53,3404,4447.3175145396945,0.906282946556553,early,0.48551125029982667,15,14,none,0
3k2S5QkmgUM,UCEQWOzx3JDV65lGMrtonBrg,time,3,2.8905,28,4030.53,3404,4447.3175145396945,0.906282946556553,early,0.48551125029982667,15,14,none,0
3k2S5QkmgUM,UCEQWOzx3JDV65lGMrtonBrg,time,5,4.8905,28,3428.01,3404,4291.5967506533825,0.798772933353396,likely,0.3731082256892527,15,14,none,0
3k2S5QkmgUM,UCEQWOzx3JDV65lGMrtonBrg,time,7,6.8905,28,3567.38,3404,4245.490612303898,0.8402739354646074,likely,0.33886437622538834,15,14,none,0
3k2S5QkmgUM,UCEQWOzx3JDV65lGMrtonBrg,time,14,13.8905,28,3525.43,3404,4380.561413829378,0.8047902152942743,confirmed,0.2868597141701407,15,14,none,0
nUzfPPY1S8k,UC_Gz-8R2G8jBs20ro9AL9hA,time,2,2.9387,29,337.72,2362,364.0223958465857,0.9277438232901791,early,,15,15,none,0
nUzfPPY1S8k,UC_Gz-8R2G8jBs20ro9AL9hA,time,3,2.9387,29,337.72,2362,364.0223958465857,0.9277438232901791,early,,15,15,none,0
nUzfPPY1S8k,UC_Gz-8R2G8jBs20ro9AL9hA,time,5,4.9387,29,612.56,2362,380.9872464002361,1.6078296979902342,likely,1.0513324167723648,15,15,none,0
nUzfPPY1S8k,UC_Gz-8R2G8jBs20ro9AL9hA,time,7,6.9387,29,747.12,2362,390.6677513757111,1.9124270463348352,likely,1.0922727626087778,15,15,none,0
nUzfPPY1S8k,UC_Gz-8R2G8jBs20ro9AL9hA,time,14,13.9387,29,1044.62,2362,429.1189230791798,2.434344000435354,confirmed,1.0157383684104546,15,14,none,0
foru-QnySpY,UCEKt2bUDBoRUw3wpPpDOUaA,time,3,3.8437,28,266113.48,284478,134600.99999999994,1.9770542258316168,likely,,15,14,none,0
foru-QnySpY,UCEKt2bUDBoRUw3wpPpDOUaA,time,5,5.8437,28,244435.75,284478,134600.99999999994,1.816002490366203,likely,0.3559963858738398,15,13,none,0
foru-QnySpY,UCEKt2bUDBoRUw3wpPpDOUaA,time,7,6.8437,28,255304.34,284478,134600.99999999994,1.896749236828474,likely,0.37663028978431484,15,13,none,0
foru-QnySpY,UCEKt2bUDBoRUw3wpPpDOUaA,time,14,13.8437,28,287403.31,284478,134600.99999999994,2.135224166027286,confirmed,0.34165237375348095,15,11,none,0
YyBrLCsE1Fo,UCJ1RVDuSiJncq6VQYiqpzLA,time,14,12.9992,28,516.11,503,1138.4979160704595,0.4533237635292718,confirmed,0.22913631728126402,15,15,none,0
xIun4HFgHLQ,UCsga4ThrENksdN7RghkPJow,time,1,1.0155,27,5192.25,6008,8411.792434029549,0.6172589618141672,early,1.900206461468182,15,15,none,0
xIun4HFgHLQ,UCsga4ThrENksdN7RghkPJow,time,2,2.0155,27,6574.16,6008,8411.792434029549,0.781541080641496,early,1.3933604094339707,15,15,none,0
xIun4HFgHLQ,UCsga4ThrENksdN7RghkPJow,time,3,2.0155,27,6574.16,6008,8411.792434029549,0.781541080641496,early,1.3933604094339707,15,15,none,0
xIun4HFgHLQ,UCsga4ThrENksdN7RghkPJow,time,5,5.0155,27,7300.33,6008,8386.352147878237,0.8705008830958758,likely,1.0648637333421633,15,15,none,0
xIun4HFgHLQ,UCsga4ThrENksdN7RghkPJow,time,7,7.0155,27,7017.74,6008,8360.384585906948,0.8394041499906597,confirmed,0.9632858596036521,15,15,none,0
xIun4HFgHLQ,UCsga4ThrENksdN7RghkPJow,time,14,15.0155,27,6844.22,6008,8267.397553172292,0.8278561440208744,confirmed,0.7958109953470706,15,14,none,0
NPO57Y5ZJes,UCB1t-8MBhxyDVabeUcTj0Zw,time,5,6.9578,29,11630.73,10470,,,insufficient,,1,1,none,0
NPO57Y5ZJes,UCB1t-8MBhxyDVabeUcTj0Zw,time,7,6.9578,29,11630.73,10470,,,insufficient,,1,1,none,0
NPO57Y5ZJes,UCB1t-8MBhxyDVabeUcTj0Zw,time,14,13.9578,29,10356.72,10470,,,insufficient,0.12878699922417305,1,1,none,0
xx0jNSWZVMg,UCUnFheTbVpASikm0YPb8pSw,time,14,12.7222,27,3755.04,3438,5568.137117786108,0.6743791724793444,confirmed,0.333607003542118,15,14,none,0
WvO5lOVPyJM,UCUpbDOT-OVNBlaQpb9pbd2w,heldout,7,8.4122,30,44135.33,35506,16952.320414269212,2.603497718858558,confirmed,,15,15,none,0
WvO5lOVPyJM,UCUpbDOT-OVNBlaQpb9pbd2w,heldout,14,13.4122,30,36469.77,35506,15669.103922457893,2.3274954074279983,confirmed,0.015285486563271082,15,15,none,0
SxOWwlp134U,UCj4p4EritSP1yXDj_Di3img,time,14,13.0410,28,92.28,86,106.71009086360192,0.8647271164659844,confirmed,0.18080509322830376,15,10,none,0
bxM5rVQ4tv4,UCpTaewGuthzN4CuYKmgXneQ,heldout,14,13.9159,29,58738.39,66024,84569.80611723618,0.6945550535729621,confirmed,,14,14,none,0
nx_Ek08Jj5Q,UCc8cHxAZ3jwWkrrDyaLwDUw,time,5,6.6041,28,3541.10,3078,,,insufficient,,1,1,none,0
nx_Ek08Jj5Q,UCc8cHxAZ3jwWkrrDyaLwDUw,time,7,6.6041,28,3541.10,3078,,,insufficient,,1,1,none,0
nx_Ek08Jj5Q,UCc8cHxAZ3jwWkrrDyaLwDUw,time,14,13.6041,28,3078.69,3078,,,insufficient,0.08788618085180773,1,1,none,0
iulluNrzRGk,UC675NhQ4EU5TzwCMwYp5XCw,heldout,5,6.8326,29,12271.71,10388,,,insufficient,,0,0,none,0
iulluNrzRGk,UC675NhQ4EU5TzwCMwYp5XCw,time,5,6.8326,29,12271.71,10388,,,insufficient,,0,0,none,0
iulluNrzRGk,UC675NhQ4EU5TzwCMwYp5XCw,heldout,7,6.8326,29,12271.71,10388,,,insufficient,,0,0,none,0
iulluNrzRGk,UC675NhQ4EU5TzwCMwYp5XCw,time,7,6.8326,29,12271.71,10388,,,insufficient,,0,0,none,0
iulluNrzRGk,UC675NhQ4EU5TzwCMwYp5XCw,heldout,14,13.8326,29,10603.80,10388,,,insufficient,0.08019359732440534,0,0,none,0
iulluNrzRGk,UC675NhQ4EU5TzwCMwYp5XCw,time,14,13.8326,29,10603.80,10388,,,insufficient,0.08019359732440534,0,0,none,0
R0Dv446wBvc,UCnYMOamNKLGVlJgRUbamveA,time,1,0.9576,29,40429.01,26701,37852.46222637771,1.0680681402979209,early,,14,14,none,0
R0Dv446wBvc,UCnYMOamNKLGVlJgRUbamveA,time,2,1.9576,29,30866.46,26701,36424.68727984272,0.8474048990010912,early,0.3295032362949998,15,15,none,0
R0Dv446wBvc,UCnYMOamNKLGVlJgRUbamveA,time,3,2.9576,29,25269.72,26701,35256.25919164174,0.7167441579656092,early,0.2620044534696362,15,15,none,0
R0Dv446wBvc,UCnYMOamNKLGVlJgRUbamveA,time,5,4.9576,29,29304.22,26701,33692.2445662391,0.8697614956028332,likely,0.27041385275593416,15,15,none,0
R0Dv446wBvc,UCnYMOamNKLGVlJgRUbamveA,time,7,6.9576,29,29283.15,26701,32564.223578461773,0.8992429548653332,likely,0.25858805720173655,15,15,none,0
R0Dv446wBvc,UCnYMOamNKLGVlJgRUbamveA,time,14,13.9576,29,28169.96,26701,30362.113882323305,0.9277997755556567,confirmed,0.21256991061412542,15,15,none,0
dfE7KMC9l2Y,UC2lvPVVm0Mv53QK7vdnC-rw,time,14,12.9370,27,10800.90,10838,20967.090569807824,0.5151356187312718,confirmed,,13,12,none,0
48un8_ywypI,UCrwbBzP11NhxRUCRKx_BgoQ,time,14,14.6458,27,391972.65,358954,523254.8634827292,0.7491046526075318,confirmed,,15,14,none,0
z_P7yAHeC4I,UCrzsbcwbAhyxizIs2szrQRA,time,1,1.8737,27,10490.64,14535,9302.923487080776,1.1276714000141144,early,,15,15,none,0
z_P7yAHeC4I,UCrzsbcwbAhyxizIs2szrQRA,time,2,1.8737,27,10490.64,14535,9302.923487080776,1.1276714000141144,early,,15,15,none,0
z_P7yAHeC4I,UCrzsbcwbAhyxizIs2szrQRA,time,3,2.8737,27,8899.06,14535,9302.923487080776,0.9565877161558833,early,0.4105044519723122,15,15,none,0
z_P7yAHeC4I,UCrzsbcwbAhyxizIs2szrQRA,time,5,4.8737,27,10627.35,14535,9434.933784788329,1.126383055027644,likely,0.43492943337114787,15,15,none,0
z_P7yAHeC4I,UCrzsbcwbAhyxizIs2szrQRA,time,7,6.8737,27,13448.28,14535,9434.933784788329,1.4253704918433636,likely,0.5511874263598306,15,15,none,0
z_P7yAHeC4I,UCrzsbcwbAhyxizIs2szrQRA,time,14,12.8737,27,15699.74,14535,9745.785898550208,1.6109255155437143,confirmed,0.5033847286778148,15,14,none,0
WnViBFk4NHo,UCyQxAUfkTCfJdDO1nyr_a9w,time,14,13.5833,29,6623.63,6890,2039.9177760377022,3.2470083847283457,confirmed,0.1257996908893237,15,13,none,0
ezdqs2r1DeQ,UCRte954rw0oeMWFroy_ClAw,heldout,1,1.7910,30,7950.68,10441,26960.924473546478,0.29489654106829033,early,,13,13,none,0
ezdqs2r1DeQ,UCRte954rw0oeMWFroy_ClAw,heldout,2,1.7910,30,7950.68,10441,26960.924473546478,0.29489654106829033,early,,13,13,none,0
ezdqs2r1DeQ,UCRte954rw0oeMWFroy_ClAw,heldout,5,5.7910,30,10983.30,10441,19240.52375485676,0.5708422126029714,likely,0.5774832252551212,15,15,none,0
ezdqs2r1DeQ,UCRte954rw0oeMWFroy_ClAw,heldout,7,6.7910,30,10584.86,10441,19160.35337950073,0.5524357523808819,likely,0.5779983885539868,15,15,none,0
ezdqs2r1DeQ,UCRte954rw0oeMWFroy_ClAw,heldout,14,13.7910,30,10660.50,10441,18646.570714010802,0.5717137325709593,confirmed,0.4669547297451839,15,14,none,0
I1eNLPGrkqU,UC2tGWbH6jrsIqTqafdxjyjQ,time,2,2.6665,28,860.95,739,508.509202312406,1.6930804105602972,early,,10,9,none,0
I1eNLPGrkqU,UC2tGWbH6jrsIqTqafdxjyjQ,time,3,2.6665,28,860.95,739,508.509202312406,1.6930804105602972,early,,10,9,none,0
I1eNLPGrkqU,UC2tGWbH6jrsIqTqafdxjyjQ,time,5,4.6665,28,639.85,739,508.509202312406,1.2582840800989292,likely,0.07491227604147513,15,14,none,0
I1eNLPGrkqU,UC2tGWbH6jrsIqTqafdxjyjQ,time,7,6.6665,28,636.52,739,507.3622313953668,1.25455774143773,likely,0.08702775621714634,15,14,none,0
I1eNLPGrkqU,UC2tGWbH6jrsIqTqafdxjyjQ,time,14,13.6665,28,715.40,739,508.90423233494676,1.405772339851406,confirmed,0.13966051000942492,15,13,none,0
qxavxDrfFIg,UC8jRs1LfVO5vsrSk-YRu5ZA,time,7,8.6978,27,4024.67,3237,2919.893974388463,1.3783604476172269,confirmed,,10,8,none,0
qxavxDrfFIg,UC8jRs1LfVO5vsrSk-YRu5ZA,time,14,13.6978,27,3324.74,3237,2729.0173422664775,1.2182911604939832,confirmed,0.015003287069919935,15,11,none,0
hqOrDZVlh_Y,UCV8a3gTVi7eZmOBlPQdz3hw,heldout,14,13.0127,28,70.08,82,229.46227926047402,0.30540281831076616,confirmed,0.33307433772796835,15,15,none,0
FMrZTjC31uc,UCI0vQvr9aFn27yR6Ej6n5UA,heldout,14,13.2660,30,870.99,807,1065.9999999999998,0.8170603324625828,confirmed,,15,13,none,0
BEbH8PlL8cc,UCWyL3FzhX0CaxgkOMTQMa0A,time,14,12.7915,27,6523.35,6558,15330.185683585643,0.4255232483466104,confirmed,0.12905574663911393,15,14,none,0
RpgJH0T822Q,UCEh_IoMVGA7NPsx6-2H8Bqw,time,14,13.3952,28,2839.88,2849,1195.278931251633,2.3759141474844263,confirmed,0.1218804953583285,15,15,none,0
X5T8UrpeLCY,UCuuq3lB_aWH9-bUubni59Rg,time,14,13.9166,28,203.01,198,459.3706748655653,0.44192032988192365,confirmed,0.1941913104696319,15,14,none,0
0f6_pRAIJjI,UCg5WjzrwxRRUUDf7WHKPzsA,time,1,0.9375,27,18927.84,29578,38586.57030247478,0.4905292973312759,early,,15,11,none,0
0f6_pRAIJjI,UCg5WjzrwxRRUUDf7WHKPzsA,time,2,1.9375,27,27671.71,29578,38586.57030247478,0.717133095961453,early,0.9899939116531613,15,11,none,0
0f6_pRAIJjI,UCg5WjzrwxRRUUDf7WHKPzsA,time,3,2.9375,27,32597.53,29578,38586.57030247478,0.844789597122752,early,0.8025894961587687,15,10,none,0
0f6_pRAIJjI,UCg5WjzrwxRRUUDf7WHKPzsA,time,5,4.9375,27,26488.78,29578,38586.57030247478,0.6864766462006247,likely,0.6935900691260188,15,10,none,0
0f6_pRAIJjI,UCg5WjzrwxRRUUDf7WHKPzsA,time,7,6.9375,27,26760.46,29578,38586.57030247478,0.6935174880094572,likely,0.6408726276642518,15,10,none,0
0f6_pRAIJjI,UCg5WjzrwxRRUUDf7WHKPzsA,time,14,12.9375,27,31557.91,29578,39305.1052245646,0.802895984053023,confirmed,0.5562138327916234,15,9,none,0
0-3hjkqCX1k,UCFw5CGngtluNE5iBnnt64ww,time,14,13.6667,27,12423.31,12582,12567.933715545649,0.9884928406833683,confirmed,0.07561881381088292,15,10,none,0
SYMxa_0QdhQ,UCI4uVUontY0y9hiGFlJ-lBA,heldout,7,7.8328,29,3291.76,3371,767.0710147866731,4.291341973484899,confirmed,,15,10,none,0
SYMxa_0QdhQ,UCI4uVUontY0y9hiGFlJ-lBA,heldout,14,13.8328,29,3278.90,3371,755.3339289690608,4.340995842663713,confirmed,0.2566756837975821,15,10,none,0
WfYYV2UfUCI,UCxXy4JFL-E7Ukr6smHpttjg,time,1,0.8955,29,67.21,384,191.36032501171263,0.3512412901524432,early,,15,12,none,0
WfYYV2UfUCI,UCxXy4JFL-E7Ukr6smHpttjg,time,2,1.8955,29,83.25,384,191.36032501171263,0.43506655628247143,early,0.9001315722100491,15,12,none,0
WfYYV2UfUCI,UCxXy4JFL-E7Ukr6smHpttjg,time,3,2.8955,29,268.19,384,194.3420734430706,1.3799911558151032,early,1.2917056566230494,15,12,none,0
WfYYV2UfUCI,UCxXy4JFL-E7Ukr6smHpttjg,time,5,4.8955,29,373.81,384,194.3420734430706,1.9234669025639548,likely,1.164834254048944,15,12,none,0
WfYYV2UfUCI,UCxXy4JFL-E7Ukr6smHpttjg,time,7,6.8955,29,213.70,384,204.2986752066374,1.0460024628082114,likely,1.0814203897527952,15,12,none,0
WfYYV2UfUCI,UCxXy4JFL-E7Ukr6smHpttjg,time,14,13.8955,29,393.43,384,218.06850149515765,1.8041735592187247,confirmed,0.9703752969567676,15,12,none,0
QHKbpUjmbfU,UCAbq1eKey19tt-FfaIO1RMA,time,0.5,0.5413,27,6779.60,17689,9507.351768383116,0.7130906922737426,early,,15,11,none,0
QHKbpUjmbfU,UCAbq1eKey19tt-FfaIO1RMA,time,1,0.5413,27,6779.60,17689,9507.351768383116,0.7130906922737426,early,,15,11,none,0
QHKbpUjmbfU,UCAbq1eKey19tt-FfaIO1RMA,time,2,1.5413,27,8961.87,17689,9492.934382069285,0.9440563875819404,early,1.0772457050067448,15,11,none,0
QHKbpUjmbfU,UCAbq1eKey19tt-FfaIO1RMA,time,3,2.5413,27,10294.22,17689,9486.753500874529,1.085114659114612,early,0.9788864291975291,15,11,none,0
QHKbpUjmbfU,UCAbq1eKey19tt-FfaIO1RMA,time,5,4.5413,27,12800.32,17689,9451.220534405535,1.3543560226351856,likely,0.9129625887107901,15,11,none,0
QHKbpUjmbfU,UCAbq1eKey19tt-FfaIO1RMA,time,7,6.5413,27,14861.11,17689,9477.810119694157,1.5679895465114808,likely,0.9134524151056703,15,10,none,0
QHKbpUjmbfU,UCAbq1eKey19tt-FfaIO1RMA,time,14,12.5413,27,17261.79,17689,9602.000000000007,1.797728817533941,confirmed,0.8396216075107938,15,8,none,0
PgPtHrhg44o,UCBhPkAuGks2UkizNMbtW6uw,time,5,5.3915,27,37.64,44,,,insufficient,0,1,1,none,0
PgPtHrhg44o,UCBhPkAuGks2UkizNMbtW6uw,time,7,6.3915,27,35.18,44,,,insufficient,-0.09753106240495744,1,1,none,0
PgPtHrhg44o,UCBhPkAuGks2UkizNMbtW6uw,time,14,15.3915,27,39.28,44,,,insufficient,0.12687640247661572,1,1,none,0
8FGXMjxj_Vc,UCsLt8oYvDYGpSHcGhRBBkyw,time,14,13.8540,29,5870.15,5404,2659.6149554882677,2.2071422667358758,confirmed,1.0062892517664888,15,15,none,0
vd9UpxLInes,UCzr30osBdTmuFUS8IfXtXmg,time,1,0.9986,28,163432.38,294526,76988.21125648644,2.1228235021070887,early,,15,9,none,0
vd9UpxLInes,UCzr30osBdTmuFUS8IfXtXmg,time,2,1.9986,28,129209.22,294526,76565.74746599923,1.687559092327548,early,0.5685574351355862,15,8,none,0
vd9UpxLInes,UCzr30osBdTmuFUS8IfXtXmg,time,3,2.9986,28,139145.25,294526,76025.3901107374,1.8302470747706647,early,0.5056246786652104,15,8,none,0
vd9UpxLInes,UCzr30osBdTmuFUS8IfXtXmg,time,5,4.9986,28,178737.14,294526,75076.94954132751,2.3807192655309453,likely,0.5141559010511653,15,8,none,0
vd9UpxLInes,UCzr30osBdTmuFUS8IfXtXmg,time,7,6.9986,28,244215.00,294526,74177.76315254116,3.292293894872242,likely,0.6115186105925348,15,7,none,0
vd9UpxLInes,UCzr30osBdTmuFUS8IfXtXmg,time,14,13.9986,28,343910.83,294526,72021.64067540172,4.775104122892151,confirmed,0.666695269474657,15,5,none,0
fyxoI-3cpEo,UC29ju8bIPH5as8OGnQzwJyA,time,5,6.8284,28,45193.12,46681,,,insufficient,,0,0,none,0
fyxoI-3cpEo,UC29ju8bIPH5as8OGnQzwJyA,time,7,6.8284,28,45193.12,46681,,,insufficient,,0,0,none,0
fyxoI-3cpEo,UC29ju8bIPH5as8OGnQzwJyA,time,14,13.8284,28,47726.01,46681,,,insufficient,0.2695041148332749,0,0,none,0
sSwiiBpEc5E,UCstwpLSByklww1YojZN-KiQ,heldout,0.5,0.5487,30,21089.63,73039,119405.55616722887,0.17662182348850342,early,,15,14,none,0
sSwiiBpEc5E,UCstwpLSByklww1YojZN-KiQ,heldout,1,0.5487,30,21089.63,73039,119405.55616722887,0.17662182348850342,early,,15,14,none,0
sSwiiBpEc5E,UCstwpLSByklww1YojZN-KiQ,heldout,14,13.5487,30,88361.18,73039,117350.09047245982,0.7529707353037973,confirmed,1.0508316545581378,15,14,none,0
N1CGq7zSjjM,UC3KEoMzNz8eYnwBC34RaKCQ,time,0.5,0.6246,27,279267.36,231830,482383.7550936138,0.578931925700312,early,,12,12,none,0
N1CGq7zSjjM,UC3KEoMzNz8eYnwBC34RaKCQ,time,1,0.6246,27,279267.36,231830,482383.7550936138,0.578931925700312,early,,12,12,none,0
N1CGq7zSjjM,UC3KEoMzNz8eYnwBC34RaKCQ,time,2,1.6246,27,319839.34,231830,482383.7550936138,0.6630391932639312,early,0.8417556533261605,12,12,none,0
N1CGq7zSjjM,UC3KEoMzNz8eYnwBC34RaKCQ,time,3,2.6246,27,281234.04,231830,482383.7550936138,0.5830089467504536,early,0.6168302889322819,12,12,none,0
N1CGq7zSjjM,UC3KEoMzNz8eYnwBC34RaKCQ,time,5,4.6246,27,264368.50,231830,481799.6189793835,0.5487104794998358,likely,0.4784639163804531,12,12,none,0
N1CGq7zSjjM,UC3KEoMzNz8eYnwBC34RaKCQ,time,7,6.6246,27,257279.54,231830,481054.14769113384,0.5348244986217604,likely,0.42463006841676787,12,12,none,0
N1CGq7zSjjM,UC3KEoMzNz8eYnwBC34RaKCQ,time,14,12.6246,27,254514.33,231830,479554.3483026957,0.5307309488686793,confirmed,0.3424972284112842,12,12,none,0
mfIMmkLiP-Q,UCwSozl89jl2zUDzQ4jGJD3g,time,7,7.4460,27,131870.79,111669,28177.732047170248,4.679964568033938,confirmed,,8,8,none,0
mfIMmkLiP-Q,UCwSozl89jl2zUDzQ4jGJD3g,time,14,15.4460,27,112262.62,111669,26855.75431008662,4.180207363755385,confirmed,0.054484691351132694,15,14,none,0
t-CYeO6OXrs,UCJnGicTZoqdAFpVU1Jee4Zw,heldout,0.5,0.4993,30,165.43,359,663.9999999999998,0.24914727715559193,early,,14,13,none,0
t-CYeO6OXrs,UCJnGicTZoqdAFpVU1Jee4Zw,heldout,1,0.4993,30,165.43,359,663.9999999999998,0.24914727715559193,early,,14,13,none,0
t-CYeO6OXrs,UCJnGicTZoqdAFpVU1Jee4Zw,heldout,3,3.4993,30,539.21,359,496.48988097096577,1.0860455217101517,likely,1.4360957371199046,15,13,none,0
t-CYeO6OXrs,UCJnGicTZoqdAFpVU1Jee4Zw,heldout,5,5.4993,30,532.26,359,493.6444621182816,1.0782196218862212,likely,1.1599002412616277,15,13,none,0
t-CYeO6OXrs,UCJnGicTZoqdAFpVU1Jee4Zw,heldout,7,6.4993,30,473.07,359,493.6444621182816,0.9583203056788072,likely,1.0675872012647174,15,13,none,0
t-CYeO6OXrs,UCJnGicTZoqdAFpVU1Jee4Zw,heldout,14,14.4993,30,389.28,359,492.9999999999999,0.7896170299840573,confirmed,0.7738854980599889,15,12,none,0
AQvBKGxeYxI,UC0Hk4EE6iUXv21AdUdJ6vlg,time,5,6.8332,29,209.04,229,,,insufficient,,0,0,none,0
AQvBKGxeYxI,UC0Hk4EE6iUXv21AdUdJ6vlg,time,7,6.8332,29,209.04,229,,,insufficient,,0,0,none,0
AQvBKGxeYxI,UC0Hk4EE6iUXv21AdUdJ6vlg,time,14,13.8332,29,217.19,229,,,insufficient,0.2441204382270235,0,0,none,0
-EDf2lkat54,UCSsmYEY9if7WUzdkESl3feA,time,14,13.9737,29,3926.42,3997,2752.287104885363,1.4266011625884132,confirmed,0.10322001667010518,15,15,none,0
xaG3KqnpqDg,UCXUyg1vYSupswhi0zNeD-5w,time,5,4.8454,28,3561.19,3824,3159.760007372848,1.127043152218212,likely,,13,13,none,0
xaG3KqnpqDg,UCXUyg1vYSupswhi0zNeD-5w,time,7,6.8454,28,4258.69,3824,3159.760007372848,1.3477889214908143,likely,0.5707803738372246,14,14,none,0
xaG3KqnpqDg,UCXUyg1vYSupswhi0zNeD-5w,time,14,13.8454,28,4159.15,3824,3226.058826646872,1.2892370700642872,confirmed,0.32965478313782703,14,14,none,0
Tv9LKqpODgo,UCI8gcSTo1FowsRJdilsjsZw,time,1,0.9279,27,66527.11,61109,37805.377692139504,1.7597260523090714,early,,13,13,none,0
Tv9LKqpODgo,UCI8gcSTo1FowsRJdilsjsZw,time,2,1.9279,27,113017.17,61109,33967.88554208268,3.3271771006439668,early,1.2155013066997689,15,15,none,0
Tv9LKqpODgo,UCI8gcSTo1FowsRJdilsjsZw,time,3,2.9279,27,113478.16,61109,32751.923566602756,3.4647783925714006,early,0.9119342446749144,15,15,none,0
Tv9LKqpODgo,UCI8gcSTo1FowsRJdilsjsZw,time,5,4.9279,27,87864.88,61109,30505.628472749355,2.8802842173114374,likely,0.6399811397030395,15,15,none,0
Tv9LKqpODgo,UCI8gcSTo1FowsRJdilsjsZw,time,7,6.9279,27,81161.16,61109,31526.86304382024,2.5743495231937654,likely,0.5348804764331744,15,15,none,0
Tv9LKqpODgo,UCI8gcSTo1FowsRJdilsjsZw,time,14,15.9279,27,70647.23,61109,34598.028016888624,2.041943835018297,confirmed,0.35925527527232265,15,15,none,0
x10KBEAONDw,UCJMoh2CdnIesjxN9cmGhrLA,time,14,13.7812,29,12153.73,11371,9026.999999999993,1.34637547609383,confirmed,0.2855798639458989,12,11,none,0
pZOUOiV2DM0,UCeYUHG6o0YguM-g23htdsSw,heldout,5,6.0824,30,775.72,848,710.6553251565069,1.0915529586691175,likely,,12,11,none,0
pZOUOiV2DM0,UCeYUHG6o0YguM-g23htdsSw,heldout,7,7.0824,30,689.28,848,731.9999999999998,0.9416438741047829,confirmed,0.1340100383663657,15,12,none,0
pZOUOiV2DM0,UCeYUHG6o0YguM-g23htdsSw,heldout,14,14.0824,30,769.68,848,731.9999999999998,1.0514794664375884,confirmed,0.1860104089258037,15,9,none,0
_R0xPffklXQ,UCMOqf8ab-42UUQIdVoKwjlQ,time,1,0.9576,30,906661.69,841233,920615.0000000002,0.9848434945606173,early,,15,13,none,0
_R0xPffklXQ,UCMOqf8ab-42UUQIdVoKwjlQ,time,2,1.9576,30,850000.11,841233,920615.0000000002,0.9232959598656798,early,0.6382703935650051,15,13,none,0
_R0xPffklXQ,UCMOqf8ab-42UUQIdVoKwjlQ,time,3,2.9576,30,887175.77,841233,920615.0000000002,0.9636772940010477,early,0.5192065928444513,15,13,none,0
_R0xPffklXQ,UCMOqf8ab-42UUQIdVoKwjlQ,time,5,4.9576,30,854134.79,841233,920615.0000000002,0.9277871764760692,likely,0.42119649413995225,15,13,none,0
_R0xPffklXQ,UCMOqf8ab-42UUQIdVoKwjlQ,time,7,6.9576,30,812034.00,841233,920615.0000000002,0.8820560165634906,likely,0.3761637497197774,15,13,none,0
_R0xPffklXQ,UCMOqf8ab-42UUQIdVoKwjlQ,time,14,13.9576,30,881091.32,841233,920615.0000000002,0.9570681737263249,confirmed,0.3399930125072674,15,12,none,0
07Ps865aPxE,UCnwlWgbcxwpsnB7LtOL1kPg,time,14,14.7396,28,9586.39,9742,7106.434393528887,1.3489732759082815,confirmed,,15,15,none,0
6DmPXKSCPHo,UCfQgsKhHjSyRLOp9mnffqVg,time,1,0.8332,29,414907.94,407068,534977.936680654,0.775560835351261,early,,14,14,none,0
6DmPXKSCPHo,UCfQgsKhHjSyRLOp9mnffqVg,time,2,1.8332,29,450252.40,407068,540140.5837930394,0.8335837224924793,early,0.8036415748802785,15,15,none,0
6DmPXKSCPHo,UCfQgsKhHjSyRLOp9mnffqVg,time,3,2.8332,29,396663.93,407068,545316.9999999999,0.7274006393093001,early,0.6005743321232692,15,14,none,0
6DmPXKSCPHo,UCfQgsKhHjSyRLOp9mnffqVg,time,5,4.8332,29,379737.67,407068,545316.9999999999,0.6963613360255844,likely,0.48418339022031154,15,13,none,0
6DmPXKSCPHo,UCfQgsKhHjSyRLOp9mnffqVg,time,7,6.8332,29,359692.89,407068,545316.9999999999,0.6596033013852022,likely,0.4428980027678408,15,11,none,0
6DmPXKSCPHo,UCfQgsKhHjSyRLOp9mnffqVg,time,14,13.8332,29,441673.16,407068,545448.9999999997,0.8097423678546039,confirmed,0.4050934273919602,15,8,none,0
u6TQNollK7c,UCvJJ_dzjViJCoLf5uKUTwoA,time,7,8.8321,28,58414.33,49951,365382.45861824,0.15987174158969988,confirmed,,14,12,none,0
u6TQNollK7c,UCvJJ_dzjViJCoLf5uKUTwoA,time,14,13.8321,28,49679.81,49951,366416.99999999977,0.13558271163952465,confirmed,0.0859239036030165,15,9,none,0
qzXgW1L9wso,UCmlqW3C9C0_gA0LufzbHfKg,time,14,13.8891,29,45429.80,58714,70241.21785975444,0.6467684554532472,confirmed,,15,15,none,0
YVdQjqUXuDc,UCOT2iLov0V7Re7ku_3UBtcQ,time,2,2.5194,28,1491248.94,1156747,428014.9643941154,3.484104679781152,early,,15,9,none,0
YVdQjqUXuDc,UCOT2iLov0V7Re7ku_3UBtcQ,time,3,2.5194,28,1491248.94,1156747,428014.9643941154,3.484104679781152,early,,15,9,none,0
YVdQjqUXuDc,UCOT2iLov0V7Re7ku_3UBtcQ,time,5,4.5194,28,1117222.04,1156747,425783.9812376783,2.623917489556923,likely,0.0903229577890468,15,9,none,0
YVdQjqUXuDc,UCOT2iLov0V7Re7ku_3UBtcQ,time,7,6.5194,28,1044243.49,1156747,424627.0000000001,2.4592018288362896,likely,0.1162224306001673,15,8,none,0
YVdQjqUXuDc,UCOT2iLov0V7Re7ku_3UBtcQ,time,14,13.5194,28,1153244.78,1156747,424627.0000000001,2.715900739340789,confirmed,0.11427293932502117,15,6,none,0
QSd5MPr_NTU,UCjtWf6u79u_FisPyhqlGeNQ,time,1,1.4806,28,139.23,128,204.89399213168014,0.6795136755886572,early,,15,14,none,0
QSd5MPr_NTU,UCjtWf6u79u_FisPyhqlGeNQ,time,2,2.4806,28,121.06,128,204.82241461203242,0.5910244057070508,early,0.5552089159203923,15,13,none,0
QSd5MPr_NTU,UCjtWf6u79u_FisPyhqlGeNQ,time,3,3.4806,28,151.34,128,205.81495571521657,0.7353338565905453,likely,0.6662135983937032,15,13,none,0
QSd5MPr_NTU,UCjtWf6u79u_FisPyhqlGeNQ,time,5,5.4806,28,129.03,128,204.83491899627018,0.6299051360990513,likely,0.4916683144037732,15,13,none,0
QSd5MPr_NTU,UCjtWf6u79u_FisPyhqlGeNQ,time,7,7.4806,28,144.34,128,203.9972392588216,0.7075539761009735,confirmed,0.4828156690438032,15,12,none,0
QSd5MPr_NTU,UCjtWf6u79u_FisPyhqlGeNQ,time,14,13.4806,28,135.48,128,206.00000000000003,0.6576939730364608,confirmed,0.3928709566308545,15,10,none,0
NoVEbKJct5o,UC70SrI3VkT1MXALRtf0pcHg,time,1,0.9227,29,52484.26,29077,72184.4401499112,0.7270854576536183,early,,14,14,none,0
NoVEbKJct5o,UC70SrI3VkT1MXALRtf0pcHg,time,2,1.9227,29,35183.35,29077,73356.71212767142,0.4796200454850649,early,0.2505707710980111,15,15,none,0
NoVEbKJct5o,UC70SrI3VkT1MXALRtf0pcHg,time,3,3.9227,29,32444.01,29077,70861.26223577594,0.4578525120215385,likely,0.18440944832295267,15,15,none,0
NoVEbKJct5o,UC70SrI3VkT1MXALRtf0pcHg,time,5,4.9227,29,30095.72,29077,69780.26357688408,0.43129266164500685,likely,0.16712660375294605,15,15,none,0
NoVEbKJct5o,UC70SrI3VkT1MXALRtf0pcHg,time,7,6.9227,29,29563.33,29077,67940.66732194962,0.435134501938653,likely,0.14617582984012278,15,15,none,0
NoVEbKJct5o,UC70SrI3VkT1MXALRtf0pcHg,time,14,13.9227,29,28879.52,29077,64725.85191022609,0.44618220870432557,confirmed,0.11957958532865179,15,15,none,0
B3RR7emh-QI,UCm7zU1B8rHqZT8_DVEZaUqA,time,14,13.5614,28,22707.70,20804,50439.21072470015,0.45019933604951534,confirmed,,15,13,none,0
O_MY-4kIxwo,UCnjOBqS_4w-AsjyDr4bQEUg,time,1,0.9162,29,1697.14,3370,9511.000000000005,0.17844018482682109,early,,15,8,none,0
O_MY-4kIxwo,UCnjOBqS_4w-AsjyDr4bQEUg,time,2,1.9162,29,1382.15,3370,9511.000000000005,0.1453214023588705,early,0.47755790744591015,15,8,none,0
O_MY-4kIxwo,UCnjOBqS_4w-AsjyDr4bQEUg,time,3,2.9162,29,1423.07,3370,9511.000000000005,0.14962312855286006,early,0.45967286717037514,15,6,none,0
O_MY-4kIxwo,UCnjOBqS_4w-AsjyDr4bQEUg,time,5,4.9162,29,2006.86,3370,9511.000000000005,0.21100365866709184,likely,0.4976571473193282,15,6,none,0
O_MY-4kIxwo,UCnjOBqS_4w-AsjyDr4bQEUg,time,7,6.9162,29,2543.65,3370,9511.000000000005,0.26744251038310407,likely,0.5646442854225616,15,6,none,0
O_MY-4kIxwo,UCnjOBqS_4w-AsjyDr4bQEUg,time,14,13.9162,29,3140.02,3370,9511.000000000005,0.3301460206984448,confirmed,0.5688757335018597,15,4,none,0
k5eG-OUAY_Y,UC5i1U95Udd4RYblltKRV9-A,time,5,4.9989,28,193.08,343,,,insufficient,,0,0,none,0
k5eG-OUAY_Y,UC5i1U95Udd4RYblltKRV9-A,time,7,6.9989,28,229.57,343,,,insufficient,0.5636124622484014,0,0,none,0
k5eG-OUAY_Y,UC5i1U95Udd4RYblltKRV9-A,time,14,15.9989,28,326.68,343,,,insufficient,0.5732997577883058,0,0,none,0
FG_h7a3uFJ0,UCUpbDOT-OVNBlaQpb9pbd2w,time,5,5.5422,28,31123.32,23187,31633.82171793968,0.9838622574403593,likely,,15,15,none,0
FG_h7a3uFJ0,UCUpbDOT-OVNBlaQpb9pbd2w,time,7,6.5422,28,25237.44,23187,30862.61163737427,0.8177351874251344,likely,0.02085528538485119,15,15,none,0
FG_h7a3uFJ0,UCUpbDOT-OVNBlaQpb9pbd2w,time,14,13.5422,28,23888.28,23187,28183.249105999686,0.8476056707460926,confirmed,0.01186705132160876,15,15,none,0
nSOgKuGUta0,UCGWNHkr2WZcRbxqoet-nyeg,time,14,13.9017,28,980.69,938,2598.893198610829,0.37734936473780845,confirmed,,15,15,none,0
dr2nha4f97A,UCe43pe3w4L6w3tNMRkWiJBA,time,14,13.8671,27,21947.36,22040,31007.882608224332,0.7077994842819779,confirmed,0.15405223215478975,15,13,none,0
l1fA8Gyb_Po,UC3-yU9goxlunhnRS8tmeeHg,time,5,4.9909,27,33.99,63,,,insufficient,,0,0,none,0
l1fA8Gyb_Po,UC3-yU9goxlunhnRS8tmeeHg,time,7,6.9909,27,53.83,63,,,insufficient,0.9637928507110132,0,0,none,0
l1fA8Gyb_Po,UC3-yU9goxlunhnRS8tmeeHg,time,14,15.9909,27,60.78,63,,,insufficient,0.6257700368052259,0,0,none,0
X61yahEIJoM,UC0Fh1HN4RvOw2hMk9n5PysA,time,7,8.8327,27,473.49,496,235.35234098266133,2.011835355764806,confirmed,,4,4,none,0
X61yahEIJoM,UC0Fh1HN4RvOw2hMk9n5PysA,time,14,12.8327,27,460.13,496,429.8829566314939,1.070363756261972,confirmed,0.2607631214732419,15,14,none,0
JKFzRL6UfCg,UCyapQzPW5tjyIVsOLSkZ6Vg,time,14,13.8330,28,161.79,159,100.78824017577125,1.605209711779281,confirmed,,15,15,none,0
Z_BrzVJGfI4,UC2EHd4fvq9t8WrKPgqhoYIQ,time,2,2.6874,27,6698.90,5660,8413.316885298964,0.7962254194963642,early,,14,13,none,0
Z_BrzVJGfI4,UC2EHd4fvq9t8WrKPgqhoYIQ,time,3,2.6874,27,6698.90,5660,8413.316885298964,0.7962254194963642,early,,14,13,none,0
Z_BrzVJGfI4,UC2EHd4fvq9t8WrKPgqhoYIQ,time,5,4.6874,27,5215.74,5660,8383.519477752947,0.6221419426506983,likely,0.18265576450426982,15,13,none,0
Z_BrzVJGfI4,UC2EHd4fvq9t8WrKPgqhoYIQ,time,7,7.6874,27,5403.23,5660,8383.071664180154,0.6445410303738756,confirmed,0.17652447113743794,15,13,none,0
Z_BrzVJGfI4,UC2EHd4fvq9t8WrKPgqhoYIQ,time,14,12.6874,27,5647.24,5660,8319.999999999995,0.6787544088008066,confirmed,0.15860916670505815,15,11,none,0
keF_HoK2_tE,UCQq79zHGZJNzm3SPOfLNmrw,heldout,14,13.9461,28,933.70,956,496.5582197618516,1.880336929278555,confirmed,0.22499892648728037,15,12,none,0
zAbo8YcIlrQ,UCMPaviJxybo1RTdzvYcU91A,time,14,15.0494,27,2195.61,2248,1621.0000000000002,1.3544773436228703,confirmed,0.709215557667603,15,9,none,0
9IMDTevhNX0,UCXxIurzUx2ztE6D5IzcyTcw,heldout,5,4.9582,31,20804.18,22872,19769.407619181296,1.0523420364991767,likely,,15,11,none,0
9IMDTevhNX0,UCXxIurzUx2ztE6D5IzcyTcw,heldout,7,7.9582,31,22449.02,22872,19776.01119646091,1.1351643033122398,confirmed,0.3567555252114585,15,10,none,0
9IMDTevhNX0,UCXxIurzUx2ztE6D5IzcyTcw,heldout,14,13.9582,31,22845.03,22872,19815.986234575073,1.1528583683528701,confirmed,0.3163044884431659,15,10,none,0
y3QK3e4O2VU,UC70SrI3VkT1MXALRtf0pcHg,time,1,0.8000,28,138760.19,125608,73356.71212767142,1.8915813388622165,early,,13,13,none,0
y3QK3e4O2VU,UC70SrI3VkT1MXALRtf0pcHg,time,2,1.8000,28,118009.65,125608,75991.44783641948,1.552933259582321,early,0.6036443342593696,14,14,none,0
y3QK3e4O2VU,UC70SrI3VkT1MXALRtf0pcHg,time,3,2.8000,28,125269.07,125608,70861.26223577594,1.767807511766438,early,0.5161738639961624,15,15,none,0
y3QK3e4O2VU,UC70SrI3VkT1MXALRtf0pcHg,time,5,4.8000,28,117305.96,125608,68744.96973064315,1.7063933707360088,likely,0.4111380005852972,15,15,none,0
y3QK3e4O2VU,UC70SrI3VkT1MXALRtf0pcHg,time,7,6.8000,28,115018.25,125608,67200.97407662371,1.7115563541927121,likely,0.3756820290713714,15,15,none,0
y3QK3e4O2VU,UC70SrI3VkT1MXALRtf0pcHg,time,14,12.8000,28,122015.88,125608,64725.85191022609,1.8851182520890426,confirmed,0.3400172090249856,15,15,none,0
yatLOwL7Ncc,UCfQgsKhHjSyRLOp9mnffqVg,heldout,5,6.8322,30,585096.58,602280,334172.8920831445,1.7508798309220166,likely,,15,12,none,0
yatLOwL7Ncc,UCfQgsKhHjSyRLOp9mnffqVg,heldout,7,6.8322,30,585096.58,602280,334172.8920831445,1.7508798309220166,likely,,15,12,none,0
pG39Zer2EVU,UCPAt6z5uX_c5Eo_cSNROzYw,time,7,8.8756,28,12043.78,9813,4126.314507504928,2.9187732293507516,confirmed,,15,15,none,0
pG39Zer2EVU,UCPAt6z5uX_c5Eo_cSNROzYw,time,14,13.8756,28,10007.30,9813,3835.0307314793113,2.6094432568228814,confirmed,0.029429268829547016,15,15,none,0
uTrWqhNtejU,UC0ArlFuFYMpEewyRBzdLHiw,heldout,14,13.8330,31,2801.63,2923,4557.438075375118,0.6147377215059704,confirmed,0.10612758563801293,15,15,none,0
xGFLq5S44jU,UCGpsgNbzdF7BECCVbB1COHw,time,14,12.7077,28,3525.30,3629,7193.12611489201,0.4900924959245575,confirmed,0.12662498908706074,15,15,none,0
rY7035hs9g0,UCat0LyGytYMwfZEPbO_rOrA,time,14,13.0462,28,727.80,714,2413.329316754868,0.3015764461301037,confirmed,0.027802088364086364,15,15,none,0
NjClGJvFyFk,UCz4GCx3ieKlpkMnIpQG8u4w,time,3,3.7497,27,22105.57,18274,31232.47007351045,0.7077751618135862,likely,,11,11,none,0
NjClGJvFyFk,UCz4GCx3ieKlpkMnIpQG8u4w,time,5,4.7497,27,16376.03,18274,31340.35877676583,0.5225220744979212,likely,0.15388105169752322,14,14,none,0
NjClGJvFyFk,UCz4GCx3ieKlpkMnIpQG8u4w,time,7,6.7497,27,16870.40,18274,31910.56151409776,0.5286776771867984,likely,0.19598552312932008,15,14,none,0
NjClGJvFyFk,UCz4GCx3ieKlpkMnIpQG8u4w,time,14,13.7497,27,18069.64,18274,33747.58943890013,0.5354349112045516,confirmed,0.156383183572682,15,13,none,0
wiAAf15K6K0,UCnYMOamNKLGVlJgRUbamveA,heldout,14,13.8197,31,29739.86,26939,34964.59919197637,0.8505706238994929,confirmed,,15,14,none,0
sHiM7k9dftk,UC8DqDLFZCni7Jkys3N3818w,time,5,4.8177,27,36.71,75,28.874618945760517,1.2714715492216127,likely,,5,5,none,0
sHiM7k9dftk,UC8DqDLFZCni7Jkys3N3818w,time,7,7.8177,27,58.73,75,30.84654986745854,1.9038067688892024,confirmed,0.6917858522316284,5,5,none,0
sHiM7k9dftk,UC8DqDLFZCni7Jkys3N3818w,time,14,15.8177,27,62.04,75,37.02610396554377,1.6756902026617637,confirmed,0.5614416501784473,5,5,none,0
WFstpTquNiE,UC4cTmHcWEXfkRdCvFLe4KiQ,time,14,12.9160,27,6457.51,6803,4436.521006628045,1.4555345199582161,confirmed,0.3009328738609096,15,14,none,0
9XW4OEaq-4E,UCll3zdukvI1oWlG-F13UCZw,time,1,1.0375,29,4474.51,2491,4461.616943581034,1.0028894426017911,early,2.041380526829588,14,14,none,0
9XW4OEaq-4E,UCll3zdukvI1oWlG-F13UCZw,time,2,2.0375,29,4714.06,2491,4461.406980520147,1.0566305606504482,early,1.3105950112683802,15,15,none,0
9XW4OEaq-4E,UCll3zdukvI1oWlG-F13UCZw,time,3,3.0375,29,4281.59,2491,4481.507769550869,0.9553902938122788,likely,1.0661297834228605,15,15,none,0
9XW4OEaq-4E,UCll3zdukvI1oWlG-F13UCZw,time,5,5.0375,29,3862.13,2491,4504.152440922386,0.8574604433682818,likely,0.8412586262517099,15,15,none,0
9XW4OEaq-4E,UCll3zdukvI1oWlG-F13UCZw,time,7,7.0375,29,3497.45,2491,4556.112358609714,0.7676395057737765,confirmed,0.7413143046500147,15,15,none,0
9XW4OEaq-4E,UCll3zdukvI1oWlG-F13UCZw,time,14,14.0375,29,2904.65,2491,4607.733201217416,0.6303866299332362,confirmed,0.6001893259172645,15,13,none,0
hVlAOIUA71Y,UCGq-a57w-aPwyi3pW7XLiHw,time,7,8.2079,27,1615612.65,1578695,2716031.9528100416,0.5948430208521287,confirmed,,15,14,none,0
hVlAOIUA71Y,UCGq-a57w-aPwyi3pW7XLiHw,time,14,13.2079,27,1516848.64,1578695,2705830.3583026347,0.5605852696543597,confirmed,0.19675380662689218,15,12,none,0
Q4NKhkbmTgs,UC8T8KJwCworH4Hpr5YjEzZA,time,5,5.0624,27,25471.77,31566,,,insufficient,1.34111822350763,1,1,none,0
Q4NKhkbmTgs,UC8T8KJwCworH4Hpr5YjEzZA,time,7,7.0624,27,28981.22,31566,,,insufficient,1.0875441564585402,1,1,none,0
Q4NKhkbmTgs,UC8T8KJwCworH4Hpr5YjEzZA,time,14,15.0624,27,33692.58,31566,,,insufficient,0.7881889741235288,1,1,none,0
x82aevwtMfM,UC1pDMQF-E5YNgBgqc0MK6lQ,time,7,7.6874,27,807.20,789,1415.2187832341292,0.570371161607828,confirmed,,13,12,none,0
x82aevwtMfM,UC1pDMQF-E5YNgBgqc0MK6lQ,time,14,13.6874,27,765.34,789,1382.3168976295922,0.5536650913159812,confirmed,0.181232267006599,15,13,none,0
79nQJwvCbfY,UC682ktH2UsgNdCjl83TpDWg,time,14,13.0188,28,85.09,81,76.82377297425022,1.107535766451239,confirmed,0.24480258746288894,15,15,none,0
BnfPYwhzoaM,UCPCPE5MoI7DS1WiVB_-mzNw,heldout,5,5.8103,27,8260.48,6131,4346.775678924237,1.900370140788601,likely,,15,15,none,0
BnfPYwhzoaM,UCPCPE5MoI7DS1WiVB_-mzNw,time,5,5.8103,27,8260.48,6131,4346.775678924237,1.900370140788601,likely,,15,15,none,0
BnfPYwhzoaM,UCPCPE5MoI7DS1WiVB_-mzNw,heldout,7,6.8103,27,6690.56,6131,4282.744048121213,1.5622123021570098,likely,0.013204057458751927,15,15,none,0
BnfPYwhzoaM,UCPCPE5MoI7DS1WiVB_-mzNw,time,7,6.8103,27,6690.56,6131,4282.744048121213,1.5622123021570098,likely,0.013204057458751927,15,15,none,0
BnfPYwhzoaM,UCPCPE5MoI7DS1WiVB_-mzNw,heldout,14,12.8103,27,6318.66,6131,4054.605099459085,1.5583899252106879,confirmed,0.008588710231409337,15,15,none,0
BnfPYwhzoaM,UCPCPE5MoI7DS1WiVB_-mzNw,time,14,12.8103,27,6318.66,6131,4054.605099459085,1.5583899252106879,confirmed,0.008588710231409337,15,15,none,0
KLjXWukMylk,UC1lfnF3avRvtFm_wajLLhyg,time,1,0.7618,28,22599.24,17072,22377.274826109453,1.0099192558486534,early,,15,10,none,0
KLjXWukMylk,UC1lfnF3avRvtFm_wajLLhyg,time,2,1.7618,28,19714.68,17072,22187.0744334666,0.8885659512344398,early,0.6498449798182215,15,9,none,0
KLjXWukMylk,UC1lfnF3avRvtFm_wajLLhyg,time,3,2.7618,28,18003.75,17072,22000.24256074773,0.8183434106076027,early,0.5522592448849961,15,9,none,0
KLjXWukMylk,UC1lfnF3avRvtFm_wajLLhyg,time,5,4.7618,28,17201.41,17072,21656.280869010305,0.7942918420644999,likely,0.42215621036393797,15,8,none,0
KLjXWukMylk,UC1lfnF3avRvtFm_wajLLhyg,time,7,6.7618,28,17796.40,17072,21521.00860686227,0.8269314358534329,likely,0.38432018461623607,15,7,none,0
KLjXWukMylk,UC1lfnF3avRvtFm_wajLLhyg,time,14,13.7618,28,17477.67,17072,20913.119500986155,0.8357273884607399,confirmed,0.3069304759128464,15,5,none,0
9qhKEF1iRq8,UCHQ4lSaKRap5HyrpitrTOhQ,time,3,3.8748,27,7529.72,6529,9292.937570736181,0.8102624667211556,likely,,10,10,none,0
9qhKEF1iRq8,UCHQ4lSaKRap5HyrpitrTOhQ,time,5,4.8748,27,6423.34,6529,9275.673960478516,0.6924926479046664,likely,0.2631438017588026,15,15,none,0
9qhKEF1iRq8,UCHQ4lSaKRap5HyrpitrTOhQ,time,7,6.8748,27,6417.03,6529,9265.333935953386,0.6925849762317267,likely,0.23046169053425217,15,15,none,0
9qhKEF1iRq8,UCHQ4lSaKRap5HyrpitrTOhQ,time,14,12.8748,27,6106.44,6529,9215.456111244932,0.6626303651518346,confirmed,0.1618424779834339,15,15,none,0
zrC5jnzEnUs,UCfiZzwbPTOw8MCQfyxES43A,time,5,6.4457,29,2601.68,4212,,,insufficient,,0,0,none,0
zrC5jnzEnUs,UCfiZzwbPTOw8MCQfyxES43A,time,7,7.4457,29,2572.14,4212,,,insufficient,0.22716739248576537,0,0,none,0
zrC5jnzEnUs,UCfiZzwbPTOw8MCQfyxES43A,time,14,14.4457,29,2877.22,4212,,,insufficient,0.29915408648241903,0,0,none,0
I8-FADDae8M,UC6QNjBn6KMq5-pe3OE11zZg,heldout,0.5,0.5816,30,5971.52,5805,10312.872457212838,0.5790359216881811,early,,11,9,none,0
I8-FADDae8M,UC6QNjBn6KMq5-pe3OE11zZg,heldout,1,0.5816,30,5971.52,5805,10312.872457212838,0.5790359216881811,early,,11,9,none,0
I8-FADDae8M,UC6QNjBn6KMq5-pe3OE11zZg,heldout,14,12.5816,30,6054.43,5805,9619.291508812317,0.6294048928160665,confirmed,0.49040237982786644,13,9,none,0
eQH5AMqpuYU,UCXGR70CkW_pXb8n52LzCCRw,time,1,1.0825,28,305173.96,370931,385086.3351698847,0.792481935569257,early,,15,12,none,0
eQH5AMqpuYU,UCXGR70CkW_pXb8n52LzCCRw,time,2,2.0825,28,353651.55,370931,385829.45649438887,0.9166007121187484,early,0.760248825036813,15,11,none,0
eQH5AMqpuYU,UCXGR70CkW_pXb8n52LzCCRw,time,3,3.0825,28,351231.36,370931,385732.42958741065,0.910556978350899,likely,0.6248292540358318,15,11,none,0
eQH5AMqpuYU,UCXGR70CkW_pXb8n52LzCCRw,time,5,5.0825,28,359080.39,370931,379427.7679944323,0.9463735233604963,likely,0.5698287299158916,15,11,none,0
eQH5AMqpuYU,UCXGR70CkW_pXb8n52LzCCRw,time,7,7.0825,28,358869.25,370931,383197.9328533283,0.9365114339697046,confirmed,0.5404075792278089,15,9,none,0
eQH5AMqpuYU,UCXGR70CkW_pXb8n52LzCCRw,time,14,13.0825,28,366493.07,370931,382676.47846339585,0.9577099348208298,confirmed,0.47364283267717844,15,6,none,0
A-pqjLgFCqw,UCcjhYlL1WRBjKaJsMH_h7Lg,time,1,0.8333,29,81115.13,129949,205603.69007399463,0.3945217710523041,early,,15,11,none,0
A-pqjLgFCqw,UCcjhYlL1WRBjKaJsMH_h7Lg,time,2,1.8333,29,89618.37,129949,205603.69007399463,0.43587918399939074,early,0.8448871918989961,15,11,none,0
A-pqjLgFCqw,UCcjhYlL1WRBjKaJsMH_h7Lg,time,3,2.8333,29,86165.03,129949,207777.56819914785,0.4146984399415033,early,0.6394104098610408,15,11,none,0
A-pqjLgFCqw,UCcjhYlL1WRBjKaJsMH_h7Lg,time,5,4.8333,29,77286.91,129949,208943,0.36989472702785947,likely,0.5189576010695509,15,10,none,0
A-pqjLgFCqw,UCcjhYlL1WRBjKaJsMH_h7Lg,time,7,6.8333,29,84731.15,129949,208943,0.4055228022620212,likely,0.48327786341528384,15,10,none,0
A-pqjLgFCqw,UCcjhYlL1WRBjKaJsMH_h7Lg,time,14,13.8333,29,118933.47,129949,266558.56749104103,0.44618139040335414,confirmed,0.5107673406728097,15,9,none,0
WYcTU11_1UA,UCGznz4NfW5iymkvn1l40qyA,time,1,0.8747,28,48768.30,59786,39352.1738982754,1.2392784784750102,early,,15,10,none,0
WYcTU11_1UA,UCGznz4NfW5iymkvn1l40qyA,time,2,2.8747,28,56929.49,59786,44429.802669456054,1.2813357452204965,early,0.6407695252541551,15,9,none,0
WYcTU11_1UA,UCGznz4NfW5iymkvn1l40qyA,time,3,2.8747,28,56929.49,59786,44429.802669456054,1.2813357452204965,early,0.6407695252541551,15,9,none,0
WYcTU11_1UA,UCGznz4NfW5iymkvn1l40qyA,time,5,4.8747,28,67984.06,59786,47950.2326485677,1.4178046611827724,likely,0.5332585786713783,15,9,none,0
WYcTU11_1UA,UCGznz4NfW5iymkvn1l40qyA,time,7,6.8747,28,60205.88,59786,51584.40232054849,1.1671334796212678,likely,0.5352288689099132,15,9,none,0
WYcTU11_1UA,UCGznz4NfW5iymkvn1l40qyA,time,14,13.8747,28,64388.88,59786,58203.08273047088,1.1062795143861448,confirmed,0.45931227350443515,15,8,none,0
bWRuVIJr0-I,UCYO_YUHK7ZROCqJMtSOuOHQ,time,0.5,0.7332,29,448.69,7629,867.606967027682,0.517161167707805,early,,15,14,none,0
bWRuVIJr0-I,UCYO_YUHK7ZROCqJMtSOuOHQ,time,1,0.7332,29,448.69,7629,867.606967027682,0.517161167707805,early,,15,14,none,0
bWRuVIJr0-I,UCYO_YUHK7ZROCqJMtSOuOHQ,time,2,1.7332,29,373.54,7629,878.0401463515001,0.425426201701411,early,0.5386896462114328,15,14,none,0
bWRuVIJr0-I,UCYO_YUHK7ZROCqJMtSOuOHQ,time,3,2.7332,29,318.37,7629,882.8272787987129,0.36063073364249804,early,0.3845274512715876,15,12,none,0
bWRuVIJr0-I,UCYO_YUHK7ZROCqJMtSOuOHQ,time,5,4.7332,29,425.93,7629,869.8022823377585,0.4896818733826522,likely,0.4989874885439563,15,11,none,0
bWRuVIJr0-I,UCYO_YUHK7ZROCqJMtSOuOHQ,time,7,6.7332,29,1980.37,7629,1877.4144239081113,1.054837348519335,likely,1.3184106745872144,15,11,none,0
bWRuVIJr0-I,UCYO_YUHK7ZROCqJMtSOuOHQ,time,14,13.7332,29,6830.15,7629,2612.5856830443017,2.614326400622854,confirmed,1.5475163590354906,15,9,none,0
WYkluiEAKpQ,UCaipqYFk8bhIs1Gyqmm_Yxg,time,1,1.0205,27,25358.75,28152,43132.25735568778,0.5879300212702959,early,1.711919632423187,15,14,none,0
WYkluiEAKpQ,UCaipqYFk8bhIs1Gyqmm_Yxg,time,2,2.0205,27,35938.26,28152,43307.361247603854,0.829841783948353,early,1.3786183766697686,15,13,none,0
WYkluiEAKpQ,UCaipqYFk8bhIs1Gyqmm_Yxg,time,3,3.0205,27,34098.65,28152,43086.02345076924,0.7914086585768708,likely,1.1526833334773334,15,13,none,0
WYkluiEAKpQ,UCaipqYFk8bhIs1Gyqmm_Yxg,time,5,5.0205,27,37196.37,28152,42919.2195295112,0.866659990639017,likely,1.0160994610884817,15,13,none,0
WYkluiEAKpQ,UCaipqYFk8bhIs1Gyqmm_Yxg,time,7,6.0205,27,34796.71,28152,42825.883618744796,0.8125158564484759,likely,0.9707020948399918,15,13,none,0
WYkluiEAKpQ,UCaipqYFk8bhIs1Gyqmm_Yxg,time,14,15.0205,27,35608.95,28152,45337.70763460788,0.7854157810844614,confirmed,0.7519344374108748,15,12,none,0
SY2iM_XZM3Y,UC675NhQ4EU5TzwCMwYp5XCw,time,5,4.9452,27,4468.14,3747,,,insufficient,,1,1,none,0
SY2iM_XZM3Y,UC675NhQ4EU5TzwCMwYp5XCw,time,7,6.9452,27,3782.81,3747,,,insufficient,0.15894311812873732,1,1,none,0
SY2iM_XZM3Y,UC675NhQ4EU5TzwCMwYp5XCw,time,14,12.9452,27,3752.74,3747,,,insufficient,0.11678047284424764,1,1,none,0
0etReI-mcpY,UCeHFOIlukVFTT8-lhB_Zqfw,heldout,14,13.8542,29,1798.82,1964,1302.053504986741,1.3815268168103838,confirmed,0.1739394539572278,13,13,none,0
vBi3NOSMdEQ,UC1R0kzpJLBJ8r5e1IVovIUg,heldout,5,5.8740,29,1106.84,969,2170.187726564441,0.5100188716103884,likely,,15,13,none,0
vBi3NOSMdEQ,UC1R0kzpJLBJ8r5e1IVovIUg,heldout,7,5.8740,29,1106.84,969,2170.187726564441,0.5100188716103884,likely,,15,13,none,0
vBi3NOSMdEQ,UC1R0kzpJLBJ8r5e1IVovIUg,heldout,14,16.8740,29,1004.17,969,2479.1003785739836,0.4050543150069906,confirmed,0.1337723755534766,15,12,none,0
0YtOfmWnyR0,UCdR7eGozLjafYMTd2BFnJaQ,time,1,0.8807,29,26090.90,18817,52046.65022914756,0.501298306986529,early,,15,14,none,0
0YtOfmWnyR0,UCdR7eGozLjafYMTd2BFnJaQ,time,2,1.8807,29,20271.56,18817,52046.65022914756,0.38948828584227624,early,0.35995222062586335,15,14,none,0
0YtOfmWnyR0,UCdR7eGozLjafYMTd2BFnJaQ,time,3,2.8807,29,16352.39,18817,52516.187901008234,0.31137805350863884,early,0.2583688704464603,15,14,none,0
0YtOfmWnyR0,UCdR7eGozLjafYMTd2BFnJaQ,time,5,4.8807,29,15503.51,18817,52516.187901008234,0.2952138853446164,likely,0.19616985117655963,15,14,none,0
0YtOfmWnyR0,UCdR7eGozLjafYMTd2BFnJaQ,time,7,6.8807,29,15602.87,18817,52516.187901008234,0.2971058717237849,likely,0.1862359387379663,15,14,none,0
0YtOfmWnyR0,UCdR7eGozLjafYMTd2BFnJaQ,time,14,13.8807,29,18173.06,18817,53770.06691109079,0.3379772008690043,confirmed,0.1798799184806752,15,13,none,0
9g_MPKyYHTQ,UCJP9OOLkOzsXbb_Bo_kqjTw,heldout,2,2.0207,30,28588.07,35517,24991.894425821374,1.1438937054469602,early,,15,13,none,0
9g_MPKyYHTQ,UCJP9OOLkOzsXbb_Bo_kqjTw,heldout,3,2.0207,30,28588.07,35517,24991.894425821374,1.1438937054469602,early,,15,13,none,0
9g_MPKyYHTQ,UCJP9OOLkOzsXbb_Bo_kqjTw,heldout,14,12.0207,30,40545.30,35517,25164.07581166248,1.6112375417612286,confirmed,0.5056670926544254,15,7,none,0
jqe3Bjx8TmU,UCDvZTWvHZPTxJ4K1yTD2a1g,time,14,13.8323,28,81212.27,78272,113067.93661995829,0.7182608388637467,confirmed,,15,14,none,0
ks_jjLJb-u4,UCWZVKz_sV9PPREGQfJy-9og,time,14,13.8538,28,52902.20,50646,103521.5875281808,0.5110258221595771,confirmed,0.40055685802340746,15,14,none,0
jEkAjbvfw4M,UC2cfzvGC8CJNWtvaynN7TeA,time,5,6.8906,29,19370.28,18043,,,insufficient,,0,0,none,0
jEkAjbvfw4M,UC2cfzvGC8CJNWtvaynN7TeA,time,7,6.8906,29,19370.28,18043,,,insufficient,,0,0,none,0
jEkAjbvfw4M,UC2cfzvGC8CJNWtvaynN7TeA,time,14,13.8906,29,17051.69,18043,,,insufficient,0.10990917346447693,0,0,none,0
55cNdkFLO7Y,UC4wKN1tlnlNVMiRPOu7qyvQ,time,2,2.5833,29,1241.48,1903,2229.7885258482506,0.5567685014592462,early,,15,15,none,0
55cNdkFLO7Y,UC4wKN1tlnlNVMiRPOu7qyvQ,time,3,2.5833,29,1241.48,1903,2229.7885258482506,0.5567685014592462,early,,15,15,none,0
55cNdkFLO7Y,UC4wKN1tlnlNVMiRPOu7qyvQ,time,5,4.5833,29,1341.60,1903,2331.188021507618,0.5755000512297452,likely,0.4759099508272012,15,15,none,0
55cNdkFLO7Y,UC4wKN1tlnlNVMiRPOu7qyvQ,time,7,6.5833,29,1353.59,1903,2363.829648105319,0.5726253356728845,likely,0.4128132577584704,15,15,none,0
55cNdkFLO7Y,UC4wKN1tlnlNVMiRPOu7qyvQ,time,14,13.5833,29,1555.74,1903,2300.7469174498947,0.6761895725099243,confirmed,0.3785294776277429,15,15,none,0
u2a_FQa0f_8,UC3_BakzLfadvFrsnClMFWmQ,time,1,1.0898,29,1521.91,651,767.7143756490318,1.9823896299618822,early,0.32227183965383405,15,15,none,0
u2a_FQa0f_8,UC3_BakzLfadvFrsnClMFWmQ,time,2,2.0898,29,930.19,651,755.7467587524105,1.2308172626912754,early,0.21337675680657572,15,15,none,0
u2a_FQa0f_8,UC3_BakzLfadvFrsnClMFWmQ,time,3,3.0898,29,802.27,651,745.8772409563649,1.0756095427964663,likely,0.1693148373580384,15,15,none,0
u2a_FQa0f_8,UC3_BakzLfadvFrsnClMFWmQ,time,5,5.0898,29,733.37,651,733.0208691133905,1.000482026472491,likely,0.13013877011766542,15,15,none,0
u2a_FQa0f_8,UC3_BakzLfadvFrsnClMFWmQ,time,7,7.0898,29,711.27,651,721.9770062605053,0.985169913053219,confirmed,0.11479601303497887,15,15,none,0
u2a_FQa0f_8,UC3_BakzLfadvFrsnClMFWmQ,time,14,14.0898,29,621.75,651,692.247172321565,0.8981684341033533,confirmed,0.08873886769514851,15,11,none,0
WO8ZKMmPaws,UCtbLA0YM6EpwUQhFUyPQU9Q,heldout,1,1.0314,27,818268.55,1125397,390662.04884052894,2.09456881805191,early,,15,13,none,0
WO8ZKMmPaws,UCtbLA0YM6EpwUQhFUyPQU9Q,time,1,1.0314,27,818268.55,1125397,390662.04884052894,2.09456881805191,early,,15,13,none,0
WO8ZKMmPaws,UCtbLA0YM6EpwUQhFUyPQU9Q,heldout,2,2.0314,27,946832.87,1125397,390662.04884052894,2.423662269525832,early,0.78258470194413,15,13,none,0
WO8ZKMmPaws,UCtbLA0YM6EpwUQhFUyPQU9Q,time,2,2.0314,27,946832.87,1125397,390662.04884052894,2.423662269525832,early,0.78258470194413,15,13,none,0
WO8ZKMmPaws,UCtbLA0YM6EpwUQhFUyPQU9Q,heldout,3,3.0314,27,934213.88,1125397,390703.3203791148,2.391108119267936,likely,0.6463193630286928,15,13,none,0
WO8ZKMmPaws,UCtbLA0YM6EpwUQhFUyPQU9Q,time,3,3.0314,27,934213.88,1125397,390703.3203791148,2.391108119267936,likely,0.6463193630286928,15,13,none,0
WO8ZKMmPaws,UCtbLA0YM6EpwUQhFUyPQU9Q,heldout,5,5.0314,27,964293.54,1125397,390703.3203791148,2.4680966037687897,likely,0.5558022755502803,15,13,none,0
WO8ZKMmPaws,UCtbLA0YM6EpwUQhFUyPQU9Q,time,5,5.0314,27,964293.54,1125397,390703.3203791148,2.4680966037687897,likely,0.5558022755502803,15,13,none,0
WO8ZKMmPaws,UCtbLA0YM6EpwUQhFUyPQU9Q,heldout,7,7.0314,27,997257.21,1125397,390199.64140119764,2.5557614627386886,confirmed,0.5332280854685236,15,12,none,0
WO8ZKMmPaws,UCtbLA0YM6EpwUQhFUyPQU9Q,time,7,7.0314,27,997257.21,1125397,390199.64140119764,2.5557614627386886,confirmed,0.5332280854685236,15,12,none,0
WO8ZKMmPaws,UCtbLA0YM6EpwUQhFUyPQU9Q,heldout,14,13.0314,27,1165680.97,1125397,389235.5386961076,2.9947958271742565,confirmed,0.5060701619579088,15,12,none,0
WO8ZKMmPaws,UCtbLA0YM6EpwUQhFUyPQU9Q,time,14,13.0314,27,1165680.97,1125397,389235.5386961076,2.9947958271742565,confirmed,0.5060701619579088,15,12,none,0
Vx_ytwoY3t0,UCeKKrZ5GnBXRwnKlrixiREQ,time,5,4.7612,27,44835.04,35730,,,insufficient,,2,2,none,0
Vx_ytwoY3t0,UCeKKrZ5GnBXRwnKlrixiREQ,time,7,6.7612,27,37545.60,35730,,,insufficient,0.11799478515740436,2,2,none,0
Vx_ytwoY3t0,UCeKKrZ5GnBXRwnKlrixiREQ,time,14,15.7612,27,36478.04,35730,,,insufficient,0.06345875068244211,2,2,none,0
TweVaQib0Z4,UCAGgFGwq4HZKLZ4gXo9xLiw,time,5,5.0428,27,2737.18,2293,3426.12630951445,0.798913112405744,likely,,6,6,none,0
TweVaQib0Z4,UCAGgFGwq4HZKLZ4gXo9xLiw,time,7,7.0428,27,2609.64,2293,3274.6258181411804,0.7969280093598129,confirmed,0.2416566330325141,6,6,none,0
TweVaQib0Z4,UCAGgFGwq4HZKLZ4gXo9xLiw,time,14,13.0428,27,2443.66,2293,3008.4943556763587,0.8122541443772293,confirmed,0.132521973685533,6,6,none,0
2H5xTcswgt4,UCLFgO1aEI66fh06p6u6-juw,time,0.5,0.7302,27,7457.86,8142,10375.73959015255,0.7187782209586716,early,,14,14,none,0
2H5xTcswgt4,UCLFgO1aEI66fh06p6u6-juw,time,1,0.7302,27,7457.86,8142,10375.73959015255,0.7187782209586716,early,,14,14,none,0
2H5xTcswgt4,UCLFgO1aEI66fh06p6u6-juw,time,2,2.7302,27,7031.01,8142,10306.769677230519,0.6821743694843856,early,0.5584724796494611,15,15,none,0
2H5xTcswgt4,UCLFgO1aEI66fh06p6u6-juw,time,3,2.7302,27,7031.01,8142,10306.769677230519,0.6821743694843856,early,0.5584724796494611,15,15,none,0
2H5xTcswgt4,UCLFgO1aEI66fh06p6u6-juw,time,5,4.7302,27,7136.70,8142,10275.365075783124,0.6945442086354132,likely,0.5052110875027955,15,15,none,0
2H5xTcswgt4,UCLFgO1aEI66fh06p6u6-juw,time,7,7.7302,27,7652.15,8142,10494.073112135524,0.7291880833539768,confirmed,0.472178003979238,15,15,none,0
2H5xTcswgt4,UCLFgO1aEI66fh06p6u6-juw,time,14,13.7302,27,8322.96,8142,11540.244965037255,0.7212120113110683,confirmed,0.4254049107774444,15,13,none,0
xPIOR7t7_Z8,UC6h1nurnE-9auq41a5oiPnA,time,3,3.9231,27,245.76,321,449.084326306141,0.5472431980182084,likely,,14,13,none,0
xPIOR7t7_Z8,UC6h1nurnE-9auq41a5oiPnA,time,5,4.9231,27,234.47,321,445.52722273143905,0.5262700492861457,likely,0.46762231578402075,15,14,none,0
xPIOR7t7_Z8,UC6h1nurnE-9auq41a5oiPnA,time,7,6.9231,27,239.76,321,445.52722273143905,0.5381580908511227,likely,0.4167784658750693,15,14,none,0
xPIOR7t7_Z8,UC6h1nurnE-9auq41a5oiPnA,time,14,12.9231,27,281.48,321,447.30577451879026,0.6292824661411153,confirmed,0.42455428951614893,15,13,none,0
drL2HoyAkSM,UCwMbSEgxhmOB5dXcxRTKHJQ,time,0.5,0.5082,27,3343.67,52273,6353.679539596277,0.5262574905834012,early,,15,13,none,0
drL2HoyAkSM,UCwMbSEgxhmOB5dXcxRTKHJQ,time,1,0.5082,27,3343.67,52273,6353.679539596277,0.5262574905834012,early,,15,13,none,0
drL2HoyAkSM,UCwMbSEgxhmOB5dXcxRTKHJQ,time,2,1.5082,27,33177.55,52273,6456.537431124429,5.1385982372300925,early,5.022097139659823,15,12,none,0
drL2HoyAkSM,UCwMbSEgxhmOB5dXcxRTKHJQ,time,3,2.5082,27,46686.65,52273,6464.858651591992,7.22160447036323,early,3.592921078425841,15,12,none,0
drL2HoyAkSM,UCwMbSEgxhmOB5dXcxRTKHJQ,time,5,4.5082,27,56891.75,52273,6481.9415749841555,8.77696160668215,likely,2.5992180440662005,15,12,none,0
drL2HoyAkSM,UCwMbSEgxhmOB5dXcxRTKHJQ,time,7,6.5082,27,56756.92,52273,6808.3466081757815,8.336373831592754,likely,2.1804045009124473,15,12,none,0
drL2HoyAkSM,UCwMbSEgxhmOB5dXcxRTKHJQ,time,14,15.5082,27,64682.24,52273,8874.164388331157,7.288825705210462,confirmed,1.5451074094353845,15,11,none,0
ffqgKG8Z3GY,UC12VbrdMMeYbqnz4_BuJbog,time,14,13.9664,30,1647.92,1572,2548,0.6467523119425803,confirmed,0.162857011964863,15,14,none,0
yesW-xqQ6ZM,UC6-X3epFE06GDWRHLQG_YMA,time,2,2.6429,27,53580.08,45206,183577.73488986117,0.2918658703306074,early,,12,11,none,0
yesW-xqQ6ZM,UC6-X3epFE06GDWRHLQG_YMA,time,3,2.6429,27,53580.08,45206,183577.73488986117,0.2918658703306074,early,,12,11,none,0
yesW-xqQ6ZM,UC6-X3epFE06GDWRHLQG_YMA,time,5,4.6429,27,42027.02,45206,183747.75663656922,0.22872125869777882,likely,0.19776856211931415,15,14,none,0
yesW-xqQ6ZM,UC6-X3epFE06GDWRHLQG_YMA,time,7,6.6429,27,43353.39,45206,186477.47776369145,0.23248594208291778,likely,0.2084010162731405,15,14,none,0
yesW-xqQ6ZM,UC6-X3epFE06GDWRHLQG_YMA,time,14,12.6429,27,46326.45,45206,193229.45136128832,0.23974837601206955,confirmed,0.1767102237423657,15,13,none,0
EkfrE8E1rkM,UCTQuKo8v0PaPCvk5aRxc_Yg,heldout,0.5,0.5750,30,13950.52,26202,8733.964405490586,1.5972726710654161,early,,14,12,none,0
EkfrE8E1rkM,UCTQuKo8v0PaPCvk5aRxc_Yg,heldout,1,0.5750,30,13950.52,26202,8733.964405490586,1.5972726710654161,early,,14,12,none,0
EkfrE8E1rkM,UCTQuKo8v0PaPCvk5aRxc_Yg,heldout,5,4.5750,30,22194.19,26202,7862.950619632483,2.8226285840802277,likely,0.7887387622508011,15,13,none,0
EkfrE8E1rkM,UCTQuKo8v0PaPCvk5aRxc_Yg,heldout,7,6.5750,30,21596.44,26202,7939.922803856707,2.7199809602448632,likely,0.7035340343566692,15,12,none,0
EkfrE8E1rkM,UCTQuKo8v0PaPCvk5aRxc_Yg,heldout,14,14.5750,30,23166.57,26202,9128.047340023351,2.5379550998569846,confirmed,0.6234080664708519,15,11,none,0
xl2B9ssZc-s,UC9_p50tH3WmMslWRWKnM7dQ,time,0.5,0.7014,27,255199.91,216822,180266.99744931114,1.4156773668031193,early,,15,11,none,0
xl2B9ssZc-s,UC9_p50tH3WmMslWRWKnM7dQ,time,1,0.7014,27,255199.91,216822,180266.99744931114,1.4156773668031193,early,,15,11,none,0
xl2B9ssZc-s,UC9_p50tH3WmMslWRWKnM7dQ,time,2,1.7014,27,229202.17,216822,180266.99744931114,1.2714593818098263,early,0.6948708774144369,15,11,none,0
xl2B9ssZc-s,UC9_p50tH3WmMslWRWKnM7dQ,time,3,2.7014,27,239931.32,216822,180189.83186508418,1.3315474941999708,early,0.5484468481355881,15,10,none,0
xl2B9ssZc-s,UC9_p50tH3WmMslWRWKnM7dQ,time,5,4.7014,27,214179.95,216822,180189.83186508418,1.1886350495416724,likely,0.45057898427625476,15,10,none,0
xl2B9ssZc-s,UC9_p50tH3WmMslWRWKnM7dQ,time,7,6.7014,27,224041.14,216822,179871.70694304717,1.245560747723991,likely,0.40287404314562464,15,10,none,0
xl2B9ssZc-s,UC9_p50tH3WmMslWRWKnM7dQ,time,14,15.7014,27,219838.19,216822,179350.04339232642,1.2257493086490276,confirmed,0.3239736779898151,15,9,none,0
GYtTNEFt49E,UCk9dtbM-wjpLk134r55OUbg,time,14,15.4893,27,8690.22,8620,11834.571643153806,0.7343078840814906,confirmed,0.10860786064644944,15,11,none,0
i3ZNdFRWNLI,UCUpbDOT-OVNBlaQpb9pbd2w,heldout,14,14.3912,30,65121.85,63397,26612.431916347152,2.447046277608855,confirmed,0.05554188748623538,15,15,none,0
wWEAEWcrYsI,UCxa1v9wVMmjYUhUfQOJxbzw,time,14,13.0603,28,9322.66,10036,7185.030879770618,1.2975109599893284,confirmed,,15,13,none,0
uLZVd6VvUD0,UCxEQsjgRRfGWiJJu_PDygxw,time,14,13.4576,27,302980.16,294917,228075.17559674528,1.3284223595010123,confirmed,0.012455653003386757,15,14,none,0
f9v50uNJkZ0,UCrtPXCqjm9c7nqgJL-vBSZg,heldout,5,5.0886,27,931.05,1521,6870.878358370575,0.13550653316698094,likely,0.31722043313186626,15,13,none,0
f9v50uNJkZ0,UCrtPXCqjm9c7nqgJL-vBSZg,time,5,5.0886,27,931.05,1521,6870.878358370575,0.13550653316698094,likely,0.31722043313186626,15,13,none,0
f9v50uNJkZ0,UCrtPXCqjm9c7nqgJL-vBSZg,heldout,7,7.0886,27,1050.40,1521,6948.0000000000055,0.15117947832796394,confirmed,0.41539911032396937,15,12,none,0
f9v50uNJkZ0,UCrtPXCqjm9c7nqgJL-vBSZg,time,7,7.0886,27,1050.40,1521,6948.0000000000055,0.15117947832796394,confirmed,0.41539911032396937,15,12,none,0
f9v50uNJkZ0,UCrtPXCqjm9c7nqgJL-vBSZg,heldout,14,13.0886,27,1207.68,1521,6948.0000000000055,0.17381762927642067,confirmed,0.40721677058506006,15,9,none,0
f9v50uNJkZ0,UCrtPXCqjm9c7nqgJL-vBSZg,time,14,13.0886,27,1207.68,1521,6948.0000000000055,0.17381762927642067,confirmed,0.40721677058506006,15,9,none,0
3Q4FIzaQMd0,UCKLIIdKEpjAnn8E76KP7sQg,heldout,5,5.1042,30,12025.63,10035,9151.46643869595,1.3140660247706613,likely,,15,13,none,0
3Q4FIzaQMd0,UCKLIIdKEpjAnn8E76KP7sQg,heldout,7,6.1042,30,9998.46,10035,9151.46643869595,1.0925523052221124,likely,0.1844672338094158,15,13,none,0
3Q4FIzaQMd0,UCKLIIdKEpjAnn8E76KP7sQg,heldout,14,14.1042,30,10131.35,10035,9052.97952444944,1.1191180132082021,confirmed,0.11329260792662411,15,12,none,0
m-WNnabbAD4,UCoZQiN0o7f36H7PaW4fVhFw,time,3,3.9158,29,192240.10,181857,101073.2832739354,1.9019873232949571,likely,,15,13,none,0
m-WNnabbAD4,UCoZQiN0o7f36H7PaW4fVhFw,time,5,4.9158,29,144422.25,181857,101224.10051668952,1.426757582678846,likely,0.23442333457223954,15,13,none,0
m-WNnabbAD4,UCoZQiN0o7f36H7PaW4fVhFw,time,7,6.9158,29,148150.84,181857,101760.99999999996,1.4558705216526961,likely,0.22187813458774064,15,12,none,0
m-WNnabbAD4,UCoZQiN0o7f36H7PaW4fVhFw,time,14,13.9158,29,167328.43,181857,101760.99999999996,1.6443276520560277,confirmed,0.21623604224423823,15,9,none,0
oGCnQTMpgBo,UCuVaqIpPgUyGP6AytqSfs0g,heldout,1,0.0824,30,3579.66,2608,2900.9411738724157,1.2339650561639164,early,,9,9,none,0
oGCnQTMpgBo,UCuVaqIpPgUyGP6AytqSfs0g,heldout,14,12.0824,30,3008.51,2608,2152.3794283831394,1.3977621319158868,confirmed,1.2712382789561703,15,15,none,0
n0V8YQ9CETk,UC93sJsqzmDqkYrEHUPDQzuQ,heldout,0.5,0.3935,29,1073.05,377,1073.3998796360213,0.999673489881809,early,,12,9,none,0
n0V8YQ9CETk,UC93sJsqzmDqkYrEHUPDQzuQ,heldout,1,1.3935,29,700.94,377,1033.403620545897,0.678285143750614,early,0.1863559168330057,15,11,none,0
n0V8YQ9CETk,UC93sJsqzmDqkYrEHUPDQzuQ,heldout,2,2.3935,29,482.48,377,1021.1724831386833,0.47247624035363955,early,0.26088392795688176,15,9,none,0
n0V8YQ9CETk,UC93sJsqzmDqkYrEHUPDQzuQ,heldout,3,3.3935,29,426.71,377,985.6312871775007,0.4329349574516741,likely,0.22543283235806252,15,9,none,0
n0V8YQ9CETk,UC93sJsqzmDqkYrEHUPDQzuQ,heldout,5,5.3935,29,403.76,377,957.6464735256845,0.4216117497231046,likely,0.19255620806625412,15,9,none,0
n0V8YQ9CETk,UC93sJsqzmDqkYrEHUPDQzuQ,heldout,7,7.3935,29,403.46,377,959.0170096238643,0.42069754705491935,confirmed,0.18345408751617032,15,9,none,0
n0V8YQ9CETk,UC93sJsqzmDqkYrEHUPDQzuQ,heldout,14,14.3935,29,415.03,377,949.5126525823296,0.43710083645873427,confirmed,0.14500093877526857,15,7,none,0
GdvrTH_SHxA,UCFNWnGcWFs8d_RjlLLXdh_A,heldout,3,3.8747,28,20556.50,35375,63152.31140770438,0.3255066326589417,likely,,15,15,none,0
GdvrTH_SHxA,UCFNWnGcWFs8d_RjlLLXdh_A,heldout,5,4.8747,28,22561.43,35375,63155.000000000015,0.35723894842792514,likely,0.6376023379176881,15,14,none,0
GdvrTH_SHxA,UCFNWnGcWFs8d_RjlLLXdh_A,heldout,7,6.8747,28,21786.79,35375,63155.000000000015,0.3449733279148214,likely,0.6212453276941451,15,14,none,0
GdvrTH_SHxA,UCFNWnGcWFs8d_RjlLLXdh_A,heldout,14,13.8747,28,30223.16,35375,63155.000000000015,0.47855532344360724,confirmed,0.5470849011337489,15,14,none,0
Is-fFfhR_P4,UCdRpPAsQbIaVpn_vS2_omPw,time,7,8.2168,27,1072.91,875,357.50033793719956,3.0011399757222366,confirmed,,15,13,none,0
Is-fFfhR_P4,UCdRpPAsQbIaVpn_vS2_omPw,time,14,12.2168,27,884.94,875,356.42987654579804,2.482795863037347,confirmed,0.012994037803095484,15,12,none,0
mwFwoyyUgKM,UCVbwsYKbh6Pz3RHXCXj4MdQ,heldout,1,0.9573,30,652.93,978,1994.5597249437878,0.32735674293261,early,,15,14,none,0
mwFwoyyUgKM,UCVbwsYKbh6Pz3RHXCXj4MdQ,heldout,2,1.9573,30,1379.13,978,2002.3464553370136,0.6887549567990376,early,1.7583422810432128,15,14,none,0
mwFwoyyUgKM,UCVbwsYKbh6Pz3RHXCXj4MdQ,heldout,3,2.9573,30,1339.47,978,2007.7148741488097,0.6671602866294165,early,1.1840055045087652,15,13,none,0
mwFwoyyUgKM,UCVbwsYKbh6Pz3RHXCXj4MdQ,heldout,5,4.9573,30,1329.71,978,2007.7148741488097,0.6622997597339718,likely,0.864527090223329,15,13,none,0
mwFwoyyUgKM,UCVbwsYKbh6Pz3RHXCXj4MdQ,heldout,7,6.9573,30,1252.82,978,2102.8405043719235,0.5957744140202894,likely,0.740076860520016,15,13,none,0
mwFwoyyUgKM,UCVbwsYKbh6Pz3RHXCXj4MdQ,heldout,14,13.9573,30,1115.53,978,2184.286670536433,0.510707151720823,confirmed,0.5779037910358814,15,12,none,0
5M8J56xBoEw,UCOv0Sk_k3j2l8hOeo6cXa3w,heldout,1,0.9525,29,16188.89,13585,2443.8005175302505,6.6244715833158905,early,,15,11,none,0
5M8J56xBoEw,UCOv0Sk_k3j2l8hOeo6cXa3w,time,1,0.9525,29,16188.89,13585,2443.8005175302505,6.6244715833158905,early,,15,11,none,0
5M8J56xBoEw,UCOv0Sk_k3j2l8hOeo6cXa3w,heldout,2,1.9525,29,13079.25,13585,2438.4849001779844,5.363679651627316,early,0.46561163826054763,15,10,none,0
5M8J56xBoEw,UCOv0Sk_k3j2l8hOeo6cXa3w,time,2,1.9525,29,13079.25,13585,2438.4849001779844,5.363679651627316,early,0.46561163826054763,15,10,none,0
5M8J56xBoEw,UCOv0Sk_k3j2l8hOeo6cXa3w,heldout,3,2.9525,29,15571.24,13585,2439.27807561168,6.383542484361818,early,0.4938855374664398,15,10,none,0
5M8J56xBoEw,UCOv0Sk_k3j2l8hOeo6cXa3w,time,3,2.9525,29,15571.24,13585,2439.27807561168,6.383542484361818,early,0.4938855374664398,15,10,none,0
5M8J56xBoEw,UCOv0Sk_k3j2l8hOeo6cXa3w,heldout,5,4.9525,29,12936.50,13585,2438.2314531129164,5.305688549891695,likely,0.40040752861286927,15,10,none,0
5M8J56xBoEw,UCOv0Sk_k3j2l8hOeo6cXa3w,time,5,4.9525,29,12936.50,13585,2438.2314531129164,5.305688549891695,likely,0.40040752861286927,15,10,none,0
5M8J56xBoEw,UCOv0Sk_k3j2l8hOeo6cXa3w,heldout,7,6.9525,29,13007.85,13585,2434.8760856912254,5.342303041226782,likely,0.35814178378982614,15,10,none,0
5M8J56xBoEw,UCOv0Sk_k3j2l8hOeo6cXa3w,time,7,6.9525,29,13007.85,13585,2434.8760856912254,5.342303041226782,likely,0.35814178378982614,15,10,none,0
5M8J56xBoEw,UCOv0Sk_k3j2l8hOeo6cXa3w,heldout,14,12.9525,29,13437.97,13585,2420.999999999999,5.550586158105439,confirmed,0.31076678503165445,15,9,none,0
5M8J56xBoEw,UCOv0Sk_k3j2l8hOeo6cXa3w,time,14,12.9525,29,13437.97,13585,2420.999999999999,5.550586158105439,confirmed,0.31076678503165445,15,9,none,0
pU48KY8nIes,UCPAt6z5uX_c5Eo_cSNROzYw,time,7,8.7357,28,21581.58,17198,2990.038567039945,7.217826892864225,confirmed,,15,15,none,0
pU48KY8nIes,UCPAt6z5uX_c5Eo_cSNROzYw,time,14,13.7357,28,17741.24,17198,2806.551787732967,6.321365173823832,confirmed,0.003235779814552223,15,15,none,0
Cxp9oHq1INk,UCYO_YUHK7ZROCqJMtSOuOHQ,heldout,2,2.7487,30,4080.51,30175,1753,2.327731124183351,early,,15,12,none,0
Cxp9oHq1INk,UCYO_YUHK7ZROCqJMtSOuOHQ,heldout,3,2.7487,30,4080.51,30175,1753,2.327731124183351,early,,15,12,none,0
Cxp9oHq1INk,UCYO_YUHK7ZROCqJMtSOuOHQ,heldout,5,4.7487,30,312.51,30175,1753,0.17827206863696934,likely,0.16808022867760966,15,10,none,0
Cxp9oHq1INk,UCYO_YUHK7ZROCqJMtSOuOHQ,heldout,7,6.7487,30,304.52,30175,1753,0.17371130328321388,likely,0.11396879703950244,15,9,none,0
Cxp9oHq1INk,UCYO_YUHK7ZROCqJMtSOuOHQ,heldout,14,13.7487,30,22621.37,30175,2627.6303279996723,8.609038232530882,confirmed,2.8602051180635018,15,7,none,0
pOWnUoNDGdo,UCnwAlhoB5rVhh6y5P96RXAw,time,1,0.9570,29,6354.09,93184,75125.14329707864,0.084580073883734,early,,15,15,none,0
pOWnUoNDGdo,UCnwAlhoB5rVhh6y5P96RXAw,time,2,1.9570,29,4837.53,93184,79659.36015883042,0.06072772230128203,early,0.3225929981382566,15,15,none,0
pOWnUoNDGdo,UCnwAlhoB5rVhh6y5P96RXAw,time,3,2.9570,29,6201.44,93184,83978.5536479309,0.07384551081653391,early,0.5154162602380031,15,15,none,0
pOWnUoNDGdo,UCnwAlhoB5rVhh6y5P96RXAw,time,5,4.9570,29,6169.69,93184,84793.00000000001,0.0727617815121725,likely,0.4660674666141018,15,14,none,0
pOWnUoNDGdo,UCnwAlhoB5rVhh6y5P96RXAw,time,7,6.9570,29,10428.42,93184,84793.00000000001,0.12298674918484062,likely,0.5499764184657119,15,12,none,0
pOWnUoNDGdo,UCnwAlhoB5rVhh6y5P96RXAw,time,14,13.9570,29,18069.47,93184,104673.07382951476,0.17262771788913567,confirmed,0.7669114107171454,15,9,none,0
bLMOgtfs_qQ,UCXUSs6sOB2GIcdyvLKljUrg,time,14,12.7910,27,5381.63,5389,7149.751025348622,0.7527018851148229,confirmed,0.22014070245226464,15,13,none,0
bCdUMEAP-zc,UCGWNHkr2WZcRbxqoet-nyeg,time,14,13.8783,28,5153.89,4877,2598.893198610829,1.9831094863226522,confirmed,,15,15,none,0
0VgQWEBi1zs,UCqvXGJXKeLCm6zg-JagDdzQ,time,1,1.8284,27,8827.24,6262,7407.501085441263,1.1916622852498806,early,,15,15,none,0
0VgQWEBi1zs,UCqvXGJXKeLCm6zg-JagDdzQ,time,2,1.8284,27,8827.24,6262,7407.501085441263,1.1916622852498806,early,,15,15,none,0
0VgQWEBi1zs,UCqvXGJXKeLCm6zg-JagDdzQ,time,3,2.8284,27,6340.82,6262,7407.501085441263,0.8560003973962831,early,0.24199740528636682,15,15,none,0
0VgQWEBi1zs,UCqvXGJXKeLCm6zg-JagDdzQ,time,5,4.8284,27,6182.93,6262,7360.81675257837,0.8399782841163402,likely,0.19063766850621844,15,15,none,0
0VgQWEBi1zs,UCqvXGJXKeLCm6zg-JagDdzQ,time,7,6.8284,27,6422.32,6262,7360.81675257837,0.872500676139581,likely,0.20886092970390252,15,15,none,0
0VgQWEBi1zs,UCqvXGJXKeLCm6zg-JagDdzQ,time,14,12.8284,27,6635.12,6262,7282.2907429031,0.9111313154546887,confirmed,0.16245046635070964,15,13,none,0
7IdJ0_taonw,UC9vUu4vlIlMC0dHQCTvQPbg,heldout,5,6.8245,29,60338.51,58053,,,insufficient,,0,0,none,0
7IdJ0_taonw,UC9vUu4vlIlMC0dHQCTvQPbg,time,5,6.8245,29,60338.51,58053,,,insufficient,,0,0,none,0
7IdJ0_taonw,UC9vUu4vlIlMC0dHQCTvQPbg,heldout,7,6.8245,29,60338.51,58053,,,insufficient,,0,0,none,0
7IdJ0_taonw,UC9vUu4vlIlMC0dHQCTvQPbg,time,7,6.8245,29,60338.51,58053,,,insufficient,,0,0,none,0
7IdJ0_taonw,UC9vUu4vlIlMC0dHQCTvQPbg,heldout,14,13.8245,29,57049.90,58053,,,insufficient,0.14455661842970122,0,0,none,0
7IdJ0_taonw,UC9vUu4vlIlMC0dHQCTvQPbg,time,14,13.8245,29,57049.90,58053,,,insufficient,0.14455661842970122,0,0,none,0
Nz3MAyQ1ZH4,UCbRP3c757lWg9M-U7TyEkXA,time,1,1.4041,28,66733.55,31444,78070.24297477285,0.854788552162525,early,,15,15,none,0
Nz3MAyQ1ZH4,UCbRP3c757lWg9M-U7TyEkXA,time,2,2.4041,28,41625.11,31444,78184.85906158853,0.5323934400679092,early,0.09451105130802764,15,15,none,0
Nz3MAyQ1ZH4,UCbRP3c757lWg9M-U7TyEkXA,time,3,3.4041,28,36402.97,31444,78479.59663728559,0.46385262370127156,likely,0.07980522243756416,15,15,none,0
Nz3MAyQ1ZH4,UCbRP3c757lWg9M-U7TyEkXA,time,5,5.4041,28,34104.75,31444,78516.02595146609,0.4343667611383838,likely,0.07439552179369138,15,15,none,0
Nz3MAyQ1ZH4,UCbRP3c757lWg9M-U7TyEkXA,time,7,6.4041,28,33398.91,31444,78390.0149079739,0.42606076549246197,likely,0.07892736490202346,15,15,none,0
Nz3MAyQ1ZH4,UCbRP3c757lWg9M-U7TyEkXA,time,14,13.4041,28,31482.31,31444,75626.28368144672,0.41628793313446555,confirmed,0.06027861975615791,15,10,none,0
TNOqbQjtMzI,UC-ew9TfeD887qUSiWWAAj1w,heldout,2,2.9577,30,4412.55,3817,9279.761821437598,0.4755026576512311,early,,15,14,none,0
TNOqbQjtMzI,UC-ew9TfeD887qUSiWWAAj1w,heldout,3,2.9577,30,4412.55,3817,9279.761821437598,0.4755026576512311,early,,15,14,none,0
TNOqbQjtMzI,UC-ew9TfeD887qUSiWWAAj1w,heldout,5,4.9577,30,3421.65,3817,9063.047403233264,0.37753886029893446,likely,0.18356855400846578,15,14,none,0
TNOqbQjtMzI,UC-ew9TfeD887qUSiWWAAj1w,heldout,7,6.9577,30,3536.56,3817,9380.859378952966,0.37699766532900636,likely,0.20748128795537013,15,14,none,0
TNOqbQjtMzI,UC-ew9TfeD887qUSiWWAAj1w,heldout,14,13.9577,30,3797.39,3817,9852.152100916244,0.3854378313327944,confirmed,0.17198375776972433,15,14,none,0
DJ18LeXxL4I,UC5lBPQsMMJEE5PTJMzf_sug,heldout,1,1.9432,30,2556.78,3533,3710.1233102011006,0.6891356641518062,early,,10,10,none,0
DJ18LeXxL4I,UC5lBPQsMMJEE5PTJMzf_sug,heldout,2,1.9432,30,2556.78,3533,3710.1233102011006,0.6891356641518062,early,,10,10,none,0
DJ18LeXxL4I,UC5lBPQsMMJEE5PTJMzf_sug,heldout,3,2.9432,30,1728.07,3533,6958.10254814212,0.24835332438349306,early,0.04222409249573834,15,15,none,0
DJ18LeXxL4I,UC5lBPQsMMJEE5PTJMzf_sug,heldout,5,4.9432,30,1860.24,3533,7256.77501868566,0.25634506401554064,likely,0.2502222577683959,15,13,none,0
DJ18LeXxL4I,UC5lBPQsMMJEE5PTJMzf_sug,heldout,7,5.9432,30,2195.63,3533,7256.77501868566,0.3025623755536264,likely,0.2565821825923143,15,13,none,0
DJ18LeXxL4I,UC5lBPQsMMJEE5PTJMzf_sug,heldout,14,13.9432,30,4686.29,3533,8616.602258694866,0.5438680661561863,confirmed,0.40112519260266766,15,8,none,0
3NJv_7PxGws,UC8kGsMa0LygSX9nkBcBH1Sg,time,7,8.8333,28,4637.94,4065,10862.530915786687,0.42696650551510684,confirmed,,15,12,none,0
3NJv_7PxGws,UC8kGsMa0LygSX9nkBcBH1Sg,time,14,13.8333,28,3956.40,4065,10521.699892097504,0.37602255880392094,confirmed,0.09329478015344346,15,11,none,0
xvhaNuD8CCg,UCdjEFkZWl9eBgV8azx1A_hg,time,5,6.8272,29,697.64,682,,,insufficient,,1,1,none,0
xvhaNuD8CCg,UCdjEFkZWl9eBgV8azx1A_hg,time,7,6.8272,29,697.64,682,,,insufficient,,1,1,none,0
xvhaNuD8CCg,UCdjEFkZWl9eBgV8azx1A_hg,time,14,13.8272,29,658.95,682,,,insufficient,0.14301132201481132,1,1,none,0
Br_Dz5FZELU,UC70SrI3VkT1MXALRtf0pcHg,heldout,1,0.9236,30,87939.46,55831,75962.65211454256,1.1576670018636137,early,,13,13,none,0
Br_Dz5FZELU,UC70SrI3VkT1MXALRtf0pcHg,heldout,2,1.9236,30,59161.00,55831,69411.49246268162,0.8523228155745756,early,0.25916358771289294,15,15,none,0
Br_Dz5FZELU,UC70SrI3VkT1MXALRtf0pcHg,heldout,3,2.9236,30,63566.93,55831,68415.09101157435,0.9291361596045191,early,0.29859191756496933,15,15,none,0
Br_Dz5FZELU,UC70SrI3VkT1MXALRtf0pcHg,heldout,5,4.9236,30,65568.77,55831,66896.76285296594,0.9801485495892831,likely,0.29270824974591747,15,15,none,0
Br_Dz5FZELU,UC70SrI3VkT1MXALRtf0pcHg,heldout,7,6.9236,30,62631.38,55831,65069.840902682605,0.9625255565824798,likely,0.24426820739287194,15,15,none,0
Br_Dz5FZELU,UC70SrI3VkT1MXALRtf0pcHg,heldout,14,13.9236,30,58354.78,55831,60952.195136296396,0.9573860122480092,confirmed,0.18716002020021094,15,15,none,0
vhkqtvrnjE4,UC4AkVj-qnJxNtKuz3rkq16A,time,14,13.8738,28,4416.44,4464,6265.260909940584,0.7049096097408499,confirmed,0.06911789293036615,15,11,none,0
fqaDF7EUzw4,UCWyL3FzhX0CaxgkOMTQMa0A,time,14,13.7909,28,14262.46,14386,16217.000000000002,0.8794760507340504,confirmed,0.09349603555710204,15,13,none,0
UQXMcNj8scw,UCS3lFRhXKfCZ8FvRqPjy9NA,time,3,3.9161,27,837.16,1043,704.2310146952377,1.1887631843996451,likely,,10,9,none,0
UQXMcNj8scw,UCS3lFRhXKfCZ8FvRqPjy9NA,time,5,4.9161,27,1156.03,1043,714.9999999999999,1.6168184170549726,likely,0.8587526868596904,15,13,none,0
UQXMcNj8scw,UCS3lFRhXKfCZ8FvRqPjy9NA,time,7,6.9161,27,1243.03,1043,722.0747957247149,1.7214711433741603,likely,0.7700710824812119,15,13,none,0
UQXMcNj8scw,UCS3lFRhXKfCZ8FvRqPjy9NA,time,14,12.9161,27,1149.72,1043,745.0525676767729,1.5431374083277314,confirmed,0.5210287087998231,15,11,none,0
eDvE6T0Togo,UCll3zdukvI1oWlG-F13UCZw,heldout,1,1.0299,28,2222.85,1828,5883.323472721942,0.37782239081021823,early,,15,15,none,0
eDvE6T0Togo,UCll3zdukvI1oWlG-F13UCZw,heldout,2,1.0299,28,2222.85,1828,5883.323472721942,0.37782239081021823,early,,15,15,none,0
eDvE6T0Togo,UCll3zdukvI1oWlG-F13UCZw,heldout,3,3.0299,28,2551.71,1828,5813.441665432603,0.4389324856602275,likely,0.6539337851596654,15,15,none,0
eDvE6T0Togo,UCll3zdukvI1oWlG-F13UCZw,heldout,5,5.0299,28,2158.77,1828,5960.372623122252,0.3621865986098021,likely,0.4766900772246321,15,15,none,0
eDvE6T0Togo,UCll3zdukvI1oWlG-F13UCZw,heldout,7,7.0299,28,2116.01,1828,5930.212072265554,0.3568191358462737,confirmed,0.42794241463409816,15,15,none,0
eDvE6T0Togo,UCll3zdukvI1oWlG-F13UCZw,heldout,14,14.0299,28,1992.78,1828,5875.868760790849,0.3391467935902466,confirmed,0.3264091113286893,15,15,none,0
7XFJ8cEwtgM,UCcCzzSbdw5-qmdF_NuTtb2w,heldout,0.5,0.3958,27,4431.35,2878,4312.717583684857,1.0275067208387587,early,,15,9,none,0
7XFJ8cEwtgM,UCcCzzSbdw5-qmdF_NuTtb2w,time,0.5,0.3958,27,4431.35,2878,4312.717583684857,1.0275067208387587,early,,15,9,none,0
7XFJ8cEwtgM,UCcCzzSbdw5-qmdF_NuTtb2w,heldout,1,1.3958,27,4639.97,2878,4316.038170142074,1.0750528529407872,early,0.7350102837947212,15,9,none,0
7XFJ8cEwtgM,UCcCzzSbdw5-qmdF_NuTtb2w,time,1,1.3958,27,4639.97,2878,4316.038170142074,1.0750528529407872,early,0.7350102837947212,15,9,none,0
7XFJ8cEwtgM,UCcCzzSbdw5-qmdF_NuTtb2w,heldout,2,2.3958,27,3047.66,2878,4335.000000000003,0.703034652626404,early,0.62674639198877,15,8,none,0
7XFJ8cEwtgM,UCcCzzSbdw5-qmdF_NuTtb2w,time,2,2.3958,27,3047.66,2878,4335.000000000003,0.703034652626404,early,0.62674639198877,15,8,none,0
7XFJ8cEwtgM,UCcCzzSbdw5-qmdF_NuTtb2w,heldout,3,3.3958,27,3220.72,2878,4335.000000000003,0.742957687475829,likely,0.5556647227596817,15,8,none,0
7XFJ8cEwtgM,UCcCzzSbdw5-qmdF_NuTtb2w,time,3,3.3958,27,3220.72,2878,4335.000000000003,0.742957687475829,likely,0.5556647227596817,15,8,none,0
7XFJ8cEwtgM,UCcCzzSbdw5-qmdF_NuTtb2w,heldout,5,5.3958,27,2942.11,2878,4335.000000000003,0.6786863739856367,likely,0.5098366827397262,15,8,none,0
7XFJ8cEwtgM,UCcCzzSbdw5-qmdF_NuTtb2w,time,5,5.3958,27,2942.11,2878,4335.000000000003,0.6786863739856367,likely,0.5098366827397262,15,8,none,0
7XFJ8cEwtgM,UCcCzzSbdw5-qmdF_NuTtb2w,heldout,7,7.3958,27,2767.97,2878,4335.000000000003,0.6385157298235804,confirmed,0.46394855065825336,15,7,none,0
7XFJ8cEwtgM,UCcCzzSbdw5-qmdF_NuTtb2w,time,7,7.3958,27,2767.97,2878,4335.000000000003,0.6385157298235804,confirmed,0.46394855065825336,15,7,none,0
7XFJ8cEwtgM,UCcCzzSbdw5-qmdF_NuTtb2w,heldout,14,15.3958,27,3063.71,2878,4335.000000000003,0.7067388652639235,confirmed,0.4083092177397341,15,4,none,0
7XFJ8cEwtgM,UCcCzzSbdw5-qmdF_NuTtb2w,time,14,15.3958,27,3063.71,2878,4335.000000000003,0.7067388652639235,confirmed,0.4083092177397341,15,4,none,0
0bwaO9dUfd0,UCYKuk74NJJUw0wkAPgov8mw,heldout,0.5,0.3924,30,2146.10,804,1223.4450600592668,1.754143996727526,early,,4,4,none,0
0bwaO9dUfd0,UCYKuk74NJJUw0wkAPgov8mw,heldout,1,0.3924,30,2146.10,804,1223.4450600592668,1.754143996727526,early,,4,4,none,0
0bwaO9dUfd0,UCYKuk74NJJUw0wkAPgov8mw,heldout,7,8.3924,30,833.30,804,1118.0326833894899,0.7453237010088126,confirmed,0.18942423794148994,6,5,none,0
0bwaO9dUfd0,UCYKuk74NJJUw0wkAPgov8mw,heldout,14,14.3924,30,839.95,804,1108.0000000000002,0.7580784050442586,confirmed,0.16292287768124744,6,4,none,0
YRMiL_vw8pg,UCP4k407eomZThGHo_9sgMkg,time,7,7.9786,27,27123.68,29440,170026.16003521933,0.15952652440127743,confirmed,,15,15,none,0
YRMiL_vw8pg,UCP4k407eomZThGHo_9sgMkg,time,14,14.9786,27,30500.47,29440,175565.25945136056,0.17372723611988736,confirmed,0.3341508824408208,15,13,none,0
fVY1wRZnAQE,UCnpWedLQdHpZqhgTLdB9Yyg,heldout,14,14.8955,29,48513.72,45161,61571.78895752657,0.7879211715094736,confirmed,,15,11,none,0
NfQDie3cBo4,UCuuq3lB_aWH9-bUubni59Rg,time,14,13.8745,29,752.33,717,459.3706748655653,1.6377432038641342,confirmed,0.2724422771149299,15,14,none,0
knMsCciLCpc,UCb4GVe1qSCpWJYxcCF_EmOA,heldout,1,1.8577,27,34378.20,26951,38556.73622485669,0.8916263419126778,early,,15,15,none,0
knMsCciLCpc,UCb4GVe1qSCpWJYxcCF_EmOA,time,1,1.8577,27,34378.20,26951,38556.73622485669,0.8916263419126778,early,,15,15,none,0
knMsCciLCpc,UCb4GVe1qSCpWJYxcCF_EmOA,heldout,2,1.8577,27,34378.20,26951,38556.73622485669,0.8916263419126778,early,,15,15,none,0
knMsCciLCpc,UCb4GVe1qSCpWJYxcCF_EmOA,time,2,1.8577,27,34378.20,26951,38556.73622485669,0.8916263419126778,early,,15,15,none,0
knMsCciLCpc,UCb4GVe1qSCpWJYxcCF_EmOA,heldout,3,2.8577,27,24899.15,26951,38663.483405014435,0.6439965565846658,early,0.27163806805045,15,15,none,0
knMsCciLCpc,UCb4GVe1qSCpWJYxcCF_EmOA,time,3,2.8577,27,24899.15,26951,38663.483405014435,0.6439965565846658,early,0.27163806805045,15,15,none,0
knMsCciLCpc,UCb4GVe1qSCpWJYxcCF_EmOA,heldout,5,4.8577,27,25187.93,26951,38844.067352527956,0.6484368647212926,likely,0.25473053620243746,15,15,none,0
knMsCciLCpc,UCb4GVe1qSCpWJYxcCF_EmOA,time,5,4.8577,27,25187.93,26951,38844.067352527956,0.6484368647212926,likely,0.25473053620243746,15,15,none,0
knMsCciLCpc,UCb4GVe1qSCpWJYxcCF_EmOA,heldout,7,7.8577,27,29041.18,26951,39206.06944932074,0.7407317168901562,confirmed,0.23530873009257988,15,14,none,0
knMsCciLCpc,UCb4GVe1qSCpWJYxcCF_EmOA,time,7,7.8577,27,29041.18,26951,39206.06944932074,0.7407317168901562,confirmed,0.23530873009257988,15,14,none,0
knMsCciLCpc,UCb4GVe1qSCpWJYxcCF_EmOA,heldout,14,15.8577,27,28225.33,26951,39667.93236142048,0.711540174409693,confirmed,0.19499417709590927,15,14,none,0
knMsCciLCpc,UCb4GVe1qSCpWJYxcCF_EmOA,time,14,15.8577,27,28225.33,26951,39667.93236142048,0.711540174409693,confirmed,0.19499417709590927,15,14,none,0
XmcXlQXwGms,UCammHPYWYI4q3WLbx-TP7GA,time,14,15.0242,27,4628.37,4515,5019.8556441611545,0.9220133612394471,confirmed,0.026832942841098363,15,10,none,0
3YyF2njm2N8,UCnYMOamNKLGVlJgRUbamveA,heldout,14,15.9583,29,18136.15,17639,34159.20419691599,0.53093024675183,confirmed,0.01570793725803717,15,14,none,0
M0qewX3Rhf0,UC9Lfb5wvuqFXaEiEJtJYAYg,heldout,7,7.9140,31,81199.78,77645,,,insufficient,,11,11,none,0
M0qewX3Rhf0,UC9Lfb5wvuqFXaEiEJtJYAYg,heldout,14,13.9140,31,77410.13,77645,,,insufficient,0.195508786696212,11,10,none,0
csBoh1NBNUM,UC_7aK9PpYTqt08ERh1MewlQ,heldout,1,0.9575,28,30022.90,44554,22920.4474393196,1.3098739062132194,early,,15,10,none,0
csBoh1NBNUM,UC_7aK9PpYTqt08ERh1MewlQ,heldout,2,2.9575,28,49325.32,44554,23197.647599564898,2.1263069693204413,early,0.9329732309718599,15,9,none,0
csBoh1NBNUM,UC_7aK9PpYTqt08ERh1MewlQ,heldout,3,2.9575,28,49325.32,44554,23197.647599564898,2.1263069693204413,early,0.9329732309718599,15,9,none,0
csBoh1NBNUM,UC_7aK9PpYTqt08ERh1MewlQ,heldout,5,4.9575,28,58555.65,44554,23647.971137948804,2.476138314807536,likely,0.8612215310155299,15,9,none,0
csBoh1NBNUM,UC_7aK9PpYTqt08ERh1MewlQ,heldout,7,6.9575,28,60241.27,44554,24296.719563287777,2.4793993755768238,likely,0.7727933956798969,15,9,none,0
csBoh1NBNUM,UC_7aK9PpYTqt08ERh1MewlQ,heldout,14,13.9575,28,50481.93,44554,25169.292767594,2.005695020857503,confirmed,0.5944141836287586,15,8,none,0
OrNqEcNkoF0,UCAuUUnT6oDeKwE6v1NGQxug,heldout,5,6.8745,29,47958.51,60994,,,insufficient,,1,1,none,0
OrNqEcNkoF0,UCAuUUnT6oDeKwE6v1NGQxug,time,5,6.8745,29,47958.51,60994,,,insufficient,,1,1,none,0
OrNqEcNkoF0,UCAuUUnT6oDeKwE6v1NGQxug,heldout,7,6.8745,29,47958.51,60994,,,insufficient,,1,1,none,0
OrNqEcNkoF0,UCAuUUnT6oDeKwE6v1NGQxug,time,7,6.8745,29,47958.51,60994,,,insufficient,,1,1,none,0
OrNqEcNkoF0,UCAuUUnT6oDeKwE6v1NGQxug,heldout,14,13.8745,29,58606.59,60994,,,insufficient,0.43360756572434633,1,1,none,0
OrNqEcNkoF0,UCAuUUnT6oDeKwE6v1NGQxug,time,14,13.8745,29,58606.59,60994,,,insufficient,0.43360756572434633,1,1,none,0
atrWZ7Lkc3M,UCyNlnI6hQO3pVHswmGYvQxA,heldout,14,14.1591,30,10531.62,10409,27257.376067531484,0.3863769114337512,confirmed,,15,15,none,0
ESxTjNZHqZM,UCsvqVGtbbyHaMoevxPAq9Fg,time,14,14.2911,29,3020.80,2942,5516.868087231292,0.547556527251237,confirmed,0.00519075587753178,15,15,none,0
Jk1FtgY8sSQ,UCYO_YUHK7ZROCqJMtSOuOHQ,time,0.5,0.7226,29,528.34,15009,867.606967027682,0.6089649252890722,early,,14,14,none,0
Jk1FtgY8sSQ,UCYO_YUHK7ZROCqJMtSOuOHQ,time,1,0.7226,29,528.34,15009,867.606967027682,0.6089649252890722,early,,14,14,none,0
Jk1FtgY8sSQ,UCYO_YUHK7ZROCqJMtSOuOHQ,time,2,1.7226,29,449.63,15009,878.0401463515001,0.5120870946405873,early,0.5841088982563076,14,14,none,0
Jk1FtgY8sSQ,UCYO_YUHK7ZROCqJMtSOuOHQ,time,3,3.7226,29,596.51,15009,560.9337058158607,1.0634262511277854,likely,0.6041789815693346,15,13,none,0
Jk1FtgY8sSQ,UCYO_YUHK7ZROCqJMtSOuOHQ,time,5,4.7226,29,935.65,15009,556.5437797223794,1.6811831673351698,likely,0.7690416820655107,15,12,none,0
Jk1FtgY8sSQ,UCYO_YUHK7ZROCqJMtSOuOHQ,time,7,6.7226,29,3048.85,15009,1877.4144239081113,1.6239629360647752,likely,1.4929230337511767,15,12,none,0
Jk1FtgY8sSQ,UCYO_YUHK7ZROCqJMtSOuOHQ,time,14,14.7226,29,37329.56,15009,4786.847489805552,7.79836037096355,confirmed,1.766583312691383,15,9,none,0
LKpq24P0uqM,UCuxbOHa_nj8k6qotTzJrWZA,heldout,3,3.0624,29,3781.51,3546,9197.450873389065,0.4111473339124961,likely,,15,14,none,0
LKpq24P0uqM,UCuxbOHa_nj8k6qotTzJrWZA,heldout,5,4.0624,29,4441.90,3546,9141.91348518721,0.4858829176354878,likely,0.7192098909525977,15,14,none,0
LKpq24P0uqM,UCuxbOHa_nj8k6qotTzJrWZA,heldout,7,7.0624,29,3859.06,3546,9014.86211495247,0.4280775344933085,confirmed,0.3549775722019005,15,13,none,0
LKpq24P0uqM,UCuxbOHa_nj8k6qotTzJrWZA,heldout,14,14.0624,29,3835.62,3546,8711.846730322799,0.44027651420725034,confirmed,0.24129612336350253,15,10,none,0
9RpBrRCw3lU,UCDAbrXOj2yIrzj8QE4jC-Og,time,5,4.8330,27,23160.63,41502,,,insufficient,,2,2,none,0
9RpBrRCw3lU,UCDAbrXOj2yIrzj8QE4jC-Og,time,7,6.8330,27,38445.87,41502,,,insufficient,1.1014958831703288,2,2,none,0
9RpBrRCw3lU,UCDAbrXOj2yIrzj8QE4jC-Og,time,14,12.8330,27,40249.01,41502,,,insufficient,0.7225075569395704,2,2,none,0
7yZK9SGBunA,UC710HJmp-YgNbE5BnFBRoeg,time,5,6.9251,27,89973.20,83420,,,insufficient,,0,0,none,0
7yZK9SGBunA,UC710HJmp-YgNbE5BnFBRoeg,time,7,6.9251,27,89973.20,83420,,,insufficient,,0,0,none,0
7yZK9SGBunA,UC710HJmp-YgNbE5BnFBRoeg,time,14,12.9251,27,78352.57,83420,,,insufficient,0.10466701482134899,0,0,none,0
2ezqMROXaqs,UC8qhCPBiqf3qje6CdDBjdgQ,time,5,5.0719,27,328.48,350,,,insufficient,0.11699238649176086,0,0,none,0
2ezqMROXaqs,UC8qhCPBiqf3qje6CdDBjdgQ,time,7,7.0719,27,330.90,350,,,insufficient,0.14032095162727634,0,0,none,0
2ezqMROXaqs,UC8qhCPBiqf3qje6CdDBjdgQ,time,14,15.0719,27,330.82,350,,,insufficient,0.10960548233780264,0,0,none,0
4Xw48cPRWqg,UChbcn2mOzPHEEHxPmU66Sdg,heldout,5,5.8972,30,1503.88,1616,2054.5139842215413,0.7319900361641074,likely,,15,12,none,0
4Xw48cPRWqg,UChbcn2mOzPHEEHxPmU66Sdg,heldout,7,5.8972,30,1503.88,1616,2054.5139842215413,0.7319900361641074,likely,,15,12,none,0
OmbfAWoTStM,UCDNHPNeWScAC8h8IxtEBtkQ,time,1,1.0827,27,92505.18,54122,72545.57164232904,1.2751320402340585,early,1.0671087028626518,15,13,none,0
OmbfAWoTStM,UCDNHPNeWScAC8h8IxtEBtkQ,time,2,2.0827,27,86606.99,54122,71322.86013173017,1.2142950117763478,early,0.7641506081005934,15,12,none,0
OmbfAWoTStM,UCDNHPNeWScAC8h8IxtEBtkQ,time,3,3.0827,27,79333.49,54122,70179.54429642165,1.1304361529382994,likely,0.6441469597690266,15,12,none,0
OmbfAWoTStM,UCDNHPNeWScAC8h8IxtEBtkQ,time,5,5.0827,27,69013.79,54122,69112,0.9985790411371669,likely,0.5421701701185461,15,11,none,0
OmbfAWoTStM,UCDNHPNeWScAC8h8IxtEBtkQ,time,7,7.0827,27,63378.11,54122,69112,0.9170348069630484,confirmed,0.47713845515631514,15,10,none,0
OmbfAWoTStM,UCDNHPNeWScAC8h8IxtEBtkQ,time,14,15.0827,27,58562.75,54122,69112,0.8473600773614232,confirmed,0.374553224786271,15,6,none,0
B0jru4K6-WI,UCEaIzMzCEkTy547iHSs2xUg,time,2,2.9581,29,6313.61,5407,10180.989924259922,0.6201372512055258,early,,15,13,none,0
B0jru4K6-WI,UCEaIzMzCEkTy547iHSs2xUg,time,3,2.9581,29,6313.61,5407,10180.989924259922,0.6201372512055258,early,,15,13,none,0
B0jru4K6-WI,UCEaIzMzCEkTy547iHSs2xUg,time,5,4.9581,29,4871.29,5407,10122.613167237774,0.48122877494075866,likely,0.1713112135381175,15,13,none,0
B0jru4K6-WI,UCEaIzMzCEkTy547iHSs2xUg,time,7,6.9581,29,5111.91,5407,10108.041345854665,0.5057270329383131,likely,0.2220474067191789,15,12,none,0
B0jru4K6-WI,UCEaIzMzCEkTy547iHSs2xUg,time,14,13.9581,29,5566.90,5407,10033.000000000007,0.5548592700855731,confirmed,0.19024785218355317,15,10,none,0
eI1SB9ZG1VA,UCat0LyGytYMwfZEPbO_rOrA,heldout,14,12.7924,27,259.49,254,2167.463223660903,0.11971906950725048,confirmed,0.025481593312747873,15,15,none,0
eI1SB9ZG1VA,UCat0LyGytYMwfZEPbO_rOrA,time,14,12.7924,27,259.49,254,2167.463223660903,0.11971906950725048,confirmed,0.025481593312747873,15,15,none,0
xIskeMTcuYg,UCBWgT48azZkWSpw-iKMlBRw,time,5,5.6824,28,1385.59,1362,,,insufficient,,1,1,none,0
xIskeMTcuYg,UCBWgT48azZkWSpw-iKMlBRw,time,7,6.6824,28,1848.23,1362,,,insufficient,0.7604460837091803,1,1,none,0
xIskeMTcuYg,UCBWgT48azZkWSpw-iKMlBRw,time,14,13.6824,28,1468.84,1362,,,insufficient,0.3210631794297695,1,1,none,0
nLy2Oo7_hnk,UCHqH3S3G4wvIvGoRz4xWGqQ,heldout,3,3.9370,28,2292.69,2134,1526.3968896428457,1.5020257996006345,likely,,15,15,none,0
nLy2Oo7_hnk,UCHqH3S3G4wvIvGoRz4xWGqQ,heldout,5,3.9370,28,2292.69,2134,1526.3968896428457,1.5020257996006345,likely,,15,15,none,0
dsnVXpwNm8I,UCsvqVGtbbyHaMoevxPAq9Fg,time,14,13.9371,29,2479.61,2493,5485.208842231318,0.45205358731612405,confirmed,0.43468008080012777,15,15,none,0
E6z36buJS6M,UCtW1WA-bJ4s6l-ZCCT35QBg,time,1,0.9558,30,8214.47,9211,6146.000000000002,1.3365551435513259,early,,15,11,none,0
E6z36buJS6M,UCtW1WA-bJ4s6l-ZCCT35QBg,time,2,1.9558,30,9832.15,9211,6146.000000000002,1.5997641956180693,early,0.8405069204972979,15,11,none,0
E6z36buJS6M,UCtW1WA-bJ4s6l-ZCCT35QBg,time,3,2.9558,30,10014.33,9211,6146.000000000002,1.6294066402202008,early,0.6903534788346104,15,9,none,0
E6z36buJS6M,UCtW1WA-bJ4s6l-ZCCT35QBg,time,5,4.9558,30,10986.59,9211,6146.000000000002,1.7875998510047557,likely,0.5678201623989142,15,9,none,0
E6z36buJS6M,UCtW1WA-bJ4s6l-ZCCT35QBg,time,7,6.9558,30,9581.36,9211,6146.000000000002,1.5589593425470216,likely,0.5070138083161154,15,9,none,0
E6z36buJS6M,UCtW1WA-bJ4s6l-ZCCT35QBg,time,14,13.9558,30,9858.25,9211,6146.000000000002,1.6040112274658267,confirmed,0.4527719180115395,15,8,none,0
r9GNtMO7fYQ,UCAmsTmQTOPbSfXs6QIDgGXg,time,14,12.6662,27,741.46,749,614.7958966779063,1.2060224310668255,confirmed,0.1308903871539254,15,13,none,0
lKDHTZKQ7p0,UCEcOWDGI1Q1ReD4xrtUorWQ,time,5,6.7812,29,5383.43,5483,,,insufficient,,0,0,none,0
lKDHTZKQ7p0,UCEcOWDGI1Q1ReD4xrtUorWQ,time,7,6.7812,29,5383.43,5483,,,insufficient,,0,0,none,0
lKDHTZKQ7p0,UCEcOWDGI1Q1ReD4xrtUorWQ,time,14,13.7812,29,5322.65,5483,,,insufficient,0.21361203489688785,0,0,none,0
OUbmZFIsn64,UC3KNWfcAsfHDqIzHExknhFQ,time,5,6.6373,28,348.82,450,132.56400403259653,2.6313418285980785,likely,,3,3,none,0
OUbmZFIsn64,UC3KNWfcAsfHDqIzHExknhFQ,time,7,6.6373,28,348.82,450,132.56400403259653,2.6313418285980785,likely,,3,3,none,0
OUbmZFIsn64,UC3KNWfcAsfHDqIzHExknhFQ,time,14,13.6373,28,400.62,450,145.86875070664806,2.7464073319149995,confirmed,0.3285222787671126,3,3,none,0
eWJcg6j_7CE,UCsLt8oYvDYGpSHcGhRBBkyw,time,14,13.8704,27,5356.07,4956,2659.6149554882677,2.013850687724925,confirmed,0.7457472023952023,15,15,none,0
XSFzUR8Hh6U,UC4jbIZiyl9OUq4YpzQDOS9w,time,5,4.8955,27,10032.24,9781,,,insufficient,,0,0,none,0
XSFzUR8Hh6U,UC4jbIZiyl9OUq4YpzQDOS9w,time,7,6.8955,27,10690.43,9781,,,insufficient,0.4551093670036319,0,0,none,0
XSFzUR8Hh6U,UC4jbIZiyl9OUq4YpzQDOS9w,time,14,12.8955,27,10409.49,9781,,,insufficient,0.269774246143592,0,0,none,0
L1CPbmWfrhA,UCsRJksZpHms1C3xBEleSkFw,time,14,14.6061,29,83.11,81,216.9386181425432,0.3831009059480486,confirmed,,8,6,none,0
T2t5S3ek5V4,UCEuQ7YIThAps6wERHfsY7fQ,heldout,0.5,0.6262,28,9146.43,5824,8092.646641518961,1.1302145191863096,early,,15,7,none,0
T2t5S3ek5V4,UCEuQ7YIThAps6wERHfsY7fQ,time,0.5,0.6262,28,9146.43,5824,8092.646641518961,1.1302145191863096,early,,15,7,none,0
T2t5S3ek5V4,UCEuQ7YIThAps6wERHfsY7fQ,heldout,1,0.6262,28,9146.43,5824,8092.646641518961,1.1302145191863096,early,,15,7,none,0
T2t5S3ek5V4,UCEuQ7YIThAps6wERHfsY7fQ,time,1,0.6262,28,9146.43,5824,8092.646641518961,1.1302145191863096,early,,15,7,none,0
T2t5S3ek5V4,UCEuQ7YIThAps6wERHfsY7fQ,heldout,2,2.6262,28,5208.94,5824,8090.337675275271,0.6438470422749112,early,0.3580946920564462,15,6,none,0
T2t5S3ek5V4,UCEuQ7YIThAps6wERHfsY7fQ,time,2,2.6262,28,5208.94,5824,8090.337675275271,0.6438470422749112,early,0.3580946920564462,15,6,none,0
T2t5S3ek5V4,UCEuQ7YIThAps6wERHfsY7fQ,heldout,3,2.6262,28,5208.94,5824,8090.337675275271,0.6438470422749112,early,0.3580946920564462,15,6,none,0
T2t5S3ek5V4,UCEuQ7YIThAps6wERHfsY7fQ,time,3,2.6262,28,5208.94,5824,8090.337675275271,0.6438470422749112,early,0.3580946920564462,15,6,none,0
T2t5S3ek5V4,UCEuQ7YIThAps6wERHfsY7fQ,heldout,5,4.6262,28,6226.37,5824,8073.882151127003,0.7711742242255515,likely,0.2744198846832429,15,6,none,0
T2t5S3ek5V4,UCEuQ7YIThAps6wERHfsY7fQ,time,5,4.6262,28,6226.37,5824,8073.882151127003,0.7711742242255515,likely,0.2744198846832429,15,6,none,0
T2t5S3ek5V4,UCEuQ7YIThAps6wERHfsY7fQ,heldout,7,6.6262,28,6653.26,5824,8101.648862764136,0.8212234536585091,likely,0.27851494240966773,15,6,none,0
T2t5S3ek5V4,UCEuQ7YIThAps6wERHfsY7fQ,time,7,6.6262,28,6653.26,5824,8101.648862764136,0.8212234536585091,likely,0.27851494240966773,15,6,none,0
T2t5S3ek5V4,UCEuQ7YIThAps6wERHfsY7fQ,heldout,14,12.6262,28,6250.73,5824,8328.566598060173,0.7505166856549395,confirmed,0.2295565178211304,15,5,none,0
T2t5S3ek5V4,UCEuQ7YIThAps6wERHfsY7fQ,time,14,12.6262,28,6250.73,5824,8328.566598060173,0.7505166856549395,confirmed,0.2295565178211304,15,5,none,0
6AF193yWyzQ,UCOCsRROSlsrA31YJgCah32A,time,0.5,0.5313,28,8411.67,4692,13600.467824849853,0.618484021969268,early,,15,12,none,0
6AF193yWyzQ,UCOCsRROSlsrA31YJgCah32A,time,1,0.5313,28,8411.67,4692,13600.467824849853,0.618484021969268,early,,15,12,none,0
6AF193yWyzQ,UCOCsRROSlsrA31YJgCah32A,time,2,1.5313,28,5269.93,4692,14044.203923363128,0.37523844500612163,early,0.39458518958024,15,11,none,0
6AF193yWyzQ,UCOCsRROSlsrA31YJgCah32A,time,3,2.5313,28,5435.66,4692,14607.031105963144,0.37212659178491325,early,0.3205233836273409,15,11,none,0
6AF193yWyzQ,UCOCsRROSlsrA31YJgCah32A,time,5,4.5313,28,3841.15,4692,16109.796938254483,0.238435865250614,likely,0.25445825553680157,15,10,none,0
6AF193yWyzQ,UCOCsRROSlsrA31YJgCah32A,time,7,6.5313,28,5073.12,4692,16021.423043715182,0.31664572038701155,likely,0.25183637437304124,15,10,none,0
6AF193yWyzQ,UCOCsRROSlsrA31YJgCah32A,time,14,13.5313,28,5604.22,4692,15921.000000000007,0.35200172735432406,confirmed,0.2240097786762254,15,7,none,0
tAd-OOrdyMw,UCJVXj8BvHykEklEeKjFwaXQ,time,1,0.9052,28,216149.49,278089,64264,3.363461474868645,early,,15,14,none,0
tAd-OOrdyMw,UCJVXj8BvHykEklEeKjFwaXQ,time,2,2.9052,28,225528.66,278089,64264,3.509408999305619,early,0.5986733240027938,15,14,none,0
tAd-OOrdyMw,UCJVXj8BvHykEklEeKjFwaXQ,time,3,2.9052,28,225528.66,278089,64264,3.509408999305619,early,0.5986733240027938,15,14,none,0
tAd-OOrdyMw,UCJVXj8BvHykEklEeKjFwaXQ,time,5,4.9052,28,226766.27,278089,64264,3.5286672710141396,likely,0.5270291572996352,15,14,none,0
tAd-OOrdyMw,UCJVXj8BvHykEklEeKjFwaXQ,time,7,6.9052,28,267786.07,278089,64264,4.166968565389409,likely,0.5423175891945872,15,14,none,0
tAd-OOrdyMw,UCJVXj8BvHykEklEeKjFwaXQ,time,14,13.9052,28,320280.17,278089,64264,4.9838193833605855,confirmed,0.502092581404904,15,14,none,0
GWHkgIyZ0JI,UCPCPE5MoI7DS1WiVB_-mzNw,time,7,7.9093,29,3721.18,2976,5589.562915039107,0.6657370849268127,confirmed,,15,15,none,0
GWHkgIyZ0JI,UCPCPE5MoI7DS1WiVB_-mzNw,time,14,13.9093,29,3065.25,2976,5362.727100482011,0.5715843762243008,confirmed,0.006561381888794407,15,15,none,0
votoW03Y8eU,UC_2su4ftsi4r6aGkAQ8MyVQ,time,5,6.0317,28,130.97,118,,,insufficient,,1,1,none,0
votoW03Y8eU,UC_2su4ftsi4r6aGkAQ8MyVQ,time,7,6.0317,28,130.97,118,,,insufficient,,1,1,none,0
votoW03Y8eU,UC_2su4ftsi4r6aGkAQ8MyVQ,time,14,13.0317,28,111.65,118,,,insufficient,0.05462569688458449,1,1,none,0
hoxbK3cI1I0,UCMIjEnXruVHtvgSVf6TgfUg,heldout,14,14.6353,31,77136.59,74192,50529.98454382218,1.5265507727787013,confirmed,,4,4,none,0
FNWYh0OjLKI,UCbNBM6s09xhYD4i_mjnEoLA,time,5,6.8493,29,2406.49,2239,,,insufficient,,0,0,none,0
FNWYh0OjLKI,UCbNBM6s09xhYD4i_mjnEoLA,time,7,6.8493,29,2406.49,2239,,,insufficient,,0,0,none,0
FNWYh0OjLKI,UCbNBM6s09xhYD4i_mjnEoLA,time,14,13.8493,29,2268.88,2239,,,insufficient,0.14044418866225986,0,0,none,0
HSUsmLth0OY,UCxkIzPnPzWLz4IeuxIROflg,heldout,14,14.8746,30,2840.27,3210,1403.7586125012629,2.02333518446831,confirmed,0.326768876956087,15,11,none,0
3d6lsn49-jE,UC9TwYQOO9mAxoF4v8ZioySg,time,5,4.8021,28,34366.33,62838,42011.05336300349,0.8180306090565405,likely,,15,14,none,0
3d6lsn49-jE,UC9TwYQOO9mAxoF4v8ZioySg,time,7,6.8021,28,40409.44,62838,43676.080945452006,0.9252074972118712,likely,0.5101132485612294,15,13,none,0
3d6lsn49-jE,UC9TwYQOO9mAxoF4v8ZioySg,time,14,12.8021,28,49707.60,62838,46287.924258422514,1.073878305855605,confirmed,0.5081372211323978,15,12,none,0
59B9VDdR-yA,UC3JGnf8zOIQ06PGQ0Yb2_1Q,heldout,1,1.8745,27,10642.03,13413,20498.57092020647,0.5191595542263069,early,,15,14,none,0
59B9VDdR-yA,UC3JGnf8zOIQ06PGQ0Yb2_1Q,time,1,1.8745,27,10642.03,13413,20498.57092020647,0.5191595542263069,early,,15,14,none,0
59B9VDdR-yA,UC3JGnf8zOIQ06PGQ0Yb2_1Q,heldout,2,1.8745,27,10642.03,13413,20498.57092020647,0.5191595542263069,early,,15,14,none,0
59B9VDdR-yA,UC3JGnf8zOIQ06PGQ0Yb2_1Q,time,2,1.8745,27,10642.03,13413,20498.57092020647,0.5191595542263069,early,,15,14,none,0
59B9VDdR-yA,UC3JGnf8zOIQ06PGQ0Yb2_1Q,heldout,3,2.8745,27,8970.59,13413,20498.57092020647,0.4376203333009942,early,0.38943230006405816,15,14,none,0
59B9VDdR-yA,UC3JGnf8zOIQ06PGQ0Yb2_1Q,time,3,2.8745,27,8970.59,13413,20498.57092020647,0.4376203333009942,early,0.38943230006405816,15,14,none,0
59B9VDdR-yA,UC3JGnf8zOIQ06PGQ0Yb2_1Q,heldout,5,4.8745,27,10822.97,13413,21008.682676207754,0.5151665448168468,likely,0.4404945264532642,15,14,none,0
59B9VDdR-yA,UC3JGnf8zOIQ06PGQ0Yb2_1Q,time,5,4.8745,27,10822.97,13413,21008.682676207754,0.5151665448168468,likely,0.4404945264532642,15,14,none,0
59B9VDdR-yA,UC3JGnf8zOIQ06PGQ0Yb2_1Q,heldout,7,6.8745,27,13195.34,13413,21008.682676207754,0.6280897949298438,likely,0.518230749635529,15,14,none,0
59B9VDdR-yA,UC3JGnf8zOIQ06PGQ0Yb2_1Q,time,7,6.8745,27,13195.34,13413,21008.682676207754,0.6280897949298438,likely,0.518230749635529,15,14,none,0
59B9VDdR-yA,UC3JGnf8zOIQ06PGQ0Yb2_1Q,heldout,14,12.8745,27,13381.48,13413,21846.36323338162,0.6125264626931811,confirmed,0.44416288428496176,15,14,none,0
59B9VDdR-yA,UC3JGnf8zOIQ06PGQ0Yb2_1Q,time,14,12.8745,27,13381.48,13413,21846.36323338162,0.6125264626931811,confirmed,0.44416288428496176,15,14,none,0
YirNB8gmKN8,UCzUd3H_e_qWqs4dR4GxVHOQ,time,7,8.7599,27,10503.67,8999,4052.1950114161805,2.5920948982804393,confirmed,,15,13,none,0
YirNB8gmKN8,UCzUd3H_e_qWqs4dR4GxVHOQ,time,14,13.7599,27,9055.15,8999,4126.459843689932,2.194412415514389,confirmed,0.11821747566182174,15,10,none,0
X-MwP-HotfE,UCzQUP1qoWDoEbmsQxvdjxgQ,time,14,13.7912,29,639823.85,647794,637961.5677236393,1.0029191206473493,confirmed,0.08079920319707673,15,11,none,0
kvw13R5Z5kQ,UC9KBMJwxMFC-7G6prUCpFhg,time,14,12.9157,27,33290.76,32942,79295.19689091302,0.4198332048870985,confirmed,0.32959391030709795,15,15,none,0
LeXGFF2d0QQ,UCDHA7Bp6nAGdCWYdxlnXNhg,heldout,1,1.7913,27,65414.65,173146,55871.99999999996,1.1707948394513106,early,,15,14,none,0
LeXGFF2d0QQ,UCDHA7Bp6nAGdCWYdxlnXNhg,heldout,2,1.7913,27,65414.65,173146,55871.99999999996,1.1707948394513106,early,,15,14,none,0
LeXGFF2d0QQ,UCDHA7Bp6nAGdCWYdxlnXNhg,heldout,3,2.7913,27,102753.86,173146,55871.99999999996,1.8390939494354452,early,1.0330077564662083,15,14,none,0
LeXGFF2d0QQ,UCDHA7Bp6nAGdCWYdxlnXNhg,heldout,5,4.7913,27,124320.33,173146,55871.99999999996,2.225091791749436,likely,0.8808277035650734,15,14,none,0
LeXGFF2d0QQ,UCDHA7Bp6nAGdCWYdxlnXNhg,heldout,7,6.7913,27,130270.29,173146,55871.99999999996,2.331584574842681,likely,0.8036013661812748,15,14,none,0
LeXGFF2d0QQ,UCDHA7Bp6nAGdCWYdxlnXNhg,heldout,14,13.7913,27,136387.25,173146,55871.99999999996,2.4410662764088884,confirmed,0.6741202806909238,15,14,none,0
PFwcTjurk30,UCDEs0NoYs8QTTA6YLBrsqGg,heldout,1,1.7497,30,46569.62,182108,320679.3515043071,0.14522177088022298,early,,7,7,none,0
PFwcTjurk30,UCDEs0NoYs8QTTA6YLBrsqGg,heldout,2,1.7497,30,46569.62,182108,320679.3515043071,0.14522177088022298,early,,7,7,none,0
PFwcTjurk30,UCDEs0NoYs8QTTA6YLBrsqGg,heldout,3,2.7497,30,98630.61,182108,320679.3515043071,0.3075676911519513,early,1.983219205541785,7,7,none,0
PFwcTjurk30,UCDEs0NoYs8QTTA6YLBrsqGg,heldout,5,4.7497,30,145309.94,182108,321069.2740225708,0.45258125756436896,likely,1.5436661511599172,7,7,none,0
PFwcTjurk30,UCDEs0NoYs8QTTA6YLBrsqGg,heldout,7,6.7497,30,152023.33,182108,321069.2740225708,0.47349075990493616,likely,1.273097698947045,7,7,none,0
PFwcTjurk30,UCDEs0NoYs8QTTA6YLBrsqGg,heldout,14,13.7497,30,176136.11,182108,330018.7550530903,0.5337154631148723,confirmed,1.0237904512396665,7,7,none,0
Ntro6RYioLE,UCRte954rw0oeMWFroy_ClAw,heldout,1,1.8604,30,7791.82,23646,10240.231897524045,0.7609026144134019,early,,15,14,none,0
Ntro6RYioLE,UCRte954rw0oeMWFroy_ClAw,heldout,2,1.8604,30,7791.82,23646,10240.231897524045,0.7609026144134019,early,,15,14,none,0
Ntro6RYioLE,UCRte954rw0oeMWFroy_ClAw,heldout,3,2.8604,30,8178.40,23646,10224.409656675165,0.7998899562002579,early,0.6182468780357254,15,14,none,0
Ntro6RYioLE,UCRte954rw0oeMWFroy_ClAw,heldout,5,4.8604,30,8163.36,23646,10180.699717281334,0.8018464881723293,likely,0.4803889427822406,15,14,none,0
Ntro6RYioLE,UCRte954rw0oeMWFroy_ClAw,heldout,7,6.8604,30,8306.75,23646,10186.830437761098,0.8154398078072638,likely,0.44662758517544876,15,13,none,0
Ntro6RYioLE,UCRte954rw0oeMWFroy_ClAw,heldout,14,13.8604,30,13198.75,23646,10338.998632288694,1.2765986984386626,confirmed,0.5832221543967625,15,12,none,0
y4BY4pLx_JI,UCDHK7RywWc4z8J5K3MKkvRw,time,14,13.6913,29,8634.78,8529,10174.854757606397,0.8486390464538303,confirmed,0.17691071739576086,15,15,none,0
-yPZYhydW9g,UCKmkpoEqg1sOMGEiIysP8Tw,time,5,5.8643,29,99922.61,73845,59174.49750026355,1.6886092889506943,likely,,15,15,none,0
-yPZYhydW9g,UCKmkpoEqg1sOMGEiIysP8Tw,time,7,6.8643,29,80830.84,73845,58613.43558316291,1.37904962406981,likely,0.004101290892917423,15,15,none,0
-yPZYhydW9g,UCKmkpoEqg1sOMGEiIysP8Tw,time,14,13.8643,29,76219.82,73845,60019.62860034499,1.2699148666025377,confirmed,0.004237701750607326,15,15,none,0
8LUcoCag4Ds,UC-No2ITxJsNt50oJQ3fLmUA,time,14,13.7406,28,134994.14,134716,90302.63194523654,1.4949081710037528,confirmed,0.18538765717818081,15,13,none,0
smwzRFwPef0,UCiDJtJKMICpb9B1qf7qjEOA,heldout,5,6.9156,30,100473.10,86738,110203.92663733692,0.9117016427369036,likely,,15,15,none,0
smwzRFwPef0,UCiDJtJKMICpb9B1qf7qjEOA,heldout,7,6.9156,30,100473.10,86738,110203.92663733692,0.9117016427369036,likely,,15,15,none,0
smwzRFwPef0,UCiDJtJKMICpb9B1qf7qjEOA,heldout,14,13.9156,30,85740.19,86738,107612.1870001748,0.7967516590332921,confirmed,0.061115795868169225,15,15,none,0
NglpqOIQzlg,UCUpbDOT-OVNBlaQpb9pbd2w,time,5,5.6945,29,60571.43,54178,28392.4164170414,2.133366646508153,likely,,15,15,none,0
NglpqOIQzlg,UCUpbDOT-OVNBlaQpb9pbd2w,time,7,6.6945,29,55959.08,54178,27942.739946389767,2.002633815970575,likely,0.27010480516733243,15,15,none,0
NglpqOIQzlg,UCUpbDOT-OVNBlaQpb9pbd2w,time,14,13.6945,29,57072.70,54178,25146.78243537507,2.269582518688644,confirmed,0.21073862063088206,15,15,none,0
Dt-XlIc8lgE,UCayab18rVcu2PA685_WZXig,time,14,13.7476,27,454.33,419,495.052665680494,0.9177433333704479,confirmed,,11,10,none,0
Hs2Ywndv3NM,UC0Fh1HN4RvOw2hMk9n5PysA,time,7,7.9579,27,181.34,164,453.60636354097926,0.3997665637999537,confirmed,,4,4,none,0
Hs2Ywndv3NM,UC0Fh1HN4RvOw2hMk9n5PysA,time,14,14.9579,27,160.24,164,435.0949383944197,0.36828922735769465,confirmed,0.12748434227329816,15,13,none,0
LcEs7wVCG0c,UCBI1lCGZBXGl54w_25hUsTg,heldout,7,7.2090,30,4726.09,3980,4226.593035386283,1.1181787767466695,confirmed,,15,14,none,0
Plmb7c0pNdo,UCrzFIb07hYMhMguR1G0ZtOw,time,1,0.9994,29,12070.67,16968,7518.15030944107,1.6055376761388889,early,,15,11,none,0
Plmb7c0pNdo,UCrzFIb07hYMhMguR1G0ZtOw,time,2,1.9994,29,11752.13,16968,7518.009050544517,1.5631966811528155,early,0.5369160488546397,15,10,none,0
Plmb7c0pNdo,UCrzFIb07hYMhMguR1G0ZtOw,time,3,2.9994,29,11610.16,16968,7503.867964627458,1.5472228143562639,early,0.46686964855378,15,10,none,0
Plmb7c0pNdo,UCrzFIb07hYMhMguR1G0ZtOw,time,5,4.9994,29,10690.59,16968,7481.999999999997,1.428840918214789,likely,0.36040459930271856,15,9,none,0
Plmb7c0pNdo,UCrzFIb07hYMhMguR1G0ZtOw,time,7,6.9994,29,11967.57,16968,7481.999999999997,1.5995145288985155,likely,0.3629369190237464,15,9,none,0
Plmb7c0pNdo,UCrzFIb07hYMhMguR1G0ZtOw,time,14,13.9994,29,18065.59,16968,7481.999999999997,2.414540581703559,confirmed,0.4615301836160251,15,6,none,0
ndrlQAvs6ns,UCEh_IoMVGA7NPsx6-2H8Bqw,time,14,13.2451,28,1225.07,1260,1195.278931251633,1.0249211011172352,confirmed,0.11643284043466028,15,15,none,0
y_xPfoRBHFc,UCHu2KNu6TtJ0p4hpSW7Yv7Q,time,1,0.9601,27,231479.00,240942,223300.99999999988,1.0366232162522686,early,,15,10,none,0
y_xPfoRBHFc,UCHu2KNu6TtJ0p4hpSW7Yv7Q,time,2,1.9601,27,213058.61,240942,223300.99999999988,0.9541319120458182,early,0.5943325058399139,15,10,none,0
y_xPfoRBHFc,UCHu2KNu6TtJ0p4hpSW7Yv7Q,time,3,2.9601,27,239080.10,240942,223300.99999999988,1.0706629385734447,early,0.5168532135540463,15,10,none,0
y_xPfoRBHFc,UCHu2KNu6TtJ0p4hpSW7Yv7Q,time,5,4.9601,27,266726.87,240942,223300.99999999988,1.19447235739588,likely,0.5009939802132106,15,10,none,0
y_xPfoRBHFc,UCHu2KNu6TtJ0p4hpSW7Yv7Q,time,7,6.9601,27,232520.02,240942,223300.99999999988,1.0412851854411913,likely,0.459480692780974,15,10,none,0
y_xPfoRBHFc,UCHu2KNu6TtJ0p4hpSW7Yv7Q,time,14,14.9601,27,270873.88,240942,223300.99999999988,1.2130437458812864,confirmed,0.39642196174338407,15,8,none,0
dvuKqGfX52M,UC_wSuaxwUYsJOBZDWwHIQZg,time,0.5,0.6179,27,35149.36,48122,59218.00000000002,0.5935587070043581,early,,14,8,none,0
dvuKqGfX52M,UC_wSuaxwUYsJOBZDWwHIQZg,time,1,0.6179,27,35149.36,48122,59218.00000000002,0.5935587070043581,early,,14,8,none,0
dvuKqGfX52M,UC_wSuaxwUYsJOBZDWwHIQZg,time,2,1.6179,27,55152.77,48122,58450,0.943588914439885,early,1.0997300332629942,15,9,none,0
dvuKqGfX52M,UC_wSuaxwUYsJOBZDWwHIQZg,time,3,2.6179,27,46998.95,48122,58450,0.8040880947558264,early,0.8720066513822954,15,8,none,0
dvuKqGfX52M,UC_wSuaxwUYsJOBZDWwHIQZg,time,5,4.6179,27,49566.23,48122,58450,0.8480107848159597,likely,0.7110452593320682,15,8,none,0
dvuKqGfX52M,UC_wSuaxwUYsJOBZDWwHIQZg,time,7,6.6179,27,49442.31,48122,58450,0.8458907312130742,likely,0.6450591635567768,15,8,none,0
dvuKqGfX52M,UC_wSuaxwUYsJOBZDWwHIQZg,time,14,12.6179,27,54526.73,48122,58450,0.9328781657220543,confirmed,0.5308266420339941,15,7,none,0
UW4quI0Wv2k,UCcTiu6qN0sm433gR8wjoVCA,time,5,6.9583,30,6234.71,6327,,,insufficient,,0,0,none,0
UW4quI0Wv2k,UCcTiu6qN0sm433gR8wjoVCA,time,7,6.9583,30,6234.71,6327,,,insufficient,,0,0,none,0
UW4quI0Wv2k,UCcTiu6qN0sm433gR8wjoVCA,time,14,13.9583,30,5980.51,6327,,,insufficient,0.16923069009121125,0,0,none,0
aZycIUtsObg,UCB0rRESYOIUs1Jd2RnJhOXg,heldout,5,6.8005,29,12.59,22,,,insufficient,,0,0,none,0
aZycIUtsObg,UCB0rRESYOIUs1Jd2RnJhOXg,time,5,6.8005,29,12.59,22,,,insufficient,,0,0,none,0
aZycIUtsObg,UCB0rRESYOIUs1Jd2RnJhOXg,heldout,7,6.8005,29,12.59,22,,,insufficient,,0,0,none,0
aZycIUtsObg,UCB0rRESYOIUs1Jd2RnJhOXg,time,7,6.8005,29,12.59,22,,,insufficient,,0,0,none,0
aZycIUtsObg,UCB0rRESYOIUs1Jd2RnJhOXg,heldout,14,13.8005,29,11.94,22,,,insufficient,0.14881178558122665,0,0,none,0
aZycIUtsObg,UCB0rRESYOIUs1Jd2RnJhOXg,time,14,13.8005,29,11.94,22,,,insufficient,0.14881178558122665,0,0,none,0
5j10v0wht2g,UCgCsMxVCJs0TSqAIlBxiT7g,time,1,0.8152,27,8352.59,6332,5756.593654036632,1.4509597904748783,early,,15,12,none,0
5j10v0wht2g,UCgCsMxVCJs0TSqAIlBxiT7g,time,2,1.8152,27,6746.22,6332,5756.593654036632,1.171912623346555,early,0.4901628745124599,15,12,none,0
5j10v0wht2g,UCgCsMxVCJs0TSqAIlBxiT7g,time,3,2.8152,27,5927.10,6332,5756.593654036632,1.0296189815747179,early,0.39731568449726806,15,12,none,0
5j10v0wht2g,UCgCsMxVCJs0TSqAIlBxiT7g,time,5,4.8152,27,5747.88,6332,5922.448149355424,0.9705238190069116,likely,0.3646602229160029,15,11,none,0
5j10v0wht2g,UCgCsMxVCJs0TSqAIlBxiT7g,time,7,6.8152,27,6586.03,6332,6070.928440460664,1.084846920461488,likely,0.36804597748958073,15,11,none,0
5j10v0wht2g,UCgCsMxVCJs0TSqAIlBxiT7g,time,14,12.8152,27,6799.54,6332,6409.166369184882,1.0609085059485004,confirmed,0.31555830536648644,15,10,none,0
6CVxv685hK0,UCNMZWa1QP42jHrmmzayFEeg,time,14,12.7101,27,5355.21,5888,7399.1040435381465,0.7237650760045125,confirmed,0.1573455745334789,15,15,none,0
A1i-ZbNGw9M,UCwrJa8xO9xRzZUOf9Q1c7kw,time,14,12.8654,27,17476.03,18213,16720.06442733637,1.045212889473428,confirmed,0.2670371017812713,15,14,none,0
YsQ3hsMVrK4,UCOCsRROSlsrA31YJgCah32A,heldout,14,12.5828,31,21034.43,37866,13479.322684104653,1.5604960871065354,confirmed,,15,12,none,0
8RlLlCWFt1g,UCq_2n18CJaRVGxEfxtCfI-Q,time,3,3.8443,27,170733.87,126419,120906.89759690904,1.4121102566792572,likely,,15,15,none,0
8RlLlCWFt1g,UCq_2n18CJaRVGxEfxtCfI-Q,time,5,4.8443,27,127141.77,126419,120125.69875910896,1.0584060543073168,likely,0.18441903000502852,15,15,none,0
8RlLlCWFt1g,UCq_2n18CJaRVGxEfxtCfI-Q,time,7,6.8443,27,129036.69,126419,118298.46408830534,1.0907723611857725,likely,0.1788611614198124,15,15,none,0
8RlLlCWFt1g,UCq_2n18CJaRVGxEfxtCfI-Q,time,14,12.8443,27,127275.63,126419,113173.39309203817,1.1246073718813425,confirmed,0.12753415046658526,15,14,none,0
ZE2XupnAcoE,UCEDLeLo3HNQZiJOTR2svg2A,time,5,5.4662,27,7743.78,8650,,,insufficient,,0,0,none,0
ZE2XupnAcoE,UCEDLeLo3HNQZiJOTR2svg2A,time,7,6.4662,27,8483.01,8650,,,insufficient,0.5582288369499724,0,0,none,0
ZE2XupnAcoE,UCEDLeLo3HNQZiJOTR2svg2A,time,14,13.4662,27,8706.08,8650,,,insufficient,0.3342679228803372,0,0,none,0
0tAnnZ0U0fA,UCGpsgNbzdF7BECCVbB1COHw,time,14,13.0633,27,6258.23,6086,9130.045618462062,0.6854545453786187,confirmed,0.24960776907929683,15,15,none,0
3wT9uNRk3AM,UCdJ9oJ2GUF8Vmb-G63ldGWg,time,5,5.7329,28,492857.79,740388,,,insufficient,,0,0,none,0
3wT9uNRk3AM,UCdJ9oJ2GUF8Vmb-G63ldGWg,time,7,7.7329,28,719215.74,740388,144889.77351105277,4.963881975818114,confirmed,0.7531234031340762,15,15,none,0
3wT9uNRk3AM,UCdJ9oJ2GUF8Vmb-G63ldGWg,time,14,13.7329,28,602134.87,740388,144447.49054866107,4.168538090577039,confirmed,0.44988211897732944,15,15,none,0
CmkkuCfZJbc,UCfJT_eYDTmDE-ovKaxVE1ig,time,5,4.7914,27,262922.67,252086,,,insufficient,,0,0,none,0
CmkkuCfZJbc,UCfJT_eYDTmDE-ovKaxVE1ig,time,7,6.7914,27,274099.82,252086,,,insufficient,0.37426447685822545,0,0,none,0
CmkkuCfZJbc,UCfJT_eYDTmDE-ovKaxVE1ig,time,14,15.7914,27,262308.82,252086,,,insufficient,0.2093385334871405,0,0,none,0
TaBgZnScmY4,UC4eYXhJI4-7wSWc8UNRwD4A,time,5,5.1245,28,278089.32,311773,,,insufficient,,1,1,none,0
TaBgZnScmY4,UC4eYXhJI4-7wSWc8UNRwD4A,time,7,6.1245,28,275318.94,311773,,,insufficient,0.39261641551364845,1,1,none,0
TaBgZnScmY4,UC4eYXhJI4-7wSWc8UNRwD4A,time,14,12.1245,28,286394.13,311773,,,insufficient,0.2936415386789254,1,1,none,0
SqtF-D4tPuI,UCwSozl89jl2zUDzQ4jGJD3g,time,14,14.7228,28,58640.29,57821,26850.629928628892,2.1839446314235453,confirmed,0.1537513550895494,15,14,none,0
4HYm1xo7PAg,UCZPqG0yh_xPm2AyLjffbDvw,heldout,5,4.8332,30,73351.73,91935,64097.674773097315,1.1443742220720616,likely,,15,13,none,0
4HYm1xo7PAg,UCZPqG0yh_xPm2AyLjffbDvw,heldout,7,7.8332,30,81123.99,91935,64126.57820683566,1.2650602654103364,confirmed,0.40993962993431077,15,13,none,0
4HYm1xo7PAg,UCZPqG0yh_xPm2AyLjffbDvw,heldout,14,13.8332,30,87025.41,91935,66353.53507137905,1.3115414706808373,confirmed,0.3287106740131436,15,11,none,0
AQF4eteGhck,UC1usuCeFHj1tQikOJ00SWyA,time,2,2.3332,29,2769.84,2811,1307.8892864338113,2.1177963439357357,early,,15,15,none,0
AQF4eteGhck,UC1usuCeFHj1tQikOJ00SWyA,time,3,3.3332,29,2270.70,2811,1307.8892864338113,1.7361549735249484,likely,0.3369853270150382,15,15,none,0
AQF4eteGhck,UC1usuCeFHj1tQikOJ00SWyA,time,5,5.3332,29,2254.86,2811,1314.8726099522726,1.7148915653962846,likely,0.2598557103552483,15,15,none,0
AQF4eteGhck,UC1usuCeFHj1tQikOJ00SWyA,time,7,7.3332,29,2344.68,2811,1314.8726099522726,1.783202735171901,confirmed,0.2927637025640874,15,15,none,0
AQF4eteGhck,UC1usuCeFHj1tQikOJ00SWyA,time,14,14.3332,29,2531.28,2811,1348.599462005414,1.8769702129693762,confirmed,0.27679558040077473,15,15,none,0
71x1nlEsfKk,UC6QNjBn6KMq5-pe3OE11zZg,heldout,1,0.8332,31,34501.54,22671,10312.872457212838,3.345483333877763,early,,10,8,none,0
71x1nlEsfKk,UC6QNjBn6KMq5-pe3OE11zZg,heldout,2,1.8332,31,19893.23,22671,10796.580893732216,1.8425493902311736,early,0.1263811930128522,15,12,none,0
71x1nlEsfKk,UC6QNjBn6KMq5-pe3OE11zZg,heldout,3,2.8332,31,19106.07,22671,10811.000000000007,1.7672803332709968,early,0.2225204869583923,15,11,none,0
71x1nlEsfKk,UC6QNjBn6KMq5-pe3OE11zZg,heldout,5,4.8332,31,19511.40,22671,10811.000000000007,1.8047732498856006,likely,0.23751622255216712,15,11,none,0
71x1nlEsfKk,UC6QNjBn6KMq5-pe3OE11zZg,heldout,7,7.8332,31,22683.43,22671,10811.000000000007,2.098180610385687,confirmed,0.23312518169733937,15,11,none,0
71x1nlEsfKk,UC6QNjBn6KMq5-pe3OE11zZg,heldout,14,14.8332,31,21521.47,22671,10811.000000000007,1.9907007980091256,confirmed,0.21382690861938897,15,8,none,0
jqIWEE0q2UQ,UC4MndkrWaqQF1uZ5-kO3t6Q,time,5,6.7370,28,26.44,98,,,insufficient,,1,1,none,0
jqIWEE0q2UQ,UC4MndkrWaqQF1uZ5-kO3t6Q,time,7,6.7370,28,26.44,98,,,insufficient,,1,1,none,0
jqIWEE0q2UQ,UC4MndkrWaqQF1uZ5-kO3t6Q,time,14,13.7370,28,60.78,98,,,insufficient,1.2829679012714383,1,1,none,0
VKoewh7wlb8,UCthfI4-SrAfqxLVngitqA4Q,time,14,13.8327,29,1257.24,1500,264.1149404216316,4.760215208264083,confirmed,0.31857161213586893,15,15,none,0
RP9UUtdx6as,UCRQc4NTDrz0Qncp7zx3YM1g,time,14,14.0621,29,23721.94,25871,6791.999999999998,3.492630031760254,confirmed,0.3180870316614419,15,11,none,0
oeIcQIBkxig,UCPDis9pjXuqyI7RYLJ-TTSA,heldout,14,12.9571,29,1224842.42,1737993,1269107.2015651595,0.965121324286739,confirmed,0.42886237516394254,15,12,none,0
oeIcQIBkxig,UCPDis9pjXuqyI7RYLJ-TTSA,time,14,12.9571,29,1224842.42,1737993,1269107.2015651595,0.965121324286739,confirmed,0.42886237516394254,15,12,none,0
cQwB_Kiv58M,UC1mTmeM4xNp6FjyLTr8kGww,time,14,14.5412,29,16260.82,16024,16033.336798401175,1.0141881818601115,confirmed,0.04767162220908171,15,11,none,0
nf4FKyRwD1s,UCCZLVYAGIoGvaFUrTyyeaXA,time,5,4.9164,27,28537.08,27321,11190.756846285816,2.550057934604937,likely,,7,7,none,0
nf4FKyRwD1s,UCCZLVYAGIoGvaFUrTyyeaXA,time,7,6.9164,27,33551.27,27321,10729.690547015802,3.1269560070560347,likely,0.5184184675707033,7,7,none,0
nf4FKyRwD1s,UCCZLVYAGIoGvaFUrTyyeaXA,time,14,12.9164,27,29025.21,27321,9774.530564164941,2.9694731861180266,confirmed,0.24708804529902667,7,7,none,0
cC-J0ZCUH28,UC67dKTEwpAhKv2oYDATwR8g,time,1,0.9118,28,16532.16,13066,44619.45318265555,0.3705145537177838,early,,15,9,none,0
cC-J0ZCUH28,UC67dKTEwpAhKv2oYDATwR8g,time,2,1.9118,28,12940.08,13066,44658.999999999985,0.2897529462465024,early,0.3823567888667621,15,8,none,0
cC-J0ZCUH28,UC67dKTEwpAhKv2oYDATwR8g,time,3,2.9118,28,11480.20,13066,44658.999999999985,0.2570634610818454,early,0.359240500854155,15,8,none,0
cC-J0ZCUH28,UC67dKTEwpAhKv2oYDATwR8g,time,5,4.9118,28,11682.55,13066,44658.999999999985,0.26159449887401215,likely,0.31616340194607867,15,8,none,0
cC-J0ZCUH28,UC67dKTEwpAhKv2oYDATwR8g,time,7,6.9118,28,12801.40,13066,44658.999999999985,0.2866476250119484,likely,0.3023430323508245,15,8,none,0
cC-J0ZCUH28,UC67dKTEwpAhKv2oYDATwR8g,time,14,13.9118,28,13084.73,13066,44658.999999999985,0.29299207171074393,confirmed,0.27040166687735273,15,7,none,0
-Z2KjOUcvTA,UC7cs8q-gJRlGwj4A8OmCmXg,time,1,1.8945,27,4233.26,3147,3965.9152845900308,1.067411177237176,early,,15,13,none,0
-Z2KjOUcvTA,UC7cs8q-gJRlGwj4A8OmCmXg,time,2,1.8945,27,4233.26,3147,3965.9152845900308,1.067411177237176,early,,15,13,none,0
-Z2KjOUcvTA,UC7cs8q-gJRlGwj4A8OmCmXg,time,3,2.8945,27,3011.95,3147,3904.0093788717368,0.7715026867065201,early,0.21469250896617528,15,13,none,0
-Z2KjOUcvTA,UC7cs8q-gJRlGwj4A8OmCmXg,time,5,4.8945,27,3081.77,3147,3805.516381747574,0.8098160988644773,likely,0.24805437090242616,15,13,none,0
-Z2KjOUcvTA,UC7cs8q-gJRlGwj4A8OmCmXg,time,7,6.8945,27,3583.57,3147,3742.2723165226653,0.9575915274256359,likely,0.26739394896232355,15,13,none,0
-Z2KjOUcvTA,UC7cs8q-gJRlGwj4A8OmCmXg,time,14,12.8945,27,3314.30,3147,3602.8033234643576,0.9199238775838878,confirmed,0.19031959720609926,15,10,none,0
rHIUKM0SDhE,UCloEmVCpDUoPHyi5qU940TQ,time,0.5,0.5012,28,664.92,1853,492.3414499398456,1.350519212396228,early,,15,12,none,0
rHIUKM0SDhE,UCloEmVCpDUoPHyi5qU940TQ,time,1,0.5012,28,664.92,1853,492.3414499398456,1.350519212396228,early,,15,12,none,0
rHIUKM0SDhE,UCloEmVCpDUoPHyi5qU940TQ,time,2,2.5012,28,1074.14,1853,499.7950123629001,2.149164652979554,early,1.0347322303231368,15,12,none,0
rHIUKM0SDhE,UCloEmVCpDUoPHyi5qU940TQ,time,3,2.5012,28,1074.14,1853,499.7950123629001,2.149164652979554,early,1.0347322303231368,15,12,none,0
rHIUKM0SDhE,UCloEmVCpDUoPHyi5qU940TQ,time,5,4.5012,28,1320.98,1853,515.0000000000001,2.5650075555659377,likely,0.8372768326751117,15,11,none,0
rHIUKM0SDhE,UCloEmVCpDUoPHyi5qU940TQ,time,7,6.5012,28,1461.99,1853,515.0000000000001,2.838815001101122,likely,0.7991641838211357,15,11,none,0
rHIUKM0SDhE,UCloEmVCpDUoPHyi5qU940TQ,time,14,13.5012,28,1640.04,1853,515.0000000000001,3.1845440422256464,confirmed,0.7789856523121829,15,9,none,0
swE9ey6sJjw,UCDNHPNeWScAC8h8IxtEBtkQ,time,1,1.0822,29,141050.24,84885,70252.1002763015,2.007772566055911,early,1.7339665051217996,15,13,none,0
swE9ey6sJjw,UCDNHPNeWScAC8h8IxtEBtkQ,time,2,2.0822,29,165774.88,84885,70021.32421825596,2.36749131723259,early,1.217449844434336,15,12,none,0
swE9ey6sJjw,UCDNHPNeWScAC8h8IxtEBtkQ,time,3,3.0822,29,153311.27,84885,69799.95188301841,2.1964380638868355,likely,1.004117721646445,15,12,none,0
swE9ey6sJjw,UCDNHPNeWScAC8h8IxtEBtkQ,time,5,5.0822,29,128201.56,84885,69396.25114458012,1.847384479578621,likely,0.799512177797247,15,11,none,0
swE9ey6sJjw,UCDNHPNeWScAC8h8IxtEBtkQ,time,7,7.0822,29,118471.56,84885,68607.66166643485,1.72679787674722,confirmed,0.7082310077693438,15,10,none,0
swE9ey6sJjw,UCDNHPNeWScAC8h8IxtEBtkQ,time,14,13.0822,29,98771.42,84885,67764,1.4575794931383605,confirmed,0.5710385011982971,15,7,none,0
mrEek21gC9E,UCYzrlZP_m1cV51q9GGDHCMg,heldout,5,4.7745,30,121.02,89,,,insufficient,,2,2,none,0
mrEek21gC9E,UCYzrlZP_m1cV51q9GGDHCMg,heldout,7,7.7745,30,97.84,89,204.23273819966627,0.47906547357558005,confirmed,0,15,15,none,0
mrEek21gC9E,UCYzrlZP_m1cV51q9GGDHCMg,heldout,14,14.7745,30,92.01,89,191.03670297724761,0.48163112049957046,confirmed,0,15,15,none,0
z9ri8lnSRRQ,UCkqcY4CAuBFNFho6JgygCnA,heldout,14,14.1386,29,39617.17,35487,40640.98287425905,0.9748084095003431,confirmed,0.5888130181996698,15,13,none,0
z9ri8lnSRRQ,UCkqcY4CAuBFNFho6JgygCnA,time,14,14.1386,29,39617.17,35487,40640.98287425905,0.9748084095003431,confirmed,0.5888130181996698,15,13,none,0
yHGjW2oAP2E,UCYzz2SkhAaM0FDKuGk-IPZg,time,3,3.0830,28,40015.80,30117,10905.803419956857,3.669220765791541,likely,,15,14,none,0
yHGjW2oAP2E,UCYzz2SkhAaM0FDKuGk-IPZg,time,5,5.0830,28,30283.91,30117,10905.803419956857,2.7768615786029014,likely,0.12730962839108942,15,14,none,0
yHGjW2oAP2E,UCYzz2SkhAaM0FDKuGk-IPZg,time,7,7.0830,28,30418.61,30117,10808.88868044182,2.8142219151196715,confirmed,0.13470990812843445,15,14,none,0
yHGjW2oAP2E,UCYzz2SkhAaM0FDKuGk-IPZg,time,14,13.0830,28,29569.08,30117,10653.17421967148,2.7756117763541064,confirmed,0.10105946673448708,15,13,none,0
IhhDzzHwAOg,UCnwlWgbcxwpsnB7LtOL1kPg,time,14,15.0571,27,11418.45,11842,6957.384204214639,1.6411983887542936,confirmed,0.0838993500736106,15,15,none,0
tNeSpSkidyc,UCfuz9Iw2mqdDIYQxCABWAnw,time,5,4.0681,27,133.26,155,,,insufficient,,0,0,none,0
tNeSpSkidyc,UCfuz9Iw2mqdDIYQxCABWAnw,time,7,7.0681,27,111.03,155,,,insufficient,0.06485242759640664,0,0,none,0
tNeSpSkidyc,UCfuz9Iw2mqdDIYQxCABWAnw,time,14,15.0681,27,142.18,155,,,insufficient,0.22465362733357203,0,0,none,0
C9Pp7Y7Ixm8,UCxmSA11SbI_3yBcHu6pKi_Q,time,7,8.7919,27,6139.00,5714,18722.76913233446,0.32788960728100586,confirmed,,10,9,none,0
C9Pp7Y7Ixm8,UCxmSA11SbI_3yBcHu6pKi_Q,time,14,12.7919,27,5936.92,5714,20526.33300323484,0.28923447508809086,confirmed,0.24568259557692945,15,12,none,0
OCluUTaAB9g,UCq6YaxJHA-t4bYBHHvaoZ8w,heldout,5,5.5830,31,8627.62,6898,9296.160851357248,0.9280836908620806,likely,,13,12,none,0
OCluUTaAB9g,UCq6YaxJHA-t4bYBHHvaoZ8w,heldout,7,5.5830,31,8627.62,6898,9296.160851357248,0.9280836908620806,likely,,13,12,none,0
Qi07yb1S6Ps,UC70SrI3VkT1MXALRtf0pcHg,time,1,0.8477,27,74127.21,43060,71916.59187384318,1.030738622170376,early,,13,13,none,0
Qi07yb1S6Ps,UC70SrI3VkT1MXALRtf0pcHg,time,2,1.8477,27,53297.63,43060,70861.26223577594,0.7521405860318368,early,0.40854482753585764,15,15,none,0
Qi07yb1S6Ps,UC70SrI3VkT1MXALRtf0pcHg,time,3,2.8477,27,49759.01,43060,69780.26357688408,0.7130814618394524,early,0.32659594299305594,15,15,none,0
Qi07yb1S6Ps,UC70SrI3VkT1MXALRtf0pcHg,time,5,4.8477,27,49509.14,43060,67940.66732194962,0.7287113774602912,likely,0.2776748201906878,15,15,none,0
Qi07yb1S6Ps,UC70SrI3VkT1MXALRtf0pcHg,time,7,7.8477,27,50214.72,43060,66639.31452522025,0.7535299605881508,confirmed,0.25313896298030836,15,15,none,0
Qi07yb1S6Ps,UC70SrI3VkT1MXALRtf0pcHg,time,14,12.8477,27,45996.43,43060,63926.74492621216,0.7195177542778053,confirmed,0.20708054055906772,15,15,none,0
W8iV_m3QQ-4,UCWK4FbIkCfSNoscMXWbCxAg,time,3,3.7911,27,77807.09,66963,50951.50087237943,1.5270814408282332,likely,,4,4,none,0
W8iV_m3QQ-4,UCWK4FbIkCfSNoscMXWbCxAg,time,5,4.7911,27,66976.28,66963,50757.064738619854,1.3195460519276514,likely,0.3066402110562041,15,14,none,0
W8iV_m3QQ-4,UCWK4FbIkCfSNoscMXWbCxAg,time,7,6.7911,27,67505.86,66963,50934.23996292005,1.3253532479438233,likely,0.264101252720809,15,14,none,0
W8iV_m3QQ-4,UCWK4FbIkCfSNoscMXWbCxAg,time,14,15.7911,27,68329.18,66963,51146.156826248625,1.3359591372226902,confirmed,0.19847531190883344,15,12,none,0
ckxTb0gafok,UCsQLTECz1bCA56JIryaw-lA,heldout,1,1.8743,30,327108.76,415552,331592.2345776973,0.9864789432578668,early,,15,15,none,0
ckxTb0gafok,UCsQLTECz1bCA56JIryaw-lA,heldout,2,1.8743,30,327108.76,415552,331592.2345776973,0.9864789432578668,early,,15,15,none,0
ckxTb0gafok,UCsQLTECz1bCA56JIryaw-lA,heldout,3,2.8743,30,230475.60,415552,330448.0515132357,0.6974639320959819,early,0.18069284607106334,15,14,none,0
ckxTb0gafok,UCsQLTECz1bCA56JIryaw-lA,heldout,5,4.8743,30,340105.71,415552,330027.30072375585,1.0305381008290981,likely,0.4713976275320813,15,14,none,0
ckxTb0gafok,UCsQLTECz1bCA56JIryaw-lA,heldout,7,6.8743,30,346338.58,415552,330027.30072375585,1.0494240262450694,likely,0.4411765281673385,15,14,none,0
ckxTb0gafok,UCsQLTECz1bCA56JIryaw-lA,heldout,14,13.8743,30,376220.71,415552,328360.202247738,1.1457561041191644,confirmed,0.371093331583117,15,13,none,0
NPX47g74DuI,UC1cbIkRS5-QfXfgKij2n11Q,time,14,13.7913,29,216.07,226,446.4164986251145,0.4840022692398319,confirmed,0.1068224282031687,15,15,none,0
h2eURoPn7uU,UCzaZ1sPWEuZN-I8_XT6AH8g,time,14,14.9159,29,15771.15,17385,14163.497158570128,1.1135067681912443,confirmed,0.3534579725517043,15,14,none,0
CSBM2b8LYKA,UCsvqVGtbbyHaMoevxPAq9Fg,time,14,14.7643,29,7755.65,7779,5480.099698016113,1.41523952407878,confirmed,0.05115787693451971,15,15,none,0
HccuMt_GNmk,UC3lJL1pUvQ2Ih2qZ-4ozrLw,time,5,6.9788,27,104.52,115,,,insufficient,,1,1,none,0
HccuMt_GNmk,UC3lJL1pUvQ2Ih2qZ-4ozrLw,time,7,6.9788,27,104.52,115,,,insufficient,,1,1,none,0
HccuMt_GNmk,UC3lJL1pUvQ2Ih2qZ-4ozrLw,time,14,14.9788,27,108.60,115,3605.086345532243,0.030122836431582277,confirmed,0.22444344155127957,12,12,none,0
TcOMMjmKiYA,UCkLxJCuQZ4hStBfs8TCnT9Q,time,14,13.8538,28,4012.22,4145,14713.958936755269,0.2726813601499931,confirmed,0.08766063269516813,15,15,none,0
_YeH0nwcoPM,UC6y_DbpezOinlzHv8O092zw,time,14,13.8604,28,82712.40,87150,62156.02810697475,1.3307220824157402,confirmed,0.359361834184744,15,15,none,0
0TDI7Rg0Nns,UCWyL3FzhX0CaxgkOMTQMa0A,time,14,13.7916,29,103462.31,111319,11553.38523165819,8.955151451370334,confirmed,,15,14,none,0
48TlRDENkfc,UC4XsiyKOEWxdW0jpNyKsNEw,heldout,14,11.3080,32,55.41,83,133.247156388253,0.41581565865147396,confirmed,,11,11,none,0
BvCFmUZBigA,UCWQCCIq-BBbXCdtjwZvW9jA,time,1,0.9164,27,2122.03,5334,22241.679376718595,0.09540785267470638,early,,15,15,none,0
BvCFmUZBigA,UCWQCCIq-BBbXCdtjwZvW9jA,time,2,1.9164,27,2788.01,5334,22241.679376718595,0.12535068302490132,early,1.0485757872931176,15,15,none,0
BvCFmUZBigA,UCWQCCIq-BBbXCdtjwZvW9jA,time,3,2.9164,27,4024.82,5334,22241.679376718595,0.18095855076864348,early,1.0564983017191203,15,15,none,0
BvCFmUZBigA,UCWQCCIq-BBbXCdtjwZvW9jA,time,5,4.9164,27,4717.48,5334,22324.382034830418,0.21131510435358877,likely,0.9313918876662997,15,15,none,0
BvCFmUZBigA,UCWQCCIq-BBbXCdtjwZvW9jA,time,7,6.9164,27,5009.64,5334,22324.382034830418,0.22440231470176805,likely,0.8779105090130339,15,15,none,0
BvCFmUZBigA,UCWQCCIq-BBbXCdtjwZvW9jA,time,14,12.9164,27,4968.61,5334,22392.856278643452,0.2218835842088716,confirmed,0.7517396925403275,15,15,none,0
c8BwMOA8Kp0,UCZEEC1w4jP1cV2dibuDFwIQ,time,3,3.8645,27,45477.98,55674,12147.000000000007,3.7439678718597245,likely,,15,14,none,0
c8BwMOA8Kp0,UCZEEC1w4jP1cV2dibuDFwIQ,time,5,4.8645,27,62221.79,55674,12147.000000000007,5.122400104472719,likely,0.8010764519308526,15,13,none,0
c8BwMOA8Kp0,UCZEEC1w4jP1cV2dibuDFwIQ,time,7,6.8645,27,65642.47,55674,12147.000000000007,5.404006993693288,likely,0.7047498448231112,15,12,none,0
c8BwMOA8Kp0,UCZEEC1w4jP1cV2dibuDFwIQ,time,14,15.8645,27,56958.58,55674,12147.000000000007,4.689106554273532,confirmed,0.4269070271531053,15,8,none,0
aWwMLpA5Gas,UCS7BAYpqOSaYy-pZp6oO4PA,time,7,7.8006,27,22902.57,18269,14006.11933962889,1.6351829797711386,confirmed,,15,15,none,0
aWwMLpA5Gas,UCS7BAYpqOSaYy-pZp6oO4PA,time,14,12.8006,27,18825.71,18269,13395.986650022494,1.4053244049165652,confirmed,0.0028091963878159455,15,15,none,0
vUcrW80cgHo,UCGpsgNbzdF7BECCVbB1COHw,time,14,14.0083,29,1282.96,1246,6790.08804586738,0.18894600958296093,confirmed,0.0104157750174699,15,15,none,0
4sIxpzkFyRU,UCBhPkAuGks2UkizNMbtW6uw,time,5,5.3321,27,44.48,50,109.84769174916183,0.40493780914803934,likely,0,3,3,none,0
4sIxpzkFyRU,UCBhPkAuGks2UkizNMbtW6uw,time,7,7.3321,27,46.17,50,101.11819044683187,0.45661505549770104,confirmed,0.16602250292495402,3,3,none,0
4sIxpzkFyRU,UCBhPkAuGks2UkizNMbtW6uw,time,14,15.3321,27,53.19,50,94.0666843103068,0.5654912454169887,confirmed,0.20391299632806553,3,3,none,0
hN5vkxH2BBI,UCs7_DmeDzs0C8HkwucWRNTA,time,3,3.0407,29,10091.95,11089,,,insufficient,,1,1,none,0
hN5vkxH2BBI,UCs7_DmeDzs0C8HkwucWRNTA,time,5,5.0407,29,10365.13,11089,14180.562432655943,0.7309395736115447,likely,0.39844328407360396,15,13,none,0
hN5vkxH2BBI,UCs7_DmeDzs0C8HkwucWRNTA,time,7,7.0407,29,10939.08,11089,14173.205564261309,0.7718139349888798,confirmed,0.4412439198386009,15,11,none,0
hN5vkxH2BBI,UCs7_DmeDzs0C8HkwucWRNTA,time,14,12.0407,29,11138.97,11089,13911.55337382057,0.8006989325855088,confirmed,0.34512232903378365,15,9,none,0
I1G0PGxQ9RY,UCll3zdukvI1oWlG-F13UCZw,time,1,0.8972,29,5506.72,2638,4472.182627002831,1.231326753541786,early,,15,15,none,0
I1G0PGxQ9RY,UCll3zdukvI1oWlG-F13UCZw,time,2,1.8972,29,3555.57,2638,4461.616943581034,0.7969243952876778,early,0.15925470876276343,15,15,none,0
I1G0PGxQ9RY,UCll3zdukvI1oWlG-F13UCZw,time,3,2.8972,29,3083.07,2638,4461.406980520147,0.6910539159697449,early,0.10324860847636445,15,15,none,0
I1G0PGxQ9RY,UCll3zdukvI1oWlG-F13UCZw,time,5,4.8972,29,2878.75,2638,4498.729283733494,0.639903002680895,likely,0.08425069901128365,15,15,none,0
I1G0PGxQ9RY,UCll3zdukvI1oWlG-F13UCZw,time,7,6.8972,29,2800.01,2638,4511.893261489295,0.620583684708306,likely,0.07335929570983812,15,15,none,0
I1G0PGxQ9RY,UCll3zdukvI1oWlG-F13UCZw,time,14,13.8972,29,2636.95,2638,4607.733201217416,0.5722879089818285,confirmed,0.05720148520903392,15,12,none,0
UknYGN61y98,UC1NVV2D3Jhv2ykmpTwooUwQ,time,5,6.8215,29,2747.75,2312,,,insufficient,,0,0,none,0
UknYGN61y98,UC1NVV2D3Jhv2ykmpTwooUwQ,time,7,6.8215,29,2747.75,2312,,,insufficient,,0,0,none,0
UknYGN61y98,UC1NVV2D3Jhv2ykmpTwooUwQ,time,14,13.8215,29,2362.26,2312,,,insufficient,0.07215915149947155,0,0,none,0
Jg_KwMezX4I,UCammHPYWYI4q3WLbx-TP7GA,time,14,13.7081,29,43982.66,45561,4241.000000000001,10.37082277496965,confirmed,0.21058370580154953,15,11,none,0
hgpodyPrvC4,UCq3o7OGsNqJ8bap2b18p6VA,heldout,1,0.0103,30,3527.56,501,738.0876146573155,4.779327782562174,early,,15,14,none,0
hgpodyPrvC4,UCq3o7OGsNqJ8bap2b18p6VA,heldout,14,15.0103,30,516.61,501,812.1761338858962,0.6360856621254948,confirmed,0.7597713000845998,15,14,none,0
k5jTp7zm3Xo,UC9_p50tH3WmMslWRWKnM7dQ,heldout,1,1.7484,29,144486.01,134838,194503.99999999997,0.7428433776025543,early,,15,12,none,0
k5jTp7zm3Xo,UC9_p50tH3WmMslWRWKnM7dQ,heldout,2,1.7484,29,144486.01,134838,194503.99999999997,0.7428433776025543,early,,15,12,none,0
k5jTp7zm3Xo,UC9_p50tH3WmMslWRWKnM7dQ,heldout,3,3.7484,29,171837.72,134838,194503.99999999997,0.88346627308526,likely,0.56750233570719,15,11,none,0
k5jTp7zm3Xo,UC9_p50tH3WmMslWRWKnM7dQ,heldout,5,4.7484,29,153218.36,134838,194503.99999999997,0.7877388395534018,likely,0.4833485362675006,15,11,none,0
k5jTp7zm3Xo,UC9_p50tH3WmMslWRWKnM7dQ,heldout,7,6.7484,29,148056.22,134838,194503.99999999997,0.7611988547642307,likely,0.39741011631464646,15,11,none,0
k5jTp7zm3Xo,UC9_p50tH3WmMslWRWKnM7dQ,heldout,14,13.7484,29,138130.80,134838,194503.99999999997,0.7101694796125174,confirmed,0.2959090794573545,15,10,none,0
WKsmIp2ggNE,UCEx34P7EmFhvM5FlgKxa2cg,time,5,6.6245,29,16043.26,13616,,,insufficient,,0,0,none,0
WKsmIp2ggNE,UCEx34P7EmFhvM5FlgKxa2cg,time,7,6.6245,29,16043.26,13616,,,insufficient,,0,0,none,0
WKsmIp2ggNE,UCEx34P7EmFhvM5FlgKxa2cg,time,14,13.6245,29,13518.12,13616,,,insufficient,0.03996725680715844,0,0,none,0
B-ZXQcDEDAc,UCnSg7AKhnTGnac-3zGdv5Qg,time,14,13.9165,28,494.84,580,2192.9126171586176,0.22565280857099612,confirmed,0.2887996897175076,15,13,none,0
N8UbjuIMaEg,UCCZLVYAGIoGvaFUrTyyeaXA,time,5,5.0200,28,7694.83,6091,11190.756846285816,0.687605558294627,likely,,6,6,none,0
N8UbjuIMaEg,UCCZLVYAGIoGvaFUrTyyeaXA,time,7,7.0200,28,6380.54,6091,10729.690547015802,0.5946623361774346,confirmed,0.08819952701591768,6,6,none,0
N8UbjuIMaEg,UCCZLVYAGIoGvaFUrTyyeaXA,time,14,13.0200,28,6194.60,6091,9774.530564164941,0.6337489376079265,confirmed,0.06763450304004698,6,6,none,0
Zru8Wo0HKKc,UCCZLVYAGIoGvaFUrTyyeaXA,heldout,7,7.9162,30,39745.47,33731,,,insufficient,,1,1,none,0
Zru8Wo0HKKc,UCCZLVYAGIoGvaFUrTyyeaXA,heldout,14,13.9162,30,33851.12,33731,,,insufficient,0.07144890246292156,1,1,none,0
mRv0WbPMJdU,UCGwAh9NT7iHZlw4zrBueyIw,heldout,14,13.9369,30,210421.87,331877,5961.184931471149,35.29866532050751,confirmed,,15,9,none,0
f24r-FG39wA,UCcilAnkcu67nJwNlgqVKdXw,time,14,15.4522,27,6751.82,7051,9250.999999999995,0.7298478808671109,confirmed,0.10047440629776427,15,9,none,0
5NnV6CZardk,UCTJdHk01ygktpSPfVTQRE6Q,heldout,5,5.6475,30,5770.78,7182,7124.878460128319,0.8099478540590241,likely,,15,15,none,0
5NnV6CZardk,UCTJdHk01ygktpSPfVTQRE6Q,heldout,7,5.6475,30,5770.78,7182,7124.878460128319,0.8099478540590241,likely,,15,15,none,0
5NnV6CZardk,UCTJdHk01ygktpSPfVTQRE6Q,heldout,14,13.6475,30,5974.99,7182,7219.1417048579315,0.8276589894176772,confirmed,0.2900635669492158,15,14,none,0
MB5zIxsVf0w,UCSCydFbXzl_kheTt4XbRLhg,heldout,5,6.9162,30,1067.87,995,2178.8260260274487,0.4901132139016677,likely,,15,11,none,0
MB5zIxsVf0w,UCSCydFbXzl_kheTt4XbRLhg,heldout,7,6.9162,30,1067.87,995,2178.8260260274487,0.4901132139016677,likely,,15,11,none,0
MB5zIxsVf0w,UCSCydFbXzl_kheTt4XbRLhg,heldout,14,13.9162,30,1024.13,995,2212.4349738984392,0.4628960656077041,confirmed,0.18094253556056622,15,9,none,0
Y_KgvdF7g-c,UCI8gcSTo1FowsRJdilsjsZw,heldout,5,4.9575,30,631349.71,519125,45806.282428371975,13.783037605021448,likely,,15,15,none,0
Y_KgvdF7g-c,UCI8gcSTo1FowsRJdilsjsZw,heldout,14,12.9575,30,501229.02,519125,48884.89977406335,10.253248402029826,confirmed,0.05080275183100776,15,15,none,0
oK0K65dF9hE,UCI8gcSTo1FowsRJdilsjsZw,time,1,0.9260,29,29840.46,34711,36328.12925502576,0.8214146885175401,early,,14,14,none,0
oK0K65dF9hE,UCI8gcSTo1FowsRJdilsjsZw,time,2,1.9260,29,27638.60,34711,35478.46996172382,0.7790244720274946,early,0.6008392025641305,15,15,none,0
oK0K65dF9hE,UCI8gcSTo1FowsRJdilsjsZw,time,3,2.9260,29,24155.80,34711,35073.27483979844,0.6887238228733575,early,0.4578189679845896,15,15,none,0
oK0K65dF9hE,UCI8gcSTo1FowsRJdilsjsZw,time,5,4.9260,29,28079.23,34711,34972.42473867781,0.8028963832313545,likely,0.43367764800574465,15,15,none,0
oK0K65dF9hE,UCI8gcSTo1FowsRJdilsjsZw,time,7,6.9260,29,28633.41,34711,34466.45480421547,0.8307617675513507,likely,0.4216191991497639,15,15,none,0
oK0K65dF9hE,UCI8gcSTo1FowsRJdilsjsZw,time,14,14.9260,29,36406.91,34711,34754.113820556726,1.0475568698166005,confirmed,0.4351638647406399,15,15,none,0
a5isoMkmHOQ,UC8wwEsUeTG9cpzvWT5Dsdqw,time,1,1.0417,27,43672.07,45016,23776.384325774758,1.8367833740605883,early,2.1819573964338916,15,12,none,0
a5isoMkmHOQ,UC8wwEsUeTG9cpzvWT5Dsdqw,time,2,2.0417,27,63115.88,45016,23804.279537328497,2.651450769142102,early,1.6933519119434834,15,11,none,0
a5isoMkmHOQ,UC8wwEsUeTG9cpzvWT5Dsdqw,time,3,3.0417,27,63218.16,45016,23756.577103743817,2.6610805297632787,likely,1.4405982804227748,15,11,none,0
a5isoMkmHOQ,UC8wwEsUeTG9cpzvWT5Dsdqw,time,5,4.0417,27,67512.77,45016,23705.68801989717,2.84795658261504,likely,1.3177116530313069,15,11,none,0
a5isoMkmHOQ,UC8wwEsUeTG9cpzvWT5Dsdqw,time,7,7.0417,27,71320.37,45016,23614.72394662078,3.0201653160955657,confirmed,1.090940923064009,15,11,none,0
a5isoMkmHOQ,UC8wwEsUeTG9cpzvWT5Dsdqw,time,14,15.0417,27,60973.92,45016,23690.999999999978,2.573716653579531,confirmed,0.8514061901428419,15,10,none,0
L0yG4EGiY_g,UCnjOBqS_4w-AsjyDr4bQEUg,time,1,0.9162,27,10804.59,10937,6179.000000000004,1.7485990979377874,early,,15,7,none,0
L0yG4EGiY_g,UCnjOBqS_4w-AsjyDr4bQEUg,time,2,1.9162,27,10284.49,10937,6179.000000000004,1.6644264161981013,early,0.6634096500808024,15,7,none,0
L0yG4EGiY_g,UCnjOBqS_4w-AsjyDr4bQEUg,time,3,2.9162,27,10807.83,10937,6179.000000000004,1.7491221882947527,early,0.49639276948172034,15,7,none,0
L0yG4EGiY_g,UCnjOBqS_4w-AsjyDr4bQEUg,time,5,4.9162,27,10522.50,10937,6179.000000000004,1.7029451531829543,likely,0.3916009073726783,15,7,none,0
L0yG4EGiY_g,UCnjOBqS_4w-AsjyDr4bQEUg,time,7,6.9162,27,11261.49,10937,6179.000000000004,1.8225420881754522,likely,0.3651897642978146,15,7,none,0
L0yG4EGiY_g,UCnjOBqS_4w-AsjyDr4bQEUg,time,14,15.9162,27,11882.69,10937,6179.000000000004,1.9230757418469726,confirmed,0.3445289994152575,15,4,none,0
zMrE7h-n6p0,UC3lJL1pUvQ2Ih2qZ-4ozrLw,time,5,6.9783,27,319.86,465,235.65212692328927,1.3573300571648672,likely,,6,6,none,0
zMrE7h-n6p0,UC3lJL1pUvQ2Ih2qZ-4ozrLw,time,7,6.9783,27,319.86,465,235.65212692328927,1.3573300571648672,likely,,6,6,none,0
zMrE7h-n6p0,UC3lJL1pUvQ2Ih2qZ-4ozrLw,time,14,14.9783,27,416.97,465,549.8477789601681,0.7583310423521102,confirmed,0.490133511030205,12,12,none,0
MHoK2X2q3jE,UCnHjOLBTYCC1cbJNW6jVzhg,time,5,5.6247,28,38135.56,34070,19194.825298473526,1.9867622988151583,likely,,15,14,none,0
MHoK2X2q3jE,UCnHjOLBTYCC1cbJNW6jVzhg,time,7,6.6247,28,31809.27,34070,19167.39489120468,1.6595510712113342,likely,0.22196583425588348,15,13,none,0
MHoK2X2q3jE,UCnHjOLBTYCC1cbJNW6jVzhg,time,14,13.6247,28,34786.63,34070,18621.912950212274,1.8680481785459668,confirmed,0.1682815252662544,15,11,none,0
sWvYbdypK_Q,UC1mTmeM4xNp6FjyLTr8kGww,time,14,12.5409,27,14750.42,14732,16382.55238773343,0.9003738722784148,confirmed,0.054945511795983726,15,11,none,0
p6ELIoDO24k,UCeW11HsUiXwnRbPqNlh6fHw,heldout,14,14.4501,29,43999.21,45501,21878.45572806521,2.0110749611583505,confirmed,,15,15,none,0
p6ELIoDO24k,UCeW11HsUiXwnRbPqNlh6fHw,time,14,14.4501,29,43999.21,45501,21878.45572806521,2.0110749611583505,confirmed,,15,15,none,0
b8xXe5ppOcU,UCayab18rVcu2PA685_WZXig,time,14,12.9834,28,1305.96,1280,495.29714432981956,2.6367286932510425,confirmed,0.20317749626716988,15,12,none,0
j4EIPhX4gnQ,UCziz6FiCnkyQ810X7qXFMZw,time,1,0.9515,28,82111.07,86713,53638.88786332202,1.5308123559193152,early,,15,12,none,0
j4EIPhX4gnQ,UCziz6FiCnkyQ810X7qXFMZw,time,2,1.9515,28,96022.87,86713,53794.724058407744,1.7849867867624714,early,0.7827920587840047,15,12,none,0
j4EIPhX4gnQ,UCziz6FiCnkyQ810X7qXFMZw,time,3,2.9515,28,96593.60,86713,54076.901532918404,1.7862266311805417,early,0.6703199496612454,15,12,none,0
j4EIPhX4gnQ,UCziz6FiCnkyQ810X7qXFMZw,time,5,4.9515,28,101398.95,86713,54331.99952064431,1.866284245424569,likely,0.5844099223453681,15,12,none,0
j4EIPhX4gnQ,UCziz6FiCnkyQ810X7qXFMZw,time,7,6.9515,28,99519.72,86713,54930.28996491914,1.8117457307520362,likely,0.5337174621261497,15,12,none,0
j4EIPhX4gnQ,UCziz6FiCnkyQ810X7qXFMZw,time,14,12.9515,28,99338.24,86713,56861.999999999956,1.7470056845214883,confirmed,0.4329816056281049,15,11,none,0
95CPy2MANY0,UCh7mi5sI3BSzKReLzXpgimA,time,7,7.3450,29,70.52,57,55.142465217393585,1.2788657685643896,confirmed,,15,13,none,0
95CPy2MANY0,UCh7mi5sI3BSzKReLzXpgimA,time,14,14.3450,29,58.93,57,54.056373006478566,1.0901074345350237,confirmed,0.029057309359739342,15,10,none,0
cq_KlaguVGM,UCZ7yH-kLdFj7HNo2Dcs6FnQ,time,3,3.9991,29,301.25,332,239.94452586020424,1.2555075436452252,likely,,12,11,none,0
cq_KlaguVGM,UCZ7yH-kLdFj7HNo2Dcs6FnQ,time,5,4.9991,29,218.99,332,239.94452586020424,0.9126516423404745,likely,0.05742341949424974,14,13,none,0
cq_KlaguVGM,UCZ7yH-kLdFj7HNo2Dcs6FnQ,time,7,6.9991,29,331.29,332,239.85319326836992,1.3812303245454267,likely,0.5058210507093229,15,13,none,0
cq_KlaguVGM,UCZ7yH-kLdFj7HNo2Dcs6FnQ,time,14,12.9991,29,331.70,332,237.91900036517112,1.3941911025451645,confirmed,0.39034198867041925,15,11,none,0
Y_qcWAmmwVU,UCI8gcSTo1FowsRJdilsjsZw,time,1,0.8075,29,46876.43,24615,36328.12925502576,1.2903618652291962,early,,13,13,none,0
Y_qcWAmmwVU,UCI8gcSTo1FowsRJdilsjsZw,time,2,1.8075,29,38903.63,24615,38702.761936346724,1.0051900970661105,early,0.550157814913589,14,14,none,0
Y_qcWAmmwVU,UCI8gcSTo1FowsRJdilsjsZw,time,3,2.8075,29,32554.16,24615,35073.27483979844,0.9281756170651747,early,0.3671681967372295,15,15,none,0
Y_qcWAmmwVU,UCI8gcSTo1FowsRJdilsjsZw,time,5,4.8075,29,30653.79,24615,34972.42473867781,0.8765130657049736,likely,0.25597717121092356,15,15,none,0
Y_qcWAmmwVU,UCI8gcSTo1FowsRJdilsjsZw,time,7,6.8075,29,26462.10,24615,34466.45480421547,0.7677639993218741,likely,0.21182668702033539,15,15,none,0
Y_qcWAmmwVU,UCI8gcSTo1FowsRJdilsjsZw,time,14,13.8075,29,26501.41,24615,34754.113820556726,0.7625402704999044,confirmed,0.15405135965751157,15,15,none,0
2OI0jFCOfWg,UCF2UdeyQbFenSvnJ4aZUzHw,time,5,6.6458,28,8939.65,10689,,,insufficient,,1,1,none,0
2OI0jFCOfWg,UCF2UdeyQbFenSvnJ4aZUzHw,time,7,6.6458,28,8939.65,10689,,,insufficient,,1,1,none,0
2OI0jFCOfWg,UCF2UdeyQbFenSvnJ4aZUzHw,time,14,13.6458,28,9340.33,10689,,,insufficient,0.24841536359732913,1,1,none,0
QmiqqkebDWc,UCglNXzBo6bmKc9otKf-OuGQ,time,14,13.5829,29,2136.89,2136,9064.104991231978,0.2357528207957892,confirmed,0.047753407772770255,15,15,none,0
cirBprnMyA4,UCJquYOG5EL82sKTfH9aMA9Q,time,1,1.8261,28,297956.25,318055,443148.215714063,0.6723625209322365,early,,15,8,none,0
cirBprnMyA4,UCJquYOG5EL82sKTfH9aMA9Q,time,2,1.8261,28,297956.25,318055,443148.215714063,0.6723625209322365,early,,15,8,none,0
cirBprnMyA4,UCJquYOG5EL82sKTfH9aMA9Q,time,3,2.8261,28,236121.76,318055,447446.0557652116,0.527710010316393,early,0.43822139178122416,15,7,none,0
cirBprnMyA4,UCJquYOG5EL82sKTfH9aMA9Q,time,5,4.8261,28,331759.71,318055,452227.3910202164,0.7336126021316802,likely,0.5624840041816765,15,7,none,0
cirBprnMyA4,UCJquYOG5EL82sKTfH9aMA9Q,time,7,6.8261,28,338554.75,318055,459452.40284096275,0.7368657825386464,likely,0.53007041466436,15,6,none,0
cirBprnMyA4,UCJquYOG5EL82sKTfH9aMA9Q,time,14,13.8261,28,347981.81,318055,468332.7850105808,0.7430225192305415,confirmed,0.39897363760491267,15,4,none,0
1vj4lHoEq8E,UC99GtVg2esxExp_J0uPxO-g,time,0.5,0.6257,29,139426.59,92452,157026.53744701433,0.8879173641037198,early,,15,12,none,0
1vj4lHoEq8E,UC99GtVg2esxExp_J0uPxO-g,time,1,0.6257,29,139426.59,92452,157026.53744701433,0.8879173641037198,early,,15,12,none,0
1vj4lHoEq8E,UC99GtVg2esxExp_J0uPxO-g,time,2,1.6257,29,115258.24,92452,157026.53744701433,0.7340048402391973,early,0.4971236068615114,15,12,none,0
1vj4lHoEq8E,UC99GtVg2esxExp_J0uPxO-g,time,3,2.6257,29,94198.82,92452,157121.99999999988,0.5995266053419895,early,0.38323271366252354,15,11,none,0
1vj4lHoEq8E,UC99GtVg2esxExp_J0uPxO-g,time,5,4.6257,29,98843.14,92452,157121.99999999988,0.6290852934378827,likely,0.3057272967126456,15,11,none,0
1vj4lHoEq8E,UC99GtVg2esxExp_J0uPxO-g,time,7,6.6257,29,97360.06,92452,157121.99999999988,0.6196462431422548,likely,0.27615560777884096,15,11,none,0
1vj4lHoEq8E,UC99GtVg2esxExp_J0uPxO-g,time,14,13.6257,29,98375.15,92452,157121.99999999988,0.6261068047575395,confirmed,0.23360743016700208,15,10,none,0
NeC2f0FIS_Y,UCgdHSFcXvkN6O3NXvif0-pA,time,5,6.9481,29,1439.36,1377,,,insufficient,,0,0,none,0
NeC2f0FIS_Y,UCgdHSFcXvkN6O3NXvif0-pA,time,7,6.9481,29,1439.36,1377,,,insufficient,,0,0,none,0
NeC2f0FIS_Y,UCgdHSFcXvkN6O3NXvif0-pA,time,14,13.9481,29,1386.30,1377,,,insufficient,0.1755034350318372,0,0,none,0
PAYHOr73Zr4,UC5_SBQbLA9Kg7Jh5GpXoP3g,time,1,0.8328,28,10.62,43,728.7387111558912,0.014573047642913756,early,,7,6,none,0
PAYHOr73Zr4,UC5_SBQbLA9Kg7Jh5GpXoP3g,time,2,2.8328,28,19.26,43,344.0340337035103,0.055975630209599,early,1.099173416979131,15,14,none,0
PAYHOr73Zr4,UC5_SBQbLA9Kg7Jh5GpXoP3g,time,3,2.8328,28,19.26,43,344.0340337035103,0.055975630209599,early,1.099173416979131,15,14,none,0
PAYHOr73Zr4,UC5_SBQbLA9Kg7Jh5GpXoP3g,time,5,4.8328,28,20.54,43,318.70393198445026,0.06445875365076931,likely,0.8738254748746151,15,12,none,0
PAYHOr73Zr4,UC5_SBQbLA9Kg7Jh5GpXoP3g,time,7,6.8328,28,22.84,43,317.82556972861886,0.07185651715129122,likely,0.8624908842099287,15,12,none,0
PAYHOr73Zr4,UC5_SBQbLA9Kg7Jh5GpXoP3g,time,14,12.8328,28,35.18,43,288.04637932707504,0.12211953298176315,confirmed,0.8864745909061443,15,12,none,0
9o3eNg61At0,UCtW1WA-bJ4s6l-ZCCT35QBg,heldout,14,14.3480,31,2188.55,2111,6146.000000000002,0.35609291194796383,confirmed,,15,14,none,0
QgOcUQVBY2w,UCAYLryveVTTC__-iYIvAP2g,time,5,4.9577,28,44.87,42,,,insufficient,,1,1,none,0
QgOcUQVBY2w,UCAYLryveVTTC__-iYIvAP2g,time,7,6.9577,28,43.55,42,,,insufficient,0.3006039920152785,1,1,none,0
QgOcUQVBY2w,UCAYLryveVTTC__-iYIvAP2g,time,14,15.9577,28,44.51,42,,,insufficient,0.20751138652566067,1,1,none,0
cjyzH1-iWLk,UCw33382AK54Vd90P56EISig,time,14,13.7034,29,4584.44,4488,1570.4099396788647,2.9192661264116784,confirmed,0.15095960818798634,15,12,none,0
gZQWDgUNQY8,UCMmfUj8CcXeqpqWkund3ELg,time,7,7.8741,29,60640.74,70775,45985.00000000003,1.3187069954671642,confirmed,,15,13,none,0
gZQWDgUNQY8,UCMmfUj8CcXeqpqWkund3ELg,time,14,13.8741,29,67040.53,70775,45985.00000000003,1.4578781555105822,confirmed,0.3399940883343464,15,10,none,0
qXBhnJnKZnA,UC_Gz-8R2G8jBs20ro9AL9hA,time,1,1.9088,28,231.75,351,363.0220950687079,0.6384039995395483,early,,15,15,none,0
qXBhnJnKZnA,UC_Gz-8R2G8jBs20ro9AL9hA,time,2,1.9088,28,231.75,351,363.0220950687079,0.6384039995395483,early,,15,15,none,0
qXBhnJnKZnA,UC_Gz-8R2G8jBs20ro9AL9hA,time,3,2.9088,28,283.33,351,374.8822051834745,0.7557777309168978,early,0.8836999237166134,15,15,none,0
qXBhnJnKZnA,UC_Gz-8R2G8jBs20ro9AL9hA,time,5,4.9088,28,292.00,351,383.98136475294353,0.760459540664133,likely,0.5947032525692858,15,15,none,0
qXBhnJnKZnA,UC_Gz-8R2G8jBs20ro9AL9hA,time,7,6.9088,28,288.68,351,405.2892864602525,0.7122766999929391,likely,0.5267041845337986,15,15,none,0
qXBhnJnKZnA,UC_Gz-8R2G8jBs20ro9AL9hA,time,14,12.9088,28,299.00,351,429.1189230791798,0.6967795441375009,confirmed,0.46325861432618237,15,15,none,0
mtO2By_vc70,UC8DqDLFZCni7Jkys3N3818w,time,5,4.8185,27,17.68,24,,,insufficient,,0,0,none,0
mtO2By_vc70,UC8DqDLFZCni7Jkys3N3818w,time,7,7.8185,27,15.39,24,,,insufficient,0.17822633292632953,0,0,none,0
mtO2By_vc70,UC8DqDLFZCni7Jkys3N3818w,time,14,12.8185,27,19.03,24,,,insufficient,0.3101447074846745,0,0,none,0
zcwbmpmvYVk,UCcvjK35lDPZTlkIrrwxpepg,time,1,0.9518,27,36501.81,63719,63436.193073653856,0.5754098688260811,early,,15,11,none,0
zcwbmpmvYVk,UCcvjK35lDPZTlkIrrwxpepg,time,2,1.9518,27,41205.37,63719,63851.997211332906,0.6453262169290584,early,0.694046791327494,15,11,none,0
zcwbmpmvYVk,UCcvjK35lDPZTlkIrrwxpepg,time,3,2.9518,27,51863.79,63719,63851.997211332906,0.8122500305967734,early,0.5857355328960173,15,10,none,0
zcwbmpmvYVk,UCcvjK35lDPZTlkIrrwxpepg,time,5,4.9518,27,57883.04,63719,64116.9485215933,0.9027728259139752,likely,0.6628646151432496,15,10,none,0
zcwbmpmvYVk,UCcvjK35lDPZTlkIrrwxpepg,time,7,6.9518,27,76906.12,63719,64116.9485215933,1.1994663316826952,likely,0.6624365288338419,15,10,none,0
zcwbmpmvYVk,UCcvjK35lDPZTlkIrrwxpepg,time,14,14.9518,27,81757.90,63719,64651.7477152664,1.2645892009036845,confirmed,0.6251958188147273,15,9,none,0
KHqS3pnLVwg,UC5_SBQbLA9Kg7Jh5GpXoP3g,time,1,1.8329,28,91.58,262,770.4139739675793,0.11887181706494711,early,,10,9,none,0
KHqS3pnLVwg,UC5_SBQbLA9Kg7Jh5GpXoP3g,time,2,1.8329,28,91.58,262,770.4139739675793,0.11887181706494711,early,,10,9,none,0
KHqS3pnLVwg,UC5_SBQbLA9Kg7Jh5GpXoP3g,time,3,2.8329,28,457.90,262,516.616214390456,0.886346696730667,early,4.876087035858724,15,14,none,0
KHqS3pnLVwg,UC5_SBQbLA9Kg7Jh5GpXoP3g,time,5,4.8329,28,433.28,262,516.616214390456,0.8386805909058068,likely,2.15297241914428,15,12,none,0
KHqS3pnLVwg,UC5_SBQbLA9Kg7Jh5GpXoP3g,time,7,6.8329,28,388.24,262,519.3767596917385,0.7475175723494614,likely,1.5539729051931297,15,12,none,0
KHqS3pnLVwg,UC5_SBQbLA9Kg7Jh5GpXoP3g,time,14,13.8329,28,356.16,262,518.47446346971,0.6869343226408932,confirmed,0.9671928304441784,15,12,none,0
qwOO7WVPYWE,UClPWZq1CXsdOE9GlD6qIcZA,time,1,0.9988,29,1675.74,5098,5458.903387247802,0.30697372953369223,early,,15,12,none,0
qwOO7WVPYWE,UClPWZq1CXsdOE9GlD6qIcZA,time,2,1.9988,29,2132.96,5098,5515.318411378402,0.38673449118941344,early,0.8015836411266428,15,12,none,0
qwOO7WVPYWE,UClPWZq1CXsdOE9GlD6qIcZA,time,3,2.9988,29,2048.41,5098,5558.890617819538,0.36849185507992244,early,0.7879283326186983,15,12,none,0
qwOO7WVPYWE,UClPWZq1CXsdOE9GlD6qIcZA,time,5,4.9988,29,2904.07,5098,5695.6323560200735,0.5098766047281161,likely,0.760682715463327,15,12,none,0
qwOO7WVPYWE,UClPWZq1CXsdOE9GlD6qIcZA,time,7,6.9988,29,3492.56,5098,5812.246666247295,0.6008963860667893,likely,0.8334606658029388,15,12,none,0
qwOO7WVPYWE,UClPWZq1CXsdOE9GlD6qIcZA,time,14,12.9988,29,4270.65,5098,5976.999999999995,0.7145145290371033,confirmed,0.7774591342712802,15,11,none,0
RPhkTFlwaOk,UCXGR70CkW_pXb8n52LzCCRw,heldout,5,4.0828,30,411835.71,440398,296892.0783164244,1.3871562894913667,likely,,15,12,none,0
RPhkTFlwaOk,UCXGR70CkW_pXb8n52LzCCRw,heldout,14,14.0828,30,437069.72,440398,310113.0000000002,1.4093885839001938,confirmed,0.233384811874524,15,11,none,0
kvDkxSfNR6Q,UCCKbBnHLdT9S4O-MNKPK2lA,time,0.5,0.3020,28,4865.30,4865,6653.506785384822,0.7312389846921505,early,,15,11,none,0
kvDkxSfNR6Q,UCCKbBnHLdT9S4O-MNKPK2lA,time,1,1.3020,28,5089.03,4865,6805.62841429881,0.747768317112771,early,1.0030415173966911,15,11,none,0
kvDkxSfNR6Q,UCCKbBnHLdT9S4O-MNKPK2lA,time,2,2.3020,28,5712.07,4865,6805.62841429881,0.8393154981814556,early,0.9181434710456762,15,11,none,0
kvDkxSfNR6Q,UCCKbBnHLdT9S4O-MNKPK2lA,time,3,3.3020,28,5439.54,4865,6805.62841429881,0.7992705535862118,likely,0.7937659458343291,15,11,none,0
kvDkxSfNR6Q,UCCKbBnHLdT9S4O-MNKPK2lA,time,5,5.3020,28,5313.21,4865,6992.376351970668,0.7598569446510984,likely,0.669245718616957,15,11,none,0
kvDkxSfNR6Q,UCCKbBnHLdT9S4O-MNKPK2lA,time,7,7.3020,28,5363.91,4865,6992.376351970668,0.7671089265756524,confirmed,0.6378545631409875,15,11,none,0
kvDkxSfNR6Q,UCCKbBnHLdT9S4O-MNKPK2lA,time,14,13.3020,28,6084.78,4865,7240.4843263061475,0.8403828530298039,confirmed,0.5660899021494814,15,10,none,0
WTdlAEFKyhY,UC3JhfsgFPLSLNEROQCdj-GQ,time,14,12.6247,27,61842.24,202552,4058.053846642482,15.239384914543068,confirmed,,15,13,none,0
Fyj8OhfrsbI,UCfYfK0tzHZTpNFrc_NDKfTA,time,7,7.8749,29,1618.18,1429,1684.8371466387534,0.960435738789156,confirmed,,15,15,none,0
Fyj8OhfrsbI,UCfYfK0tzHZTpNFrc_NDKfTA,time,14,14.8749,29,1390.48,1429,1677.121966387912,0.829084862218433,confirmed,0.07847714215467459,15,12,none,0
Irm4KHKNV8o,UCl69GToBX-RxXP4Dp9sQ7jw,time,14,13.9579,29,132675.32,127910,132969.9589790579,0.9977841924806526,confirmed,0.20915564413119384,15,15,none,0
TN0nLnLc9Go,UCLFgO1aEI66fh06p6u6-juw,heldout,1,1.7123,29,2924.97,2327,12148.56271992554,0.24076669683346794,early,,15,15,none,0
TN0nLnLc9Go,UCLFgO1aEI66fh06p6u6-juw,heldout,2,1.7123,29,2924.97,2327,12148.56271992554,0.24076669683346794,early,,15,15,none,0
TN0nLnLc9Go,UCLFgO1aEI66fh06p6u6-juw,heldout,3,2.7123,29,2056.21,2327,12184.68628152832,0.16875392580566612,early,0.16464976114117175,15,15,none,0
TN0nLnLc9Go,UCLFgO1aEI66fh06p6u6-juw,heldout,5,5.7123,29,2146.52,2327,12521.504955546092,0.17142641645835718,likely,0.20355227275948698,15,15,none,0
TN0nLnLc9Go,UCLFgO1aEI66fh06p6u6-juw,heldout,7,6.7123,29,2104.13,2327,12521.504955546092,0.16804114395667075,likely,0.19263566330724707,15,15,none,0
TN0nLnLc9Go,UCLFgO1aEI66fh06p6u6-juw,heldout,14,13.7123,29,2398.46,2327,13380.00000000001,0.17925702748470743,confirmed,0.1800661607507116,15,13,none,0
YCGq-Q-yenc,UCcBbwZNe1l1wjvWkea0ZMGA,time,7,8.8775,27,1035.13,1114,2161.3805407636905,0.47892079424712924,confirmed,,15,15,none,0
YCGq-Q-yenc,UCcBbwZNe1l1wjvWkea0ZMGA,time,14,12.8775,27,1079.21,1114,2236.5444939009967,0.48253355807955106,confirmed,0.3440262185097811,15,14,none,0
r4wYdFIrT_E,UCPCPE5MoI7DS1WiVB_-mzNw,time,7,7.8079,29,11019.98,8787,4346.775678924237,2.535207839145008,confirmed,,15,15,none,0
r4wYdFIrT_E,UCPCPE5MoI7DS1WiVB_-mzNw,time,14,13.8079,29,9066.53,8787,4083.9449234930653,2.2200413593211517,confirmed,0.004174729505259625,15,15,none,0
xESqfiTJmws,UCll3zdukvI1oWlG-F13UCZw,heldout,1,1.0299,27,2921.39,1985,4133.212258091942,0.7068093758214297,early,1.2962850039248857,15,15,none,0
xESqfiTJmws,UCll3zdukvI1oWlG-F13UCZw,time,1,1.0299,27,2921.39,1985,4133.212258091942,0.7068093758214297,early,1.2962850039248857,15,15,none,0
xESqfiTJmws,UCll3zdukvI1oWlG-F13UCZw,heldout,2,2.0299,27,2832.68,1985,4090.7380305264405,0.6924625372444969,early,0.9416161759243423,15,15,none,0
xESqfiTJmws,UCll3zdukvI1oWlG-F13UCZw,time,2,2.0299,27,2832.68,1985,4090.7380305264405,0.6924625372444969,early,0.9416161759243423,15,15,none,0
xESqfiTJmws,UCll3zdukvI1oWlG-F13UCZw,heldout,3,3.0299,27,2659.06,1985,4054.5065537743276,0.6558273116323624,likely,0.8033146206582529,15,15,none,0
xESqfiTJmws,UCll3zdukvI1oWlG-F13UCZw,time,3,3.0299,27,2659.06,1985,4054.5065537743276,0.6558273116323624,likely,0.8033146206582529,15,15,none,0
xESqfiTJmws,UCll3zdukvI1oWlG-F13UCZw,heldout,5,5.0299,27,2563.13,1985,4035.8133953975794,0.6350965669063571,likely,0.6730107181139587,15,15,none,0
xESqfiTJmws,UCll3zdukvI1oWlG-F13UCZw,time,5,5.0299,27,2563.13,1985,4035.8133953975794,0.6350965669063571,likely,0.6730107181139587,15,15,none,0
xESqfiTJmws,UCll3zdukvI1oWlG-F13UCZw,heldout,7,7.0299,27,2380.91,1985,4000.7970911570296,0.5951081921427366,confirmed,0.6001108661702753,15,15,none,0
xESqfiTJmws,UCll3zdukvI1oWlG-F13UCZw,time,7,7.0299,27,2380.91,1985,4000.7970911570296,0.5951081921427366,confirmed,0.6001108661702753,15,15,none,0
xESqfiTJmws,UCll3zdukvI1oWlG-F13UCZw,heldout,14,15.0299,27,2146.92,1985,3871.5186273949726,0.55454204692198,confirmed,0.4773006257549015,15,12,none,0
xESqfiTJmws,UCll3zdukvI1oWlG-F13UCZw,time,14,15.0299,27,2146.92,1985,3871.5186273949726,0.55454204692198,confirmed,0.4773006257549015,15,12,none,0
bwZ6QXB1Mqk,UCGpsgNbzdF7BECCVbB1COHw,time,14,13.5791,27,4767.94,4634,7131.569791803513,0.6685678838998493,confirmed,0.01083615380308569,15,15,none,0
XzWtkEVq6M8,UCc99RaVe8PKgly2T3QNBWLw,time,5,6.9199,29,57.93,58,,,insufficient,,1,1,none,0
XzWtkEVq6M8,UCc99RaVe8PKgly2T3QNBWLw,time,7,6.9199,29,57.93,58,,,insufficient,,1,1,none,0
XzWtkEVq6M8,UCc99RaVe8PKgly2T3QNBWLw,time,14,13.9199,29,55.37,58,,,insufficient,0.16292600691019613,1,1,none,0
eDkmf_mF3Ek,UCm5dQhtBpw1S3ajLVPKWs0A,time,14,14.9939,27,3954.90,3686,5558.369150133805,0.7115213672610957,confirmed,,14,14,none,0
rvZENjxs7yg,UCNRFvq0JOm5VqHIBDDQgkMA,heldout,1,0.9156,30,5331.48,5545,4090.999999999998,1.3032223257210411,early,,15,14,none,0
rvZENjxs7yg,UCNRFvq0JOm5VqHIBDDQgkMA,heldout,5,4.9156,30,5104.18,5545,4266.645420907678,1.196298149315949,likely,0.44758843058136394,15,13,none,0
rvZENjxs7yg,UCNRFvq0JOm5VqHIBDDQgkMA,heldout,7,6.9156,30,5055.34,5545,4377.653879490307,1.154806501185462,likely,0.4120229569378491,15,13,none,0
rvZENjxs7yg,UCNRFvq0JOm5VqHIBDDQgkMA,heldout,14,14.9156,30,5415.77,5545,4404.553558602176,1.22958427230468,confirmed,0.36201510351391014,15,12,none,0
8MoN2775TUA,UC0yHbz4OxdQFwmVX2BBQqLg,time,14,13.8332,27,12777.79,11687,28791.461771774022,0.443804848157483,confirmed,,15,13,none,0
QsR3a2xPBXw,UCnpWedLQdHpZqhgTLdB9Yyg,heldout,1,1.8956,30,62151.39,73641,68517.06002273581,0.9070936894493933,early,,15,15,none,0
QsR3a2xPBXw,UCnpWedLQdHpZqhgTLdB9Yyg,heldout,2,1.8956,30,62151.39,73641,68517.06002273581,0.9070936894493933,early,,15,15,none,0
QsR3a2xPBXw,UCnpWedLQdHpZqhgTLdB9Yyg,heldout,5,6.8956,30,65341.42,73641,71341.15639719038,0.9159007739905295,likely,0.43618486296658426,15,15,none,0
QsR3a2xPBXw,UCnpWedLQdHpZqhgTLdB9Yyg,heldout,7,6.8956,30,65341.42,73641,71341.15639719038,0.9159007739905295,likely,0.43618486296658426,15,15,none,0
QsR3a2xPBXw,UCnpWedLQdHpZqhgTLdB9Yyg,heldout,14,13.8956,30,70811.91,73641,71148.00000000001,0.9952762455137756,confirmed,0.36668396680993165,15,12,none,0
565DJot1eIk,UC5lBPQsMMJEE5PTJMzf_sug,heldout,0.5,0.2896,31,2373.72,16155,4484.8092624821875,0.5292789968724321,early,,13,13,none,0
565DJot1eIk,UC5lBPQsMMJEE5PTJMzf_sug,heldout,1,0.2896,31,2373.72,16155,4484.8092624821875,0.5292789968724321,early,,13,13,none,0
565DJot1eIk,UC5lBPQsMMJEE5PTJMzf_sug,heldout,14,14.2896,31,9490.24,16155,8322.930525627424,1.1402525034713944,confirmed,1.0320396559216198,15,13,none,0
ryw3VaWMPiw,UCDAbrXOj2yIrzj8QE4jC-Og,time,5,5.8321,28,3780.11,3528,,,insufficient,,1,1,none,0
ryw3VaWMPiw,UCDAbrXOj2yIrzj8QE4jC-Og,time,7,6.8321,28,3725.86,3528,,,insufficient,0.40218598353349233,1,1,none,0
ryw3VaWMPiw,UCDAbrXOj2yIrzj8QE4jC-Og,time,14,12.8321,28,3668.73,3528,,,insufficient,0.2331833115164213,1,1,none,0
VJJ3cdhNMQc,UCfyehHM_eo4g5JUyWmms2LA,time,5,5.8327,28,532123.30,473348,,,insufficient,,1,1,none,0
VJJ3cdhNMQc,UCfyehHM_eo4g5JUyWmms2LA,time,7,7.8327,28,450018.46,473348,397323.10871394246,1.132625930594327,confirmed,0.17530650293520508,15,13,none,0
VJJ3cdhNMQc,UCfyehHM_eo4g5JUyWmms2LA,time,14,13.8327,28,475927.87,473348,391566.99999999977,1.2154442875994294,confirmed,0.14651840464672053,15,9,none,0
KCm4ykDlazE,UCQZh7dlICtR6CPtB9R_ZzYA,heldout,1,0.8745,29,156576.59,669422,11537.788103930303,13.570763372584823,early,,14,14,none,0
KCm4ykDlazE,UCQZh7dlICtR6CPtB9R_ZzYA,heldout,3,3.8745,29,804209.09,669422,69733.05499526016,11.532681173764344,likely,1.8325652976138918,15,15,none,0
KCm4ykDlazE,UCQZh7dlICtR6CPtB9R_ZzYA,heldout,5,4.8745,29,790736.16,669422,70984.1626692815,11.139613765403247,likely,1.6375003290919499,15,14,none,0
KCm4ykDlazE,UCQZh7dlICtR6CPtB9R_ZzYA,heldout,7,5.8745,29,846830.46,669422,72578.98321544025,11.667709004541694,likely,1.4921523596053456,15,14,none,0
KCm4ykDlazE,UCQZh7dlICtR6CPtB9R_ZzYA,heldout,14,13.8745,29,756052.29,669422,78280.63980943173,9.658228326075646,confirmed,1.060673329693797,15,13,none,0
9p9m04q4Nq0,UCUUe2Q6fFgu5Dzk_y2OyPYw,time,14,12.7697,27,508059.41,521934,361389.2872821657,1.4058507841521963,confirmed,0.11604497989176821,15,12,none,0