video_id,channel_id,split,t,day,truth_day,est30,actual30,baseline,score,confidence,q,n_baseline,priors_derived,coverage,changed
wwm91eNl_yw,UCBWgT48azZkWSpw-iKMlBRw,time,5,5.1536,27,2865.52,2742,,,insufficient,0.21030773425716554,2,2,none,0
wwm91eNl_yw,UCBWgT48azZkWSpw-iKMlBRw,time,7,7.1536,27,2819.80,2742,,,insufficient,0.12594161325541894,2,2,none,0
wwm91eNl_yw,UCBWgT48azZkWSpw-iKMlBRw,time,14,15.1536,27,2794.98,2742,,,insufficient,0.09709049144100701,2,2,none,0
QXqtcIfgc64,UC2eftfsjqc-H1_c8_uXbZJA,time,1,0.9994,27,288.06,312,181.92209207523166,1.5834167568509667,early,,6,6,none,0
QXqtcIfgc64,UC2eftfsjqc-H1_c8_uXbZJA,time,2,1.9994,27,333.02,312,185.87239807205611,1.7916480010047646,early,0.7702165082419694,6,6,none,0
QXqtcIfgc64,UC2eftfsjqc-H1_c8_uXbZJA,time,3,2.9994,27,360.43,312,192.14197686499233,1.8758411643288655,early,0.5524187741119827,6,5,none,0
QXqtcIfgc64,UC2eftfsjqc-H1_c8_uXbZJA,time,5,4.9994,27,282.48,312,193.16460575055387,1.4623948396958957,likely,0.48290875081555945,6,5,none,0
QXqtcIfgc64,UC2eftfsjqc-H1_c8_uXbZJA,time,7,6.9994,27,284.11,312,201.5976008989917,1.4092683826814347,likely,0.4501574520361861,6,5,none,0
QXqtcIfgc64,UC2eftfsjqc-H1_c8_uXbZJA,time,14,12.9994,27,360.93,312,201.64113822907336,1.789966905741882,confirmed,0.41093822482663755,6,4,none,0
UBHsjUYB_Ik,UC3lJL1pUvQ2Ih2qZ-4ozrLw,time,5,6.9786,27,567.94,536,,,insufficient,,2,2,none,0
UBHsjUYB_Ik,UC3lJL1pUvQ2Ih2qZ-4ozrLw,time,7,6.9786,27,567.94,536,,,insufficient,,2,2,none,0
UBHsjUYB_Ik,UC3lJL1pUvQ2Ih2qZ-4ozrLw,time,14,14.9786,27,499.07,536,3290.55008630042,0.1516665952432381,confirmed,0.09870531998921535,12,12,none,0
TTqHFSBJm60,UCnYMOamNKLGVlJgRUbamveA,heldout,0.5,0.6665,31,37363.62,23707,38832.44776137946,0.9621751906033498,early,,10,10,none,0
TTqHFSBJm60,UCnYMOamNKLGVlJgRUbamveA,heldout,1,0.6665,31,37363.62,23707,38832.44776137946,0.9621751906033498,early,,10,10,none,0
TTqHFSBJm60,UCnYMOamNKLGVlJgRUbamveA,heldout,3,3.6665,31,31312.59,23707,34217.36966145116,0.9151080362476571,likely,0.4456169473590545,15,15,none,0
TTqHFSBJm60,UCnYMOamNKLGVlJgRUbamveA,heldout,5,4.6665,31,31620.09,23707,33669.59635417235,0.9391287511366688,likely,0.3955017760108893,15,15,none,0
TTqHFSBJm60,UCnYMOamNKLGVlJgRUbamveA,heldout,7,6.6665,31,28023.08,23707,33169.0237574919,0.8448567925120063,likely,0.3253472254758605,15,15,none,0
TTqHFSBJm60,UCnYMOamNKLGVlJgRUbamveA,heldout,14,13.6665,31,26372.13,23707,30722.328225598467,0.8584027163975527,confirmed,0.23693231277482,15,15,none,0
dBUnU7MwTDw,UCx0irbDsRLjMvEXaW56cqlQ,time,5,6.9994,27,6778.72,6501,5349,1.2672867541278192,likely,,15,14,none,0
dBUnU7MwTDw,UCx0irbDsRLjMvEXaW56cqlQ,time,7,6.9994,27,6778.72,6501,5349,1.2672867541278192,likely,,15,14,none,0
dBUnU7MwTDw,UCx0irbDsRLjMvEXaW56cqlQ,time,14,14.9994,27,7027.34,6501,5349,1.3137678667249644,confirmed,0.22188279332471433,15,11,none,0
a4I9uRjMvjk,UC6jZvmJ7QJ_LAH-DpMpLf2Q,time,14,13.7083,28,3695.39,3466,2367,1.5612127066256474,confirmed,,15,11,none,0
5xI9vz_RFMU,UCnwAlhoB5rVhh6y5P96RXAw,time,1,0.9582,27,32370.57,73201,60738.50837001706,0.532949747595336,early,,15,15,none,0
5xI9vz_RFMU,UCnwAlhoB5rVhh6y5P96RXAw,time,2,1.9582,27,31111.15,73201,64423.974678369115,0.48291256390668874,early,0.6986637364237717,15,15,none,0
5xI9vz_RFMU,UCnwAlhoB5rVhh6y5P96RXAw,time,3,2.9582,27,37749.45,73201,64423.974678369115,0.5859533865309479,early,0.6595855500021032,15,15,none,0
5xI9vz_RFMU,UCnwAlhoB5rVhh6y5P96RXAw,time,5,5.9582,27,91897.87,73201,73937.8654477208,1.242906745950942,likely,1.0209005824843713,15,13,none,0
5xI9vz_RFMU,UCnwAlhoB5rVhh6y5P96RXAw,time,7,6.9582,27,109316.75,73201,75688.0805788511,1.4443059749790468,likely,0.9432395618925354,15,13,none,0
5xI9vz_RFMU,UCnwAlhoB5rVhh6y5P96RXAw,time,14,14.9582,27,106535.15,73201,109867.99999999997,0.9696649970831912,confirmed,0.7617304596537494,15,8,none,0
45_D5IAIbkY,UCb_JYhqnSdEejiznUm3XNqQ,time,3,3.9871,27,556.52,7407,,,insufficient,,1,1,none,0
45_D5IAIbkY,UCb_JYhqnSdEejiznUm3XNqQ,time,5,4.9871,27,857.27,7407,,,insufficient,1.4679098422328203,1,1,none,0
45_D5IAIbkY,UCb_JYhqnSdEejiznUm3XNqQ,time,7,6.9871,27,1276.31,7407,,,insufficient,1.7035945344328673,1,1,none,0
45_D5IAIbkY,UCb_JYhqnSdEejiznUm3XNqQ,time,14,14.9871,27,2872.06,7407,,,insufficient,1.6017037660112705,1,1,none,0
xLyCu8-W57g,UC3lJL1pUvQ2Ih2qZ-4ozrLw,time,5,6.9782,27,507.49,519,235.65212692328927,2.15355910644662,likely,,7,7,none,0
xLyCu8-W57g,UC3lJL1pUvQ2Ih2qZ-4ozrLw,time,7,6.9782,27,507.49,519,235.65212692328927,2.15355910644662,likely,,7,7,none,0
xLyCu8-W57g,UC3lJL1pUvQ2Ih2qZ-4ozrLw,time,14,14.9782,27,526.10,519,530.2087826288854,0.9922494399691316,confirmed,0.2214455540205495,12,12,none,0
59B9VDdR-yA,UC3JGnf8zOIQ06PGQ0Yb2_1Q,heldout,1,1.8745,27,10650.17,13413,20498.57092020647,0.5195567614785287,early,,15,14,none,0
59B9VDdR-yA,UC3JGnf8zOIQ06PGQ0Yb2_1Q,time,1,1.8745,27,10650.17,13413,20498.57092020647,0.5195567614785287,early,,15,14,none,0
59B9VDdR-yA,UC3JGnf8zOIQ06PGQ0Yb2_1Q,heldout,2,1.8745,27,10650.17,13413,20498.57092020647,0.5195567614785287,early,,15,14,none,0
59B9VDdR-yA,UC3JGnf8zOIQ06PGQ0Yb2_1Q,time,2,1.8745,27,10650.17,13413,20498.57092020647,0.5195567614785287,early,,15,14,none,0
59B9VDdR-yA,UC3JGnf8zOIQ06PGQ0Yb2_1Q,heldout,3,2.8745,27,8994.27,13413,20498.57092020647,0.4387752799887557,early,0.38943230006405816,15,14,none,0
59B9VDdR-yA,UC3JGnf8zOIQ06PGQ0Yb2_1Q,time,3,2.8745,27,8994.27,13413,20498.57092020647,0.4387752799887557,early,0.38943230006405816,15,14,none,0
59B9VDdR-yA,UC3JGnf8zOIQ06PGQ0Yb2_1Q,heldout,5,4.8745,27,10802.20,13413,21008.682676207754,0.5141779957301965,likely,0.4404945264532642,15,14,none,0
59B9VDdR-yA,UC3JGnf8zOIQ06PGQ0Yb2_1Q,time,5,4.8745,27,10802.20,13413,21008.682676207754,0.5141779957301965,likely,0.4404945264532642,15,14,none,0
59B9VDdR-yA,UC3JGnf8zOIQ06PGQ0Yb2_1Q,heldout,7,6.8745,27,13209.96,13413,21008.682676207754,0.6287858024883691,likely,0.518230749635529,15,14,none,0
59B9VDdR-yA,UC3JGnf8zOIQ06PGQ0Yb2_1Q,time,7,6.8745,27,13209.96,13413,21008.682676207754,0.6287858024883691,likely,0.518230749635529,15,14,none,0
59B9VDdR-yA,UC3JGnf8zOIQ06PGQ0Yb2_1Q,heldout,14,12.8745,27,13394.47,13413,21846.36323338162,0.6131210851790376,confirmed,0.44416288428496176,15,14,none,0
59B9VDdR-yA,UC3JGnf8zOIQ06PGQ0Yb2_1Q,time,14,12.8745,27,13394.47,13413,21846.36323338162,0.6131210851790376,confirmed,0.44416288428496176,15,14,none,0
FB5RYQiXSqY,UCGxjDWAN1KwrkXYVi8CXtjQ,heldout,7,8.9895,30,15229.76,14225,18078.709762410832,0.8424141349793225,confirmed,,15,12,none,0
FB5RYQiXSqY,UCGxjDWAN1KwrkXYVi8CXtjQ,heldout,14,16.9895,30,14532.06,14225,18152.432711647278,0.8005571730489209,confirmed,0.17038451789071202,15,10,none,0
pN7XXZavnaY,UCcTiu6qN0sm433gR8wjoVCA,time,3,3.9583,27,3302.64,2755,,,insufficient,,2,2,none,0
pN7XXZavnaY,UCcTiu6qN0sm433gR8wjoVCA,time,5,4.9583,27,2837.45,2755,,,insufficient,0.3048652418995958,2,2,none,0
pN7XXZavnaY,UCcTiu6qN0sm433gR8wjoVCA,time,7,6.9583,27,2520.78,2755,,,insufficient,0.20300281732999675,2,2,none,0
pN7XXZavnaY,UCcTiu6qN0sm433gR8wjoVCA,time,14,14.9583,27,2756.62,2755,,,insufficient,0.1683422994535728,2,2,none,0
dQn0XPnK8AA,UCeHIseom2u9zxGM_yIEBhDQ,time,5,5.9395,28,157.73,164,,,insufficient,,0,0,none,0
dQn0XPnK8AA,UCeHIseom2u9zxGM_yIEBhDQ,time,7,6.9395,28,156.00,164,,,insufficient,0.4352549668784232,0,0,none,0
dQn0XPnK8AA,UCeHIseom2u9zxGM_yIEBhDQ,time,14,13.9395,28,155.59,164,,,insufficient,0.23590108508846655,0,0,none,0
duFpO13-pTA,UCRQc4NTDrz0Qncp7zx3YM1g,time,14,15.0204,27,10295.16,9710,8820.000000000004,1.1672518875648135,confirmed,0.328947167579876,15,10,none,0
kVEjOXPOFOo,UCnwlWgbcxwpsnB7LtOL1kPg,time,14,12.9977,27,7234.50,6650,7107.838279124454,1.0178196110631808,confirmed,,15,15,none,0
96aNewh1ZUM,UCUpbDOT-OVNBlaQpb9pbd2w,time,5,4.6984,27,25412.37,19014,30400.82872940285,0.8359105096912808,likely,,15,15,none,0
96aNewh1ZUM,UCUpbDOT-OVNBlaQpb9pbd2w,time,7,6.6984,27,20660.91,19014,28575.78770146062,0.7230215427228086,likely,0.01862371398406485,15,15,none,0
96aNewh1ZUM,UCUpbDOT-OVNBlaQpb9pbd2w,time,14,13.6984,27,19584.49,19014,25479.558900703785,0.7686352249192796,confirmed,0.014859119168241152,15,15,none,0
OUQhHT9onaQ,UCUpbDOT-OVNBlaQpb9pbd2w,time,3,3.5436,27,14401.28,9600,31002.77798006165,0.46451570993385966,likely,,15,15,none,0
OUQhHT9onaQ,UCUpbDOT-OVNBlaQpb9pbd2w,time,5,4.5436,27,10509.93,9600,29358.848718784328,0.357981834358824,likely,0.07362176898304698,15,15,none,0
OUQhHT9onaQ,UCUpbDOT-OVNBlaQpb9pbd2w,time,7,7.5436,27,10366.73,9600,27433.606355639582,0.37788444541629257,confirmed,0.05937288913084066,15,15,none,0
OUQhHT9onaQ,UCUpbDOT-OVNBlaQpb9pbd2w,time,14,15.5436,27,9873.87,9600,24818.359614000234,0.39784543601750266,confirmed,0.03928322246609968,15,15,none,0
nyaUwkTo7cg,UCP0f9FXZ4g-MxAqSUreHpCw,time,1,0.8131,27,117740.66,299625,113803.00000000003,1.0346007017765437,early,,15,13,none,0
nyaUwkTo7cg,UCP0f9FXZ4g-MxAqSUreHpCw,time,2,1.8131,27,179681.47,299625,113803.00000000003,1.5788816967504413,early,1.1415912352754618,15,13,none,0
nyaUwkTo7cg,UCP0f9FXZ4g-MxAqSUreHpCw,time,3,2.8131,27,195844.72,299625,113803.00000000003,1.720909973957293,early,0.9747143065854387,15,13,none,0
nyaUwkTo7cg,UCP0f9FXZ4g-MxAqSUreHpCw,time,5,4.8131,27,229628.88,299625,113803.00000000003,2.017775300463936,likely,0.8752431834960138,15,13,none,0
nyaUwkTo7cg,UCP0f9FXZ4g-MxAqSUreHpCw,time,7,7.8131,27,256381.08,299625,113803.00000000003,2.2528499146041225,confirmed,0.7853982034733646,15,13,none,0
nyaUwkTo7cg,UCP0f9FXZ4g-MxAqSUreHpCw,time,14,12.8131,27,284494.72,299625,113803.00000000003,2.4998876709188536,confirmed,0.7659414858445253,15,12,none,0
vP_TFGUrbx0,UC6BW8DqrAmBEIeCtMa4bfBw,time,14,13.3478,28,15769.14,14329,3757.8739218744627,4.196293593794861,confirmed,,15,15,none,0
A8qva2ID9MU,UCibTRXCGW9o16HjUODtvTVQ,heldout,7,8.9499,30,53020.82,48389,86512.09419955563,0.6128718097132773,confirmed,,15,15,none,0
A8qva2ID9MU,UCibTRXCGW9o16HjUODtvTVQ,heldout,14,16.9499,30,46903.99,48389,86070.91727090912,0.5449458308705684,confirmed,0.1275157439520323,15,15,none,0
zvCZANVXaKw,UCx6yJsJ8qmJu7ja-hTQglRA,time,1,0.9868,27,9777.19,21937,10434.894429168244,0.936970209103636,early,,15,13,none,0
zvCZANVXaKw,UCx6yJsJ8qmJu7ja-hTQglRA,time,2,1.9868,27,16505.34,21937,10739.605811843023,1.5368665804334387,early,1.230401510389345,15,13,none,0
zvCZANVXaKw,UCx6yJsJ8qmJu7ja-hTQglRA,time,3,2.9868,27,18951.54,21937,10739.605811843023,1.7646403003222038,early,1.1154012386588983,15,13,none,0
zvCZANVXaKw,UCx6yJsJ8qmJu7ja-hTQglRA,time,5,4.9868,27,30185.62,21937,11004.048904501817,2.743137861917569,likely,1.249551566670998,15,13,none,0
zvCZANVXaKw,UCx6yJsJ8qmJu7ja-hTQglRA,time,7,7.9868,27,30766.67,21937,11270.896596155202,2.729744569867614,confirmed,1.0160600742994543,15,13,none,0
zvCZANVXaKw,UCx6yJsJ8qmJu7ja-hTQglRA,time,14,14.9868,27,27809.13,21937,11601.099635342642,2.397111720143918,confirmed,0.7819879872905935,15,12,none,0
dnmJ7alN1Yo,UCglNXzBo6bmKc9otKf-OuGQ,time,14,12.7136,27,2202.60,2399,9715.03544706178,0.22672060813960745,confirmed,0.37448848475798535,15,15,none,0
jdKtPL6UmH8,UCebT5m6aSB3Yd8Adn92yeDQ,time,14,13.7071,29,25140.66,28497,19781.400239641105,1.270924202763402,confirmed,0.6806097784874877,15,13,none,0
fe1HAmp1K4k,UCb_JYhqnSdEejiznUm3XNqQ,time,5,4.6640,27,248.83,217,,,insufficient,,0,0,none,0
fe1HAmp1K4k,UCb_JYhqnSdEejiznUm3XNqQ,time,7,6.6640,27,205.58,217,,,insufficient,0.07150153213371303,0,0,none,0
fe1HAmp1K4k,UCb_JYhqnSdEejiznUm3XNqQ,time,14,12.6640,27,205.62,217,,,insufficient,0.09517942212995009,0,0,none,0
Og8ONzA93CA,UCNovoA9w0KnxyDP5bGrOYzg,heldout,14,13.8955,30,5915.51,6221,8393.629289116856,0.7047614788526301,confirmed,,13,11,none,0
zYwuhExmBC0,UCBhPkAuGks2UkizNMbtW6uw,time,5,5.3272,27,38.77,51,77.7295049765725,0.4987735765587832,likely,0.1735300124607411,6,6,none,0
zYwuhExmBC0,UCBhPkAuGks2UkizNMbtW6uw,time,7,7.3272,27,46.05,51,79.91671024360005,0.576283773562153,confirmed,0.3158207253738163,6,6,none,0
zYwuhExmBC0,UCBhPkAuGks2UkizNMbtW6uw,time,14,15.3272,27,48.13,51,74.40051584698824,0.6469376561228621,confirmed,0.2363299728595234,6,6,none,0
nvszAm0e2-g,UC5r1tWnU1rYAXxXaJ56nX2Q,time,14,13.6590,27,51.44,54,57.61292275296759,0.8928679982745806,confirmed,0.46007544540070155,15,14,none,0
IX2o6hk3F9s,UCN7dywl5wDxTu1RM3eJ_h9Q,time,3,3.0412,28,2953.82,3928,11944.746556494923,0.24729060553374937,likely,,8,8,none,0
IX2o6hk3F9s,UCN7dywl5wDxTu1RM3eJ_h9Q,time,5,5.0412,28,2779.49,3928,11971.6464833489,0.2321726142441655,likely,0.3656044141174374,15,14,none,0
IX2o6hk3F9s,UCN7dywl5wDxTu1RM3eJ_h9Q,time,7,6.0412,28,3007.20,3928,12047.654481096095,0.2496089192699379,likely,0.43427587496726433,15,14,none,0
IX2o6hk3F9s,UCN7dywl5wDxTu1RM3eJ_h9Q,time,14,12.0412,28,3668.66,3928,12201,0.30068516453828464,confirmed,0.44504427175063566,15,13,none,0
cBKAYlAVqXo,UChKlSK39lLg8eZHIX0iVzLA,heldout,14,13.7080,30,118787.85,128224,,,insufficient,,9,9,none,0
ljwFexdPqIc,UC6BW8DqrAmBEIeCtMa4bfBw,time,14,15.3006,27,5246.44,5259,3673.903626850941,1.4280292910575432,confirmed,0.3084366919686509,15,15,none,0
YCGq-Q-yenc,UCcBbwZNe1l1wjvWkea0ZMGA,time,7,8.8775,27,1035.13,1114,2161.5189911859334,0.4788901182334302,confirmed,,15,15,none,0
YCGq-Q-yenc,UCcBbwZNe1l1wjvWkea0ZMGA,time,14,12.8775,27,1080.26,1114,2236.603409567063,0.4829892642818149,confirmed,0.3440262185097811,15,14,none,0
QO3JA2e8_Bw,UCGpsgNbzdF7BECCVbB1COHw,time,14,13.6726,29,20286.17,19842,6800.965301861504,2.982836530308079,confirmed,0.24558944602727262,15,15,none,0
qZSJNxKTGrE,UC3viByea5zDX2-zr1qFgU2g,time,3,3.9660,27,5904.48,3728,,,insufficient,,0,0,none,0
qZSJNxKTGrE,UC3viByea5zDX2-zr1qFgU2g,time,5,4.9660,27,4247.53,3728,,,insufficient,0.0014634851065829628,0,0,none,0
qZSJNxKTGrE,UC3viByea5zDX2-zr1qFgU2g,time,7,6.9660,27,4093.93,3728,,,insufficient,0,0,0,none,0
qZSJNxKTGrE,UC3viByea5zDX2-zr1qFgU2g,time,14,14.9660,27,3849.94,3728,,,insufficient,0.0004597475421206431,0,0,none,0
UW4quI0Wv2k,UCcTiu6qN0sm433gR8wjoVCA,time,5,6.9583,30,6234.71,6327,,,insufficient,,0,0,none,0
UW4quI0Wv2k,UCcTiu6qN0sm433gR8wjoVCA,time,7,6.9583,30,6234.71,6327,,,insufficient,,0,0,none,0
UW4quI0Wv2k,UCcTiu6qN0sm433gR8wjoVCA,time,14,13.9583,30,5988.27,6327,,,insufficient,0.16923069009121125,0,0,none,0
dh9teT_Pe7w,UCCT5Ht1fD3xm0mi9rsmArYg,time,5,5.9687,29,47.59,72,,,insufficient,,0,0,none,0
dh9teT_Pe7w,UCCT5Ht1fD3xm0mi9rsmArYg,time,7,7.9687,29,68.46,72,,,insufficient,0.7226006196494977,0,0,none,0
dh9teT_Pe7w,UCCT5Ht1fD3xm0mi9rsmArYg,time,14,13.9687,29,70.92,72,,,insufficient,0.6147574734733722,0,0,none,0
C9zWKCEaWHw,UCNMZWa1QP42jHrmmzayFEeg,time,14,13.4866,28,5852.39,5862,5674.501371050693,1.031348903994608,confirmed,0.19146525339353346,15,15,none,0
HN7aZm8FtVw,UC_2su4ftsi4r6aGkAQ8MyVQ,time,5,6.0556,29,528.90,628,,,insufficient,,0,0,none,0
HN7aZm8FtVw,UC_2su4ftsi4r6aGkAQ8MyVQ,time,7,7.0556,29,624.79,628,,,insufficient,0.5872836715417449,0,0,none,0
HN7aZm8FtVw,UC_2su4ftsi4r6aGkAQ8MyVQ,time,14,14.0556,29,639.50,628,,,insufficient,0.3485724098178214,0,0,none,0
_-8J69gZAL4,UCEtxsMx4qsoitFwjBdLU_gA,time,5,5.4213,27,837.61,696,,,insufficient,,2,2,none,0
_-8J69gZAL4,UCEtxsMx4qsoitFwjBdLU_gA,time,7,7.4213,27,700.28,696,,,insufficient,0.12363516666347787,2,2,none,0
_-8J69gZAL4,UCEtxsMx4qsoitFwjBdLU_gA,time,14,12.4213,27,685.05,696,,,insufficient,0.09973702768113323,2,2,none,0
swE9ey6sJjw,UCDNHPNeWScAC8h8IxtEBtkQ,time,1,1.0822,29,141050.24,84885,70255.70117755485,2.0076696592365586,early,1.7339665051217996,15,13,none,0
swE9ey6sJjw,UCDNHPNeWScAC8h8IxtEBtkQ,time,2,2.0822,29,165774.88,84885,70024.24868958948,2.3673924420483625,early,1.217449844434336,15,12,none,0
swE9ey6sJjw,UCDNHPNeWScAC8h8IxtEBtkQ,time,3,3.0822,29,153311.27,84885,69802.23051813392,2.196366363013321,likely,1.004117721646445,15,12,none,0
swE9ey6sJjw,UCDNHPNeWScAC8h8IxtEBtkQ,time,5,5.0822,29,128209.94,84885,69397.32051707925,1.8474768364738543,likely,0.799512177797247,15,11,none,0
swE9ey6sJjw,UCDNHPNeWScAC8h8IxtEBtkQ,time,7,7.0822,29,118380.64,84885,68620.84519182357,1.7251410712798139,confirmed,0.7082310077693438,15,10,none,0
swE9ey6sJjw,UCDNHPNeWScAC8h8IxtEBtkQ,time,14,13.0822,29,98760.20,84885,67764,1.4574140055398073,confirmed,0.5710385011982971,15,7,none,0
kmDkhO47Svs,UC8wXC0ZCfGt3HaVLy_fdTQw,time,5,5.8853,28,14838.95,17246,,,insufficient,,0,0,none,0
kmDkhO47Svs,UC8wXC0ZCfGt3HaVLy_fdTQw,time,7,6.8853,28,13655.22,17246,,,insufficient,0.23540370649023867,0,0,none,0
kmDkhO47Svs,UC8wXC0ZCfGt3HaVLy_fdTQw,time,14,13.8853,28,14931.15,17246,,,insufficient,0.26036525942759003,0,0,none,0
dvuKqGfX52M,UC_wSuaxwUYsJOBZDWwHIQZg,time,0.5,0.6179,27,35149.36,48122,59218.00000000002,0.5935587070043581,early,,14,8,none,0
dvuKqGfX52M,UC_wSuaxwUYsJOBZDWwHIQZg,time,1,0.6179,27,35149.36,48122,59218.00000000002,0.5935587070043581,early,,14,8,none,0
dvuKqGfX52M,UC_wSuaxwUYsJOBZDWwHIQZg,time,2,1.6179,27,55152.77,48122,58450,0.943588914439885,early,1.0997300332629942,15,9,none,0
dvuKqGfX52M,UC_wSuaxwUYsJOBZDWwHIQZg,time,3,2.6179,27,46998.95,48122,58450,0.8040880947558264,early,0.8720066513822954,15,8,none,0
dvuKqGfX52M,UC_wSuaxwUYsJOBZDWwHIQZg,time,5,4.6179,27,49571.60,48122,58450,0.8481027369066717,likely,0.7110452593320682,15,8,none,0
dvuKqGfX52M,UC_wSuaxwUYsJOBZDWwHIQZg,time,7,6.6179,27,49497.10,48122,58450,0.8468280913602432,likely,0.6450591635567768,15,8,none,0
dvuKqGfX52M,UC_wSuaxwUYsJOBZDWwHIQZg,time,14,12.6179,27,54522.39,48122,58450,0.9328038577877735,confirmed,0.5308266420339941,15,7,none,0
ioD2hN8pJVE,UCpXipTyhIY9kprpvVd-lu0A,time,5,5.9270,29,62264.32,54015,56729.40407001145,1.0975670248542668,likely,,15,15,none,0
ioD2hN8pJVE,UCpXipTyhIY9kprpvVd-lu0A,time,7,6.9270,29,51719.33,54015,56363.9806764152,0.9175954947068745,likely,0.20051025835262357,15,15,none,0
ioD2hN8pJVE,UCpXipTyhIY9kprpvVd-lu0A,time,14,14.9270,29,56449.92,54015,54338.13814248552,1.038863673532234,confirmed,0.15115251914792685,15,13,none,0
2IAJQ1GPJ2s,UCso1B56GyEtnhn2OPENKXoQ,time,14,14.1651,27,84.24,79,179.04873116159223,0.47047557784151,confirmed,,12,12,none,0
YyBrLCsE1Fo,UCJ1RVDuSiJncq6VQYiqpzLA,time,14,12.9992,28,516.03,503,1138.6146773522426,0.45320434971052825,confirmed,0.22913631728126402,15,15,none,0
Uq3JztvbuWI,UChp9CTuvR1yfh_qLnvxm8cA,heldout,1,0.9160,29,14268.50,35613,94839.54279928566,0.1504488184530828,early,,14,14,none,0
Uq3JztvbuWI,UChp9CTuvR1yfh_qLnvxm8cA,heldout,3,3.9160,29,39507.88,35613,99775.09430981419,0.39596931690324744,likely,1.202894926262612,14,14,none,0
Uq3JztvbuWI,UChp9CTuvR1yfh_qLnvxm8cA,heldout,5,4.9160,29,38429.61,35613,101226.09072231255,0.37964136838047,likely,1.1013959213878808,14,14,none,0
Uq3JztvbuWI,UChp9CTuvR1yfh_qLnvxm8cA,heldout,7,5.9160,29,41007.03,35613,102870.89637343942,0.3986261102930288,likely,1.0179604775346465,14,14,none,0
Uq3JztvbuWI,UChp9CTuvR1yfh_qLnvxm8cA,heldout,14,13.9160,29,35332.17,35613,115692.68557023702,0.30539674539338685,confirmed,0.7534736382625798,14,14,none,0
luJysbhW8jU,UCI0vQvr9aFn27yR6Ej6n5UA,time,5,6.2452,28,1099.35,937,956.1984992012156,1.1497126230810886,likely,,15,13,none,0
luJysbhW8jU,UCI0vQvr9aFn27yR6Ej6n5UA,time,7,7.2452,28,966.32,937,956.1984992012156,1.0105808004385914,confirmed,0.05297604121728289,15,13,none,0
luJysbhW8jU,UCI0vQvr9aFn27yR6Ej6n5UA,time,14,12.2452,28,924.77,937,957.9999999999998,0.9653145195942693,confirmed,0.0412538318769563,15,12,none,0
BButao-i5jk,UCT_8YwHmACxpUootXe7yKjA,time,1,1.8745,28,34266.09,53728,24460.957497711934,1.4008484030987642,early,,15,14,none,0
BButao-i5jk,UCT_8YwHmACxpUootXe7yKjA,time,2,1.8745,28,34266.09,53728,24460.957497711934,1.4008484030987642,early,,15,14,none,0
BButao-i5jk,UCT_8YwHmACxpUootXe7yKjA,time,3,2.8745,28,28732.15,53728,24485.26484295545,1.173446667075536,early,0.36547415014737455,15,14,none,0
BButao-i5jk,UCT_8YwHmACxpUootXe7yKjA,time,5,4.8745,28,29138.26,53728,24370.305462492506,1.1956461170729067,likely,0.2951722005732087,15,14,none,0
BButao-i5jk,UCT_8YwHmACxpUootXe7yKjA,time,7,6.8745,28,33738.75,53728,24729.475484037874,1.3643132843063903,likely,0.3700842976383877,15,13,none,0
BButao-i5jk,UCT_8YwHmACxpUootXe7yKjA,time,14,13.8745,28,46804.05,53728,25631.531431501287,1.826034247754586,confirmed,0.4755723748634673,15,11,none,0
BaksFFzrdBQ,UCGxjDWAN1KwrkXYVi8CXtjQ,time,1,0.9998,27,19146.29,39293,21842.999999999993,0.8765411148230751,early,,15,9,none,0
BaksFFzrdBQ,UCGxjDWAN1KwrkXYVi8CXtjQ,time,2,1.9998,27,17807.20,39293,21842.999999999993,0.8152358763771657,early,0.6298753334968942,15,9,none,0
BaksFFzrdBQ,UCGxjDWAN1KwrkXYVi8CXtjQ,time,3,2.9998,27,20840.85,39293,21842.999999999993,0.9541202900337311,early,0.6201724712481499,15,8,none,0
BaksFFzrdBQ,UCGxjDWAN1KwrkXYVi8CXtjQ,time,5,5.9998,27,39660.66,39293,21842.999999999993,1.815715067290443,likely,0.8961109227334202,15,7,none,0
BaksFFzrdBQ,UCGxjDWAN1KwrkXYVi8CXtjQ,time,7,6.9998,27,42157.35,39293,21842.999999999993,1.9300164053619981,likely,0.8539990799424119,15,7,none,0
BaksFFzrdBQ,UCGxjDWAN1KwrkXYVi8CXtjQ,time,14,14.9998,27,44788.97,39293,21842.999999999993,2.050495151622611,confirmed,0.7126682216400987,15,3,none,0
-m33dn_3sNQ,UCQHX6ViZmPsWiYSFAyS0a3Q,time,0.5,0.6812,27,647274.96,552139,385728.9104885629,1.6780566522999116,early,,14,14,none,0
-m33dn_3sNQ,UCQHX6ViZmPsWiYSFAyS0a3Q,time,1,0.6812,27,647274.96,552139,385728.9104885629,1.6780566522999116,early,,14,14,none,0
-m33dn_3sNQ,UCQHX6ViZmPsWiYSFAyS0a3Q,time,2,1.6812,27,560638.78,552139,430516.63423461263,1.302246488631225,early,0.6105967326530748,15,15,none,0
-m33dn_3sNQ,UCQHX6ViZmPsWiYSFAyS0a3Q,time,3,2.6812,27,581703.15,552139,427096.01922707696,1.3619961766589272,early,0.4863519552939565,15,15,none,0
-m33dn_3sNQ,UCQHX6ViZmPsWiYSFAyS0a3Q,time,5,4.6812,27,544189.50,552139,424041.74411153817,1.2833394609426738,likely,0.39212590562621313,15,15,none,0
-m33dn_3sNQ,UCQHX6ViZmPsWiYSFAyS0a3Q,time,7,6.6812,27,553010.63,552139,412875.76841794973,1.3394116779383944,likely,0.3826539995426525,15,15,none,0
-m33dn_3sNQ,UCQHX6ViZmPsWiYSFAyS0a3Q,time,14,13.6812,27,499504.90,552139,382723.6852380461,1.30513191287719,confirmed,0.3118765377811666,15,11,none,0
FXrcFeuYtq8,UCBJycsmduvYEL83R_U4JriQ,heldout,7,7.7625,29,5897589.45,5850631,3391993.9999999995,1.7386792101188409,confirmed,,15,11,none,0
FXrcFeuYtq8,UCBJycsmduvYEL83R_U4JriQ,heldout,14,13.7625,29,5992710.10,5850631,3391993.9999999995,1.7667219044695963,confirmed,0.1461955948867363,15,10,none,0
xvK48fvAj5E,UCjG94SagJZoyPggcBhUdFCA,time,14,13.4991,28,126810.43,127315,139166.64671336024,0.9112127889063684,confirmed,0.07141146203677819,15,14,none,0
r2eMRo8RwUY,UCDFwzav9y6jSFwZDr5EPHuA,heldout,14,14.9791,31,543646.46,555839,399423.03516664536,1.361079388809942,confirmed,0.2227513718146585,15,14,none,0
JPNjd7ZJvo8,UC_7aK9PpYTqt08ERh1MewlQ,time,1,0.9578,27,24453.77,20242,24381.318985162077,1.0029713833940281,early,,15,9,none,0
JPNjd7ZJvo8,UC_7aK9PpYTqt08ERh1MewlQ,time,2,1.9578,27,25737.49,20242,24623.999999999993,1.045219706244609,early,0.7361955369140988,15,8,none,0
JPNjd7ZJvo8,UC_7aK9PpYTqt08ERh1MewlQ,time,3,3.9578,27,26385.34,20242,24623.999999999993,1.0715295314301627,likely,0.5472846650400811,15,8,none,0
JPNjd7ZJvo8,UC_7aK9PpYTqt08ERh1MewlQ,time,5,4.9578,27,23650.35,20242,24623.999999999993,0.96045932753719,likely,0.4998100743484063,15,8,none,0
JPNjd7ZJvo8,UC_7aK9PpYTqt08ERh1MewlQ,time,7,6.9578,27,23485.51,20242,24623.999999999993,0.9537649547227417,likely,0.42689957446621224,15,8,none,0
JPNjd7ZJvo8,UC_7aK9PpYTqt08ERh1MewlQ,time,14,14.9578,27,20884.09,20242,24623.999999999993,0.8481194951106353,confirmed,0.3142093427336207,15,7,none,0
N8UbjuIMaEg,UCCZLVYAGIoGvaFUrTyyeaXA,time,5,5.0200,28,7694.83,6091,11190.756846285816,0.687605558294627,likely,,6,6,none,0
N8UbjuIMaEg,UCCZLVYAGIoGvaFUrTyyeaXA,time,7,7.0200,28,6380.54,6091,10730.155004084432,0.5946365960902336,confirmed,0.08819952701591768,6,6,none,0
N8UbjuIMaEg,UCCZLVYAGIoGvaFUrTyyeaXA,time,14,13.0200,28,6191.32,6091,9776.894845342178,0.6332601695381536,confirmed,0.06763450304004698,6,6,none,0
PPaeqm6WnNU,UCeYUHG6o0YguM-g23htdsSw,time,1,1.9995,27,720.11,730,785.8470106626146,0.9163509767669491,early,,13,12,none,0
PPaeqm6WnNU,UCeYUHG6o0YguM-g23htdsSw,time,2,1.9995,27,720.11,730,785.8470106626146,0.9163509767669491,early,,13,12,none,0
PPaeqm6WnNU,UCeYUHG6o0YguM-g23htdsSw,time,3,2.9995,27,507.45,730,773.5216954864977,0.6560318830031305,early,0.2016625382576528,15,12,none,0
PPaeqm6WnNU,UCeYUHG6o0YguM-g23htdsSw,time,5,4.9995,27,710.36,730,758.9659975135527,0.9359595418086507,likely,0.4140462154560346,15,11,none,0
PPaeqm6WnNU,UCeYUHG6o0YguM-g23htdsSw,time,7,6.9995,27,701.38,730,748.9981369388629,0.9364302695593267,likely,0.36914970201461467,15,10,none,0
PPaeqm6WnNU,UCeYUHG6o0YguM-g23htdsSw,time,14,14.9995,27,714.15,730,741.0253716793064,0.9637347584074079,confirmed,0.30170705163439826,15,6,none,0
l1fA8Gyb_Po,UC3-yU9goxlunhnRS8tmeeHg,time,5,4.9909,27,33.99,63,,,insufficient,,0,0,none,0
l1fA8Gyb_Po,UC3-yU9goxlunhnRS8tmeeHg,time,7,6.9909,27,53.79,63,,,insufficient,0.9637928507110132,0,0,none,0
l1fA8Gyb_Po,UC3-yU9goxlunhnRS8tmeeHg,time,14,15.9909,27,60.78,63,,,insufficient,0.6257700368052259,0,0,none,0
knMsCciLCpc,UCb4GVe1qSCpWJYxcCF_EmOA,heldout,1,1.8577,27,34404.50,26951,38565.50343240109,0.8921056711885632,early,,15,15,none,0
knMsCciLCpc,UCb4GVe1qSCpWJYxcCF_EmOA,time,1,1.8577,27,34404.50,26951,38565.50343240109,0.8921056711885632,early,,15,15,none,0
knMsCciLCpc,UCb4GVe1qSCpWJYxcCF_EmOA,heldout,2,1.8577,27,34404.50,26951,38565.50343240109,0.8921056711885632,early,,15,15,none,0
knMsCciLCpc,UCb4GVe1qSCpWJYxcCF_EmOA,time,2,1.8577,27,34404.50,26951,38565.50343240109,0.8921056711885632,early,,15,15,none,0
knMsCciLCpc,UCb4GVe1qSCpWJYxcCF_EmOA,heldout,3,2.8577,27,24820.51,26951,38671.259001504426,0.6418336262190968,early,0.27163806805045,15,15,none,0
knMsCciLCpc,UCb4GVe1qSCpWJYxcCF_EmOA,time,3,2.8577,27,24820.51,26951,38671.259001504426,0.6418336262190968,early,0.27163806805045,15,15,none,0
knMsCciLCpc,UCb4GVe1qSCpWJYxcCF_EmOA,heldout,5,4.8577,27,25181.88,26951,38850.02096863405,0.6481819061753888,likely,0.25473053620243746,15,15,none,0
knMsCciLCpc,UCb4GVe1qSCpWJYxcCF_EmOA,time,5,4.8577,27,25181.88,26951,38850.02096863405,0.6481819061753888,likely,0.25473053620243746,15,15,none,0
knMsCciLCpc,UCb4GVe1qSCpWJYxcCF_EmOA,heldout,7,7.8577,27,29092.03,26951,39209.631450500165,0.7419612949768168,confirmed,0.23530873009257988,15,14,none,0
knMsCciLCpc,UCb4GVe1qSCpWJYxcCF_EmOA,time,7,7.8577,27,29092.03,26951,39209.631450500165,0.7419612949768168,confirmed,0.23530873009257988,15,14,none,0
knMsCciLCpc,UCb4GVe1qSCpWJYxcCF_EmOA,heldout,14,15.8577,27,28261.92,26951,39668.374931817074,0.7124546150824261,confirmed,0.19499417709590927,15,14,none,0
knMsCciLCpc,UCb4GVe1qSCpWJYxcCF_EmOA,time,14,15.8577,27,28261.92,26951,39668.374931817074,0.7124546150824261,confirmed,0.19499417709590927,15,14,none,0
smwzRFwPef0,UCiDJtJKMICpb9B1qf7qjEOA,heldout,5,6.9156,30,100473.10,86738,110230.46542344382,0.911482143936849,likely,,15,15,none,0
smwzRFwPef0,UCiDJtJKMICpb9B1qf7qjEOA,heldout,7,6.9156,30,100473.10,86738,110230.46542344382,0.911482143936849,likely,,15,15,none,0
smwzRFwPef0,UCiDJtJKMICpb9B1qf7qjEOA,heldout,14,13.9156,30,85694.79,86738,107616.8479672125,0.796295259352833,confirmed,0.061115795868169225,15,15,none,0
1dM4ZdSD2Dw,UC8fQzKHIhSoZeSq3bwQx4mw,time,5,6.7962,27,251.86,223,,,insufficient,,1,1,none,0
1dM4ZdSD2Dw,UC8fQzKHIhSoZeSq3bwQx4mw,time,7,6.7962,27,251.86,223,,,insufficient,,1,1,none,0
1dM4ZdSD2Dw,UC8fQzKHIhSoZeSq3bwQx4mw,time,14,12.7963,27,219.05,223,,,insufficient,0.1020911136282714,1,1,none,0
CAdfrc55Dfg,UCEf_Bc-KVd7onSeifS3py9g,time,1,1.1248,28,121817.53,59103,356810.0490206148,0.3414072413575397,early,1.2519868634513494,14,13,none,0
CAdfrc55Dfg,UCEf_Bc-KVd7onSeifS3py9g,time,2,2.1248,28,94157.53,59103,303092.00000000023,0.3106566057866906,early,0.8127045772908867,15,12,none,0
CAdfrc55Dfg,UCEf_Bc-KVd7onSeifS3py9g,time,3,3.1248,28,125215.63,59103,303092.00000000023,0.4131274730976657,likely,0.6558427195198578,15,12,none,0
CAdfrc55Dfg,UCEf_Bc-KVd7onSeifS3py9g,time,5,5.1248,28,121301.88,59103,303092.00000000023,0.40021472263760055,likely,0.5159170506070613,15,12,none,0
CAdfrc55Dfg,UCEf_Bc-KVd7onSeifS3py9g,time,7,7.1248,28,69271.22,59103,303092.00000000023,0.22854849238080277,confirmed,0.45079844838934424,15,11,none,0
CAdfrc55Dfg,UCEf_Bc-KVd7onSeifS3py9g,time,14,14.1248,28,64948.36,59103,303092.00000000023,0.21428597127036045,confirmed,0.3542826778196137,15,8,none,0
2_3dynQg0gw,UCQQFz2LkJMoqSFTas-oozOw,time,14,12.8991,27,15108.54,16195,7725.205599415111,1.9557458210977252,confirmed,,15,15,none,0
i4TkaesMBtM,UCIp9sEZiv36cDG7cEnrVU7Q,time,1,0.9682,30,11822.40,29613,11122.497275817248,1.062926804496784,early,,15,14,none,0
i4TkaesMBtM,UCIp9sEZiv36cDG7cEnrVU7Q,time,2,1.9682,30,14953.32,29613,11209.370688250276,1.334001420221083,early,0.9791640330906665,15,14,none,0
i4TkaesMBtM,UCIp9sEZiv36cDG7cEnrVU7Q,time,3,3.9682,30,18683.78,29613,11135.423221666932,1.6778693109412728,likely,0.8295671035772534,15,13,none,0
i4TkaesMBtM,UCIp9sEZiv36cDG7cEnrVU7Q,time,5,4.9682,30,21896.81,29613,11068.242929968394,1.9783456438154212,likely,0.7818343958101098,15,13,none,0
i4TkaesMBtM,UCIp9sEZiv36cDG7cEnrVU7Q,time,7,6.9682,30,22950.71,29613,10943.930080510567,2.0971179663125126,likely,0.7511955271608174,15,13,none,0
i4TkaesMBtM,UCIp9sEZiv36cDG7cEnrVU7Q,time,14,13.9682,30,32111.26,29613,10737.459366331152,2.990583067518652,confirmed,0.7729595719643761,15,12,none,0
bLMOgtfs_qQ,UCXUSs6sOB2GIcdyvLKljUrg,time,14,12.7910,27,5380.77,5389,7150.978642569636,0.7524515878754414,confirmed,0.22014070245226464,15,13,none,0
BapqrOH3dHE,UCT6fVez_0DmaZ_WDaRhUw2A,heldout,1,1.6665,30,129968.00,283549,22321.08281974125,5.822656580046387,early,,14,14,none,0
BapqrOH3dHE,UCT6fVez_0DmaZ_WDaRhUw2A,heldout,2,1.6665,30,129968.00,283549,22321.08281974125,5.822656580046387,early,,14,14,none,0
BapqrOH3dHE,UCT6fVez_0DmaZ_WDaRhUw2A,heldout,3,2.6665,30,112553.48,283549,17947.51990864813,6.271255457294964,early,0.4439653300593665,15,15,none,0
BapqrOH3dHE,UCT6fVez_0DmaZ_WDaRhUw2A,heldout,5,4.6665,30,312053.83,283549,18110.119887359357,17.230908854491943,likely,1.1639004661092116,15,15,none,0
BapqrOH3dHE,UCT6fVez_0DmaZ_WDaRhUw2A,heldout,7,6.6665,30,334535.97,283549,18110.119887359357,18.47232241538383,likely,1.0255081867559113,15,15,none,0
BapqrOH3dHE,UCT6fVez_0DmaZ_WDaRhUw2A,heldout,14,13.6665,30,323622.86,283549,18441.723692024778,17.548406050590668,confirmed,0.7115660902567784,15,14,none,0
jTdxmKB2EtM,UCiDJtJKMICpb9B1qf7qjEOA,time,1,0.9158,29,120535.67,108461,66342.10702216408,1.816880404601996,early,,14,14,none,0
jTdxmKB2EtM,UCiDJtJKMICpb9B1qf7qjEOA,time,2,1.9158,29,107713.05,108461,83063.68682800641,1.2967525831323707,early,0.5129646351100225,15,15,none,0
jTdxmKB2EtM,UCiDJtJKMICpb9B1qf7qjEOA,time,3,2.9158,29,95061.35,108461,81350.35238847262,1.1685425721731542,early,0.4159242223380188,15,15,none,0
jTdxmKB2EtM,UCiDJtJKMICpb9B1qf7qjEOA,time,5,4.9158,29,108973.33,108461,78622.23005118489,1.3860370817078933,likely,0.398526984215395,15,15,none,0
jTdxmKB2EtM,UCiDJtJKMICpb9B1qf7qjEOA,time,7,6.9158,29,107247.15,108461,77244.36006589927,1.3884139622918585,likely,0.3673498410866593,15,15,none,0
jTdxmKB2EtM,UCiDJtJKMICpb9B1qf7qjEOA,time,14,13.9158,29,108948.46,108461,78232.64306065241,1.392621527430872,confirmed,0.3224933317900564,15,15,none,0
N5xhOqlvRh4,UCR-DXc1voovS8nhAvccRZhg,time,1,0.8745,27,589226.04,561157,203128.81859932712,2.900750587080845,early,,15,12,none,0
N5xhOqlvRh4,UCR-DXc1voovS8nhAvccRZhg,time,2,1.8745,27,714160.97,561157,203535.88351466716,3.508771808769484,early,0.841192699816055,15,12,none,0
N5xhOqlvRh4,UCR-DXc1voovS8nhAvccRZhg,time,3,2.8745,27,633734.93,561157,204260.22954391484,3.1025860138869428,early,0.6335818161493845,15,12,none,0
N5xhOqlvRh4,UCR-DXc1voovS8nhAvccRZhg,time,5,4.8745,27,602860.10,561157,204644.0000000001,2.9458967698340484,likely,0.5016720143864317,15,11,none,0
N5xhOqlvRh4,UCR-DXc1voovS8nhAvccRZhg,time,7,6.8745,27,546353.46,561157,204644.0000000001,2.6697751044689815,likely,0.4390180372763486,15,10,none,0
N5xhOqlvRh4,UCR-DXc1voovS8nhAvccRZhg,time,14,12.8745,27,564910.75,561157,204644.0000000001,2.7604559564009814,confirmed,0.3474444587019615,15,10,none,0
FXseY7Dwbcw,UC1226ElkVkwZyh74jipyw1Q,time,3,3.9997,27,103.06,78,,,insufficient,,1,1,none,0
FXseY7Dwbcw,UC1226ElkVkwZyh74jipyw1Q,time,5,4.9997,27,74.12,78,,,insufficient,0,1,1,none,0
FXseY7Dwbcw,UC1226ElkVkwZyh74jipyw1Q,time,7,6.9997,27,75.85,78,,,insufficient,0.12705535357283262,1,1,none,0
FXseY7Dwbcw,UC1226ElkVkwZyh74jipyw1Q,time,14,14.9997,27,76.46,78,,,insufficient,0.11148458698092781,1,1,none,0
xx0jNSWZVMg,UCUnFheTbVpASikm0YPb8pSw,time,14,12.7222,27,3758.68,3438,5568.137117786108,0.6750338397376151,confirmed,0.333607003542118,15,14,none,0
Z_BrzVJGfI4,UC2EHd4fvq9t8WrKPgqhoYIQ,time,2,2.6874,27,6698.82,5660,8414.066974315934,0.7961455117700907,early,,14,13,none,0
Z_BrzVJGfI4,UC2EHd4fvq9t8WrKPgqhoYIQ,time,3,2.6874,27,6698.82,5660,8414.066974315934,0.7961455117700907,early,,14,13,none,0
Z_BrzVJGfI4,UC2EHd4fvq9t8WrKPgqhoYIQ,time,5,4.6874,27,5214.49,5660,8384.065891808366,0.621952103891602,likely,0.18265576450426982,15,14,none,0
Z_BrzVJGfI4,UC2EHd4fvq9t8WrKPgqhoYIQ,time,7,7.6874,27,5403.23,5660,8383.375170687052,0.644517695810803,confirmed,0.17652447113743794,15,13,none,0
Z_BrzVJGfI4,UC2EHd4fvq9t8WrKPgqhoYIQ,time,14,12.6874,27,5654.56,5660,8319.999999999995,0.6796342971391928,confirmed,0.15860916670505815,15,11,none,0
u6TQNollK7c,UCvJJ_dzjViJCoLf5uKUTwoA,time,7,8.8321,28,58414.33,49951,365420.84108982974,0.15985494924539553,confirmed,,14,12,none,0
u6TQNollK7c,UCvJJ_dzjViJCoLf5uKUTwoA,time,14,13.8321,28,49653.50,49951,366416.99999999977,0.1355109154829147,confirmed,0.0859239036030165,15,9,none,0
00J0Hso1lUg,UCsLt8oYvDYGpSHcGhRBBkyw,heldout,14,14.2854,28,16155.97,13366,2614.0503211912173,6.180437116741571,confirmed,0.802191777219168,15,15,none,0
rRKQh5Etff4,UCZDXM1926FRjQGNWNGSpBQQ,time,2,2.7907,27,11491.85,9157,8591.447322423788,1.3375916700510497,early,,15,14,none,0
rRKQh5Etff4,UCZDXM1926FRjQGNWNGSpBQQ,time,3,2.7907,27,11491.85,9157,8591.447322423788,1.3375916700510497,early,,15,14,none,0
rRKQh5Etff4,UCZDXM1926FRjQGNWNGSpBQQ,time,5,4.7907,27,8871.36,9157,8516.221013861343,1.0417010356756198,likely,0.16717246818839723,15,13,none,0
rRKQh5Etff4,UCZDXM1926FRjQGNWNGSpBQQ,time,7,7.7907,27,9410.31,9157,8421.763599855693,1.1173801290050185,confirmed,0.19779716741605036,15,13,none,0
rRKQh5Etff4,UCZDXM1926FRjQGNWNGSpBQQ,time,14,15.7907,27,9749.27,9157,8357.000000000002,1.1665997722607258,confirmed,0.14315223089807316,15,9,none,0
0jk1zGhHb-g,UCQ4FNww3XoNgqIlkBqEAVCg,heldout,1,0.8948,27,256468.07,543274,289099.7795902643,0.8871264969467442,early,,15,13,none,0
0jk1zGhHb-g,UCQ4FNww3XoNgqIlkBqEAVCg,time,1,0.8948,27,256468.07,543274,289099.7795902643,0.8871264969467442,early,,15,13,none,0
0jk1zGhHb-g,UCQ4FNww3XoNgqIlkBqEAVCg,heldout,2,1.8948,27,330106.03,543274,290422.29507707775,1.1366415041956348,early,0.9904327145359487,15,12,none,0
0jk1zGhHb-g,UCQ4FNww3XoNgqIlkBqEAVCg,time,2,1.8948,27,330106.03,543274,290422.29507707775,1.1366415041956348,early,0.9904327145359487,15,12,none,0
0jk1zGhHb-g,UCQ4FNww3XoNgqIlkBqEAVCg,heldout,3,2.8948,27,346798.29,543274,292695.0709318062,1.1848449927897464,early,0.8496629113426065,15,12,none,0
0jk1zGhHb-g,UCQ4FNww3XoNgqIlkBqEAVCg,time,3,2.8948,27,346798.29,543274,292695.0709318062,1.1848449927897464,early,0.8496629113426065,15,12,none,0
0jk1zGhHb-g,UCQ4FNww3XoNgqIlkBqEAVCg,heldout,5,4.8948,27,507481.14,543274,294475.8188847557,1.7233372091992787,likely,0.8361236794557674,15,12,none,0
0jk1zGhHb-g,UCQ4FNww3XoNgqIlkBqEAVCg,time,5,4.8948,27,507481.14,543274,294475.8188847557,1.7233372091992787,likely,0.8361236794557674,15,12,none,0
0jk1zGhHb-g,UCQ4FNww3XoNgqIlkBqEAVCg,heldout,7,6.8948,27,597670.81,543274,298014.05600453215,2.005512140547775,likely,0.8480708159735377,15,12,none,0
0jk1zGhHb-g,UCQ4FNww3XoNgqIlkBqEAVCg,time,7,6.8948,27,597670.81,543274,298014.05600453215,2.005512140547775,likely,0.8480708159735377,15,12,none,0
0jk1zGhHb-g,UCQ4FNww3XoNgqIlkBqEAVCg,heldout,14,12.8948,27,574861.33,543274,300209.00000000006,1.9148704182062088,confirmed,0.7033175882827499,15,10,none,0
0jk1zGhHb-g,UCQ4FNww3XoNgqIlkBqEAVCg,time,14,12.8948,27,574861.33,543274,300209.00000000006,1.9148704182062088,confirmed,0.7033175882827499,15,10,none,0
xl2B9ssZc-s,UC9_p50tH3WmMslWRWKnM7dQ,time,0.5,0.7014,27,255199.91,216822,180266.99744931114,1.4156773668031193,early,,15,11,none,0
xl2B9ssZc-s,UC9_p50tH3WmMslWRWKnM7dQ,time,1,0.7014,27,255199.91,216822,180266.99744931114,1.4156773668031193,early,,15,11,none,0
xl2B9ssZc-s,UC9_p50tH3WmMslWRWKnM7dQ,time,2,1.7014,27,229202.17,216822,180266.99744931114,1.2714593818098263,early,0.6948708774144369,15,11,none,0
xl2B9ssZc-s,UC9_p50tH3WmMslWRWKnM7dQ,time,3,2.7014,27,239931.32,216822,180189.83186508418,1.3315474941999708,early,0.5484468481355881,15,10,none,0
xl2B9ssZc-s,UC9_p50tH3WmMslWRWKnM7dQ,time,5,4.7014,27,213768.96,216822,180189.83186508418,1.1863541869654688,likely,0.45057898427625476,15,10,none,0
xl2B9ssZc-s,UC9_p50tH3WmMslWRWKnM7dQ,time,7,6.7014,27,223994.06,216822,179871.70694304717,1.245299024347071,likely,0.40287404314562464,15,10,none,0
xl2B9ssZc-s,UC9_p50tH3WmMslWRWKnM7dQ,time,14,15.7014,27,219762.61,216822,179350.04339232642,1.2253278724848882,confirmed,0.3239736779898151,15,9,none,0
EjZPGbZDJx8,UC1KoulyXR8gBGyxv7r6pWQg,time,7,7.8957,27,66512.77,101983,20827.701162270445,3.1934765257974265,confirmed,,15,14,none,0
EjZPGbZDJx8,UC1KoulyXR8gBGyxv7r6pWQg,time,14,13.8957,27,87055.85,101983,20902.99999999998,4.164753971362222,confirmed,0.5112795028377786,15,10,none,0
v9HMCzFl-sY,UCs07L46sXZqkJbUSXTJa_0Q,time,14,13.9783,29,36559.32,41949,11506.620560605848,3.177241813799944,confirmed,,15,15,none,0
7QL71cJ83AY,UCcTiu6qN0sm433gR8wjoVCA,time,5,6.5236,29,1507.36,1334,,,insufficient,,1,1,none,0
7QL71cJ83AY,UCcTiu6qN0sm433gR8wjoVCA,time,7,6.5236,29,1507.36,1334,,,insufficient,,1,1,none,0
7QL71cJ83AY,UCcTiu6qN0sm433gR8wjoVCA,time,14,13.5236,29,1318.44,1334,,,insufficient,0.0971701752395135,1,1,none,0
zTxPLhbm-I0,UCFYwroBRnRal6AB0G7MDHgA,heldout,1,1.8736,30,561.13,467,,,insufficient,,4,4,none,0
zTxPLhbm-I0,UCFYwroBRnRal6AB0G7MDHgA,heldout,2,1.8736,30,561.13,467,,,insufficient,,4,4,none,0
zTxPLhbm-I0,UCFYwroBRnRal6AB0G7MDHgA,heldout,3,2.8736,30,381.83,467,,,insufficient,0.0772398684164353,4,4,none,0
zTxPLhbm-I0,UCFYwroBRnRal6AB0G7MDHgA,heldout,5,4.8736,30,372.87,467,,,insufficient,0.12054473213413386,4,4,none,0
zTxPLhbm-I0,UCFYwroBRnRal6AB0G7MDHgA,heldout,7,6.8736,30,373.77,467,,,insufficient,0.12417595721784733,4,4,none,0
zTxPLhbm-I0,UCFYwroBRnRal6AB0G7MDHgA,heldout,14,13.8736,30,375.07,467,,,insufficient,0.11594754683510207,4,4,none,0
pOWnUoNDGdo,UCnwAlhoB5rVhh6y5P96RXAw,time,1,0.9570,29,6354.09,93184,75137.78078938767,0.08456584828348371,early,,15,15,none,0
pOWnUoNDGdo,UCnwAlhoB5rVhh6y5P96RXAw,time,2,1.9570,29,4796.74,93184,79670.94938725834,0.06020692478292462,early,0.3225929981382566,15,15,none,0
pOWnUoNDGdo,UCnwAlhoB5rVhh6y5P96RXAw,time,3,2.9570,29,6201.44,93184,83979.24607878279,0.07384490194098013,early,0.5154162602380031,15,15,none,0
pOWnUoNDGdo,UCnwAlhoB5rVhh6y5P96RXAw,time,5,4.9570,29,6157.85,93184,84377.99999999994,0.0729793402306161,likely,0.4660674666141018,15,14,none,0
pOWnUoNDGdo,UCnwAlhoB5rVhh6y5P96RXAw,time,7,6.9570,29,10439.97,93184,84377.99999999994,0.12372859636037013,likely,0.5499764184657119,15,12,none,0
pOWnUoNDGdo,UCnwAlhoB5rVhh6y5P96RXAw,time,14,13.9570,29,20125.06,93184,104677.62787627341,0.1922575547680811,confirmed,0.7669114107171454,15,8,none,0
8LUcoCag4Ds,UC-No2ITxJsNt50oJQ3fLmUA,time,14,13.7406,28,135169.14,134716,90309.16639647861,1.4967377558315993,confirmed,0.18538765717818081,15,13,none,0
noyn12MBQKs,UCFs23bEpTlHJt1RVN0UWI3Q,time,7,7.8538,27,2252.86,2009,2895.789306506892,0.7779765278696865,confirmed,,15,15,none,0
noyn12MBQKs,UCFs23bEpTlHJt1RVN0UWI3Q,time,14,12.8538,27,1952.87,2009,2845.450959142748,0.686312662178991,confirmed,0.12266845025590875,15,15,none,0
Vug4adDs3yA,UCnSg7AKhnTGnac-3zGdv5Qg,time,14,13.9160,28,897.87,1014,1599.9999999999998,0.5611716546893478,confirmed,0.36199888597514596,15,13,none,0
qg1CxJhHCgk,UC7dR3zb454qbmuzTR2_ABhQ,time,5,6.9369,29,158519.72,180068,,,insufficient,,0,0,none,0
qg1CxJhHCgk,UC7dR3zb454qbmuzTR2_ABhQ,time,7,6.9369,29,158519.72,180068,,,insufficient,,0,0,none,0
qg1CxJhHCgk,UC7dR3zb454qbmuzTR2_ABhQ,time,14,13.9369,29,163315.80,180068,,,insufficient,0.23341529697977845,0,0,none,0
YQPOeISbBJA,UCOSiQnmt9TJRTxIjyl0iO0A,time,1,0.7950,29,1677.95,1201,2364.9999999999995,0.7094930846477119,early,,15,12,none,0
YQPOeISbBJA,UCOSiQnmt9TJRTxIjyl0iO0A,time,2,1.7950,29,1898.61,1201,2364.9999999999995,0.8027941686914268,early,0.8844563249859738,15,12,none,0
YQPOeISbBJA,UCOSiQnmt9TJRTxIjyl0iO0A,time,3,2.7950,29,1649.37,1201,2364.9999999999995,0.6974084352197467,early,0.6288389080672864,15,11,none,0
YQPOeISbBJA,UCOSiQnmt9TJRTxIjyl0iO0A,time,5,4.7950,29,1495.50,1201,2335.2021120998475,0.640414728175386,likely,0.4571974058459822,15,10,none,0
YQPOeISbBJA,UCOSiQnmt9TJRTxIjyl0iO0A,time,7,6.7950,29,1401.50,1201,2258.7925547682476,0.6204645597653012,likely,0.3804722944995025,15,9,none,0
YQPOeISbBJA,UCOSiQnmt9TJRTxIjyl0iO0A,time,14,13.7950,29,1248.97,1201,2154.3870376391155,0.5797356145705684,confirmed,0.2891369575374355,15,7,none,0
uh_a6XdQd_8,UCZ_ze60L9PratISNxDwFEVg,time,14,14.9570,27,1208.09,1242,738.712774515735,1.6353974009505408,confirmed,0.5584670188592723,15,13,none,0
pG39Zer2EVU,UCPAt6z5uX_c5Eo_cSNROzYw,time,7,8.8756,28,12043.78,9813,4126.788386819848,2.918438066476215,confirmed,,15,15,none,0
pG39Zer2EVU,UCPAt6z5uX_c5Eo_cSNROzYw,time,14,13.8756,28,10002.00,9813,3835.8922214233066,2.6074757226324268,confirmed,0.029429268829547016,15,15,none,0
EmloRnMIZdw,UCgJCa5JyZUFkw2evyuvLbJA,heldout,1,0.8370,31,6600.30,17988,11555.805733353114,0.5711670238769759,early,,14,12,none,0
EmloRnMIZdw,UCgJCa5JyZUFkw2evyuvLbJA,heldout,14,15.8370,31,18922.93,17988,11090.816250735093,1.706179911112827,confirmed,0.8095770334226832,15,13,none,0
0BsiuLBfqOY,UC6BW8DqrAmBEIeCtMa4bfBw,time,14,13.2593,27,2779.86,2747,4013.0049807263376,0.6927117800170669,confirmed,,15,15,none,0
s_VVK_0dQno,UCGpsgNbzdF7BECCVbB1COHw,time,14,13.5525,28,8971.83,8814,6791.65424410358,1.3210082961188463,confirmed,0.025015243293959582,15,15,none,0
pNAfBk_FIa0,UCxLipCsyGLyiRKRtpRtZHeg,heldout,1,1.8022,29,76.69,50,,,insufficient,,7,7,none,0
pNAfBk_FIa0,UCxLipCsyGLyiRKRtpRtZHeg,heldout,2,1.8022,29,76.69,50,,,insufficient,,7,7,none,0
pNAfBk_FIa0,UCxLipCsyGLyiRKRtpRtZHeg,heldout,3,2.8022,29,50.99,50,,,insufficient,0,8,8,none,0
pNAfBk_FIa0,UCxLipCsyGLyiRKRtpRtZHeg,heldout,5,4.8022,29,46.75,50,,,insufficient,0,8,8,none,0
pNAfBk_FIa0,UCxLipCsyGLyiRKRtpRtZHeg,heldout,7,6.8022,29,46.17,50,,,insufficient,0.02353261749459106,8,8,none,0
pNAfBk_FIa0,UCxLipCsyGLyiRKRtpRtZHeg,heldout,14,13.8022,29,46.50,50,,,insufficient,0.055931059706404766,8,8,none,0
xN7KiItharc,UC2OjGgjNiqyLr_1qkqAwsUQ,time,14,13.6661,28,3260.98,3245,10277.60303231134,0.3172900606035495,confirmed,0.06732929595310982,15,12,none,0
_z1GUvjMNxs,UC_e2d5wMDP2gCf8IBNFyKKg,heldout,5,6.9576,30,162.45,229,,,insufficient,,0,0,none,0
_z1GUvjMNxs,UC_e2d5wMDP2gCf8IBNFyKKg,time,5,6.9576,30,162.45,229,,,insufficient,,0,0,none,0
_z1GUvjMNxs,UC_e2d5wMDP2gCf8IBNFyKKg,heldout,7,6.9576,30,162.45,229,,,insufficient,,0,0,none,0
_z1GUvjMNxs,UC_e2d5wMDP2gCf8IBNFyKKg,time,7,6.9576,30,162.45,229,,,insufficient,,0,0,none,0
_z1GUvjMNxs,UC_e2d5wMDP2gCf8IBNFyKKg,heldout,14,13.9576,30,250.74,229,,,insufficient,0.678907174404426,0,0,none,0
_z1GUvjMNxs,UC_e2d5wMDP2gCf8IBNFyKKg,time,14,13.9576,30,250.74,229,,,insufficient,0.678907174404426,0,0,none,0
b4m2MNXJzRk,UCmGyCEbHfY91NFwHgioNLMQ,time,5,6.9564,27,45149.05,41046,51176.15987362934,0.8822281688355121,likely,,15,15,none,0
b4m2MNXJzRk,UCmGyCEbHfY91NFwHgioNLMQ,time,7,6.9564,27,45149.05,41046,51176.15987362934,0.8822281688355121,likely,,15,15,none,0
b4m2MNXJzRk,UCmGyCEbHfY91NFwHgioNLMQ,time,14,14.9564,27,39171.04,41046,49166.80243855851,0.7966969084473156,confirmed,0.08016798801057104,15,15,none,0
_98yAEMZPsU,UC_Gz-8R2G8jBs20ro9AL9hA,heldout,7,8.8465,30,379.04,581,442.70454817929385,0.8562007924880539,confirmed,,15,15,none,0
_98yAEMZPsU,UC_Gz-8R2G8jBs20ro9AL9hA,heldout,14,13.8465,30,426.72,581,577.7467574685664,0.7386009070070954,confirmed,0.4694691454868906,15,15,none,0
tjWNpax8ndw,UCka3KDW7ykrJd6aCd7TI6fA,time,14,14.9987,27,395.70,483,565.5247335498314,0.699699159260629,confirmed,,15,14,none,0
95CPy2MANY0,UCh7mi5sI3BSzKReLzXpgimA,time,7,7.3450,29,70.52,57,55.142465217393585,1.2788657685643896,confirmed,,15,13,none,0
95CPy2MANY0,UCh7mi5sI3BSzKReLzXpgimA,time,14,14.3450,29,58.90,57,54.056373006478566,1.0895301815567853,confirmed,0.029057309359739342,15,10,none,0
bVnaStHUmr0,UCLFgO1aEI66fh06p6u6-juw,time,1,0.7604,29,8915.44,15255,10883.482716860224,0.819171875746615,early,,14,14,none,0
bVnaStHUmr0,UCLFgO1aEI66fh06p6u6-juw,time,2,1.7604,29,7925.65,15255,10762.050185735505,0.7364439537269419,early,0.691381600319062,15,15,none,0
bVnaStHUmr0,UCLFgO1aEI66fh06p6u6-juw,time,3,2.7604,29,8336.49,15255,10654.957871564346,0.782405202579623,early,0.5544657073390035,15,15,none,0
bVnaStHUmr0,UCLFgO1aEI66fh06p6u6-juw,time,5,4.7604,29,8718.20,15255,10463.62244746919,0.8331912280301852,likely,0.5302283411471892,15,15,none,0
bVnaStHUmr0,UCLFgO1aEI66fh06p6u6-juw,time,7,6.7604,29,9825.93,15255,10464.338727073711,0.9389921885181717,likely,0.5085065180741737,15,15,none,0
bVnaStHUmr0,UCLFgO1aEI66fh06p6u6-juw,time,14,14.7604,29,13946.92,15255,11541.491326144382,1.2084153675507965,confirmed,0.5201822856082727,15,13,none,0
ufIJSwVSBzI,UChISHLovxnSLP0w81NEQj5w,time,14,15.3871,27,46895.72,45410,16868.204372376662,2.780125280585155,confirmed,0.0014175226669792488,15,15,none,0
s7iMx07gXMY,UCqsvmrjWY7fPcKqWHnYVTMA,time,14,12.6509,27,14478.93,14477,,,insufficient,0.25195451499173616,12,12,none,0
C5aK1Vji-mU,UCYNGKZuT3dj0J0bBt4qfqXQ,time,14,13.2839,28,11582.35,13071,8302.999999999996,1.3949595485084132,confirmed,0.3682600274419158,15,11,none,0
eI1SB9ZG1VA,UCat0LyGytYMwfZEPbO_rOrA,heldout,14,12.7924,27,259.35,254,2167.685510368042,0.11964340357898068,confirmed,0.025481593312747873,15,15,none,0
eI1SB9ZG1VA,UCat0LyGytYMwfZEPbO_rOrA,time,14,12.7924,27,259.35,254,2167.685510368042,0.11964340357898068,confirmed,0.025481593312747873,15,15,none,0
iiZgsKwiA9A,UCBn-uKDGsRBfcB0lQeOB_gA,time,7,7.3328,28,750.53,845,,,insufficient,,0,0,none,0
iiZgsKwiA9A,UCBn-uKDGsRBfcB0lQeOB_gA,time,14,14.3328,28,865.14,845,,,insufficient,0.35488764475112244,0,0,none,0
jep3NQ65vd0,UCxEQsjgRRfGWiJJu_PDygxw,time,14,13.4478,28,426859.97,423852,254046.6053251597,1.680242766273628,confirmed,0.04724752168206766,15,13,none,0
50YZV2_mXGo,UCPq1_RaAg4lKCMwBktZniOw,time,5,5.0313,29,3136.90,4295,4228.576729259932,0.7418341084225949,likely,0.09505610195579457,15,14,none,0
50YZV2_mXGo,UCPq1_RaAg4lKCMwBktZniOw,time,7,6.0313,29,3184.77,4295,4230.507725147905,0.7528114716546193,likely,0.20598857751395172,15,14,none,0
50YZV2_mXGo,UCPq1_RaAg4lKCMwBktZniOw,time,14,14.0313,29,4091.26,4295,4348.963351312694,0.9407442126081834,confirmed,0.2753532656162744,15,13,none,0
K-Rr8zuF2bk,UClZT1TPdg5Hrx2HPmkALofw,time,14,13.6267,27,3691.38,4710,585.0000000000002,6.310056251857527,confirmed,1.0909134542317531,15,12,none,0
mtO2By_vc70,UC8DqDLFZCni7Jkys3N3818w,time,5,4.8185,27,17.68,24,,,insufficient,,0,0,none,0
mtO2By_vc70,UC8DqDLFZCni7Jkys3N3818w,time,7,7.8185,27,15.39,24,,,insufficient,0.17822633292632953,0,0,none,0
mtO2By_vc70,UC8DqDLFZCni7Jkys3N3818w,time,14,12.8185,27,19.03,24,,,insufficient,0.3101447074846745,0,0,none,0
gt3EQcfzroE,UCLVGBWZrAniy5r767EXaR8A,time,1,0.8190,29,1124.01,972,700.0701715253372,1.6055669768094103,early,,15,10,none,0
gt3EQcfzroE,UCLVGBWZrAniy5r767EXaR8A,time,2,1.8190,29,1367.49,972,692.2228058464152,1.9755121471055834,early,0.8825904210221929,15,10,none,0
gt3EQcfzroE,UCLVGBWZrAniy5r767EXaR8A,time,3,2.8190,29,1349.49,972,684.4161982644521,1.9717320039651969,early,0.6297731412173835,15,8,none,0
gt3EQcfzroE,UCLVGBWZrAniy5r767EXaR8A,time,5,4.8190,29,1060.95,972,666.2914072863593,1.5923165681915055,likely,0.43829179630589454,15,5,none,0
gt3EQcfzroE,UCLVGBWZrAniy5r767EXaR8A,time,7,6.8190,29,1131.35,972,652.6829288482996,1.7333794773501905,likely,0.37136992494439,15,4,none,0
gt3EQcfzroE,UCLVGBWZrAniy5r767EXaR8A,time,14,13.8190,29,965.62,972,626.5184508818376,1.5412539961312521,confirmed,0.2872043172204474,15,2,none,0
DBGOm-ntqtM,UCxkIzPnPzWLz4IeuxIROflg,heldout,5,6.8747,30,1260.54,1197,1745.2919053866283,0.7222526046264156,likely,,15,11,none,0
DBGOm-ntqtM,UCxkIzPnPzWLz4IeuxIROflg,heldout,7,6.8747,30,1260.54,1197,1745.2919053866283,0.7222526046264156,likely,,15,11,none,0
DBGOm-ntqtM,UCxkIzPnPzWLz4IeuxIROflg,heldout,14,13.8747,30,1260.69,1197,1723.1532852340763,0.7316188579746632,confirmed,0.13392699659682003,15,6,none,0
l18lG5RIHIs,UCtW1WA-bJ4s6l-ZCCT35QBg,time,1,0.8068,27,2891.28,1164,7212.0055922409265,0.4008981558998576,early,,15,9,none,0
l18lG5RIHIs,UCtW1WA-bJ4s6l-ZCCT35QBg,time,2,1.8068,27,1908.02,1164,7215.990819522572,0.2644151895430645,early,0.024879591686155042,15,9,none,0
l18lG5RIHIs,UCtW1WA-bJ4s6l-ZCCT35QBg,time,3,2.8068,27,1402.84,1164,7199.082934035553,0.1948641201771523,early,0.01714103253659809,15,9,none,0
l18lG5RIHIs,UCtW1WA-bJ4s6l-ZCCT35QBg,time,5,4.8068,27,1405.16,1164,7142.362837644747,0.19673664011074876,likely,0.020978013063351546,15,9,none,0
l18lG5RIHIs,UCtW1WA-bJ4s6l-ZCCT35QBg,time,7,6.8068,27,1248.01,1164,7215.216482194191,0.17296972588595896,likely,0.024043797497888007,15,8,none,0
l18lG5RIHIs,UCtW1WA-bJ4s6l-ZCCT35QBg,time,14,15.8068,27,1182.67,1164,7173.137713951359,0.16487551218224636,confirmed,0.025994982761377374,15,7,none,0
SpH5EJEiRnU,UC6BW8DqrAmBEIeCtMa4bfBw,time,14,13.3266,28,4473.48,4100,3757.8739218744627,1.190429531493362,confirmed,,15,15,none,0
TaBgZnScmY4,UC4eYXhJI4-7wSWc8UNRwD4A,time,5,5.1245,28,278089.32,311773,,,insufficient,,1,1,none,0
TaBgZnScmY4,UC4eYXhJI4-7wSWc8UNRwD4A,time,7,6.1245,28,275261.08,311773,,,insufficient,0.39261641551364845,1,1,none,0
TaBgZnScmY4,UC4eYXhJI4-7wSWc8UNRwD4A,time,14,12.1245,28,286348.05,311773,,,insufficient,0.2936415386789254,1,1,none,0
h90hvDOpPn4,UC8mv1jxVbta9thZUP1uHeug,time,5,5.5758,27,390.25,420,,,insufficient,,2,2,none,0
h90hvDOpPn4,UC8mv1jxVbta9thZUP1uHeug,time,7,6.5758,27,323.20,420,,,insufficient,0.17022607872920253,2,2,none,0
h90hvDOpPn4,UC8mv1jxVbta9thZUP1uHeug,time,14,12.5758,27,445.43,420,,,insufficient,0.3908416220201675,2,2,none,0
rxg-jB71Luc,UC2d_Fhm3BJ5I24BCIiumJjA,time,5,4.7908,27,2349.65,2374,,,insufficient,,0,0,none,0
rxg-jB71Luc,UC2d_Fhm3BJ5I24BCIiumJjA,time,7,6.7908,27,2029.37,2374,,,insufficient,0.22265698491524707,0,0,none,0
rxg-jB71Luc,UC2d_Fhm3BJ5I24BCIiumJjA,time,14,15.7908,27,2486.10,2374,,,insufficient,0.23577099621328476,0,0,none,0
qHfWSj4ix3E,UCdjEFkZWl9eBgV8azx1A_hg,heldout,5,4.8300,27,348.10,333,610.4356323080407,0.570242042004011,likely,,3,3,none,0
qHfWSj4ix3E,UCdjEFkZWl9eBgV8azx1A_hg,time,5,4.8300,27,348.10,333,610.4356323080407,0.570242042004011,likely,,3,3,none,0
qHfWSj4ix3E,UCdjEFkZWl9eBgV8azx1A_hg,heldout,7,6.8300,27,300.12,333,598.4402450806604,0.5015013201312117,likely,0.2179887157503787,3,3,none,0
qHfWSj4ix3E,UCdjEFkZWl9eBgV8azx1A_hg,time,7,6.8300,27,300.12,333,598.4402450806604,0.5015013201312117,likely,0.2179887157503787,3,3,none,0
qHfWSj4ix3E,UCdjEFkZWl9eBgV8azx1A_hg,heldout,14,12.8300,27,327.19,333,590.2252224839252,0.5543409943443962,confirmed,0.187461614395613,3,3,none,0
qHfWSj4ix3E,UCdjEFkZWl9eBgV8azx1A_hg,time,14,12.8300,27,327.19,333,590.2252224839252,0.5543409943443962,confirmed,0.187461614395613,3,3,none,0
g_Iu0-nJR5E,UCsifPO4MT6BdV19vYx3KJ0Q,heldout,5,5.0823,29,2145.69,2423,1731.5617994033707,1.2391621712270715,likely,,13,12,none,0
g_Iu0-nJR5E,UCsifPO4MT6BdV19vYx3KJ0Q,time,5,5.0823,29,2145.69,2423,1731.5617994033707,1.2391621712270715,likely,,13,12,none,0
g_Iu0-nJR5E,UCsifPO4MT6BdV19vYx3KJ0Q,heldout,7,7.0823,29,2499.14,2423,1841.298319835667,1.3572731070708115,confirmed,0.4941329491229036,15,13,none,0
g_Iu0-nJR5E,UCsifPO4MT6BdV19vYx3KJ0Q,time,7,7.0823,29,2499.14,2423,1841.298319835667,1.3572731070708115,confirmed,0.4941329491229036,15,13,none,0
g_Iu0-nJR5E,UCsifPO4MT6BdV19vYx3KJ0Q,heldout,14,14.0823,29,2501.89,2423,1875.5423231239631,1.333955658039278,confirmed,0.33546502296659686,15,11,none,0
g_Iu0-nJR5E,UCsifPO4MT6BdV19vYx3KJ0Q,time,14,14.0823,29,2501.89,2423,1875.5423231239631,1.333955658039278,confirmed,0.33546502296659686,15,11,none,0
BvCFmUZBigA,UCWQCCIq-BBbXCdtjwZvW9jA,time,1,0.9164,27,2122.03,5334,22241.679376718595,0.09540785267470638,early,,15,15,none,0
BvCFmUZBigA,UCWQCCIq-BBbXCdtjwZvW9jA,time,2,1.9164,27,2788.01,5334,22241.679376718595,0.12535068302490132,early,1.0485757872931176,15,15,none,0
BvCFmUZBigA,UCWQCCIq-BBbXCdtjwZvW9jA,time,3,2.9164,27,4024.82,5334,22241.679376718595,0.18095855076864348,early,1.0564983017191203,15,15,none,0
BvCFmUZBigA,UCWQCCIq-BBbXCdtjwZvW9jA,time,5,4.9164,27,4717.79,5334,22324.382034830418,0.21132892515485827,likely,0.9313918876662997,15,15,none,0
BvCFmUZBigA,UCWQCCIq-BBbXCdtjwZvW9jA,time,7,6.9164,27,5005.80,5334,22324.382034830418,0.22423008747446838,likely,0.8779105090130339,15,15,none,0
BvCFmUZBigA,UCWQCCIq-BBbXCdtjwZvW9jA,time,14,12.9164,27,4969.12,5334,22392.856278643452,0.2219065103217091,confirmed,0.7517396925403275,15,15,none,0
grS5cSMnGeg,UCztm4C-jD0jpHlDFhRyEltw,time,1,1.6667,27,890.32,938,,,insufficient,,1,1,none,0
grS5cSMnGeg,UCztm4C-jD0jpHlDFhRyEltw,time,2,1.6667,27,890.32,938,,,insufficient,,1,1,none,0
grS5cSMnGeg,UCztm4C-jD0jpHlDFhRyEltw,time,3,2.6667,27,767.80,938,3162.2103686984783,0.24280586116549815,early,0.4308337385357438,15,14,none,0
grS5cSMnGeg,UCztm4C-jD0jpHlDFhRyEltw,time,5,4.6667,27,808.86,938,3162.2103686984783,0.2557892687831234,likely,0.3676463706717964,15,14,none,0
grS5cSMnGeg,UCztm4C-jD0jpHlDFhRyEltw,time,7,6.6667,27,901.78,938,3249.349078696598,0.2775263859479527,likely,0.37995595280749184,15,13,none,0
grS5cSMnGeg,UCztm4C-jD0jpHlDFhRyEltw,time,14,12.6667,27,903.32,938,3488.6305770837976,0.25893363824717963,confirmed,0.3230492775289101,15,13,none,0
X1c1Xp45U1E,UC6QNjBn6KMq5-pe3OE11zZg,time,0.5,0.6120,27,4851.66,21937,10811.000000000007,0.4487710751295904,early,,15,9,none,0
X1c1Xp45U1E,UC6QNjBn6KMq5-pe3OE11zZg,time,1,0.6120,27,4851.66,21937,10811.000000000007,0.4487710751295904,early,,15,9,none,0
X1c1Xp45U1E,UC6QNjBn6KMq5-pe3OE11zZg,time,2,2.6120,27,40348.79,21937,10811.000000000007,3.7321975511302137,early,3.117143217034386,15,9,none,0
X1c1Xp45U1E,UC6QNjBn6KMq5-pe3OE11zZg,time,3,2.6120,27,40348.79,21937,10811.000000000007,3.7321975511302137,early,3.117143217034386,15,9,none,0
X1c1Xp45U1E,UC6QNjBn6KMq5-pe3OE11zZg,time,5,4.6120,27,34817.44,21937,10811.000000000007,3.220557083157505,likely,2.04525859024282,15,8,none,0
X1c1Xp45U1E,UC6QNjBn6KMq5-pe3OE11zZg,time,7,6.6120,27,32185.55,21937,10811.000000000007,2.9771108405943454,likely,1.6590235673604514,15,7,none,0
X1c1Xp45U1E,UC6QNjBn6KMq5-pe3OE11zZg,time,14,13.6120,27,26220.36,21937,10811.000000000007,2.425340620079114,confirmed,1.1945461644296078,15,5,none,0
OcVAkuk8dfU,UCbAlVnKhbGLK78GsSemQXxw,heldout,5,6.6040,29,31351.09,27537,,,insufficient,,1,1,none,0
OcVAkuk8dfU,UCbAlVnKhbGLK78GsSemQXxw,time,5,6.6040,29,31351.09,27537,,,insufficient,,1,1,none,0
OcVAkuk8dfU,UCbAlVnKhbGLK78GsSemQXxw,heldout,7,6.6040,29,31351.09,27537,,,insufficient,,1,1,none,0
OcVAkuk8dfU,UCbAlVnKhbGLK78GsSemQXxw,time,7,6.6040,29,31351.09,27537,,,insufficient,,1,1,none,0
OcVAkuk8dfU,UCbAlVnKhbGLK78GsSemQXxw,heldout,14,13.6040,29,27004.36,27537,,,insufficient,0.07442059918068701,1,1,none,0
OcVAkuk8dfU,UCbAlVnKhbGLK78GsSemQXxw,time,14,13.6040,29,27004.36,27537,,,insufficient,0.07442059918068701,1,1,none,0
6QYxC0qd1Hw,UCLMv-CaznZ3x7LDn-1fjmVA,time,7,8.9998,29,61965.51,66077,2603.4382697295373,23.801411744993615,confirmed,,15,15,none,0
6QYxC0qd1Hw,UCLMv-CaznZ3x7LDn-1fjmVA,time,14,13.9998,29,56566.23,66077,2722.6649251030967,20.776051411847433,confirmed,0.138006192515894,15,13,none,0
098ep9xrxSQ,UCGb34D3ThpmjLNn-FLv2_yQ,time,7,7.5417,27,1113.21,929,2868.5676817587873,0.38807018483315725,confirmed,,15,15,none,0
098ep9xrxSQ,UCGb34D3ThpmjLNn-FLv2_yQ,time,14,12.5417,27,935.10,929,2868.999999999999,0.3259337574429942,confirmed,0.05094852645803852,15,11,none,0
Kg0hwDOxX5k,UCGWNHkr2WZcRbxqoet-nyeg,time,14,12.9017,27,1058.52,1161,2629.8519915606967,0.4025008522929155,confirmed,,15,15,none,0
AkErVPPN9rg,UC2cfzvGC8CJNWtvaynN7TeA,heldout,3,3.9580,27,10840.20,10068,,,insufficient,,1,1,none,0
AkErVPPN9rg,UC2cfzvGC8CJNWtvaynN7TeA,time,3,3.9580,27,10840.20,10068,,,insufficient,,1,1,none,0
AkErVPPN9rg,UC2cfzvGC8CJNWtvaynN7TeA,heldout,5,4.9580,27,12066.10,10068,,,insufficient,0.7234859180757437,1,1,none,0
AkErVPPN9rg,UC2cfzvGC8CJNWtvaynN7TeA,time,5,4.9580,27,12066.10,10068,,,insufficient,0.7234859180757437,1,1,none,0
AkErVPPN9rg,UC2cfzvGC8CJNWtvaynN7TeA,heldout,7,6.9580,27,11774.60,10068,,,insufficient,0.4739970135898579,1,1,none,0
AkErVPPN9rg,UC2cfzvGC8CJNWtvaynN7TeA,time,7,6.9580,27,11774.60,10068,,,insufficient,0.4739970135898579,1,1,none,0
AkErVPPN9rg,UC2cfzvGC8CJNWtvaynN7TeA,heldout,14,14.9580,27,10721.23,10068,,,insufficient,0.2883933529733385,1,1,none,0
AkErVPPN9rg,UC2cfzvGC8CJNWtvaynN7TeA,time,14,14.9580,27,10721.23,10068,,,insufficient,0.2883933529733385,1,1,none,0
miUNy3YKx60,UC-mP1nlk0qOutA08zuQHORA,heldout,0.5,0.6979,30,1247774.39,1190116,652402.6660451642,1.9125832100981452,early,,14,13,none,0
miUNy3YKx60,UC-mP1nlk0qOutA08zuQHORA,heldout,1,0.6979,30,1247774.39,1190116,652402.6660451642,1.9125832100981452,early,,14,13,none,0
miUNy3YKx60,UC-mP1nlk0qOutA08zuQHORA,heldout,7,7.6979,30,1143934.07,1190116,718015.1463177619,1.5931893242731057,confirmed,0.39900586362230234,15,13,none,0
miUNy3YKx60,UC-mP1nlk0qOutA08zuQHORA,heldout,14,13.6979,30,1272347.84,1190116,723381.9776432371,1.7588879435775888,confirmed,0.36554310213871904,15,12,none,0
2V82WCm22uA,UCmva4xZW0mDSkPbusltquyQ,time,1,1.0833,27,4156.23,4183,1799.4706050195568,2.3096945223999272,early,0.6737904043026671,15,9,none,0
2V82WCm22uA,UCmva4xZW0mDSkPbusltquyQ,time,2,2.0833,27,2341.27,4183,1814.1844179202226,1.2905343711543944,early,0.479327962685824,15,9,none,0
2V82WCm22uA,UCmva4xZW0mDSkPbusltquyQ,time,3,3.0833,27,3515.27,4183,1812.3131039070913,1.9396591603509878,likely,0.5900488356754204,15,9,none,0
2V82WCm22uA,UCmva4xZW0mDSkPbusltquyQ,time,5,5.0833,27,5740.30,4183,1860.0775764677935,3.086052678015373,likely,0.7243295720151728,15,8,none,0
2V82WCm22uA,UCmva4xZW0mDSkPbusltquyQ,time,7,7.0833,27,4389.57,4183,1882.298646665577,2.332023767401542,confirmed,0.6450973277123159,15,8,none,0
2V82WCm22uA,UCmva4xZW0mDSkPbusltquyQ,time,14,15.0833,27,4832.10,4183,1961.999999999999,2.462845986330051,confirmed,0.5414175505417403,15,6,none,0
_qt72Qp4V3I,UCAxo00B7pKkNnBryYwhE5xg,time,5,5.4679,28,493.59,804,,,insufficient,,0,0,none,0
_qt72Qp4V3I,UCAxo00B7pKkNnBryYwhE5xg,time,7,7.4679,28,569.74,804,,,insufficient,0.4879259424067494,0,0,none,0
_qt72Qp4V3I,UCAxo00B7pKkNnBryYwhE5xg,time,14,13.4679,28,705.35,804,,,insufficient,0.5318229769221983,0,0,none,0
lakqZvIoAkY,UCRix1GJvSBNDpEFY561eSzw,heldout,2,2.8333,31,109067.92,109982,94256.21158662919,1.1571429976325416,early,,15,12,none,0
lakqZvIoAkY,UCRix1GJvSBNDpEFY561eSzw,heldout,3,2.8333,31,109067.92,109982,94256.21158662919,1.1571429976325416,early,,15,12,none,0
lakqZvIoAkY,UCRix1GJvSBNDpEFY561eSzw,heldout,5,4.8333,31,93289.40,109982,94104.81622363403,0.9913350112927273,likely,0.31245184205949533,15,12,none,0
lakqZvIoAkY,UCRix1GJvSBNDpEFY561eSzw,heldout,7,6.8333,31,99288.51,109982,94144.24950471465,1.0546423010868131,likely,0.30219998782161045,15,12,none,0
lakqZvIoAkY,UCRix1GJvSBNDpEFY561eSzw,heldout,14,13.8333,31,109438.52,109982,94341.99999999994,1.1600191247118368,confirmed,0.2783331130787343,15,11,none,0
wOl2MRYQZMQ,UCxiI1Gr_bfs_N0fWoDw2yAg,time,7,7.9155,27,3816.88,3635,3649.067987718506,1.0459889461975964,confirmed,,15,14,none,0
wOl2MRYQZMQ,UCxiI1Gr_bfs_N0fWoDw2yAg,time,14,12.9155,27,3755.45,3635,3630.637021540471,1.034378808543372,confirmed,0.22811366299495608,15,12,none,0
MzV8Et4sLEk,UC1lfnF3avRvtFm_wajLLhyg,heldout,14,12.7990,28,27993.64,25971,29713.26480705977,0.9421258827523733,confirmed,,15,14,none,0
CMIa443BdKs,UCUpbDOT-OVNBlaQpb9pbd2w,heldout,3,3.7806,27,33235.67,21947,30400.82872940285,1.09324876751627,likely,,15,15,none,0
CMIa443BdKs,UCUpbDOT-OVNBlaQpb9pbd2w,time,3,3.7806,27,33235.67,21947,30400.82872940285,1.09324876751627,likely,,15,15,none,0
CMIa443BdKs,UCUpbDOT-OVNBlaQpb9pbd2w,heldout,5,4.7806,27,24176.16,21947,29358.848718784328,0.8234708529972645,likely,0.059935695482520174,15,15,none,0
CMIa443BdKs,UCUpbDOT-OVNBlaQpb9pbd2w,time,5,4.7806,27,24176.16,21947,29358.848718784328,0.8234708529972645,likely,0.059935695482520174,15,15,none,0
CMIa443BdKs,UCUpbDOT-OVNBlaQpb9pbd2w,heldout,7,6.7806,27,23693.98,21947,27963.34810841915,0.8473225907486686,likely,0.05708410249371007,15,15,none,0
CMIa443BdKs,UCUpbDOT-OVNBlaQpb9pbd2w,time,7,6.7806,27,23693.98,21947,27963.34810841915,0.8473225907486686,likely,0.05708410249371007,15,15,none,0
CMIa443BdKs,UCUpbDOT-OVNBlaQpb9pbd2w,heldout,14,12.7806,27,22525.16,21947,25479.558900703785,0.8840481113875855,confirmed,0.03702552236202488,15,15,none,0
CMIa443BdKs,UCUpbDOT-OVNBlaQpb9pbd2w,time,14,12.7806,27,22525.16,21947,25479.558900703785,0.8840481113875855,confirmed,0.03702552236202488,15,15,none,0
Is-fFfhR_P4,UCdRpPAsQbIaVpn_vS2_omPw,time,7,8.2168,27,1072.91,875,357.50033793719956,3.0011399757222366,confirmed,,15,13,none,0
Is-fFfhR_P4,UCdRpPAsQbIaVpn_vS2_omPw,time,14,12.2168,27,884.47,875,356.42987654579804,2.4814811290387593,confirmed,0.012994037803095484,15,12,none,0
NiURKoONLVY,UCbRP3c757lWg9M-U7TyEkXA,time,1,0.7684,27,644797.86,334700,78077.75055746724,8.258407263247074,early,,14,14,none,0
NiURKoONLVY,UCbRP3c757lWg9M-U7TyEkXA,time,2,1.7684,27,450822.45,334700,77710.8087643408,5.801283703487292,early,0.35078447482092895,15,15,none,0
NiURKoONLVY,UCbRP3c757lWg9M-U7TyEkXA,time,3,2.7684,27,368501.80,334700,77479.56854789644,4.756115852592129,early,0.26277314001105784,15,15,none,0
NiURKoONLVY,UCbRP3c757lWg9M-U7TyEkXA,time,5,4.7684,27,366707.43,334700,77047.75422039139,4.759482410915551,likely,0.23749564763490724,15,15,none,0
NiURKoONLVY,UCbRP3c757lWg9M-U7TyEkXA,time,7,6.7684,27,364124.08,334700,76607.60761278767,4.753106013807012,likely,0.20965804006234467,15,15,none,0
NiURKoONLVY,UCbRP3c757lWg9M-U7TyEkXA,time,14,12.7684,27,362054.27,334700,75632.31120809089,4.787031696432149,confirmed,0.1543826639285481,15,11,none,0
XGl-8BSbgFk,UCuVaqIpPgUyGP6AytqSfs0g,time,1,1.0826,29,2467.70,1687,3788.936244274636,0.65129125880143,early,1.6555879967677434,15,15,none,0
XGl-8BSbgFk,UCuVaqIpPgUyGP6AytqSfs0g,time,2,2.0826,29,2750.89,1687,3826.290213730236,0.7189444752527574,early,1.1178975238451756,15,15,none,0
XGl-8BSbgFk,UCuVaqIpPgUyGP6AytqSfs0g,time,3,3.0826,29,2614.74,1687,3830.6220067551676,0.6825898033539118,likely,0.9462665042654352,15,15,none,0
XGl-8BSbgFk,UCuVaqIpPgUyGP6AytqSfs0g,time,5,5.0826,29,2519.52,1687,3869.691150121711,0.6510894965390002,likely,0.7849748071638842,15,15,none,0
XGl-8BSbgFk,UCuVaqIpPgUyGP6AytqSfs0g,time,7,7.0826,29,2348.86,1687,3871.4736953998854,0.6067100428332548,confirmed,0.7067892914572402,15,15,none,0
XGl-8BSbgFk,UCuVaqIpPgUyGP6AytqSfs0g,time,14,14.0826,29,2002.43,1687,3922.2717537974754,0.5105283267305039,confirmed,0.5653696927727041,15,14,none,0
EHFWNNJCFTw,UCkr6cLAnZiz5NH0NzjNK8rg,time,0.5,0.6595,27,42838.20,24890,113537.38612868174,0.3773047838853271,early,,14,14,none,0
EHFWNNJCFTw,UCkr6cLAnZiz5NH0NzjNK8rg,time,1,0.6595,27,42838.20,24890,113537.38612868174,0.3773047838853271,early,,14,14,none,0
EHFWNNJCFTw,UCkr6cLAnZiz5NH0NzjNK8rg,time,2,1.6595,27,37065.33,24890,102061.91103670624,0.36316511528716106,early,0.6020428959546252,15,15,none,0
EHFWNNJCFTw,UCkr6cLAnZiz5NH0NzjNK8rg,time,3,2.6595,27,31966.49,24890,96995.37510195085,0.32956713928406745,early,0.4334518991713218,15,13,none,0
EHFWNNJCFTw,UCkr6cLAnZiz5NH0NzjNK8rg,time,5,4.6595,27,30190.55,24890,88947.6942343822,0.339419154987511,likely,0.30440421753880775,15,13,none,0
EHFWNNJCFTw,UCkr6cLAnZiz5NH0NzjNK8rg,time,7,6.6595,27,28769.65,24890,85689.16896774061,0.3357442527416592,likely,0.25243545816920543,15,13,none,0
EHFWNNJCFTw,UCkr6cLAnZiz5NH0NzjNK8rg,time,14,12.6595,27,25657.49,24890,81298.79493243895,0.3155949112125553,confirmed,0.1954094218271255,15,8,none,0
NsKflqx9Bf0,UCr3GuyRSJO1yRwzTt5rzFWA,time,14,13.9787,29,2283.50,2561,2989.4627681203865,0.7638479903271229,confirmed,0.30767226459551233,15,13,none,0
RNt__s1A9TI,UC0T6MVd3wQDB5ICAe45OxaQ,time,14,13.9162,29,6357.67,6407,9654.768691872156,0.6585008713907139,confirmed,0.08518751697779692,15,15,none,0
_qIeV6OXqNg,UCPAt6z5uX_c5Eo_cSNROzYw,time,7,8.9991,29,16108.74,13109,10673.92388211597,1.5091675656277588,confirmed,,15,15,none,0
_qIeV6OXqNg,UCPAt6z5uX_c5Eo_cSNROzYw,time,14,13.9991,29,13338.41,13109,10339.250749500108,1.2900746609758258,confirmed,0.0224533876964395,15,15,none,0
RtiPa7UBzek,UCFKE7WVJfvaHW5q283SxchA,time,14,13.9161,29,244159.05,252545,324721.9979315828,0.7519017766492965,confirmed,0.1958247431445207,15,15,none,0
Oexn81_0-9E,UCBRpqrzuuqE8TZcWw75JSdw,time,5,6.5686,29,49336.16,42997,,,insufficient,,1,1,none,0
Oexn81_0-9E,UCBRpqrzuuqE8TZcWw75JSdw,time,7,6.5686,29,49336.16,42997,,,insufficient,,1,1,none,0
Oexn81_0-9E,UCBRpqrzuuqE8TZcWw75JSdw,time,14,13.5686,29,42811.23,42997,,,insufficient,0.08545692906204377,1,1,none,0
K0nTFGpeByY,UC2cC48A261pBVKztLyzOAnA,time,0.5,0.5937,29,43496.36,24298,30353.999999999978,1.4329696787219226,early,,15,10,none,0
K0nTFGpeByY,UC2cC48A261pBVKztLyzOAnA,time,1,0.5937,29,43496.36,24298,30353.999999999978,1.4329696787219226,early,,15,10,none,0
K0nTFGpeByY,UC2cC48A261pBVKztLyzOAnA,time,2,1.5937,29,30824.07,24298,30353.999999999978,1.0154863739373867,early,0.5445240036442363,15,10,none,0
K0nTFGpeByY,UC2cC48A261pBVKztLyzOAnA,time,3,3.5937,29,27799.82,24298,30353.999999999978,0.9158535926404129,likely,0.3483447286047281,15,10,none,0
K0nTFGpeByY,UC2cC48A261pBVKztLyzOAnA,time,5,4.5937,29,26101.17,24298,30353.999999999978,0.8598924055283573,likely,0.3134381286694089,15,10,none,0
K0nTFGpeByY,UC2cC48A261pBVKztLyzOAnA,time,7,6.5937,29,24426.83,24298,30353.999999999978,0.8047317815134254,likely,0.27287356939284263,15,9,none,0
K0nTFGpeByY,UC2cC48A261pBVKztLyzOAnA,time,14,13.5937,29,24685.96,24298,31321.39691384452,0.7881501381029327,confirmed,0.2219130821047692,15,7,none,0
SJVCfPGsy30,UCbRP3c757lWg9M-U7TyEkXA,time,0.5,0.3436,27,303644.53,116032,81906.89649779226,3.707191239895808,early,,13,13,none,0
SJVCfPGsy30,UCbRP3c757lWg9M-U7TyEkXA,time,1,1.3436,27,236887.30,116032,78191.0845992882,3.029594744182696,early,0.5003588100009261,14,14,none,0
SJVCfPGsy30,UCbRP3c757lWg9M-U7TyEkXA,time,2,2.3436,27,167368.89,116032,80307.99966081284,2.0840874075213205,early,0.37874322917317665,15,15,none,0
SJVCfPGsy30,UCbRP3c757lWg9M-U7TyEkXA,time,3,3.3436,27,152925.03,116032,79346.03410318476,1.9273178145483314,likely,0.3200134559253079,15,15,none,0
SJVCfPGsy30,UCbRP3c757lWg9M-U7TyEkXA,time,5,5.3436,27,145580.54,116032,78408.44375186857,1.8566946510316578,likely,0.26680032085282934,15,15,none,0
SJVCfPGsy30,UCbRP3c757lWg9M-U7TyEkXA,time,7,7.3436,27,138142.29,116032,78121.50094877528,1.768300570086952,confirmed,0.2313593772921118,15,15,none,0
SJVCfPGsy30,UCbRP3c757lWg9M-U7TyEkXA,time,14,15.3436,27,123047.98,116032,75109.00000000001,1.6382588324916205,confirmed,0.1731427608770014,15,10,none,0
CmMMDqTJEMo,UCq33AlEZl8QBmxatFEwknew,time,7,8.3181,27,454.60,411,284.1286943251642,1.5999824537198077,confirmed,,15,15,none,0
CmMMDqTJEMo,UCq33AlEZl8QBmxatFEwknew,time,14,15.3181,27,391.61,411,286.9821964807541,1.3645692081575902,confirmed,0.08684054414325762,15,11,none,0
fxx_E0ojKrc,UC8butISFwT-Wl7EV0hUK0BQ,time,5,4.9064,27,29915.87,36896,,,insufficient,,2,2,none,0
fxx_E0ojKrc,UC8butISFwT-Wl7EV0hUK0BQ,time,7,6.9064,27,31147.56,36896,,,insufficient,0.377012129490225,2,2,none,0
fxx_E0ojKrc,UC8butISFwT-Wl7EV0hUK0BQ,time,14,12.9064,27,35357.32,36896,,,insufficient,0.3715676938752246,2,2,none,0
410kMINGZ0o,UCbvIIQc5Jo9-jIXnkPe03oA,time,1,0.9653,28,25017.05,34133,19807.999999999993,1.2629772762519402,early,,15,10,none,0
410kMINGZ0o,UCbvIIQc5Jo9-jIXnkPe03oA,time,2,1.9653,28,30960.90,34133,19807.999999999993,1.5630504972984693,early,0.7228582287521462,15,10,none,0
410kMINGZ0o,UCbvIIQc5Jo9-jIXnkPe03oA,time,3,2.9653,28,29344.79,34133,19807.999999999993,1.4814613542004778,early,0.6209294116134236,15,10,none,0
410kMINGZ0o,UCbvIIQc5Jo9-jIXnkPe03oA,time,5,4.9653,28,33745.54,34133,19807.999999999993,1.7036319335922467,likely,0.5702431059241855,15,10,none,0
410kMINGZ0o,UCbvIIQc5Jo9-jIXnkPe03oA,time,7,6.9653,28,35005.22,34133,19807.999999999993,1.7672263645002653,likely,0.5542821104540577,15,9,none,0
410kMINGZ0o,UCbvIIQc5Jo9-jIXnkPe03oA,time,14,12.9653,28,38738.96,34133,19522.018142020068,1.9843725223252129,confirmed,0.5072979894858882,15,9,none,0
1oHvbl9pP5E,UC_DDXSh__21IGWlL2-38clw,time,5,6.8333,27,25554.62,28013,,,insufficient,,0,0,none,0
1oHvbl9pP5E,UC_DDXSh__21IGWlL2-38clw,time,7,6.8333,27,25554.62,28013,,,insufficient,,0,0,none,0
1oHvbl9pP5E,UC_DDXSh__21IGWlL2-38clw,time,14,12.8333,27,26985.54,28013,,,insufficient,0.30291629381740404,0,0,none,0
L0yG4EGiY_g,UCnjOBqS_4w-AsjyDr4bQEUg,time,1,0.9162,27,10804.59,10937,6179.000000000004,1.7485990979377874,early,,15,8,none,0
L0yG4EGiY_g,UCnjOBqS_4w-AsjyDr4bQEUg,time,2,1.9162,27,10284.49,10937,6179.000000000004,1.6644264161981013,early,0.6634096500808024,15,7,none,0
L0yG4EGiY_g,UCnjOBqS_4w-AsjyDr4bQEUg,time,3,2.9162,27,10839.82,10937,6179.000000000004,1.7542993081318383,early,0.49639276948172034,15,7,none,0
L0yG4EGiY_g,UCnjOBqS_4w-AsjyDr4bQEUg,time,5,4.9162,27,10545.14,10937,6179.000000000004,1.7066087627525865,likely,0.3916009073726783,15,7,none,0
L0yG4EGiY_g,UCnjOBqS_4w-AsjyDr4bQEUg,time,7,6.9162,27,11259.12,10937,6179.000000000004,1.8221591266292025,likely,0.3651897642978146,15,7,none,0
L0yG4EGiY_g,UCnjOBqS_4w-AsjyDr4bQEUg,time,14,15.9162,27,11908.80,10937,6179.000000000004,1.9273025354635525,confirmed,0.3445289994152575,15,3,none,0
M2zC_6OwJJI,UCBhPkAuGks2UkizNMbtW6uw,time,5,5.3314,27,85.52,87,52.2580550965714,1.6365091719436424,likely,0.23746535863665064,4,4,none,0
M2zC_6OwJJI,UCBhPkAuGks2UkizNMbtW6uw,time,7,7.3314,27,83.55,87,52.440431617782735,1.5932266431104045,confirmed,0.12111376145487257,4,4,none,0
M2zC_6OwJJI,UCBhPkAuGks2UkizNMbtW6uw,time,14,15.3314,27,85.76,87,53.61027325923624,1.599710457475414,confirmed,0.1270011250565764,4,4,none,0
DAOMt3ClIJg,UCw33382AK54Vd90P56EISig,time,7,8.7348,27,1125.80,994,2122.0422682165613,0.5305259139980665,confirmed,,9,9,none,0
DAOMt3ClIJg,UCw33382AK54Vd90P56EISig,time,14,12.7348,27,1017.43,994,2124.999999999999,0.47879011978717734,confirmed,0.13337124859673144,15,12,none,0
Fp_LZ3oxGP8,UCso1B56GyEtnhn2OPENKXoQ,time,14,14.6461,28,129.68,117,179.04873116159223,0.7242847711507457,confirmed,,12,12,none,0
A1i-ZbNGw9M,UCwrJa8xO9xRzZUOf9Q1c7kw,time,14,12.8654,27,17473.22,18213,16720.06442733637,1.0450447271540266,confirmed,0.2670371017812713,15,14,none,0
KyCD4IVPaCE,UCLwDLGL3Ejqu-xJp57CptRg,time,3,3.8927,28,50922.14,116400,4574.396518736443,11.131991515514919,likely,,14,13,none,0
KyCD4IVPaCE,UCLwDLGL3Ejqu-xJp57CptRg,time,5,4.8927,28,47925.17,116400,4574.396518736443,10.476828198324766,likely,0.40198835110035475,15,14,none,0
KyCD4IVPaCE,UCLwDLGL3Ejqu-xJp57CptRg,time,7,6.8927,28,89703.38,116400,4461.864328109742,20.10446181286884,likely,1.126181288243491,15,12,none,0
KyCD4IVPaCE,UCLwDLGL3Ejqu-xJp57CptRg,time,14,12.8927,28,121072.29,116400,4276.81122042827,28.309010559048787,confirmed,1.0452825584822434,15,11,none,0
5wNrmU0MPkc,UCfAgm2ONoRBLFdN2--VC8xg,time,5,5.2028,27,108.78,90,,,insufficient,,1,1,none,0
5wNrmU0MPkc,UCfAgm2ONoRBLFdN2--VC8xg,time,7,7.2028,27,90.15,90,,,insufficient,0.08835350973442209,1,1,none,0
5wNrmU0MPkc,UCfAgm2ONoRBLFdN2--VC8xg,time,14,13.2028,27,88.86,90,,,insufficient,0.08729747883750334,1,1,none,0
wAbfSBIODyA,UCfa9hkgsTHfK8bpDoiQZI5g,heldout,1,1.9270,30,2042.50,1788,3006.8355733360486,0.6792850894478561,early,,15,15,none,0
wAbfSBIODyA,UCfa9hkgsTHfK8bpDoiQZI5g,heldout,2,1.9270,30,2042.50,1788,3006.8355733360486,0.6792850894478561,early,,15,15,none,0
wAbfSBIODyA,UCfa9hkgsTHfK8bpDoiQZI5g,heldout,3,2.9270,30,1756.39,1788,3006.8355733360486,0.5841307114685824,early,0.4570720180540113,15,15,none,0
wAbfSBIODyA,UCfa9hkgsTHfK8bpDoiQZI5g,heldout,5,4.9270,30,1776.14,1788,2922.5355877430875,0.6077400999515756,likely,0.3307364514695318,15,15,none,0
wAbfSBIODyA,UCfa9hkgsTHfK8bpDoiQZI5g,heldout,7,6.9270,30,1796.13,1788,2898.2277893298688,0.6197350799191836,likely,0.3065169431546615,15,15,none,0
wAbfSBIODyA,UCfa9hkgsTHfK8bpDoiQZI5g,heldout,14,13.9270,30,1812.33,1788,2817.2164189363793,0.6433060244379113,confirmed,0.23561726198728355,15,12,none,0
W6BOaobUC38,UCrwbBzP11NhxRUCRKx_BgoQ,time,14,12.9313,27,239294.82,220856,523322.94950834085,0.45726032483137524,confirmed,,15,15,none,0
tO96suFjNgA,UCnpWedLQdHpZqhgTLdB9Yyg,heldout,1,1.8954,27,55478.53,47060,68471.6679804431,0.8102406059717457,early,,15,15,none,0
tO96suFjNgA,UCnpWedLQdHpZqhgTLdB9Yyg,heldout,2,1.8954,27,55478.53,47060,68471.6679804431,0.8102406059717457,early,,15,15,none,0
tO96suFjNgA,UCnpWedLQdHpZqhgTLdB9Yyg,heldout,3,3.8954,27,52296.40,47060,69863.69657769568,0.7485489771316086,likely,0.43067252998805156,15,15,none,0
tO96suFjNgA,UCnpWedLQdHpZqhgTLdB9Yyg,heldout,5,4.8954,27,49918.74,47060,70211.95822118068,0.7109720079938363,likely,0.3761703703520478,15,15,none,0
tO96suFjNgA,UCnpWedLQdHpZqhgTLdB9Yyg,heldout,7,6.8954,27,49341.55,47060,70985.97918230582,0.6950887397532797,likely,0.31569034540111546,15,15,none,0
tO96suFjNgA,UCnpWedLQdHpZqhgTLdB9Yyg,heldout,14,13.8954,27,53122.89,47060,73641,0.721376596246811,confirmed,0.2448294936354677,15,11,none,0
YsQ3hsMVrK4,UCOCsRROSlsrA31YJgCah32A,heldout,14,12.5828,31,21039.56,37866,13482.393640637349,1.5605213181133128,confirmed,,15,12,none,0
BnfPYwhzoaM,UCPCPE5MoI7DS1WiVB_-mzNw,heldout,5,5.8103,27,8260.48,6131,4347.59243009135,1.9000131318105526,likely,,15,15,none,0
BnfPYwhzoaM,UCPCPE5MoI7DS1WiVB_-mzNw,time,5,5.8103,27,8260.48,6131,4347.59243009135,1.9000131318105526,likely,,15,15,none,0
BnfPYwhzoaM,UCPCPE5MoI7DS1WiVB_-mzNw,heldout,7,6.8103,27,6690.56,6131,4283.670054923367,1.5618745965915348,likely,0.013204057458751927,15,15,none,0
BnfPYwhzoaM,UCPCPE5MoI7DS1WiVB_-mzNw,time,7,6.8103,27,6690.56,6131,4283.670054923367,1.5618745965915348,likely,0.013204057458751927,15,15,none,0
BnfPYwhzoaM,UCPCPE5MoI7DS1WiVB_-mzNw,heldout,14,12.8103,27,6315.31,6131,4055.108669723742,1.5573712779786018,confirmed,0.008588710231409337,15,15,none,0
BnfPYwhzoaM,UCPCPE5MoI7DS1WiVB_-mzNw,time,14,12.8103,27,6315.31,6131,4055.108669723742,1.5573712779786018,confirmed,0.008588710231409337,15,15,none,0
Z2R6ZsTOqwI,UCjB9rCM_kqa-tQj1UcwauAg,time,14,13.2773,28,8460.37,8782,3411.5045088265606,2.4799515528930014,confirmed,0.10622938189019164,15,11,none,0
p_LcLnx2bCk,UCPAt6z5uX_c5Eo_cSNROzYw,time,7,8.9368,28,4462.90,3685,8179.284300883438,0.5456341235285629,confirmed,,15,15,none,0
p_LcLnx2bCk,UCPAt6z5uX_c5Eo_cSNROzYw,time,14,13.9368,28,3732.15,3685,8008.310268307937,0.46603460194584195,confirmed,0.04663004794086322,15,15,none,0
N02M5l1fAME,UC_AuoGXQt-y7eqjKaTsYmjg,time,14,13.7914,28,5302.37,5534,3704.000000000001,1.4315254830144155,confirmed,0.17145589778798886,15,11,none,0
c8BwMOA8Kp0,UCZEEC1w4jP1cV2dibuDFwIQ,time,3,3.8645,27,45477.47,55674,12147.000000000007,3.7439258939398203,likely,,15,14,none,0
c8BwMOA8Kp0,UCZEEC1w4jP1cV2dibuDFwIQ,time,5,4.8645,27,62225.86,55674,12147.000000000007,5.122735128673111,likely,0.8010764519308526,15,13,none,0
c8BwMOA8Kp0,UCZEEC1w4jP1cV2dibuDFwIQ,time,7,6.8645,27,65592.09,55674,12147.000000000007,5.399859455633939,likely,0.7047498448231112,15,12,none,0
c8BwMOA8Kp0,UCZEEC1w4jP1cV2dibuDFwIQ,time,14,15.8645,27,57013.87,55674,12147.000000000007,4.693658599557402,confirmed,0.4269070271531053,15,8,none,0
8rnAL2zvSLY,UCGwAh9NT7iHZlw4zrBueyIw,time,1,1.0035,28,3202.25,2375,4437.361766028886,0.7216563291283552,early,,15,15,none,0
8rnAL2zvSLY,UCGwAh9NT7iHZlw4zrBueyIw,time,2,2.0035,28,2163.19,2375,4416.241901602817,0.4898259592233859,early,0.27811852214874755,15,15,none,0
8rnAL2zvSLY,UCGwAh9NT7iHZlw4zrBueyIw,time,3,3.0035,28,1732.08,2375,4414.834259477104,0.3923316445384357,likely,0.21211523277807678,15,14,none,0
8rnAL2zvSLY,UCGwAh9NT7iHZlw4zrBueyIw,time,5,5.0035,28,2340.28,2375,4387.717343321461,0.5333713940925959,likely,0.2815665937892263,15,13,none,0
8rnAL2zvSLY,UCGwAh9NT7iHZlw4zrBueyIw,time,7,7.0035,28,2321.28,2375,4362.146567494001,0.5321420001000422,confirmed,0.2847754389914665,15,12,none,0
8rnAL2zvSLY,UCGwAh9NT7iHZlw4zrBueyIw,time,14,13.0035,28,2363.18,2375,4352.943527051163,0.5428931474031587,confirmed,0.25022722181715806,15,9,none,0
m6EfZ7WxuGA,UC6BW8DqrAmBEIeCtMa4bfBw,time,14,15.2826,27,2642.06,2751,3673.903626850941,0.7191413824103905,confirmed,0.017314447660757102,15,15,none,0
3sTKc5JBknQ,UC682ktH2UsgNdCjl83TpDWg,time,14,12.9165,27,41.33,43,85.37269708718519,0.48411919431751477,confirmed,0.10427446629840677,15,15,none,0
xRg8IH2F5Xo,UCfkYw-BU8gjwP4yAL2M8Iiw,time,14,13.7906,28,1375.52,1345,290.7932172318974,4.730229899347181,confirmed,,15,15,none,0
oSW-__CBzoU,UCyHGVG2E0yo1NidXwG_JrpA,time,0.5,0.5029,28,909.89,824,1474.1078659038453,0.617245099370206,early,,15,10,none,0
oSW-__CBzoU,UCyHGVG2E0yo1NidXwG_JrpA,time,1,0.5029,28,909.89,824,1474.1078659038453,0.617245099370206,early,,15,10,none,0
oSW-__CBzoU,UCyHGVG2E0yo1NidXwG_JrpA,time,2,1.5029,28,1398.76,824,1453.8496275109808,0.9621061954182081,early,1.3520815374640665,15,10,none,0
oSW-__CBzoU,UCyHGVG2E0yo1NidXwG_JrpA,time,3,2.5029,28,1352.31,824,1416.1341574866278,0.9549278729406692,early,0.9370031614620382,15,10,none,0
oSW-__CBzoU,UCyHGVG2E0yo1NidXwG_JrpA,time,5,4.5029,28,1499.09,824,1364.6765718341287,1.0984959081547696,likely,0.6973139293802002,15,10,none,0
oSW-__CBzoU,UCyHGVG2E0yo1NidXwG_JrpA,time,7,6.5029,28,1089.65,824,1335.3213736099324,0.816023640314312,likely,0.5802161569334403,15,10,none,0
oSW-__CBzoU,UCyHGVG2E0yo1NidXwG_JrpA,time,14,13.5029,28,915.51,824,1264.1724712441198,0.724199993862205,confirmed,0.44986547409057936,15,7,none,0
i9BQS6oSHGU,UC-OJ-24roEfQ_-PCnLJSckg,time,1,0.8382,28,271395.32,270292,200403.99999999994,1.3542410471090087,early,,15,11,none,0
i9BQS6oSHGU,UC-OJ-24roEfQ_-PCnLJSckg,time,2,1.8382,28,225311.11,270292,200403.99999999994,1.124284495777246,early,0.5584884748658091,15,11,none,0
i9BQS6oSHGU,UC-OJ-24roEfQ_-PCnLJSckg,time,3,2.8382,28,229130.95,270292,200403.99999999994,1.1433451867980367,early,0.48985974683233663,15,10,none,0
i9BQS6oSHGU,UC-OJ-24roEfQ_-PCnLJSckg,time,5,4.8382,28,233340.23,270292,200403.99999999994,1.1643491476369838,likely,0.4023835405738438,15,10,none,0
i9BQS6oSHGU,UC-OJ-24roEfQ_-PCnLJSckg,time,7,6.8382,28,230698.43,270292,200403.99999999994,1.1511668169425922,likely,0.3973740861496844,15,10,none,0
i9BQS6oSHGU,UC-OJ-24roEfQ_-PCnLJSckg,time,14,13.8382,28,256870.87,270292,200403.99999999994,1.281765172204759,confirmed,0.3630421205938333,15,9,none,0
reGN99ayQ14,UCaDa57ymCY9-MrSs-JdQ3kg,heldout,3,3.0354,31,464.56,2288,724.7030630187121,0.6410312856984048,likely,,15,12,none,0
reGN99ayQ14,UCaDa57ymCY9-MrSs-JdQ3kg,heldout,5,4.0354,31,1055.63,2288,730.4892997830441,1.4450938247333183,likely,0.9800955755523976,15,11,none,0
reGN99ayQ14,UCaDa57ymCY9-MrSs-JdQ3kg,heldout,7,7.0354,31,1546.47,2288,745.910110575547,2.073269886107489,confirmed,1.0113280061375616,15,11,none,0
reGN99ayQ14,UCaDa57ymCY9-MrSs-JdQ3kg,heldout,14,14.0354,31,1309.86,2288,819.1233625051428,1.5991036961904812,confirmed,0.9148385012501182,15,9,none,0
I8-FADDae8M,UC6QNjBn6KMq5-pe3OE11zZg,heldout,0.5,0.5816,30,5971.52,5805,10313.280294283011,0.5790130238024369,early,,11,9,none,0
I8-FADDae8M,UC6QNjBn6KMq5-pe3OE11zZg,heldout,1,0.5816,30,5971.52,5805,10313.280294283011,0.5790130238024369,early,,11,9,none,0
I8-FADDae8M,UC6QNjBn6KMq5-pe3OE11zZg,heldout,14,12.5816,30,6059.32,5805,9619.62714372014,0.6298914607660704,confirmed,0.49040237982786644,13,9,none,0
2wUZfbPeuJQ,UClhLazRwMSdXeF-MBFUo4gg,time,14,13.7500,28,3271.89,3182,1895.0469294225486,1.7265484414754537,confirmed,0.2412009253554882,15,15,none,0
cQHE-iQBMek,UCpv6LoMeHrG-NPDCRnBWFpA,heldout,14,12.9159,27,537.57,628,375.02112463754247,1.4334440506581572,confirmed,,10,10,none,0
cQHE-iQBMek,UCpv6LoMeHrG-NPDCRnBWFpA,time,14,12.9159,27,537.57,628,375.02112463754247,1.4334440506581572,confirmed,,10,10,none,0
DQl1ozO_iwY,UCUpbDOT-OVNBlaQpb9pbd2w,time,5,5.7688,29,32682.96,25945,19685.041924499285,1.660293988587257,likely,,15,15,none,0
DQl1ozO_iwY,UCUpbDOT-OVNBlaQpb9pbd2w,time,7,6.7688,29,26736.94,25945,19264.05477050502,1.387918450162425,likely,0.08554498655315909,15,15,none,0
DQl1ozO_iwY,UCUpbDOT-OVNBlaQpb9pbd2w,time,14,14.7688,29,26042.39,25945,17225.39449452761,1.5118601029811065,confirmed,0.0561065290448013,15,15,none,0
6DmPXKSCPHo,UCfQgsKhHjSyRLOp9mnffqVg,time,1,0.8332,29,414907.94,407068,535045.5560300077,0.7754628195496537,early,,14,14,none,0
6DmPXKSCPHo,UCfQgsKhHjSyRLOp9mnffqVg,time,2,1.8332,29,450252.40,407068,540145.5859018797,0.8335760029505331,early,0.8036415748802785,15,15,none,0
6DmPXKSCPHo,UCfQgsKhHjSyRLOp9mnffqVg,time,3,2.8332,29,396663.93,407068,545316.9999999999,0.7274006393093001,early,0.6005743321232692,15,14,none,0
6DmPXKSCPHo,UCfQgsKhHjSyRLOp9mnffqVg,time,5,4.8332,29,379009.00,407068,545316.9999999999,0.6950250936596299,likely,0.48418339022031154,15,14,none,0
6DmPXKSCPHo,UCfQgsKhHjSyRLOp9mnffqVg,time,7,6.8332,29,359617.31,407068,545316.9999999999,0.6594647022813193,likely,0.4428980027678408,15,11,none,0
6DmPXKSCPHo,UCfQgsKhHjSyRLOp9mnffqVg,time,14,13.8332,29,442007.56,407068,545448.9999999997,0.8103554338030365,confirmed,0.4050934273919602,15,8,none,0
Im51hMdp690,UC4lGf3Jn2331jdjMlsJyj5Q,time,14,12.8105,28,186642.15,191665,193530.99999999985,0.9644043893200467,confirmed,0.22150716016510805,15,11,none,0
bGaWTL43qDM,UCsv09iEutfmPwHGm40og7dg,time,1,1.0825,27,7031.03,21047,8067.033414396351,0.8715753683719444,early,,15,15,none,0
bGaWTL43qDM,UCsv09iEutfmPwHGm40og7dg,time,2,2.0825,27,5501.03,21047,7979.645389941542,0.6893823298897929,early,0.43072779477398015,15,14,none,0
bGaWTL43qDM,UCsv09iEutfmPwHGm40og7dg,time,3,3.0825,27,5443.53,21047,7886.522089524132,0.6902317443551873,likely,0.4142600361228898,15,14,none,0
bGaWTL43qDM,UCsv09iEutfmPwHGm40og7dg,time,5,4.0825,27,6213.24,21047,7897.348176684525,0.7867501140050244,likely,0.478044864755385,15,14,none,0
bGaWTL43qDM,UCsv09iEutfmPwHGm40og7dg,time,7,7.0825,27,7874.51,21047,7934.718325419046,0.9924117461024389,confirmed,0.4938039746637247,15,14,none,0
bGaWTL43qDM,UCsv09iEutfmPwHGm40og7dg,time,14,15.0825,27,15840.80,21047,8004.173881131,1.979066920842496,confirmed,0.44513417893273755,15,11,none,0
uqMITME4vms,UCecPJBL6E1PVky1-gj6KH5g,time,0.5,0.5090,28,94612.22,59184,103258.21218886913,0.9162682554823688,early,,15,15,none,0
uqMITME4vms,UCecPJBL6E1PVky1-gj6KH5g,time,1,0.5090,28,94612.22,59184,103258.21218886913,0.9162682554823688,early,,15,15,none,0
uqMITME4vms,UCecPJBL6E1PVky1-gj6KH5g,time,2,2.5090,28,72684.78,59184,108517.32517458337,0.6697988432926288,early,0.4801679578455546,15,14,none,0
uqMITME4vms,UCecPJBL6E1PVky1-gj6KH5g,time,3,2.5090,28,72684.78,59184,108517.32517458337,0.6697988432926288,early,0.4801679578455546,15,14,none,0
uqMITME4vms,UCecPJBL6E1PVky1-gj6KH5g,time,5,4.5090,28,62204.99,59184,108191.14024288396,0.5749545599996032,likely,0.37822982955336554,15,12,none,0
uqMITME4vms,UCecPJBL6E1PVky1-gj6KH5g,time,7,6.5090,28,69733.08,59184,107939.58637700333,0.6460380670703673,likely,0.3419146577518669,15,11,none,0
uqMITME4vms,UCecPJBL6E1PVky1-gj6KH5g,time,14,13.5090,28,65794.27,59184,110157.00000000001,0.5972772761567984,confirmed,0.2815738277328938,15,7,none,0
M7FK_G8XTIY,UC7-Z34pbJ0ZAOJRmUCEz0Cg,time,0.5,0.6246,28,68886.27,63066,327083.99999999977,0.21060726442289796,early,,15,11,none,0
M7FK_G8XTIY,UC7-Z34pbJ0ZAOJRmUCEz0Cg,time,1,0.6246,28,68886.27,63066,327083.99999999977,0.21060726442289796,early,,15,11,none,0
M7FK_G8XTIY,UC7-Z34pbJ0ZAOJRmUCEz0Cg,time,2,1.6246,28,86562.32,63066,327083.99999999977,0.26464859225536497,early,1.0351444718352298,15,11,none,0
M7FK_G8XTIY,UC7-Z34pbJ0ZAOJRmUCEz0Cg,time,3,2.6246,28,88134.25,63066,327083.99999999977,0.2694544776039608,early,0.8195226852983379,15,10,none,0
M7FK_G8XTIY,UC7-Z34pbJ0ZAOJRmUCEz0Cg,time,5,4.6246,28,85006.70,63066,327083.99999999977,0.2598925644421381,likely,0.5940327512506721,15,10,none,0
M7FK_G8XTIY,UC7-Z34pbJ0ZAOJRmUCEz0Cg,time,7,6.6246,28,81902.06,63066,327083.99999999977,0.2504007055363143,likely,0.5031615066999793,15,10,none,0
M7FK_G8XTIY,UC7-Z34pbJ0ZAOJRmUCEz0Cg,time,14,13.6246,28,77535.58,63066,327083.99999999977,0.23705098138511488,confirmed,0.38139014402581817,15,9,none,0
gZQWDgUNQY8,UCMmfUj8CcXeqpqWkund3ELg,time,7,7.8741,29,60640.74,70775,45985.00000000003,1.3187069954671642,confirmed,,15,13,none,0
gZQWDgUNQY8,UCMmfUj8CcXeqpqWkund3ELg,time,14,13.8741,29,67105.61,70775,45985.00000000003,1.459293420296195,confirmed,0.3399940883343464,15,11,none,0
Y-cihfULrUc,UCDIaC10wqRZFutqWaJnm7QA,time,5,6.8424,29,52.89,49,,,insufficient,,0,0,none,0
Y-cihfULrUc,UCDIaC10wqRZFutqWaJnm7QA,time,7,6.8424,29,52.89,49,,,insufficient,,0,0,none,0
Y-cihfULrUc,UCDIaC10wqRZFutqWaJnm7QA,time,14,13.8424,29,50.00,49,,,insufficient,0.14260120267107104,0,0,none,0
DYe6pWypaNo,UChISHLovxnSLP0w81NEQj5w,time,14,14.4508,27,2862.14,2778,17184.32997636193,0.16655530800900695,confirmed,0.010794663908141546,15,15,none,0
Hn1o3mcpWXs,UCsP7Bpw36J666Fct5M8u-ZA,time,14,15.1041,27,294805.73,298906,476399.32275600353,0.6188206270849753,confirmed,0.125755405022871,15,14,none,0
UQXMcNj8scw,UCS3lFRhXKfCZ8FvRqPjy9NA,time,3,3.9161,27,837.15,1043,704.3411515610318,1.188563972616926,likely,,10,9,none,0
UQXMcNj8scw,UCS3lFRhXKfCZ8FvRqPjy9NA,time,5,4.9161,27,1156.10,1043,714.9999999999999,1.6169241630502689,likely,0.8587526868596904,15,13,none,0
UQXMcNj8scw,UCS3lFRhXKfCZ8FvRqPjy9NA,time,7,6.9161,27,1242.08,1043,722.2304898271525,1.7197791065875543,likely,0.7700710824812119,15,13,none,0
UQXMcNj8scw,UCS3lFRhXKfCZ8FvRqPjy9NA,time,14,12.9161,27,1149.84,1043,745.1302235211472,1.543136013914197,confirmed,0.5210287087998231,15,11,none,0
Br_Dz5FZELU,UC70SrI3VkT1MXALRtf0pcHg,heldout,1,0.9236,30,87939.46,55831,75962.65211454256,1.1576670018636137,early,,13,13,none,0
Br_Dz5FZELU,UC70SrI3VkT1MXALRtf0pcHg,heldout,2,1.9236,30,59161.00,55831,69411.11574732799,0.8523274413911673,early,0.25916358771289294,15,15,none,0
Br_Dz5FZELU,UC70SrI3VkT1MXALRtf0pcHg,heldout,3,2.9236,30,63734.70,55831,68415.06210282212,0.9315886850339177,early,0.29859191756496933,15,15,none,0
Br_Dz5FZELU,UC70SrI3VkT1MXALRtf0pcHg,heldout,5,4.9236,30,65580.73,55831,66896.76285296594,0.9803273964852023,likely,0.29270824974591747,15,15,none,0
Br_Dz5FZELU,UC70SrI3VkT1MXALRtf0pcHg,heldout,7,6.9236,30,62741.05,55831,65075.353060807814,0.9641292225400215,likely,0.24426820739287194,15,15,none,0
Br_Dz5FZELU,UC70SrI3VkT1MXALRtf0pcHg,heldout,14,13.9236,30,58430.43,55831,60965.55380866779,0.9584170457319151,confirmed,0.18716002020021094,15,15,none,0
SOBysPS6nJQ,UCg2EPgrZtxyZPdaprLgSqpQ,time,5,6.4419,28,94.45,79,,,insufficient,,0,0,none,0
SOBysPS6nJQ,UCg2EPgrZtxyZPdaprLgSqpQ,time,7,7.4419,28,82.45,79,,,insufficient,0,0,0,none,0
SOBysPS6nJQ,UCg2EPgrZtxyZPdaprLgSqpQ,time,14,14.4419,28,79.56,79,,,insufficient,0.036053035994912906,0,0,none,0
FNWYh0OjLKI,UCbNBM6s09xhYD4i_mjnEoLA,time,5,6.8493,29,2406.49,2239,,,insufficient,,0,0,none,0
FNWYh0OjLKI,UCbNBM6s09xhYD4i_mjnEoLA,time,7,6.8493,29,2406.49,2239,,,insufficient,,0,0,none,0
FNWYh0OjLKI,UCbNBM6s09xhYD4i_mjnEoLA,time,14,13.8493,29,2271.82,2239,,,insufficient,0.14044418866225986,0,0,none,0
8FGXMjxj_Vc,UCsLt8oYvDYGpSHcGhRBBkyw,time,14,13.8540,29,5870.76,5404,2660.114683289957,2.2069556441519675,confirmed,1.0062892517664888,15,15,none,0
WFstpTquNiE,UC4cTmHcWEXfkRdCvFLe4KiQ,time,14,12.9160,27,6456.47,6803,4436.8434826321845,1.4551945685009526,confirmed,0.3009328738609096,15,13,none,0
s0P6_ZLlD0I,UCc8cHxAZ3jwWkrrDyaLwDUw,time,5,5.6040,28,2896.27,2579,,,insufficient,,2,2,none,0
s0P6_ZLlD0I,UCc8cHxAZ3jwWkrrDyaLwDUw,time,7,6.6040,28,2882.91,2579,,,insufficient,0.4608432822004859,2,2,none,0
s0P6_ZLlD0I,UCc8cHxAZ3jwWkrrDyaLwDUw,time,14,13.6040,28,2649.01,2579,,,insufficient,0.16965996934503708,2,2,none,0
Vx_ytwoY3t0,UCeKKrZ5GnBXRwnKlrixiREQ,time,5,4.7612,27,44835.04,35730,,,insufficient,,2,2,none,0
Vx_ytwoY3t0,UCeKKrZ5GnBXRwnKlrixiREQ,time,7,6.7612,27,37545.60,35730,,,insufficient,0.11799478515740436,2,2,none,0
Vx_ytwoY3t0,UCeKKrZ5GnBXRwnKlrixiREQ,time,14,15.7612,27,36458.72,35730,,,insufficient,0.06345875068244211,2,2,none,0
qUcZDThLY64,UCI0vQvr9aFn27yR6Ej6n5UA,time,5,6.0884,28,1086.76,939,1065.9999999999998,1.0194752920086891,likely,,15,13,none,0
qUcZDThLY64,UCI0vQvr9aFn27yR6Ej6n5UA,time,7,7.0884,28,965.22,939,1065.9999999999998,0.9054563876819656,confirmed,0.13057296281037717,15,13,none,0
qUcZDThLY64,UCI0vQvr9aFn27yR6Ej6n5UA,time,14,13.0884,28,937.17,939,1016.7796302806203,0.9217046154945385,confirmed,0.07239523215598995,15,12,none,0
e51VEA_0KgQ,UCYzrlZP_m1cV51q9GGDHCMg,time,0.5,0.4383,27,146.35,110,282.7802947123209,0.5175228978208753,early,,14,14,none,0
e51VEA_0KgQ,UCYzrlZP_m1cV51q9GGDHCMg,time,1,1.4383,27,168.03,110,275.7109024966967,0.6094576495928565,early,0.7953994674282167,15,15,none,0
e51VEA_0KgQ,UCYzrlZP_m1cV51q9GGDHCMg,time,2,2.4383,27,133.16,110,269.7431224337203,0.4936568882916932,early,0.591099920111178,15,15,none,0
e51VEA_0KgQ,UCYzrlZP_m1cV51q9GGDHCMg,time,3,3.4383,27,133.64,110,264.5192280350832,0.5052361699940147,likely,0.5130115813155475,15,15,none,0
e51VEA_0KgQ,UCYzrlZP_m1cV51q9GGDHCMg,time,5,5.4383,27,128.78,110,256.8682994381111,0.5013424378575508,likely,0.46967223766553046,15,15,none,0
e51VEA_0KgQ,UCYzrlZP_m1cV51q9GGDHCMg,time,7,7.4383,27,123.03,110,249.63824480876994,0.49282378915320496,confirmed,0.4216639183564349,15,15,none,0
e51VEA_0KgQ,UCYzrlZP_m1cV51q9GGDHCMg,time,14,15.4383,27,120.42,110,234.07052566341764,0.5144521459680834,confirmed,0.33088146494302173,15,15,none,0
7KQVpKPZphU,UCpXipTyhIY9kprpvVd-lu0A,time,5,4.9271,28,86677.28,288733,59894.66243638268,1.4471619929515769,likely,,15,15,none,0
7KQVpKPZphU,UCpXipTyhIY9kprpvVd-lu0A,time,7,6.9271,28,156775.53,288733,59366.32671020229,2.6408158065333724,likely,1.4147086845249632,15,15,none,0
7KQVpKPZphU,UCpXipTyhIY9kprpvVd-lu0A,time,14,13.9271,28,205093.99,288733,57036.013710455154,3.5958683083492065,confirmed,1.0095288764922898,15,14,none,0
qfe5SGtQHd8,UCGb34D3ThpmjLNn-FLv2_yQ,time,14,13.5411,28,3379.81,3502,2371.8509285095665,1.4249658830500236,confirmed,0.12013176980215325,15,11,none,0
Jnz7K5LiVcM,UCecPJBL6E1PVky1-gj6KH5g,heldout,7,7.4979,30,187322.03,197406,95953.81719093559,1.9522102582963887,confirmed,,15,12,none,0
Jnz7K5LiVcM,UCecPJBL6E1PVky1-gj6KH5g,heldout,14,14.4979,30,180779.52,197406,95893.30027814713,1.8852153824679363,confirmed,0.18567992660211924,15,9,none,0
yqCZ1ii2Jk8,UC5_SBQbLA9Kg7Jh5GpXoP3g,time,1,0.8320,28,175.23,286,,,insufficient,,1,1,none,0
yqCZ1ii2Jk8,UC5_SBQbLA9Kg7Jh5GpXoP3g,time,2,2.8320,28,427.94,286,116.86647744873812,3.6618279197302965,early,1.5023246457998656,15,15,none,0
yqCZ1ii2Jk8,UC5_SBQbLA9Kg7Jh5GpXoP3g,time,3,2.8320,28,427.94,286,116.86647744873812,3.6618279197302965,early,1.5023246457998656,15,15,none,0
yqCZ1ii2Jk8,UC5_SBQbLA9Kg7Jh5GpXoP3g,time,5,4.8320,28,412.76,286,101.65519582260173,4.060389876263769,likely,1.0436764534744547,15,15,none,0
yqCZ1ii2Jk8,UC5_SBQbLA9Kg7Jh5GpXoP3g,time,7,6.8320,28,387.95,286,106.36673072513302,3.6472426845994566,likely,0.8828643777956506,15,15,none,0
yqCZ1ii2Jk8,UC5_SBQbLA9Kg7Jh5GpXoP3g,time,14,13.8320,28,320.38,286,134.41267049917175,2.3835861282523623,confirmed,0.6425185750340525,15,15,none,0
UGiNrxKce3M,UCGwAh9NT7iHZlw4zrBueyIw,heldout,5,5.0236,30,3798.87,3921,4619.556779709682,0.8223455266771111,likely,0.3920587762787168,15,12,none,0
UGiNrxKce3M,UCGwAh9NT7iHZlw4zrBueyIw,heldout,7,7.0236,30,3921.02,3921,4567.040669618579,0.8585482940199338,confirmed,0.3585432690667857,15,9,none,0
UGiNrxKce3M,UCGwAh9NT7iHZlw4zrBueyIw,heldout,14,14.0236,30,4047.24,3921,4396.0607363735935,0.9206505702423078,confirmed,0.2573387986236179,15,8,none,0
f9v50uNJkZ0,UCrtPXCqjm9c7nqgJL-vBSZg,heldout,5,5.0886,27,931.22,1521,6870.991759751231,0.13552902207426068,likely,0.31722043313186626,15,13,none,0
f9v50uNJkZ0,UCrtPXCqjm9c7nqgJL-vBSZg,time,5,5.0886,27,931.22,1521,6870.991759751231,0.13552902207426068,likely,0.31722043313186626,15,13,none,0
f9v50uNJkZ0,UCrtPXCqjm9c7nqgJL-vBSZg,heldout,7,7.0886,27,1050.17,1521,6948.0000000000055,0.1511477117492071,confirmed,0.41539911032396937,15,11,none,0
f9v50uNJkZ0,UCrtPXCqjm9c7nqgJL-vBSZg,time,7,7.0886,27,1050.17,1521,6948.0000000000055,0.1511477117492071,confirmed,0.41539911032396937,15,11,none,0
f9v50uNJkZ0,UCrtPXCqjm9c7nqgJL-vBSZg,heldout,14,13.0886,27,1208.86,1521,6948.0000000000055,0.1739863662651078,confirmed,0.40721677058506006,15,9,none,0
f9v50uNJkZ0,UCrtPXCqjm9c7nqgJL-vBSZg,time,14,13.0886,27,1208.86,1521,6948.0000000000055,0.1739863662651078,confirmed,0.40721677058506006,15,9,none,0
PmCCkltcTHg,UCArVi6FH57DfXJWn1Gc8iAQ,time,5,5.8327,28,13963.28,12069,,,insufficient,,0,0,none,0
PmCCkltcTHg,UCArVi6FH57DfXJWn1Gc8iAQ,time,7,6.8327,28,12875.93,12069,,,insufficient,0.2488207258213505,0,0,none,0
PmCCkltcTHg,UCArVi6FH57DfXJWn1Gc8iAQ,time,14,12.8327,28,12380.89,12069,,,insufficient,0.14689273727700028,0,0,none,0
3CxEfJbpGPU,UC8DqDLFZCni7Jkys3N3818w,heldout,5,4.8180,27,61.19,91,28.87459547009166,2.11912097159234,likely,,3,3,none,0
3CxEfJbpGPU,UC8DqDLFZCni7Jkys3N3818w,time,5,4.8180,27,61.19,91,28.87459547009166,2.11912097159234,likely,,3,3,none,0
3CxEfJbpGPU,UC8DqDLFZCni7Jkys3N3818w,heldout,7,6.8180,27,74.31,91,31.671636023837852,2.346382542836021,likely,0.6170554982731096,3,3,none,0
3CxEfJbpGPU,UC8DqDLFZCni7Jkys3N3818w,time,7,6.8180,27,74.31,91,31.671636023837852,2.346382542836021,likely,0.6170554982731096,3,3,none,0
3CxEfJbpGPU,UC8DqDLFZCni7Jkys3N3818w,heldout,14,12.8180,27,66.04,91,33.796243265615,1.9541302423437137,confirmed,0.31314619826371304,3,3,none,0
3CxEfJbpGPU,UC8DqDLFZCni7Jkys3N3818w,time,14,12.8180,27,66.04,91,33.796243265615,1.9541302423437137,confirmed,0.31314619826371304,3,3,none,0
Irm4KHKNV8o,UCl69GToBX-RxXP4Dp9sQ7jw,time,14,13.9579,29,132847.31,127910,132972.14574049748,0.9990612179660724,confirmed,0.20915564413119384,15,15,none,0
vd9UpxLInes,UCzr30osBdTmuFUS8IfXtXmg,time,1,0.9986,28,163432.38,294526,77006.99400934947,2.1223057248619845,early,,15,9,none,0
vd9UpxLInes,UCzr30osBdTmuFUS8IfXtXmg,time,2,1.9986,28,148285.51,294526,76582.33693631456,1.936288701724802,early,0.5685574351355862,15,9,none,0
vd9UpxLInes,UCzr30osBdTmuFUS8IfXtXmg,time,3,2.9986,28,139393.92,294526,76039.9165202899,1.8331676513180366,early,0.5056246786652104,15,8,none,0
vd9UpxLInes,UCzr30osBdTmuFUS8IfXtXmg,time,5,4.9986,28,178394.16,294526,75087.78776114767,2.375807946639865,likely,0.5141559010511653,15,8,none,0
vd9UpxLInes,UCzr30osBdTmuFUS8IfXtXmg,time,7,6.9986,28,244485.62,294526,74185.37220737495,3.2956041385351527,likely,0.6115186105925348,15,7,none,0
vd9UpxLInes,UCzr30osBdTmuFUS8IfXtXmg,time,14,13.9986,28,343872.95,294526,72023.41161507159,4.774460756444937,confirmed,0.666695269474657,15,5,none,0
qXBhnJnKZnA,UC_Gz-8R2G8jBs20ro9AL9hA,time,1,1.9088,28,231.93,351,363.05200933213825,0.6388397977348081,early,,15,15,none,0
qXBhnJnKZnA,UC_Gz-8R2G8jBs20ro9AL9hA,time,2,1.9088,28,231.93,351,363.05200933213825,0.6388397977348081,early,,15,15,none,0
qXBhnJnKZnA,UC_Gz-8R2G8jBs20ro9AL9hA,time,3,2.9088,28,283.33,351,374.94720569916103,0.7556467099584608,early,0.8836999237166134,15,15,none,0
qXBhnJnKZnA,UC_Gz-8R2G8jBs20ro9AL9hA,time,5,4.9088,28,292.03,351,384.05247717070563,0.76040117488397,likely,0.5947032525692858,15,15,none,0
qXBhnJnKZnA,UC_Gz-8R2G8jBs20ro9AL9hA,time,7,6.9088,28,289.00,351,405.3866034371654,0.7128948195173034,likely,0.5267041845337986,15,15,none,0
qXBhnJnKZnA,UC_Gz-8R2G8jBs20ro9AL9hA,time,14,12.9088,28,299.29,351,429.16424256384676,0.6973823060832626,confirmed,0.46325861432618237,15,15,none,0
pmeeqaXIppU,UCDdUNivjRfrqIE71438HJqQ,time,5,4.7187,27,596.93,724,,,insufficient,,1,1,none,0
pmeeqaXIppU,UCDdUNivjRfrqIE71438HJqQ,time,7,6.7187,27,572.05,724,,,insufficient,0.241675261944235,1,1,none,0
pmeeqaXIppU,UCDdUNivjRfrqIE71438HJqQ,time,14,15.7187,27,672.74,724,,,insufficient,0.2927845393801671,1,1,none,0
oOUEPF8MEPY,UCAC8Y3gJMuhGsjNWyufUNAQ,time,5,6.5886,27,69.26,86,,,insufficient,,0,0,none,0
oOUEPF8MEPY,UCAC8Y3gJMuhGsjNWyufUNAQ,time,7,6.5886,27,69.26,86,,,insufficient,,0,0,none,0
oOUEPF8MEPY,UCAC8Y3gJMuhGsjNWyufUNAQ,time,14,13.5886,27,80.67,86,,,insufficient,0.34696278890055754,0,0,none,0
DJ18LeXxL4I,UC5lBPQsMMJEE5PTJMzf_sug,heldout,1,1.9432,30,2558.73,3533,3710.5922557245462,0.6895757597994541,early,,10,10,none,0
DJ18LeXxL4I,UC5lBPQsMMJEE5PTJMzf_sug,heldout,2,1.9432,30,2558.73,3533,3710.5922557245462,0.6895757597994541,early,,10,10,none,0
DJ18LeXxL4I,UC5lBPQsMMJEE5PTJMzf_sug,heldout,3,2.9432,30,1722.61,3533,6959.601825510283,0.2475156492960714,early,0.04222409249573834,15,15,none,0
DJ18LeXxL4I,UC5lBPQsMMJEE5PTJMzf_sug,heldout,5,4.9432,30,1859.79,3533,7257.678910902931,0.2562516280123593,likely,0.2502222577683959,15,13,none,0
DJ18LeXxL4I,UC5lBPQsMMJEE5PTJMzf_sug,heldout,7,5.9432,30,2196.03,3533,7257.678910902931,0.3025798949955294,likely,0.2565821825923143,15,13,none,0
DJ18LeXxL4I,UC5lBPQsMMJEE5PTJMzf_sug,heldout,14,13.9432,30,4689.99,3533,8616.819973686761,0.5442826817679703,confirmed,0.40112519260266766,15,8,none,0
KP5CplhE4r8,UCiDJtJKMICpb9B1qf7qjEOA,time,1,0.9163,28,268770.57,287991,83063.68682800641,3.2357168694141927,early,,14,14,none,0
KP5CplhE4r8,UCiDJtJKMICpb9B1qf7qjEOA,time,2,1.9163,28,215926.39,287991,104751.85807656158,2.061313267972219,early,0.46530687578320296,15,15,none,0
KP5CplhE4r8,UCiDJtJKMICpb9B1qf7qjEOA,time,3,2.9163,28,213377.57,287991,104002.29803509523,2.051662117258094,early,0.4252642454052755,15,15,none,0
KP5CplhE4r8,UCiDJtJKMICpb9B1qf7qjEOA,time,5,4.9163,28,223466.75,287991,102867.37867890364,2.172377225365195,likely,0.38852140324671436,15,15,none,0
KP5CplhE4r8,UCiDJtJKMICpb9B1qf7qjEOA,time,7,6.9163,28,249538.16,287991,102729.52488130494,2.4290792366707374,likely,0.3973987972491127,15,15,none,0
KP5CplhE4r8,UCiDJtJKMICpb9B1qf7qjEOA,time,14,13.9163,28,294560.19,287991,105720.37470541417,2.7862197082612985,confirmed,0.4027680336139969,15,14,none,0
xmQLP2dZLT4,UC4PIiYewI1YGyiZvgNlJNrA,time,0.5,0.5375,29,113140.81,133402,161322.73964301345,0.7013320434825031,early,,15,13,none,0
xmQLP2dZLT4,UC4PIiYewI1YGyiZvgNlJNrA,time,1,0.5375,29,113140.81,133402,161322.73964301345,0.7013320434825031,early,,15,13,none,0
xmQLP2dZLT4,UC4PIiYewI1YGyiZvgNlJNrA,time,2,1.5375,29,152988.40,133402,161752.8755993673,0.9458156205998008,early,1.057247580158903,15,13,none,0
xmQLP2dZLT4,UC4PIiYewI1YGyiZvgNlJNrA,time,3,2.5375,29,133548.46,133402,163548.52139042277,0.8165678390173433,early,0.7535036212802342,15,12,none,0
xmQLP2dZLT4,UC4PIiYewI1YGyiZvgNlJNrA,time,5,4.5375,29,141331.12,133402,164376.5933723526,0.8598007390785126,likely,0.6443759757634359,15,11,none,0
xmQLP2dZLT4,UC4PIiYewI1YGyiZvgNlJNrA,time,7,6.5375,29,126541.22,133402,165365.00243430436,0.7652236993669138,likely,0.5975442585362389,15,11,none,0
xmQLP2dZLT4,UC4PIiYewI1YGyiZvgNlJNrA,time,14,13.5375,29,156414.52,133402,175343.7215058419,0.8920451557133553,confirmed,0.530881378469967,15,10,none,0
AQvBKGxeYxI,UC0Hk4EE6iUXv21AdUdJ6vlg,time,5,6.8332,29,209.04,229,,,insufficient,,0,0,none,0
AQvBKGxeYxI,UC0Hk4EE6iUXv21AdUdJ6vlg,time,7,6.8332,29,209.04,229,,,insufficient,,0,0,none,0
AQvBKGxeYxI,UC0Hk4EE6iUXv21AdUdJ6vlg,time,14,13.8332,29,217.16,229,,,insufficient,0.2441204382270235,0,0,none,0
9XOZwFzp53g,UCaNycZiNY1X7T44Pipi7V4A,time,14,14.7499,29,2474.00,2518,4007.9999999999964,0.6172666457551469,confirmed,0.20391976271236079,15,14,none,0
foru-QnySpY,UCEKt2bUDBoRUw3wpPpDOUaA,time,3,3.8437,28,266110.49,284478,134600.99999999994,1.9770320588080799,likely,,15,14,none,0
foru-QnySpY,UCEKt2bUDBoRUw3wpPpDOUaA,time,5,5.8437,28,244480.35,284478,134600.99999999994,1.8163338548400059,likely,0.3559963858738398,15,13,none,0
foru-QnySpY,UCEKt2bUDBoRUw3wpPpDOUaA,time,7,6.8437,28,255250.70,284478,134600.99999999994,1.8963506825095935,likely,0.37663028978431484,15,13,none,0
foru-QnySpY,UCEKt2bUDBoRUw3wpPpDOUaA,time,14,13.8437,28,287682.31,284478,134600.99999999994,2.1372969781893625,confirmed,0.34165237375348095,15,11,none,0
17z6QWnlgmk,UC2EvrwxrEaP5BF5uUZ56uIw,time,5,6.8080,29,40.30,52,,,insufficient,,0,0,none,0
17z6QWnlgmk,UC2EvrwxrEaP5BF5uUZ56uIw,time,7,6.8080,29,40.30,52,,,insufficient,,0,0,none,0
17z6QWnlgmk,UC2EvrwxrEaP5BF5uUZ56uIw,time,14,13.8080,29,47.93,52,,,insufficient,0.38723174310029324,0,0,none,0
36xSpAR47YI,UC4wKN1tlnlNVMiRPOu7qyvQ,heldout,14,13.7708,30,8976.42,9389,1627.334054114403,5.51602760937703,confirmed,0.14759115536078043,15,15,none,0
I9OUh7iTQ_I,UC-__rBmcQsAbJsdfe5R_xTA,time,14,12.6703,27,106.39,111,249.88652612282306,0.42574841676696534,confirmed,0.4312119985765911,15,15,none,0
0-3hjkqCX1k,UCFw5CGngtluNE5iBnnt64ww,time,14,13.6667,27,12416.73,12582,12568.492892471917,0.9879254413368108,confirmed,0.07561881381088292,15,11,none,0
wVTJ41WT3_I,UCJ1RVDuSiJncq6VQYiqpzLA,time,14,12.9987,28,618.50,619,1050.3360197207255,0.5888602955948423,confirmed,0.20851365577819034,15,15,none,0
j-Wbu2HVU9A,UCwrXi5ZknKThspJc-Gai04g,time,14,13.4791,27,52164.37,54900,14307.806052783279,3.645867784881702,confirmed,0.5252622966971123,15,12,none,0
yKDVB37AOic,UCtbLA0YM6EpwUQhFUyPQU9Q,heldout,1,1.9951,30,730885.29,886072,394074.4197261103,1.85468850060389,early,,15,15,none,0
yKDVB37AOic,UCtbLA0YM6EpwUQhFUyPQU9Q,heldout,2,1.9951,30,730885.29,886072,394074.4197261103,1.85468850060389,early,,15,15,none,0
yKDVB37AOic,UCtbLA0YM6EpwUQhFUyPQU9Q,heldout,7,7.9951,30,926118.89,886072,394778.36246021267,2.34592110596901,confirmed,0.49431654261343566,15,14,none,0
yKDVB37AOic,UCtbLA0YM6EpwUQhFUyPQU9Q,heldout,14,13.9951,30,867124.78,886072,392017.73385884403,2.2119529402550913,confirmed,0.3978608550019892,15,14,none,0
PvTK8TOkDAc,UCN9rUqSA8Wu6dutv0H6fBCA,time,14,13.6838,29,21436.87,22342,15177.897132807344,1.412374191419475,confirmed,0.22611068786208946,15,15,none,0
dTvXLJdH4IE,UC6ITJIW6jgrrP5irR7WoHrw,time,5,6.9573,27,11701.25,13487,12626.477653654929,0.9267233383914694,likely,,15,14,none,0
dTvXLJdH4IE,UC6ITJIW6jgrrP5irR7WoHrw,time,7,6.9573,27,11701.25,13487,12626.477653654929,0.9267233383914694,likely,,15,14,none,0
dTvXLJdH4IE,UC6ITJIW6jgrrP5irR7WoHrw,time,14,14.9573,27,14010.59,13487,13069.999999999989,1.0719652368332615,confirmed,0.36563553588902953,15,12,none,0
SxOWwlp134U,UCj4p4EritSP1yXDj_Di3img,time,14,13.0410,28,92.39,86,106.72791311500306,0.8657035004285548,confirmed,0.18080509322830376,15,10,none,0
4nIQEyyRHkY,UCBRxDSTfr2aJVODDh4WG_7g,time,5,6.8945,27,436.97,351,332.71692603579794,1.3133415781840092,likely,,11,11,none,0
4nIQEyyRHkY,UCBRxDSTfr2aJVODDh4WG_7g,time,7,6.8945,27,436.97,351,332.71692603579794,1.3133415781840092,likely,,11,11,none,0
4nIQEyyRHkY,UCBRxDSTfr2aJVODDh4WG_7g,time,14,12.8945,27,361.64,351,493.5481209899176,0.732739921929111,confirmed,0.015227257958343426,15,15,none,0
kvDkxSfNR6Q,UCCKbBnHLdT9S4O-MNKPK2lA,time,0.5,0.3020,28,4865.30,4865,6653.506785384822,0.7312389846921505,early,,15,11,none,0
kvDkxSfNR6Q,UCCKbBnHLdT9S4O-MNKPK2lA,time,1,1.3020,28,5089.03,4865,6805.62841429881,0.747768317112771,early,1.0030415173966911,15,11,none,0
kvDkxSfNR6Q,UCCKbBnHLdT9S4O-MNKPK2lA,time,2,2.3020,28,5712.07,4865,6805.62841429881,0.8393154981814556,early,0.9181434710456762,15,11,none,0
kvDkxSfNR6Q,UCCKbBnHLdT9S4O-MNKPK2lA,time,3,3.3020,28,5439.54,4865,6805.62841429881,0.7992705535862118,likely,0.7937659458343291,15,11,none,0
kvDkxSfNR6Q,UCCKbBnHLdT9S4O-MNKPK2lA,time,5,5.3020,28,5313.78,4865,6992.376351970668,0.7599393379837704,likely,0.669245718616957,15,11,none,0
kvDkxSfNR6Q,UCCKbBnHLdT9S4O-MNKPK2lA,time,7,7.3020,28,5369.86,4865,6992.376351970668,0.76795898593885,confirmed,0.6378545631409875,15,11,none,0
kvDkxSfNR6Q,UCCKbBnHLdT9S4O-MNKPK2lA,time,14,13.3020,28,6084.67,4865,7240.4843263061475,0.8403671672339778,confirmed,0.5660899021494814,15,10,none,0
5WIsNsq1Zuw,UC1iFTPspSKcb4vb1N7czmRQ,time,5,4.7778,27,140.05,128,,,insufficient,,0,0,none,0
5WIsNsq1Zuw,UC1iFTPspSKcb4vb1N7czmRQ,time,7,6.7778,27,117.63,128,,,insufficient,0.12817354059013605,0,0,none,0
5WIsNsq1Zuw,UC1iFTPspSKcb4vb1N7czmRQ,time,14,12.7778,27,126.09,128,,,insufficient,0.13677314997927523,0,0,none,0
MW2vQA-hAkw,UCT6fVez_0DmaZ_WDaRhUw2A,heldout,14,13.6665,30,22222.22,26565,36372.932461070166,0.6109548818797196,confirmed,,15,15,none,0
MGSJ-Hv7VIE,UCRvyCd-JyXV_W6zwPpMgWTg,time,14,13.7188,28,9048.94,8471,9941.223169989804,0.9102441834773447,confirmed,,15,15,none,0
WnViBFk4NHo,UCyQxAUfkTCfJdDO1nyr_a9w,time,14,13.5833,29,6620.12,6890,2039.9177760377022,3.2452889713924953,confirmed,0.1257996908893237,15,13,none,0
kDoHzbiOQHs,UCB2zycIY_qMKZjlE98zO4gg,time,7,8.8749,28,1968.26,1967,2173.7218516435187,0.9054784536038069,confirmed,,12,8,none,0
kDoHzbiOQHs,UCB2zycIY_qMKZjlE98zO4gg,time,14,13.8749,28,1971.19,1967,2109.8359341051632,0.9342876174466117,confirmed,0.29114274325794914,15,9,none,0
qG0zAY2oaNQ,UCB5Nin2VBUeNLqamqEVh-2A,heldout,1,1.4553,30,12249.69,7706,46050.94239390824,0.26600296561491815,early,,15,14,none,0
qG0zAY2oaNQ,UCB5Nin2VBUeNLqamqEVh-2A,heldout,2,1.4553,30,12249.69,7706,46050.94239390824,0.26600296561491815,early,,15,14,none,0
qG0zAY2oaNQ,UCB5Nin2VBUeNLqamqEVh-2A,heldout,14,13.4553,30,7857.90,7706,45118.030162554234,0.17416318569185862,confirmed,0.1964526844326549,15,14,none,0
y47-NKG4KrI,UCJP9OOLkOzsXbb_Bo_kqjTw,time,1,0.8047,29,6995.89,5128,28556.504309249452,0.24498405007326957,early,,15,13,none,0
y47-NKG4KrI,UCJP9OOLkOzsXbb_Bo_kqjTw,time,2,1.8047,29,5762.22,5128,28556.504309249452,0.20178310766209065,early,0.5322936480437388,15,12,none,0
y47-NKG4KrI,UCJP9OOLkOzsXbb_Bo_kqjTw,time,3,2.8047,29,5135.56,5128,28488.000000000022,0.18027109218799117,early,0.4376145685738085,15,11,none,0
y47-NKG4KrI,UCJP9OOLkOzsXbb_Bo_kqjTw,time,5,4.8047,29,4870.18,5128,28488.000000000022,0.17095544579082547,likely,0.38797479450736444,15,11,none,0
y47-NKG4KrI,UCJP9OOLkOzsXbb_Bo_kqjTw,time,7,6.8047,29,5407.29,5128,28488.000000000022,0.1898094489738157,likely,0.349363601295108,15,9,none,0
y47-NKG4KrI,UCJP9OOLkOzsXbb_Bo_kqjTw,time,14,13.8047,29,5333.01,5128,28412.511818462488,0.18769951137999372,confirmed,0.2837800886851762,15,7,none,0
F_PuaNIvAkU,UC6QNjBn6KMq5-pe3OE11zZg,heldout,14,13.8330,30,11522.88,10811,11058.96727947581,1.0419489407391074,confirmed,,8,6,none,0
eNslRSeP7Cw,UCGc8ZVCsrR3dAuhvUbkbToQ,heldout,2,2.8742,31,96987.84,100301,186693.69184234654,0.5195024963171962,early,,15,14,none,0
eNslRSeP7Cw,UCGc8ZVCsrR3dAuhvUbkbToQ,heldout,3,2.8742,31,96987.84,100301,186693.69184234654,0.5195024963171962,early,,15,14,none,0
eNslRSeP7Cw,UCGc8ZVCsrR3dAuhvUbkbToQ,heldout,5,5.8742,31,96093.28,100301,187419.34097158586,0.5127180486161567,likely,0.346263991133961,15,14,none,0
eNslRSeP7Cw,UCGc8ZVCsrR3dAuhvUbkbToQ,heldout,7,6.8742,31,93381.97,100301,187843.52557286894,0.4971263746590728,likely,0.3253854504158417,15,14,none,0
eNslRSeP7Cw,UCGc8ZVCsrR3dAuhvUbkbToQ,heldout,14,13.8742,31,99804.41,100301,188255.26031164086,0.5301546844178808,confirmed,0.2800740670077501,15,14,none,0
QHKbpUjmbfU,UCAbq1eKey19tt-FfaIO1RMA,time,0.5,0.5413,27,6779.60,17689,9508.380185055667,0.7130135651140473,early,,15,11,none,0
QHKbpUjmbfU,UCAbq1eKey19tt-FfaIO1RMA,time,1,0.5413,27,6779.60,17689,9508.380185055667,0.7130135651140473,early,,15,11,none,0
QHKbpUjmbfU,UCAbq1eKey19tt-FfaIO1RMA,time,2,1.5413,27,8961.87,17689,9493.775023517863,0.9439727946036751,early,1.0772457050067448,15,11,none,0
QHKbpUjmbfU,UCAbq1eKey19tt-FfaIO1RMA,time,3,2.5413,27,10294.22,17689,9487.468390715747,1.0850328946844803,early,0.9788864291975291,15,11,none,0
QHKbpUjmbfU,UCAbq1eKey19tt-FfaIO1RMA,time,5,4.5413,27,12801.15,17689,9451.738516636125,1.3543703751767913,likely,0.9129625887107901,15,11,none,0
QHKbpUjmbfU,UCAbq1eKey19tt-FfaIO1RMA,time,7,6.5413,27,14849.70,17689,9478.150563700614,1.5667298482471335,likely,0.9134524151056703,15,10,none,0
QHKbpUjmbfU,UCAbq1eKey19tt-FfaIO1RMA,time,14,12.5413,27,17260.07,17689,9602.000000000007,1.7975490743628153,confirmed,0.8396216075107938,15,8,none,0
99z-N2yTpa4,UCZEEC1w4jP1cV2dibuDFwIQ,heldout,14,13.8748,28,7033.88,6817,11585.619286987709,0.6071214183341775,confirmed,,14,13,none,0
c1NYw35eIjk,UCPjNBjflYl0-HQtUvOx0Ibw,time,7,7.7395,27,287417.34,269651,66264.87641494624,4.337401019081706,confirmed,,15,13,none,0
c1NYw35eIjk,UCPjNBjflYl0-HQtUvOx0Ibw,time,14,12.7395,27,266787.06,269651,66726.25015551539,3.9982324635367568,confirmed,0.1605553496434434,15,11,none,0
f4PRRw5BGGQ,UCDNHPNeWScAC8h8IxtEBtkQ,heldout,1,1.0826,29,99982.70,73177,68596.51478756983,1.4575478268200524,early,0.5024427414394159,15,12,none,0
f4PRRw5BGGQ,UCDNHPNeWScAC8h8IxtEBtkQ,heldout,2,2.0826,29,98556.10,73177,66497.23800478411,1.4821081878670002,early,0.613787095803507,15,11,none,0
f4PRRw5BGGQ,UCDNHPNeWScAC8h8IxtEBtkQ,heldout,3,3.0826,29,98642.81,73177,66349.89984023206,1.486706292093485,likely,0.5291943938698227,15,10,none,0
f4PRRw5BGGQ,UCDNHPNeWScAC8h8IxtEBtkQ,heldout,5,5.0826,29,88622.09,73177,66349.89984023206,1.3356778773954319,likely,0.43931069322899075,15,10,none,0
f4PRRw5BGGQ,UCDNHPNeWScAC8h8IxtEBtkQ,heldout,7,7.0826,29,83737.45,73177,66349.89984023206,1.2620584075341337,confirmed,0.3926607915710882,15,10,none,0
f4PRRw5BGGQ,UCDNHPNeWScAC8h8IxtEBtkQ,heldout,14,14.0826,29,74817.59,73177,65549.99999999997,1.1413819336522577,confirmed,0.3205560121372907,15,6,none,0
rhAxQ9bV0ls,UCbAlVnKhbGLK78GsSemQXxw,time,5,4.5118,27,91980.30,334589,8096.371500934873,11.360682372909409,likely,,4,4,none,0
rhAxQ9bV0ls,UCbAlVnKhbGLK78GsSemQXxw,time,7,6.5118,27,186849.44,334589,7873.641876882818,23.731006086536777,likely,1.7036921679369317,4,4,none,0
rhAxQ9bV0ls,UCbAlVnKhbGLK78GsSemQXxw,time,14,12.5118,27,272605.15,334589,7447.748329902241,36.60235727563651,confirmed,1.2910167940538402,4,4,none,0
sI0SygjRExI,UC3KNWfcAsfHDqIzHExknhFQ,time,5,6.6374,27,105.78,179,,,insufficient,,1,1,none,0
sI0SygjRExI,UC3KNWfcAsfHDqIzHExknhFQ,time,7,6.6374,27,105.78,179,,,insufficient,,1,1,none,0
sI0SygjRExI,UC3KNWfcAsfHDqIzHExknhFQ,time,14,13.6374,27,157.03,179,,,insufficient,0.5986949124301848,1,1,none,0
CMoPkNzVq-s,UCgaO4TQKdcTrLoWTD3zqbaA,time,5,4.9580,27,198.52,171,,,insufficient,,0,0,none,0
CMoPkNzVq-s,UCgaO4TQKdcTrLoWTD3zqbaA,time,7,6.9580,27,168.20,171,,,insufficient,0.16179857482166488,0,0,none,0
CMoPkNzVq-s,UCgaO4TQKdcTrLoWTD3zqbaA,time,14,15.9580,27,167.39,171,,,insufficient,0.09941630725205802,0,0,none,0
nMPiGLlVhYw,UCpXipTyhIY9kprpvVd-lu0A,heldout,7,8.8437,30,147425.44,174167,54355.12071549625,2.712264109397907,confirmed,,15,15,none,0
nMPiGLlVhYw,UCpXipTyhIY9kprpvVd-lu0A,heldout,14,13.8437,30,156824.10,174167,53116.42998783962,2.95245925543748,confirmed,0.33135788441678854,15,15,none,0
VrpFPoFgRz8,UCEBpSZhI1X8WaP-kY_2LLcg,time,2,2.1784,27,920.25,898,795.9819528828239,1.1561149166187548,early,,15,15,none,0
VrpFPoFgRz8,UCEBpSZhI1X8WaP-kY_2LLcg,time,3,3.1784,27,649.24,898,795.9021124766626,0.8157331810263267,likely,0.21637430642172906,15,14,none,0
VrpFPoFgRz8,UCEBpSZhI1X8WaP-kY_2LLcg,time,5,5.1784,27,761.20,898,795.5599206571541,0.956815099163948,likely,0.2758289759007345,15,14,none,0
VrpFPoFgRz8,UCEBpSZhI1X8WaP-kY_2LLcg,time,7,6.1784,27,767.17,898,800.4789219550344,0.9583942556097298,likely,0.3093083922848592,15,14,none,0
VrpFPoFgRz8,UCEBpSZhI1X8WaP-kY_2LLcg,time,14,15.1784,27,895.49,898,810.906891787029,1.1043046919414148,confirmed,0.2987373194592619,15,13,none,0
sYxX2Z4tzbs,UCAmsTmQTOPbSfXs6QIDgGXg,time,14,13.6874,28,330.21,330,1483.8044998448756,0.22254367421667653,confirmed,0.2596050067022025,15,13,none,0
mfIMmkLiP-Q,UCwSozl89jl2zUDzQ4jGJD3g,time,7,7.4460,27,131870.79,111669,28181.98072647604,4.6792590225719275,confirmed,,8,8,none,0
mfIMmkLiP-Q,UCwSozl89jl2zUDzQ4jGJD3g,time,14,15.4460,27,112203.17,111669,26857.225612408285,4.177764906004875,confirmed,0.054484691351132694,15,14,none,0
VZdQ7CnU2Jc,UC4lvPJb78E_MUOAug4w0_Bg,time,5,4.7912,27,811.77,773,,,insufficient,,0,0,none,0
VZdQ7CnU2Jc,UC4lvPJb78E_MUOAug4w0_Bg,time,7,6.7912,27,778.08,773,,,insufficient,0.2449672630436551,0,0,none,0
VZdQ7CnU2Jc,UC4lvPJb78E_MUOAug4w0_Bg,time,14,12.7912,27,768.51,773,,,insufficient,0.19489992539369386,0,0,none,0
ZUgWZps-O9I,UChbcn2mOzPHEEHxPmU66Sdg,time,1,0.8302,27,800.58,845,2002.097166733524,0.39987246508946717,early,,15,7,none,0
ZUgWZps-O9I,UChbcn2mOzPHEEHxPmU66Sdg,time,2,1.8302,27,821.41,845,1940.246853120449,0.4233549827576797,early,0.6753141252213717,15,7,none,0
ZUgWZps-O9I,UChbcn2mOzPHEEHxPmU66Sdg,time,3,2.8302,27,836.21,845,1893.1274290094811,0.44170924139793954,early,0.48925504841940765,15,7,none,0
ZUgWZps-O9I,UChbcn2mOzPHEEHxPmU66Sdg,time,5,4.8302,27,905.34,845,1872.6164530316735,0.48346473349321556,likely,0.4247015064567429,15,7,none,0
ZUgWZps-O9I,UChbcn2mOzPHEEHxPmU66Sdg,time,7,7.8302,27,849.88,845,1849.9999999999995,0.4593926595514251,confirmed,0.37848104186080855,15,6,none,0
ZUgWZps-O9I,UChbcn2mOzPHEEHxPmU66Sdg,time,14,12.8302,27,811.03,845,1787.4392208960612,0.45373601540907577,confirmed,0.3166679781279554,15,5,none,0
xNpDEbOUZEw,UCBRxDSTfr2aJVODDh4WG_7g,time,7,7.2612,28,334.97,277,2371.7094362279768,0.14123530391076675,confirmed,,10,10,none,0
xNpDEbOUZEw,UCBRxDSTfr2aJVODDh4WG_7g,time,14,12.2612,28,278.98,277,2323.295162123411,0.12008000254531145,confirmed,0.0315371904932965,15,15,none,0
cD9lXJF81eo,UCOYiZJJ25t0ZAH7Y_pKPC0w,heldout,5,5.9574,28,3330.03,3490,27393.080375154175,0.12156458100114871,likely,,8,8,none,0
cD9lXJF81eo,UCOYiZJJ25t0ZAH7Y_pKPC0w,time,5,5.9574,28,3330.03,3490,27393.080375154175,0.12156458100114871,likely,,8,8,none,0
cD9lXJF81eo,UCOYiZJJ25t0ZAH7Y_pKPC0w,heldout,7,6.9574,28,2749.44,3490,27393.080375154175,0.10036979695970188,likely,0.15645182075990058,8,8,none,0
cD9lXJF81eo,UCOYiZJJ25t0ZAH7Y_pKPC0w,time,7,6.9574,28,2749.44,3490,27393.080375154175,0.10036979695970188,likely,0.15645182075990058,8,8,none,0
cD9lXJF81eo,UCOYiZJJ25t0ZAH7Y_pKPC0w,heldout,14,12.9574,28,3071.85,3490,42114.20893527189,0.07294101049742469,confirmed,0.20566211813395938,8,7,none,0
cD9lXJF81eo,UCOYiZJJ25t0ZAH7Y_pKPC0w,time,14,12.9574,28,3071.85,3490,42114.20893527189,0.07294101049742469,confirmed,0.20566211813395938,8,7,none,0
sUMw8uxKjHo,UC2cC48A261pBVKztLyzOAnA,heldout,3,3.5520,29,59820.08,51343,31760.188260652674,1.8834926458584145,likely,,15,12,none,0
sUMw8uxKjHo,UC2cC48A261pBVKztLyzOAnA,heldout,5,4.5520,29,44769.56,51343,31760.188260652674,1.4096126009351246,likely,0.2005548119344517,15,12,none,0
sUMw8uxKjHo,UC2cC48A261pBVKztLyzOAnA,heldout,7,6.5520,29,45997.29,51343,31521.251346344237,1.4592470744140933,likely,0.20434455216266245,15,11,none,0
sUMw8uxKjHo,UC2cC48A261pBVKztLyzOAnA,heldout,14,13.5520,29,49964.15,51343,31095.22819288652,1.6068108034544184,confirmed,0.18020996238617618,15,9,none,0
Tv9LKqpODgo,UCI8gcSTo1FowsRJdilsjsZw,time,1,0.9279,27,66527.11,61109,37809.752520423826,1.7595224408386672,early,,13,13,none,0
Tv9LKqpODgo,UCI8gcSTo1FowsRJdilsjsZw,time,2,1.9279,27,113017.17,61109,33969.435780399945,3.3270252606939867,early,1.2155013066997689,15,15,none,0
Tv9LKqpODgo,UCI8gcSTo1FowsRJdilsjsZw,time,3,2.9279,27,113478.16,61109,32751.895342939657,3.4647813783142727,early,0.9119342446749144,15,15,none,0
Tv9LKqpODgo,UCI8gcSTo1FowsRJdilsjsZw,time,5,4.9279,27,87874.41,61109,30505.628472749355,2.8805965342776463,likely,0.6399811397030395,15,15,none,0
Tv9LKqpODgo,UCI8gcSTo1FowsRJdilsjsZw,time,7,6.9279,27,81251.10,61109,31533.706627705964,2.5766429312438808,likely,0.5348804764331744,15,15,none,0
Tv9LKqpODgo,UCI8gcSTo1FowsRJdilsjsZw,time,14,15.9279,27,70715.81,61109,34603.078272729974,2.0436277861407826,confirmed,0.35925527527232265,15,15,none,0
-6SlSsNIrLE,UC6jZvmJ7QJ_LAH-DpMpLf2Q,heldout,14,13.7083,29,1882.06,1905,2420.4800987848193,0.7775546258846202,confirmed,,15,12,none,0
-6SlSsNIrLE,UC6jZvmJ7QJ_LAH-DpMpLf2Q,time,14,13.7083,29,1882.06,1905,2420.4800987848193,0.7775546258846202,confirmed,,15,12,none,0
0SSjtMeaAP4,UC41S9MSkeQ1TWo1URYLeRuw,heldout,1,0.9108,29,7993.62,4413,4608.693707670839,1.7344661150662797,early,,14,12,none,0
0SSjtMeaAP4,UC41S9MSkeQ1TWo1URYLeRuw,heldout,7,8.9108,29,4671.08,4413,4612.204379693744,1.0127643672953148,confirmed,0.1480543488579785,15,13,none,0
0SSjtMeaAP4,UC41S9MSkeQ1TWo1URYLeRuw,heldout,14,14.9108,29,4448.20,4413,5310.347000372999,0.8376480224153376,confirmed,0.12116486963529438,15,12,none,0
WTdlAEFKyhY,UC3JhfsgFPLSLNEROQCdj-GQ,time,14,12.6247,27,61857.33,202552,4058.3915255594893,15.241835012407869,confirmed,,15,13,none,0
1MXUF1ucd1s,UC0Le_ilaOlp9HftXeiMglsg,time,14,13.6388,27,9275.05,8705,7398.952068228397,1.2535630932916955,confirmed,,15,13,none,0
0tAnnZ0U0fA,UCGpsgNbzdF7BECCVbB1COHw,time,14,13.0633,27,6257.22,6086,9132.220007828731,0.6851810828435603,confirmed,0.24960776907929683,15,15,none,0
3aLI_fPUquo,UC5_SBQbLA9Kg7Jh5GpXoP3g,time,1,0.9591,29,626.53,533,770.4139739675793,0.8132344879738731,early,,15,14,none,0
3aLI_fPUquo,UC5_SBQbLA9Kg7Jh5GpXoP3g,time,2,1.9591,29,601.82,533,770.4139739675793,0.7811599141460972,early,0.6975895430827299,15,14,none,0
3aLI_fPUquo,UC5_SBQbLA9Kg7Jh5GpXoP3g,time,3,2.9591,29,802.47,533,770.4139739675793,1.0416066220036906,early,0.7931114686907164,15,14,none,0
3aLI_fPUquo,UC5_SBQbLA9Kg7Jh5GpXoP3g,time,5,4.9591,29,643.89,533,773.6015252784867,0.8323340585598454,likely,0.5191521794437729,15,12,none,0
3aLI_fPUquo,UC5_SBQbLA9Kg7Jh5GpXoP3g,time,7,6.9591,29,607.53,533,778.1164069660861,0.7807679731176205,likely,0.43313753589090315,15,12,none,0
3aLI_fPUquo,UC5_SBQbLA9Kg7Jh5GpXoP3g,time,14,13.9591,29,691.21,533,784.3413382218151,0.8812663012626517,confirmed,0.3285718653712617,15,12,none,0
DIo6IFV78oo,UCQHX6ViZmPsWiYSFAyS0a3Q,time,0.5,0.7118,27,439182.47,244315,430516.63423461263,1.0201289275310899,early,,14,14,none,0
DIo6IFV78oo,UCQHX6ViZmPsWiYSFAyS0a3Q,time,1,0.7118,27,439182.47,244315,430516.63423461263,1.0201289275310899,early,,14,14,none,0
DIo6IFV78oo,UCQHX6ViZmPsWiYSFAyS0a3Q,time,2,1.7118,27,321873.50,244315,471068.7167157939,0.6832835414426417,early,0.4441216177951249,15,15,none,0
DIo6IFV78oo,UCQHX6ViZmPsWiYSFAyS0a3Q,time,3,2.7118,27,295777.20,244315,444668.17666639725,0.6651638653387163,early,0.3103677613383705,15,15,none,0
DIo6IFV78oo,UCQHX6ViZmPsWiYSFAyS0a3Q,time,5,4.7118,27,251725.30,244315,419330.13090902835,0.6003034010262829,likely,0.23949674435587695,15,15,none,0
DIo6IFV78oo,UCQHX6ViZmPsWiYSFAyS0a3Q,time,7,6.7118,27,250641.88,244315,407267.5056464142,0.6154232267525788,likely,0.21315560043086504,15,15,none,0
DIo6IFV78oo,UCQHX6ViZmPsWiYSFAyS0a3Q,time,14,12.7118,27,239552.41,244315,382723.6852380461,0.6259147825003456,confirmed,0.16998467362593872,15,12,none,0
uGyvilB0BjA,UCWGijuL19i21bgv_ow2i2YA,time,14,13.6873,28,965.41,892,1248.43066711351,0.7733008123498204,confirmed,,15,11,none,0
0TLvesx0Q68,UCEuQ7YIThAps6wERHfsY7fQ,heldout,14,14.9688,30,19866.88,20855,12270.523702333618,1.6190735437676866,confirmed,,10,8,none,0
-PXFrev--9A,UCI8gcSTo1FowsRJdilsjsZw,time,0.5,0.7302,27,29709.29,108026,40330.02807159151,0.7366544145895103,early,,12,12,none,0
-PXFrev--9A,UCI8gcSTo1FowsRJdilsjsZw,time,1,0.7302,27,29709.29,108026,40330.02807159151,0.7366544145895103,early,,12,12,none,0
-PXFrev--9A,UCI8gcSTo1FowsRJdilsjsZw,time,2,2.7302,27,21616.61,108026,34828.59947146896,0.620656983866956,early,0.4133214037301653,15,15,none,0
-PXFrev--9A,UCI8gcSTo1FowsRJdilsjsZw,time,3,2.7302,27,21616.61,108026,34828.59947146896,0.620656983866956,early,0.4133214037301653,15,15,none,0
-PXFrev--9A,UCI8gcSTo1FowsRJdilsjsZw,time,5,4.7302,27,26606.01,108026,32819.1798786275,0.8106849164580835,likely,0.45144700655811887,15,15,none,0
-PXFrev--9A,UCI8gcSTo1FowsRJdilsjsZw,time,7,6.7302,27,31968.68,108026,31950.58922447271,1.0005663541668512,likely,0.48795467777474755,15,15,none,0
-PXFrev--9A,UCI8gcSTo1FowsRJdilsjsZw,time,14,12.7302,27,35229.89,108026,34236.84405977692,1.029005149447797,confirmed,0.4782494752652352,15,15,none,0
nB280m0HBe0,UCrzICdOsXhtn4zMlk4bnTIg,time,14,12.6249,28,5151.30,5396,2608.000000000001,1.975190322603366,confirmed,0.3095605795738727,15,7,none,0
uzggnC5Jwts,UCznv7Vf9nBdJYvBagFdAHWw,time,5,6.5591,28,9643.58,11856,38975.75424024839,0.2474252099598322,likely,,15,14,none,0
uzggnC5Jwts,UCznv7Vf9nBdJYvBagFdAHWw,time,7,6.5591,28,9643.58,11856,38975.75424024839,0.2474252099598322,likely,,15,14,none,0
uzggnC5Jwts,UCznv7Vf9nBdJYvBagFdAHWw,time,14,13.5591,28,12157.55,11856,38647.352210811536,0.3145765332384369,confirmed,0.4667802323613257,15,13,none,0
qIM9ZqWk13E,UCGpsgNbzdF7BECCVbB1COHw,time,14,13.7696,28,8487.23,8236,6791.65424410358,1.249655895925395,confirmed,0.00858747039514102,15,15,none,0
P9ln2d3lFso,UCgsTVmZXTKrnfXtxATXxUzQ,time,1,1.1904,29,32550.61,18372,20490.999999999993,1.588532002379758,early,1.331349329008504,15,9,none,0
P9ln2d3lFso,UCgsTVmZXTKrnfXtxATXxUzQ,time,2,2.1904,29,30178.73,18372,20490.999999999993,1.4727798953599582,early,0.9164964609698473,15,8,none,0
P9ln2d3lFso,UCgsTVmZXTKrnfXtxATXxUzQ,time,3,3.1904,29,27556.69,18372,20490.999999999993,1.3448192341004856,likely,0.7594505216762042,15,8,none,0
P9ln2d3lFso,UCgsTVmZXTKrnfXtxATXxUzQ,time,5,5.1904,29,25383.78,18372,20490.999999999993,1.2387768666544163,likely,0.6087890668788546,15,8,none,0
P9ln2d3lFso,UCgsTVmZXTKrnfXtxATXxUzQ,time,7,7.1904,29,21989.15,18372,20490.999999999993,1.0731125061295115,confirmed,0.5355658588523997,15,7,none,0
P9ln2d3lFso,UCgsTVmZXTKrnfXtxATXxUzQ,time,14,14.1904,29,20472.64,18372,20490.999999999993,0.9991040287207386,confirmed,0.42335302585621226,15,7,none,0
DvDSkyDHb9o,UCgdHSFcXvkN6O3NXvif0-pA,time,5,4.9480,27,3313.71,3599,,,insufficient,,1,1,none,0
DvDSkyDHb9o,UCgdHSFcXvkN6O3NXvif0-pA,time,7,6.9480,27,3407.99,3599,,,insufficient,0.33690599856772396,1,1,none,0
DvDSkyDHb9o,UCgdHSFcXvkN6O3NXvif0-pA,time,14,12.9480,27,3514.79,3599,,,insufficient,0.29738384076470975,1,1,none,0
0jMSYk576Tg,UCEjIjshJ8bvvCkGNk0pkYcA,time,0.5,0.7162,27,1105029.06,1272287,3648063.999999998,0.3029083545657169,early,,15,14,none,0
0jMSYk576Tg,UCEjIjshJ8bvvCkGNk0pkYcA,time,1,0.7162,27,1105029.06,1272287,3648063.999999998,0.3029083545657169,early,,15,14,none,0
0jMSYk576Tg,UCEjIjshJ8bvvCkGNk0pkYcA,time,2,1.7162,27,1183379.14,1272287,3648063.999999998,0.324385521957981,early,0.733154929568402,15,13,none,0
0jMSYk576Tg,UCEjIjshJ8bvvCkGNk0pkYcA,time,3,2.7162,27,1074314.18,1272287,3648063.999999998,0.2944888527816627,early,0.595114583950338,15,13,none,0
0jMSYk576Tg,UCEjIjshJ8bvvCkGNk0pkYcA,time,5,4.7162,27,1048044.88,1272287,3648063.999999998,0.2872879632482304,likely,0.49700289206636233,15,13,none,0
0jMSYk576Tg,UCEjIjshJ8bvvCkGNk0pkYcA,time,7,6.7162,27,1193195.72,1272287,3648063.999999998,0.32707642054988506,likely,0.48821126180445423,15,13,none,0
0jMSYk576Tg,UCEjIjshJ8bvvCkGNk0pkYcA,time,14,12.7162,27,1328067.70,1272287,3648063.999999998,0.3640472577781701,confirmed,0.4557172224137732,15,13,none,0
4sIxpzkFyRU,UCBhPkAuGks2UkizNMbtW6uw,time,5,5.3321,27,44.47,50,109.84769174916183,0.404840632134143,likely,0,3,3,none,0
4sIxpzkFyRU,UCBhPkAuGks2UkizNMbtW6uw,time,7,7.3321,27,46.17,50,101.119869120136,0.45660747531083373,confirmed,0.16602250292495402,3,3,none,0
4sIxpzkFyRU,UCBhPkAuGks2UkizNMbtW6uw,time,14,15.3321,27,53.26,50,94.0862312700684,0.5661066711653819,confirmed,0.20391299632806553,3,3,none,0
BEbr83HMO4g,UC-mP1nlk0qOutA08zuQHORA,time,0.5,0.6979,27,729868.92,742201,1057505.6391912687,0.6901796986414003,early,,15,10,none,0
BEbr83HMO4g,UC-mP1nlk0qOutA08zuQHORA,time,1,0.6979,27,729868.92,742201,1057505.6391912687,0.6901796986414003,early,,15,10,none,0
BEbr83HMO4g,UC-mP1nlk0qOutA08zuQHORA,time,2,1.6979,27,794265.99,742201,1066389.6487188279,0.7448177997088443,early,0.761558873186274,15,10,none,0
BEbr83HMO4g,UC-mP1nlk0qOutA08zuQHORA,time,3,2.6979,27,724704.58,742201,1072265.0000000005,0.6758633215159419,early,0.6177940172299532,15,10,none,0
BEbr83HMO4g,UC-mP1nlk0qOutA08zuQHORA,time,5,4.6979,27,769575.09,742201,1078088.6697816825,0.7138328345410393,likely,0.5311381131701479,15,10,none,0
BEbr83HMO4g,UC-mP1nlk0qOutA08zuQHORA,time,7,6.6979,27,856953.87,742201,1077001.762222733,0.7956847404018613,likely,0.4868541446419579,15,9,none,0
BEbr83HMO4g,UC-mP1nlk0qOutA08zuQHORA,time,14,15.6979,27,781388.34,742201,1072265.0000000005,0.7287268920825917,confirmed,0.37354070645941084,15,7,none,0
Tt1UzjlEunc,UC3qB4xFJkl0EYoTVbhnn0OQ,time,5,6.9993,27,14370.93,22108,,,insufficient,,0,0,none,0
Tt1UzjlEunc,UC3qB4xFJkl0EYoTVbhnn0OQ,time,7,6.9993,27,14370.93,22108,,,insufficient,,0,0,none,0
Tt1UzjlEunc,UC3qB4xFJkl0EYoTVbhnn0OQ,time,14,12.9993,27,19209.12,22108,,,insufficient,0.5085104304057904,0,0,none,0
GFTDR8_q63M,UCN7dywl5wDxTu1RM3eJ_h9Q,time,5,4.9164,29,55241.21,148282,5726.04747937672,9.647355083143172,likely,,8,8,none,0
GFTDR8_q63M,UCN7dywl5wDxTu1RM3eJ_h9Q,time,7,6.9164,29,65372.73,148282,5975.999999999996,10.939211166014726,likely,0.537022343476069,15,14,none,0
GFTDR8_q63M,UCN7dywl5wDxTu1RM3eJ_h9Q,time,14,13.9164,29,107561.71,148282,6064.113224956043,17.7374171512155,confirmed,0.7975576299254676,15,13,none,0
CJDJ4eWvGKg,UCsvqVGtbbyHaMoevxPAq9Fg,time,7,8.8957,28,2595.38,2660,5550.993201625571,0.46755252851417495,confirmed,,15,15,none,0
CJDJ4eWvGKg,UCsvqVGtbbyHaMoevxPAq9Fg,time,14,13.8957,28,2535.35,2660,5480.7803504446965,0.46258945728947454,confirmed,0.23078260867888042,15,15,none,0
wWEAEWcrYsI,UCxa1v9wVMmjYUhUfQOJxbzw,time,14,13.0603,28,9324.93,10036,7185.585711326325,1.297727340854287,confirmed,,15,13,none,0
TCFUrwug74s,UCKsP3v2JeT2hWI_HzkxWiMA,time,1,0.9371,28,25205.12,31408,74235.99999999999,0.3395268844012919,early,,15,8,none,0
TCFUrwug74s,UCKsP3v2JeT2hWI_HzkxWiMA,time,2,1.9371,28,30119.85,31408,82120.42989905959,0.36677652028137986,early,0.8300207661021011,15,8,none,0
TCFUrwug74s,UCKsP3v2JeT2hWI_HzkxWiMA,time,3,2.9371,28,31356.10,31408,88783.1429846021,0.3531762414596544,early,0.7456234067166918,15,7,none,0
TCFUrwug74s,UCKsP3v2JeT2hWI_HzkxWiMA,time,5,4.9371,28,32669.17,31408,90114.57775515967,0.3625292924616144,likely,0.6249259301978956,15,7,none,0
TCFUrwug74s,UCKsP3v2JeT2hWI_HzkxWiMA,time,7,6.9371,28,35382.09,31408,91022.06000551241,0.3887198998546231,likely,0.5838417964009348,15,6,none,0
TCFUrwug74s,UCKsP3v2JeT2hWI_HzkxWiMA,time,14,13.9371,28,35343.48,31408,93241.00000000007,0.3790551891194727,confirmed,0.4849761894124866,15,4,none,0
DN7U1eQ9o-s,UCM3hWnv_tshvTS660fhHH7A,heldout,1,0.8123,28,16012.22,35784,48514.9382375149,0.3300472201498119,early,,15,12,none,0
DN7U1eQ9o-s,UCM3hWnv_tshvTS660fhHH7A,time,1,0.8123,28,16012.22,35784,48514.9382375149,0.3300472201498119,early,,15,12,none,0
DN7U1eQ9o-s,UCM3hWnv_tshvTS660fhHH7A,heldout,2,1.8123,28,28058.59,35784,49134.85869538356,0.5710526109882632,early,1.4558127051154066,15,11,none,0
DN7U1eQ9o-s,UCM3hWnv_tshvTS660fhHH7A,time,2,1.8123,28,28058.59,35784,49134.85869538356,0.5710526109882632,early,1.4558127051154066,15,11,none,0
DN7U1eQ9o-s,UCM3hWnv_tshvTS660fhHH7A,heldout,3,2.8123,28,29421.21,35784,49465.63941318934,0.5947808273921706,early,1.10825990804727,15,11,none,0
DN7U1eQ9o-s,UCM3hWnv_tshvTS660fhHH7A,time,3,2.8123,28,29421.21,35784,49465.63941318934,0.5947808273921706,early,1.10825990804727,15,11,none,0
DN7U1eQ9o-s,UCM3hWnv_tshvTS660fhHH7A,heldout,5,4.8123,28,28645.70,35784,50662.5047394993,0.5654221891684975,likely,0.7979448937393159,15,11,none,0
DN7U1eQ9o-s,UCM3hWnv_tshvTS660fhHH7A,time,5,4.8123,28,28645.70,35784,50662.5047394993,0.5654221891684975,likely,0.7979448937393159,15,11,none,0
DN7U1eQ9o-s,UCM3hWnv_tshvTS660fhHH7A,heldout,7,6.8123,28,29463.05,35784,51648.25700861123,0.5704559124868962,likely,0.722585931553116,15,11,none,0
DN7U1eQ9o-s,UCM3hWnv_tshvTS660fhHH7A,time,7,6.8123,28,29463.05,35784,51648.25700861123,0.5704559124868962,likely,0.722585931553116,15,11,none,0
DN7U1eQ9o-s,UCM3hWnv_tshvTS660fhHH7A,heldout,14,13.8123,28,32148.52,35784,54241.38819059493,0.5926934694773532,confirmed,0.6502904045058684,15,11,none,0
DN7U1eQ9o-s,UCM3hWnv_tshvTS660fhHH7A,time,14,13.8123,28,32148.52,35784,54241.38819059493,0.5926934694773532,confirmed,0.6502904045058684,15,11,none,0
R2JtYN2wY0Y,UCGxjDWAN1KwrkXYVi8CXtjQ,time,1,0.9993,29,6274.87,5905,25985.91508342499,0.2414721231083857,early,,15,10,none,0
R2JtYN2wY0Y,UCGxjDWAN1KwrkXYVi8CXtjQ,time,2,1.9993,29,5629.06,5905,25772.000000000007,0.21841764834035082,early,0.5407296702582337,15,9,none,0
R2JtYN2wY0Y,UCGxjDWAN1KwrkXYVi8CXtjQ,time,3,2.9993,29,4129.19,5905,25772.000000000007,0.16021989975266412,early,0.4164483829184875,15,8,none,0
R2JtYN2wY0Y,UCGxjDWAN1KwrkXYVi8CXtjQ,time,5,4.9993,29,4051.67,5905,25772.000000000007,0.1572119196330839,likely,0.2990646311976412,15,7,none,0
R2JtYN2wY0Y,UCGxjDWAN1KwrkXYVi8CXtjQ,time,7,6.9993,29,4676.51,5905,25772.000000000007,0.18145706637246362,likely,0.2863298430583539,15,6,none,0
R2JtYN2wY0Y,UCGxjDWAN1KwrkXYVi8CXtjQ,time,14,12.9993,29,5110.22,5905,25772.000000000007,0.19828561107908474,confirmed,0.2804723625015545,15,4,none,0
Dv1rzmU_fdw,UC41S9MSkeQ1TWo1URYLeRuw,heldout,5,4.5899,30,3926.96,3388,9840.10066568663,0.39907708538567704,likely,,14,14,none,0
Dv1rzmU_fdw,UC41S9MSkeQ1TWo1URYLeRuw,heldout,7,7.5899,30,3365.07,3388,9840.10066568663,0.3419747288757002,confirmed,0.13541438993936228,14,14,none,0
Dv1rzmU_fdw,UC41S9MSkeQ1TWo1URYLeRuw,heldout,14,13.5899,30,3222.35,3388,9565.712944997607,0.33686439394187184,confirmed,0.09875614062579988,14,12,none,0
-EsdeUBBVNM,UC_gSotrFVZ_PiAxo3fTQVuQ,heldout,1,0.7912,31,1707551.58,2134452,1286455.6587906978,1.327330306581169,early,,15,14,none,0
-EsdeUBBVNM,UC_gSotrFVZ_PiAxo3fTQVuQ,heldout,2,1.7912,31,1181724.56,2134452,1278182.488611443,0.9245350844900171,early,0.3313789401534652,15,14,none,0
-EsdeUBBVNM,UC_gSotrFVZ_PiAxo3fTQVuQ,heldout,3,2.7912,31,1641586.96,2134452,1277961.6175175458,1.2845354187422877,early,0.5982573126075461,15,14,none,0
-EsdeUBBVNM,UC_gSotrFVZ_PiAxo3fTQVuQ,heldout,5,4.7912,31,1941132.70,2134452,1277662.3736644657,1.5192845475182823,likely,0.570555629422199,15,14,none,0
-EsdeUBBVNM,UC_gSotrFVZ_PiAxo3fTQVuQ,heldout,7,7.7912,31,2056826.36,2134452,1276743.1236569434,1.6109946621711204,confirmed,0.5300407249193487,15,14,none,0
-EsdeUBBVNM,UC_gSotrFVZ_PiAxo3fTQVuQ,heldout,14,14.7912,31,2052083.15,2134452,1276156.784263938,1.6080180580560064,confirmed,0.46127064858259054,15,12,none,0
cHh37cWjqLA,UC1jY1bsRgYKlQ08IVIzwhVw,time,5,5.0662,27,424.24,371,,,insufficient,,1,1,none,0
cHh37cWjqLA,UC1jY1bsRgYKlQ08IVIzwhVw,time,7,7.0662,27,358.38,371,,,insufficient,0.15404150454293847,1,1,none,0
cHh37cWjqLA,UC1jY1bsRgYKlQ08IVIzwhVw,time,14,13.0662,27,380.45,371,,,insufficient,0.1366516943388021,1,1,none,0
nv7R32VmKFU,UCOkISdoa50NuCsMYwy4uW9g,time,14,14.1041,28,2425.90,2386,2413.734111713871,1.0050395721486427,confirmed,0.3485642116417452,15,14,none,0
nTAQplce_-U,UC3_BakzLfadvFrsnClMFWmQ,heldout,1,0.0744,30,21298.98,859,896.1710954117991,23.766641591536484,early,,13,13,none,0
nTAQplce_-U,UC3_BakzLfadvFrsnClMFWmQ,heldout,5,5.0744,30,955.55,859,830.1464962017876,1.1510646115703094,likely,0.1976895173341406,15,15,none,0
nTAQplce_-U,UC3_BakzLfadvFrsnClMFWmQ,heldout,7,6.0744,30,923.44,859,804.9606784595766,1.147188660968261,likely,0.1829689210070614,15,15,none,0
nTAQplce_-U,UC3_BakzLfadvFrsnClMFWmQ,heldout,14,14.0744,30,866.70,859,777.9999999999998,1.1140085927127876,confirmed,0.13548756350950267,15,11,none,0
uTrWqhNtejU,UC0ArlFuFYMpEewyRBzdLHiw,heldout,14,13.8330,31,2800.15,2923,4557.446309686699,0.614411084601022,confirmed,0.10612758563801293,15,15,none,0
nOgoGX589mc,UCrzFIb07hYMhMguR1G0ZtOw,heldout,1,0.9843,30,8185.66,29876,10712.404740623206,0.7641292745709783,early,,14,13,none,0
nOgoGX589mc,UCrzFIb07hYMhMguR1G0ZtOw,heldout,14,13.9843,30,18786.48,29876,8052.690507789886,2.332944672769953,confirmed,0.6900332956677627,15,13,none,0
NtF5Yf3VxFs,UCzVyNPJzI9y01jZf3fq609w,time,14,12.6664,27,273.53,412,684.4144367098493,0.39965488635459073,confirmed,0.810567749451066,15,14,none,0
B1o1D1J0uEM,UC58njGoJSZKIthLSbQIS-1g,time,5,5.9581,28,97.90,92,,,insufficient,,1,1,none,0
B1o1D1J0uEM,UC58njGoJSZKIthLSbQIS-1g,time,7,6.9581,28,96.39,92,,,insufficient,0.40263211536960475,1,1,none,0
B1o1D1J0uEM,UC58njGoJSZKIthLSbQIS-1g,time,14,13.9581,28,96.26,92,,,insufficient,0.23215705334498044,1,1,none,0
Dv3Xce1uGJA,UCGWNHkr2WZcRbxqoet-nyeg,heldout,14,13.7024,27,2814.22,2622,2599.494437510893,1.0826013097728926,confirmed,,15,15,none,0
Dv3Xce1uGJA,UCGWNHkr2WZcRbxqoet-nyeg,time,14,13.7024,27,2814.22,2622,2599.494437510893,1.0826013097728926,confirmed,,15,15,none,0
cjyzH1-iWLk,UCw33382AK54Vd90P56EISig,time,14,13.7034,29,4590.39,4488,1570.4099396788647,2.923050452801268,confirmed,0.15095960818798634,15,12,none,0
29KlQIDd750,UCRAoLjIeDYFOSuXFImfecqg,heldout,14,12.9166,30,168508.42,188070,211680.4752852926,0.7960508292543974,confirmed,0.1870414828433337,15,14,none,0
0HG9SDtZkts,UCk7G9VbYTKntMsLmKuy942g,heldout,14,13.2335,30,13118.56,19685,,,insufficient,0.46407412509230833,2,1,none,0
dXAyP3i8m8c,UCmH99cCLXOXzaEFJKyGJXTw,time,3,3.8196,27,594.57,413,297.5979642492649,1.997896629050539,likely,,12,12,none,0
dXAyP3i8m8c,UCmH99cCLXOXzaEFJKyGJXTw,time,5,4.8196,27,443.57,413,292.442841889169,1.5167675489803807,likely,0.19440397926523345,15,14,none,0
dXAyP3i8m8c,UCmH99cCLXOXzaEFJKyGJXTw,time,7,6.8196,27,435.34,413,290.7932172318974,1.4970666620213675,likely,0.11259154206938105,15,13,none,0
dXAyP3i8m8c,UCmH99cCLXOXzaEFJKyGJXTw,time,14,12.8196,27,415.37,413,303.2430797433548,1.3697662671269704,confirmed,0.06600143317181281,15,12,none,0
p6ELIoDO24k,UCeW11HsUiXwnRbPqNlh6fHw,heldout,14,14.4501,29,44009.95,45501,21878.45572806521,2.0115656623994482,confirmed,,15,15,none,0
p6ELIoDO24k,UCeW11HsUiXwnRbPqNlh6fHw,time,14,14.4501,29,44009.95,45501,21878.45572806521,2.0115656623994482,confirmed,,15,15,none,0
tZFq9Qctf-8,UC5_SBQbLA9Kg7Jh5GpXoP3g,time,1,0.8320,28,103.54,192,,,insufficient,,1,1,none,0
tZFq9Qctf-8,UC5_SBQbLA9Kg7Jh5GpXoP3g,time,2,2.8320,28,246.07,192,116.86647744873812,2.1055510538449207,early,1.465341656485472,15,15,none,0
tZFq9Qctf-8,UC5_SBQbLA9Kg7Jh5GpXoP3g,time,3,2.8320,28,246.07,192,116.86647744873812,2.1055510538449207,early,1.465341656485472,15,15,none,0
tZFq9Qctf-8,UC5_SBQbLA9Kg7Jh5GpXoP3g,time,5,4.8320,28,261.48,192,101.65519582260173,2.5721926817960528,likely,1.1037600551771454,15,15,none,0
tZFq9Qctf-8,UC5_SBQbLA9Kg7Jh5GpXoP3g,time,7,6.8320,28,259.17,192,106.36673072513302,2.436603306097956,likely,0.967340924715741,15,15,none,0
tZFq9Qctf-8,UC5_SBQbLA9Kg7Jh5GpXoP3g,time,14,13.8320,28,216.54,192,134.41267049917175,1.6110404266053515,confirmed,0.7067674148782253,15,15,none,0
OUbmZFIsn64,UC3KNWfcAsfHDqIzHExknhFQ,time,5,6.6373,28,348.82,450,132.56400403259653,2.6313418285980785,likely,,3,3,none,0
OUbmZFIsn64,UC3KNWfcAsfHDqIzHExknhFQ,time,7,6.6373,28,348.82,450,132.56400403259653,2.6313418285980785,likely,,3,3,none,0
OUbmZFIsn64,UC3KNWfcAsfHDqIzHExknhFQ,time,14,13.6373,28,401.00,450,145.9029951606255,2.7484282357509437,confirmed,0.3285222787671126,3,3,none,0
KSVCqyh_W-w,UCMmfUj8CcXeqpqWkund3ELg,time,5,5.8329,27,62734.80,91898,55944.949594837584,1.121366580617317,likely,,15,13,none,0
KSVCqyh_W-w,UCMmfUj8CcXeqpqWkund3ELg,time,7,6.8329,27,68703.08,91898,56774.170983453485,1.2101116185786986,likely,0.5774229078259431,15,13,none,0
KSVCqyh_W-w,UCMmfUj8CcXeqpqWkund3ELg,time,14,12.8329,27,74622.97,91898,56481.84725302015,1.32118500932952,confirmed,0.46021819035978095,15,9,none,0
zabuTOuSrtA,UC46snQOXkyWD_-4IZHnJ6Jg,heldout,1,1.7861,29,1264.40,1947,331.4832553860916,3.8143823465639572,early,,14,13,none,0
zabuTOuSrtA,UC46snQOXkyWD_-4IZHnJ6Jg,heldout,2,1.7861,29,1264.40,1947,331.4832553860916,3.8143823465639572,early,,14,13,none,0
zabuTOuSrtA,UC46snQOXkyWD_-4IZHnJ6Jg,heldout,3,3.7861,29,2884.35,1947,340.4758750835599,8.471521888321043,likely,1.2755961268137102,14,13,none,0
zabuTOuSrtA,UC46snQOXkyWD_-4IZHnJ6Jg,heldout,5,4.7861,29,2788.46,1947,339.5469743458011,8.21230341732704,likely,1.0842085234853347,14,13,none,0
zabuTOuSrtA,UC46snQOXkyWD_-4IZHnJ6Jg,heldout,7,6.7861,29,2725.40,1947,339.99259939525746,8.016048295239544,likely,0.8811832573911873,14,13,none,0
zabuTOuSrtA,UC46snQOXkyWD_-4IZHnJ6Jg,heldout,14,13.7861,29,2507.62,1947,345.99999999999983,7.247443601136635,confirmed,0.6270020069044775,14,12,none,0
2NcuCTnkGk8,UCtKKlsOLiQWeu_slHMhjvRw,time,14,13.5937,27,240.23,247,328.6361709211022,0.7309794660372733,confirmed,0.1552605722186277,15,12,none,0
l9dDuZfnauM,UCe1Ka1W1V_TfRSwE_luacEg,time,14,12.7883,27,8212.10,8248,4872.824386439648,1.6852858508005166,confirmed,,15,13,none,0
ALaaOEQcRwM,UCCYBgzNZ3JIK2w_zvPKvgfQ,heldout,5,4.0104,27,95.18,101,,,insufficient,,0,0,none,0
ALaaOEQcRwM,UCCYBgzNZ3JIK2w_zvPKvgfQ,time,5,4.0104,27,95.18,101,,,insufficient,,0,0,none,0
ALaaOEQcRwM,UCCYBgzNZ3JIK2w_zvPKvgfQ,heldout,7,7.0104,27,95.75,101,,,insufficient,0.25777079155012106,0,0,none,0
ALaaOEQcRwM,UCCYBgzNZ3JIK2w_zvPKvgfQ,time,7,7.0104,27,95.75,101,,,insufficient,0.25777079155012106,0,0,none,0
ALaaOEQcRwM,UCCYBgzNZ3JIK2w_zvPKvgfQ,heldout,14,15.0104,27,104.10,101,,,insufficient,0.24455407418425862,0,0,none,0
ALaaOEQcRwM,UCCYBgzNZ3JIK2w_zvPKvgfQ,time,14,15.0104,27,104.10,101,,,insufficient,0.24455407418425862,0,0,none,0
FA9ozJB26eA,UCiBwt71hOgx2qnga5OOpRaA,time,14,12.8540,27,3089.95,3130,3660.7513037891836,0.8440757558250033,confirmed,0.3375610841940095,15,14,none,0
0TDI7Rg0Nns,UCWyL3FzhX0CaxgkOMTQMa0A,time,14,13.7916,29,103487.56,111319,11554.24685771682,8.95666853501253,confirmed,,15,13,none,0
IAGruxbR07Y,UCPAt6z5uX_c5Eo_cSNROzYw,time,7,8.9789,29,3130.58,2585,10673.92388211597,0.293291945602768,confirmed,,15,15,none,0
IAGruxbR07Y,UCPAt6z5uX_c5Eo_cSNROzYw,time,14,13.9789,29,2616.22,2585,10339.250749500108,0.2530381161663019,confirmed,0.04514020293965157,15,15,none,0
9qhKEF1iRq8,UCHQ4lSaKRap5HyrpitrTOhQ,time,3,3.8748,27,7529.63,6529,9294.663582603605,0.8101029185100174,likely,,10,10,none,0
9qhKEF1iRq8,UCHQ4lSaKRap5HyrpitrTOhQ,time,5,4.8748,27,6424.51,6529,9277.661008134908,0.6924706644460382,likely,0.2631438017588026,15,15,none,0
9qhKEF1iRq8,UCHQ4lSaKRap5HyrpitrTOhQ,time,7,6.8748,27,6428.27,6529,9267.374494578387,0.693644895725141,likely,0.23046169053425217,15,15,none,0
9qhKEF1iRq8,UCHQ4lSaKRap5HyrpitrTOhQ,time,14,12.8748,27,6114.36,6529,9216.246560060641,0.6634324460221311,confirmed,0.1618424779834339,15,15,none,0
--He8I3JOwU,UCaYGMFDjbnjrowLyhYir_jw,time,14,13.1823,27,3050.26,2995,2737.422413084038,1.114280703379706,confirmed,0.2794634191808729,15,14,none,0
hUq_3jjCB3o,UCfWCrexzFjIqqYZYgvVTPvw,time,5,5.1504,27,221.64,180,,,insufficient,,1,1,none,0
hUq_3jjCB3o,UCfWCrexzFjIqqYZYgvVTPvw,time,7,7.1504,27,175.89,180,,,insufficient,-0.06597906779144735,1,1,none,0
hUq_3jjCB3o,UCfWCrexzFjIqqYZYgvVTPvw,time,14,13.1504,27,180.82,180,,,insufficient,0.08525397968056261,1,1,none,0
lKSk8hauUsA,UCO1SasMJdmlfrCS5pNJJFQA,time,1,1.0407,29,5468.31,23250,5093.1043375719055,1.073669407570505,early,2.251880212400205,15,12,none,0
lKSk8hauUsA,UCO1SasMJdmlfrCS5pNJJFQA,time,2,2.0407,29,7246.55,23250,5079.260146957672,1.4266933443011758,early,1.6563592243168102,15,11,none,0
lKSk8hauUsA,UCO1SasMJdmlfrCS5pNJJFQA,time,3,3.0407,29,8877.72,23250,5017.436379094343,1.769373222127548,likely,1.559855915320061,15,11,none,0
lKSk8hauUsA,UCO1SasMJdmlfrCS5pNJJFQA,time,5,5.0407,29,13484.73,23250,4936.727565454044,2.7315117952518917,likely,1.5182119242299756,15,11,none,0
lKSk8hauUsA,UCO1SasMJdmlfrCS5pNJJFQA,time,7,7.0407,29,23843.36,23250,4897.074421723402,4.868898017137854,confirmed,1.514964293264244,15,11,none,0
lKSk8hauUsA,UCO1SasMJdmlfrCS5pNJJFQA,time,14,14.0407,29,21223.45,23250,4727.70157182754,4.489168978835819,confirmed,1.3156170787873607,15,10,none,0
yuQ8KP559BQ,UCDNHPNeWScAC8h8IxtEBtkQ,heldout,14,12.0820,31,55251.30,53127,68257.07196128322,0.8094589395064347,confirmed,,15,12,none,0
nlGkzIPWmnk,UCUoJk48pujh29p8zLsnD5PQ,heldout,0.5,0.6627,30,5737.42,13929,13377.689237305603,0.4288801018580396,early,,15,14,none,0
nlGkzIPWmnk,UCUoJk48pujh29p8zLsnD5PQ,heldout,1,0.6627,30,5737.42,13929,13377.689237305603,0.4288801018580396,early,,15,14,none,0
nlGkzIPWmnk,UCUoJk48pujh29p8zLsnD5PQ,heldout,14,15.6627,30,12859.69,13929,13588.783761992097,0.9463458409130266,confirmed,0.6714047317661743,15,14,none,0
o7RyfMOfS04,UCClMPKqtJ1LbRBCDP948g5Q,time,7,7.9571,29,4616.53,4385,3097.0016555690677,1.4906446879177768,confirmed,,15,15,none,0
o7RyfMOfS04,UCClMPKqtJ1LbRBCDP948g5Q,time,14,13.9571,29,4327.33,4385,3252.9113520127557,1.3302957847435881,confirmed,0.16076814223087113,15,12,none,0
C9Pp7Y7Ixm8,UCxmSA11SbI_3yBcHu6pKi_Q,time,7,8.7919,27,6139.00,5714,18725.036374411924,0.3278499061504165,confirmed,,10,9,none,0
C9Pp7Y7Ixm8,UCxmSA11SbI_3yBcHu6pKi_Q,time,14,12.7919,27,5935.97,5714,20528.489961346495,0.2891575553070505,confirmed,0.24568259557692945,15,12,none,0
-P0Lx1-jIXo,UCSPh1bFTdDalKnZPgQoOYUg,time,3,3.7035,28,5983.75,4708,8635.691748473868,0.6929094215260824,likely,,14,14,none,0
-P0Lx1-jIXo,UCSPh1bFTdDalKnZPgQoOYUg,time,5,4.7035,28,4468.75,4708,8635.691748473868,0.5174740243961421,likely,0.1955712077673893,15,15,none,0
-P0Lx1-jIXo,UCSPh1bFTdDalKnZPgQoOYUg,time,7,6.7035,28,4589.73,4708,8650.116419080057,0.530596954550539,likely,0.20467170462560136,15,15,none,0
-P0Lx1-jIXo,UCSPh1bFTdDalKnZPgQoOYUg,time,14,13.7035,28,4884.96,4708,8757.000000000004,0.5578352881110976,confirmed,0.15319387827426886,15,12,none,0
WNuzqJz6m6g,UC8DqDLFZCni7Jkys3N3818w,time,5,4.8179,27,16.32,35,56.37368082221896,0.28944363120978334,likely,,4,4,none,0
WNuzqJz6m6g,UC8DqDLFZCni7Jkys3N3818w,time,7,6.8179,27,19.27,35,59.54237597165846,0.32357684173215917,likely,0.521701308471672,4,4,none,0
WNuzqJz6m6g,UC8DqDLFZCni7Jkys3N3818w,time,14,15.8179,27,29.13,35,54.460727955658754,0.5348043508342948,confirmed,0.6128915764715054,4,4,none,0
bUdsiDvYlcc,UCFbNIlppjAuEX4znoulh0Cw,time,3,3.8326,29,27036.29,23119,,,insufficient,,0,0,none,0
bUdsiDvYlcc,UCFbNIlppjAuEX4znoulh0Cw,time,5,4.8326,29,20025.55,23119,26680.961080549387,0.7505556977566205,likely,0.156689769529702,15,14,none,0
bUdsiDvYlcc,UCFbNIlppjAuEX4znoulh0Cw,time,7,6.8326,29,20516.90,23119,26534.369640953773,0.7732196937203771,likely,0.18694035506627346,15,14,none,0
bUdsiDvYlcc,UCFbNIlppjAuEX4znoulh0Cw,time,14,14.8326,29,23271.51,23119,26354.929338475133,0.8830042451093446,confirmed,0.19174710003017048,15,13,none,0
BSGJH9b_N3A,UC7geKfz2-IH0rsgRBtHTm0g,time,2,2.8124,27,2933.21,4359,7825.231396705342,0.3748402700515825,early,,12,12,none,0
BSGJH9b_N3A,UC7geKfz2-IH0rsgRBtHTm0g,time,3,2.8124,27,2933.21,4359,7825.231396705342,0.3748402700515825,early,,12,12,none,0
BSGJH9b_N3A,UC7geKfz2-IH0rsgRBtHTm0g,time,5,4.8124,27,6619.10,4359,6607.126110670757,1.0018118415702855,likely,1.5414266474096807,15,14,none,0
BSGJH9b_N3A,UC7geKfz2-IH0rsgRBtHTm0g,time,7,6.8124,27,6034.34,4359,6710.531661751612,0.8992345823978707,likely,0.9668783139381695,15,13,none,0
BSGJH9b_N3A,UC7geKfz2-IH0rsgRBtHTm0g,time,14,12.8124,27,5088.16,4359,6838.000000000005,0.7441001186327172,confirmed,0.6024983167265485,15,12,none,0
ogHrw4K_MMk,UCSJhfA8s9mLYTfavcV5yoHA,time,3,3.2278,27,1417.45,1173,683.6985752933546,2.073215973698088,likely,,13,12,none,0
ogHrw4K_MMk,UCSJhfA8s9mLYTfavcV5yoHA,time,5,5.2278,27,1082.12,1173,1075.4360125253,1.0062179484176892,likely,0.1541368411079905,15,14,none,0
ogHrw4K_MMk,UCSJhfA8s9mLYTfavcV5yoHA,time,7,7.2278,27,1105.93,1173,1068.6689648234455,1.0348681219012905,confirmed,0.17726944523989113,15,13,none,0
ogHrw4K_MMk,UCSJhfA8s9mLYTfavcV5yoHA,time,14,13.2278,27,1181.57,1173,1052.0000000000005,1.1231611419268601,confirmed,0.16107935206997537,15,10,none,0
3y0y_Papw2s,UCG7J20LhUeLl6y_Emi7OJrA,time,0.5,0.6628,27,448968.75,673311,502250.99999999977,0.8939131046475626,early,,15,13,none,0
3y0y_Papw2s,UCG7J20LhUeLl6y_Emi7OJrA,time,1,0.6628,27,448968.75,673311,502250.99999999977,0.8939131046475626,early,,15,13,none,0
3y0y_Papw2s,UCG7J20LhUeLl6y_Emi7OJrA,time,2,1.6628,27,544626.43,673311,502250.99999999977,1.0843710124482273,early,0.9795672374720487,15,13,none,0
3y0y_Papw2s,UCG7J20LhUeLl6y_Emi7OJrA,time,3,2.6628,27,540557.43,673311,502250.99999999977,1.0762694890581082,early,0.7558135072906633,15,13,none,0
3y0y_Papw2s,UCG7J20LhUeLl6y_Emi7OJrA,time,5,4.6628,27,618628.35,673311,502250.99999999977,1.2317115307289837,likely,0.7160492238930285,15,13,none,0
3y0y_Papw2s,UCG7J20LhUeLl6y_Emi7OJrA,time,7,6.6628,27,827888.65,673311,502250.99999999977,1.6483563956342813,likely,0.7048886713369048,15,13,none,0
3y0y_Papw2s,UCG7J20LhUeLl6y_Emi7OJrA,time,14,12.6628,27,755436.01,673311,502250.99999999977,1.5041005598103072,confirmed,0.5834237838163475,15,13,none,0
UypKP0JmlGY,UCnpWedLQdHpZqhgTLdB9Yyg,time,1,0.8956,28,99080.12,122411,73622.27446326616,1.3457899598015044,early,,14,14,none,0
UypKP0JmlGY,UCnpWedLQdHpZqhgTLdB9Yyg,time,2,1.8956,28,96415.16,122411,72462.03782391039,1.3305609234672742,early,0.7096768722091544,15,15,none,0
UypKP0JmlGY,UCnpWedLQdHpZqhgTLdB9Yyg,time,3,2.8956,28,121493.00,122411,72750.38069756835,1.6699980821623364,early,0.7141415233391898,15,15,none,0
UypKP0JmlGY,UCnpWedLQdHpZqhgTLdB9Yyg,time,5,4.8956,28,127524.58,122411,72805.46666721193,1.7515797887884257,likely,0.6106921154179449,15,15,none,0
UypKP0JmlGY,UCnpWedLQdHpZqhgTLdB9Yyg,time,7,6.8956,28,127379.31,122411,73197.28918130984,1.7402189966435133,likely,0.5660377181146632,15,15,none,0
UypKP0JmlGY,UCnpWedLQdHpZqhgTLdB9Yyg,time,14,12.8956,28,123823.66,122411,70852.99999999999,1.747613448322922,confirmed,0.4829786162752264,15,13,none,0
8MoN2775TUA,UC0yHbz4OxdQFwmVX2BBQqLg,time,14,13.8332,27,12780.91,11687,28795.67058114567,0.44384825343824114,confirmed,,15,13,none,0
07Ps865aPxE,UCnwlWgbcxwpsnB7LtOL1kPg,time,14,14.7396,28,9588.73,9742,7107.838279124454,1.3490359208376859,confirmed,,15,15,none,0
92LK3J0ZykA,UCFYGr5NPq7klB5N0tb5Cdyg,time,14,13.7708,29,3745.82,5198,4325.207679532459,0.8660441469151158,confirmed,0.4156012975554993,15,15,none,0
0zJqU2JG6VI,UChISHLovxnSLP0w81NEQj5w,time,14,12.8663,27,46504.11,45115,17184.32997636193,2.706193049661146,confirmed,0.017228012287556625,15,15,none,0
_lib9MjpKBw,UCMekTeLUP4PllG4z53Qny2Q,heldout,14,13.7706,31,464.97,506,657.0000000000002,0.7077150912767348,confirmed,0.03173481879427923,15,9,none,0
_h9AyLOG-f4,UC6XTIVq86zJPKNeiPay1czQ,time,5,5.9445,28,768.26,1005,,,insufficient,,0,0,none,0
_h9AyLOG-f4,UC6XTIVq86zJPKNeiPay1czQ,time,7,6.9445,28,634.32,1005,,,insufficient,0.15622259181439874,0,0,none,0
_h9AyLOG-f4,UC6XTIVq86zJPKNeiPay1czQ,time,14,13.9445,28,781.31,1005,,,insufficient,0.27582952058633803,0,0,none,0
j4EIPhX4gnQ,UCziz6FiCnkyQ810X7qXFMZw,time,1,0.9515,28,82111.07,86713,53645.62427733469,1.5306201280173364,early,,15,12,none,0
j4EIPhX4gnQ,UCziz6FiCnkyQ810X7qXFMZw,time,2,1.9515,28,96022.87,86713,53800.37859418258,1.7847991808030508,early,0.7827920587840047,15,12,none,0
j4EIPhX4gnQ,UCziz6FiCnkyQ810X7qXFMZw,time,3,2.9515,28,96593.60,86713,54081.53289776623,1.7860736645986675,early,0.6703199496612454,15,12,none,0
j4EIPhX4gnQ,UCziz6FiCnkyQ810X7qXFMZw,time,5,4.9515,28,101409.95,86713,54335.43835198301,1.8663684837197376,likely,0.5844099223453681,15,12,none,0
j4EIPhX4gnQ,UCziz6FiCnkyQ810X7qXFMZw,time,7,6.9515,28,99630.00,86713,54932.692388274976,1.8136740649209535,likely,0.5337174621261497,15,12,none,0
j4EIPhX4gnQ,UCziz6FiCnkyQ810X7qXFMZw,time,14,12.9515,28,99418.50,86713,56861.999999999956,1.7484172286898503,confirmed,0.4329816056281049,15,11,none,0
tPA5O84Lj10,UCN8fW1T36q7P9KjaHEifPYQ,heldout,7,7.0274,31,1794.48,1546,1819.7531697096294,0.9861102964088723,confirmed,,15,14,none,0
7axXvMi_ckE,UCnnOksyxFnRBGHK1ZyLRJGA,time,14,14.0415,28,28147.78,27521,26481.28851842119,1.0629309865130219,confirmed,0.13533960777847387,15,13,none,0
mRv0WbPMJdU,UCGwAh9NT7iHZlw4zrBueyIw,heldout,14,13.9369,30,210473.21,331877,5961.436622659005,35.305787507088006,confirmed,,15,9,none,0
TweVaQib0Z4,UCAGgFGwq4HZKLZ4gXo9xLiw,time,5,5.0428,27,2737.18,2293,3426.12630951445,0.798913112405744,likely,,6,6,none,0
TweVaQib0Z4,UCAGgFGwq4HZKLZ4gXo9xLiw,time,7,7.0428,27,2614.21,2293,3274.755666949468,0.7982917395722229,confirmed,0.2416566330325141,6,6,none,0
TweVaQib0Z4,UCAGgFGwq4HZKLZ4gXo9xLiw,time,14,13.0428,27,2446.83,2293,3009.215849158046,0.8131120925997937,confirmed,0.132521973685533,6,6,none,0
DWi0YY8sNN0,UC6gi5tigsPyfEnFXFPeYH0Q,time,2,2.8845,27,196.60,341,165.60788729430828,1.187168516881569,early,,15,15,none,0
DWi0YY8sNN0,UC6gi5tigsPyfEnFXFPeYH0Q,time,3,2.8845,27,196.60,341,165.60788729430828,1.187168516881569,early,,15,15,none,0
DWi0YY8sNN0,UC6gi5tigsPyfEnFXFPeYH0Q,time,5,4.8845,27,211.86,341,165.0345119441115,1.283744772535051,likely,0.5059968546266025,15,15,none,0
DWi0YY8sNN0,UC6gi5tigsPyfEnFXFPeYH0Q,time,7,6.8845,27,262.85,341,175.16054357157878,1.5006265976253557,likely,0.6102353325564189,15,15,none,0
DWi0YY8sNN0,UC6gi5tigsPyfEnFXFPeYH0Q,time,14,12.8845,27,314.05,341,191.87865033629654,1.6367244256340852,confirmed,0.5441625533748485,15,13,none,0
bCdUMEAP-zc,UCGWNHkr2WZcRbxqoet-nyeg,time,14,13.8783,28,5155.15,4877,2599.494437510893,1.983134577295677,confirmed,,15,15,none,0
PNQGAKbQAhI,UC7vGEKe2pHPYgpQxsmsk6Pw,time,5,5.7912,28,615.97,614,,,insufficient,,0,0,none,0
PNQGAKbQAhI,UC7vGEKe2pHPYgpQxsmsk6Pw,time,7,6.7912,28,512.29,614,,,insufficient,0.20597060953639304,0,0,none,0
PNQGAKbQAhI,UC7vGEKe2pHPYgpQxsmsk6Pw,time,14,13.7912,28,642.51,614,,,insufficient,0.304132163054214,0,0,none,0
l-whUD5pMpU,UCq_2n18CJaRVGxEfxtCfI-Q,time,3,3.4337,27,146516.31,146080,153766.0365992778,0.9528522255344796,likely,,15,15,none,0
l-whUD5pMpU,UCq_2n18CJaRVGxEfxtCfI-Q,time,5,5.4337,27,152254.14,146080,150623.78718665757,1.0108240139072078,likely,0.4668847722005633,15,15,none,0
l-whUD5pMpU,UCq_2n18CJaRVGxEfxtCfI-Q,time,7,7.4337,27,149043.58,146080,146887.024099398,1.0146817174364533,confirmed,0.3737408100586999,15,15,none,0
l-whUD5pMpU,UCq_2n18CJaRVGxEfxtCfI-Q,time,14,15.4337,27,147209.32,146080,134995.0258022681,1.090479581378798,confirmed,0.26934849981435693,15,13,none,0
uLZVd6VvUD0,UCxEQsjgRRfGWiJJu_PDygxw,time,14,13.4576,27,302819.72,294917,228075.17559674528,1.3277189097867117,confirmed,0.012455653003386757,15,13,none,0
k5eG-OUAY_Y,UC5i1U95Udd4RYblltKRV9-A,time,5,4.9989,28,193.08,343,,,insufficient,,0,0,none,0
k5eG-OUAY_Y,UC5i1U95Udd4RYblltKRV9-A,time,7,6.9989,28,229.82,343,,,insufficient,0.5636124622484014,0,0,none,0
k5eG-OUAY_Y,UC5i1U95Udd4RYblltKRV9-A,time,14,15.9989,28,326.72,343,,,insufficient,0.5732997577883058,0,0,none,0
y7yC1YhfD_o,UCuVaqIpPgUyGP6AytqSfs0g,heldout,1,1.0821,28,4496.11,3171,3563.9946354524204,1.261537509513519,early,,15,15,none,0
y7yC1YhfD_o,UCuVaqIpPgUyGP6AytqSfs0g,time,1,1.0821,28,4496.11,3171,3563.9946354524204,1.261537509513519,early,,15,15,none,0
y7yC1YhfD_o,UCuVaqIpPgUyGP6AytqSfs0g,heldout,2,2.0821,28,3405.62,3171,3528.8135823378666,0.9650903625619079,early,0.34808240867547574,15,15,none,0
y7yC1YhfD_o,UCuVaqIpPgUyGP6AytqSfs0g,time,2,2.0821,28,3405.62,3171,3528.8135823378666,0.9650903625619079,early,0.34808240867547574,15,15,none,0
y7yC1YhfD_o,UCuVaqIpPgUyGP6AytqSfs0g,heldout,3,3.0821,28,2827.07,3171,3496.03016818652,0.8086517796672636,likely,0.28750570420878324,15,15,none,0
y7yC1YhfD_o,UCuVaqIpPgUyGP6AytqSfs0g,time,3,3.0821,28,2827.07,3171,3496.03016818652,0.8086517796672636,likely,0.28750570420878324,15,15,none,0
y7yC1YhfD_o,UCuVaqIpPgUyGP6AytqSfs0g,heldout,5,5.0821,28,3316.58,3171,3441.697538055107,0.9636469856732399,likely,0.2969362322667488,15,15,none,0
y7yC1YhfD_o,UCuVaqIpPgUyGP6AytqSfs0g,time,5,5.0821,28,3316.58,3171,3441.697538055107,0.9636469856732399,likely,0.2969362322667488,15,15,none,0
y7yC1YhfD_o,UCuVaqIpPgUyGP6AytqSfs0g,heldout,7,7.0821,28,3410.47,3171,3380.9037310475414,1.008745664162352,confirmed,0.30013461008411807,15,15,none,0
y7yC1YhfD_o,UCuVaqIpPgUyGP6AytqSfs0g,time,7,7.0821,28,3410.47,3171,3380.9037310475414,1.008745664162352,confirmed,0.30013461008411807,15,15,none,0
y7yC1YhfD_o,UCuVaqIpPgUyGP6AytqSfs0g,heldout,14,13.0821,28,3351.36,3171,3263.8350221343535,1.026818109712119,confirmed,0.24538927853980763,15,15,none,0
y7yC1YhfD_o,UCuVaqIpPgUyGP6AytqSfs0g,time,14,13.0821,28,3351.36,3171,3263.8350221343535,1.026818109712119,confirmed,0.24538927853980763,15,15,none,0
WVXFrCAOdik,UC3D0x-dmWYAZUIHroYc-zTw,heldout,1,1.1618,30,6983.02,4026,3686.7529669402115,1.894083475152001,early,0.09344876276025829,13,10,none,0
WVXFrCAOdik,UC3D0x-dmWYAZUIHroYc-zTw,heldout,2,2.1618,30,4781.33,4026,3677.5226707207403,1.3001498946781214,early,0.18392773701197143,13,10,none,0
WVXFrCAOdik,UC3D0x-dmWYAZUIHroYc-zTw,heldout,3,3.1618,30,4299.69,4026,3662.2943323906907,1.174041415159168,likely,0.1807414870634546,13,10,none,0
WVXFrCAOdik,UC3D0x-dmWYAZUIHroYc-zTw,heldout,5,5.1618,30,4120.96,4026,3662.2943323906907,1.1252404249492498,likely,0.16485036596928426,13,10,none,0
WVXFrCAOdik,UC3D0x-dmWYAZUIHroYc-zTw,heldout,7,7.1618,30,4054.35,4026,3639.153254379278,1.1140913255641451,confirmed,0.1514778270392661,13,10,none,0
WVXFrCAOdik,UC3D0x-dmWYAZUIHroYc-zTw,heldout,14,14.1618,30,4201.24,4026,3670.0000000000023,1.1447527604791266,confirmed,0.1332066636743239,13,9,none,0
f24r-FG39wA,UCcilAnkcu67nJwNlgqVKdXw,time,14,15.4522,27,6748.25,7051,9250.999999999995,0.7294613989025408,confirmed,0.10047440629776427,15,9,none,0
inqWcd7tz4g,UC0QHWhjbe5fGJEPz3sVb6nw,time,1,0.8311,28,90996.99,124673,948868.2220099254,0.09590055571893169,early,,15,9,none,0
inqWcd7tz4g,UC0QHWhjbe5fGJEPz3sVb6nw,time,2,1.8311,28,100159.20,124673,949742.7381077347,0.10545929307209127,early,0.8354494288794263,15,9,none,0
inqWcd7tz4g,UC0QHWhjbe5fGJEPz3sVb6nw,time,3,2.8311,28,107069.68,124673,947312.3560601593,0.11302468905624967,early,0.7773888857316051,15,8,none,0
inqWcd7tz4g,UC0QHWhjbe5fGJEPz3sVb6nw,time,5,4.8311,28,109863.48,124673,946959.4746831664,0.1160170902612979,likely,0.6300078615157565,15,8,none,0
inqWcd7tz4g,UC0QHWhjbe5fGJEPz3sVb6nw,time,7,6.8311,28,110906.43,124673,949057.41107058,0.11685955486082615,likely,0.5883556515898417,15,7,none,0
inqWcd7tz4g,UC0QHWhjbe5fGJEPz3sVb6nw,time,14,13.8311,28,133902.26,124673,962790.0000000007,0.13907732518899682,confirmed,0.528557407039857,15,5,none,0
ItYKt9t-Rj8,UCzUd3H_e_qWqs4dR4GxVHOQ,time,7,7.8360,27,6713.23,5990,4450.000000000001,1.5085919474241694,confirmed,,15,13,none,0
ItYKt9t-Rj8,UCzUd3H_e_qWqs4dR4GxVHOQ,time,14,12.8360,27,6167.62,5990,4450.000000000001,1.3859819868923318,confirmed,0.1390497307335701,15,10,none,0
Zc28AlF-68I,UCdLlUhD9LUGm0-NTYDASPFA,time,5,5.0410,29,3138.84,3396,3876.7306780608706,0.8096612100521832,likely,0.2861877653910806,15,14,none,0
Zc28AlF-68I,UCdLlUhD9LUGm0-NTYDASPFA,time,7,7.0410,29,3508.19,3396,3899.5625957555794,0.8996370430454604,confirmed,0.3821062995281185,15,13,none,0
Zc28AlF-68I,UCdLlUhD9LUGm0-NTYDASPFA,time,14,14.0410,29,3490.17,3396,3932.9262978370302,0.8874220689021106,confirmed,0.2727957268485181,15,11,none,0
CoorirSMGto,UCuoxrRDDgk3UUnxR4tlkJYQ,time,3,3.9010,28,14150.77,19156,7415.0000000000055,1.9083972051442522,likely,,11,9,none,0
CoorirSMGto,UCuoxrRDDgk3UUnxR4tlkJYQ,time,5,4.9010,28,12306.77,19156,8784.35012521924,1.4009882372274591,likely,0.3673407910109432,15,13,none,0
CoorirSMGto,UCuoxrRDDgk3UUnxR4tlkJYQ,time,7,6.9010,28,15750.39,19156,8786.491584312404,1.7925688958080774,likely,0.5207795446037765,15,13,none,0
CoorirSMGto,UCuoxrRDDgk3UUnxR4tlkJYQ,time,14,13.9010,28,21285.92,19156,8810.257850874425,2.4160381957128214,confirmed,0.569305401571943,15,11,none,0
ht12QquRuII,UC70SrI3VkT1MXALRtf0pcHg,heldout,5,4.9223,30,27057.67,21961,65171.78074172764,0.4151746311190509,likely,,15,15,none,0
ht12QquRuII,UC70SrI3VkT1MXALRtf0pcHg,heldout,14,12.9223,30,22036.42,21961,57674.5064662481,0.3820825419688342,confirmed,0.08108021991445358,15,15,none,0
C-JhnSwk_Dw,UCMekTeLUP4PllG4z53Qny2Q,heldout,5,4.6665,28,802.25,803,778.935942474941,1.0299340394303234,likely,,15,15,none,0
C-JhnSwk_Dw,UCMekTeLUP4PllG4z53Qny2Q,time,5,4.6665,28,802.25,803,778.935942474941,1.0299340394303234,likely,,15,15,none,0
C-JhnSwk_Dw,UCMekTeLUP4PllG4z53Qny2Q,heldout,7,6.6665,28,785.35,803,779.2045234754999,1.007891850011166,likely,0.31019607944215016,15,15,none,0
C-JhnSwk_Dw,UCMekTeLUP4PllG4z53Qny2Q,time,7,6.6665,28,785.35,803,779.2045234754999,1.007891850011166,likely,0.31019607944215016,15,15,none,0
C-JhnSwk_Dw,UCMekTeLUP4PllG4z53Qny2Q,heldout,14,12.6665,28,822.73,803,759.1869386912346,1.0836986520914715,confirmed,0.24960811298982033,15,11,none,0
C-JhnSwk_Dw,UCMekTeLUP4PllG4z53Qny2Q,time,14,12.6665,28,822.73,803,759.1869386912346,1.0836986520914715,confirmed,0.24960811298982033,15,11,none,0
wSvPCnvvnpc,UCNcpeWJ-c3jMX_9fQ4b9v1Q,time,1,1.5410,27,417.10,2239,1210.3315262293486,0.344619335239603,early,,15,15,none,0
wSvPCnvvnpc,UCNcpeWJ-c3jMX_9fQ4b9v1Q,time,2,1.5410,27,417.10,2239,1210.3315262293486,0.344619335239603,early,,15,15,none,0
wSvPCnvvnpc,UCNcpeWJ-c3jMX_9fQ4b9v1Q,time,3,2.5410,27,990.69,2239,1219.2127916848196,0.812567354699701,early,2.2014491982201747,15,15,none,0
wSvPCnvvnpc,UCNcpeWJ-c3jMX_9fQ4b9v1Q,time,5,4.5410,27,2999.51,2239,1234.6572838673753,2.4294287237779764,likely,2.532431824600222,15,15,none,0
wSvPCnvvnpc,UCNcpeWJ-c3jMX_9fQ4b9v1Q,time,7,6.5410,27,3643.10,2239,1561.3003018184868,2.3333753179014027,likely,2.1187978776804743,15,15,none,0
wSvPCnvvnpc,UCNcpeWJ-c3jMX_9fQ4b9v1Q,time,14,12.5410,27,2747.96,2239,1794.4391431418203,1.5313749457203556,confirmed,1.35988348846303,15,15,none,0
4_gB3mJ3P8Q,UC8DqDLFZCni7Jkys3N3818w,time,5,4.8182,27,28.55,34,,,insufficient,,2,2,none,0
4_gB3mJ3P8Q,UC8DqDLFZCni7Jkys3N3818w,time,7,6.8182,27,34.40,34,,,insufficient,0.5900999404858832,2,2,none,0
4_gB3mJ3P8Q,UC8DqDLFZCni7Jkys3N3818w,time,14,12.8182,27,35.07,34,,,insufficient,0.4123422471021517,2,2,none,0
WjLnnmeDV1w,UCPAt6z5uX_c5Eo_cSNROzYw,time,7,8.9418,28,557.86,456,8685.1763235143,0.06423152009764896,confirmed,,15,15,none,0
WjLnnmeDV1w,UCPAt6z5uX_c5Eo_cSNROzYw,time,14,13.9418,28,461.87,456,8332.170212444837,0.055432019641075074,confirmed,0.022063101071045414,15,15,none,0
_5g09wlF2pY,UC-2vh3f5tIDkt4K01ZsGDXw,heldout,2,2.8157,31,8538.02,15474,22882.899815846144,0.37311812890694795,early,,12,11,none,0
_5g09wlF2pY,UC-2vh3f5tIDkt4K01ZsGDXw,heldout,3,2.8157,31,8538.02,15474,22882.899815846144,0.37311812890694795,early,,12,11,none,0
R-AI8vjoFr0,UCg2EPgrZtxyZPdaprLgSqpQ,time,5,6.3505,28,105.78,98,,,insufficient,,2,2,none,0
R-AI8vjoFr0,UCg2EPgrZtxyZPdaprLgSqpQ,time,7,7.3505,28,92.34,98,,,insufficient,0,2,2,none,0
R-AI8vjoFr0,UCg2EPgrZtxyZPdaprLgSqpQ,time,14,14.3505,28,95.06,98,,,insufficient,0.12353892170569487,2,2,none,0
q-r3HWRY4AU,UCV_zy48AlwwGpdJEka1ay7w,time,1,0.8751,29,156338.94,218729,76603.99999999994,2.0408718075819783,early,,15,11,none,0
q-r3HWRY4AU,UCV_zy48AlwwGpdJEka1ay7w,time,2,1.8751,29,199242.18,218729,76603.99999999994,2.6009370150968323,early,0.9588463282836301,15,11,none,0
q-r3HWRY4AU,UCV_zy48AlwwGpdJEka1ay7w,time,3,2.8751,29,189877.02,218729,76603.99999999994,2.4786828569612194,early,0.6954325598023908,15,10,none,0
q-r3HWRY4AU,UCV_zy48AlwwGpdJEka1ay7w,time,5,4.8751,29,202923.42,218729,76603.99999999994,2.648992541419459,likely,0.6141084880925852,15,10,none,0
q-r3HWRY4AU,UCV_zy48AlwwGpdJEka1ay7w,time,7,6.8751,29,196014.90,218729,76603.99999999994,2.558807575367758,likely,0.5553157746826534,15,10,none,0
q-r3HWRY4AU,UCV_zy48AlwwGpdJEka1ay7w,time,14,13.8751,29,199421.63,218729,76603.99999999994,2.603279535456501,confirmed,0.46807062969505275,15,9,none,0
yGv62b2BvDI,UCu28JGd1UDoQRlZZtG5Qrcw,time,14,13.7083,28,100114.71,94214,152800.20090421976,0.6552001325079516,confirmed,,15,14,none,0
k1L27EjTYEo,UCvnSyOfwtn7J14CYRbCaveQ,time,14,12.8323,27,33093.93,32633,29071.8305089675,1.1383503772657932,confirmed,0.35460157580830465,15,13,none,0
iJer4OuSOn8,UCihbzGj7YwFNq-aL-6-Titw,heldout,14,14.0204,32,40.30,42,62.750809086668085,0.6421797245935238,confirmed,0,15,14,none,0
0Cld8TsNlAY,UCLdTYHvdML-EXsPeiiYJLqA,heldout,1,0.8750,28,60449.07,56024,102235.9298920518,0.5912703487655063,early,,15,9,none,0
0Cld8TsNlAY,UCLdTYHvdML-EXsPeiiYJLqA,time,1,0.8750,28,60449.07,56024,102235.9298920518,0.5912703487655063,early,,15,9,none,0
0Cld8TsNlAY,UCLdTYHvdML-EXsPeiiYJLqA,heldout,2,2.8750,28,64299.39,56024,100838.09501343663,0.6376497890293289,early,0.6184439513095313,15,7,none,0
0Cld8TsNlAY,UCLdTYHvdML-EXsPeiiYJLqA,time,2,2.8750,28,64299.39,56024,100838.09501343663,0.6376497890293289,early,0.6184439513095313,15,7,none,0
0Cld8TsNlAY,UCLdTYHvdML-EXsPeiiYJLqA,heldout,3,2.8750,28,64299.39,56024,100838.09501343663,0.6376497890293289,early,0.6184439513095313,15,7,none,0
0Cld8TsNlAY,UCLdTYHvdML-EXsPeiiYJLqA,time,3,2.8750,28,64299.39,56024,100838.09501343663,0.6376497890293289,early,0.6184439513095313,15,7,none,0
0Cld8TsNlAY,UCLdTYHvdML-EXsPeiiYJLqA,heldout,5,4.8750,28,72164.84,56024,100203.7613957099,0.7201809000170811,likely,0.5408433764671293,15,7,none,0
0Cld8TsNlAY,UCLdTYHvdML-EXsPeiiYJLqA,time,5,4.8750,28,72164.84,56024,100203.7613957099,0.7201809000170811,likely,0.5408433764671293,15,7,none,0
0Cld8TsNlAY,UCLdTYHvdML-EXsPeiiYJLqA,heldout,7,7.8750,28,65302.32,56024,99572.66123106952,0.6558258377668611,confirmed,0.46004230232011223,15,7,none,0
0Cld8TsNlAY,UCLdTYHvdML-EXsPeiiYJLqA,time,7,7.8750,28,65302.32,56024,99572.66123106952,0.6558258377668611,confirmed,0.46004230232011223,15,7,none,0
0Cld8TsNlAY,UCLdTYHvdML-EXsPeiiYJLqA,heldout,14,13.8750,28,61902.73,56024,98041.00000000009,0.631396338071413,confirmed,0.36732444357291527,15,4,none,0
0Cld8TsNlAY,UCLdTYHvdML-EXsPeiiYJLqA,time,14,13.8750,28,61902.73,56024,98041.00000000009,0.631396338071413,confirmed,0.36732444357291527,15,4,none,0
sZXnZ0uyikQ,UCsilEv_20FmmBr5CDzmTMgg,time,1,0.8539,29,15090.94,11369,31880.85715933868,0.47335428553084336,early,,15,9,none,0
sZXnZ0uyikQ,UCsilEv_20FmmBr5CDzmTMgg,time,2,1.8539,29,15791.95,11369,31814.600129756924,0.4963743979388901,early,0.7267445343702178,15,9,none,0
sZXnZ0uyikQ,UCsilEv_20FmmBr5CDzmTMgg,time,3,2.8539,29,13625.24,11369,31913.139739842103,0.4269475955000385,early,0.5271996318361853,15,8,none,0
sZXnZ0uyikQ,UCsilEv_20FmmBr5CDzmTMgg,time,5,4.8539,29,11477.30,11369,32481.65555998327,0.35334725513570314,likely,0.3910446811518644,15,8,none,0
sZXnZ0uyikQ,UCsilEv_20FmmBr5CDzmTMgg,time,7,6.8539,29,13112.53,11369,32580.15197129155,0.402469819933594,likely,0.352849595183656,15,8,none,0
sZXnZ0uyikQ,UCsilEv_20FmmBr5CDzmTMgg,time,14,13.8539,29,11701.66,11369,33034.58855205828,0.3542245030613547,confirmed,0.29381966214203553,15,7,none,0
yO4Y45LGVvE,UCsvqVGtbbyHaMoevxPAq9Fg,time,7,7.9368,27,1523.73,1549,2944.808492880149,0.5174297879450133,confirmed,,15,15,none,0
yO4Y45LGVvE,UCsvqVGtbbyHaMoevxPAq9Fg,time,14,12.9368,27,1529.05,1549,3039.7229603790765,0.5030215802978814,confirmed,0.2729043147463805,15,15,none,0
5k3gxj2Sj2M,UCGy7EnfIC59wJNSSwt5nzdg,time,14,13.9642,28,489.77,518,332.3445135939705,1.473673046294083,confirmed,0.029472181930096413,15,14,none,0
ZdhSeoqPJ1g,UCAuUUnT6oDeKwE6v1NGQxug,time,5,5.8742,28,16352.36,14189,,,insufficient,,2,2,none,0
ZdhSeoqPJ1g,UCAuUUnT6oDeKwE6v1NGQxug,time,7,6.8742,28,15222.29,14189,,,insufficient,0.3198873546008719,2,2,none,0
ZdhSeoqPJ1g,UCAuUUnT6oDeKwE6v1NGQxug,time,14,12.8742,28,14574.45,14189,,,insufficient,0.15490092335274633,2,2,none,0
ia21rG1uDHU,UC1ZZZtwkaDu1SnZLBDkd1pA,heldout,2,2.5339,29,318.69,729,621.4328245528159,0.5128301742467126,early,,15,15,none,0
ia21rG1uDHU,UC1ZZZtwkaDu1SnZLBDkd1pA,time,2,2.5339,29,318.69,729,621.4328245528159,0.5128301742467126,early,,15,15,none,0
ia21rG1uDHU,UC1ZZZtwkaDu1SnZLBDkd1pA,heldout,3,2.5339,29,318.69,729,621.4328245528159,0.5128301742467126,early,,15,15,none,0
ia21rG1uDHU,UC1ZZZtwkaDu1SnZLBDkd1pA,time,3,2.5339,29,318.69,729,621.4328245528159,0.5128301742467126,early,,15,15,none,0
ia21rG1uDHU,UC1ZZZtwkaDu1SnZLBDkd1pA,heldout,5,4.5339,29,350.33,729,610.7117510706569,0.5736490452237841,likely,0.5130156895234638,15,15,none,0
ia21rG1uDHU,UC1ZZZtwkaDu1SnZLBDkd1pA,time,5,4.5339,29,350.33,729,610.7117510706569,0.5736490452237841,likely,0.5130156895234638,15,15,none,0
ia21rG1uDHU,UC1ZZZtwkaDu1SnZLBDkd1pA,heldout,7,6.5339,29,400.47,729,603.5657916857831,0.6635045852708621,likely,0.48878544832559057,15,15,none,0
ia21rG1uDHU,UC1ZZZtwkaDu1SnZLBDkd1pA,time,7,6.5339,29,400.47,729,603.5657916857831,0.6635045852708621,likely,0.48878544832559057,15,15,none,0
ia21rG1uDHU,UC1ZZZtwkaDu1SnZLBDkd1pA,heldout,14,13.5339,29,748.41,729,579.2741763854584,1.291974227294795,confirmed,0.7626896354046917,15,15,none,0
ia21rG1uDHU,UC1ZZZtwkaDu1SnZLBDkd1pA,time,14,13.5339,29,748.41,729,579.2741763854584,1.291974227294795,confirmed,0.7626896354046917,15,15,none,0
KOwBCWfboD4,UCQheERIaSGDBrcRfNahTBcA,time,14,13.7498,27,16208.34,16789,18319.716006269282,0.8847483202736812,confirmed,0.2962003758880297,15,15,none,0
xGFLq5S44jU,UCGpsgNbzdF7BECCVbB1COHw,time,14,12.7077,28,3523.43,3629,7194.685694705489,0.4897267932111638,confirmed,0.12662498908706074,15,15,none,0
7XFJ8cEwtgM,UCcCzzSbdw5-qmdF_NuTtb2w,heldout,0.5,0.3958,27,4431.35,2878,4312.772885268845,1.0274935453827976,early,,15,9,none,0
7XFJ8cEwtgM,UCcCzzSbdw5-qmdF_NuTtb2w,time,0.5,0.3958,27,4431.35,2878,4312.772885268845,1.0274935453827976,early,,15,9,none,0
7XFJ8cEwtgM,UCcCzzSbdw5-qmdF_NuTtb2w,heldout,1,1.3958,27,4639.97,2878,4316.058666407744,1.075047747688383,early,0.7350102837947212,15,9,none,0
7XFJ8cEwtgM,UCcCzzSbdw5-qmdF_NuTtb2w,time,1,1.3958,27,4639.97,2878,4316.058666407744,1.075047747688383,early,0.7350102837947212,15,9,none,0
7XFJ8cEwtgM,UCcCzzSbdw5-qmdF_NuTtb2w,heldout,2,2.3958,27,3063.34,2878,4335.000000000003,0.7066533972600094,early,0.62674639198877,15,8,none,0
7XFJ8cEwtgM,UCcCzzSbdw5-qmdF_NuTtb2w,time,2,2.3958,27,3063.34,2878,4335.000000000003,0.7066533972600094,early,0.62674639198877,15,8,none,0
7XFJ8cEwtgM,UCcCzzSbdw5-qmdF_NuTtb2w,heldout,3,3.3958,27,3256.47,2878,4335.000000000003,0.7512043673140142,likely,0.5556647227596817,15,8,none,0
7XFJ8cEwtgM,UCcCzzSbdw5-qmdF_NuTtb2w,time,3,3.3958,27,3256.47,2878,4335.000000000003,0.7512043673140142,likely,0.5556647227596817,15,8,none,0
7XFJ8cEwtgM,UCcCzzSbdw5-qmdF_NuTtb2w,heldout,5,5.3958,27,2936.46,2878,4335.000000000003,0.6773840479672342,likely,0.5098366827397262,15,8,none,0
7XFJ8cEwtgM,UCcCzzSbdw5-qmdF_NuTtb2w,time,5,5.3958,27,2936.46,2878,4335.000000000003,0.6773840479672342,likely,0.5098366827397262,15,8,none,0
7XFJ8cEwtgM,UCcCzzSbdw5-qmdF_NuTtb2w,heldout,7,7.3958,27,2767.38,2878,4335.000000000003,0.6383815617443989,confirmed,0.46394855065825336,15,7,none,0
7XFJ8cEwtgM,UCcCzzSbdw5-qmdF_NuTtb2w,time,7,7.3958,27,2767.38,2878,4335.000000000003,0.6383815617443989,confirmed,0.46394855065825336,15,7,none,0
7XFJ8cEwtgM,UCcCzzSbdw5-qmdF_NuTtb2w,heldout,14,15.3958,27,3066.03,2878,4335.000000000003,0.707273945988272,confirmed,0.4083092177397341,15,4,none,0
7XFJ8cEwtgM,UCcCzzSbdw5-qmdF_NuTtb2w,time,14,15.3958,27,3066.03,2878,4335.000000000003,0.707273945988272,confirmed,0.4083092177397341,15,4,none,0
-as-rFACUM4,UCmW0I6tx3Co4B6T2euHj6iw,time,14,13.9174,28,2987.07,2895,3130,0.9543354484366903,confirmed,0.3619805115523876,15,14,none,0
ao5GfJe0egI,UCGbg3DjQdcqWwqOLHpYHXIg,time,1,0.8333,27,416824.84,312243,347081.51947419846,1.2009421762997394,early,,15,12,none,0
ao5GfJe0egI,UCGbg3DjQdcqWwqOLHpYHXIg,time,2,1.8333,27,357143.51,312243,347198.9267035966,1.0286423323720726,early,0.6297718240665423,15,12,none,0
ao5GfJe0egI,UCGbg3DjQdcqWwqOLHpYHXIg,time,3,2.8333,27,370358.75,312243,348684.9999999999,1.0621585371422533,early,0.5013137223863006,15,11,none,0
ao5GfJe0egI,UCGbg3DjQdcqWwqOLHpYHXIg,time,5,4.8333,27,354856.71,312243,348684.9999999999,1.0176999558674162,likely,0.42332304789097075,15,11,none,0
ao5GfJe0egI,UCGbg3DjQdcqWwqOLHpYHXIg,time,7,6.8333,27,351103.20,312243,348684.9999999999,1.006935203425999,likely,0.3905258044293536,15,11,none,0
ao5GfJe0egI,UCGbg3DjQdcqWwqOLHpYHXIg,time,14,12.8333,27,329491.60,312243,348684.9999999999,0.9449548948752418,confirmed,0.3115208165894154,15,10,none,0
8DKli8l_BTk,UCuehmJAqhHdlv1lTIwxTYpQ,time,14,13.6586,27,42347.36,38669,46132.16463411414,0.917957295716491,confirmed,,15,14,none,0
vUTiAx74tBQ,UCQNFJVAUF-qWtK0dawxcOaQ,heldout,5,4.9570,27,9232.70,7922,8914.470100051904,1.0356985919544286,likely,,15,13,none,0
vUTiAx74tBQ,UCQNFJVAUF-qWtK0dawxcOaQ,time,5,4.9570,27,9232.70,7922,8914.470100051904,1.0356985919544286,likely,,15,13,none,0
vUTiAx74tBQ,UCQNFJVAUF-qWtK0dawxcOaQ,heldout,7,6.9570,27,7823.97,7922,8914.470100051904,0.877670818513305,likely,0.16247832457591904,15,13,none,0
vUTiAx74tBQ,UCQNFJVAUF-qWtK0dawxcOaQ,time,7,6.9570,27,7823.97,7922,8914.470100051904,0.877670818513305,likely,0.16247832457591904,15,13,none,0
vUTiAx74tBQ,UCQNFJVAUF-qWtK0dawxcOaQ,heldout,14,15.9570,27,7926.17,7922,8730.215070133292,0.9079007029602747,confirmed,0.11661780306852874,15,11,none,0
vUTiAx74tBQ,UCQNFJVAUF-qWtK0dawxcOaQ,time,14,15.9570,27,7926.17,7922,8730.215070133292,0.9079007029602747,confirmed,0.11661780306852874,15,11,none,0
LYw2CDwr62w,UCuVaqIpPgUyGP6AytqSfs0g,heldout,3,3.0829,31,2668.43,2008,2717.524271409432,0.9819342007633998,likely,,15,15,none,0
LYw2CDwr62w,UCuVaqIpPgUyGP6AytqSfs0g,heldout,5,3.0829,31,2668.43,2008,2717.524271409432,0.9819342007633998,likely,,15,15,none,0
RpgJH0T822Q,UCEh_IoMVGA7NPsx6-2H8Bqw,time,14,13.3952,28,2838.38,2849,1195.332005291826,2.3745505740753123,confirmed,0.1218804953583285,15,15,none,0
4N5mpIOx4Ak,UC5_SBQbLA9Kg7Jh5GpXoP3g,time,1,1.8332,28,338.55,484,770.4139739675793,0.4394338888793831,early,,14,13,none,0
4N5mpIOx4Ak,UC5_SBQbLA9Kg7Jh5GpXoP3g,time,2,1.8332,28,338.55,484,770.4139739675793,0.4394338888793831,early,,14,13,none,0
4N5mpIOx4Ak,UC5_SBQbLA9Kg7Jh5GpXoP3g,time,3,2.8332,28,288.28,484,729.1317121116851,0.395371313396321,early,0.41189981851622753,15,14,none,0
4N5mpIOx4Ak,UC5_SBQbLA9Kg7Jh5GpXoP3g,time,5,4.8332,28,247.44,484,736.9999999999998,0.3357396773359411,likely,0.25119426616758683,15,12,none,0
4N5mpIOx4Ak,UC5_SBQbLA9Kg7Jh5GpXoP3g,time,7,6.8332,28,348.79,484,736.9999999999998,0.4732561383451817,likely,0.4113004194506441,15,12,none,0
4N5mpIOx4Ak,UC5_SBQbLA9Kg7Jh5GpXoP3g,time,14,12.8332,28,465.79,484,736.9999999999998,0.6320058789584314,confirmed,0.40313568914158615,15,12,none,0
Zg4rV7douMs,UCEf_Bc-KVd7onSeifS3py9g,time,0.5,0.3745,28,610853.70,420979,356810.0490206148,1.7119856843901127,early,,13,13,none,0
Zg4rV7douMs,UCEf_Bc-KVd7onSeifS3py9g,time,1,0.3745,28,610853.70,420979,356810.0490206148,1.7119856843901127,early,,13,13,none,0
Zg4rV7douMs,UCEf_Bc-KVd7onSeifS3py9g,time,2,2.3745,28,397858.08,420979,154314.98726066356,2.578220600988796,early,0.6124195568474032,15,13,none,0
Zg4rV7douMs,UCEf_Bc-KVd7onSeifS3py9g,time,3,3.3745,28,598167.97,420979,150952.86446045196,3.9626142390843255,likely,0.5275340737058761,15,13,none,0
Zg4rV7douMs,UCEf_Bc-KVd7onSeifS3py9g,time,5,5.3745,28,769183.05,420979,145388.63487419998,5.290530785694783,likely,0.4585603124689842,15,13,none,0
Zg4rV7douMs,UCEf_Bc-KVd7onSeifS3py9g,time,7,7.3745,28,410155.63,420979,141090.67472303315,2.9070357126523727,confirmed,0.43596029717670354,15,12,none,0
Zg4rV7douMs,UCEf_Bc-KVd7onSeifS3py9g,time,14,12.3745,28,409005.58,420979,134087.5703184268,3.0502870614216557,confirmed,0.38765764910273104,15,9,none,0
nhrMhcCE1kA,UCFF20WbbyKSiYQe0J6a7HTQ,time,5,4.9990,28,12206.48,15011,,,insufficient,,0,0,none,0
nhrMhcCE1kA,UCFF20WbbyKSiYQe0J6a7HTQ,time,7,6.9990,28,18057.39,15011,,,insufficient,0.7308927427808377,0,0,none,0
nhrMhcCE1kA,UCFF20WbbyKSiYQe0J6a7HTQ,time,14,12.9990,28,15578.36,15011,,,insufficient,0.4661070598212876,0,0,none,0
xuAULcvEHN4,UC4cTmHcWEXfkRdCvFLe4KiQ,time,14,13.9686,29,6227.40,6225,3771.1772007505374,1.6513158449347545,confirmed,0.15226815539016092,15,12,none,0
vLSs53YpXf4,UCOCsRROSlsrA31YJgCah32A,heldout,1,1.5827,32,10566.00,10707,21718.795726348988,0.48649116452848545,early,,15,10,none,0
vLSs53YpXf4,UCOCsRROSlsrA31YJgCah32A,heldout,2,1.5827,32,10566.00,10707,21718.795726348988,0.48649116452848545,early,,15,10,none,0
vLSs53YpXf4,UCOCsRROSlsrA31YJgCah32A,heldout,3,3.5827,32,9875.97,10707,22758.394785666664,0.4339486317785131,likely,0.379645355738314,15,9,none,0
vLSs53YpXf4,UCOCsRROSlsrA31YJgCah32A,heldout,5,4.5827,32,8628.09,10707,23129.318375392235,0.37303689810741925,likely,0.33119304017468615,15,9,none,0
vLSs53YpXf4,UCOCsRROSlsrA31YJgCah32A,heldout,7,6.5827,32,11281.75,10707,23518.657721723226,0.4796936648395408,likely,0.3658256840020063,15,8,none,0
vLSs53YpXf4,UCOCsRROSlsrA31YJgCah32A,heldout,14,13.5827,32,10450.87,10707,23625.785268295338,0.4423501031749408,confirmed,0.30724484578716826,15,6,none,0
hyAzuvVa7rs,UCqg4NBVlXBMRNvMGQ63cYfg,time,14,13.8959,29,4647.62,4677,5010.999999999999,0.9274838598326925,confirmed,0.04806848609351684,15,14,none,0
rK-bzOq9yS4,UCt_t6FwNsqr3WWoL6dFqG9w,time,1,0.9571,28,16416.93,21859,,,insufficient,,4,3,none,0
rK-bzOq9yS4,UCt_t6FwNsqr3WWoL6dFqG9w,time,2,1.9571,28,28279.45,21859,,,insufficient,1.2642040352463793,4,3,none,0
rK-bzOq9yS4,UCt_t6FwNsqr3WWoL6dFqG9w,time,3,2.9571,28,31237.84,21859,,,insufficient,1.07708126780176,4,3,none,0
rK-bzOq9yS4,UCt_t6FwNsqr3WWoL6dFqG9w,time,5,4.9571,28,37783.39,21859,,,insufficient,0.9743164842114239,4,3,none,0
rK-bzOq9yS4,UCt_t6FwNsqr3WWoL6dFqG9w,time,7,7.9571,28,33511.63,21859,,,insufficient,0.7236521994649432,4,3,none,0
rK-bzOq9yS4,UCt_t6FwNsqr3WWoL6dFqG9w,time,14,12.9571,28,26113.51,21859,,,insufficient,0.5750561432790973,4,3,none,0
rvZENjxs7yg,UCNRFvq0JOm5VqHIBDDQgkMA,heldout,1,0.9156,30,5331.48,5545,4090.999999999998,1.3032223257210411,early,,15,14,none,0
rvZENjxs7yg,UCNRFvq0JOm5VqHIBDDQgkMA,heldout,5,4.9156,30,5094.39,5545,4267.168493743337,1.1938562203110725,likely,0.44758843058136394,15,13,none,0
rvZENjxs7yg,UCNRFvq0JOm5VqHIBDDQgkMA,heldout,7,6.9156,30,5054.28,5545,4377.653879490307,1.1545638475391167,likely,0.4120229569378491,15,13,none,0
rvZENjxs7yg,UCNRFvq0JOm5VqHIBDDQgkMA,heldout,14,14.9156,30,5420.37,5545,4404.553558602176,1.230627789061306,confirmed,0.36201510351391014,15,12,none,0
IdENz7Spr74,UCMyOj6fhvKFMjxUCp3b_3gA,heldout,7,7.8330,30,18046659.39,21205314,14343664.454628788,1.2581624067236825,confirmed,,15,14,none,0
b3EugpoXF5I,UC8jRs1LfVO5vsrSk-YRu5ZA,time,5,6.9687,27,1994.70,1602,,,insufficient,,0,0,none,0
b3EugpoXF5I,UC8jRs1LfVO5vsrSk-YRu5ZA,time,7,6.9687,27,1994.70,1602,,,insufficient,,0,0,none,0
b3EugpoXF5I,UC8jRs1LfVO5vsrSk-YRu5ZA,time,14,12.9687,27,1644.96,1602,2769.3926324556032,0.5939772936774835,confirmed,0.00897524472848579,15,11,none,0
Q4aaynNs59Q,UCbRP3c757lWg9M-U7TyEkXA,heldout,14,13.0616,30,110874.40,110171,72590.87989151676,1.5273874246336872,confirmed,0.0397246955422401,15,11,none,0
csBoh1NBNUM,UC_7aK9PpYTqt08ERh1MewlQ,heldout,1,0.9575,28,30022.90,44554,22925.43861603349,1.3095887290243193,early,,15,10,none,0
csBoh1NBNUM,UC_7aK9PpYTqt08ERh1MewlQ,heldout,2,2.9575,28,49325.60,44554,23201.544626376613,2.125961744392815,early,0.9329732309718599,15,9,none,0
csBoh1NBNUM,UC_7aK9PpYTqt08ERh1MewlQ,heldout,3,2.9575,28,49325.60,44554,23201.544626376613,2.125961744392815,early,0.9329732309718599,15,9,none,0
csBoh1NBNUM,UC_7aK9PpYTqt08ERh1MewlQ,heldout,5,4.9575,28,58559.48,44554,23650.89830675342,2.4759937826387293,likely,0.8612215310155299,15,9,none,0
csBoh1NBNUM,UC_7aK9PpYTqt08ERh1MewlQ,heldout,7,6.9575,28,60195.04,44554,24298.760722483552,2.477288337517741,likely,0.7727933956798969,15,9,none,0
csBoh1NBNUM,UC_7aK9PpYTqt08ERh1MewlQ,heldout,14,13.9575,28,50464.06,44554,25169.920625354425,2.0049353362528546,confirmed,0.5944141836287586,15,8,none,0
71RtGmmLIHI,UCGpsgNbzdF7BECCVbB1COHw,time,7,8.1501,27,3708.59,2949,5462.855006769324,0.6788733168015756,confirmed,,9,9,none,0
71RtGmmLIHI,UCGpsgNbzdF7BECCVbB1COHw,time,14,15.1501,27,3044.00,2949,6628.450807966656,0.4592318673221954,confirmed,0.0005975421414577302,15,15,none,0
qMXTd8DiwMU,UCPCPE5MoI7DS1WiVB_-mzNw,time,5,5.9031,27,3946.00,2952,5590.459577433719,0.7058445092518544,likely,,15,15,none,0
qMXTd8DiwMU,UCPCPE5MoI7DS1WiVB_-mzNw,time,7,6.9031,27,3207.86,2952,5546.365984668424,0.5783716399807608,likely,0.040642602826731045,15,15,none,0
qMXTd8DiwMU,UCPCPE5MoI7DS1WiVB_-mzNw,time,14,12.9031,27,3032.63,2952,5348.932893056093,0.5669598026864112,confirmed,0.016150067223440347,15,15,none,0
bB_0_F7fLJw,UChFahjDeMBV67DSXiF5pwBA,time,14,13.7912,29,49071.97,50330,44987.03065137884,1.0908024969770533,confirmed,0.5907593535762363,15,14,none,0
0MaBOq9QlSY,UC9Nrmsn0jlFsbuzmeUVdIUw,time,2,2.0416,27,82.30,86,,,insufficient,,2,2,none,0
0MaBOq9QlSY,UC9Nrmsn0jlFsbuzmeUVdIUw,time,3,3.0416,27,67.50,86,118.58603919634409,0.5692000838270699,likely,0.3061008873526544,15,15,none,0
0MaBOq9QlSY,UC9Nrmsn0jlFsbuzmeUVdIUw,time,5,5.0416,27,85.85,86,117.77643984616529,0.7289459001977631,likely,0.49971139130096615,15,13,none,0
0MaBOq9QlSY,UC9Nrmsn0jlFsbuzmeUVdIUw,time,7,7.0416,27,99.09,86,119.24127835819245,0.8309625088738842,confirmed,0.5065354038762033,15,13,none,0
0MaBOq9QlSY,UC9Nrmsn0jlFsbuzmeUVdIUw,time,14,13.0416,27,94.70,86,124.64413668123822,0.7597446558678086,confirmed,0.3989559453387587,15,10,none,0
JYCkOIAVYCs,UCKU0u3VbuYn0wD3CUr-Yn6A,time,14,13.9579,30,14016.43,18180,6788.217491406418,2.064817634559378,confirmed,0.33266442556561343,15,13,none,0
XKzB9HDuIA4,UC1R0kzpJLBJ8r5e1IVovIUg,time,1,1.0410,28,933.79,814,1738.032366278019,0.5372682465915964,early,,15,8,none,0
XKzB9HDuIA4,UC1R0kzpJLBJ8r5e1IVovIUg,time,2,2.0410,28,713.80,814,1732.6575632812,0.4119688942207431,early,0.36531299042663384,15,8,none,0
XKzB9HDuIA4,UC1R0kzpJLBJ8r5e1IVovIUg,time,3,3.0410,28,672.18,814,1726.8448938957115,0.38925289174017186,likely,0.301631665668722,15,8,none,0
XKzB9HDuIA4,UC1R0kzpJLBJ8r5e1IVovIUg,time,5,5.0410,28,676.08,814,1714.2116329585197,0.39439551929587763,likely,0.3374156986151324,15,8,none,0
XKzB9HDuIA4,UC1R0kzpJLBJ8r5e1IVovIUg,time,7,7.0410,28,789.36,814,1723.869495589475,0.457900145468185,confirmed,0.3619853069172764,15,7,none,0
XKzB9HDuIA4,UC1R0kzpJLBJ8r5e1IVovIUg,time,14,12.0410,28,808.33,814,1767.0000000000002,0.4574614636929796,confirmed,0.3327068639784744,15,5,none,0
u0xhXOyF-p0,UCPAt6z5uX_c5Eo_cSNROzYw,time,14,13.7005,29,3599.89,3497,10450.189752846223,0.3444810072383061,confirmed,0.003617113603078052,15,15,none,0
OE5ZOvrWxxs,UCJS9pqu9BzkAMNTmzNMNhvg,time,14,13.5085,27,708.26,739,2486.999999999999,0.2847867717815277,confirmed,,15,11,none,0
oeIcQIBkxig,UCPDis9pjXuqyI7RYLJ-TTSA,heldout,14,12.9571,29,1226031.46,1737993,1269107.2015651595,0.9660582353852036,confirmed,0.42886237516394254,15,12,none,0
oeIcQIBkxig,UCPDis9pjXuqyI7RYLJ-TTSA,time,14,12.9571,29,1226031.46,1737993,1269107.2015651595,0.9660582353852036,confirmed,0.42886237516394254,15,12,none,0
7IdJ0_taonw,UC9vUu4vlIlMC0dHQCTvQPbg,heldout,5,6.8245,29,60338.51,58053,,,insufficient,,0,0,none,0
7IdJ0_taonw,UC9vUu4vlIlMC0dHQCTvQPbg,time,5,6.8245,29,60338.51,58053,,,insufficient,,0,0,none,0
7IdJ0_taonw,UC9vUu4vlIlMC0dHQCTvQPbg,heldout,7,6.8245,29,60338.51,58053,,,insufficient,,0,0,none,0
7IdJ0_taonw,UC9vUu4vlIlMC0dHQCTvQPbg,time,7,6.8245,29,60338.51,58053,,,insufficient,,0,0,none,0
7IdJ0_taonw,UC9vUu4vlIlMC0dHQCTvQPbg,heldout,14,13.8245,29,57123.86,58053,,,insufficient,0.14455661842970122,0,0,none,0
7IdJ0_taonw,UC9vUu4vlIlMC0dHQCTvQPbg,time,14,13.8245,29,57123.86,58053,,,insufficient,0.14455661842970122,0,0,none,0
Fxp9-97auQ0,UCAGgFGwq4HZKLZ4gXo9xLiw,time,5,6.0307,29,1652.18,1380,4797.807298222021,0.3443611487943468,likely,,4,4,none,0
Fxp9-97auQ0,UCAGgFGwq4HZKLZ4gXo9xLiw,time,7,7.0307,29,1476.41,1380,4727.979078148414,0.3122703084618677,confirmed,0.17560783118244175,4,4,none,0
Fxp9-97auQ0,UCAGgFGwq4HZKLZ4gXo9xLiw,time,14,14.0307,29,1421.77,1380,4332.978828094248,0.32812791526992996,confirmed,0.06268439000427038,4,4,none,0
TVVa_4DmoXk,UCGIMKh92vaL0_Yc0u4GYhHA,time,2,2.6245,27,3595.96,3226,13648.66343247045,0.263466030490628,early,,12,11,none,0
TVVa_4DmoXk,UCGIMKh92vaL0_Yc0u4GYhHA,time,3,2.6245,27,3595.96,3226,13648.66343247045,0.263466030490628,early,,12,11,none,0
TVVa_4DmoXk,UCGIMKh92vaL0_Yc0u4GYhHA,time,5,4.6245,27,3449.24,3226,9788.556053470535,0.35237523263185655,likely,0.3781686286198482,15,12,none,0
TVVa_4DmoXk,UCGIMKh92vaL0_Yc0u4GYhHA,time,7,6.6245,27,3369.27,3226,9742.440438386131,0.34583379401838177,likely,0.27372271909957413,15,11,none,0
TVVa_4DmoXk,UCGIMKh92vaL0_Yc0u4GYhHA,time,14,12.6245,27,3214.25,3226,9670.999999999996,0.3323595839937029,confirmed,0.20033810177454814,15,8,none,0
rY7035hs9g0,UCat0LyGytYMwfZEPbO_rOrA,time,14,13.0462,28,727.42,714,2413.4789077706823,0.3013980677750325,confirmed,0.027802088364086364,15,15,none,0
TAXPyRnWwI0,UCyaN6mg5u8Cjy2ZI4ikWaug,time,1,1.6045,28,58132.65,80115,57734.36551379411,1.0068985972197784,early,,15,11,none,0
TAXPyRnWwI0,UCyaN6mg5u8Cjy2ZI4ikWaug,time,2,1.6045,28,58132.65,80115,57734.36551379411,1.0068985972197784,early,,15,11,none,0
TAXPyRnWwI0,UCyaN6mg5u8Cjy2ZI4ikWaug,time,3,2.6045,28,61372.25,80115,57592.07699530521,1.0656369542879907,early,0.5906499968858365,15,10,none,0
TAXPyRnWwI0,UCyaN6mg5u8Cjy2ZI4ikWaug,time,5,4.6045,28,64030.85,80115,57398.10535432076,1.115556807927451,likely,0.5184473924670454,15,9,none,0
TAXPyRnWwI0,UCyaN6mg5u8Cjy2ZI4ikWaug,time,7,6.6045,28,80129.51,80115,59344.92622200238,1.3502336234341763,likely,0.5858762597044879,15,9,none,0
TAXPyRnWwI0,UCyaN6mg5u8Cjy2ZI4ikWaug,time,14,13.6045,28,92420.38,80115,59273.087974651746,1.5592301132049082,confirmed,0.4766380987304037,15,8,none,0
eb6ToL9StIQ,UC5_SBQbLA9Kg7Jh5GpXoP3g,time,1,0.8325,28,225.67,368,728.7568933289488,0.30966953609655934,early,,6,5,none,0
eb6ToL9StIQ,UC5_SBQbLA9Kg7Jh5GpXoP3g,time,2,2.8325,28,455.76,368,332.6966292298663,1.3699007155782668,early,1.2450305728510958,15,14,none,0
eb6ToL9StIQ,UC5_SBQbLA9Kg7Jh5GpXoP3g,time,3,2.8325,28,455.76,368,332.6966292298663,1.3699007155782668,early,1.2450305728510958,15,14,none,0
eb6ToL9StIQ,UC5_SBQbLA9Kg7Jh5GpXoP3g,time,5,4.8325,28,440.78,368,298.0909824665973,1.4786596041700315,likely,0.8820179102986322,15,12,none,0
eb6ToL9StIQ,UC5_SBQbLA9Kg7Jh5GpXoP3g,time,7,6.8325,28,431.96,368,301.3659983367481,1.433326526405766,likely,0.7827803567857428,15,12,none,0
eb6ToL9StIQ,UC5_SBQbLA9Kg7Jh5GpXoP3g,time,14,12.8325,28,436.86,368,273.69185358487306,1.5961919393438604,confirmed,0.6189314358884468,15,12,none,0
yHGjW2oAP2E,UCYzz2SkhAaM0FDKuGk-IPZg,time,3,3.0830,28,40015.35,30117,10905.803419956857,3.6691796259472134,likely,,15,15,none,0
yHGjW2oAP2E,UCYzz2SkhAaM0FDKuGk-IPZg,time,5,5.0830,28,30276.64,30117,10905.803419956857,2.776195187097549,likely,0.12730962839108942,15,14,none,0
yHGjW2oAP2E,UCYzz2SkhAaM0FDKuGk-IPZg,time,7,7.0830,28,30418.61,30117,10808.88868044182,2.8142219151196715,confirmed,0.13470990812843445,15,14,none,0
yHGjW2oAP2E,UCYzz2SkhAaM0FDKuGk-IPZg,time,14,13.0830,28,29553.42,30117,10653.17421967148,2.774141985291708,confirmed,0.10105946673448708,15,13,none,0
vjy0Vig52aw,UCbpMy0Fg74eXXkvxJrtEn3w,time,5,5.8332,28,935342.28,1092272,,,insufficient,,0,0,none,0
vjy0Vig52aw,UCbpMy0Fg74eXXkvxJrtEn3w,time,7,6.8332,28,777378.56,1092272,353457.85871106316,2.1993528833122604,likely,0.20215735569599294,6,6,none,0
vjy0Vig52aw,UCbpMy0Fg74eXXkvxJrtEn3w,time,14,13.8332,28,1046792.07,1092272,500054.8056723515,2.0933546806651124,confirmed,0.3401406505548216,15,14,none,0
q6tYDSHlLME,UC6BW8DqrAmBEIeCtMa4bfBw,time,14,13.3193,28,19314.90,17990,3834.65202387192,5.036936659015748,confirmed,,15,15,none,0
qwOO7WVPYWE,UClPWZq1CXsdOE9GlD6qIcZA,time,1,0.9988,29,1675.74,5098,5459.298414793908,0.3069515173243783,early,,15,12,none,0
qwOO7WVPYWE,UClPWZq1CXsdOE9GlD6qIcZA,time,2,1.9988,29,2132.42,5098,5515.660323596473,0.38661194439815044,early,0.8015836411266428,15,12,none,0
qwOO7WVPYWE,UClPWZq1CXsdOE9GlD6qIcZA,time,3,2.9988,29,2048.41,5098,5559.180036184855,0.368472670899947,early,0.7879283326186983,15,12,none,0
qwOO7WVPYWE,UClPWZq1CXsdOE9GlD6qIcZA,time,5,4.9988,29,2904.26,5098,5695.822535565765,0.509892927034529,likely,0.760682715463327,15,12,none,0
qwOO7WVPYWE,UClPWZq1CXsdOE9GlD6qIcZA,time,7,6.9988,29,3489.88,5098,5812.340253233318,0.6004255343739694,likely,0.8334606658029388,15,12,none,0
qwOO7WVPYWE,UClPWZq1CXsdOE9GlD6qIcZA,time,14,12.9988,29,4270.40,5098,5976.999999999995,0.7144721403962686,confirmed,0.7774591342712802,15,11,none,0
zcMnpQee1rs,UCGpsgNbzdF7BECCVbB1COHw,heldout,14,14.2076,29,12454.96,12203,6791.65424410358,1.833863181091394,confirmed,0.04400709089344457,15,15,none,0
zcMnpQee1rs,UCGpsgNbzdF7BECCVbB1COHw,time,14,14.2076,29,12454.96,12203,6791.65424410358,1.833863181091394,confirmed,0.04400709089344457,15,15,none,0
ndrlQAvs6ns,UCEh_IoMVGA7NPsx6-2H8Bqw,time,14,13.2451,28,1224.42,1260,1195.332005291826,1.0243328832469039,confirmed,0.11643284043466028,15,15,none,0
JIAnC9Cf7yg,UCHYoe8kQ-7Gn9ASOlmI0k6Q,time,7,7.6215,29,505734.09,546433,415553.72284391196,1.2170125238219,confirmed,,15,14,none,0
JIAnC9Cf7yg,UCHYoe8kQ-7Gn9ASOlmI0k6Q,time,14,13.6215,29,489960.55,546433,411303.79002406733,1.1912376165059297,confirmed,0.21853406530474834,15,13,none,0
_iKa95XBl8I,UC41S9MSkeQ1TWo1URYLeRuw,heldout,3,3.6600,30,2918.94,2298,4938.736783533306,0.591030115316006,likely,,15,13,none,0
_iKa95XBl8I,UC41S9MSkeQ1TWo1URYLeRuw,heldout,5,3.6600,30,2918.94,2298,4938.736783533306,0.591030115316006,likely,,15,13,none,0
_iKa95XBl8I,UC41S9MSkeQ1TWo1URYLeRuw,heldout,14,13.6600,30,2344.65,2298,4612.204379693744,0.5083582391408215,confirmed,0.13821501541236483,15,13,none,0
K5yfMcVaXIE,UCkr6cLAnZiz5NH0NzjNK8rg,time,0.5,0.6676,27,97525.60,78829,113080.59808099834,0.8624432661068936,early,,14,14,none,0
K5yfMcVaXIE,UCkr6cLAnZiz5NH0NzjNK8rg,time,1,0.6676,27,97525.60,78829,113080.59808099834,0.8624432661068936,early,,14,14,none,0
K5yfMcVaXIE,UCkr6cLAnZiz5NH0NzjNK8rg,time,2,1.6676,27,105556.52,78829,86018.55100843073,1.2271367442183492,early,0.7391369498329331,15,15,none,0
K5yfMcVaXIE,UCkr6cLAnZiz5NH0NzjNK8rg,time,3,2.6676,27,107986.54,78829,85264.09796533606,1.2664948352823633,early,0.6510576405190718,15,14,none,0
K5yfMcVaXIE,UCkr6cLAnZiz5NH0NzjNK8rg,time,5,4.6676,27,91762.64,78829,84585.78746941203,1.084847012288908,likely,0.4822968395743337,15,12,none,0
K5yfMcVaXIE,UCkr6cLAnZiz5NH0NzjNK8rg,time,7,6.6676,27,86842.31,78829,83130.74195493838,1.0446473836473034,likely,0.408176148446961,15,12,none,0
K5yfMcVaXIE,UCkr6cLAnZiz5NH0NzjNK8rg,time,14,12.6676,27,77804.05,78829,81323.85063788426,0.9567187265527994,confirmed,0.3197058013055096,15,8,none,0
b3_g_DPu6v4,UCJ1RVDuSiJncq6VQYiqpzLA,time,14,13.9991,28,1732.77,1804,1138.6146773522426,1.521822848919518,confirmed,0.22476164853700162,15,15,none,0
pwDJiJn0sSY,UC0yHbz4OxdQFwmVX2BBQqLg,time,14,12.6040,27,176921.67,172553,28683.376001466768,6.168090790659377,confirmed,0.01530758936787704,15,12,none,0
qTLTy6v2Vrw,UCq6YaxJHA-t4bYBHHvaoZ8w,time,0.5,0.5826,29,9897.39,5941,10450.000000000004,0.947119114849861,early,,15,12,none,0
qTLTy6v2Vrw,UCq6YaxJHA-t4bYBHHvaoZ8w,time,1,0.5826,29,9897.39,5941,10450.000000000004,0.947119114849861,early,,15,12,none,0
qTLTy6v2Vrw,UCq6YaxJHA-t4bYBHHvaoZ8w,time,2,1.5826,29,7015.51,5941,10450.000000000004,0.6713403740285602,early,0.7083290929807017,15,12,none,0
qTLTy6v2Vrw,UCq6YaxJHA-t4bYBHHvaoZ8w,time,3,2.5826,29,7659.41,5941,10450.000000000004,0.7329576586602401,early,0.5439863403467281,15,11,none,0
qTLTy6v2Vrw,UCq6YaxJHA-t4bYBHHvaoZ8w,time,5,4.5826,29,7584.68,5941,10450.000000000004,0.72580699597268,likely,0.41314560150670343,15,11,none,0
qTLTy6v2Vrw,UCq6YaxJHA-t4bYBHHvaoZ8w,time,7,6.5826,29,6232.79,5941,10450.000000000004,0.5964389729788175,likely,0.34805341820131325,15,9,none,0
qTLTy6v2Vrw,UCq6YaxJHA-t4bYBHHvaoZ8w,time,14,13.5826,29,6034.95,5941,10450.000000000004,0.5775072180853574,confirmed,0.26621972939329364,15,7,none,0
Mrl21JGKxg4,UCDr-9ViL8OpJsOXXrY1bbOw,time,14,12.8328,27,11996.21,11372,4549.535472043999,2.6367995810370344,confirmed,0.4826835460725906,15,14,none,0
TN0nLnLc9Go,UCLFgO1aEI66fh06p6u6-juw,heldout,1,1.7123,29,2927.21,2327,12151.123437699789,0.24090012883809883,early,,15,15,none,0
TN0nLnLc9Go,UCLFgO1aEI66fh06p6u6-juw,heldout,2,1.7123,29,2927.21,2327,12151.123437699789,0.24090012883809883,early,,15,15,none,0
TN0nLnLc9Go,UCLFgO1aEI66fh06p6u6-juw,heldout,3,2.7123,29,2049.72,2327,12185.98668534108,0.16820302061706494,early,0.16464976114117175,15,15,none,0
TN0nLnLc9Go,UCLFgO1aEI66fh06p6u6-juw,heldout,5,5.7123,29,2146.00,2327,12522.307788103317,0.17137428964543786,likely,0.20355227275948698,15,15,none,0
TN0nLnLc9Go,UCLFgO1aEI66fh06p6u6-juw,heldout,7,6.7123,29,2104.13,2327,12522.307788103317,0.16803037047117553,likely,0.19263566330724707,15,15,none,0
TN0nLnLc9Go,UCLFgO1aEI66fh06p6u6-juw,heldout,14,13.7123,29,2401.18,2327,13380.00000000001,0.17946021244170862,confirmed,0.1800661607507116,15,13,none,0
pU48KY8nIes,UCPAt6z5uX_c5Eo_cSNROzYw,time,7,8.7357,28,21581.58,17198,2990.300600982394,7.217194409415561,confirmed,,15,15,none,0
pU48KY8nIes,UCPAt6z5uX_c5Eo_cSNROzYw,time,14,13.7357,28,17731.84,17198,2807.2350979181356,6.316479901520941,confirmed,0.003235779814552223,15,15,none,0
VXU4LSAQDSc,UC4SVo0Ue36XCfOyb5Lh1viQ,time,7,7.7572,29,26295.07,51119,6348.309899602211,4.142059068071402,confirmed,,15,13,none,0
VXU4LSAQDSc,UC4SVo0Ue36XCfOyb5Lh1viQ,time,14,13.7572,29,35952.68,51119,6239.465994946465,5.76213999273274,confirmed,0.5887292806573078,15,10,none,0
Koz8u_gbQcA,UChbcn2mOzPHEEHxPmU66Sdg,time,1,0.9188,29,2040.72,38266,1955.2167254260264,1.043729854085879,early,,15,6,none,0
Koz8u_gbQcA,UChbcn2mOzPHEEHxPmU66Sdg,time,2,1.9188,29,3719.69,38266,1932.0356525250538,1.9252674701703227,early,1.0773120682404025,15,6,none,0
Koz8u_gbQcA,UChbcn2mOzPHEEHxPmU66Sdg,time,3,2.9188,29,4215.53,38266,1920.7288556685908,2.1947554918351653,early,0.9856677467684795,15,6,none,0
Koz8u_gbQcA,UChbcn2mOzPHEEHxPmU66Sdg,time,5,4.9188,29,5882.89,38266,1884.0916826838275,3.122401906059065,likely,0.9423163881888403,15,6,none,0
Koz8u_gbQcA,UChbcn2mOzPHEEHxPmU66Sdg,time,7,6.9188,29,8536.90,38266,1866.4407965636594,4.573893490024349,likely,1.1251766354374386,15,6,none,0
Koz8u_gbQcA,UChbcn2mOzPHEEHxPmU66Sdg,time,14,14.9188,29,31785.65,38266,1787.4392208960612,17.782789171950217,confirmed,1.5042234330571567,15,4,none,0
WYcTU11_1UA,UCGznz4NfW5iymkvn1l40qyA,time,1,0.8747,28,48768.30,59786,39353.80503225028,1.2392271129404977,early,,15,10,none,0
WYcTU11_1UA,UCGznz4NfW5iymkvn1l40qyA,time,2,2.8747,28,56929.49,59786,44435.18374115578,1.2811805762994761,early,0.6407695252541551,15,9,none,0
WYcTU11_1UA,UCGznz4NfW5iymkvn1l40qyA,time,3,2.8747,28,56929.49,59786,44435.18374115578,1.2811805762994761,early,0.6407695252541551,15,9,none,0
WYcTU11_1UA,UCGznz4NfW5iymkvn1l40qyA,time,5,4.8747,28,67853.61,59786,47959.15327304904,1.4148208346342463,likely,0.5332585786713783,15,9,none,0
WYcTU11_1UA,UCGznz4NfW5iymkvn1l40qyA,time,7,6.8747,28,60272.60,59786,51596.825782654196,1.168145486409556,likely,0.5352288689099132,15,9,none,0
WYcTU11_1UA,UCGznz4NfW5iymkvn1l40qyA,time,14,13.8747,28,64439.59,59786,58208.06366456585,1.107056115434179,confirmed,0.45931227350443515,15,8,none,0
Plmb7c0pNdo,UCrzFIb07hYMhMguR1G0ZtOw,time,1,0.9994,29,12070.67,16968,7518.401338157785,1.6054840695216905,early,,15,11,none,0
Plmb7c0pNdo,UCrzFIb07hYMhMguR1G0ZtOw,time,2,1.9994,29,11749.13,16968,7518.193882251879,1.5627597980937404,early,0.5369160488546397,15,10,none,0
Plmb7c0pNdo,UCrzFIb07hYMhMguR1G0ZtOw,time,3,2.9994,29,11640.80,16968,7503.988784507614,1.5512811937301376,early,0.46686964855378,15,10,none,0
Plmb7c0pNdo,UCrzFIb07hYMhMguR1G0ZtOw,time,5,4.9994,29,10689.29,16968,7481.999999999997,1.428666841732368,likely,0.36040459930271856,15,9,none,0
Plmb7c0pNdo,UCrzFIb07hYMhMguR1G0ZtOw,time,7,6.9994,29,11965.05,16968,7481.999999999997,1.5991784310046941,likely,0.3629369190237464,15,9,none,0
Plmb7c0pNdo,UCrzFIb07hYMhMguR1G0ZtOw,time,14,13.9994,29,18946.45,16968,7481.999999999997,2.5322713869657405,confirmed,0.4615301836160251,15,5,none,0
eGpNMBKzPPY,UCsvqVGtbbyHaMoevxPAq9Fg,time,7,7.2849,27,2819.53,2289,2944.808492880149,0.9574589216602352,confirmed,,15,15,none,0
eGpNMBKzPPY,UCsvqVGtbbyHaMoevxPAq9Fg,time,14,12.2849,27,2337.24,2289,3039.7229603790765,0.7689000852076899,confirmed,0.021643819210017963,15,15,none,0
dxZ-_3KHV68,UCPDis9pjXuqyI7RYLJ-TTSA,time,7,8.9573,27,1467667.12,1448837,1137975.040788717,1.2897182031666237,confirmed,,8,8,none,0
dxZ-_3KHV68,UCPDis9pjXuqyI7RYLJ-TTSA,time,14,14.9573,27,1388755.81,1448837,1345419.9686094942,1.032209897066849,confirmed,0.19477415408753915,15,11,none,0
ijtin-5wYY8,UCUZng4iHwYU90FLdaEkiiMA,time,3,3.8325,29,17080.81,12370,12178.376468423021,1.4025519847043943,likely,,15,14,none,0
ijtin-5wYY8,UCUZng4iHwYU90FLdaEkiiMA,time,5,4.8325,29,12497.44,12370,12118.559528793252,1.0312642824391578,likely,0.09149870265190603,15,13,none,0
ijtin-5wYY8,UCUZng4iHwYU90FLdaEkiiMA,time,7,6.8325,29,12390.61,12370,12008.097085133517,1.0318545532968022,likely,0.09357692842536451,15,13,none,0
ijtin-5wYY8,UCUZng4iHwYU90FLdaEkiiMA,time,14,13.8325,29,12328.91,12370,11808.000000000004,1.0441147057000713,confirmed,0.09111426922118483,15,10,none,0
WsoxkC31RRY,UCnp2wP2eA-YghOQr0j0wHrQ,heldout,1,1.0963,30,192.04,317,498.1967597017842,0.3854681688492385,early,,15,15,none,0
WsoxkC31RRY,UCnp2wP2eA-YghOQr0j0wHrQ,heldout,2,1.0963,30,192.04,317,498.1967597017842,0.3854681688492385,early,,15,15,none,0
WsoxkC31RRY,UCnp2wP2eA-YghOQr0j0wHrQ,heldout,14,13.0963,30,293.79,317,530.8977085242899,0.5533853680769383,confirmed,0.5586876383152217,15,15,none,0
xIskeMTcuYg,UCBWgT48azZkWSpw-iKMlBRw,time,5,5.6824,28,1385.59,1362,,,insufficient,,1,1,none,0
xIskeMTcuYg,UCBWgT48azZkWSpw-iKMlBRw,time,7,6.6824,28,1846.82,1362,,,insufficient,0.7604460837091803,1,1,none,0
xIskeMTcuYg,UCBWgT48azZkWSpw-iKMlBRw,time,14,13.6824,28,1468.60,1362,,,insufficient,0.3210631794297695,1,1,none,0
YVdQjqUXuDc,UCOT2iLov0V7Re7ku_3UBtcQ,time,2,2.5194,28,1491232.22,1156747,428029.5742298804,3.4839466946692195,early,,15,9,none,0
YVdQjqUXuDc,UCOT2iLov0V7Re7ku_3UBtcQ,time,3,2.5194,28,1491232.22,1156747,428029.5742298804,3.4839466946692195,early,,15,9,none,0
YVdQjqUXuDc,UCOT2iLov0V7Re7ku_3UBtcQ,time,5,4.5194,28,1116953.92,1156747,425791.13100513443,2.623243752061984,likely,0.0903229577890468,15,9,none,0
YVdQjqUXuDc,UCOT2iLov0V7Re7ku_3UBtcQ,time,7,6.5194,28,1044243.49,1156747,424627.0000000001,2.4592018288362896,likely,0.1162224306001673,15,8,none,0
YVdQjqUXuDc,UCOT2iLov0V7Re7ku_3UBtcQ,time,14,13.5194,28,1152409.15,1156747,424627.0000000001,2.7139328218942387,confirmed,0.11427293932502117,15,6,none,0
KxiPnflbwJI,UCU_W0oE_ock8bWKjALiGs8Q,heldout,14,14.7032,31,85052.73,99235,203837.52560978354,0.4172574488753035,confirmed,,15,14,none,0
tRE5_bQoGYw,UCcjhYlL1WRBjKaJsMH_h7Lg,time,1,0.8333,27,132348.40,164611,182263.0000000001,0.7261396804453245,early,,15,10,none,0
tRE5_bQoGYw,UCcjhYlL1WRBjKaJsMH_h7Lg,time,2,1.8333,27,218366.40,164611,182263.0000000001,1.1980840779048731,early,0.8943705774905404,15,10,none,0
tRE5_bQoGYw,UCcjhYlL1WRBjKaJsMH_h7Lg,time,3,2.8333,27,287488.12,164611,182263.0000000001,1.57732575068369,early,0.7254569009803143,15,10,none,0
tRE5_bQoGYw,UCcjhYlL1WRBjKaJsMH_h7Lg,time,5,4.8333,27,159362.47,164611,200923.9351532546,0.7931482403942325,likely,0.6281409115296331,15,10,none,0
tRE5_bQoGYw,UCcjhYlL1WRBjKaJsMH_h7Lg,time,7,6.8333,27,160876.93,164611,216878.9898286243,0.7417820182829773,likely,0.5868897171801569,15,10,none,0
tRE5_bQoGYw,UCcjhYlL1WRBjKaJsMH_h7Lg,time,14,12.8333,27,184151.19,164611,279735.5184033937,0.6583046281600491,confirmed,0.5037782241574691,15,9,none,0
KLjXWukMylk,UC1lfnF3avRvtFm_wajLLhyg,time,1,0.7618,28,20828.07,17072,22379.988655266352,0.9306561490594641,early,,15,9,none,0
KLjXWukMylk,UC1lfnF3avRvtFm_wajLLhyg,time,2,1.7618,28,19714.68,17072,22190.518266310828,0.888428051228212,early,0.6498449798182215,15,9,none,0
KLjXWukMylk,UC1lfnF3avRvtFm_wajLLhyg,time,3,2.7618,28,18003.85,17072,22004.338435098176,0.8181956715344011,early,0.5522592448849961,15,8,none,0
KLjXWukMylk,UC1lfnF3avRvtFm_wajLLhyg,time,5,4.7618,28,17168.40,17072,21661.499014143792,0.7925767079006771,likely,0.42215621036393797,15,8,none,0
KLjXWukMylk,UC1lfnF3avRvtFm_wajLLhyg,time,7,6.7618,28,17781.26,17072,21525.184638257393,0.826067550837142,likely,0.38432018461623607,15,7,none,0
KLjXWukMylk,UC1lfnF3avRvtFm_wajLLhyg,time,14,13.7618,28,17538.03,17072,20914.659493065334,0.8385522464342658,confirmed,0.3069304759128464,15,6,none,0
VsOfwiULBlI,UCdjEFkZWl9eBgV8azx1A_hg,time,5,5.8245,28,409.28,367,,,insufficient,,2,2,none,0
VsOfwiULBlI,UCdjEFkZWl9eBgV8azx1A_hg,time,7,7.8245,28,348.49,367,,,insufficient,0.20151365551350972,2,2,none,0
VsOfwiULBlI,UCdjEFkZWl9eBgV8azx1A_hg,time,14,13.8245,28,363.06,367,,,insufficient,0.13410151159902534,2,2,none,0
Xu4lfpvm2PA,UCbAlVnKhbGLK78GsSemQXxw,time,5,5.0132,27,1462.98,1378,11954.709132667693,0.12237651046441266,likely,0.05166586905711488,5,5,none,0
Xu4lfpvm2PA,UCbAlVnKhbGLK78GsSemQXxw,time,7,7.0132,27,1431.33,1378,11914.129385240085,0.12013758505905979,confirmed,0.05137912570080928,5,5,none,0
Xu4lfpvm2PA,UCbAlVnKhbGLK78GsSemQXxw,time,14,15.0132,27,1385.61,1378,12242.559354304607,0.11317952631529414,confirmed,0.04616371770795855,5,5,none,0
Fsj9i8V8ay4,UC3_BakzLfadvFrsnClMFWmQ,heldout,2,2.1321,30,1219.51,679,880.9928103086302,1.3842494340072788,early,,15,15,none,0
Fsj9i8V8ay4,UC3_BakzLfadvFrsnClMFWmQ,heldout,3,3.1321,30,817.15,679,833.0595158282607,0.980904264283546,likely,0.027570881982250148,15,15,none,0
Fsj9i8V8ay4,UC3_BakzLfadvFrsnClMFWmQ,heldout,5,4.1321,30,756.00,679,803.734313421202,0.9406140061477419,likely,0.033879969366759154,15,15,none,0
Fsj9i8V8ay4,UC3_BakzLfadvFrsnClMFWmQ,heldout,7,7.1321,30,733.26,679,780.9830417321789,0.9388894431012806,confirmed,0.023839202010271583,15,15,none,0
Fsj9i8V8ay4,UC3_BakzLfadvFrsnClMFWmQ,heldout,14,14.1321,30,643.77,679,738,0.8723138466777093,confirmed,0.0210685610722473,15,11,none,0
_ru4xguMmGA,UCnpWedLQdHpZqhgTLdB9Yyg,time,1,0.8954,29,96634.02,80821,69055.23639034413,1.399372823442423,early,,14,14,none,0
_ru4xguMmGA,UCnpWedLQdHpZqhgTLdB9Yyg,time,2,1.8954,29,85765.77,80821,73622.27446326616,1.1649432358272858,early,0.49237109456009764,15,15,none,0
_ru4xguMmGA,UCnpWedLQdHpZqhgTLdB9Yyg,time,3,2.8954,29,75126.59,80821,72462.03782391039,1.0367717143677153,early,0.39286289714164624,15,15,none,0
_ru4xguMmGA,UCnpWedLQdHpZqhgTLdB9Yyg,time,5,4.8954,29,79485.90,80821,72610.39528535867,1.0946903581723089,likely,0.3765091333843949,15,15,none,0
_ru4xguMmGA,UCnpWedLQdHpZqhgTLdB9Yyg,time,7,6.8954,29,83931.50,80821,73197.28918130984,1.146647694445092,likely,0.3483541394194415,15,15,none,0
_ru4xguMmGA,UCnpWedLQdHpZqhgTLdB9Yyg,time,14,13.8954,29,84441.79,80821,70852.99999999999,1.191788530708021,confirmed,0.29293484793025826,15,12,none,0
uGe5GXwbcHo,UCrrG7mvA6j0Z6oGwRgLayVw,time,14,13.8519,28,10150.69,10225,13536.869988328599,0.7498547054809634,confirmed,,15,14,none,0
afEXNqx5COs,UCLhu5JoRWPgEGDoUFfQHTPQ,time,5,4.7708,28,6193.66,5416,6817.398011450874,0.9085082510214135,likely,,11,11,none,0
afEXNqx5COs,UCLhu5JoRWPgEGDoUFfQHTPQ,time,7,6.7708,28,5253.72,5416,6701.3905607106535,0.7839752036215849,likely,0.16133068368734646,15,15,none,0
afEXNqx5COs,UCLhu5JoRWPgEGDoUFfQHTPQ,time,14,13.7708,28,5644.77,5416,6526.32212233061,0.8649242674807943,confirmed,0.13947708101384587,15,11,none,0
Q7qr0nxCGGY,UCEM2sO7E5KSMIqonVgb98ug,time,14,13.7431,29,2749.23,2872,2836.348986419874,0.9692832226253847,confirmed,0.6920136701175084,8,8,none,0
aIaODi78vCo,UCLKZ20yD2tNMBOkSDZo4FeQ,heldout,1,1.5000,30,10038.84,16843,4782.209039840682,2.0992052541361024,early,,15,14,none,0
aIaODi78vCo,UCLKZ20yD2tNMBOkSDZo4FeQ,heldout,2,2.5000,30,11231.23,16843,4521.576816088141,2.4839193375175217,early,0.8309028273501785,15,14,none,0
aIaODi78vCo,UCLKZ20yD2tNMBOkSDZo4FeQ,heldout,3,3.5000,30,11510.84,16843,4672.7335075278925,2.4634070326985933,likely,0.7609831716229732,15,13,none,0
aIaODi78vCo,UCLKZ20yD2tNMBOkSDZo4FeQ,heldout,5,5.5000,30,22908.05,16843,4991.437637354256,4.589468463342872,likely,0.9540281410971623,15,12,none,0
aIaODi78vCo,UCLKZ20yD2tNMBOkSDZo4FeQ,heldout,7,7.5000,30,21472.02,16843,5145.329883590532,4.173108600906224,confirmed,0.9151792170160004,15,12,none,0
aIaODi78vCo,UCLKZ20yD2tNMBOkSDZo4FeQ,heldout,14,14.5000,30,19835.00,16843,4934.620846655101,4.019558279725235,confirmed,0.7038241253646164,15,9,none,0
V8GyMt6n10Q,UC8wwEsUeTG9cpzvWT5Dsdqw,heldout,14,13.0410,31,54581.83,67840,23711.65242896424,2.301898882286971,confirmed,,15,15,none,0
Szs1lg_TfSM,UCCS6ZRelvETSbA53xFEsa6w,heldout,14,13.8745,31,19107.48,22193,23368.000000000004,0.8176772204804503,confirmed,0.31524337125137963,15,14,none,0
Nq3XKbu1aaI,UCn7fYS0P7nkqmAEREjdtkDg,time,2,2.0410,27,1786.25,1239,917.9676528857436,1.9458757989795377,early,,12,11,none,0
Nq3XKbu1aaI,UCn7fYS0P7nkqmAEREjdtkDg,time,3,3.0410,27,1470.92,1239,1494.3480623357918,0.9843220218342499,likely,0.320141535405236,15,14,none,0
Nq3XKbu1aaI,UCn7fYS0P7nkqmAEREjdtkDg,time,5,5.0410,27,1285.09,1239,1494.3480623357918,0.8599685600685166,likely,0.24127101403635226,15,14,none,0
Nq3XKbu1aaI,UCn7fYS0P7nkqmAEREjdtkDg,time,7,7.0410,27,1273.03,1239,1479.9737719028185,0.8601709397752418,confirmed,0.19821685477148585,15,14,none,0
Nq3XKbu1aaI,UCn7fYS0P7nkqmAEREjdtkDg,time,14,15.0410,27,1318.53,1239,1462.4041864370856,0.9016160718778314,confirmed,0.1438047222085218,15,13,none,0
rfzG9gP7Sng,UCqqJQ_cXSat0KIAVfIfKkVA,time,1,0.7754,28,102015.18,87410,103100.62753978286,0.9894719759170911,early,,15,12,none,0
rfzG9gP7Sng,UCqqJQ_cXSat0KIAVfIfKkVA,time,2,1.7754,28,107871.41,87410,102999.94908584864,1.0472957140393506,early,0.725058091384636,15,12,none,0
rfzG9gP7Sng,UCqqJQ_cXSat0KIAVfIfKkVA,time,3,2.7754,28,97433.49,87410,103087.09637269966,0.9451570139512112,early,0.5858723407582646,15,11,none,0
rfzG9gP7Sng,UCqqJQ_cXSat0KIAVfIfKkVA,time,5,4.7754,28,90377.92,87410,102947.63914785076,0.8779018086988156,likely,0.4491647771756442,15,11,none,0
rfzG9gP7Sng,UCqqJQ_cXSat0KIAVfIfKkVA,time,7,6.7754,28,89665.61,87410,102644.33305454052,0.8735563288783255,likely,0.4128226082116366,15,11,none,0
rfzG9gP7Sng,UCqqJQ_cXSat0KIAVfIfKkVA,time,14,12.7754,28,92627.22,87410,101762.2694317909,0.9102314821479955,confirmed,0.3555893533844673,15,10,none,0
K9_gZJ0oM-0,UCgH_SmWw9WianYyOB5Y6tEA,heldout,14,12.6457,27,29161.81,27924,202.97684886778893,143.67062536183946,confirmed,-0.28734202106533535,15,15,none,0
K9_gZJ0oM-0,UCgH_SmWw9WianYyOB5Y6tEA,time,14,12.6457,27,29161.81,27924,202.97684886778893,143.67062536183946,confirmed,-0.28734202106533535,15,15,none,0
P7KdJhE9Yn8,UCZG-C5esGZyVfxO2qXa1Zmw,time,0.5,0.7118,28,120305.38,80993,45116.58544744359,2.6665444411792616,early,,15,13,none,0
P7KdJhE9Yn8,UCZG-C5esGZyVfxO2qXa1Zmw,time,1,0.7118,28,120305.38,80993,45116.58544744359,2.6665444411792616,early,,15,13,none,0
P7KdJhE9Yn8,UCZG-C5esGZyVfxO2qXa1Zmw,time,2,1.7118,28,101975.04,80993,44977.37249078049,2.2672520789271675,early,0.5724980046147728,15,13,none,0
P7KdJhE9Yn8,UCZG-C5esGZyVfxO2qXa1Zmw,time,3,2.7118,28,109042.65,80993,45010.61425556903,2.4225986102942825,early,0.5034866166137513,15,13,none,0
P7KdJhE9Yn8,UCZG-C5esGZyVfxO2qXa1Zmw,time,5,4.7118,28,83883.29,80993,44917.44646405979,1.8674991090039894,likely,0.38667059242574187,15,11,none,0
P7KdJhE9Yn8,UCZG-C5esGZyVfxO2qXa1Zmw,time,7,6.7118,28,87274.20,80993,45447.40257263984,1.920334155730861,likely,0.34212617010120056,15,10,none,0
P7KdJhE9Yn8,UCZG-C5esGZyVfxO2qXa1Zmw,time,14,12.7118,28,82847.97,80993,47477.00000000003,1.7450127530489776,confirmed,0.2650261826963993,15,7,none,0
7yZK9SGBunA,UC710HJmp-YgNbE5BnFBRoeg,time,5,6.9251,27,89973.20,83420,,,insufficient,,0,0,none,0
7yZK9SGBunA,UC710HJmp-YgNbE5BnFBRoeg,time,7,6.9251,27,89973.20,83420,,,insufficient,,0,0,none,0
7yZK9SGBunA,UC710HJmp-YgNbE5BnFBRoeg,time,14,12.9251,27,78311.08,83420,,,insufficient,0.10466701482134899,0,0,none,0
Vs6vJwmJL0Y,UC-ew9TfeD887qUSiWWAAj1w,heldout,14,14.5532,30,15674.40,18924,6888.25246570115,2.2755267975961573,confirmed,0.32412632882635367,15,14,none,0
-EDf2lkat54,UCSsmYEY9if7WUzdkESl3feA,time,14,13.9737,29,3924.34,3997,2752.287104885363,1.4258457234970234,confirmed,0.10322001667010518,15,15,none,0
PQmxLKP_Fjw,UCCiQOYmPsqoLL7j27Zr0C8A,time,5,5.8328,28,592.85,512,,,insufficient,,0,0,none,0
PQmxLKP_Fjw,UCCiQOYmPsqoLL7j27Zr0C8A,time,7,6.8328,28,484.81,512,,,insufficient,0.0834832210135947,0,0,none,0
PQmxLKP_Fjw,UCCiQOYmPsqoLL7j27Zr0C8A,time,14,13.8328,28,488.73,512,,,insufficient,0.10508616739510539,0,0,none,0
rt3DAL29AQU,UCMmfUj8CcXeqpqWkund3ELg,heldout,14,14.4791,32,54565.64,53367,39824.747001060896,1.3701440546800399,confirmed,0.021658093106452298,15,13,none,0
klP82OaYeJ4,UC70SrI3VkT1MXALRtf0pcHg,time,0.5,0.7033,29,84986.10,73455,72184.05605904448,1.1773528138354963,early,,13,13,none,0
klP82OaYeJ4,UC70SrI3VkT1MXALRtf0pcHg,time,1,0.7033,29,84986.10,73455,72184.05605904448,1.1773528138354963,early,,13,13,none,0
klP82OaYeJ4,UC70SrI3VkT1MXALRtf0pcHg,time,2,1.7033,29,102807.10,73455,73359.83227277968,1.401408551295223,early,0.9925854307083701,14,14,none,0
klP82OaYeJ4,UC70SrI3VkT1MXALRtf0pcHg,time,3,2.7033,29,98511.78,73455,71922.66826412317,1.3696903191305239,early,0.7196656932075931,14,14,none,0
klP82OaYeJ4,UC70SrI3VkT1MXALRtf0pcHg,time,5,4.7033,29,98452.53,73455,64321.636892971525,1.5306284357730864,likely,0.5696491698762568,15,15,none,0
klP82OaYeJ4,UC70SrI3VkT1MXALRtf0pcHg,time,7,6.7033,29,93134.43,73455,62733.66393337482,1.4846004418173802,likely,0.4961218543335529,15,15,none,0
klP82OaYeJ4,UC70SrI3VkT1MXALRtf0pcHg,time,14,13.7033,29,83663.68,73455,59495.43515804405,1.4062201385073227,confirmed,0.37323981516537796,15,15,none,0
WfYYV2UfUCI,UCxXy4JFL-E7Ukr6smHpttjg,time,1,0.8955,29,67.21,384,191.36032501171263,0.3512412901524432,early,,15,12,none,0
WfYYV2UfUCI,UCxXy4JFL-E7Ukr6smHpttjg,time,2,1.8955,29,83.25,384,191.36032501171263,0.43506655628247143,early,0.9001315722100491,15,12,none,0
WfYYV2UfUCI,UCxXy4JFL-E7Ukr6smHpttjg,time,3,2.8955,29,268.19,384,194.3420734430706,1.3799988922123327,early,1.2917056566230494,15,12,none,0
WfYYV2UfUCI,UCxXy4JFL-E7Ukr6smHpttjg,time,5,4.8955,29,373.83,384,194.3420734430706,1.9235927045216048,likely,1.164834254048944,15,12,none,0
WfYYV2UfUCI,UCxXy4JFL-E7Ukr6smHpttjg,time,7,6.8955,29,213.53,384,204.2986752066374,1.0451996631394223,likely,1.0814203897527952,15,12,none,0
WfYYV2UfUCI,UCxXy4JFL-E7Ukr6smHpttjg,time,14,13.8955,29,393.43,384,218.06850149515765,1.8041398842121694,confirmed,0.9703752969567676,15,12,none,0
5CoF0aXKFY8,UCGWNHkr2WZcRbxqoet-nyeg,time,14,13.4850,28,5023.25,5850,2599.494437510893,1.9323943032259743,confirmed,,15,15,none,0
ONaEai3s_Wk,UCaBqRxHEMomgFU-AkSfodCw,time,3,3.8749,27,83306.39,90090,141790.46228575954,0.5875316733979479,likely,,15,14,none,0
ONaEai3s_Wk,UCaBqRxHEMomgFU-AkSfodCw,time,5,4.8749,27,79761.27,90090,141790.46228575954,0.5625291537949968,likely,0.49266884863717786,15,14,none,0
ONaEai3s_Wk,UCaBqRxHEMomgFU-AkSfodCw,time,7,7.8749,27,86140.93,90090,146687.39920947296,0.5872414946399123,confirmed,0.42841116179707583,15,14,none,0
ONaEai3s_Wk,UCaBqRxHEMomgFU-AkSfodCw,time,14,12.8749,27,89918.40,90090,154098.80165756558,0.5835113825406045,confirmed,0.3642972336237235,15,13,none,0
HvKOs2PsmNI,UCJS9pqu9BzkAMNTmzNMNhvg,time,14,13.8102,27,1937.48,1875,2486.999999999999,0.7790411221817066,confirmed,,15,11,none,0
6CVxv685hK0,UCNMZWa1QP42jHrmmzayFEeg,time,14,12.7101,27,5362.16,5888,7399.377705529124,0.7246765101697334,confirmed,0.1573455745334789,15,15,none,0
kc6NOjS1ThE,UCn5hg2riwFTCNif80JbaA8A,time,14,14.7340,29,87184.75,85421,43423.75778787873,2.0077661869947443,confirmed,0.058312067387431554,15,13,none,0
hfBJTpewWos,UCftwRNsjfRo08xYE31tkiyw,time,5,4.8332,27,419356.49,625427,,,insufficient,,0,0,none,0
hfBJTpewWos,UCftwRNsjfRo08xYE31tkiyw,time,7,6.8332,27,499956.92,625427,,,insufficient,0.5555860680845954,0,0,none,0
hfBJTpewWos,UCftwRNsjfRo08xYE31tkiyw,time,14,12.8332,27,550120.08,625427,,,insufficient,0.4892571410156532,0,0,none,0
4CPVvLT3XkQ,UCPAt6z5uX_c5Eo_cSNROzYw,time,14,13.7065,29,571.40,564,10450.189752846223,0.05467795551170588,confirmed,0.017136326176671168,15,15,none,0
9jGCaysNceg,UCIjZGb-JlfZuUzggOcIx_Mg,time,14,15.0152,27,274.85,290,347,0.792069835297501,confirmed,0.10626401833084437,9,8,none,0
vORhopSp7l8,UCjNrOMGm7_ODMMBS-71xBcA,time,1,0.7920,27,1178.81,2693,2193.9999999999995,0.5372897808646542,early,,15,12,none,0
vORhopSp7l8,UCjNrOMGm7_ODMMBS-71xBcA,time,2,1.7920,27,2007.34,2693,2193.9999999999995,0.9149225369643215,early,1.3779873139052479,15,12,none,0
vORhopSp7l8,UCjNrOMGm7_ODMMBS-71xBcA,time,3,2.7920,27,2137.58,2693,2193.9999999999995,0.9742866569560578,early,1.0818692220554682,15,11,none,0
vORhopSp7l8,UCjNrOMGm7_ODMMBS-71xBcA,time,5,4.7920,27,2246.83,2693,2193.9999999999995,1.0240803853562097,likely,0.849635665149818,15,11,none,0
vORhopSp7l8,UCjNrOMGm7_ODMMBS-71xBcA,time,7,7.7920,27,2666.72,2693,2193.9999999999995,1.2154586590893321,confirmed,0.8199770270946191,15,10,none,0
vORhopSp7l8,UCjNrOMGm7_ODMMBS-71xBcA,time,14,12.7920,27,2606.17,2693,2193.9999999999995,1.187861456744079,confirmed,0.7426265167384082,15,9,none,0
VahbUHjhkXA,UCammHPYWYI4q3WLbx-TP7GA,time,14,12.7271,28,3967.73,4136,5010.803800382373,0.7918358103406705,confirmed,0.1218870367358644,15,11,none,0
eDvE6T0Togo,UCll3zdukvI1oWlG-F13UCZw,heldout,1,1.0299,28,2222.85,1828,5883.295617765215,0.3778241796420279,early,,15,15,none,0
eDvE6T0Togo,UCll3zdukvI1oWlG-F13UCZw,heldout,2,1.0299,28,2222.85,1828,5883.295617765215,0.3778241796420279,early,,15,15,none,0
eDvE6T0Togo,UCll3zdukvI1oWlG-F13UCZw,heldout,3,3.0299,28,2551.71,1828,5813.441665432603,0.4389324856602275,likely,0.6539337851596654,15,15,none,0
eDvE6T0Togo,UCll3zdukvI1oWlG-F13UCZw,heldout,5,5.0299,28,2154.62,1828,5961.67625678261,0.361412554555809,likely,0.4766900772246321,15,15,none,0
eDvE6T0Togo,UCll3zdukvI1oWlG-F13UCZw,heldout,7,7.0299,28,2115.57,1828,5931.492104857109,0.35666717285921923,confirmed,0.42794241463409816,15,15,none,0
eDvE6T0Togo,UCll3zdukvI1oWlG-F13UCZw,heldout,14,14.0299,28,1992.46,1828,5876.292050280927,0.33906780292848915,confirmed,0.3264091113286893,15,15,none,0
gPAkelGm3-8,UCEf_Bc-KVd7onSeifS3py9g,heldout,1,0.8741,27,108192.37,68684,159106.2444616564,0.6800007652721317,early,,14,13,none,0
gPAkelGm3-8,UCEf_Bc-KVd7onSeifS3py9g,time,1,0.8741,27,108192.37,68684,159106.2444616564,0.6800007652721317,early,,14,13,none,0
gPAkelGm3-8,UCEf_Bc-KVd7onSeifS3py9g,heldout,2,1.8741,27,74242.89,68684,154314.98726066356,0.48111263359052975,early,0.3788341092113952,15,14,none,0
gPAkelGm3-8,UCEf_Bc-KVd7onSeifS3py9g,time,2,1.8741,27,74242.89,68684,154314.98726066356,0.48111263359052975,early,0.3788341092113952,15,14,none,0
gPAkelGm3-8,UCEf_Bc-KVd7onSeifS3py9g,heldout,3,2.8741,27,73863.44,68684,150952.86446045196,0.4893145642966,early,0.35364327149266,15,14,none,0
gPAkelGm3-8,UCEf_Bc-KVd7onSeifS3py9g,time,3,2.8741,27,73863.44,68684,150952.86446045196,0.4893145642966,early,0.35364327149266,15,14,none,0
gPAkelGm3-8,UCEf_Bc-KVd7onSeifS3py9g,heldout,5,4.8741,27,82395.48,68684,145388.63487419998,0.5667256964537128,likely,0.3065430967216738,15,14,none,0
gPAkelGm3-8,UCEf_Bc-KVd7onSeifS3py9g,time,5,4.8741,27,82395.48,68684,145388.63487419998,0.5667256964537128,likely,0.3065430967216738,15,14,none,0
gPAkelGm3-8,UCEf_Bc-KVd7onSeifS3py9g,heldout,7,6.8741,27,77699.84,68684,141090.67472303315,0.5507085704433173,likely,0.2604748720376393,15,13,none,0
gPAkelGm3-8,UCEf_Bc-KVd7onSeifS3py9g,time,7,6.8741,27,77699.84,68684,141090.67472303315,0.5507085704433173,likely,0.2604748720376393,15,13,none,0
gPAkelGm3-8,UCEf_Bc-KVd7onSeifS3py9g,heldout,14,12.8741,27,70505.36,68684,133140.55401820323,0.529555853704702,confirmed,0.19793303014127814,15,10,none,0
gPAkelGm3-8,UCEf_Bc-KVd7onSeifS3py9g,time,14,12.8741,27,70505.36,68684,133140.55401820323,0.529555853704702,confirmed,0.19793303014127814,15,10,none,0
PgPtHrhg44o,UCBhPkAuGks2UkizNMbtW6uw,time,5,5.3915,27,37.63,44,,,insufficient,0,1,1,none,0
PgPtHrhg44o,UCBhPkAuGks2UkizNMbtW6uw,time,7,6.3915,27,35.18,44,,,insufficient,-0.09753106240495744,1,1,none,0
PgPtHrhg44o,UCBhPkAuGks2UkizNMbtW6uw,time,14,15.3915,27,39.26,44,,,insufficient,0.12687640247661572,1,1,none,0
E-tYxgNA_bg,UCUJXaEduMHGB3Iap3DusmAA,heldout,14,13.5572,30,10424.52,13246,15520.102100429556,0.6716783121971207,confirmed,0.7754614598566634,15,14,none,0
qoLS2ooaX1Q,UCMPaviJxybo1RTdzvYcU91A,time,14,14.1666,29,602.78,565,2138.6451808349766,0.28185046333429037,confirmed,0.6615062814949844,15,12,none,0
cBIZ6tCBAbw,UCbJ8oD5Gmh6CKv0GPpXpK8w,time,7,8.8562,27,17738.25,15364,77024.90994775598,0.23029239610472993,confirmed,,11,11,none,0
cBIZ6tCBAbw,UCbJ8oD5Gmh6CKv0GPpXpK8w,time,14,12.8562,27,16049.51,15364,83278.04841639783,0.19272194837914414,confirmed,0.13820829716136301,13,12,none,0
b7q6_A4CnR0,UCAHNAm34YmE_4k6iq9Ig0vg,time,5,5.6244,28,31353.12,31910,,,insufficient,,0,0,none,0
b7q6_A4CnR0,UCAHNAm34YmE_4k6iq9Ig0vg,time,7,6.6244,28,29071.43,31910,,,insufficient,0.2809451999146414,0,0,none,0
b7q6_A4CnR0,UCAHNAm34YmE_4k6iq9Ig0vg,time,14,13.6244,28,32202.88,31910,,,insufficient,0.2794248110964557,0,0,none,0
NoVEbKJct5o,UC70SrI3VkT1MXALRtf0pcHg,time,1,0.9227,29,52484.26,29077,72184.05605904448,0.7270893264703467,early,,14,14,none,0
NoVEbKJct5o,UC70SrI3VkT1MXALRtf0pcHg,time,2,1.9227,29,35183.35,29077,73359.83227277968,0.4795996462544181,early,0.2505707710980111,15,15,none,0
NoVEbKJct5o,UC70SrI3VkT1MXALRtf0pcHg,time,3,3.9227,29,32341.54,29077,70869.90582016227,0.4563508701175578,likely,0.18440944832295267,15,15,none,0
NoVEbKJct5o,UC70SrI3VkT1MXALRtf0pcHg,time,5,4.9227,29,30088.49,29077,69791.13927120506,0.4311219669126207,likely,0.16712660375294605,15,15,none,0
NoVEbKJct5o,UC70SrI3VkT1MXALRtf0pcHg,time,7,6.9227,29,29563.33,29077,67955.28589985412,0.4350408955689454,likely,0.14617582984012278,15,15,none,0
NoVEbKJct5o,UC70SrI3VkT1MXALRtf0pcHg,time,14,13.9227,29,28864.23,29077,64733.94301131925,0.44589019958483955,confirmed,0.11957958532865179,15,15,none,0
8iZl4ZzhW3E,UCa09am-cOsC-FSgr_nLkFFA,time,1,1.8708,27,67952.36,64324,100582.43923006422,0.6755886697271463,early,,15,14,none,0
8iZl4ZzhW3E,UCa09am-cOsC-FSgr_nLkFFA,time,2,1.8708,27,67952.36,64324,100582.43923006422,0.6755886697271463,early,,15,14,none,0
8iZl4ZzhW3E,UCa09am-cOsC-FSgr_nLkFFA,time,3,2.8708,27,57183.06,64324,100582.43923006422,0.5685193030201438,early,0.37708799402295784,15,14,none,0
8iZl4ZzhW3E,UCa09am-cOsC-FSgr_nLkFFA,time,5,4.8708,27,59582.55,64324,100582.43923006422,0.5923752431416494,likely,0.33776314759153625,15,14,none,0
8iZl4ZzhW3E,UCa09am-cOsC-FSgr_nLkFFA,time,7,6.8708,27,66366.45,64324,101340.85314227594,0.6548834730013547,likely,0.3617523555431033,15,14,none,0
8iZl4ZzhW3E,UCa09am-cOsC-FSgr_nLkFFA,time,14,12.8708,27,66064.65,64324,102451.00000000003,0.6448414193133939,confirmed,0.3080477693316087,15,13,none,0
Myd7c7yScbY,UC2qUDKqTsz00csykCYgdLuA,time,14,13.7497,28,2992.05,2928,5683.999999999995,0.5263987039676871,confirmed,0.26896372016232095,15,14,none,0
UNMoQwNxRnk,UCxajFuHT9KGibttgRbvA4XQ,time,1,0.9992,27,1519.51,1655,10609.553781638231,0.143220776379915,early,,15,13,none,0
UNMoQwNxRnk,UCxajFuHT9KGibttgRbvA4XQ,time,2,1.9992,27,1385.22,1655,10608.648180011807,0.13057418559135717,early,0.5803594146646771,15,13,none,0
UNMoQwNxRnk,UCxajFuHT9KGibttgRbvA4XQ,time,3,2.9992,27,1473.35,1655,10460.399404915172,0.14085036982183574,early,0.5139734783695518,15,13,none,0
UNMoQwNxRnk,UCxajFuHT9KGibttgRbvA4XQ,time,5,4.9992,27,1570.27,1655,10252.429231095897,0.1531610393744618,likely,0.5305774247940558,15,13,none,0
UNMoQwNxRnk,UCxajFuHT9KGibttgRbvA4XQ,time,7,7.9992,27,1627.26,1655,9964.51314134899,0.16330580463375335,confirmed,0.4696196404033468,15,12,none,0
UNMoQwNxRnk,UCxajFuHT9KGibttgRbvA4XQ,time,14,14.9992,27,1857.54,1655,9543.500459855399,0.19463965194744146,confirmed,0.425604239360328,15,10,none,0
WEqgNna8vkE,UC-No2ITxJsNt50oJQ3fLmUA,time,14,12.7512,27,139102.91,142055,101985.81068050186,1.3639437740797364,confirmed,0.24526367573997837,15,13,none,0
nGt7P7saaZs,UCEf_Bc-KVd7onSeifS3py9g,time,0.5,0.3745,29,81653.37,38248,415780.19026989484,0.1963859056299963,early,,13,11,none,0
nGt7P7saaZs,UCEf_Bc-KVd7onSeifS3py9g,time,1,1.3745,29,60590.70,38248,356810.0490206148,0.16981220917700868,early,0.4175916980486847,15,13,none,0
nGt7P7saaZs,UCEf_Bc-KVd7onSeifS3py9g,time,2,2.3745,29,37400.92,38248,359734.07067219494,0.10396825120139482,early,0.3166650675682967,15,11,none,0
nGt7P7saaZs,UCEf_Bc-KVd7onSeifS3py9g,time,3,3.3745,29,53961.56,38248,360137.70934067434,0.14983589444004408,likely,0.31532363263608815,15,11,none,0
nGt7P7saaZs,UCEf_Bc-KVd7onSeifS3py9g,time,5,5.3745,29,48233.18,38248,363018.9341662739,0.13286684127841386,likely,0.3099584737103437,15,11,none,0
nGt7P7saaZs,UCEf_Bc-KVd7onSeifS3py9g,time,7,7.3745,29,41567.39,38248,366816.75748337916,0.11331921800228373,confirmed,0.30791315645183215,15,10,none,0
nGt7P7saaZs,UCEf_Bc-KVd7onSeifS3py9g,time,14,14.3745,29,39830.27,38248,368426.9999999997,0.10810898754334462,confirmed,0.2526895009599474,15,7,none,0
RyMOM9S_gdw,UCix7wE05YbRdOVUPNHy0KTg,heldout,1,1.9162,30,976.36,826,1288.2793349720826,0.7578784978518562,early,,15,14,none,0
RyMOM9S_gdw,UCix7wE05YbRdOVUPNHy0KTg,heldout,2,1.9162,30,976.36,826,1288.2793349720826,0.7578784978518562,early,,15,14,none,0
RyMOM9S_gdw,UCix7wE05YbRdOVUPNHy0KTg,heldout,3,2.9162,30,801.55,826,1288.2793349720826,0.6221886680355011,early,0.2983568775019356,15,14,none,0
RyMOM9S_gdw,UCix7wE05YbRdOVUPNHy0KTg,heldout,5,4.9162,30,708.11,826,1278.5501908438614,0.5538399016881859,likely,0.2454884030665956,15,14,none,0
RyMOM9S_gdw,UCix7wE05YbRdOVUPNHy0KTg,heldout,7,6.9162,30,798.69,826,1274.9010176034242,0.6264686452741842,likely,0.2333735402422511,15,14,none,0
RyMOM9S_gdw,UCix7wE05YbRdOVUPNHy0KTg,heldout,14,13.9162,30,773.67,826,1277.9999999999998,0.6053750929678076,confirmed,0.20799083669202825,15,12,none,0
03V2ZnXyEDA,UCzQUP1qoWDoEbmsQxvdjxgQ,time,7,8.7917,28,994072.44,865881,680071.3241320181,1.461717923539715,confirmed,,15,14,none,0
03V2ZnXyEDA,UCzQUP1qoWDoEbmsQxvdjxgQ,time,14,13.7917,28,847630.92,865881,669355.9747697669,1.2663380156298294,confirmed,0.0932156141578069,15,11,none,0
OjN2Ab_EqCQ,UCLFgO1aEI66fh06p6u6-juw,heldout,5,5.7913,30,8048.36,8866,14231.81257233939,0.565519088349459,likely,,15,15,none,0
OjN2Ab_EqCQ,UCLFgO1aEI66fh06p6u6-juw,heldout,7,5.7913,30,8048.36,8866,14231.81257233939,0.565519088349459,likely,,15,15,none,0
OjN2Ab_EqCQ,UCLFgO1aEI66fh06p6u6-juw,heldout,14,12.7913,30,7895.97,8866,14657.846776273984,0.5386853933185396,confirmed,0.24763932827387808,15,15,none,0
ckCPYDABQNI,UChISHLovxnSLP0w81NEQj5w,time,14,13.3211,28,5944.37,5763,17184.32997636193,0.34591793753639605,confirmed,0,15,15,none,0
oFvDZ1NFIVk,UC4MndkrWaqQF1uZ5-kO3t6Q,heldout,7,7.0267,29,32.74,51,,,insufficient,,0,0,none,0
oFvDZ1NFIVk,UC4MndkrWaqQF1uZ5-kO3t6Q,time,7,7.0267,29,32.74,51,,,insufficient,,0,0,none,0
oFvDZ1NFIVk,UC4MndkrWaqQF1uZ5-kO3t6Q,heldout,14,14.0267,29,28.93,51,,,insufficient,0.11818428240976712,0,0,none,0
oFvDZ1NFIVk,UC4MndkrWaqQF1uZ5-kO3t6Q,time,14,14.0267,29,28.93,51,,,insufficient,0.11818428240976712,0,0,none,0
UvMrFjQ9AAM,UCUpbDOT-OVNBlaQpb9pbd2w,time,5,5.3709,29,32506.19,24229,30400.82872940285,1.069253392085171,likely,,15,15,none,0
UvMrFjQ9AAM,UCUpbDOT-OVNBlaQpb9pbd2w,time,7,7.3709,29,26409.34,24229,28575.78770146062,0.9241857252756215,confirmed,0.017882398535590555,15,15,none,0
UvMrFjQ9AAM,UCUpbDOT-OVNBlaQpb9pbd2w,time,14,14.3709,29,24963.66,24229,25479.558900703785,0.9797524023451407,confirmed,0.012000146875587364,15,15,none,0
eJubwlD0ujo,UCO2x-p9gg9TLKneXlibGR7w,time,1,0.8741,28,316945.95,326943,316259.36539659783,1.0021709684741535,early,,15,13,none,0
eJubwlD0ujo,UCO2x-p9gg9TLKneXlibGR7w,time,2,1.8741,28,397338.66,326943,320071.00000000023,1.2414078642997934,early,0.8118022923680186,15,12,none,0
eJubwlD0ujo,UCO2x-p9gg9TLKneXlibGR7w,time,3,2.8741,28,429812.45,326943,320071.00000000023,1.342865967921797,early,0.6376726081561381,15,12,none,0
eJubwlD0ujo,UCO2x-p9gg9TLKneXlibGR7w,time,5,4.8741,28,325420.33,326943,320071.00000000023,1.0167129383981999,likely,0.5046826276391309,15,11,none,0
eJubwlD0ujo,UCO2x-p9gg9TLKneXlibGR7w,time,7,6.8741,28,359558.94,326943,320071.00000000023,1.1233724323073813,likely,0.4754661655963303,15,11,none,0
eJubwlD0ujo,UCO2x-p9gg9TLKneXlibGR7w,time,14,13.8741,28,358133.76,326943,320071.00000000023,1.1189197271332008,confirmed,0.3902054598872732,15,11,none,0
goalHozbzbc,UCcCzzSbdw5-qmdF_NuTtb2w,heldout,1,1.3744,29,4493.71,4319,5854.288821304101,0.767593223717746,early,,15,11,none,0
goalHozbzbc,UCcCzzSbdw5-qmdF_NuTtb2w,heldout,2,1.3744,29,4493.71,4319,5854.288821304101,0.767593223717746,early,,15,11,none,0
goalHozbzbc,UCcCzzSbdw5-qmdF_NuTtb2w,heldout,3,3.3744,29,4707.18,4319,5867.932893425411,0.8021868361886849,likely,0.5532952741025294,15,10,none,0
goalHozbzbc,UCcCzzSbdw5-qmdF_NuTtb2w,heldout,5,5.3744,29,4470.85,4319,5871.502908920949,0.7614492725737062,likely,0.5352867069035613,15,9,none,0
goalHozbzbc,UCcCzzSbdw5-qmdF_NuTtb2w,heldout,7,7.3744,29,4713.42,4319,5887.535943449479,0.8005759900217855,confirmed,0.4792781941330749,15,9,none,0
goalHozbzbc,UCcCzzSbdw5-qmdF_NuTtb2w,heldout,14,14.3744,29,4549.10,4319,5869.520065278435,0.7750382500797572,confirmed,0.3922414180225839,15,7,none,0
0bwaO9dUfd0,UCYKuk74NJJUw0wkAPgov8mw,heldout,0.5,0.3924,30,2146.10,804,1223.7243254136456,1.7537436846354115,early,,4,4,none,0
0bwaO9dUfd0,UCYKuk74NJJUw0wkAPgov8mw,heldout,1,0.3924,30,2146.10,804,1223.7243254136456,1.7537436846354115,early,,4,4,none,0
0bwaO9dUfd0,UCYKuk74NJJUw0wkAPgov8mw,heldout,7,8.3924,30,833.30,804,1118.2929946318927,0.7451502078907003,confirmed,0.18942423794148994,6,5,none,0
0bwaO9dUfd0,UCYKuk74NJJUw0wkAPgov8mw,heldout,14,14.3924,30,840.90,804,1108.0000000000002,0.7589376747214018,confirmed,0.16292287768124744,6,4,none,0
gO0rrW6YhKo,UC3DkFux8Iv-aYnTRWzwaiBA,heldout,1,1.6561,29,109283.03,117801,133250.33634317556,0.8201332069250832,early,,15,13,none,0
gO0rrW6YhKo,UC3DkFux8Iv-aYnTRWzwaiBA,heldout,2,1.6561,29,109283.03,117801,133250.33634317556,0.8201332069250832,early,,15,13,none,0
gO0rrW6YhKo,UC3DkFux8Iv-aYnTRWzwaiBA,heldout,3,3.6561,29,121398.23,117801,133282.75032132157,0.9108323038303007,likely,0.509290749238471,15,13,none,0
gO0rrW6YhKo,UC3DkFux8Iv-aYnTRWzwaiBA,heldout,5,4.6561,29,119322.56,117801,132902.0276775463,0.8978234773952228,likely,0.46937667401270183,15,13,none,0
gO0rrW6YhKo,UC3DkFux8Iv-aYnTRWzwaiBA,heldout,7,6.6561,29,117655.03,117801,132560.84659121154,0.8875549447990078,likely,0.4366723321739446,15,13,none,0
gO0rrW6YhKo,UC3DkFux8Iv-aYnTRWzwaiBA,heldout,14,14.6561,29,113067.24,117801,131049.46831113292,0.8627829105875903,confirmed,0.3145973304096778,15,13,none,0
hoxbK3cI1I0,UCMIjEnXruVHtvgSVf6TgfUg,heldout,14,14.6353,31,77155.41,74192,50541.384483454734,1.526578842850859,confirmed,,4,4,none,0
SI5YJfEsFvw,UC0gk8Jjvjf-HXFnAfCimsnQ,time,5,6.7103,29,39.04,39,,,insufficient,,0,0,none,0
SI5YJfEsFvw,UC0gk8Jjvjf-HXFnAfCimsnQ,time,7,6.7103,29,39.04,39,,,insufficient,,0,0,none,0
SI5YJfEsFvw,UC0gk8Jjvjf-HXFnAfCimsnQ,time,14,13.7103,29,38.04,39,,,insufficient,0.18786840994994872,0,0,none,0
M8HbJzbEnHc,UC_UnVDztkvE1hw064XFTNSQ,time,0.5,0.4865,27,1148597.27,1404820,695284.9050600862,1.6519807426524127,early,,15,11,none,0
M8HbJzbEnHc,UC_UnVDztkvE1hw064XFTNSQ,time,1,1.4865,27,1658893.13,1404820,696539.1068706223,2.3816223924646174,early,1.0641453083306547,15,11,none,0
M8HbJzbEnHc,UC_UnVDztkvE1hw064XFTNSQ,time,2,2.4865,27,1505543.51,1404820,699896.2807078662,2.151095177497467,early,0.8441404341798927,15,11,none,0
M8HbJzbEnHc,UC_UnVDztkvE1hw064XFTNSQ,time,3,3.4865,27,1464360.34,1404820,700091.175916129,2.0916708977831266,likely,0.7558988321822954,15,11,none,0
M8HbJzbEnHc,UC_UnVDztkvE1hw064XFTNSQ,time,5,4.4865,27,1498871.43,1404820,701589.4016742302,2.136394055883074,likely,0.7193728767399312,15,11,none,0
M8HbJzbEnHc,UC_UnVDztkvE1hw064XFTNSQ,time,7,7.4865,27,1588572.15,1404820,705957.5122189049,2.2502376158066553,confirmed,0.6171416180303716,15,10,none,0
M8HbJzbEnHc,UC_UnVDztkvE1hw064XFTNSQ,time,14,15.4865,27,1654152.69,1404820,708998.0000000002,2.333085127610292,confirmed,0.5147008696136837,15,8,none,0
xshlLGJdX80,UC3KNWfcAsfHDqIzHExknhFQ,time,5,6.6374,28,204.00,397,,,insufficient,,2,2,none,0
xshlLGJdX80,UC3KNWfcAsfHDqIzHExknhFQ,time,7,6.6374,28,204.00,397,,,insufficient,,2,2,none,0
xshlLGJdX80,UC3KNWfcAsfHDqIzHExknhFQ,time,14,13.6374,28,321.65,397,,,insufficient,0.6913460080516339,2,2,none,0
Z0YTMT4yZYk,UCAv6BKSKYopVNODaEROEcqA,time,5,5.1576,27,88592.06,76350,,,insufficient,0.8357644327061353,1,1,none,0
Z0YTMT4yZYk,UCAv6BKSKYopVNODaEROEcqA,time,7,7.1576,27,71433.43,76350,,,insufficient,0.5195981632025811,1,1,none,0
Z0YTMT4yZYk,UCAv6BKSKYopVNODaEROEcqA,time,14,12.1576,27,67655.09,76350,,,insufficient,0.37046684683088493,1,1,none,0
WbR-7UPGaDg,UCoGfV8iKGSeBa8FEJG5PZcA,heldout,14,14.3329,29,69.23,78,81.00000000000003,0.854675188008521,confirmed,0,15,12,none,0
Nz3MAyQ1ZH4,UCbRP3c757lWg9M-U7TyEkXA,time,1,1.4041,28,66733.55,31444,78077.75055746724,0.854706359787671,early,,15,15,none,0
Nz3MAyQ1ZH4,UCbRP3c757lWg9M-U7TyEkXA,time,2,2.4041,28,41625.11,31444,78191.0845992882,0.5323510511504363,early,0.09451105130802764,15,15,none,0
Nz3MAyQ1ZH4,UCbRP3c757lWg9M-U7TyEkXA,time,3,3.4041,28,36288.00,31444,78485.00659693946,0.46235582531524,likely,0.07980522243756416,15,15,none,0
Nz3MAyQ1ZH4,UCbRP3c757lWg9M-U7TyEkXA,time,5,5.4041,28,34096.57,31444,78519.8668519252,0.4342412792509991,likely,0.07439552179369138,15,15,none,0
Nz3MAyQ1ZH4,UCbRP3c757lWg9M-U7TyEkXA,time,7,6.4041,28,33398.91,31444,78408.44375186857,0.4259606256738252,likely,0.07892736490202346,15,15,none,0
Nz3MAyQ1ZH4,UCbRP3c757lWg9M-U7TyEkXA,time,14,13.4041,28,31459.24,31444,75632.31120809089,0.4159497598794511,confirmed,0.06027861975615791,15,10,none,0
X4R_LwlFucY,UC8NbcMmeW4gKRd2lE9APpVA,time,5,6.7828,29,148.60,216,,,insufficient,,0,0,none,0
X4R_LwlFucY,UC8NbcMmeW4gKRd2lE9APpVA,time,7,6.7828,29,148.60,216,,,insufficient,,0,0,none,0
X4R_LwlFucY,UC8NbcMmeW4gKRd2lE9APpVA,time,14,13.7828,29,177.70,216,,,insufficient,0.3946643565077296,0,0,none,0
BSECHrEhZjE,UCxkIzPnPzWLz4IeuxIROflg,heldout,1,0.8748,28,664.94,3675,1738.2818972525893,0.3825242690706074,early,,14,13,none,0
BSECHrEhZjE,UCxkIzPnPzWLz4IeuxIROflg,heldout,2,1.8748,28,1528.82,3675,1747.279689821723,0.8749702021821267,early,1.8960416547614014,15,13,none,0
BSECHrEhZjE,UCxkIzPnPzWLz4IeuxIROflg,heldout,3,2.8748,28,1649.73,3675,1749.089038553639,0.9431925241056577,early,1.4100197421178384,15,13,none,0
BSECHrEhZjE,UCxkIzPnPzWLz4IeuxIROflg,heldout,5,4.8748,28,1804.19,3675,1749.089038553639,1.0315024223957556,likely,1.0936536491422084,15,13,none,0
BSECHrEhZjE,UCxkIzPnPzWLz4IeuxIROflg,heldout,7,6.8748,28,1960.92,3675,1765.886132874978,1.110443450761676,likely,1.0232601213128238,15,13,none,0
BSECHrEhZjE,UCxkIzPnPzWLz4IeuxIROflg,heldout,14,13.8748,28,2594.96,3675,1764.0000000000005,1.4710648731095672,confirmed,0.925626376012938,15,7,none,0
x5p9yM2TKF8,UCegFJbscuSjjsyFP4qhOyeA,time,14,13.5387,29,1848.86,2537,1369.7699995379799,1.3497574817976548,confirmed,0.7096730778776961,15,15,none,0
eWJcg6j_7CE,UCsLt8oYvDYGpSHcGhRBBkyw,time,14,13.8704,27,5356.62,4956,2660.114683289957,2.01368040870639,confirmed,0.7457472023952023,15,15,none,0
TonjxDPHQ2s,UCEDEjunbQbKAQBlAGyKqpjQ,heldout,14,11.9895,28,4365.97,4277,3475.207327402398,1.2563192123259574,confirmed,,15,15,none,0
np06L0fI-B0,UCHXLx_WGu4zQAq4fLVurzfA,heldout,5,4.9158,30,8726.88,14057,3911.086248998706,2.231317972990404,likely,,15,12,none,0
np06L0fI-B0,UCHXLx_WGu4zQAq4fLVurzfA,heldout,7,7.9158,30,11445.70,14057,3859.5664616741396,2.965539645589845,confirmed,0.6318784606231092,15,11,none,0
np06L0fI-B0,UCHXLx_WGu4zQAq4fLVurzfA,heldout,14,13.9158,30,13286.43,14057,3828.462099930451,3.470436197543533,confirmed,0.5628632825520073,15,11,none,0
I6xMyAVTW5w,UCPAt6z5uX_c5Eo_cSNROzYw,time,14,13.6634,27,13800.27,13577,10398.161631721032,1.3271840655154639,confirmed,0.02714809367208523,15,15,none,0
5EsD-Q0OqIQ,UC5efErrEnb4krh7dwJdj3RA,time,14,14.9479,29,944.64,987,1839.3608251172318,0.513569137257338,confirmed,0.35629695251132565,15,12,none,0
GWHkgIyZ0JI,UCPCPE5MoI7DS1WiVB_-mzNw,time,7,7.9093,29,3721.18,2976,5590.459577433719,0.6656303063336605,confirmed,,15,15,none,0
GWHkgIyZ0JI,UCPCPE5MoI7DS1WiVB_-mzNw,time,14,13.9093,29,3063.63,2976,5363.617530340095,0.5711868606025681,confirmed,0.006561381888794407,15,15,none,0
MMLKDSc0fQI,UCFYLFu6j4hxl5vEnpl7hw3w,time,5,6.8663,27,31635.69,48562,,,insufficient,,0,0,none,0
MMLKDSc0fQI,UCFYLFu6j4hxl5vEnpl7hw3w,time,7,6.8663,27,31635.69,48562,,,insufficient,,0,0,none,0
MMLKDSc0fQI,UCFYLFu6j4hxl5vEnpl7hw3w,time,14,13.8663,27,30459.82,48562,,,insufficient,0.17163367852808648,0,0,none,0
5M8J56xBoEw,UCOv0Sk_k3j2l8hOeo6cXa3w,heldout,1,0.9525,29,16188.89,13585,2444.011365532109,6.623900081637786,early,,15,11,none,0
5M8J56xBoEw,UCOv0Sk_k3j2l8hOeo6cXa3w,time,1,0.9525,29,16188.89,13585,2444.011365532109,6.623900081637786,early,,15,11,none,0
5M8J56xBoEw,UCOv0Sk_k3j2l8hOeo6cXa3w,heldout,2,1.9525,29,12968.97,13585,2438.6655412438135,5.318060721830987,early,0.46561163826054763,15,11,none,0
5M8J56xBoEw,UCOv0Sk_k3j2l8hOeo6cXa3w,time,2,1.9525,29,12968.97,13585,2438.6655412438135,5.318060721830987,early,0.46561163826054763,15,11,none,0
5M8J56xBoEw,UCOv0Sk_k3j2l8hOeo6cXa3w,heldout,3,2.9525,29,15571.24,13585,2439.433295793546,6.383136302062395,early,0.4938855374664398,15,10,none,0
5M8J56xBoEw,UCOv0Sk_k3j2l8hOeo6cXa3w,time,3,2.9525,29,15571.24,13585,2439.433295793546,6.383136302062395,early,0.4938855374664398,15,10,none,0
5M8J56xBoEw,UCOv0Sk_k3j2l8hOeo6cXa3w,heldout,5,4.9525,29,12911.67,13585,2438.3388551652606,5.29527425289651,likely,0.40040752861286927,15,10,none,0
5M8J56xBoEw,UCOv0Sk_k3j2l8hOeo6cXa3w,time,5,4.9525,29,12911.67,13585,2438.3388551652606,5.29527425289651,likely,0.40040752861286927,15,10,none,0
5M8J56xBoEw,UCOv0Sk_k3j2l8hOeo6cXa3w,heldout,7,6.9525,29,13005.11,13585,2434.9393499391226,5.341041716330881,likely,0.35814178378982614,15,10,none,0
5M8J56xBoEw,UCOv0Sk_k3j2l8hOeo6cXa3w,time,7,6.9525,29,13005.11,13585,2434.9393499391226,5.341041716330881,likely,0.35814178378982614,15,10,none,0
5M8J56xBoEw,UCOv0Sk_k3j2l8hOeo6cXa3w,heldout,14,12.9525,29,13433.35,13585,2420.999999999999,5.548677759934058,confirmed,0.31076678503165445,15,9,none,0
5M8J56xBoEw,UCOv0Sk_k3j2l8hOeo6cXa3w,time,14,12.9525,29,13433.35,13585,2420.999999999999,5.548677759934058,confirmed,0.31076678503165445,15,9,none,0
k7b_5N8Zg64,UCBhPkAuGks2UkizNMbtW6uw,time,3,3.9992,27,99510.40,120047,102.22054030881482,973.487332869776,likely,,8,8,none,0
k7b_5N8Zg64,UCBhPkAuGks2UkizNMbtW6uw,time,5,4.9992,27,71551.25,120047,100.49904683273428,711.9594993911512,likely,-0.0011360284430178024,8,8,none,0
k7b_5N8Zg64,UCBhPkAuGks2UkizNMbtW6uw,time,7,6.9992,27,68795.31,120047,94.89375422214036,724.9719706120625,likely,-0.006211991834791114,8,8,none,0
k7b_5N8Zg64,UCBhPkAuGks2UkizNMbtW6uw,time,14,14.9992,27,64726.76,120047,90.80978717833781,712.7729383248578,confirmed,-0.001631490730503033,8,8,none,0
B3RR7emh-QI,UCm7zU1B8rHqZT8_DVEZaUqA,time,14,13.5614,28,22713.24,20804,50439.21072470015,0.45030918445258705,confirmed,,15,13,none,0
v3AgDM0Oeok,UCS7BAYpqOSaYy-pZp6oO4PA,time,14,13.8945,29,13866.40,13571,13502.396073200798,1.0269587154182953,confirmed,0.011457514983478245,15,15,none,0
B-ZXQcDEDAc,UCnSg7AKhnTGnac-3zGdv5Qg,time,14,13.9165,28,494.76,580,2192.9126171586176,0.22561650371860587,confirmed,0.2887996897175076,15,13,none,0
3udh47o3XTg,UCCZLVYAGIoGvaFUrTyyeaXA,time,5,6.9162,29,6034.48,5098,38855.38218589715,0.1553061800999434,likely,,3,3,none,0
3udh47o3XTg,UCCZLVYAGIoGvaFUrTyyeaXA,time,7,6.9162,29,6034.48,5098,38855.38218589715,0.1553061800999434,likely,,3,3,none,0
3udh47o3XTg,UCCZLVYAGIoGvaFUrTyyeaXA,time,14,13.9162,29,5157.02,5098,36066.931660357935,0.14298473844640908,confirmed,0.06422423128490964,3,3,none,0
qjH5nhHZIGw,UCGuIM34mGnfTDjfd9vwPtAQ,heldout,1,1.9573,32,21214.30,25560,20528.999999999985,1.0333821875089424,early,,15,10,none,0
qjH5nhHZIGw,UCGuIM34mGnfTDjfd9vwPtAQ,heldout,2,1.9573,32,21214.30,25560,20528.999999999985,1.0333821875089424,early,,15,10,none,0
qjH5nhHZIGw,UCGuIM34mGnfTDjfd9vwPtAQ,heldout,3,3.9573,32,20232.88,25560,20528.999999999985,0.9855755389702845,likely,0.4604844888234594,15,10,none,0
qjH5nhHZIGw,UCGuIM34mGnfTDjfd9vwPtAQ,heldout,5,4.9573,32,21389.77,25560,20528.999999999985,1.0419296151957744,likely,0.4410695255147232,15,10,none,0
qjH5nhHZIGw,UCGuIM34mGnfTDjfd9vwPtAQ,heldout,7,6.9573,32,20976.89,25560,20528.999999999985,1.0218175834383372,likely,0.43566214484688764,15,10,none,0
qjH5nhHZIGw,UCGuIM34mGnfTDjfd9vwPtAQ,heldout,14,13.9573,32,22589.39,25560,20528.999999999985,1.1003647190640726,confirmed,0.3677799267367661,15,9,none,0
h2eURoPn7uU,UCzaZ1sPWEuZN-I8_XT6AH8g,time,14,14.9159,29,15786.46,17385,14163.497158570128,1.1145877274686748,confirmed,0.3534579725517043,15,14,none,0
ITbUyiyQckY,UC4SVo0Ue36XCfOyb5Lh1viQ,time,7,7.9381,29,5195.80,5566,6348.309899602211,0.8184538918089461,confirmed,,15,13,none,0
ITbUyiyQckY,UC4SVo0Ue36XCfOyb5Lh1viQ,time,14,13.9381,29,5277.78,5566,6239.465994946465,0.8458711187667031,confirmed,0.2598184340971155,15,10,none,0
t1FEjEtAzsw,UC4ARIU_9FbVtMqvJtpZlDGA,time,5,5.8114,28,18657.13,20878,,,insufficient,,0,0,none,0
t1FEjEtAzsw,UC4ARIU_9FbVtMqvJtpZlDGA,time,7,6.8114,28,20191.33,20878,,,insufficient,0.48920022580189254,0,0,none,0
t1FEjEtAzsw,UC4ARIU_9FbVtMqvJtpZlDGA,time,14,12.8114,28,19292.18,20878,,,insufficient,0.322558910680906,0,0,none,0
iulluNrzRGk,UC675NhQ4EU5TzwCMwYp5XCw,heldout,5,6.8326,29,12271.71,10388,,,insufficient,,0,0,none,0
iulluNrzRGk,UC675NhQ4EU5TzwCMwYp5XCw,time,5,6.8326,29,12271.71,10388,,,insufficient,,0,0,none,0
iulluNrzRGk,UC675NhQ4EU5TzwCMwYp5XCw,heldout,7,6.8326,29,12271.71,10388,,,insufficient,,0,0,none,0
iulluNrzRGk,UC675NhQ4EU5TzwCMwYp5XCw,time,7,6.8326,29,12271.71,10388,,,insufficient,,0,0,none,0
iulluNrzRGk,UC675NhQ4EU5TzwCMwYp5XCw,heldout,14,13.8326,29,10598.19,10388,,,insufficient,0.08019359732440534,0,0,none,0
iulluNrzRGk,UC675NhQ4EU5TzwCMwYp5XCw,time,14,13.8326,29,10598.19,10388,,,insufficient,0.08019359732440534,0,0,none,0
YqeEsJahLeA,UCq33AlEZl8QBmxatFEwknew,time,14,14.3193,29,245.92,259,346.6238946385249,0.7094630339125729,confirmed,0.12738966477096095,15,11,none,0
yxlnqy72HHc,UCcqoA9k6BIY34CnAtrX6Gfg,time,14,14.9570,27,11293.90,10771,2404.065762838493,4.697831866240286,confirmed,0.17130649647288199,15,14,none,0
-vhggYpUPl0,UCS7BAYpqOSaYy-pZp6oO4PA,time,7,7.0126,27,4498.16,3600,14009.425624673475,0.3210807242704998,confirmed,,15,15,none,0
-vhggYpUPl0,UCS7BAYpqOSaYy-pZp6oO4PA,time,14,15.0126,27,3704.25,3600,13128.998401147524,0.2821427382402449,confirmed,0.005246978222034944,15,15,none,0
Y_KgvdF7g-c,UCI8gcSTo1FowsRJdilsjsZw,heldout,5,4.9575,30,631349.71,519125,45806.282428371975,13.783037605021448,likely,,15,15,none,0
Y_KgvdF7g-c,UCI8gcSTo1FowsRJdilsjsZw,heldout,14,12.9575,30,500963.60,519125,48890.312426591656,10.24668438320563,confirmed,0.05080275183100776,15,15,none,0
Fyj8OhfrsbI,UCfYfK0tzHZTpNFrc_NDKfTA,time,7,7.8749,29,1618.18,1429,1684.8371466387534,0.960435738789156,confirmed,,15,15,none,0
Fyj8OhfrsbI,UCfYfK0tzHZTpNFrc_NDKfTA,time,14,14.8749,29,1389.74,1429,1677.121966387912,0.8286458305314947,confirmed,0.07847714215467459,15,13,none,0
uMZzus_nNvk,UCDdF3VYuCTZ9HuEnkGdPkCQ,time,5,5.7657,28,13721.24,14254,,,insufficient,,0,0,none,0
uMZzus_nNvk,UCDdF3VYuCTZ9HuEnkGdPkCQ,time,7,6.7657,28,20275.85,14254,,,insufficient,1.5175258964168286,0,0,none,0
uMZzus_nNvk,UCDdF3VYuCTZ9HuEnkGdPkCQ,time,14,13.7657,28,15671.89,14254,,,insufficient,0.36387537900952127,0,0,none,0
jqe3Bjx8TmU,UCDvZTWvHZPTxJ4K1yTD2a1g,time,14,13.8323,28,81232.09,78272,113075.04154553598,0.7183909521207509,confirmed,,15,14,none,0
cwhCl8VdYh0,UCrfKGpvbEQXcbe68dzXgJuA,time,7,7.9573,27,169479.25,142190,145214.29714970043,1.1670975796694938,confirmed,,15,15,none,0
cwhCl8VdYh0,UCrfKGpvbEQXcbe68dzXgJuA,time,14,11.9573,27,142124.43,142190,144271.9999999999,0.9851144678900591,confirmed,0.05902532875307639,15,11,none,0
Jjlgh9ysvYE,UCJP9OOLkOzsXbb_Bo_kqjTw,heldout,2,2.9477,31,6172.43,5730,26583.907043589752,0.23218667723071054,early,,15,12,none,0
Jjlgh9ysvYE,UCJP9OOLkOzsXbb_Bo_kqjTw,heldout,3,2.9477,31,6172.43,5730,26583.907043589752,0.23218667723071054,early,,15,12,none,0
Jjlgh9ysvYE,UCJP9OOLkOzsXbb_Bo_kqjTw,heldout,5,5.9477,31,6199.11,5730,26922.00000000001,0.23026184321128784,likely,0.37528872904528193,15,10,none,0
Jjlgh9ysvYE,UCJP9OOLkOzsXbb_Bo_kqjTw,heldout,7,6.9477,31,5954.39,5730,26922.00000000001,0.22117184298288384,likely,0.33255690408398014,15,10,none,0
Jjlgh9ysvYE,UCJP9OOLkOzsXbb_Bo_kqjTw,heldout,14,13.9477,31,5741.05,5730,26922.00000000001,0.21324740884497143,confirmed,0.2280346295349058,15,6,none,0
cC-J0ZCUH28,UC67dKTEwpAhKv2oYDATwR8g,time,1,0.9118,28,16532.16,13066,44619.836934797146,0.37051136711372495,early,,15,9,none,0
cC-J0ZCUH28,UC67dKTEwpAhKv2oYDATwR8g,time,2,1.9118,28,12830.97,13066,44658.999999999985,0.2873098344781385,early,0.3823567888667621,15,8,none,0
cC-J0ZCUH28,UC67dKTEwpAhKv2oYDATwR8g,time,3,2.9118,28,11510.56,13066,44658.999999999985,0.2577433356260314,early,0.359240500854155,15,8,none,0
cC-J0ZCUH28,UC67dKTEwpAhKv2oYDATwR8g,time,5,4.9118,28,11684.68,13066,44658.999999999985,0.2616422318060587,likely,0.31616340194607867,15,8,none,0
cC-J0ZCUH28,UC67dKTEwpAhKv2oYDATwR8g,time,7,6.9118,28,12823.81,13066,44658.999999999985,0.28714953203563376,likely,0.3023430323508245,15,8,none,0
cC-J0ZCUH28,UC67dKTEwpAhKv2oYDATwR8g,time,14,13.9118,28,13079.97,13066,44658.999999999985,0.2928853807494329,confirmed,0.27040166687735273,15,7,none,0
oE5KnBISNeU,UCQ_bmgSrYsQS0LboA_tZpEw,heldout,7,7.9989,30,254542.52,231880,193854.14133822167,1.3130620574314238,confirmed,,15,15,none,0
I1eNLPGrkqU,UC2tGWbH6jrsIqTqafdxjyjQ,time,2,2.6665,28,860.94,739,508.509202312406,1.6930614274930547,early,,10,9,none,0
I1eNLPGrkqU,UC2tGWbH6jrsIqTqafdxjyjQ,time,3,2.6665,28,860.94,739,508.509202312406,1.6930614274930547,early,,10,9,none,0
I1eNLPGrkqU,UC2tGWbH6jrsIqTqafdxjyjQ,time,5,4.6665,28,639.70,739,508.509202312406,1.2579821169658876,likely,0.07491227604147513,15,14,none,0
I1eNLPGrkqU,UC2tGWbH6jrsIqTqafdxjyjQ,time,7,6.6665,28,636.52,739,507.3622313953668,1.25455774143773,likely,0.08702775621714634,15,14,none,0
I1eNLPGrkqU,UC2tGWbH6jrsIqTqafdxjyjQ,time,14,13.6665,28,716.33,739,508.90423233494676,1.4075946818829612,confirmed,0.13966051000942492,15,13,none,0
fiwcP1bUdN4,UCB1t-8MBhxyDVabeUcTj0Zw,time,5,5.7650,27,31101.57,24560,,,insufficient,,2,2,none,0
fiwcP1bUdN4,UCB1t-8MBhxyDVabeUcTj0Zw,time,7,6.7650,27,25432.03,24560,,,insufficient,0.08229945923682946,2,2,none,0
fiwcP1bUdN4,UCB1t-8MBhxyDVabeUcTj0Zw,time,14,13.7650,27,24742.54,24560,,,insufficient,0.05873678817553228,2,2,none,0
OIU8pKY9j5A,UCFWjEwhX6cSAKBQ28pufG3w,time,14,13.9551,30,75905.48,81082,14614,5.194024972110161,confirmed,0.42272122251592925,15,11,none,0
V7hZlXGLflQ,UCdR7eGozLjafYMTd2BFnJaQ,heldout,7,7.8744,30,66636.18,80675,43327.50047561834,1.5379651188294128,confirmed,,15,14,none,0
V7hZlXGLflQ,UCdR7eGozLjafYMTd2BFnJaQ,heldout,14,13.8744,30,75515.00,80675,44271.99855105021,1.7057056710978746,confirmed,0.3860531004034279,15,14,none,0
6AF193yWyzQ,UCOCsRROSlsrA31YJgCah32A,time,0.5,0.5313,28,8411.67,4692,13603.581591782375,0.6183424552000383,early,,15,11,none,0
6AF193yWyzQ,UCOCsRROSlsrA31YJgCah32A,time,1,0.5313,28,8411.67,4692,13603.581591782375,0.6183424552000383,early,,15,11,none,0
6AF193yWyzQ,UCOCsRROSlsrA31YJgCah32A,time,2,1.5313,28,5220.69,4692,14047.048861469351,0.3716573105474822,early,0.39458518958024,15,11,none,0
6AF193yWyzQ,UCOCsRROSlsrA31YJgCah32A,time,3,2.5313,28,5444.61,4692,14609.628833020975,0.3726727833768916,early,0.3205233836273409,15,11,none,0
6AF193yWyzQ,UCOCsRROSlsrA31YJgCah32A,time,5,4.5313,28,3840.23,4692,16110.40164673236,0.23836969777921724,likely,0.25445825553680157,15,10,none,0
6AF193yWyzQ,UCOCsRROSlsrA31YJgCah32A,time,7,6.5313,28,5082.00,4692,16021.74265936432,0.3171938249342426,likely,0.25183637437304124,15,10,none,0
6AF193yWyzQ,UCOCsRROSlsrA31YJgCah32A,time,14,13.5313,28,5602.18,4692,15921.000000000007,0.35187354845018065,confirmed,0.2240097786762254,15,7,none,0
uOiE40EKZtQ,UChzLnWVsl3puKQwc5PoO6Zg,time,14,13.5165,28,6041.49,6044,15266.852720285871,0.3957262779162827,confirmed,0.08170825303476166,15,15,none,0
5LOmexHZ1kc,UCXGQTkyIfrJJ7ZT1A9MuJ0A,heldout,3,3.9581,30,99705.42,104600,,,insufficient,,1,1,none,0
5LOmexHZ1kc,UCXGQTkyIfrJJ7ZT1A9MuJ0A,heldout,5,4.9581,30,75070.15,104600,89587.99999999999,0.8379486802520051,likely,0.24952103578583484,15,13,none,0
5LOmexHZ1kc,UCXGQTkyIfrJJ7ZT1A9MuJ0A,heldout,7,6.9581,30,93878.99,104600,89587.99999999999,1.0478968972711769,likely,0.3444901499243684,15,12,none,0
5LOmexHZ1kc,UCXGQTkyIfrJJ7ZT1A9MuJ0A,heldout,14,13.9581,30,98648.11,104600,89587.99999999999,1.1011308308266077,confirmed,0.30563866860501787,15,9,none,0
7k4tQoOSd-8,UCIcCXe3iWo6lq-iWKV40Oug,heldout,14,12.8315,30,18820.55,20029,16836.77081352769,1.1178245035916508,confirmed,,15,14,none,0
RHb2kwaeTi4,UC2OjGgjNiqyLr_1qkqAwsUQ,time,14,13.7650,29,15898.83,15476,10343.266751439429,1.5371191773257813,confirmed,0.012052241101526648,15,13,none,0
z_P7yAHeC4I,UCrzsbcwbAhyxizIs2szrQRA,time,1,1.8737,27,10498.67,14535,9302.923487080776,1.128534177660336,early,,15,15,none,0
z_P7yAHeC4I,UCrzsbcwbAhyxizIs2szrQRA,time,2,1.8737,27,10498.67,14535,9302.923487080776,1.128534177660336,early,,15,15,none,0
z_P7yAHeC4I,UCrzsbcwbAhyxizIs2szrQRA,time,3,2.8737,27,8922.55,14535,9302.923487080776,0.9591122967803577,early,0.4105044519723122,15,15,none,0
z_P7yAHeC4I,UCrzsbcwbAhyxizIs2szrQRA,time,5,4.8737,27,10606.96,14535,9434.933784788329,1.1242216473208184,likely,0.43492943337114787,15,15,none,0
z_P7yAHeC4I,UCrzsbcwbAhyxizIs2szrQRA,time,7,6.8737,27,13463.18,14535,9434.933784788329,1.4269499931249165,likely,0.5511874263598306,15,15,none,0
z_P7yAHeC4I,UCrzsbcwbAhyxizIs2szrQRA,time,14,12.8737,27,15701.36,14535,9745.785898550208,1.6110919643608894,confirmed,0.5033847286778148,15,14,none,0
kzestjld8Ng,UCEh_IoMVGA7NPsx6-2H8Bqw,time,14,14.1689,29,1074.59,1064,1195.332005291826,0.898992572638633,confirmed,0.04235900123329879,15,14,none,0
dfE7KMC9l2Y,UC2lvPVVm0Mv53QK7vdnC-rw,time,14,12.9370,27,10803.53,10838,20971.129067991445,0.5151620855239684,confirmed,,13,12,none,0
E6z36buJS6M,UCtW1WA-bJ4s6l-ZCCT35QBg,time,1,0.9558,30,8214.47,9211,6146.000000000002,1.3365551435513259,early,,15,11,none,0
E6z36buJS6M,UCtW1WA-bJ4s6l-ZCCT35QBg,time,2,1.9558,30,9832.15,9211,6146.000000000002,1.5997641956180693,early,0.8405069204972979,15,11,none,0
E6z36buJS6M,UCtW1WA-bJ4s6l-ZCCT35QBg,time,3,2.9558,30,10014.39,9211,6146.000000000002,1.629415774870785,early,0.6903534788346104,15,9,none,0
E6z36buJS6M,UCtW1WA-bJ4s6l-ZCCT35QBg,time,5,4.9558,30,10987.78,9211,6146.000000000002,1.7877936852655922,likely,0.5678201623989142,15,9,none,0
E6z36buJS6M,UCtW1WA-bJ4s6l-ZCCT35QBg,time,7,6.9558,30,9591.98,9211,6146.000000000002,1.5606868781551548,likely,0.5070138083161154,15,9,none,0
E6z36buJS6M,UCtW1WA-bJ4s6l-ZCCT35QBg,time,14,13.9558,30,9865.90,9211,6146.000000000002,1.6052550164304349,confirmed,0.4527719180115395,15,8,none,0
hz3IaC6LWEA,UCh7mi5sI3BSzKReLzXpgimA,time,5,5.3565,27,73.43,55,58.84611077585548,1.2477717218726807,likely,,15,13,none,0
hz3IaC6LWEA,UCh7mi5sI3BSzKReLzXpgimA,time,7,7.3565,27,59.36,55,58.12254571877874,1.0213612048853875,confirmed,0,15,13,none,0
hz3IaC6LWEA,UCh7mi5sI3BSzKReLzXpgimA,time,14,15.3565,27,56.83,55,56.00000000000002,1.0148128898128894,confirmed,0.019414034813485755,15,8,none,0
9g_MPKyYHTQ,UCJP9OOLkOzsXbb_Bo_kqjTw,heldout,2,2.0207,30,28609.94,35517,24995.041261179842,1.1446247701687893,early,,15,13,none,0
9g_MPKyYHTQ,UCJP9OOLkOzsXbb_Bo_kqjTw,heldout,3,2.0207,30,28609.94,35517,24995.041261179842,1.1446247701687893,early,,15,13,none,0
9g_MPKyYHTQ,UCJP9OOLkOzsXbb_Bo_kqjTw,heldout,14,12.0207,30,40549.49,35517,25166.65131802384,1.6112391148512448,confirmed,0.5056670926544254,15,7,none,0
FqmKVqaLsWM,UCKU0u3VbuYn0wD3CUr-Yn6A,time,5,6.9579,27,3887.40,3651,8494.688318854618,0.45762768971869705,likely,,15,14,none,0
FqmKVqaLsWM,UCKU0u3VbuYn0wD3CUr-Yn6A,time,7,6.9579,27,3887.40,3651,8494.688318854618,0.45762768971869705,likely,,15,14,none,0
FqmKVqaLsWM,UCKU0u3VbuYn0wD3CUr-Yn6A,time,14,14.9579,27,3716.44,3651,8695.641707922858,0.42739135110551196,confirmed,0.14680934302265683,15,12,none,0
fxJJc90d7yg,UCB5Nin2VBUeNLqamqEVh-2A,time,1,0.9687,30,82202.29,75478,47206,1.7413525996795147,early,,15,12,none,0
fxJJc90d7yg,UCB5Nin2VBUeNLqamqEVh-2A,time,2,1.9687,30,95135.75,75478,47206,2.015331663118488,early,0.8618720206472141,15,12,none,0
fxJJc90d7yg,UCB5Nin2VBUeNLqamqEVh-2A,time,3,2.9687,30,96747.58,75478,47206,2.049476394559986,early,0.6441561175003803,15,12,none,0
fxJJc90d7yg,UCB5Nin2VBUeNLqamqEVh-2A,time,5,4.9687,30,82734.26,75478,47206,1.7526217653434124,likely,0.5018456582227352,15,11,none,0
fxJJc90d7yg,UCB5Nin2VBUeNLqamqEVh-2A,time,7,6.9687,30,82389.22,75478,47206,1.745312416117639,likely,0.4579240611591777,15,11,none,0
fxJJc90d7yg,UCB5Nin2VBUeNLqamqEVh-2A,time,14,13.9687,30,80000.98,75478,47206,1.6947206428503245,confirmed,0.35569006875055115,15,9,none,0
cgh4LUT8ZzE,UCrfKGpvbEQXcbe68dzXgJuA,time,14,12.9575,29,111902.49,117892,144271.9999999999,0.7756355689426561,confirmed,0.11071168376389114,15,11,none,0
If1JnWnvptE,UChISHLovxnSLP0w81NEQj5w,time,14,13.7848,29,5959.84,5388,19801.671526047514,0.3009767332749831,confirmed,,15,15,none,0
1pD7d-EsUwc,UCBXQM4wXOpzZPcjXMqecArA,heldout,1,0.9166,32,1857.98,4751,6101.5368244289775,0.30450971742495503,early,,14,12,none,0
1pD7d-EsUwc,UCBXQM4wXOpzZPcjXMqecArA,heldout,2,1.9166,32,1722.44,4751,6692.99514910034,0.25734971094428544,early,0.6006117819155631,15,11,none,0
1pD7d-EsUwc,UCBXQM4wXOpzZPcjXMqecArA,heldout,3,2.9166,32,3325.13,4751,6752.7089184265205,0.4924145474484384,early,0.9752988426035528,15,11,none,0
1pD7d-EsUwc,UCBXQM4wXOpzZPcjXMqecArA,heldout,5,4.9166,32,4009.93,4751,6848.159082269923,0.5855490057782406,likely,0.9051183700643737,15,11,none,0
1pD7d-EsUwc,UCBXQM4wXOpzZPcjXMqecArA,heldout,7,6.9166,32,4223.39,4751,7013.440819287318,0.6021848042228678,likely,0.8518207637927929,15,10,none,0
1pD7d-EsUwc,UCBXQM4wXOpzZPcjXMqecArA,heldout,14,13.9166,32,5350.81,4751,7591.999999999997,0.7047961309506227,confirmed,0.729358890724044,15,7,none,0
uGuOxIClhGY,UCUynOuMTPXvUrTpcFWQ_qDA,time,1,0.9583,27,1718.92,2167,1069.9971967288009,1.6064739411165738,early,,6,4,none,0
uGuOxIClhGY,UCUynOuMTPXvUrTpcFWQ_qDA,time,2,1.9583,27,2162.20,2167,1072.2000950127288,2.0166007979022122,early,0.7601624600711199,6,4,none,0
uGuOxIClhGY,UCUynOuMTPXvUrTpcFWQ_qDA,time,3,2.9583,27,1888.26,2167,1088.0942790643248,1.7353865861293438,early,0.6565150975588808,6,3,none,0
uGuOxIClhGY,UCUynOuMTPXvUrTpcFWQ_qDA,time,5,4.9583,27,2198.75,2167,1163.8590016606954,1.889191904601059,likely,0.6689274601256019,6,3,none,0
uGuOxIClhGY,UCUynOuMTPXvUrTpcFWQ_qDA,time,7,7.9583,27,2330.58,2167,1223.0842982686697,1.90549812639029,confirmed,0.5772277181333612,6,3,none,0
uGuOxIClhGY,UCUynOuMTPXvUrTpcFWQ_qDA,time,14,14.9583,27,2403.25,2167,1228.9999999999995,1.9554476707261532,confirmed,0.4993171058043164,6,2,none,0
FG_h7a3uFJ0,UCUpbDOT-OVNBlaQpb9pbd2w,time,5,5.5422,28,31123.32,23187,31633.82171793968,0.9838622574403593,likely,,15,15,none,0
FG_h7a3uFJ0,UCUpbDOT-OVNBlaQpb9pbd2w,time,7,6.5422,28,25237.44,23187,30862.61163737427,0.8177351874251344,likely,0.02085528538485119,15,15,none,0
FG_h7a3uFJ0,UCUpbDOT-OVNBlaQpb9pbd2w,time,14,13.5422,28,23875.63,23187,28189.212425426897,0.8469776188247107,confirmed,0.01186705132160876,15,15,none,0
4PMVQt9hzn8,UCMrvLMUITAImCHMOhX88PYQ,time,1,0.8750,28,118183.20,127782,63432.07184669414,1.8631457738566526,early,,15,11,none,0
4PMVQt9hzn8,UCMrvLMUITAImCHMOhX88PYQ,time,2,1.8750,28,109748.50,127782,62942.75424199374,1.7436241217727753,early,0.5939544439875752,15,11,none,0
4PMVQt9hzn8,UCMrvLMUITAImCHMOhX88PYQ,time,3,2.8750,28,114890.42,127782,62486.97390514266,1.838629943062352,early,0.49447208706907547,15,11,none,0
4PMVQt9hzn8,UCMrvLMUITAImCHMOhX88PYQ,time,5,4.8750,28,107409.98,127782,61764,1.739038552901509,likely,0.39803744562631344,15,11,none,0
4PMVQt9hzn8,UCMrvLMUITAImCHMOhX88PYQ,time,7,6.8750,28,111913.32,127782,61921.604495400876,1.8073388431734052,likely,0.4065752811758106,15,11,none,0
4PMVQt9hzn8,UCMrvLMUITAImCHMOhX88PYQ,time,14,12.8750,28,127543.32,127782,61833.94824286985,2.0626746972381693,confirmed,0.3713488365440743,15,9,none,0
7INb9mzVWSE,UC4cTmHcWEXfkRdCvFLe4KiQ,time,14,13.9687,30,4810.44,4718,3579.8446542792763,1.3437556033326739,confirmed,,15,13,none,0
EKBqqNFkIz8,UCuTaETsuCOkJ0H_GAztWt0Q,time,14,13.8652,29,130157.17,135946,154299.73091387376,0.8435346562647017,confirmed,0.10253310401900291,15,11,none,0
E72ce8S3JE4,UCBQza5Ie61SqzFNl2lkdNAQ,time,1,0.9791,27,19988.86,22408,32393.40399194605,0.6170657043783562,early,,15,14,none,0
E72ce8S3JE4,UCBQza5Ie61SqzFNl2lkdNAQ,time,2,1.9791,27,22974.17,22408,32383.084943230206,0.7094498460273625,early,0.7495147453561586,15,14,none,0
E72ce8S3JE4,UCBQza5Ie61SqzFNl2lkdNAQ,time,3,2.9791,27,20721.44,22408,32383.084943230206,0.6398848332928769,early,0.6059423429697601,15,14,none,0
E72ce8S3JE4,UCBQza5Ie61SqzFNl2lkdNAQ,time,5,4.9791,27,25471.85,22408,32383.084943230206,0.7865788744860768,likely,0.6176984660637255,15,14,none,0
E72ce8S3JE4,UCBQza5Ie61SqzFNl2lkdNAQ,time,7,6.9791,27,26085.76,22408,32352.378976005177,0.8063011904198798,likely,0.5476762377335561,15,13,none,0
E72ce8S3JE4,UCBQza5Ie61SqzFNl2lkdNAQ,time,14,14.9791,27,24202.51,22408,32232.54477525043,0.7508718365329783,confirmed,0.4288838901296368,15,13,none,0
S2KmStTbL6c,UCQHX6ViZmPsWiYSFAyS0a3Q,heldout,0.5,0.6840,29,564288.07,359637,392989.53187981626,1.4358857460279968,early,,15,15,none,0
S2KmStTbL6c,UCQHX6ViZmPsWiYSFAyS0a3Q,time,0.5,0.6840,29,564288.07,359637,392989.53187981626,1.4358857460279968,early,,15,15,none,0
S2KmStTbL6c,UCQHX6ViZmPsWiYSFAyS0a3Q,heldout,1,0.6840,29,564288.07,359637,392989.53187981626,1.4358857460279968,early,,15,15,none,0
S2KmStTbL6c,UCQHX6ViZmPsWiYSFAyS0a3Q,time,1,0.6840,29,564288.07,359637,392989.53187981626,1.4358857460279968,early,,15,15,none,0
S2KmStTbL6c,UCQHX6ViZmPsWiYSFAyS0a3Q,heldout,2,1.6840,29,507846.67,359637,385728.9104885629,1.3165895941829557,early,0.6935915642148051,15,15,none,0
S2KmStTbL6c,UCQHX6ViZmPsWiYSFAyS0a3Q,time,2,1.6840,29,507846.67,359637,385728.9104885629,1.3165895941829557,early,0.6935915642148051,15,15,none,0
S2KmStTbL6c,UCQHX6ViZmPsWiYSFAyS0a3Q,heldout,3,2.6840,29,427357.02,359637,379107.1449408177,1.1272723909189404,early,0.4567851875424036,15,15,none,0
S2KmStTbL6c,UCQHX6ViZmPsWiYSFAyS0a3Q,time,3,2.6840,29,427357.02,359637,379107.1449408177,1.1272723909189404,early,0.4567851875424036,15,15,none,0
S2KmStTbL6c,UCQHX6ViZmPsWiYSFAyS0a3Q,heldout,5,4.6840,29,413014.21,359637,368088.0379697403,1.1220527927480521,likely,0.3380855207142953,15,15,none,0
S2KmStTbL6c,UCQHX6ViZmPsWiYSFAyS0a3Q,time,5,4.6840,29,413014.21,359637,368088.0379697403,1.1220527927480521,likely,0.3380855207142953,15,15,none,0
S2KmStTbL6c,UCQHX6ViZmPsWiYSFAyS0a3Q,heldout,7,6.6840,29,399343.97,359637,360112.61865891813,1.1089418919320502,likely,0.28884503043787624,15,15,none,0
S2KmStTbL6c,UCQHX6ViZmPsWiYSFAyS0a3Q,time,7,6.6840,29,399343.97,359637,360112.61865891813,1.1089418919320502,likely,0.28884503043787624,15,15,none,0
S2KmStTbL6c,UCQHX6ViZmPsWiYSFAyS0a3Q,heldout,14,13.6840,29,359349.12,359637,347585.5796005918,1.033843587321049,confirmed,0.2247725361226347,15,10,none,0
S2KmStTbL6c,UCQHX6ViZmPsWiYSFAyS0a3Q,time,14,13.6840,29,359349.12,359637,347585.5796005918,1.033843587321049,confirmed,0.2247725361226347,15,10,none,0
uJI5dkS5oo0,UCK_qwlvj4ZQobgDsalN_Pvg,time,0.5,0.7493,27,349.72,2410,2483.0539290740758,0.14084291714611222,early,,15,12,none,0
uJI5dkS5oo0,UCK_qwlvj4ZQobgDsalN_Pvg,time,1,0.7493,27,349.72,2410,2483.0539290740758,0.14084291714611222,early,,15,12,none,0
uJI5dkS5oo0,UCK_qwlvj4ZQobgDsalN_Pvg,time,2,1.7493,27,635.58,2410,2315.615530029874,0.27447383830545774,early,1.9346261346238378,15,12,none,0
uJI5dkS5oo0,UCK_qwlvj4ZQobgDsalN_Pvg,time,3,2.7493,27,1127.63,2410,2237.53239974928,0.5039636032454626,early,2.079193301031502,15,11,none,0
uJI5dkS5oo0,UCK_qwlvj4ZQobgDsalN_Pvg,time,5,4.7493,27,3771.84,2410,2188.518664650803,1.7234652550920142,likely,2.076655716600163,15,11,none,0
uJI5dkS5oo0,UCK_qwlvj4ZQobgDsalN_Pvg,time,7,6.7493,27,4156.71,2410,2213.467183569091,1.877918709715669,likely,1.7910842529937914,15,11,none,0
uJI5dkS5oo0,UCK_qwlvj4ZQobgDsalN_Pvg,time,14,15.7493,27,2805.64,2410,2527.543311960052,1.110024764352454,confirmed,1.2893240299292177,15,9,none,0
pk-D6lXw6Lo,UC8fQzKHIhSoZeSq3bwQx4mw,time,5,6.7976,27,312.30,274,,,insufficient,,0,0,none,0
pk-D6lXw6Lo,UC8fQzKHIhSoZeSq3bwQx4mw,time,7,6.7976,27,312.30,274,,,insufficient,,0,0,none,0
pk-D6lXw6Lo,UC8fQzKHIhSoZeSq3bwQx4mw,time,14,12.7976,27,267.62,274,,,insufficient,0.07604871984441143,0,0,none,0
5xbH27shJQM,UCKmkpoEqg1sOMGEiIysP8Tw,time,3,3.9583,28,81181.79,54870,63155.31159655265,1.2854309294822945,likely,,15,15,none,0
5xbH27shJQM,UCKmkpoEqg1sOMGEiIysP8Tw,time,5,4.9583,28,58524.72,54870,62667.12201996405,0.9338983982388277,likely,0.013059870388824137,15,15,none,0
5xbH27shJQM,UCKmkpoEqg1sOMGEiIysP8Tw,time,7,6.9583,28,56704.82,54870,63449.31635716445,0.893702630256968,likely,0.01558661855957573,15,15,none,0
5xbH27shJQM,UCKmkpoEqg1sOMGEiIysP8Tw,time,14,15.9583,28,53765.89,54870,59480.704993003565,0.9039215990667596,confirmed,0.013123633616731427,15,13,none,0
STAUQ68Lui4,UC6BW8DqrAmBEIeCtMa4bfBw,time,14,14.3850,29,2522.71,2437,3986.423466575651,0.6328249110881999,confirmed,,15,15,none,0
NnbBFh66TQQ,UCLasRuEwYys3CeBhn3NXFXw,time,14,13.3075,28,10611.93,11017,288.38000994875614,36.7984396615808,confirmed,0.7860174724270109,15,15,none,0
AAXWxPfNSzA,UCeHILuUwWmHDQqbocxUvVoA,heldout,14,14.6768,31,4183.08,4008,9130.868865106888,0.45812556751049804,confirmed,,15,13,none,0
x-vaVjdk264,UCcilAnkcu67nJwNlgqVKdXw,time,14,12.6153,27,16936.23,17398,9029.707711786537,1.875612291095956,confirmed,0.10655602058171713,15,11,none,0
CSBM2b8LYKA,UCsvqVGtbbyHaMoevxPAq9Fg,time,14,14.7643,29,7751.55,7779,5480.7803504446965,1.4143144373442802,confirmed,0.05115787693451971,15,15,none,0
npqG2OZXxek,UCFY0YHhxiIQWYYsLgeUBcbg,time,14,13.8322,28,110293.61,118352,99894.77419809735,1.1040979188762836,confirmed,0.4464088319320072,15,14,none,0
eTgsId6Rmes,UCgCsMxVCJs0TSqAIlBxiT7g,heldout,0.5,0.4418,31,5083.91,65185,9128.37858129686,0.5569343603147409,early,,15,14,none,0
eTgsId6Rmes,UCgCsMxVCJs0TSqAIlBxiT7g,heldout,1,0.4418,31,5083.91,65185,9128.37858129686,0.5569343603147409,early,,15,14,none,0
eTgsId6Rmes,UCgCsMxVCJs0TSqAIlBxiT7g,heldout,14,14.4418,31,68769.89,65185,9824.844211896356,6.999591263455682,confirmed,1.4869583905831467,15,14,none,0
R0Dv446wBvc,UCnYMOamNKLGVlJgRUbamveA,time,1,0.9576,29,40429.01,26701,37852.43191044005,1.0680689957115765,early,,14,14,none,0
R0Dv446wBvc,UCnYMOamNKLGVlJgRUbamveA,time,2,1.9576,29,30606.20,26701,36424.68727984272,0.8402598296993368,early,0.3295032362949998,15,15,none,0
R0Dv446wBvc,UCnYMOamNKLGVlJgRUbamveA,time,3,2.9576,29,25189.91,26701,35256.25919164174,0.714480557092829,early,0.2620044534696362,15,15,none,0
R0Dv446wBvc,UCnYMOamNKLGVlJgRUbamveA,time,5,4.9576,29,29309.56,26701,33694.986519276186,0.8698494099009852,likely,0.27041385275593416,15,15,none,0
R0Dv446wBvc,UCnYMOamNKLGVlJgRUbamveA,time,7,6.9576,29,29334.42,26701,32569.216292156878,0.900679397347566,likely,0.25858805720173655,15,15,none,0
R0Dv446wBvc,UCnYMOamNKLGVlJgRUbamveA,time,14,13.9576,29,28206.48,26701,30367.311965652563,0.9288434876326964,confirmed,0.21256991061412542,15,15,none,0
HUH-JIHHQfw,UC5_SBQbLA9Kg7Jh5GpXoP3g,time,1,0.8329,28,15.93,175,770.4139739675793,0.020677085922166723,early,,11,10,none,0
HUH-JIHHQfw,UC5_SBQbLA9Kg7Jh5GpXoP3g,time,2,1.8329,28,29.45,175,770.4139739675793,0.03822299728933256,early,1.5919841218419692,11,10,none,0
HUH-JIHHQfw,UC5_SBQbLA9Kg7Jh5GpXoP3g,time,3,2.8329,28,132.66,175,700.8314693475268,0.18929362350727247,early,3.1656762768721016,15,14,none,0
HUH-JIHHQfw,UC5_SBQbLA9Kg7Jh5GpXoP3g,time,5,4.8329,28,138.21,175,633.8462668121028,0.2180483611322757,likely,2.1702546976311083,15,12,none,0
HUH-JIHHQfw,UC5_SBQbLA9Kg7Jh5GpXoP3g,time,7,7.8329,28,154.85,175,604.0025218425035,0.2563765914404007,confirmed,1.7564277165334627,15,12,none,0
HUH-JIHHQfw,UC5_SBQbLA9Kg7Jh5GpXoP3g,time,14,13.8329,28,177.98,175,564.4770593641629,0.3153040930735808,confirmed,1.4366890670597519,15,12,none,0
X-MwP-HotfE,UCzQUP1qoWDoEbmsQxvdjxgQ,time,14,13.7912,29,639485.04,647794,638017.1776821623,1.0023006684274771,confirmed,0.08079920319707673,15,11,none,0
ynu_7PUh0Zs,UCH6Oc4MAJzzmK0SM805ZnjQ,time,2,2.9368,28,2042.15,2843,3933.9854222087015,0.5191045304868439,early,,15,14,none,0
ynu_7PUh0Zs,UCH6Oc4MAJzzmK0SM805ZnjQ,time,3,2.9368,28,2042.15,2843,3933.9854222087015,0.5191045304868439,early,,15,14,none,0
ynu_7PUh0Zs,UCH6Oc4MAJzzmK0SM805ZnjQ,time,5,5.9368,28,2230.78,2843,4018.8775300064667,0.5550764461580401,likely,0.3950116998787883,15,14,none,0
ynu_7PUh0Zs,UCH6Oc4MAJzzmK0SM805ZnjQ,time,7,6.9368,28,2210.69,2843,4018.8775300064667,0.5500772260855605,likely,0.43146116585731176,15,14,none,0
ynu_7PUh0Zs,UCH6Oc4MAJzzmK0SM805ZnjQ,time,14,13.9368,28,2762.60,2843,4268.277038066424,0.6472403892936129,confirmed,0.45508601572857244,15,13,none,0
CEZht9HDU7o,UCc11676iKpKrJMYqNYHqNig,time,7,8.2083,28,4316.82,4383,3060.3273056692733,1.4105745685817184,confirmed,,15,14,none,0
CEZht9HDU7o,UCc11676iKpKrJMYqNYHqNig,time,14,13.2083,28,4251.33,4383,3078.5855209766605,1.380936344183867,confirmed,0.236320513102774,15,13,none,0
OnwxoND5icQ,UCJ901NqoRaXMnIm7aOjLyuA,heldout,1,0.7747,29,357483.21,501583,397555.3812064474,0.8992035470009033,early,,15,10,none,0
OnwxoND5icQ,UCJ901NqoRaXMnIm7aOjLyuA,time,1,0.7747,29,357483.21,501583,397555.3812064474,0.8992035470009033,early,,15,10,none,0
OnwxoND5icQ,UCJ901NqoRaXMnIm7aOjLyuA,heldout,2,1.7747,29,437901.06,501583,395794.56777459336,1.1063847159346802,early,0.9206583288214908,15,10,none,0
OnwxoND5icQ,UCJ901NqoRaXMnIm7aOjLyuA,time,2,1.7747,29,437901.06,501583,395794.56777459336,1.1063847159346802,early,0.9206583288214908,15,10,none,0
OnwxoND5icQ,UCJ901NqoRaXMnIm7aOjLyuA,heldout,3,2.7747,29,472920.38,501583,395410.44626201515,1.1960240020832047,early,0.6797103494162129,15,10,none,0
OnwxoND5icQ,UCJ901NqoRaXMnIm7aOjLyuA,time,3,2.7747,29,472920.38,501583,395410.44626201515,1.1960240020832047,early,0.6797103494162129,15,10,none,0
OnwxoND5icQ,UCJ901NqoRaXMnIm7aOjLyuA,heldout,5,4.7747,29,401727.47,501583,395816.6583142757,1.0149332081289246,likely,0.5681049003787749,15,9,none,0
OnwxoND5icQ,UCJ901NqoRaXMnIm7aOjLyuA,time,5,4.7747,29,401727.47,501583,395816.6583142757,1.0149332081289246,likely,0.5681049003787749,15,9,none,0
OnwxoND5icQ,UCJ901NqoRaXMnIm7aOjLyuA,heldout,7,6.7747,29,414957.10,501583,395956.47134432197,1.0479866699232352,likely,0.5540677127145882,15,9,none,0
OnwxoND5icQ,UCJ901NqoRaXMnIm7aOjLyuA,time,7,6.7747,29,414957.10,501583,395956.47134432197,1.0479866699232352,likely,0.5540677127145882,15,9,none,0
OnwxoND5icQ,UCJ901NqoRaXMnIm7aOjLyuA,heldout,14,14.7747,29,531181.93,501583,398918.97089128295,1.331553455065183,confirmed,0.5115566269709539,15,6,none,0
OnwxoND5icQ,UCJ901NqoRaXMnIm7aOjLyuA,time,14,14.7747,29,531181.93,501583,398918.97089128295,1.331553455065183,confirmed,0.5115566269709539,15,6,none,0
eXwUnRlQc1M,UCg_6LRcTUvdlwjnimkKxKxA,time,5,5.3938,28,67.99,69,,,insufficient,,2,2,none,0
eXwUnRlQc1M,UCg_6LRcTUvdlwjnimkKxKxA,time,7,7.3938,28,58.26,69,,,insufficient,0.21409360694790153,2,2,none,0
eXwUnRlQc1M,UCg_6LRcTUvdlwjnimkKxKxA,time,14,13.3938,28,64.13,69,,,insufficient,0.20396836567794635,2,2,none,0
ria70BFUIrs,UCnmGIkw-KdI0W5siakKPKog,heldout,14,12.8739,30,3448038.73,3725481,4476416.008238964,0.7702677145568785,confirmed,,15,15,none,0
kbs1XMHabz8,UCSJhfA8s9mLYTfavcV5yoHA,heldout,14,14.1458,27,1897.90,1861,1068.6689648234455,1.775944164938869,confirmed,0.20026268587898374,15,13,none,0
N4-K3TmP8BQ,UCll3zdukvI1oWlG-F13UCZw,heldout,14,12.9994,29,3520.26,3216,1165.3423875415142,3.0207980340577203,confirmed,,15,9,none,0
GwuxefNfx4U,UC2E4tXgSUeD5S9W6fGPoTsA,time,5,5.3953,28,528.94,510,,,insufficient,,1,1,none,0
GwuxefNfx4U,UC2E4tXgSUeD5S9W6fGPoTsA,time,7,7.3953,28,546.65,510,,,insufficient,0.3767916267068624,1,1,none,0
GwuxefNfx4U,UC2E4tXgSUeD5S9W6fGPoTsA,time,14,13.3953,28,529.46,510,,,insufficient,0.24097877361668893,1,1,none,0
JqR-SLQDMwI,UCzJCrbhgN4ahgRq0BnI9g6w,time,14,13.9579,29,1733.89,1897,3507.4101137729385,0.49435028588694874,confirmed,0.272647386206668,15,14,none,0
UokgAhHN4gM,UC99GtVg2esxExp_J0uPxO-g,heldout,2,2.6257,30,235153.22,202509,147814.34472770436,1.5908687087465914,early,,15,14,none,0
UokgAhHN4gM,UC99GtVg2esxExp_J0uPxO-g,heldout,3,2.6257,30,235153.22,202509,147814.34472770436,1.5908687087465914,early,,15,14,none,0
UokgAhHN4gM,UC99GtVg2esxExp_J0uPxO-g,heldout,5,6.6257,30,186458.28,202509,147293.86714531813,1.265893049249241,likely,0.18047186231610987,15,14,none,0
UokgAhHN4gM,UC99GtVg2esxExp_J0uPxO-g,heldout,7,6.6257,30,186458.28,202509,147293.86714531813,1.265893049249241,likely,0.18047186231610987,15,14,none,0
UokgAhHN4gM,UC99GtVg2esxExp_J0uPxO-g,heldout,14,13.6257,30,193203.58,202509,146275.0711680207,1.3208236830742754,confirmed,0.1405454537689297,15,13,none,0
dsnVXpwNm8I,UCsvqVGtbbyHaMoevxPAq9Fg,time,14,13.9371,29,2482.02,2493,5486.008133746173,0.4524265009960092,confirmed,0.43468008080012777,15,15,none,0
emTHA3aquoQ,UCrtPXCqjm9c7nqgJL-vBSZg,time,5,5.0885,27,9624.76,10046,6535.999999999997,1.472576389948253,likely,0.6745049420827912,15,14,none,0
emTHA3aquoQ,UCrtPXCqjm9c7nqgJL-vBSZg,time,7,7.0885,27,12314.82,10046,6535.999999999997,1.8841520231476372,confirmed,0.6775384499625514,15,12,none,0
emTHA3aquoQ,UCrtPXCqjm9c7nqgJL-vBSZg,time,14,13.0885,27,9826.35,10046,6535.999999999997,1.5034194453998273,confirmed,0.4130393264695225,15,10,none,0
ryw3VaWMPiw,UCDAbrXOj2yIrzj8QE4jC-Og,time,5,5.8321,28,3780.11,3528,,,insufficient,,1,1,none,0
ryw3VaWMPiw,UCDAbrXOj2yIrzj8QE4jC-Og,time,7,6.8321,28,3725.07,3528,,,insufficient,0.40218598353349233,1,1,none,0
ryw3VaWMPiw,UCDAbrXOj2yIrzj8QE4jC-Og,time,14,12.8321,28,3668.14,3528,,,insufficient,0.2331833115164213,1,1,none,0
2ElucWj2yR0,UCGpsgNbzdF7BECCVbB1COHw,time,7,7.9591,27,7182.95,6166,4572.854982702155,1.5707794161050626,confirmed,,10,10,none,0
2ElucWj2yR0,UCGpsgNbzdF7BECCVbB1COHw,time,14,14.9591,27,6163.42,6166,6216.63581919279,0.9914397654421807,confirmed,0.07749293113042105,15,15,none,0
v1xUWEU2HFA,UCS7BAYpqOSaYy-pZp6oO4PA,time,14,13.9570,30,10246.88,10556,14155.9717878007,0.7238555975867337,confirmed,0.08005127770583496,15,15,none,0
fyxoI-3cpEo,UC29ju8bIPH5as8OGnQzwJyA,time,5,6.8284,28,45193.12,46681,,,insufficient,,0,0,none,0
fyxoI-3cpEo,UC29ju8bIPH5as8OGnQzwJyA,time,7,6.8284,28,45193.12,46681,,,insufficient,,0,0,none,0
fyxoI-3cpEo,UC29ju8bIPH5as8OGnQzwJyA,time,14,13.8284,28,47718.33,46681,,,insufficient,0.2695041148332749,0,0,none,0
d8FyWx5J5i4,UCg2EPgrZtxyZPdaprLgSqpQ,time,5,6.4119,29,167.48,165,,,insufficient,,1,1,none,0
d8FyWx5J5i4,UCg2EPgrZtxyZPdaprLgSqpQ,time,7,7.4119,29,148.41,165,,,insufficient,0.11793267675304299,1,1,none,0
d8FyWx5J5i4,UCg2EPgrZtxyZPdaprLgSqpQ,time,14,14.4119,29,167.40,165,,,insufficient,0.20026317977093536,1,1,none,0
GRD0iWXan5s,UCU_n6cNknf6JlgnoVWEyTWw,time,14,14.0130,28,848.31,873,2201.0219896212543,0.3854163090191326,confirmed,0.11606570203081758,15,12,none,0
Wjyut4PVTKg,UC-b3c7kxa5vU-bnmaROgvog,time,5,4.9371,27,8769.03,11234,,,insufficient,,1,1,none,0
Wjyut4PVTKg,UC-b3c7kxa5vU-bnmaROgvog,time,7,6.9371,27,10328.24,11234,,,insufficient,0.5223211292406602,1,1,none,0
Wjyut4PVTKg,UC-b3c7kxa5vU-bnmaROgvog,time,14,12.9371,27,10810.74,11234,,,insufficient,0.4223124870945328,1,1,none,0
QCXmhhMlb2A,UCPb5icVxZvFpmORSjDKrrnw,time,1,0.7923,28,16970.67,12909,18973.96844928706,0.894418607709893,early,,15,13,none,0
QCXmhhMlb2A,UCPb5icVxZvFpmORSjDKrrnw,time,2,2.7923,28,18945.99,12909,18872.67675513638,1.0038848844509436,early,0.6956269182540485,15,12,none,0
QCXmhhMlb2A,UCPb5icVxZvFpmORSjDKrrnw,time,3,2.7923,28,18945.99,12909,18872.67675513638,1.0038848844509436,early,0.6956269182540485,15,12,none,0
QCXmhhMlb2A,UCPb5icVxZvFpmORSjDKrrnw,time,5,4.7923,28,15861.47,12909,18761.218114144518,0.8454393968976721,likely,0.4649473647065772,15,12,none,0
QCXmhhMlb2A,UCPb5icVxZvFpmORSjDKrrnw,time,7,6.7923,28,15619.58,12909,18647.580170981564,0.8376198345823251,likely,0.39428079173974684,15,12,none,0
QCXmhhMlb2A,UCPb5icVxZvFpmORSjDKrrnw,time,14,12.7923,28,13772.67,12909,18349,0.7505951204368838,confirmed,0.31123105782267124,15,10,none,0
NjClGJvFyFk,UCz4GCx3ieKlpkMnIpQG8u4w,time,3,3.7497,27,22105.32,18274,31238.599207526448,0.7076283594662187,likely,,11,11,none,0
NjClGJvFyFk,UCz4GCx3ieKlpkMnIpQG8u4w,time,5,4.7497,27,16372.10,18274,31345.745959053827,0.5223068988011509,likely,0.15388105169752322,14,14,none,0
NjClGJvFyFk,UCz4GCx3ieKlpkMnIpQG8u4w,time,7,6.7497,27,16870.40,18274,31914.622706979684,0.5286104020057901,likely,0.19598552312932008,15,14,none,0
NjClGJvFyFk,UCz4GCx3ieKlpkMnIpQG8u4w,time,14,13.7497,27,18093.06,18274,33748.77938459922,0.5361101071338523,confirmed,0.156383183572682,15,13,none,0
Nj1MZxYhQIs,UCClMPKqtJ1LbRBCDP948g5Q,time,5,6.0700,27,5277.65,4648,3543.937999754708,1.489205594551645,likely,,15,15,none,0
Nj1MZxYhQIs,UCClMPKqtJ1LbRBCDP948g5Q,time,7,7.0700,27,4649.09,4648,3543.937999754708,1.3118427980736727,confirmed,0.06822846154455915,15,14,none,0
Nj1MZxYhQIs,UCClMPKqtJ1LbRBCDP948g5Q,time,14,15.0700,27,4682.75,4648,3983.0061846726794,1.1756829845689591,confirmed,0.09526770477153909,15,11,none,0
kNBH1OgdbEw,UC-No2ITxJsNt50oJQ3fLmUA,time,14,13.7004,29,128174.85,122959,82175.83386263318,1.5597633199266987,confirmed,,15,13,none,0
lTfkgBNNqN8,UCLBVA29QFjSo3c8NpGD89lw,time,5,4.7909,28,1586.83,2172,,,insufficient,,5,5,none,0
lTfkgBNNqN8,UCLBVA29QFjSo3c8NpGD89lw,time,7,6.7909,28,1656.43,2172,,,insufficient,0.3793199211944468,13,13,none,0
lTfkgBNNqN8,UCLBVA29QFjSo3c8NpGD89lw,time,14,13.7909,28,1891.62,2172,,,insufficient,0.348453892308343,13,13,none,0
JjjJydJuxOQ,UC2RAGL6c9iQZ0H8PHCLZY_w,time,5,4.5206,27,2045.06,1658,,,insufficient,,0,0,none,0
JjjJydJuxOQ,UC2RAGL6c9iQZ0H8PHCLZY_w,time,7,6.5206,27,1588.54,1658,,,insufficient,-0.12944405690767866,0,0,none,0
JjjJydJuxOQ,UC2RAGL6c9iQZ0H8PHCLZY_w,time,14,12.5206,27,1575.73,1658,,,insufficient,0.0154803355208634,0,0,none,0
ghMJA3J7JiE,UCWnlQMQ-ACfhpD68yWRsnJw,time,5,6.7915,28,20414.23,18343,34724.40985500922,0.5878926707161288,likely,,6,6,none,0
ghMJA3J7JiE,UCWnlQMQ-ACfhpD68yWRsnJw,time,7,6.7915,28,20414.23,18343,34724.40985500922,0.5878926707161288,likely,,6,6,none,0
ghMJA3J7JiE,UCWnlQMQ-ACfhpD68yWRsnJw,time,14,13.7915,28,18087.29,18343,61341.33377149062,0.29486295439329463,confirmed,0.11980382566987824,15,14,none,0
4HYm1xo7PAg,UCZPqG0yh_xPm2AyLjffbDvw,heldout,5,4.8332,30,73351.73,91935,64109.45783631761,1.1441638906441969,likely,,15,13,none,0
4HYm1xo7PAg,UCZPqG0yh_xPm2AyLjffbDvw,heldout,7,7.8332,30,81106.94,91935,64140.81089917636,1.2645137898399608,confirmed,0.40993962993431077,15,13,none,0
4HYm1xo7PAg,UCZPqG0yh_xPm2AyLjffbDvw,heldout,14,13.8332,30,87182.99,91935,66359.30731830727,1.3138020099206817,confirmed,0.3287106740131436,15,11,none,0
eQH5AMqpuYU,UCXGR70CkW_pXb8n52LzCCRw,time,1,1.0825,28,305173.96,370931,385168.91860630154,0.7923120208165964,early,,15,12,none,0
eQH5AMqpuYU,UCXGR70CkW_pXb8n52LzCCRw,time,2,2.0825,28,353561.41,370931,385902.3767280844,0.916193911553167,early,0.760248825036813,15,11,none,0
eQH5AMqpuYU,UCXGR70CkW_pXb8n52LzCCRw,time,3,3.0825,28,351233.32,370931,385734.02723251295,0.9105583116492395,likely,0.6248292540358318,15,11,none,0
eQH5AMqpuYU,UCXGR70CkW_pXb8n52LzCCRw,time,5,5.0825,28,358240.31,370931,379462.556191846,0.9440728835588574,likely,0.5698287299158916,15,10,none,0
eQH5AMqpuYU,UCXGR70CkW_pXb8n52LzCCRw,time,7,7.0825,28,360462.49,370931,383259.91182109667,0.9405170681085577,confirmed,0.5404075792278089,15,10,none,0
eQH5AMqpuYU,UCXGR70CkW_pXb8n52LzCCRw,time,14,13.0825,28,368320.21,370931,382748.80235992203,0.962302723108513,confirmed,0.47364283267717844,15,6,none,0
h6oSGYIQSxo,UCbY9xX3_jW5c2fjlZVBI4cg,time,14,14.3587,28,4125.82,4218,35719.67534967435,0.11550562104593426,confirmed,0.12701405104408298,15,15,none,0
I1G0PGxQ9RY,UCll3zdukvI1oWlG-F13UCZw,time,1,0.8972,29,5506.72,2638,4472.748795262121,1.2311708900769276,early,,15,15,none,0
I1G0PGxQ9RY,UCll3zdukvI1oWlG-F13UCZw,time,2,1.8972,29,3555.57,2638,4462.331043055699,0.7967968647915017,early,0.15925470876276343,15,15,none,0
I1G0PGxQ9RY,UCll3zdukvI1oWlG-F13UCZw,time,3,2.8972,29,3073.34,2638,4462.257349832577,0.6887401715254514,early,0.10324860847636445,15,15,none,0
I1G0PGxQ9RY,UCll3zdukvI1oWlG-F13UCZw,time,5,4.8972,29,2878.06,2638,4499.823169878216,0.6395939185758229,likely,0.08425069901128365,15,15,none,0
I1G0PGxQ9RY,UCll3zdukvI1oWlG-F13UCZw,time,7,6.8972,29,2800.01,2638,4512.751892187033,0.6204656077089635,likely,0.07335929570983812,15,15,none,0
I1G0PGxQ9RY,UCll3zdukvI1oWlG-F13UCZw,time,14,13.8972,29,2635.07,2638,4608.017415126764,0.571844937795078,confirmed,0.05720148520903392,15,12,none,0
SqtF-D4tPuI,UCwSozl89jl2zUDzQ4jGJD3g,time,14,14.7228,28,58716.31,57821,26856.63072470508,2.186287130836193,confirmed,0.1537513550895494,15,14,none,0
wofvXUnbdBg,UCPAt6z5uX_c5Eo_cSNROzYw,time,7,8.7996,28,499.94,406,4126.788386819848,0.1211438636962628,confirmed,,15,15,none,0
wofvXUnbdBg,UCPAt6z5uX_c5Eo_cSNROzYw,time,14,13.7996,28,413.31,406,3835.8922214233066,0.10774693068729037,confirmed,0.018261022307738888,15,15,none,0
GcdPwJvIfnk,UC6BW8DqrAmBEIeCtMa4bfBw,time,14,13.1835,27,4334.93,3938,3757.8739218744627,1.1535604305427496,confirmed,,15,15,none,0
gY0u23USApk,UC6BW8DqrAmBEIeCtMa4bfBw,time,14,15.2591,27,64.58,66,3673.903626850941,0.017578950941616957,confirmed,0.723816998239705,15,15,none,0
Pc4O99PeSCs,UC9BNGVGr_lvbn3d23ckuVOA,time,5,5.9373,28,39929.07,45323,,,insufficient,,0,0,none,0
Pc4O99PeSCs,UC9BNGVGr_lvbn3d23ckuVOA,time,7,6.9373,28,43374.47,45323,,,insufficient,0.5254333914727246,0,0,none,0
Pc4O99PeSCs,UC9BNGVGr_lvbn3d23ckuVOA,time,14,13.9373,28,44876.20,45323,,,insufficient,0.3492576503140063,0,0,none,0
WsxWpt-1WoI,UC8DqDLFZCni7Jkys3N3818w,time,5,4.8174,27,42.15,95,37.12552582593394,1.1353982605498691,likely,,6,6,none,0
WsxWpt-1WoI,UC8DqDLFZCni7Jkys3N3818w,time,7,6.8174,27,50.92,95,45.97481936590564,1.1075344637083746,likely,0.5987507004677219,6,6,none,0
WsxWpt-1WoI,UC8DqDLFZCni7Jkys3N3818w,time,14,12.8174,27,78.51,95,48.02803406420108,1.634735211852058,confirmed,0.8012540060098736,6,6,none,0
2unhG4BAVF4,UCq33AlEZl8QBmxatFEwknew,time,14,13.3085,27,192.40,200,314.84454107756517,0.6110902634481435,confirmed,0.21411176751531963,15,12,none,0
0f6_pRAIJjI,UCg5WjzrwxRRUUDf7WHKPzsA,time,1,0.9375,27,18927.84,29578,38586.57030247478,0.4905292973312759,early,,15,11,none,0
0f6_pRAIJjI,UCg5WjzrwxRRUUDf7WHKPzsA,time,2,1.9375,27,26968.87,29578,38586.57030247478,0.6989185970670907,early,0.9899939116531613,15,11,none,0
0f6_pRAIJjI,UCg5WjzrwxRRUUDf7WHKPzsA,time,3,2.9375,27,31375.70,29578,38586.57030247478,0.8131249984183523,early,0.8025894961587687,15,11,none,0
0f6_pRAIJjI,UCg5WjzrwxRRUUDf7WHKPzsA,time,5,4.9375,27,26491.65,29578,38586.57030247478,0.6865510827101283,likely,0.6935900691260188,15,10,none,0
0f6_pRAIJjI,UCg5WjzrwxRRUUDf7WHKPzsA,time,7,6.9375,27,26790.12,29578,38586.57030247478,0.694285998208987,likely,0.6408726276642518,15,10,none,0
0f6_pRAIJjI,UCg5WjzrwxRRUUDf7WHKPzsA,time,14,12.9375,27,31605.02,29578,39305.1052245646,0.8040944553878747,confirmed,0.5562138327916234,15,9,none,0
OrNqEcNkoF0,UCAuUUnT6oDeKwE6v1NGQxug,heldout,5,6.8745,29,47958.51,60994,,,insufficient,,1,1,none,0
OrNqEcNkoF0,UCAuUUnT6oDeKwE6v1NGQxug,time,5,6.8745,29,47958.51,60994,,,insufficient,,1,1,none,0
OrNqEcNkoF0,UCAuUUnT6oDeKwE6v1NGQxug,heldout,7,6.8745,29,47958.51,60994,,,insufficient,,1,1,none,0
OrNqEcNkoF0,UCAuUUnT6oDeKwE6v1NGQxug,time,7,6.8745,29,47958.51,60994,,,insufficient,,1,1,none,0
OrNqEcNkoF0,UCAuUUnT6oDeKwE6v1NGQxug,heldout,14,13.8745,29,58663.48,60994,,,insufficient,0.43360756572434633,1,1,none,0
OrNqEcNkoF0,UCAuUUnT6oDeKwE6v1NGQxug,time,14,13.8745,29,58663.48,60994,,,insufficient,0.43360756572434633,1,1,none,0
KihWWM1TE-w,UCfa9hkgsTHfK8bpDoiQZI5g,time,1,0.7756,29,2593.92,2235,2817.2164189363793,0.9207391004964661,early,,14,14,none,0
KihWWM1TE-w,UCfa9hkgsTHfK8bpDoiQZI5g,time,2,1.7756,29,2298.32,2235,3231.5374778918167,0.7112145625681675,early,0.6887863354205369,15,15,none,0
KihWWM1TE-w,UCfa9hkgsTHfK8bpDoiQZI5g,time,3,2.7756,29,2495.24,2235,3270.5775276911727,0.7629368129324166,early,0.5954185924919033,15,15,none,0
KihWWM1TE-w,UCfa9hkgsTHfK8bpDoiQZI5g,time,5,4.7756,29,2439.88,2235,3261.10206989515,0.7481756032728881,likely,0.49997745686213413,15,15,none,0
KihWWM1TE-w,UCfa9hkgsTHfK8bpDoiQZI5g,time,7,6.7756,29,2380.65,2235,3216.0566633024446,0.7402384339962068,likely,0.4421230491574299,15,15,none,0
KihWWM1TE-w,UCfa9hkgsTHfK8bpDoiQZI5g,time,14,14.7756,29,2465.50,2235,3101.4699184946444,0.7949461039812206,confirmed,0.35487503798981807,15,11,none,0
PqS_AMc-3iY,UCK09g6gYGMvU-0x1VCF1hgA,time,14,13.7498,29,61161.85,57945,38995.384422721545,1.5684381829627034,confirmed,0.23523921227533204,15,15,none,0
0OyZqtutPtY,UC1CL9_o8c7sXfiMWJuTLp-Q,time,5,5.4827,27,1953.96,1681,,,insufficient,,0,0,none,0
0OyZqtutPtY,UC1CL9_o8c7sXfiMWJuTLp-Q,time,7,7.4827,27,1644.61,1681,,,insufficient,0.14964041315432672,0,0,none,0
0OyZqtutPtY,UC1CL9_o8c7sXfiMWJuTLp-Q,time,14,13.4827,27,1647.02,1681,,,insufficient,0.12899510722201896,0,0,none,0
ojhwWvs9lZQ,UCI4uVUontY0y9hiGFlJ-lBA,time,1,0.8324,29,1444.31,1842,1991.7939508271443,0.7251314211191483,early,,15,10,none,0
ojhwWvs9lZQ,UCI4uVUontY0y9hiGFlJ-lBA,time,2,1.8324,29,1715.85,1842,1984.1268712483468,0.8647907059150818,early,1.0112204643741078,15,10,none,0
ojhwWvs9lZQ,UCI4uVUontY0y9hiGFlJ-lBA,time,3,2.8324,29,1794.99,1842,1984.1268712483468,0.904677468366376,early,0.8519243134253508,15,10,none,0
ojhwWvs9lZQ,UCI4uVUontY0y9hiGFlJ-lBA,time,5,4.8324,29,1892.81,1842,1976.4081264723336,0.9577033432626402,likely,0.7011067074609493,15,10,none,0
ojhwWvs9lZQ,UCI4uVUontY0y9hiGFlJ-lBA,time,7,6.8324,29,1899.13,1842,1976.4081264723336,0.9608995992401184,likely,0.64082207605875,15,10,none,0
ojhwWvs9lZQ,UCI4uVUontY0y9hiGFlJ-lBA,time,14,14.8324,29,2102.58,1842,1953.3681333261889,1.0763888233418268,confirmed,0.5264734496345475,15,10,none,0
7w7eSJc3RXc,UCMekTeLUP4PllG4z53Qny2Q,time,5,5.7767,29,5583.13,4904,617.2411058934824,9.045305688105888,likely,,15,15,none,0
7w7eSJc3RXc,UCMekTeLUP4PllG4z53Qny2Q,time,7,6.7767,29,5475.37,4904,622.3296026436201,8.798175861623559,likely,0.3640687517779246,15,14,none,0
7w7eSJc3RXc,UCMekTeLUP4PllG4z53Qny2Q,time,14,13.7767,29,5073.01,4904,634.170661669312,7.999446160105687,confirmed,0.16428028102597622,15,10,none,0
Z9CC0_NTf5g,UC0T6MVd3wQDB5ICAe45OxaQ,time,14,15.9159,27,14956.50,14771,9512.999999999998,1.5722166384418044,confirmed,0.07633489594673869,15,13,none,0
jZTtx24pQ6c,UCoNTMWgGuXtGPLv9UeJZwBw,heldout,5,6.6667,31,454578.26,533130,332846.8867318904,1.3657278363026641,likely,,15,15,none,0
jZTtx24pQ6c,UCoNTMWgGuXtGPLv9UeJZwBw,heldout,7,6.6667,31,454578.26,533130,332846.8867318904,1.3657278363026641,likely,,15,15,none,0
jZTtx24pQ6c,UCoNTMWgGuXtGPLv9UeJZwBw,heldout,14,13.6667,31,475120.34,533130,333192.83796828095,1.4259620398926094,confirmed,0.24970490768879883,15,14,none,0
48TlRDENkfc,UC4XsiyKOEWxdW0jpNyKsNEw,heldout,14,11.3080,32,55.42,83,133.2770208317631,0.4158239195942241,confirmed,,11,11,none,0
umeNwM4IfCQ,UClZT1TPdg5Hrx2HPmkALofw,time,14,14.9692,27,781.55,807,763.7152770971636,1.0233534963145687,confirmed,0.16419852439380495,15,11,none,0
RP9UUtdx6as,UCRQc4NTDrz0Qncp7zx3YM1g,time,14,14.0621,29,23718.13,25871,6791.999999999998,3.492068109138684,confirmed,0.3180870316614419,15,10,none,0
Bkkps-ycDBU,UCll3zdukvI1oWlG-F13UCZw,time,1,1.0214,27,7163.05,3897,4184.377153811539,1.7118567863248355,early,,15,15,none,0
Bkkps-ycDBU,UCll3zdukvI1oWlG-F13UCZw,time,2,2.0214,27,4714.68,3897,4134.000070240825,1.1404648719263557,early,0.21551408641596015,15,15,none,0
Bkkps-ycDBU,UCll3zdukvI1oWlG-F13UCZw,time,3,3.0214,27,4094.46,3897,4091.632743681053,1.000692082564371,likely,0.14281209442429552,15,15,none,0
Bkkps-ycDBU,UCll3zdukvI1oWlG-F13UCZw,time,5,5.0214,27,3910.01,3897,4051.9793457708647,0.9649630523532283,likely,0.12734925630283217,15,15,none,0
Bkkps-ycDBU,UCll3zdukvI1oWlG-F13UCZw,time,7,7.0214,27,3941.12,3897,4017.9785371984535,0.9808707256952169,confirmed,0.1331295888869722,15,15,none,0
Bkkps-ycDBU,UCll3zdukvI1oWlG-F13UCZw,time,14,13.0214,27,3961.54,3897,3918.4175699933467,1.0110040271920782,confirmed,0.12522104196285824,15,14,none,0
49PhdIW0Neo,UCQr41WBbI0oGTsYTm2FB99g,time,5,5.4231,29,25240.03,30337,157053.0286091579,0.1607102709494215,likely,0.13473297345274243,15,13,none,0
49PhdIW0Neo,UCQr41WBbI0oGTsYTm2FB99g,time,7,7.4231,29,25324.29,30337,156160.1183044208,0.16216874888296007,confirmed,0.1423977512936613,15,13,none,0
49PhdIW0Neo,UCQr41WBbI0oGTsYTm2FB99g,time,14,13.4231,29,26815.12,30337,151511.83281438035,0.17698369529595384,confirmed,0.13411675801272221,15,11,none,0
pFxmj3nAKew,UCyO9K3_tU2OTrNljdHm7L_g,time,14,14.0406,29,3687.63,3815,3007.5100802296,1.22614109677538,confirmed,,15,15,none,0
mShn2vqGGEg,UCALhpooWFKJXRKWaU3vgSzA,heldout,14,13.4219,28,5004.53,5149,2713.717350346984,1.8441615761196883,confirmed,0.14889980967504307,15,11,none,0
mShn2vqGGEg,UCALhpooWFKJXRKWaU3vgSzA,time,14,13.4219,28,5004.53,5149,2713.717350346984,1.8441615761196883,confirmed,0.14889980967504307,15,11,none,0
z3h5rxz-IKw,UC0wN7fS1ATmM4ZTafhB9oBg,time,14,12.8321,27,5096.93,5015,5867.004474556714,0.8687445213379412,confirmed,0.13105924971484573,15,14,none,0
2FNiAUEvla8,UCLO5pk4z1AbAEDpRieuJdzA,time,14,13.9596,29,161516.98,167033,288203.0636523303,0.5604277111320021,confirmed,0.23642429830634426,15,15,none,0
C8olVyhCUlo,UCulsuEDrIn2sj18PiuV_mPg,time,1,0.9581,27,547.31,552,557.4798459451458,0.9817594898616937,early,,15,10,none,0
C8olVyhCUlo,UCulsuEDrIn2sj18PiuV_mPg,time,2,1.9581,27,425.11,552,556,0.7645830274555866,early,0.3917816232866048,15,9,none,0
C8olVyhCUlo,UCulsuEDrIn2sj18PiuV_mPg,time,3,2.9581,27,421.87,552,556,0.7587588067814663,early,0.3899353069276913,15,9,none,0
C8olVyhCUlo,UCulsuEDrIn2sj18PiuV_mPg,time,5,4.9581,27,472.29,552,556,0.8494400093076364,likely,0.39281584094563854,15,9,none,0
C8olVyhCUlo,UCulsuEDrIn2sj18PiuV_mPg,time,7,6.9581,27,539.93,552,556,0.9710931673398053,likely,0.44242855894415556,15,9,none,0
C8olVyhCUlo,UCulsuEDrIn2sj18PiuV_mPg,time,14,12.9581,27,569.71,552,556,1.0246656993110705,confirmed,0.38952082884985145,15,8,none,0
Dd9XvEzvGQM,UCbAlVnKhbGLK78GsSemQXxw,heldout,5,5.6595,27,8328.47,7001,,,insufficient,,2,2,none,0
Dd9XvEzvGQM,UCbAlVnKhbGLK78GsSemQXxw,time,5,5.6595,27,8328.47,7001,,,insufficient,,2,2,none,0
Dd9XvEzvGQM,UCbAlVnKhbGLK78GsSemQXxw,heldout,7,6.6595,27,6874.14,7001,,,insufficient,0.1478355370416324,2,2,none,0
Dd9XvEzvGQM,UCbAlVnKhbGLK78GsSemQXxw,time,7,6.6595,27,6874.14,7001,,,insufficient,0.1478355370416324,2,2,none,0
Dd9XvEzvGQM,UCbAlVnKhbGLK78GsSemQXxw,heldout,14,13.6595,27,6911.50,7001,,,insufficient,0.11163562324977228,2,2,none,0
Dd9XvEzvGQM,UCbAlVnKhbGLK78GsSemQXxw,time,14,13.6595,27,6911.50,7001,,,insufficient,0.11163562324977228,2,2,none,0
9RpBrRCw3lU,UCDAbrXOj2yIrzj8QE4jC-Og,time,5,4.8330,27,23160.63,41502,,,insufficient,,2,2,none,0
9RpBrRCw3lU,UCDAbrXOj2yIrzj8QE4jC-Og,time,7,6.8330,27,38416.36,41502,,,insufficient,1.1014958831703288,2,2,none,0
9RpBrRCw3lU,UCDAbrXOj2yIrzj8QE4jC-Og,time,14,12.8330,27,40253.17,41502,,,insufficient,0.7225075569395704,2,2,none,0
55cNdkFLO7Y,UC4wKN1tlnlNVMiRPOu7qyvQ,time,2,2.5833,29,1241.46,1903,2230.248841983548,0.5566473449622965,early,,15,15,none,0
55cNdkFLO7Y,UC4wKN1tlnlNVMiRPOu7qyvQ,time,3,2.5833,29,1241.46,1903,2230.248841983548,0.5566473449622965,early,,15,15,none,0
55cNdkFLO7Y,UC4wKN1tlnlNVMiRPOu7qyvQ,time,5,4.5833,29,1339.02,1903,2331.7190928916225,0.5742649045101431,likely,0.4759099508272012,15,15,none,0
55cNdkFLO7Y,UC4wKN1tlnlNVMiRPOu7qyvQ,time,7,6.5833,29,1353.30,1903,2364.306016026638,0.5723896626717799,likely,0.4128132577584704,15,15,none,0
55cNdkFLO7Y,UC4wKN1tlnlNVMiRPOu7qyvQ,time,14,13.5833,29,1557.25,1903,2300.8993563701342,0.676801154927366,confirmed,0.3785294776277429,15,15,none,0
BEbH8PlL8cc,UCWyL3FzhX0CaxgkOMTQMa0A,time,14,12.7915,27,6519.90,6558,15333.845037568582,0.42519642228821425,confirmed,0.12905574663911393,15,15,none,0
-NNCca97v98,UCBJycsmduvYEL83R_U4JriQ,heldout,5,6.6774,31,2624242.40,2409319,3401734.382409489,0.7714424773300904,likely,,15,13,none,0
-NNCca97v98,UCBJycsmduvYEL83R_U4JriQ,heldout,7,6.6774,31,2624242.40,2409319,3401734.382409489,0.7714424773300904,likely,,15,13,none,0
JSPKHozuELM,UCLKZ20yD2tNMBOkSDZo4FeQ,time,0.5,0.4997,27,6770.06,4882,4370.6798444016895,1.5489717934031146,early,,13,13,none,0
JSPKHozuELM,UCLKZ20yD2tNMBOkSDZo4FeQ,time,1,1.4997,27,6392.50,4882,4354.811589304916,1.4679160827141806,early,0.4389774391908989,15,15,none,0
JSPKHozuELM,UCLKZ20yD2tNMBOkSDZo4FeQ,time,2,2.4997,27,4606.40,4882,4350.777919722801,1.0587522515193861,early,0.36689686833612545,15,15,none,0
JSPKHozuELM,UCLKZ20yD2tNMBOkSDZo4FeQ,time,3,3.4997,27,4284.79,4882,4299.670724848516,0.9965395469483594,likely,0.3267194019434756,15,15,none,0
JSPKHozuELM,UCLKZ20yD2tNMBOkSDZo4FeQ,time,5,5.4997,27,4407.51,4882,4289.142408542576,1.0275973468163673,likely,0.32393663794072797,15,14,none,0
JSPKHozuELM,UCLKZ20yD2tNMBOkSDZo4FeQ,time,7,7.4997,27,4908.11,4882,4240.860871701938,1.1573383690450727,confirmed,0.31133894510483023,15,14,none,0
JSPKHozuELM,UCLKZ20yD2tNMBOkSDZo4FeQ,time,14,15.4997,27,4997.80,4882,4170.825998641452,1.1982751044287376,confirmed,0.2904157000820808,15,10,none,0
-0jZnTfLpeM,UCBXQM4wXOpzZPcjXMqecArA,heldout,2,2.7083,30,3778.29,7592,7622.531192958888,0.4956744513185713,early,,15,12,none,0
-0jZnTfLpeM,UCBXQM4wXOpzZPcjXMqecArA,heldout,3,2.7083,30,3778.29,7592,7622.531192958888,0.4956744513185713,early,,15,12,none,0
-0jZnTfLpeM,UCBXQM4wXOpzZPcjXMqecArA,heldout,5,6.7083,30,7553.52,7592,8066.258681248638,0.9364344875808389,likely,0.9089005670608167,15,11,none,0
-0jZnTfLpeM,UCBXQM4wXOpzZPcjXMqecArA,heldout,7,6.7083,30,7553.52,7592,8066.258681248638,0.9364344875808389,likely,0.9089005670608167,15,11,none,0
-0jZnTfLpeM,UCBXQM4wXOpzZPcjXMqecArA,heldout,14,13.7083,30,7452.41,7592,8969.000000000007,0.830908077686921,confirmed,0.6561371399666819,15,8,none,0
c-EKgO6KjPo,UC3lJL1pUvQ2Ih2qZ-4ozrLw,time,5,6.9574,27,2301.97,2331,320.08460651852533,7.19174891445235,likely,,8,8,none,0
c-EKgO6KjPo,UC3lJL1pUvQ2Ih2qZ-4ozrLw,time,7,6.9574,27,2301.97,2331,320.08460651852533,7.19174891445235,likely,,8,8,none,0
c-EKgO6KjPo,UC3lJL1pUvQ2Ih2qZ-4ozrLw,time,14,14.9574,27,2285.95,2331,515.9401476085616,4.430657859111943,confirmed,0.20140596516962064,12,12,none,0
xbGoesUi48A,UCiDJtJKMICpb9B1qf7qjEOA,time,1,0.9155,27,1320553.73,1394708,104751.85807656158,12.60649459575637,early,,14,14,none,0
xbGoesUi48A,UCiDJtJKMICpb9B1qf7qjEOA,time,2,1.9155,27,1621986.07,1394708,106851.01303402583,15.179884807329593,early,0.8878286534168593,15,15,none,0
xbGoesUi48A,UCiDJtJKMICpb9B1qf7qjEOA,time,3,2.9155,27,1531831.03,1394708,107555.94642556002,14.242178875943313,early,0.6418312691427404,15,15,none,0
xbGoesUi48A,UCiDJtJKMICpb9B1qf7qjEOA,time,5,4.9155,27,1322256.87,1394708,106776.65120820767,12.383389535538754,likely,0.48906126201366035,15,15,none,0
xbGoesUi48A,UCiDJtJKMICpb9B1qf7qjEOA,time,7,6.9155,27,1317196.34,1394708,107731.71514520052,12.226634797972004,likely,0.44785010662348046,15,15,none,0
xbGoesUi48A,UCiDJtJKMICpb9B1qf7qjEOA,time,14,12.9155,27,1394870.48,1394708,108001.08674741752,12.915337428063992,confirmed,0.3904051924581173,15,15,none,0
pZOUOiV2DM0,UCeYUHG6o0YguM-g23htdsSw,heldout,5,6.0824,30,775.72,848,710.7338956051435,1.0914322893072037,likely,,12,11,none,0
pZOUOiV2DM0,UCeYUHG6o0YguM-g23htdsSw,heldout,7,7.0824,30,689.28,848,731.9999999999998,0.9416438741047829,confirmed,0.1340100383663657,15,12,none,0
pZOUOiV2DM0,UCeYUHG6o0YguM-g23htdsSw,heldout,14,14.0824,30,770.68,848,731.9999999999998,1.0528425287007204,confirmed,0.1860104089258037,15,9,none,0
k-cknRRQNbg,UCotuguzT1zNEbpsjbUT4sBA,time,2,2.1660,28,490.05,561,654.2653116678227,0.7490081084828896,early,,15,14,none,0
k-cknRRQNbg,UCotuguzT1zNEbpsjbUT4sBA,time,3,3.1660,28,561.38,561,664.2472007749126,0.8451309203017969,likely,0.7171439926217661,15,14,none,0
k-cknRRQNbg,UCotuguzT1zNEbpsjbUT4sBA,time,5,5.1660,28,436.63,561,699.5122159753015,0.6241914708338878,likely,0.3865334803714503,15,14,none,0
k-cknRRQNbg,UCotuguzT1zNEbpsjbUT4sBA,time,7,7.1660,28,474.35,561,752.436715665159,0.6304239050413831,confirmed,0.37562844845942583,15,14,none,0
k-cknRRQNbg,UCotuguzT1zNEbpsjbUT4sBA,time,14,14.1660,28,545.97,561,875.656038294417,0.6235019594812733,confirmed,0.3689455806743385,15,12,none,0
yesW-xqQ6ZM,UC6-X3epFE06GDWRHLQG_YMA,time,2,2.6429,27,53579.47,45206,183598.86841941185,0.2918290024361578,early,,12,11,none,0
yesW-xqQ6ZM,UC6-X3epFE06GDWRHLQG_YMA,time,3,2.6429,27,53579.47,45206,183598.86841941185,0.2918290024361578,early,,12,11,none,0
yesW-xqQ6ZM,UC6-X3epFE06GDWRHLQG_YMA,time,5,4.6429,27,42016.93,45206,183781.02634994197,0.2286249748817347,likely,0.19776856211931415,15,14,none,0
yesW-xqQ6ZM,UC6-X3epFE06GDWRHLQG_YMA,time,7,6.6429,27,43353.39,45206,186516.6221456183,0.23243715008569613,likely,0.2084010162731405,15,14,none,0
yesW-xqQ6ZM,UC6-X3epFE06GDWRHLQG_YMA,time,14,12.6429,27,46386.50,45206,193234.69032384784,0.24005266007857584,confirmed,0.1767102237423657,15,13,none,0
MuzOJIgJBSc,UCFBpVaKCC0ajGps1vf0AgBg,time,5,4.7498,27,93836.36,117114,,,insufficient,,0,0,none,0
MuzOJIgJBSc,UCFBpVaKCC0ajGps1vf0AgBg,time,7,6.7498,27,111119.73,117114,,,insufficient,0.5261103352798752,0,0,none,0
MuzOJIgJBSc,UCFBpVaKCC0ajGps1vf0AgBg,time,14,12.7498,27,112835.25,117114,,,insufficient,0.3847378429928544,0,0,none,0
UnMSrVoENuw,UCEPWaN-XiZqEQAPiwvBa3ng,heldout,3,3.9994,30,51266.20,55503,27954.999999999978,1.8338830641236086,likely,,15,10,none,0
UnMSrVoENuw,UCEPWaN-XiZqEQAPiwvBa3ng,heldout,5,4.9994,30,48329.50,55503,27954.999999999978,1.728832221029553,likely,0.41913256490656514,15,10,none,0
UnMSrVoENuw,UCEPWaN-XiZqEQAPiwvBa3ng,heldout,7,6.9994,30,48715.68,55503,27954.999999999978,1.7426462963864484,likely,0.37524269452768916,15,9,none,0
UnMSrVoENuw,UCEPWaN-XiZqEQAPiwvBa3ng,heldout,14,13.9994,30,53766.18,55503,27954.999999999978,1.9233118698578677,confirmed,0.3065587364346622,15,7,none,0
c_TD7otfvIY,UCtW1WA-bJ4s6l-ZCCT35QBg,time,1,0.8024,27,2498.34,986,7212.0055922409265,0.34641429265543255,early,,14,8,none,0
c_TD7otfvIY,UCtW1WA-bJ4s6l-ZCCT35QBg,time,2,1.8024,27,1634.21,986,7215.990819522572,0.22647004880936403,early,0.004810454255521696,14,8,none,0
c_TD7otfvIY,UCtW1WA-bJ4s6l-ZCCT35QBg,time,3,2.8024,27,1209.52,986,5536.639764986266,0.21845792015236862,early,0.014160306857907144,15,9,none,0
c_TD7otfvIY,UCtW1WA-bJ4s6l-ZCCT35QBg,time,5,4.8024,27,1199.93,986,5539.980488207621,0.21659460255767368,likely,0.010838362536278668,15,9,none,0
c_TD7otfvIY,UCtW1WA-bJ4s6l-ZCCT35QBg,time,7,7.8024,27,1062.14,986,5581.177771373991,0.1903074283885184,confirmed,0.012604824082297773,15,8,none,0
c_TD7otfvIY,UCtW1WA-bJ4s6l-ZCCT35QBg,time,14,12.8024,27,980.90,986,5640.79738186483,0.1738933532824845,confirmed,0.013388486117550369,15,8,none,0
WO8ZKMmPaws,UCtbLA0YM6EpwUQhFUyPQU9Q,heldout,1,1.0314,27,818268.55,1125397,390662.04884052894,2.09456881805191,early,,15,13,none,0
WO8ZKMmPaws,UCtbLA0YM6EpwUQhFUyPQU9Q,time,1,1.0314,27,818268.55,1125397,390662.04884052894,2.09456881805191,early,,15,13,none,0
WO8ZKMmPaws,UCtbLA0YM6EpwUQhFUyPQU9Q,heldout,2,2.0314,27,946832.87,1125397,390662.04884052894,2.423662269525832,early,0.78258470194413,15,13,none,0
WO8ZKMmPaws,UCtbLA0YM6EpwUQhFUyPQU9Q,time,2,2.0314,27,946832.87,1125397,390662.04884052894,2.423662269525832,early,0.78258470194413,15,13,none,0
WO8ZKMmPaws,UCtbLA0YM6EpwUQhFUyPQU9Q,heldout,3,3.0314,27,934213.88,1125397,390703.3203791148,2.391108119267936,likely,0.6463193630286928,15,13,none,0
WO8ZKMmPaws,UCtbLA0YM6EpwUQhFUyPQU9Q,time,3,3.0314,27,934213.88,1125397,390703.3203791148,2.391108119267936,likely,0.6463193630286928,15,13,none,0
WO8ZKMmPaws,UCtbLA0YM6EpwUQhFUyPQU9Q,heldout,5,5.0314,27,964398.10,1125397,390703.3203791148,2.4683642261231977,likely,0.5558022755502803,15,13,none,0
WO8ZKMmPaws,UCtbLA0YM6EpwUQhFUyPQU9Q,time,5,5.0314,27,964398.10,1125397,390703.3203791148,2.4683642261231977,likely,0.5558022755502803,15,13,none,0
WO8ZKMmPaws,UCtbLA0YM6EpwUQhFUyPQU9Q,heldout,7,7.0314,27,998362.30,1125397,390199.64140119764,2.558593588511489,confirmed,0.5332280854685236,15,12,none,0
WO8ZKMmPaws,UCtbLA0YM6EpwUQhFUyPQU9Q,time,7,7.0314,27,998362.30,1125397,390199.64140119764,2.558593588511489,confirmed,0.5332280854685236,15,12,none,0
WO8ZKMmPaws,UCtbLA0YM6EpwUQhFUyPQU9Q,heldout,14,13.0314,27,1165611.81,1125397,389235.5386961076,2.9946181606335043,confirmed,0.5060701619579088,15,12,none,0
WO8ZKMmPaws,UCtbLA0YM6EpwUQhFUyPQU9Q,time,14,13.0314,27,1165611.81,1125397,389235.5386961076,2.9946181606335043,confirmed,0.5060701619579088,15,12,none,0
QD72G14JEA4,UCFyP8J94wihApZc4N2BoX6A,heldout,14,13.8328,31,255126.84,289126,9082.364289853056,28.090355851083658,confirmed,0.15200991351407767,15,15,none,0
9XW4OEaq-4E,UCll3zdukvI1oWlG-F13UCZw,time,1,1.0375,29,4474.51,2491,4462.331043055699,1.0027289518589038,early,2.041380526829588,14,14,none,0
9XW4OEaq-4E,UCll3zdukvI1oWlG-F13UCZw,time,2,2.0375,29,4714.06,2491,4462.257349832577,1.0564291992916313,early,1.3105950112683802,15,15,none,0
9XW4OEaq-4E,UCll3zdukvI1oWlG-F13UCZw,time,3,3.0375,29,4281.59,2491,4482.487952015968,0.9551813792935238,likely,1.0661297834228605,15,15,none,0
9XW4OEaq-4E,UCll3zdukvI1oWlG-F13UCZw,time,5,5.0375,29,3862.39,2491,4505.124658052925,0.8573314702974597,likely,0.8412586262517099,15,15,none,0
9XW4OEaq-4E,UCll3zdukvI1oWlG-F13UCZw,time,7,7.0375,29,3494.77,2491,4556.870065655993,0.7669228041877585,confirmed,0.7413143046500147,15,15,none,0
9XW4OEaq-4E,UCll3zdukvI1oWlG-F13UCZw,time,14,14.0375,29,2904.48,2491,4608.017415126764,0.6303103534242802,confirmed,0.6001893259172645,15,13,none,0
mLadV3Cotw8,UC6jMh17EfL9dCLgIa43EpnQ,heldout,1,1.3889,30,240.05,339,300.58144493682494,0.7986146347507947,early,,15,13,none,0
mLadV3Cotw8,UC6jMh17EfL9dCLgIa43EpnQ,heldout,2,2.3889,30,368.09,339,308.2583426807474,1.194109256806251,early,1.1595526111724874,15,13,none,0
mLadV3Cotw8,UC6jMh17EfL9dCLgIa43EpnQ,heldout,3,2.3889,30,368.09,339,308.2583426807474,1.194109256806251,early,1.1595526111724874,15,13,none,0
mLadV3Cotw8,UC6jMh17EfL9dCLgIa43EpnQ,heldout,5,5.3889,30,489.34,339,265.76186756968224,1.8412538511039969,likely,0.9791023422721682,15,12,none,0
mLadV3Cotw8,UC6jMh17EfL9dCLgIa43EpnQ,heldout,7,7.3889,30,438.48,339,252.64494828777768,1.735542195847255,confirmed,0.7878012652973471,15,12,none,0
mLadV3Cotw8,UC6jMh17EfL9dCLgIa43EpnQ,heldout,14,14.3889,30,349.61,339,229.83577742581286,1.5211256382171123,confirmed,0.5697050647798785,15,11,none,0
M5f3XQODM4E,UCGDy78008pRm0Y-HYq9jOwg,time,5,6.6041,29,625.86,2443,,,insufficient,,0,0,none,0
M5f3XQODM4E,UCGDy78008pRm0Y-HYq9jOwg,time,7,6.6041,29,625.86,2443,,,insufficient,,0,0,none,0
M5f3XQODM4E,UCGDy78008pRm0Y-HYq9jOwg,time,14,13.6041,29,1319.53,2443,,,insufficient,1.1343693752359603,0,0,none,0
LzZOssOIV8w,UCiLSEwYKrRPY-wC758azVqA,time,7,8.9995,27,4315.56,4869,4125.783104846287,1.0459979298237772,confirmed,,15,14,none,0
LzZOssOIV8w,UCiLSEwYKrRPY-wC758azVqA,time,14,14.9995,27,4387.89,4869,4188.589771012116,1.0475823219725684,confirmed,0.2859569952505778,15,14,none,0
zir51X51dVQ,UC6BW8DqrAmBEIeCtMa4bfBw,time,14,13.2167,28,3735.29,3464,3757.8739218744627,0.9939909616285009,confirmed,,15,15,none,0
4Nne92IjZ6M,UCNRMF4aKRFUCdzvJVBEMFdQ,time,7,8.4272,29,1951.89,1563,1468.3567093029876,1.3293007196251914,confirmed,,15,15,none,0
4Nne92IjZ6M,UCNRMF4aKRFUCdzvJVBEMFdQ,time,14,14.4272,29,1608.79,1563,1400.5389629173724,1.1486949969895366,confirmed,0.009148546485747205,15,15,none,0
i52UraXAjbc,UCk9dtbM-wjpLk134r55OUbg,time,14,13.9573,30,12701.91,12851,10899.435397403247,1.1653736453120267,confirmed,0.0860738788767657,15,13,none,0
qzXgW1L9wso,UCmlqW3C9C0_gA0LufzbHfKg,time,14,13.8891,29,45440.89,58714,70248.479633842,0.6468593921124988,confirmed,,15,15,none,0
8RlLlCWFt1g,UCq_2n18CJaRVGxEfxtCfI-Q,time,3,3.8443,27,170731.96,126419,120923.70350401795,1.4118981718159178,likely,,15,15,none,0
8RlLlCWFt1g,UCq_2n18CJaRVGxEfxtCfI-Q,time,5,4.8443,27,127111.26,126419,120146.28216007246,1.0579707758406025,likely,0.18441903000502852,15,15,none,0
8RlLlCWFt1g,UCq_2n18CJaRVGxEfxtCfI-Q,time,7,6.8443,27,129036.69,126419,118325.4718926847,1.0905233922521853,likely,0.1788611614198124,15,15,none,0
8RlLlCWFt1g,UCq_2n18CJaRVGxEfxtCfI-Q,time,14,12.8443,27,127208.23,126419,113186.39082083208,1.1238827742868722,confirmed,0.12753415046658526,15,14,none,0
sOseXZeEYyI,UCwrXi5ZknKThspJc-Gai04g,time,14,13.5624,29,8052.47,8420,38433.95997680323,0.20951451001311422,confirmed,0.19631433260915604,15,13,none,0
esRuyVoxqp4,UCPAt6z5uX_c5Eo_cSNROzYw,time,14,14.7276,29,12483.90,12853,10339.250749500108,1.2074275353559476,confirmed,0.04384847473726444,15,15,none,0
cq_KlaguVGM,UCZ7yH-kLdFj7HNo2Dcs6FnQ,time,3,3.9991,29,301.25,332,239.94452586020424,1.2554934667094955,likely,,12,11,none,0
cq_KlaguVGM,UCZ7yH-kLdFj7HNo2Dcs6FnQ,time,5,4.9991,29,218.93,332,239.94452586020424,0.9124326241126708,likely,0.05742341949424974,14,13,none,0
cq_KlaguVGM,UCZ7yH-kLdFj7HNo2Dcs6FnQ,time,7,6.9991,29,331.66,332,239.85319326836992,1.3827609126137386,likely,0.5058210507093229,15,13,none,0
cq_KlaguVGM,UCZ7yH-kLdFj7HNo2Dcs6FnQ,time,14,12.9991,29,332.03,332,237.91900036517112,1.3955445418325207,confirmed,0.39034198867041925,15,11,none,0
Y-3_H7jdOUk,UChh5m7TLxLv5qsvppqIXsWA,time,14,12.8474,27,3855.72,3745,349.7305009792059,11.024823113699897,confirmed,0.39827251603387326,15,14,none,0
9ZsAWvf29qo,UCeKKrZ5GnBXRwnKlrixiREQ,time,5,6.4445,29,123709.38,107525,,,insufficient,,0,0,none,0
9ZsAWvf29qo,UCeKKrZ5GnBXRwnKlrixiREQ,time,7,7.4445,29,110363.38,107525,,,insufficient,0.17200408805883008,0,0,none,0
9ZsAWvf29qo,UCeKKrZ5GnBXRwnKlrixiREQ,time,14,13.4445,29,107880.00,107525,,,insufficient,0.0918827882102769,0,0,none,0
YirNB8gmKN8,UCzUd3H_e_qWqs4dR4GxVHOQ,time,7,8.7599,27,10503.67,8999,4052.7181681088837,2.5917602903116865,confirmed,,15,13,none,0
YirNB8gmKN8,UCzUd3H_e_qWqs4dR4GxVHOQ,time,14,13.7599,27,9050.36,8999,4126.686565012574,2.1931298936274053,confirmed,0.11821747566182174,15,10,none,0
tQW6i__5hbU,UCJ1RVDuSiJncq6VQYiqpzLA,heldout,14,13.9988,30,980.57,1060,1135.3229324951735,0.863690443927271,confirmed,0.07656143989770561,15,15,none,0
yKEz3es8ITs,UCE3qIUaYYSQfgZZZlFIenZw,time,14,12.6742,27,14766.80,15570,13602.25133367291,1.085614256620214,confirmed,0.5329464906834828,15,14,none,0
F1fnfyGSnBQ,UCuR-ZdVJtF3muYhYUQ-he-Q,time,14,13.8748,29,7526.37,8170,14367.86327787576,0.5238333422147343,confirmed,0.21006862596975853,12,12,none,0
PyuikiggdYs,UC45mrEqnoknLzwvYJgJ9Teg,time,0.5,0.6875,29,8299.49,24764,1256.490366283814,6.605292348457831,early,,15,14,none,0
PyuikiggdYs,UC45mrEqnoknLzwvYJgJ9Teg,time,1,0.6875,29,8299.49,24764,1256.490366283814,6.605292348457831,early,,15,14,none,0
PyuikiggdYs,UC45mrEqnoknLzwvYJgJ9Teg,time,2,1.6875,29,9186.42,24764,1256.490366283814,7.311174953686334,early,0.7942918095501517,15,14,none,0
PyuikiggdYs,UC45mrEqnoknLzwvYJgJ9Teg,time,3,2.6875,29,9722.89,24764,1312.3061042258428,7.409009890184963,early,0.7285630717589601,15,13,none,0
PyuikiggdYs,UC45mrEqnoknLzwvYJgJ9Teg,time,5,4.6875,29,11899.22,24764,1441.0759959380175,8.257180626900814,likely,0.7420286757805977,15,13,none,0
PyuikiggdYs,UC45mrEqnoknLzwvYJgJ9Teg,time,7,6.6875,29,16280.66,24764,1452.9999999999995,11.204860016811793,likely,0.7660603819208838,15,12,none,0
PyuikiggdYs,UC45mrEqnoknLzwvYJgJ9Teg,time,14,13.6875,29,22352.11,24764,1452.9999999999995,15.383422318808035,confirmed,0.7760155882946546,15,10,none,0
P7zpRpVSqaw,UCGpsgNbzdF7BECCVbB1COHw,time,14,14.4789,27,6361.81,6207,7132.933417258347,0.8918920562771651,confirmed,0.012518384646585397,15,15,none,0
YhjqyX69Eto,UC1CVzH-XVr3E-kTT6D8hhfg,time,1,0.9160,29,21585.18,25623,46439.38580218416,0.46480336475970097,early,,15,8,none,0
YhjqyX69Eto,UC1CVzH-XVr3E-kTT6D8hhfg,time,2,1.9160,29,25226.11,25623,46441.812544461034,0.5431766189630889,early,0.7696207518082275,15,8,none,0
YhjqyX69Eto,UC1CVzH-XVr3E-kTT6D8hhfg,time,3,2.9160,29,21771.04,25623,46536.50275628757,0.46782726066522373,early,0.5536781246815744,15,7,none,0
YhjqyX69Eto,UC1CVzH-XVr3E-kTT6D8hhfg,time,5,4.9160,29,20011.72,25623,45950.94841642637,0.4355018692168278,likely,0.49586715619230554,15,7,none,0
YhjqyX69Eto,UC1CVzH-XVr3E-kTT6D8hhfg,time,7,6.9160,29,22149.14,25623,44740.92829842037,0.49505328189918607,likely,0.44898030717841986,15,7,none,0
YhjqyX69Eto,UC1CVzH-XVr3E-kTT6D8hhfg,time,14,13.9160,29,25671.08,25623,42763.01413657145,0.6003104060107611,confirmed,0.43482664259043924,15,5,none,0
rdlM8qh_4mA,UC1226ElkVkwZyh74jipyw1Q,time,5,6.9571,30,100.74,112,,,insufficient,,0,0,none,0
rdlM8qh_4mA,UC1226ElkVkwZyh74jipyw1Q,time,7,6.9571,30,100.74,112,,,insufficient,,0,0,none,0
rdlM8qh_4mA,UC1226ElkVkwZyh74jipyw1Q,time,14,13.9571,30,104.10,112,,,insufficient,0.23857971724563273,0,0,none,0
whvZomhSeEM,UCC_ycdL5_Rw9b6UEmtmUE3g,time,5,4.9882,28,18277.76,20797,,,insufficient,,2,2,none,0
whvZomhSeEM,UCC_ycdL5_Rw9b6UEmtmUE3g,time,7,6.9882,28,19018.56,20797,,,insufficient,0.3793970585423138,2,2,none,0
whvZomhSeEM,UCC_ycdL5_Rw9b6UEmtmUE3g,time,14,12.9882,28,20903.64,20797,,,insufficient,0.3362690231106134,2,2,none,0
aTU0C7Vnu5w,UCHXLx_WGu4zQAq4fLVurzfA,heldout,3,3.8333,29,783.25,852,4064.901204087353,0.19268533246193817,likely,,15,14,none,0
aTU0C7Vnu5w,UCHXLx_WGu4zQAq4fLVurzfA,heldout,5,3.8333,29,783.25,852,4064.901204087353,0.19268533246193817,likely,,15,14,none,0
aTU0C7Vnu5w,UCHXLx_WGu4zQAq4fLVurzfA,heldout,7,8.8333,29,867.54,852,3979.8232438569266,0.21798337241796029,confirmed,0.4581839169558994,15,14,none,0
aTU0C7Vnu5w,UCHXLx_WGu4zQAq4fLVurzfA,heldout,14,14.8333,29,868.65,852,3969.8106933727195,0.2188131939401265,confirmed,0.3439793506009257,15,13,none,0
ToEkEqL1RAQ,UC5rR0BFgdu-oz7HDHb-f-uw,time,14,13.0126,28,2467.99,2413,2572.675160403299,0.9593073431906989,confirmed,0.34425300459933283,15,14,none,0
y4qqtqd10EI,UCdRpPAsQbIaVpn_vS2_omPw,heldout,14,14.8737,29,240.52,223,418.9592133487206,0.5740936301172032,confirmed,,15,13,none,0
iljr7LxxLvk,UC2jNBBBbMSWdir5Uibepq0A,time,5,6.7910,29,1628.25,1774,,,insufficient,,0,0,none,0
iljr7LxxLvk,UC2jNBBBbMSWdir5Uibepq0A,time,7,6.7910,29,1628.25,1774,,,insufficient,,0,0,none,0
iljr7LxxLvk,UC2jNBBBbMSWdir5Uibepq0A,time,14,13.7910,29,1727.17,1774,,,insufficient,0.2757417728742315,0,0,none,0
oYoV1baxwE0,UCsvqVGtbbyHaMoevxPAq9Fg,time,14,13.8323,29,1382.66,1574,5486.008133746173,0.25203388247859526,confirmed,0.21738660272810123,15,15,none,0
7HuXSoDXfTY,UCwSozl89jl2zUDzQ4jGJD3g,time,7,8.7835,28,38852.64,97479,28181.98072647604,1.3786340456212498,confirmed,,8,8,none,0
7HuXSoDXfTY,UCwSozl89jl2zUDzQ4jGJD3g,time,14,12.7835,28,50654.89,97479,26856.63072470508,1.886122338291906,confirmed,0.7575565654046811,15,14,none,0
Kw9OC2uaFs0,UCuK2Mf5As9OKfWU7XV6yzCg,time,1,0.8330,29,12948.37,11656,5269.010375993934,2.4574570451515605,early,,15,12,none,0
Kw9OC2uaFs0,UCuK2Mf5As9OKfWU7XV6yzCg,time,2,1.8330,29,21641.48,11656,5245.389141722256,4.125810481307471,early,1.3605989483858616,15,11,none,0
Kw9OC2uaFs0,UCuK2Mf5As9OKfWU7XV6yzCg,time,3,3.8330,29,17775.73,11656,5185.1966758537355,3.428168644012042,likely,0.7510019860597746,15,11,none,0
Kw9OC2uaFs0,UCuK2Mf5As9OKfWU7XV6yzCg,time,5,4.8330,29,15966.07,11656,5157.833263181974,3.095499060181905,likely,0.6486085302916049,15,11,none,0
Kw9OC2uaFs0,UCuK2Mf5As9OKfWU7XV6yzCg,time,7,6.8330,29,15311.56,11656,5104.141337476139,2.999830550265109,likely,0.5338006017689935,15,11,none,0
Kw9OC2uaFs0,UCuK2Mf5As9OKfWU7XV6yzCg,time,14,13.8330,29,12758.84,11656,4996.842293885981,2.553380533909195,confirmed,0.395695213139707,15,10,none,0
KHqS3pnLVwg,UC5_SBQbLA9Kg7Jh5GpXoP3g,time,1,1.8329,28,91.65,262,770.4139739675793,0.11896276549773355,early,,10,9,none,0
KHqS3pnLVwg,UC5_SBQbLA9Kg7Jh5GpXoP3g,time,2,1.8329,28,91.65,262,770.4139739675793,0.11896276549773355,early,,10,9,none,0
KHqS3pnLVwg,UC5_SBQbLA9Kg7Jh5GpXoP3g,time,3,2.8329,28,457.90,262,516.616214390456,0.886346696730667,early,4.876087035858724,15,14,none,0
KHqS3pnLVwg,UC5_SBQbLA9Kg7Jh5GpXoP3g,time,5,4.8329,28,433.30,262,516.616214390456,0.8387354437655252,likely,2.15297241914428,15,12,none,0
KHqS3pnLVwg,UC5_SBQbLA9Kg7Jh5GpXoP3g,time,7,6.8329,28,387.95,262,519.3767596917385,0.7469438577734123,likely,1.5539729051931297,15,12,none,0
KHqS3pnLVwg,UC5_SBQbLA9Kg7Jh5GpXoP3g,time,14,13.8329,28,357.43,262,518.47446346971,0.6893970768666569,confirmed,0.9671928304441784,15,12,none,0
T0o7lz5w34o,UCGWNHkr2WZcRbxqoet-nyeg,time,14,12.7312,27,2089.33,1916,2825.371179978262,0.7394870678315003,confirmed,,15,15,none,0
QgOcUQVBY2w,UCAYLryveVTTC__-iYIvAP2g,time,5,4.9577,28,44.87,42,,,insufficient,,1,1,none,0
QgOcUQVBY2w,UCAYLryveVTTC__-iYIvAP2g,time,7,6.9577,28,43.63,42,,,insufficient,0.3006039920152785,1,1,none,0
QgOcUQVBY2w,UCAYLryveVTTC__-iYIvAP2g,time,14,15.9577,28,44.57,42,,,insufficient,0.20751138652566067,1,1,none,0
WKsmIp2ggNE,UCEx34P7EmFhvM5FlgKxa2cg,time,5,6.6245,29,16043.26,13616,,,insufficient,,0,0,none,0
WKsmIp2ggNE,UCEx34P7EmFhvM5FlgKxa2cg,time,7,6.6245,29,16043.26,13616,,,insufficient,,0,0,none,0
WKsmIp2ggNE,UCEx34P7EmFhvM5FlgKxa2cg,time,14,13.6245,29,13510.96,13616,,,insufficient,0.03996725680715844,0,0,none,0
ZAZ02djukoo,UCmu7bw5BYIeR0VDw0hJKblw,time,14,14.4272,29,366.03,400,429.5989958054753,0.8520290787494745,confirmed,0.3094150854746538,15,13,none,0
T2t5S3ek5V4,UCEuQ7YIThAps6wERHfsY7fQ,heldout,0.5,0.6262,28,9146.43,5824,8094.004031017447,1.1300249787174017,early,,15,7,none,0
T2t5S3ek5V4,UCEuQ7YIThAps6wERHfsY7fQ,time,0.5,0.6262,28,9146.43,5824,8094.004031017447,1.1300249787174017,early,,15,7,none,0
T2t5S3ek5V4,UCEuQ7YIThAps6wERHfsY7fQ,heldout,1,0.6262,28,9146.43,5824,8094.004031017447,1.1300249787174017,early,,15,7,none,0
T2t5S3ek5V4,UCEuQ7YIThAps6wERHfsY7fQ,time,1,0.6262,28,9146.43,5824,8094.004031017447,1.1300249787174017,early,,15,7,none,0
T2t5S3ek5V4,UCEuQ7YIThAps6wERHfsY7fQ,heldout,2,2.6262,28,5222.73,5824,8091.337215554542,0.6454713316851743,early,0.3580946920564462,15,6,none,0
T2t5S3ek5V4,UCEuQ7YIThAps6wERHfsY7fQ,time,2,2.6262,28,5222.73,5824,8091.337215554542,0.6454713316851743,early,0.3580946920564462,15,6,none,0
T2t5S3ek5V4,UCEuQ7YIThAps6wERHfsY7fQ,heldout,3,2.6262,28,5222.73,5824,8091.337215554542,0.6454713316851743,early,0.3580946920564462,15,6,none,0
T2t5S3ek5V4,UCEuQ7YIThAps6wERHfsY7fQ,time,3,2.6262,28,5222.73,5824,8091.337215554542,0.6454713316851743,early,0.3580946920564462,15,6,none,0
T2t5S3ek5V4,UCEuQ7YIThAps6wERHfsY7fQ,heldout,5,4.6262,28,6227.51,5824,8074.558729490694,0.7712503102110545,likely,0.2744198846832429,15,6,none,0
T2t5S3ek5V4,UCEuQ7YIThAps6wERHfsY7fQ,time,5,4.6262,28,6227.51,5824,8074.558729490694,0.7712503102110545,likely,0.2744198846832429,15,6,none,0
T2t5S3ek5V4,UCEuQ7YIThAps6wERHfsY7fQ,heldout,7,6.6262,28,6664.91,5824,8102.153610195772,0.8226101286700118,likely,0.27851494240966773,15,6,none,0
T2t5S3ek5V4,UCEuQ7YIThAps6wERHfsY7fQ,time,7,6.6262,28,6664.91,5824,8102.153610195772,0.8226101286700118,likely,0.27851494240966773,15,6,none,0
T2t5S3ek5V4,UCEuQ7YIThAps6wERHfsY7fQ,heldout,14,12.6262,28,6248.50,5824,8328.634559433913,0.7502433696240101,confirmed,0.2295565178211304,15,5,none,0
T2t5S3ek5V4,UCEuQ7YIThAps6wERHfsY7fQ,time,14,12.6262,28,6248.50,5824,8328.634559433913,0.7502433696240101,confirmed,0.2295565178211304,15,5,none,0
YfY-F-oTkrY,UCcCzzSbdw5-qmdF_NuTtb2w,heldout,0.5,0.3955,30,3515.86,5901,2683.794852190216,1.3100340462779612,early,,12,11,none,0
YfY-F-oTkrY,UCcCzzSbdw5-qmdF_NuTtb2w,heldout,1,0.3955,30,3515.86,5901,2683.794852190216,1.3100340462779612,early,,12,11,none,0
YfY-F-oTkrY,UCcCzzSbdw5-qmdF_NuTtb2w,heldout,5,5.3955,30,7984.38,5901,3238.0758832328356,2.465778950688711,likely,1.0495548665100196,15,13,none,0
YfY-F-oTkrY,UCcCzzSbdw5-qmdF_NuTtb2w,heldout,7,6.3955,30,7265.01,5901,3234.7001460354227,2.2459605403186895,likely,0.9831226119555855,15,12,none,0
YfY-F-oTkrY,UCcCzzSbdw5-qmdF_NuTtb2w,heldout,14,14.3955,30,6614.83,5901,3198.437396283127,2.068145294241516,confirmed,0.7547220565027144,15,10,none,0
f7xro08O23A,UCMIjEnXruVHtvgSVf6TgfUg,time,14,13.6841,29,64233.89,64621,76530.30602281696,0.8393262124515877,confirmed,0.07289115520086857,12,11,none,0
_qyy3oY6sXw,UC4wKN1tlnlNVMiRPOu7qyvQ,time,1,1.5828,27,879.10,899,2230.248841983548,0.39417008269247017,early,,15,15,none,0
_qyy3oY6sXw,UC4wKN1tlnlNVMiRPOu7qyvQ,time,2,1.5828,27,879.10,899,2230.248841983548,0.39417008269247017,early,,15,15,none,0
_qyy3oY6sXw,UC4wKN1tlnlNVMiRPOu7qyvQ,time,3,2.5828,27,634.32,899,2251.451169219944,0.2817376751111141,early,0.249576370331942,15,15,none,0
_qyy3oY6sXw,UC4wKN1tlnlNVMiRPOu7qyvQ,time,5,4.5828,27,752.19,899,2378.014342173717,0.3163091918494954,likely,0.28174074751546685,15,15,none,0
_qyy3oY6sXw,UC4wKN1tlnlNVMiRPOu7qyvQ,time,7,6.5828,27,755.05,899,2356.359369289837,0.3204327623377991,likely,0.26166573470005716,15,15,none,0
_qyy3oY6sXw,UC4wKN1tlnlNVMiRPOu7qyvQ,time,14,13.5828,27,848.48,899,2298.6773122653594,0.36911451025378844,confirmed,0.27611928232693694,15,15,none,0
65VnyQkpBMU,UCPf9IYnKY-IKwgo58z0SOUQ,heldout,5,6.7909,31,2901.39,2450,2076.9999999999995,1.3969121407458442,likely,,15,12,none,0
65VnyQkpBMU,UCPf9IYnKY-IKwgo58z0SOUQ,heldout,7,6.7909,31,2901.39,2450,2076.9999999999995,1.3969121407458442,likely,,15,12,none,0
N1CGq7zSjjM,UC3KEoMzNz8eYnwBC34RaKCQ,time,0.5,0.6246,27,279267.36,231830,482383.7550936138,0.578931925700312,early,,12,12,none,0
N1CGq7zSjjM,UC3KEoMzNz8eYnwBC34RaKCQ,time,1,0.6246,27,279267.36,231830,482383.7550936138,0.578931925700312,early,,12,12,none,0
N1CGq7zSjjM,UC3KEoMzNz8eYnwBC34RaKCQ,time,2,1.6246,27,319839.34,231830,482383.7550936138,0.6630391932639312,early,0.8417556533261605,12,12,none,0
N1CGq7zSjjM,UC3KEoMzNz8eYnwBC34RaKCQ,time,3,2.6246,27,281234.04,231830,482383.7550936138,0.5830089467504536,early,0.6168302889322819,12,12,none,0
N1CGq7zSjjM,UC3KEoMzNz8eYnwBC34RaKCQ,time,5,4.6246,27,263861.21,231830,481799.6189793835,0.547657563217126,likely,0.4784639163804531,12,12,none,0
N1CGq7zSjjM,UC3KEoMzNz8eYnwBC34RaKCQ,time,7,6.6246,27,257225.48,231830,481054.14769113384,0.5347121186562752,likely,0.42463006841676787,12,12,none,0
N1CGq7zSjjM,UC3KEoMzNz8eYnwBC34RaKCQ,time,14,12.6246,27,254761.41,231830,479554.3483026957,0.5312461667006563,confirmed,0.3424972284112842,12,12,none,0
RCoAYrh84zY,UCsjrTadAFqgr29SsPPN6QRA,time,14,12.7371,27,2242.08,2321,1675.5838315336014,1.3380881052892468,confirmed,0.2755922408669756,15,15,none,0
wUtSgoZ7_w8,UCD4NnnbISbr4dvmmzQxC2bA,time,5,6.8319,29,23677.03,22495,,,insufficient,,0,0,none,0
wUtSgoZ7_w8,UCD4NnnbISbr4dvmmzQxC2bA,time,7,6.8319,29,23677.03,22495,,,insufficient,,0,0,none,0
wUtSgoZ7_w8,UCD4NnnbISbr4dvmmzQxC2bA,time,14,13.8319,29,22735.63,22495,,,insufficient,0.1668583869251947,0,0,none,0
0VgQWEBi1zs,UCqvXGJXKeLCm6zg-JagDdzQ,time,1,1.8284,27,8833.99,6262,7407.501085441263,1.1925740221100567,early,,15,15,none,0
0VgQWEBi1zs,UCqvXGJXKeLCm6zg-JagDdzQ,time,2,1.8284,27,8833.99,6262,7407.501085441263,1.1925740221100567,early,,15,15,none,0
0VgQWEBi1zs,UCqvXGJXKeLCm6zg-JagDdzQ,time,3,2.8284,27,6320.80,6262,7407.501085441263,0.8532970014563062,early,0.24199740528636682,15,15,none,0
0VgQWEBi1zs,UCqvXGJXKeLCm6zg-JagDdzQ,time,5,4.8284,27,6181.44,6262,7360.81675257837,0.839776706047945,likely,0.19063766850621844,15,15,none,0
0VgQWEBi1zs,UCqvXGJXKeLCm6zg-JagDdzQ,time,7,6.8284,27,6422.32,6262,7360.81675257837,0.872500676139581,likely,0.20886092970390252,15,15,none,0
0VgQWEBi1zs,UCqvXGJXKeLCm6zg-JagDdzQ,time,14,12.8284,27,6643.72,6262,7282.2907429031,0.9123124404813729,confirmed,0.16245046635070964,15,13,none,0
CFNRa5pyEUM,UCN-pFscDli0Md5_mKOHRPVw,heldout,1,0.0671,30,1825.63,340,210.09303726932495,8.689610295451985,early,,9,9,none,0
CFNRa5pyEUM,UCN-pFscDli0Md5_mKOHRPVw,heldout,7,7.0671,30,261.47,340,220.21699873567178,1.1873488015986207,confirmed,0.650166861238359,9,9,none,0
CFNRa5pyEUM,UCN-pFscDli0Md5_mKOHRPVw,heldout,14,14.0671,30,308.99,340,221.67543614236618,1.3938716741020776,confirmed,0.5912344830169131,9,9,none,0
Z2lYnArJbMw,UCSLClJLzdUMRMe0E4SPfc-w,time,1,0.7911,27,68695.46,64386,78984.21731705201,0.8697364801176766,early,,15,10,none,0
Z2lYnArJbMw,UCSLClJLzdUMRMe0E4SPfc-w,time,2,1.7911,27,74398.70,64386,79520.04719833276,0.9355968017637475,early,0.6762575741791204,15,10,none,0
Z2lYnArJbMw,UCSLClJLzdUMRMe0E4SPfc-w,time,3,2.7911,27,68471.72,64386,79841.67657893899,0.8575937399898169,early,0.47775477536414207,15,9,none,0
Z2lYnArJbMw,UCSLClJLzdUMRMe0E4SPfc-w,time,5,4.7911,27,57053.88,64386,79357.66004403563,0.7189461458219819,likely,0.3604769301948164,15,9,none,0
Z2lYnArJbMw,UCSLClJLzdUMRMe0E4SPfc-w,time,7,6.7911,27,60885.97,64386,78877.15610351936,0.7719088464450303,likely,0.3447013910265876,15,9,none,0
Z2lYnArJbMw,UCSLClJLzdUMRMe0E4SPfc-w,time,14,12.7911,27,63577.19,64386,76875.14365852904,0.8270187688959113,confirmed,0.30700013618103456,15,6,none,0
CBzAfzULudA,UCfWAnFA6cNSwOE3Bpfd42ww,time,7,8.5846,27,2393.90,2261,,,insufficient,,10,9,none,0
CBzAfzULudA,UCfWAnFA6cNSwOE3Bpfd42ww,time,14,12.5846,27,2207.69,2261,,,insufficient,0.18965637302549843,10,9,none,0
PCeflwCXSLg,UCZv_19T3Yuk8k0RZRGNqgow,heldout,1,0.8124,30,8461.44,9763,15640.55511568954,0.5409936082882632,early,,15,14,none,0
PCeflwCXSLg,UCZv_19T3Yuk8k0RZRGNqgow,heldout,7,7.8124,30,9304.36,9763,15910.56877880512,0.5847911444273238,confirmed,0.47555089558409763,15,13,none,0
PCeflwCXSLg,UCZv_19T3Yuk8k0RZRGNqgow,heldout,14,13.8124,30,9371.57,9763,15960.287942738603,0.587180298183521,confirmed,0.43904730173567913,15,13,none,0
7C3JQ_NPWGk,UCfCAy6CkaliVqbwqKT2VSYw,time,1,1.9687,27,5684.21,5354,12491.635895962367,0.4550409759296579,early,,15,15,none,0
7C3JQ_NPWGk,UCfCAy6CkaliVqbwqKT2VSYw,time,2,1.9687,27,5684.21,5354,12491.635895962367,0.4550409759296579,early,,15,15,none,0
7C3JQ_NPWGk,UCfCAy6CkaliVqbwqKT2VSYw,time,3,3.9687,27,5286.03,5354,13116.930707245338,0.4029928892670362,likely,0.4128323125196047,15,14,none,0
7C3JQ_NPWGk,UCfCAy6CkaliVqbwqKT2VSYw,time,5,4.9687,27,5124.92,5354,13461.512979370646,0.3807093122584824,likely,0.3858792396036994,15,14,none,0
7C3JQ_NPWGk,UCfCAy6CkaliVqbwqKT2VSYw,time,7,6.9687,27,5428.44,5354,14012.787098439412,0.3873916852614659,likely,0.34679277468066294,15,14,none,0
7C3JQ_NPWGk,UCfCAy6CkaliVqbwqKT2VSYw,time,14,14.9687,27,5508.37,5354,18865.878220533843,0.2919753986924797,confirmed,0.28646595843539324,15,13,none,0
U65_yCel5iM,UCnwlWgbcxwpsnB7LtOL1kPg,time,14,12.7395,27,4566.59,4154,7334.132109443482,0.6226489028353146,confirmed,,15,15,none,0
OhOhawdB8Mc,UCBRpqrzuuqE8TZcWw75JSdw,time,5,5.7570,28,13125.67,10587,28142.013470861126,0.4664083144510702,likely,,3,3,none,0
OhOhawdB8Mc,UCBRpqrzuuqE8TZcWw75JSdw,time,7,6.7570,28,12095.42,10587,28010.74287300746,0.43181359071989567,likely,0.24138037944247592,3,3,none,0
OhOhawdB8Mc,UCBRpqrzuuqE8TZcWw75JSdw,time,14,13.7570,28,10765.58,10587,26071.641313215543,0.4129229085827045,confirmed,0.09775808125239246,3,3,none,0
i6r0a1H0UEQ,UCvIBHWtafirbX5GQmjXPIzw,heldout,5,4.8216,29,13220.85,12591,17297.50002482049,0.7643215242690317,likely,,15,11,none,0
i6r0a1H0UEQ,UCvIBHWtafirbX5GQmjXPIzw,heldout,7,7.8216,29,11516.64,12591,17307.70321243278,0.6654053310225881,confirmed,0.17946860543675688,15,11,none,0
i6r0a1H0UEQ,UCvIBHWtafirbX5GQmjXPIzw,heldout,14,13.8216,29,12317.20,12591,17267.86661668873,0.7133019783327769,confirmed,0.19852199007802973,15,10,none,0
PDgM-SD3Fx4,UCacg8HOfIUfFSUl2qk5m1sA,heldout,14,13.5418,30,14733.02,15296,5597.262290133072,2.6321834230157886,confirmed,0.2539262172481562,15,11,none,0
ZE2XupnAcoE,UCEDLeLo3HNQZiJOTR2svg2A,time,5,5.4662,27,7743.78,8650,,,insufficient,,0,0,none,0
ZE2XupnAcoE,UCEDLeLo3HNQZiJOTR2svg2A,time,7,6.4662,27,8492.41,8650,,,insufficient,0.5582288369499724,0,0,none,0
ZE2XupnAcoE,UCEDLeLo3HNQZiJOTR2svg2A,time,14,13.4662,27,8714.53,8650,,,insufficient,0.3342679228803372,0,0,none,0
Zdy-qZO93Qg,UCx0irbDsRLjMvEXaW56cqlQ,heldout,14,14.9992,29,3403.88,3148,5760.195358009822,0.5909317754038772,confirmed,,15,14,none,0
xTiBF2Hq40I,UC2Kyj04yISmHr1V-UlJz4eg,heldout,1,1.8891,30,404519.46,583890,160791.9999999999,2.515793451486512,early,,15,13,none,0
xTiBF2Hq40I,UC2Kyj04yISmHr1V-UlJz4eg,heldout,2,1.8891,30,404519.46,583890,160791.9999999999,2.515793451486512,early,,15,13,none,0
xTiBF2Hq40I,UC2Kyj04yISmHr1V-UlJz4eg,heldout,3,2.8891,30,476484.91,583890,160791.9999999999,2.9633620398595473,early,0.7559661792919949,15,13,none,0
xTiBF2Hq40I,UC2Kyj04yISmHr1V-UlJz4eg,heldout,5,4.8891,30,534346.42,583890,160791.9999999999,3.3232152400790023,likely,0.659097157887143,15,13,none,0
xTiBF2Hq40I,UC2Kyj04yISmHr1V-UlJz4eg,heldout,7,6.8891,30,538645.50,583890,160791.9999999999,3.349952109180197,likely,0.5905259202608807,15,13,none,0
xTiBF2Hq40I,UC2Kyj04yISmHr1V-UlJz4eg,heldout,14,13.8891,30,568767.55,583890,160791.9999999999,3.537287634150609,confirmed,0.4246011812018384,15,13,none,0
BgM4zMJYfzw,UC7Hi_moNiYG88AgbyiJU9UQ,heldout,5,4.5680,30,5962.50,7049,15025.606653344052,0.3968228997760281,likely,,7,7,none,0
05TiKhSd0d4,UC3_BakzLfadvFrsnClMFWmQ,time,0.5,0.5659,27,2433.79,908,797.5660877171038,3.051515895407627,early,,14,14,none,0
05TiKhSd0d4,UC3_BakzLfadvFrsnClMFWmQ,time,1,0.5659,27,2433.79,908,797.5660877171038,3.051515895407627,early,,14,14,none,0
05TiKhSd0d4,UC3_BakzLfadvFrsnClMFWmQ,time,2,1.5659,27,1224.31,908,790.7194264058791,1.5483500205825282,early,0.20140083790550742,15,15,none,0
05TiKhSd0d4,UC3_BakzLfadvFrsnClMFWmQ,time,3,2.5659,27,1084.56,908,780.0783676371533,1.3903224414973974,early,0.1590783097999724,15,15,none,0
05TiKhSd0d4,UC3_BakzLfadvFrsnClMFWmQ,time,5,4.5659,27,1003.44,908,758.5831337806039,1.322786982649056,likely,0.11042976383163915,15,15,none,0
05TiKhSd0d4,UC3_BakzLfadvFrsnClMFWmQ,time,7,6.5659,27,978.41,908,744.7078315849003,1.3138152882994925,likely,0.09608128062571261,15,15,none,0
05TiKhSd0d4,UC3_BakzLfadvFrsnClMFWmQ,time,14,12.5659,27,866.81,908,709.092647534912,1.2224168373079245,confirmed,0.07217388307500647,15,13,none,0
2sChlIik85Y,UCkU_KcVKHrxgE4uhbIWaQtg,time,5,5.7500,27,133894.61,147691,54944.495994509794,2.4369066222995985,likely,,15,14,none,0
2sChlIik85Y,UCkU_KcVKHrxgE4uhbIWaQtg,time,7,6.7500,27,123659.30,147691,54719.63863812043,2.2598705968055994,likely,0.2572149230222893,15,14,none,0
2sChlIik85Y,UCkU_KcVKHrxgE4uhbIWaQtg,time,14,12.7500,27,119658.78,147691,54458.555774184824,2.197244859083383,confirmed,0.15667412365941008,15,10,none,0
lMAbWZMYF60,UCLKZ20yD2tNMBOkSDZo4FeQ,time,0.5,0.4994,29,5500.67,2955,4782.209039840682,1.1502369593664625,early,,14,14,none,0
lMAbWZMYF60,UCLKZ20yD2tNMBOkSDZo4FeQ,time,1,1.4994,29,5297.88,2955,4521.576816088141,1.171687649307195,early,0.4776946249797405,15,15,none,0
lMAbWZMYF60,UCLKZ20yD2tNMBOkSDZo4FeQ,time,2,1.4994,29,5297.88,2955,4521.576816088141,1.171687649307195,early,0.4776946249797405,15,15,none,0
lMAbWZMYF60,UCLKZ20yD2tNMBOkSDZo4FeQ,time,3,3.4994,29,3477.61,2955,4745.6172778174205,0.732805444928095,likely,0.32568966529086907,15,14,none,0
lMAbWZMYF60,UCLKZ20yD2tNMBOkSDZo4FeQ,time,5,5.4994,29,3956.28,2955,5085.772014917454,0.7779113940339806,likely,0.279739156610858,15,13,none,0
lMAbWZMYF60,UCLKZ20yD2tNMBOkSDZo4FeQ,time,7,7.4994,29,3678.04,2955,5104.284362273508,0.720579261653528,confirmed,0.2577587942171029,15,12,none,0
lMAbWZMYF60,UCLKZ20yD2tNMBOkSDZo4FeQ,time,14,14.4994,29,3193.48,2955,4919.822886246506,0.6491050318429451,confirmed,0.2114096541762862,15,9,none,0
UbJjs2hZz1Q,UCGpsgNbzdF7BECCVbB1COHw,time,14,13.0014,29,3388.07,3348,6866.638627984536,0.4934106698530627,confirmed,0.038116684907735315,15,15,none,0
EaM3EBLILKg,UCnmGIkw-KdI0W5siakKPKog,heldout,2,2.8747,31,3093355.70,2877921,3442626.137310447,0.8985453489474708,early,,15,15,none,0
EaM3EBLILKg,UCnmGIkw-KdI0W5siakKPKog,heldout,3,2.8747,31,3093355.70,2877921,3442626.137310447,0.8985453489474708,early,,15,15,none,0
VcxzpuCa7Oc,UCGWNHkr2WZcRbxqoet-nyeg,time,14,14.4539,29,2611.38,2397,4051.7244818988893,0.6445106829382345,confirmed,,15,15,none,0
k2RJtNwcyxc,UCXV8h3I9pnfZuDpg6xEM_8w,time,14,13.9572,28,5073.13,5243,6884.17908591778,0.7369253435846691,confirmed,,15,14,none,0
VyF8SOSP2YM,UCX6b17PVsYBQ0ip5gyeme-Q,time,1,0.8326,29,45434.78,42652,71820.26741265065,0.6326177396778777,early,,15,10,none,0
VyF8SOSP2YM,UCX6b17PVsYBQ0ip5gyeme-Q,time,2,1.8326,29,38891.53,42652,71820.26741265065,0.5415118729575393,early,0.6273665430145818,15,10,none,0
VyF8SOSP2YM,UCX6b17PVsYBQ0ip5gyeme-Q,time,3,2.8326,29,39819.60,42652,71842.71817769483,0.5542607085674005,early,0.48259279980655484,15,10,none,0
VyF8SOSP2YM,UCX6b17PVsYBQ0ip5gyeme-Q,time,5,4.8326,29,41741.62,42652,71842.71817769483,0.5810139660767438,likely,0.4374227976542492,15,9,none,0
VyF8SOSP2YM,UCX6b17PVsYBQ0ip5gyeme-Q,time,7,6.8326,29,43188.86,42652,71799.32600077316,0.6015218225301676,likely,0.40612513742808637,15,9,none,0
VyF8SOSP2YM,UCX6b17PVsYBQ0ip5gyeme-Q,time,14,13.8326,29,46596.79,42652,71722.61936364158,0.6496805057808075,confirmed,0.37130054100862253,15,8,none,0
XVOvSJoWE6Y,UCrJhTwfygi-D-slK4gbZ8fA,time,2,2.9374,28,1847.13,3618,4778.93564319298,0.38651508273491275,early,,15,14,none,0
XVOvSJoWE6Y,UCrJhTwfygi-D-slK4gbZ8fA,time,3,2.9374,28,1847.13,3618,4778.93564319298,0.38651508273491275,early,,15,14,none,0
XVOvSJoWE6Y,UCrJhTwfygi-D-slK4gbZ8fA,time,5,5.9374,28,2111.70,3618,4829.46714442669,0.43725285953184023,likely,0.4754082700427144,15,14,none,0
XVOvSJoWE6Y,UCrJhTwfygi-D-slK4gbZ8fA,time,7,6.9374,28,2240.42,3618,4829.46714442669,0.4639068031859032,likely,0.47731988390879376,15,14,none,0
XVOvSJoWE6Y,UCrJhTwfygi-D-slK4gbZ8fA,time,14,13.9374,28,2929.05,3618,4954.472680409823,0.5911922505235816,confirmed,0.5143641157343967,15,13,none,0
4OGMeeXQoew,UCUpbDOT-OVNBlaQpb9pbd2w,time,5,4.8821,28,13480.56,10069,31633.82171793968,0.42614401766192156,likely,,15,15,none,0
4OGMeeXQoew,UCUpbDOT-OVNBlaQpb9pbd2w,time,7,6.8821,28,10971.37,10069,29965.47678785541,0.3661335906225045,likely,0.02267055870593109,15,15,none,0
4OGMeeXQoew,UCUpbDOT-OVNBlaQpb9pbd2w,time,14,13.8821,28,10370.87,10069,26678.909108269676,0.38872920402342975,confirmed,0.013283580758654705,15,15,none,0
3d6lsn49-jE,UC9TwYQOO9mAxoF4v8ZioySg,time,5,4.8021,28,34366.33,62838,42018.77817599125,0.8178802207361864,likely,,15,14,none,0
3d6lsn49-jE,UC9TwYQOO9mAxoF4v8ZioySg,time,7,6.8021,28,40454.22,62838,43686.51894549889,0.9260114465830573,likely,0.5101132485612294,15,13,none,0
3d6lsn49-jE,UC9TwYQOO9mAxoF4v8ZioySg,time,14,12.8021,28,49712.73,62838,46292.85385891007,1.073874898085708,confirmed,0.5081372211323978,15,12,none,0
WvO5lOVPyJM,UCUpbDOT-OVNBlaQpb9pbd2w,heldout,7,8.4122,30,44135.33,35506,16953.439948849515,2.6033257947101376,confirmed,,15,15,none,0
WvO5lOVPyJM,UCUpbDOT-OVNBlaQpb9pbd2w,heldout,14,13.4122,30,36450.46,35506,15672.703888934957,2.325728576240733,confirmed,0.015285486563271082,15,15,none,0
-Z2KjOUcvTA,UC7cs8q-gJRlGwj4A8OmCmXg,time,1,1.8945,27,4236.50,3147,3966.248205714018,1.0681381844899362,early,,15,13,none,0
-Z2KjOUcvTA,UC7cs8q-gJRlGwj4A8OmCmXg,time,2,1.8945,27,4236.50,3147,3966.248205714018,1.0681381844899362,early,,15,13,none,0
-Z2KjOUcvTA,UC7cs8q-gJRlGwj4A8OmCmXg,time,3,2.8945,27,3002.44,3147,3904.483667688612,0.768972728348125,early,0.21469250896617528,15,13,none,0
-Z2KjOUcvTA,UC7cs8q-gJRlGwj4A8OmCmXg,time,5,4.8945,27,3081.03,3147,3806.225539592601,0.8094709142435234,likely,0.24805437090242616,15,13,none,0
-Z2KjOUcvTA,UC7cs8q-gJRlGwj4A8OmCmXg,time,7,6.8945,27,3589.84,3147,3743.1745916379928,0.9590369996507535,likely,0.26739394896232355,15,13,none,0
-Z2KjOUcvTA,UC7cs8q-gJRlGwj4A8OmCmXg,time,14,12.8945,27,3318.60,3147,3603.2547386380747,0.9210010033405415,confirmed,0.19031959720609926,15,10,none,0
IooTBRwce2s,UC5_SBQbLA9Kg7Jh5GpXoP3g,time,1,0.8330,28,135.40,279,770.4139739675793,0.17575523033841714,early,,13,12,none,0
IooTBRwce2s,UC5_SBQbLA9Kg7Jh5GpXoP3g,time,2,1.8330,28,206.13,279,770.4139739675793,0.26756098102532794,early,1.1461095666331158,13,12,none,0
IooTBRwce2s,UC5_SBQbLA9Kg7Jh5GpXoP3g,time,3,2.8330,28,453.62,279,727.050099071827,0.6239207262079545,early,1.9313867921371966,15,14,none,0
IooTBRwce2s,UC5_SBQbLA9Kg7Jh5GpXoP3g,time,5,4.8330,28,450.11,279,682.967987034602,0.6590551212794211,likely,1.3415791040673866,15,12,none,0
IooTBRwce2s,UC5_SBQbLA9Kg7Jh5GpXoP3g,time,7,6.8330,28,409.14,279,669.7555062617299,0.6108730202719557,likely,1.097250113924207,15,12,none,0
IooTBRwce2s,UC5_SBQbLA9Kg7Jh5GpXoP3g,time,14,13.8330,28,378.03,279,641.0646793036058,0.5896873467098392,confirmed,0.7734744853597995,15,12,none,0
ne3HBunM_WM,UCLFgO1aEI66fh06p6u6-juw,time,0.5,0.7153,27,16867.13,13027,9596.51887600396,1.7576296371113327,early,,14,14,none,0
ne3HBunM_WM,UCLFgO1aEI66fh06p6u6-juw,time,1,0.7153,27,16867.13,13027,9596.51887600396,1.7576296371113327,early,,14,14,none,0
ne3HBunM_WM,UCLFgO1aEI66fh06p6u6-juw,time,2,1.7153,27,14125.39,13027,9649.640760951019,1.4638259439225711,early,0.5471103437336977,15,15,none,0
ne3HBunM_WM,UCLFgO1aEI66fh06p6u6-juw,time,3,2.7153,27,15124.67,13027,9919.429887312617,1.524751581928098,early,0.49029210855766364,15,15,none,0
ne3HBunM_WM,UCLFgO1aEI66fh06p6u6-juw,time,5,4.7153,27,15190.38,13027,10228.597366148777,1.4850893187343022,likely,0.4538500001774023,15,15,none,0
ne3HBunM_WM,UCLFgO1aEI66fh06p6u6-juw,time,7,6.7153,27,14737.95,13027,10240.532779653475,1.4391783782160812,likely,0.4015640410953655,15,15,none,0
ne3HBunM_WM,UCLFgO1aEI66fh06p6u6-juw,time,14,12.7153,27,13802.83,13027,11034.915564832809,1.250832639079127,confirmed,0.31900518738604583,15,15,none,0
4J9tru21CxU,UC63fON8nPB6FfHOJi_wCZXw,time,5,6.6514,29,3680.88,3369,,,insufficient,,0,0,none,0
4J9tru21CxU,UC63fON8nPB6FfHOJi_wCZXw,time,7,6.6514,29,3680.88,3369,,,insufficient,,0,0,none,0
4J9tru21CxU,UC63fON8nPB6FfHOJi_wCZXw,time,14,13.6514,29,3276.48,3369,,,insufficient,0.1253552500044941,0,0,none,0
SzKo1wE0KeQ,UCl0dAq1S5Pv3cw53nFo_aWg,time,1,1.0310,27,4558.53,40641,,,insufficient,1.540991964137415,5,4,none,0
SzKo1wE0KeQ,UCl0dAq1S5Pv3cw53nFo_aWg,time,2,2.0310,27,6866.18,40641,,,insufficient,1.328279553282693,5,4,none,0
SzKo1wE0KeQ,UCl0dAq1S5Pv3cw53nFo_aWg,time,3,3.0310,27,7829.25,40641,,,insufficient,1.2472835968358955,5,4,none,0
SzKo1wE0KeQ,UCl0dAq1S5Pv3cw53nFo_aWg,time,5,5.0310,27,22703.65,40641,,,insufficient,1.642499294865835,5,4,none,0
SzKo1wE0KeQ,UCl0dAq1S5Pv3cw53nFo_aWg,time,7,7.0310,27,32980.24,40641,,,insufficient,1.6615398578027851,5,4,none,0
SzKo1wE0KeQ,UCl0dAq1S5Pv3cw53nFo_aWg,time,14,15.0310,27,39515.10,40641,,,insufficient,1.3730649239352364,5,4,none,0
k7gaVsF-sjo,UCYzrlZP_m1cV51q9GGDHCMg,time,0.5,0.4268,29,305.42,125,280.9485471890781,1.0870895560704898,early,,12,12,none,0
k7gaVsF-sjo,UCYzrlZP_m1cV51q9GGDHCMg,time,1,1.4268,29,276.06,125,256.1392927232227,1.0777575320649873,early,0.3399945511943102,14,14,none,0
k7gaVsF-sjo,UCYzrlZP_m1cV51q9GGDHCMg,time,2,2.4268,29,172.42,125,241.02097448946057,0.7153638128494626,early,0.24512399734623574,15,15,none,0
k7gaVsF-sjo,UCYzrlZP_m1cV51q9GGDHCMg,time,3,3.4268,29,150.50,125,231.57319043168613,0.6498817987305167,likely,0.2044110091305405,15,15,none,0
k7gaVsF-sjo,UCYzrlZP_m1cV51q9GGDHCMg,time,5,5.4268,29,140.25,125,218.8433063707604,0.640888186814741,likely,0.1646708652870389,15,15,none,0
k7gaVsF-sjo,UCYzrlZP_m1cV51q9GGDHCMg,time,7,7.4268,29,135.22,125,210.24110392906323,0.6431580485699772,confirmed,0.13954898510146727,15,15,none,0
k7gaVsF-sjo,UCYzrlZP_m1cV51q9GGDHCMg,time,14,13.4268,29,127.09,125,195.35787110900895,0.650557233092285,confirmed,0.10711912955610538,15,15,none,0
PAYHOr73Zr4,UC5_SBQbLA9Kg7Jh5GpXoP3g,time,1,0.8328,28,10.62,43,728.7568933289488,0.014572684051602792,early,,7,6,none,0
PAYHOr73Zr4,UC5_SBQbLA9Kg7Jh5GpXoP3g,time,2,2.8328,28,19.26,43,344.06788622376376,0.0559701228192518,early,1.099173416979131,15,14,none,0
PAYHOr73Zr4,UC5_SBQbLA9Kg7Jh5GpXoP3g,time,3,2.8328,28,19.26,43,344.06788622376376,0.0559701228192518,early,1.099173416979131,15,14,none,0
PAYHOr73Zr4,UC5_SBQbLA9Kg7Jh5GpXoP3g,time,5,4.8328,28,20.54,43,318.70369416313207,0.06446301759849007,likely,0.8738254748746151,15,12,none,0
PAYHOr73Zr4,UC5_SBQbLA9Kg7Jh5GpXoP3g,time,7,6.8328,28,22.82,43,317.82556972861886,0.07180136777046231,likely,0.8624908842099287,15,12,none,0
PAYHOr73Zr4,UC5_SBQbLA9Kg7Jh5GpXoP3g,time,14,12.8328,28,35.30,43,288.0996096311858,0.12253470420936285,confirmed,0.8864745909061443,15,12,none,0
dr2nha4f97A,UCe43pe3w4L6w3tNMRkWiJBA,time,14,13.8671,27,21975.81,22040,31009.282767637975,0.7086850239272892,confirmed,0.15405223215478975,15,13,none,0
BzJoiYVBSTQ,UCNRXCkyFGkmw_TcFMw7fBaQ,time,1,0.8747,28,40952.32,47708,69557.76451637762,0.5887526069251312,early,,6,5,none,0
BzJoiYVBSTQ,UCNRXCkyFGkmw_TcFMw7fBaQ,time,2,1.8747,28,47260.11,47708,68528.58190543752,0.6896409295407177,early,0.7265507073411251,6,5,none,0
BzJoiYVBSTQ,UCNRXCkyFGkmw_TcFMw7fBaQ,time,3,2.8747,28,47871.81,47708,67548.48710061892,0.7087029102518966,early,0.6426693706288928,6,5,none,0
BzJoiYVBSTQ,UCNRXCkyFGkmw_TcFMw7fBaQ,time,5,4.8747,28,40753.70,47708,66008.69405858357,0.6173989813915838,likely,0.47741972263381377,6,5,none,0
BzJoiYVBSTQ,UCNRXCkyFGkmw_TcFMw7fBaQ,time,7,7.8747,28,41262.46,47708,64409.87241849091,0.6406232907068274,confirmed,0.41518945904513255,6,5,none,0
BzJoiYVBSTQ,UCNRXCkyFGkmw_TcFMw7fBaQ,time,14,13.8747,28,44138.69,47708,62086.00058483342,0.7109281563817486,confirmed,0.36874457227135804,6,5,none,0
KKj7tYu25s0,UCgBc9iNvvjWDInV6fBeTGXQ,time,5,5.5634,29,22974.34,24052,19284.731727911112,1.191322771910057,likely,,15,15,none,0
KKj7tYu25s0,UCgBc9iNvvjWDInV6fBeTGXQ,time,7,6.5634,29,22751.24,24052,19289.236671894152,1.1794784967812837,likely,0.42199645980910677,15,15,none,0
KKj7tYu25s0,UCgBc9iNvvjWDInV6fBeTGXQ,time,14,13.5634,29,25716.86,24052,19502.810939689927,1.3186232622199725,confirmed,0.3310255592551695,15,14,none,0
X5T8UrpeLCY,UCuuq3lB_aWH9-bUubni59Rg,time,14,13.9166,28,203.27,198,459.3706748655653,0.4424932035748486,confirmed,0.1941913104696319,15,14,none,0
rvv9kUmROIM,UC5_SBQbLA9Kg7Jh5GpXoP3g,time,1,0.8321,28,34.51,121,,,insufficient,,2,2,none,0
rvv9kUmROIM,UC5_SBQbLA9Kg7Jh5GpXoP3g,time,2,2.8321,28,77.03,121,300.25541880086246,0.2565485336053372,early,1.3802785204808734,15,15,none,0
rvv9kUmROIM,UC5_SBQbLA9Kg7Jh5GpXoP3g,time,3,2.8321,28,77.03,121,300.25541880086246,0.2565485336053372,early,1.3802785204808734,15,15,none,0
rvv9kUmROIM,UC5_SBQbLA9Kg7Jh5GpXoP3g,time,5,4.8321,28,93.38,121,281.6135836489792,0.33160528918154775,likely,1.163368930986908,15,14,none,0
rvv9kUmROIM,UC5_SBQbLA9Kg7Jh5GpXoP3g,time,7,6.8321,28,105.95,121,268.44386985025005,0.3946875084853852,likely,1.1078482401108265,15,14,none,0
rvv9kUmROIM,UC5_SBQbLA9Kg7Jh5GpXoP3g,time,14,13.8321,28,125.55,121,249.94114725618374,0.502321136261735,confirmed,0.9089745729423434,15,14,none,0
68p9QqZJItY,UCCI37YB3l21oq_sLoc92YfA,time,14,13.8228,28,26675.47,30297,389.2328881448148,68.53343068646404,confirmed,1.843484267214636,15,12,none,0
-9pjnS_1Kuw,UC3z8YEKBEjSPRb6L2RJPWUg,time,5,5.9167,27,5002.52,5046,,,insufficient,,0,0,none,0
-9pjnS_1Kuw,UC3z8YEKBEjSPRb6L2RJPWUg,time,7,6.9167,27,4163.18,5046,,,insufficient,0.2142622114736811,0,0,none,0
-9pjnS_1Kuw,UC3z8YEKBEjSPRb6L2RJPWUg,time,14,12.9167,27,4831.16,5046,,,insufficient,0.22840211589962997,0,0,none,0
FBUPqwhKwmg,UC1LJVKQ0hp7sKyfAbKoDHMw,time,5,5.0546,27,130.54,115,78.53276515587702,1.662185494113935,likely,,15,13,none,0
FBUPqwhKwmg,UC1LJVKQ0hp7sKyfAbKoDHMw,time,7,7.0546,27,112.13,115,80.46196745644703,1.3936051727986403,confirmed,0.21240245802721594,15,12,none,0
FBUPqwhKwmg,UC1LJVKQ0hp7sKyfAbKoDHMw,time,14,13.0546,27,116.66,115,82.60280194084037,1.412275010908154,confirmed,0.1723990726150383,15,8,none,0
FvuTO_ZvuDM,UCGxjDWAN1KwrkXYVi8CXtjQ,heldout,5,6.9997,30,34198.33,47092,14544.189682871365,2.3513396972693292,likely,,15,12,none,0
FvuTO_ZvuDM,UCGxjDWAN1KwrkXYVi8CXtjQ,heldout,7,6.9997,30,34198.33,47092,14544.189682871365,2.3513396972693292,likely,,15,12,none,0
FvuTO_ZvuDM,UCGxjDWAN1KwrkXYVi8CXtjQ,heldout,14,14.9997,30,43195.02,47092,14413.77749201343,2.9967868614617266,confirmed,0.44412059575934965,15,10,none,0
rHIUKM0SDhE,UCloEmVCpDUoPHyi5qU940TQ,time,0.5,0.5012,28,664.92,1853,492.3551671825502,1.3504815863062658,early,,15,12,none,0
rHIUKM0SDhE,UCloEmVCpDUoPHyi5qU940TQ,time,1,0.5012,28,664.92,1853,492.3551671825502,1.3504815863062658,early,,15,12,none,0
rHIUKM0SDhE,UCloEmVCpDUoPHyi5qU940TQ,time,2,2.5012,28,1074.14,1853,499.796487868453,2.1491583081883103,early,1.0347322303231368,15,12,none,0
rHIUKM0SDhE,UCloEmVCpDUoPHyi5qU940TQ,time,3,2.5012,28,1074.14,1853,499.796487868453,2.1491583081883103,early,1.0347322303231368,15,12,none,0
rHIUKM0SDhE,UCloEmVCpDUoPHyi5qU940TQ,time,5,4.5012,28,1321.07,1853,515.0000000000001,2.565175316691148,likely,0.8372768326751117,15,11,none,0
rHIUKM0SDhE,UCloEmVCpDUoPHyi5qU940TQ,time,7,6.5012,28,1460.87,1853,515.0000000000001,2.8366362301864534,likely,0.7991641838211357,15,11,none,0
rHIUKM0SDhE,UCloEmVCpDUoPHyi5qU940TQ,time,14,13.5012,28,1639.88,1853,515.0000000000001,3.1842256404516096,confirmed,0.7789856523121829,15,9,none,0
B_LOi9tpdYc,UCPAt6z5uX_c5Eo_cSNROzYw,time,7,8.9165,28,2144.56,1855,4266.61669956994,0.5026366274966964,confirmed,,15,15,none,0
B_LOi9tpdYc,UCPAt6z5uX_c5Eo_cSNROzYw,time,14,13.9165,28,1953.33,1855,4006.860819586908,0.4874971547719235,confirmed,0.131597702503554,15,15,none,0
9p9m04q4Nq0,UCUUe2Q6fFgu5Dzk_y2OyPYw,time,14,12.7697,27,507790.38,521934,361389.2872821657,1.4051063331683749,confirmed,0.11604497989176821,15,12,none,0
9lgYN0cPEg8,UC6Oihk5E2X9kuvI4q4rWxtQ,time,14,14.5761,28,116542.24,116449,125451.41424674536,0.9289830788249283,confirmed,,15,14,none,0
VBJ63rblwBY,UCCZLVYAGIoGvaFUrTyyeaXA,time,5,6.0256,29,4388.60,3638,21256.474951193126,0.20645939519571613,likely,,4,4,none,0
VBJ63rblwBY,UCCZLVYAGIoGvaFUrTyyeaXA,time,7,7.0256,29,3886.15,3638,20901.13477584529,0.1859301322003952,confirmed,0.107045529694028,4,4,none,0
VBJ63rblwBY,UCCZLVYAGIoGvaFUrTyyeaXA,time,14,14.0256,29,3705.28,3638,19378.36204973613,0.19120732772846905,confirmed,0.03758142607825731,4,4,none,0
qCpYiNuintI,UC_wSuaxwUYsJOBZDWwHIQZg,time,1,1.2152,28,54543.87,31659,59218.00000000002,0.9210691833303476,early,0.4437705499247436,15,8,none,0
qCpYiNuintI,UC_wSuaxwUYsJOBZDWwHIQZg,time,2,2.2152,28,39949.06,31659,59218.00000000002,0.6746101485276469,early,0.379625931797562,15,8,none,0
qCpYiNuintI,UC_wSuaxwUYsJOBZDWwHIQZg,time,3,3.2152,28,36889.71,31659,59218.00000000002,0.6229475833211636,likely,0.32974934880041273,15,7,none,0
qCpYiNuintI,UC_wSuaxwUYsJOBZDWwHIQZg,time,5,5.2152,28,35719.90,31659,59218.00000000002,0.6031933584793514,likely,0.28536640919317746,15,7,none,0
qCpYiNuintI,UC_wSuaxwUYsJOBZDWwHIQZg,time,7,7.2152,28,35034.30,31659,59218.00000000002,0.5916156848354511,confirmed,0.26540227242704145,15,7,none,0
qCpYiNuintI,UC_wSuaxwUYsJOBZDWwHIQZg,time,14,13.2152,28,35368.92,31659,59218.00000000002,0.5972664454759509,confirmed,0.22268801645357342,15,6,none,0
YDmXlsE8E5Y,UC3lJL1pUvQ2Ih2qZ-4ozrLw,time,5,6.9786,27,79.33,115,376.78580889312207,0.21055672926996616,likely,,3,3,none,0
YDmXlsE8E5Y,UC3lJL1pUvQ2Ih2qZ-4ozrLw,time,7,6.9786,27,79.33,115,376.78580889312207,0.21055672926996616,likely,,3,3,none,0
YDmXlsE8E5Y,UC3lJL1pUvQ2Ih2qZ-4ozrLw,time,14,14.9786,27,83.95,115,3290.55008630042,0.025513067586791203,confirmed,0.25105308630068474,12,12,none,0
rvtZs_nTqr0,UC68TLK0mAEzUyHx5x5k-S1Q,time,1,1.8748,27,2153169.45,1690548,1869076.5448513487,1.1519963987468331,early,,15,15,none,0
rvtZs_nTqr0,UC68TLK0mAEzUyHx5x5k-S1Q,time,2,1.8748,27,2153169.45,1690548,1869076.5448513487,1.1519963987468331,early,,15,15,none,0
rvtZs_nTqr0,UC68TLK0mAEzUyHx5x5k-S1Q,time,3,2.8748,27,1538068.42,1690548,1865761.3752144612,0.8243650247546158,early,0.2398859337546418,15,15,none,0
rvtZs_nTqr0,UC68TLK0mAEzUyHx5x5k-S1Q,time,5,4.8748,27,1535976.13,1690548,1859986.6871492004,0.8257995292218274,likely,0.21983896719312332,15,15,none,0
rvtZs_nTqr0,UC68TLK0mAEzUyHx5x5k-S1Q,time,7,6.8748,27,1539402.70,1690548,1864978.9999999993,0.8254262934825514,likely,0.19441630883555402,15,14,none,0
rvtZs_nTqr0,UC68TLK0mAEzUyHx5x5k-S1Q,time,14,12.8748,27,1647417.57,1690548,1864978.9999999993,0.8833437619265206,confirmed,0.17471157174035218,15,14,none,0
5rTwOt9Qgik,UCn8ujwUInbJkBhffxqAPBVQ,time,1,1.0321,27,16889.83,23957,47594.74204605344,0.35486754798761844,early,,15,15,none,0
5rTwOt9Qgik,UCn8ujwUInbJkBhffxqAPBVQ,time,2,2.0321,27,40755.38,23957,47827.977331237766,0.8521243319993151,early,2.1461310400926066,15,15,none,0
5rTwOt9Qgik,UCn8ujwUInbJkBhffxqAPBVQ,time,3,3.0321,27,37530.77,23957,48763.95781587988,0.7696415968307985,likely,1.3330802467347538,15,15,none,0
5rTwOt9Qgik,UCn8ujwUInbJkBhffxqAPBVQ,time,5,5.0321,27,34499.99,23957,49281.48718011286,0.7000598306988074,likely,0.8871313224731309,15,15,none,0
5rTwOt9Qgik,UCn8ujwUInbJkBhffxqAPBVQ,time,7,7.0321,27,31185.58,23957,50389.243595731,0.618893681619233,confirmed,0.7278409487843417,15,15,none,0
5rTwOt9Qgik,UCn8ujwUInbJkBhffxqAPBVQ,time,14,13.0321,27,27326.36,23957,53861.52936005208,0.507344751698022,confirmed,0.5799814019440125,15,15,none,0
QoDKNa_08cc,UCDVt6xCSRx3dqr_SGgc1hng,time,14,14.9576,27,8820.06,10611,3101.715153643965,2.8436081269505267,confirmed,0.704270435953989,15,13,none,0
I5f-PqC43UU,UCE_--R1P5-kfBzHTca0dsnw,time,14,12.8330,27,453380.30,477484,418858.05799976044,1.0824199001980752,confirmed,,14,14,none,0
kG86csxVVAE,UCPAt6z5uX_c5Eo_cSNROzYw,time,14,13.5460,27,1338.08,1300,10450.189752846223,0.12804331354007073,confirmed,0.0048064067289848526,15,15,none,0
ts0Q_HNo_LA,UCAuUUnT6oDeKwE6v1NGQxug,heldout,5,4.8737,27,23311.56,22087,24039.044093583467,0.9697373167769743,likely,,3,3,none,0
ts0Q_HNo_LA,UCAuUUnT6oDeKwE6v1NGQxug,time,5,4.8737,27,23311.56,22087,24039.044093583467,0.9697373167769743,likely,,3,3,none,0
ts0Q_HNo_LA,UCAuUUnT6oDeKwE6v1NGQxug,heldout,7,6.8737,27,22601.95,22087,24259.966853261118,0.9316563286582528,likely,0.28713899972647905,3,3,none,0
ts0Q_HNo_LA,UCAuUUnT6oDeKwE6v1NGQxug,time,7,6.8737,27,22601.95,22087,24259.966853261118,0.9316563286582528,likely,0.28713899972647905,3,3,none,0
ts0Q_HNo_LA,UCAuUUnT6oDeKwE6v1NGQxug,heldout,14,15.8737,27,22695.41,22087,23518.038162304496,0.9650212328488416,confirmed,0.18677227561389362,3,3,none,0
ts0Q_HNo_LA,UCAuUUnT6oDeKwE6v1NGQxug,time,14,15.8737,27,22695.41,22087,23518.038162304496,0.9650212328488416,confirmed,0.18677227561389362,3,3,none,0
LQXNL4CRZwA,UCE_--R1P5-kfBzHTca0dsnw,time,14,13.7080,28,259055.30,298010,441199.5180778529,0.5871613308704365,confirmed,,14,14,none,0
5vhZQOJU_7Q,UC_A0CYW-gTE4qR3nWQnkaIg,time,5,6.6249,29,530.16,490,,,insufficient,,0,0,none,0
5vhZQOJU_7Q,UC_A0CYW-gTE4qR3nWQnkaIg,time,7,6.6249,29,530.16,490,,,insufficient,,0,0,none,0
5vhZQOJU_7Q,UC_A0CYW-gTE4qR3nWQnkaIg,time,14,13.6249,29,473.23,490,,,insufficient,0.12933440136747018,0,0,none,0
9bwg8D7bhLs,UC682ktH2UsgNdCjl83TpDWg,time,14,13.8900,28,261.42,264,71.88441702085113,3.6366129301705667,confirmed,0.017602444438233902,15,15,none,0
lKtHyIX7d5g,UCAbcoKROFsRA_uA9aSprCwg,time,5,4.8739,27,1902.29,2991,,,insufficient,,2,2,none,0
lKtHyIX7d5g,UCAbcoKROFsRA_uA9aSprCwg,time,7,6.8739,27,2798.75,2991,,,insufficient,0.6989658947083227,2,2,none,0
lKtHyIX7d5g,UCAbcoKROFsRA_uA9aSprCwg,time,14,15.8739,27,3156.99,2991,,,insufficient,0.5474818818055095,2,2,none,0
z9ri8lnSRRQ,UCkqcY4CAuBFNFho6JgygCnA,heldout,14,14.1386,29,39621.27,35487,40640.98287425905,0.9749091315419075,confirmed,0.5888130181996698,15,13,none,0
z9ri8lnSRRQ,UCkqcY4CAuBFNFho6JgygCnA,time,14,14.1386,29,39621.27,35487,40640.98287425905,0.9749091315419075,confirmed,0.5888130181996698,15,13,none,0
bqnalgrmMfQ,UCuxbOHa_nj8k6qotTzJrWZA,time,1,0.8853,28,19211.10,15470,18375.02744574843,1.0455005189969355,early,,15,15,none,0
bqnalgrmMfQ,UCuxbOHa_nj8k6qotTzJrWZA,time,2,1.8853,28,18038.93,15470,18572.741462317797,0.9712584019574981,early,0.6226611591717072,15,15,none,0
bqnalgrmMfQ,UCuxbOHa_nj8k6qotTzJrWZA,time,3,2.8853,28,19507.23,15470,18779.451902997196,1.0387541757806888,early,0.556630881868293,15,15,none,0
bqnalgrmMfQ,UCuxbOHa_nj8k6qotTzJrWZA,time,5,4.8853,28,16099.91,15470,19108.82651637039,0.8425378699841367,likely,0.39171383290409434,15,15,none,0
bqnalgrmMfQ,UCuxbOHa_nj8k6qotTzJrWZA,time,7,7.8853,28,15982.81,15470,19377.043753959417,0.8248319762774631,confirmed,0.3405129309345007,15,13,none,0
bqnalgrmMfQ,UCuxbOHa_nj8k6qotTzJrWZA,time,14,13.8853,28,17454.06,15470,19327.999999999993,0.9030451996020363,confirmed,0.2822644957576425,15,7,none,0
ll_c_EYp3Is,UCXuqSBlHAE6Xw-yeJA0Tunw,heldout,1,0.7909,31,1200189.07,811714,1472358.935897044,0.8151470692063955,early,,14,14,none,0
ll_c_EYp3Is,UCXuqSBlHAE6Xw-yeJA0Tunw,heldout,2,2.7909,31,1076566.58,811714,1531371.8788757958,0.7030079361613805,early,0.5057828675821164,15,15,none,0
ll_c_EYp3Is,UCXuqSBlHAE6Xw-yeJA0Tunw,heldout,3,2.7909,31,1076566.58,811714,1531371.8788757958,0.7030079361613805,early,0.5057828675821164,15,15,none,0
ll_c_EYp3Is,UCXuqSBlHAE6Xw-yeJA0Tunw,heldout,5,4.7909,31,1008638.51,811714,1521547.5465754368,0.6629030495419388,likely,0.4065130365719247,15,15,none,0
ll_c_EYp3Is,UCXuqSBlHAE6Xw-yeJA0Tunw,heldout,7,6.7909,31,965500.83,811714,1510211.167633587,0.6393151157088172,likely,0.35447398483643855,15,15,none,0
ll_c_EYp3Is,UCXuqSBlHAE6Xw-yeJA0Tunw,heldout,14,13.7909,31,849646.61,811714,1429421.8148791764,0.59439880112253,confirmed,0.26729387559032763,15,11,none,0
HDiDqaUU5oM,UC41S9MSkeQ1TWo1URYLeRuw,heldout,14,14.6699,31,4430.26,4206,5570.741051388543,0.7952724113845621,confirmed,,15,13,none,0
vUcrW80cgHo,UCGpsgNbzdF7BECCVbB1COHw,time,14,14.0083,29,1282.28,1246,6791.65424410358,0.1888024064820325,confirmed,0.0104157750174699,15,15,none,0
uCc3pJymQbw,UCaBOIBVD_f6eyRRRBRrCz8w,time,14,13.8122,28,38585.46,36633,39288.26473504871,0.9821116597761512,confirmed,,4,3,none,0
XzWtkEVq6M8,UCc99RaVe8PKgly2T3QNBWLw,time,5,6.9199,29,57.93,58,,,insufficient,,1,1,none,0
XzWtkEVq6M8,UCc99RaVe8PKgly2T3QNBWLw,time,7,6.9199,29,57.93,58,,,insufficient,,1,1,none,0
XzWtkEVq6M8,UCc99RaVe8PKgly2T3QNBWLw,time,14,13.9199,29,55.44,58,,,insufficient,0.16292600691019613,1,1,none,0
QUIFZaKIB4M,UC1jY1bsRgYKlQ08IVIzwhVw,heldout,7,8.0196,31,34363.30,33699,,,insufficient,,0,0,none,0
QUIFZaKIB4M,UC1jY1bsRgYKlQ08IVIzwhVw,heldout,14,14.0196,31,34653.16,33699,,,insufficient,0.24744261614307245,0,0,none,0
Ofk4yMt9oM8,UC1KoulyXR8gBGyxv7r6pWQg,time,5,4.8853,27,11665.30,11873,,,insufficient,,0,0,none,0
Ofk4yMt9oM8,UC1KoulyXR8gBGyxv7r6pWQg,time,7,6.8853,27,12381.40,11873,20827.701162270445,0.5944680459885698,likely,0.44157890608293493,15,14,none,0
Ofk4yMt9oM8,UC1KoulyXR8gBGyxv7r6pWQg,time,14,12.8853,27,11962.60,11873,20902.99999999998,0.5722912563567926,confirmed,0.25596283157407673,15,9,none,0
kDwpXldLRug,UCLVGBWZrAniy5r767EXaR8A,heldout,1,0.7706,30,1144.30,1030,1262.827907676075,0.9061400642173751,early,,5,4,none,0
kDwpXldLRug,UCLVGBWZrAniy5r767EXaR8A,heldout,7,7.7706,30,1043.83,1030,597.6741211632403,1.7464913269928388,confirmed,0.40426099862109915,15,14,none,0
kDwpXldLRug,UCLVGBWZrAniy5r767EXaR8A,heldout,14,13.7706,30,1012.97,1030,581.6911283269335,1.7414284783817713,confirmed,0.3465668384345594,15,13,none,0
tSzmW88tRJ8,UCyNlnI6hQO3pVHswmGYvQxA,time,0.5,0.7083,29,16439.67,25112,10416.804574353933,1.578187737703322,early,,15,15,none,0
tSzmW88tRJ8,UCyNlnI6hQO3pVHswmGYvQxA,time,1,0.7083,29,16439.67,25112,10416.804574353933,1.578187737703322,early,,15,15,none,0
tSzmW88tRJ8,UCyNlnI6hQO3pVHswmGYvQxA,time,2,1.7083,29,14438.41,25112,10416.804574353933,1.3860688423039007,early,0.6485764744752703,15,15,none,0
tSzmW88tRJ8,UCyNlnI6hQO3pVHswmGYvQxA,time,3,2.7083,29,15255.05,25112,10409,1.4655635957138033,early,0.533085403334108,15,14,none,0
tSzmW88tRJ8,UCyNlnI6hQO3pVHswmGYvQxA,time,5,4.7083,29,14912.05,25112,10409,1.4326113874596251,likely,0.4587171496553564,15,14,none,0
tSzmW88tRJ8,UCyNlnI6hQO3pVHswmGYvQxA,time,7,6.7083,29,15597.88,25112,10409,1.4984992498327443,likely,0.45538326127415546,15,14,none,0
tSzmW88tRJ8,UCyNlnI6hQO3pVHswmGYvQxA,time,14,13.7083,29,20553.68,25112,10409,1.9746061938165917,confirmed,0.4888716914057859,15,12,none,0
B_G7af8LBow,UCS7BAYpqOSaYy-pZp6oO4PA,time,7,7.9572,28,10255.60,8455,14524.212080141844,0.7061033905272123,confirmed,,15,15,none,0
B_G7af8LBow,UCS7BAYpqOSaYy-pZp6oO4PA,time,14,12.9572,28,8582.29,8455,14081.28026561263,0.609482298370948,confirmed,0.044408033516557095,15,15,none,0
79nQJwvCbfY,UC682ktH2UsgNdCjl83TpDWg,time,14,13.0188,28,85.07,81,76.82719598193776,1.107308239209521,confirmed,0.24480258746288894,15,15,none,0
nSOgKuGUta0,UCGWNHkr2WZcRbxqoet-nyeg,time,14,13.9017,28,980.93,938,2599.494437510893,0.37735413908980303,confirmed,,15,15,none,0
HzA07cvOfh8,UCnwAlhoB5rVhh6y5P96RXAw,heldout,14,12.9579,30,122367.97,128904,53263.24558496065,2.2974185343785916,confirmed,,8,8,none,0
KA5MUJzQYrM,UCPAt6z5uX_c5Eo_cSNROzYw,time,14,13.6457,29,1420.74,1410,10450.189752846223,0.13595332518733377,confirmed,0.020586759789967567,15,15,none,0
Sw7wnZSy4Ug,UC7Hi_moNiYG88AgbyiJU9UQ,heldout,1,1.8539,30,1516.91,1859,6126.727927184593,0.2475890209378274,early,,8,8,none,0
Sw7wnZSy4Ug,UC7Hi_moNiYG88AgbyiJU9UQ,heldout,2,1.8539,30,1516.91,1859,6126.727927184593,0.2475890209378274,early,,8,8,none,0
HZy-Nz-a1MU,UCcQD9RunHRdJCWZFQRiuZCQ,time,2,2.7913,27,12625.50,10721,9554.17709087792,1.3214633760788688,early,,14,13,none,0
HZy-Nz-a1MU,UCcQD9RunHRdJCWZFQRiuZCQ,time,3,2.7913,27,12625.50,10721,9554.17709087792,1.3214633760788688,early,,14,13,none,0
HZy-Nz-a1MU,UCcQD9RunHRdJCWZFQRiuZCQ,time,5,4.7913,27,11450.26,10721,8810.945554537122,1.2995490568775956,likely,0.2599362408141453,15,14,none,0
HZy-Nz-a1MU,UCcQD9RunHRdJCWZFQRiuZCQ,time,7,7.7913,27,11739.10,10721,8810.945554537122,1.3323316343337934,confirmed,0.2328935981902907,15,14,none,0
HZy-Nz-a1MU,UCcQD9RunHRdJCWZFQRiuZCQ,time,14,12.7913,27,11121.06,10721,8826.063244729614,1.2600254439241192,confirmed,0.19407665096813273,15,13,none,0
JbjefyhSta0,UC7r7A8qlvL8hoKJhfpbVb2w,time,14,13.9580,30,737.08,779,,,insufficient,,14,14,none,0
NPA1LOrrc78,UC6RxjqZyhTKshYyBJcIIvPQ,heldout,5,5.8540,28,949.11,1115,,,insufficient,,1,1,none,0
NPA1LOrrc78,UC6RxjqZyhTKshYyBJcIIvPQ,time,5,5.8540,28,949.11,1115,,,insufficient,,1,1,none,0
NPA1LOrrc78,UC6RxjqZyhTKshYyBJcIIvPQ,heldout,7,6.8540,28,1040.39,1115,,,insufficient,0.5861058783294735,1,1,none,0
NPA1LOrrc78,UC6RxjqZyhTKshYyBJcIIvPQ,time,7,6.8540,28,1040.39,1115,,,insufficient,0.5861058783294735,1,1,none,0
NPA1LOrrc78,UC6RxjqZyhTKshYyBJcIIvPQ,heldout,14,13.8540,28,1102.47,1115,,,insufficient,0.3889737689731428,1,1,none,0
NPA1LOrrc78,UC6RxjqZyhTKshYyBJcIIvPQ,time,14,13.8540,28,1102.47,1115,,,insufficient,0.3889737689731428,1,1,none,0
jcBex0QObBs,UCdwo4k1RQHTcq_-WS7Cazqg,time,5,4.9572,27,554.78,461,,,insufficient,,1,1,none,0
jcBex0QObBs,UCdwo4k1RQHTcq_-WS7Cazqg,time,7,6.9572,27,468.32,461,,,insufficient,0.1491397103886086,1,1,none,0
jcBex0QObBs,UCdwo4k1RQHTcq_-WS7Cazqg,time,14,15.9572,27,469.10,461,,,insufficient,0.10212345877978361,1,1,none,0
rRGF_9hoJ64,UCJ1RVDuSiJncq6VQYiqpzLA,time,14,14.9570,27,1054.96,1057,675.738548563392,1.5611993428603557,confirmed,0.09009344262109582,15,15,none,0
Vvzhrntzo6I,UCPAt6z5uX_c5Eo_cSNROzYw,time,14,13.8316,29,2025.20,1984,10398.161631721032,0.19476495720352718,confirmed,0.03755753715138055,15,15,none,0
SOg-CUeEqdY,UCUpbDOT-OVNBlaQpb9pbd2w,heldout,14,14.6690,29,8287.81,8036,22612.232987932093,0.3665189021904173,confirmed,0.008046150686578376,15,15,none,0
gHlNf7G1Grk,UCgxSTAUCx4JbT5J0ako61Ww,time,14,14.6671,29,4046.75,3783,2155.795977695308,1.8771497305416553,confirmed,,15,15,none,0
Dart_BYcL7E,UCYzrlZP_m1cV51q9GGDHCMg,time,0.5,0.3528,27,573.11,161,282.7802947123209,2.026682701184485,early,,13,13,none,0
Dart_BYcL7E,UCYzrlZP_m1cV51q9GGDHCMg,time,1,1.3528,27,362.47,161,291.0139408625128,1.2455540707979054,early,0.12381219650425268,14,14,none,0
Dart_BYcL7E,UCYzrlZP_m1cV51q9GGDHCMg,time,2,2.3528,27,220.23,161,269.7431224337203,0.8164471013407476,early,0.0827681072437968,15,15,none,0
Dart_BYcL7E,UCYzrlZP_m1cV51q9GGDHCMg,time,3,3.3528,27,190.30,161,264.5192280350832,0.7194017116495934,likely,0.06989244320409319,15,15,none,0
Dart_BYcL7E,UCYzrlZP_m1cV51q9GGDHCMg,time,5,5.3528,27,177.88,161,256.8682994381111,0.6925075466841994,likely,0.06536252750858144,15,15,none,0
Dart_BYcL7E,UCYzrlZP_m1cV51q9GGDHCMg,time,7,7.3528,27,172.60,161,249.63824480876994,0.6913830969745071,confirmed,0.059045276121689264,15,15,none,0
Dart_BYcL7E,UCYzrlZP_m1cV51q9GGDHCMg,time,14,15.3528,27,166.36,161,234.07052566341764,0.71070677901036,confirmed,0.05322388141933424,15,15,none,0
pouxMfSKm0k,UC5Qbo0AR3CwpmEq751BIy0g,time,1,0.8956,28,904443.64,646895,978229.7558532179,0.9245717971342071,early,,15,11,none,0
pouxMfSKm0k,UC5Qbo0AR3CwpmEq751BIy0g,time,2,2.8956,28,699558.72,646895,977348.3824642559,0.7157721211542146,early,0.3857804693352276,15,9,none,0
pouxMfSKm0k,UC5Qbo0AR3CwpmEq751BIy0g,time,3,2.8956,28,699558.72,646895,977348.3824642559,0.7157721211542146,early,0.3857804693352276,15,9,none,0
pouxMfSKm0k,UC5Qbo0AR3CwpmEq751BIy0g,time,5,4.8956,28,556243.52,646895,975522.9528525764,0.5702003418052882,likely,0.2963108965293641,15,7,none,0
pouxMfSKm0k,UC5Qbo0AR3CwpmEq751BIy0g,time,7,6.8956,28,561216.28,646895,972355.1108489266,0.5771721404068786,likely,0.27065541176436725,15,7,none,0
pouxMfSKm0k,UC5Qbo0AR3CwpmEq751BIy0g,time,14,13.8956,28,620625.40,646895,973482.9999999998,0.6375308052131099,confirmed,0.22875649806769308,15,6,none,0
TcOMMjmKiYA,UCkLxJCuQZ4hStBfs8TCnT9Q,time,14,13.8538,28,4010.10,4145,14713.958936755269,0.27253696509105674,confirmed,0.08766063269516813,15,15,none,0
wiAAf15K6K0,UCnYMOamNKLGVlJgRUbamveA,heldout,14,13.8197,31,29747.12,26939,34967.53621923654,0.8507067033022199,confirmed,,15,14,none,0
SqWhDBaJ3O4,UCEh_IoMVGA7NPsx6-2H8Bqw,time,14,14.4458,29,1815.44,1831,1195.332005291826,1.518778798198152,confirmed,0.06818160176263646,15,13,none,0
OctFgftg2Xk,UCMIjEnXruVHtvgSVf6TgfUg,time,14,13.6114,28,55832.42,59545,75859.01433801319,0.7360024714880092,confirmed,0.10364098881709265,15,14,none,0
55UluWQkFpk,UCnYMOamNKLGVlJgRUbamveA,time,1,0.9582,28,79508.94,45739,32298.19018693633,2.461715145270548,early,,15,15,none,0
55UluWQkFpk,UCnYMOamNKLGVlJgRUbamveA,time,2,1.9582,28,60454.19,45739,31595.660492247087,1.913369963256069,early,0.34014949293268454,15,15,none,0
55UluWQkFpk,UCnYMOamNKLGVlJgRUbamveA,time,3,2.9582,28,49558.94,45739,31314.439617177268,1.582622620902824,early,0.2626210342822195,15,15,none,0
55UluWQkFpk,UCnYMOamNKLGVlJgRUbamveA,time,5,4.9582,28,47771.91,45739,30801.965482895008,1.5509371098611247,likely,0.21116069848621652,15,15,none,0
55UluWQkFpk,UCnYMOamNKLGVlJgRUbamveA,time,7,6.9582,28,47448.42,45739,30352.007483774425,1.5632711149201077,likely,0.18880520803838072,15,15,none,0
55UluWQkFpk,UCnYMOamNKLGVlJgRUbamveA,time,14,15.9582,28,45869.89,45739,28965.95991772703,1.5835790081295937,confirmed,0.13892868211926415,15,13,none,0
9-8kdVSLqHc,UCGWNHkr2WZcRbxqoet-nyeg,time,14,13.7245,28,2620.25,2377,2599.494437510893,1.007983259670389,confirmed,,15,15,none,0
CaRsHjDHr5Y,UCtiGeFDbY7iVDODlLKQ5onw,time,14,14.6555,29,211.70,247,362.51140213546626,0.5839913789039087,confirmed,,15,15,none,0
3TkK6VY6hTU,UCf6AGqO98eGk11nfazociVQ,time,14,14.1406,29,1495.71,1452,4339.469581352416,0.3446752116564045,confirmed,0.15714592072452407,15,13,none,0
K_mlC_aeDSU,UChpleBmo18P08aKCIgti38g,time,0.5,0.5029,27,338607.98,202087,96012.00000000003,3.526725583033837,early,,14,9,none,0
K_mlC_aeDSU,UChpleBmo18P08aKCIgti38g,time,1,0.5029,27,338607.98,202087,96012.00000000003,3.526725583033837,early,,14,9,none,0
K_mlC_aeDSU,UChpleBmo18P08aKCIgti38g,time,2,1.5029,27,333059.09,202087,96012.00000000003,3.468931940844258,early,0.8435823831337811,15,9,none,0
K_mlC_aeDSU,UChpleBmo18P08aKCIgti38g,time,3,2.5029,27,288004.29,202087,96012.00000000003,2.9996697181819094,early,0.5991569090993978,15,9,none,0
K_mlC_aeDSU,UChpleBmo18P08aKCIgti38g,time,5,4.5029,27,279220.64,202087,96012.00000000003,2.908184785825018,likely,0.45240092004809673,15,8,none,0
K_mlC_aeDSU,UChpleBmo18P08aKCIgti38g,time,7,6.5029,27,233990.64,202087,96012.00000000003,2.4370978984946396,likely,0.3860952934626793,15,8,none,0
K_mlC_aeDSU,UChpleBmo18P08aKCIgti38g,time,14,12.5029,27,217050.05,202087,96012.00000000003,2.2606554674351487,confirmed,0.2875113158604974,15,6,none,0
sML5oQkUglo,UCGb34D3ThpmjLNn-FLv2_yQ,heldout,7,8.5409,28,2503.45,2229,2868.5676817587873,0.8727189224528468,confirmed,,15,14,none,0
sML5oQkUglo,UCGb34D3ThpmjLNn-FLv2_yQ,time,7,8.5409,28,2503.45,2229,2868.5676817587873,0.8727189224528468,confirmed,,15,14,none,0
sML5oQkUglo,UCGb34D3ThpmjLNn-FLv2_yQ,heldout,14,13.5409,28,2154.36,2229,2868.999999999999,0.750908159412865,confirmed,0.11305729445495878,15,10,none,0
sML5oQkUglo,UCGb34D3ThpmjLNn-FLv2_yQ,time,14,13.5409,28,2154.36,2229,2868.999999999999,0.750908159412865,confirmed,0.11305729445495878,15,10,none,0
bgyAfecwuGY,UCq_2n18CJaRVGxEfxtCfI-Q,time,5,5.7707,29,174774.14,132138,82525.76143440173,2.117813084425041,likely,,15,15,none,0
bgyAfecwuGY,UCq_2n18CJaRVGxEfxtCfI-Q,time,7,6.7707,29,142084.71,132138,82136.87040229367,1.7298529459959322,likely,0.04010055201285231,15,15,none,0
bgyAfecwuGY,UCq_2n18CJaRVGxEfxtCfI-Q,time,14,13.7707,29,135201.57,132138,80728.00000000004,1.6747790789882744,confirmed,0.022884018995626396,15,12,none,0
R8pdxfklTbk,UCJ1RVDuSiJncq6VQYiqpzLA,time,14,14.9994,27,535.89,528,1048.9749621726228,0.5108696027951053,confirmed,0.15604502570757575,15,15,none,0
sWvYbdypK_Q,UC1mTmeM4xNp6FjyLTr8kGww,time,14,12.5409,27,14742.61,14732,16383.818257136092,0.8998275612700949,confirmed,0.054945511795983726,15,11,none,0
JSYpmQtUnGo,UCLKZ20yD2tNMBOkSDZo4FeQ,time,0.5,0.4997,28,8418.03,23730,4521.576816088141,1.8617476206927974,early,,14,14,none,0
JSYpmQtUnGo,UCLKZ20yD2tNMBOkSDZo4FeQ,time,1,1.4997,28,8973.02,23730,4672.7335075278925,1.920293960469118,early,0.6762611866456713,14,14,none,0
JSYpmQtUnGo,UCLKZ20yD2tNMBOkSDZo4FeQ,time,2,2.4997,28,11046.45,23730,4354.811589304916,2.5366075052071735,early,0.8505155215388314,15,15,none,0
JSYpmQtUnGo,UCLKZ20yD2tNMBOkSDZo4FeQ,time,3,3.4997,28,18153.08,23730,4350.777919722801,4.172376347003756,likely,0.9344126855378027,15,14,none,0
JSYpmQtUnGo,UCLKZ20yD2tNMBOkSDZo4FeQ,time,5,5.4997,28,22490.80,23730,4255.171133786084,5.28552246993007,likely,0.8865498531885992,15,14,none,0
JSYpmQtUnGo,UCLKZ20yD2tNMBOkSDZo4FeQ,time,7,7.4997,28,22424.28,23730,4271.5940389148955,5.249628077077571,confirmed,0.8906920158249549,15,13,none,0
JSYpmQtUnGo,UCLKZ20yD2tNMBOkSDZo4FeQ,time,14,13.4997,28,22469.20,23730,4200.753936865295,5.348849224711503,confirmed,0.8190666739007031,15,10,none,0
NglpqOIQzlg,UCUpbDOT-OVNBlaQpb9pbd2w,time,5,5.6945,29,60571.43,54178,28392.4164170414,2.133366646508153,likely,,15,15,none,0
NglpqOIQzlg,UCUpbDOT-OVNBlaQpb9pbd2w,time,7,6.6945,29,56057.06,54178,27943.547296287114,2.0060823754243002,likely,0.27010480516733243,15,15,none,0
NglpqOIQzlg,UCUpbDOT-OVNBlaQpb9pbd2w,time,14,13.6945,29,57146.68,54178,25152.500513086474,2.272008014570925,confirmed,0.21073862063088206,15,15,none,0
LzG_-tL2Fg0,UCV50reu_f_tl3ZfKqCgPRsA,time,5,6.1548,27,452.08,757,329.65436095066366,1.3713829221932452,likely,,13,13,none,0
LzG_-tL2Fg0,UCV50reu_f_tl3ZfKqCgPRsA,time,7,7.1548,27,453.28,757,330.9101304442364,1.3697835047366962,confirmed,0.31289296303347086,13,13,none,0
LzG_-tL2Fg0,UCV50reu_f_tl3ZfKqCgPRsA,time,14,15.1548,27,688.89,757,327.4988325952059,2.103486268417693,confirmed,0.5103285837710111,15,15,none,0
Lz4UD7Uyor8,UC1J4DKcJXENzC-FkyMU6dow,time,7,8.5066,27,39526.35,44313,54242.439815371465,0.7286979400291366,confirmed,,13,13,none,0
Lz4UD7Uyor8,UC1J4DKcJXENzC-FkyMU6dow,time,14,13.5066,27,32664.58,44313,56615.3676462313,0.5769559969597805,confirmed,0.016901222591957994,15,11,none,0
xaG3KqnpqDg,UCXUyg1vYSupswhi0zNeD-5w,time,5,4.8454,28,3561.19,3824,3159.760007372848,1.127043152218212,likely,,13,13,none,0
xaG3KqnpqDg,UCXUyg1vYSupswhi0zNeD-5w,time,7,6.8454,28,4263.41,3824,3159.760007372848,1.3492824520086268,likely,0.5707803738372246,14,14,none,0
xaG3KqnpqDg,UCXUyg1vYSupswhi0zNeD-5w,time,14,13.8454,28,4163.19,3824,3226.058826646872,1.2904886230961177,confirmed,0.32965478313782703,14,14,none,0
HALEYgzuJgQ,UC1J4DKcJXENzC-FkyMU6dow,time,14,13.6637,28,53095.31,51771,62433.05885796217,0.8504357560647423,confirmed,0.002811625061717758,15,12,none,0
l8hwq9IDRtw,UCFs23bEpTlHJt1RVN0UWI3Q,time,14,13.8539,29,2794.67,2695,2798.688201542286,0.9985638166363275,confirmed,0.15495447931077455,15,15,none,0
bxM5rVQ4tv4,UCpTaewGuthzN4CuYKmgXneQ,heldout,14,13.9159,29,58752.72,66024,84576.97768409361,0.6946656166107941,confirmed,,14,14,none,0
xk6yKMFsHNI,UCtak3C1t8k3u8CVzVGYvemA,time,14,14.0403,29,12727.75,12827,25657.190670802054,0.4960693680399923,confirmed,0.09021435664627128,15,9,none,0
miADlbTHPns,UCsvqVGtbbyHaMoevxPAq9Fg,time,7,7.8539,27,2878.72,2967,2944.808492880149,0.9775574340845457,confirmed,,15,15,none,0
miADlbTHPns,UCsvqVGtbbyHaMoevxPAq9Fg,time,14,12.8539,27,2877.88,2967,3039.7229603790765,0.9467558440306391,confirmed,0.2624270239131679,15,15,none,0
2RIW9Un55aI,UCVS6ejD9NLZvjsvhcbiDzjw,time,7,7.7961,29,27430.95,24391,44839.832718943995,0.6117540052198075,confirmed,,15,14,none,0
2RIW9Un55aI,UCVS6ejD9NLZvjsvhcbiDzjw,time,14,13.7961,29,23890.10,24391,44721.59134070162,0.5341960560190323,confirmed,0.11462510866107437,15,13,none,0
1SOp7omsRG8,UCiMwMz3RMbW5mbx0iDcRQ2g,time,14,13.7426,28,1100.43,1107,2027.222005589404,0.5428247090807661,confirmed,0.09729439419790077,15,12,none,0
LcLHUrURRGQ,UCnmGIkw-KdI0W5siakKPKog,heldout,1,0.8745,30,3215937.78,2814967,,,insufficient,,1,1,none,0
LcLHUrURRGQ,UCnmGIkw-KdI0W5siakKPKog,heldout,3,3.8745,30,2922281.52,2814967,2949748.302371717,0.9906884330877587,likely,0.4593680265305922,15,15,none,0
LcLHUrURRGQ,UCnmGIkw-KdI0W5siakKPKog,heldout,5,4.8745,30,3018480.96,2814967,2942891.056573271,1.0256855945784455,likely,0.4261764000410058,15,15,none,0
LcLHUrURRGQ,UCnmGIkw-KdI0W5siakKPKog,heldout,7,5.8745,30,3135970.32,2814967,2933849.051633583,1.0688928651521623,likely,0.4040066438479539,15,15,none,0
LcLHUrURRGQ,UCnmGIkw-KdI0W5siakKPKog,heldout,14,13.8745,30,2917551.20,2814967,2910002.3388064536,1.0025941099454454,confirmed,0.3213159790030061,15,15,none,0
JxxrvNLxIy4,UC2cC48A261pBVKztLyzOAnA,time,0.5,0.6145,27,55048.48,49701,30353.999999999978,1.8135494333743474,early,,14,9,none,0
JxxrvNLxIy4,UC2cC48A261pBVKztLyzOAnA,time,1,0.6145,27,55048.48,49701,30353.999999999978,1.8135494333743474,early,,14,9,none,0
JxxrvNLxIy4,UC2cC48A261pBVKztLyzOAnA,time,2,1.6145,27,47661.10,49701,29687.51537181304,1.605425725949544,early,0.590392736620074,15,10,none,0
JxxrvNLxIy4,UC2cC48A261pBVKztLyzOAnA,time,3,2.6145,27,49502.32,49701,29735.006497629154,1.6647824191419296,early,0.4737234316556866,15,10,none,0
JxxrvNLxIy4,UC2cC48A261pBVKztLyzOAnA,time,5,4.6145,27,45281.35,49701,29981.956091781354,1.5102867195147913,likely,0.42681188153679017,15,9,none,0
JxxrvNLxIy4,UC2cC48A261pBVKztLyzOAnA,time,7,6.6145,27,47150.80,49701,30353.999999999978,1.553363641288562,likely,0.4009103947351121,15,9,none,0
JxxrvNLxIy4,UC2cC48A261pBVKztLyzOAnA,time,14,15.6145,27,49100.17,49701,30353.999999999978,1.6175848755470332,confirmed,0.32687881274612673,15,6,none,0
xsDawRKgvbw,UCGER4yfUXubhNVPYoNzBSEA,time,1,0.8322,29,13264.31,9391,17024.29770852428,0.7791399227904389,early,,15,13,none,0
xsDawRKgvbw,UCGER4yfUXubhNVPYoNzBSEA,time,2,1.8322,29,11536.55,9391,17024.29770852428,0.6776517932826762,early,0.6638562642553163,15,13,none,0
xsDawRKgvbw,UCGER4yfUXubhNVPYoNzBSEA,time,3,2.8322,29,10803.55,9391,17024.29770852428,0.6345958822485612,early,0.48199577616680356,15,13,none,0
xsDawRKgvbw,UCGER4yfUXubhNVPYoNzBSEA,time,5,4.8322,29,9971.85,9391,17024.29770852428,0.5857423516194061,likely,0.3749461412010836,15,13,none,0
xsDawRKgvbw,UCGER4yfUXubhNVPYoNzBSEA,time,7,6.8322,29,9614.53,9391,17024.29770852428,0.5647531235551018,likely,0.31829477532670497,15,13,none,0
xsDawRKgvbw,UCGER4yfUXubhNVPYoNzBSEA,time,14,13.8322,29,10002.59,9391,17571.202383134743,0.5692602681733138,confirmed,0.26754042864719607,15,12,none,0
hqNiOsuUM4E,UC9vUu4vlIlMC0dHQCTvQPbg,time,3,3.9583,27,94918.74,93115,26154.075715127336,3.6292139129089205,likely,,3,3,none,0
hqNiOsuUM4E,UC9vUu4vlIlMC0dHQCTvQPbg,time,5,4.9583,27,81836.49,93115,25683.432219240087,3.1863532016309857,likely,0.32401638763152785,3,3,none,0
hqNiOsuUM4E,UC9vUu4vlIlMC0dHQCTvQPbg,time,7,6.9583,27,82905.74,93115,24954.92956309123,3.3222188672343034,likely,0.2818352301444638,3,3,none,0
hqNiOsuUM4E,UC9vUu4vlIlMC0dHQCTvQPbg,time,14,14.9583,27,95520.62,93115,23129.210196514985,4.129869339419924,confirmed,0.3032505276722446,3,3,none,0
exWKlZWo2kA,UCI3yTtc0kShZ-S_Qsd5VTSQ,time,1,0.8743,27,664046.83,2458836,457646.7878255846,1.4510029339419432,early,,14,14,none,0
exWKlZWo2kA,UCI3yTtc0kShZ-S_Qsd5VTSQ,time,2,1.8743,27,1088130.45,2458836,457646.7878255846,2.3776643461962115,early,1.103523594589508,14,14,none,0
exWKlZWo2kA,UCI3yTtc0kShZ-S_Qsd5VTSQ,time,3,2.8743,27,1242677.19,2458836,457646.7878255846,2.715363069122183,early,1.0214061697426728,14,14,none,0
exWKlZWo2kA,UCI3yTtc0kShZ-S_Qsd5VTSQ,time,5,4.8743,27,1842830.24,2458836,465286.043813016,3.9606394076239013,likely,1.1132173105588177,14,14,none,0
exWKlZWo2kA,UCI3yTtc0kShZ-S_Qsd5VTSQ,time,7,6.8743,27,2118420.84,2458836,465286.043813016,4.5529430187743944,likely,1.0778860666443293,14,14,none,0
exWKlZWo2kA,UCI3yTtc0kShZ-S_Qsd5VTSQ,time,14,12.8743,27,2292813.53,2458836,473909.35215398704,4.8380845873634595,confirmed,0.9385215342906054,14,14,none,0
qMojhcFHm7g,UCbprhISv-0ReKPPyhf7-Dtw,time,5,6.9573,30,1221.50,2633,,,insufficient,,0,0,none,0
qMojhcFHm7g,UCbprhISv-0ReKPPyhf7-Dtw,time,7,6.9573,30,1221.50,2633,,,insufficient,,0,0,none,0
qMojhcFHm7g,UCbprhISv-0ReKPPyhf7-Dtw,time,14,13.9573,30,2132.52,2633,,,insufficient,0.8740627499501797,0,0,none,0
bwZ6QXB1Mqk,UCGpsgNbzdF7BECCVbB1COHw,time,14,13.5791,27,4765.41,4634,7132.933417258347,0.6680861074468549,confirmed,0.01083615380308569,15,15,none,0
BPfC0E4pWHc,UCI8gcSTo1FowsRJdilsjsZw,time,0.5,0.7175,27,22862.08,29078,37809.752520423826,0.6046610419068282,early,,12,12,none,0
BPfC0E4pWHc,UCI8gcSTo1FowsRJdilsjsZw,time,1,0.7175,27,22862.08,29078,37809.752520423826,0.6046610419068282,early,,12,12,none,0
BPfC0E4pWHc,UCI8gcSTo1FowsRJdilsjsZw,time,2,1.7175,27,20629.51,29078,33969.435780399945,0.6072961973132025,early,0.7103311608533768,14,14,none,0
BPfC0E4pWHc,UCI8gcSTo1FowsRJdilsjsZw,time,3,2.7175,27,22038.33,29078,33363.148036127095,0.6605591877862965,early,0.5844161301471872,15,15,none,0
BPfC0E4pWHc,UCI8gcSTo1FowsRJdilsjsZw,time,5,4.7175,27,26796.05,29078,32369.4634090156,0.8278186901371805,likely,0.5821154754705822,15,15,none,0
BPfC0E4pWHc,UCI8gcSTo1FowsRJdilsjsZw,time,7,6.7175,27,28297.03,29078,31791.23442826744,0.8900891765028766,likely,0.5792554321038207,15,15,none,0
BPfC0E4pWHc,UCI8gcSTo1FowsRJdilsjsZw,time,14,15.7175,27,30643.48,29078,37363.13178614637,0.8201528673846953,confirmed,0.4891643713523215,15,15,none,0
oPa8EGD92Ws,UCigUBIf-zt_DA6xyOQtq2WA,time,14,13.8322,28,473116.10,471181,304979.1703677595,1.5513062787225578,confirmed,0.06887244148951284,15,13,none,0
7dcTwB-_iNA,UCGpsgNbzdF7BECCVbB1COHw,time,14,13.9487,27,2134.72,2129,6800.965301861504,0.31388536744029466,confirmed,0.06432593819403862,15,15,none,0
JKFzRL6UfCg,UCyapQzPW5tjyIVsOLSkZ6Vg,time,14,13.8330,28,161.83,159,100.78824017577125,1.6056013821113202,confirmed,,15,15,none,0
FAouX9NYR9s,UCNq_6MwbXuGnrHqQVkRJIYQ,time,1,0.8270,29,3342.63,4792,3028.27595008996,1.1038054046356773,early,,14,11,none,0
FAouX9NYR9s,UCNq_6MwbXuGnrHqQVkRJIYQ,time,2,1.8270,29,2825.77,4792,3933.6801447628086,0.718352926066952,early,0.5972351798836739,15,12,none,0
FAouX9NYR9s,UCNq_6MwbXuGnrHqQVkRJIYQ,time,3,2.8270,29,2949.96,4792,3790.8520740568647,0.7781791054056781,early,0.49095399043197996,15,12,none,0
FAouX9NYR9s,UCNq_6MwbXuGnrHqQVkRJIYQ,time,5,4.8270,29,3808.80,4792,3790.49878821364,1.004828876504555,likely,0.579295108259293,15,12,none,0
FAouX9NYR9s,UCNq_6MwbXuGnrHqQVkRJIYQ,time,7,6.8270,29,5423.08,4792,3674.701585888901,1.475788901389351,likely,0.6679228387490966,15,12,none,0
FAouX9NYR9s,UCNq_6MwbXuGnrHqQVkRJIYQ,time,14,12.8270,29,5083.41,4792,3761.499447654553,1.3514308677516087,confirmed,0.5939652506985635,15,11,none,0
yatLOwL7Ncc,UCfQgsKhHjSyRLOp9mnffqVg,heldout,5,6.8322,30,585096.58,602280,334197.66574037744,1.7507500403781742,likely,,15,12,none,0
yatLOwL7Ncc,UCfQgsKhHjSyRLOp9mnffqVg,heldout,7,6.8322,30,585096.58,602280,334197.66574037744,1.7507500403781742,likely,,15,12,none,0
CX_oTA7ZnC4,UCctXZhXmG-kf3tlIXgVZUlw,time,5,6.7081,27,23216.13,22804,,,insufficient,,0,0,none,0
CX_oTA7ZnC4,UCctXZhXmG-kf3tlIXgVZUlw,time,7,6.7081,27,23216.13,22804,,,insufficient,,0,0,none,0
CX_oTA7ZnC4,UCctXZhXmG-kf3tlIXgVZUlw,time,14,12.7081,27,22506.27,22804,,,insufficient,0.20161073720042855,0,0,none,0
kLThO45wVzQ,UCBkJ5fBcFWc_gsyxOAj_qnA,time,14,14.3287,29,48.56,47,53.96449281454304,0.8999141292832104,confirmed,0,15,13,none,0
QF80WBMDOns,UCh39IWu1XUSScEOuXCJ3J1A,heldout,1,1.2035,27,5889.11,2444,1620.444569360415,3.6342533143218834,early,0.10981702270447634,14,12,none,0
QF80WBMDOns,UCh39IWu1XUSScEOuXCJ3J1A,time,1,1.2035,27,5889.11,2444,1620.444569360415,3.6342533143218834,early,0.10981702270447634,14,12,none,0
QF80WBMDOns,UCh39IWu1XUSScEOuXCJ3J1A,heldout,2,2.2035,27,3216.53,2444,4983.095476060481,0.6454886497811901,early,0.09441120994275948,15,13,none,0
QF80WBMDOns,UCh39IWu1XUSScEOuXCJ3J1A,time,2,2.2035,27,3216.53,2444,4983.095476060481,0.6454886497811901,early,0.09441120994275948,15,13,none,0
QF80WBMDOns,UCh39IWu1XUSScEOuXCJ3J1A,heldout,3,3.2035,27,2804.68,2444,4363.368976598733,0.6427793102956502,likely,0.08641051242460905,15,13,none,0
QF80WBMDOns,UCh39IWu1XUSScEOuXCJ3J1A,time,3,3.2035,27,2804.68,2444,4363.368976598733,0.6427793102956502,likely,0.08641051242460905,15,13,none,0
QF80WBMDOns,UCh39IWu1XUSScEOuXCJ3J1A,heldout,5,4.2035,27,2613.52,2444,4058.3481350586785,0.6439849780387599,likely,0.08493075960387104,15,13,none,0
QF80WBMDOns,UCh39IWu1XUSScEOuXCJ3J1A,time,5,4.2035,27,2613.52,2444,4058.3481350586785,0.6439849780387599,likely,0.08493075960387104,15,13,none,0
QF80WBMDOns,UCh39IWu1XUSScEOuXCJ3J1A,heldout,7,7.2035,27,2614.22,2444,3650.583888099127,0.7161100079757485,confirmed,0.08397824390268253,15,13,none,0
QF80WBMDOns,UCh39IWu1XUSScEOuXCJ3J1A,time,7,7.2035,27,2614.22,2444,3650.583888099127,0.7161100079757485,confirmed,0.08397824390268253,15,13,none,0
QF80WBMDOns,UCh39IWu1XUSScEOuXCJ3J1A,heldout,14,15.2035,27,2482.45,2444,3261.676459629404,0.7610954914969011,confirmed,0.06824990090040245,15,13,none,0
QF80WBMDOns,UCh39IWu1XUSScEOuXCJ3J1A,time,14,15.2035,27,2482.45,2444,3261.676459629404,0.7610954914969011,confirmed,0.06824990090040245,15,13,none,0
LEd_b2vTbAM,UChpleBmo18P08aKCIgti38g,heldout,0.5,0.5018,28,198199.23,112331,95247.44411048523,2.080887618158427,early,,15,10,none,0
LEd_b2vTbAM,UChpleBmo18P08aKCIgti38g,time,0.5,0.5018,28,198199.23,112331,95247.44411048523,2.080887618158427,early,,15,10,none,0
LEd_b2vTbAM,UChpleBmo18P08aKCIgti38g,heldout,1,0.5018,28,198199.23,112331,95247.44411048523,2.080887618158427,early,,15,10,none,0
LEd_b2vTbAM,UChpleBmo18P08aKCIgti38g,time,1,0.5018,28,198199.23,112331,95247.44411048523,2.080887618158427,early,,15,10,none,0
LEd_b2vTbAM,UChpleBmo18P08aKCIgti38g,heldout,2,1.5018,28,202452.99,112331,95247.44411048523,2.125547760136497,early,0.9170470144256605,15,10,none,0
LEd_b2vTbAM,UChpleBmo18P08aKCIgti38g,time,2,1.5018,28,202452.99,112331,95247.44411048523,2.125547760136497,early,0.9170470144256605,15,10,none,0
LEd_b2vTbAM,UChpleBmo18P08aKCIgti38g,heldout,3,2.5018,28,169300.10,112331,95927.94572516115,1.7648674071144852,early,0.6038803291594689,15,10,none,0
LEd_b2vTbAM,UChpleBmo18P08aKCIgti38g,time,3,2.5018,28,169300.10,112331,95927.94572516115,1.7648674071144852,early,0.6038803291594689,15,10,none,0
LEd_b2vTbAM,UChpleBmo18P08aKCIgti38g,heldout,5,4.5018,28,155197.60,112331,96012.00000000003,1.6164396387361248,likely,0.41235930922845965,15,9,none,0
LEd_b2vTbAM,UChpleBmo18P08aKCIgti38g,time,5,4.5018,28,155197.60,112331,96012.00000000003,1.6164396387361248,likely,0.41235930922845965,15,9,none,0
LEd_b2vTbAM,UChpleBmo18P08aKCIgti38g,heldout,7,6.5018,28,127688.73,112331,96012.00000000003,1.3299247466064064,likely,0.34235397593565775,15,8,none,0
LEd_b2vTbAM,UChpleBmo18P08aKCIgti38g,time,7,6.5018,28,127688.73,112331,96012.00000000003,1.3299247466064064,likely,0.34235397593565775,15,8,none,0
LEd_b2vTbAM,UChpleBmo18P08aKCIgti38g,heldout,14,13.5018,28,119976.60,112331,96012.00000000003,1.2496000901759752,confirmed,0.25311227459627683,15,6,none,0
LEd_b2vTbAM,UChpleBmo18P08aKCIgti38g,time,14,13.5018,28,119976.60,112331,96012.00000000003,1.2496000901759752,confirmed,0.25311227459627683,15,6,none,0
aDizcTftOx8,UCYL1Kn00HYDP0gOZKHBC84w,heldout,14,13.6666,29,48205.23,45393,5530.009921925115,8.71702362206883,confirmed,,12,10,none,0
aDizcTftOx8,UCYL1Kn00HYDP0gOZKHBC84w,time,14,13.6666,29,48205.23,45393,5530.009921925115,8.71702362206883,confirmed,,12,10,none,0
VJJ3cdhNMQc,UCfyehHM_eo4g5JUyWmms2LA,time,5,5.8327,28,532123.30,473348,,,insufficient,,1,1,none,0
VJJ3cdhNMQc,UCfyehHM_eo4g5JUyWmms2LA,time,7,7.8327,28,450018.46,473348,397344.4394393407,1.1325651275974646,confirmed,0.17530650293520508,15,13,none,0
VJJ3cdhNMQc,UCfyehHM_eo4g5JUyWmms2LA,time,14,13.8327,28,476544.83,473348,391566.99999999977,1.2170199020495898,confirmed,0.14651840464672053,15,9,none,0
Ez-uqo8kIU0,UCJS9pqu9BzkAMNTmzNMNhvg,time,14,12.8110,27,2388.49,2412,2060.564080032274,1.1591422360590342,confirmed,0.3630879646497359,15,11,none,0
Jk1FtgY8sSQ,UCYO_YUHK7ZROCqJMtSOuOHQ,time,0.5,0.7226,29,528.34,15009,867.606967027682,0.6089649252890722,early,,14,13,none,0
Jk1FtgY8sSQ,UCYO_YUHK7ZROCqJMtSOuOHQ,time,1,0.7226,29,528.34,15009,867.606967027682,0.6089649252890722,early,,14,13,none,0
Jk1FtgY8sSQ,UCYO_YUHK7ZROCqJMtSOuOHQ,time,2,1.7226,29,449.63,15009,878.0728508678396,0.5120680215525886,early,0.5841088982563076,14,13,none,0
Jk1FtgY8sSQ,UCYO_YUHK7ZROCqJMtSOuOHQ,time,3,3.7226,29,596.51,15009,561.0530893741785,1.0631999702066521,likely,0.6041789815693346,15,13,none,0
Jk1FtgY8sSQ,UCYO_YUHK7ZROCqJMtSOuOHQ,time,5,4.7226,29,935.71,15009,556.6769524610203,1.6808909105611038,likely,0.7690416820655107,15,12,none,0
Jk1FtgY8sSQ,UCYO_YUHK7ZROCqJMtSOuOHQ,time,7,6.7226,29,3046.51,15009,1877.812319840511,1.6223727128850718,likely,1.4929230337511767,15,12,none,0
Jk1FtgY8sSQ,UCYO_YUHK7ZROCqJMtSOuOHQ,time,14,14.7226,29,37325.61,15009,4787.265658540949,7.796854252857856,confirmed,1.766583312691383,15,9,none,0
4Xw48cPRWqg,UChbcn2mOzPHEEHxPmU66Sdg,heldout,5,5.8972,30,1503.88,1616,2054.791741425259,0.7318910891508918,likely,,15,12,none,0
4Xw48cPRWqg,UChbcn2mOzPHEEHxPmU66Sdg,heldout,7,5.8972,30,1503.88,1616,2054.791741425259,0.7318910891508918,likely,,15,12,none,0
_w-InFZK32M,UCvt-PjJT5B3B2cqcewYjFBQ,time,14,13.0458,28,549.61,548,450.00000000000006,1.2213465224890838,confirmed,0.29843253569846523,15,11,none,0
k7D85T_RJb4,UC0r_-7jgl1yl0oWzGEJ6o3w,time,1,0.8739,27,1570746.93,2557126,1704502.9999999998,0.9215278197735588,early,,15,13,none,0
k7D85T_RJb4,UC0r_-7jgl1yl0oWzGEJ6o3w,time,2,1.8739,27,1944775.86,2557126,1704502.9999999998,1.1409635903759439,early,0.890791052016052,15,13,none,0
k7D85T_RJb4,UC0r_-7jgl1yl0oWzGEJ6o3w,time,3,2.8739,27,1955664.51,2557126,1704502.9999999998,1.147351758302626,early,0.7293188072679765,15,13,none,0
k7D85T_RJb4,UC0r_-7jgl1yl0oWzGEJ6o3w,time,5,4.8739,27,2179764.62,2557126,1704502.9999999998,1.2788270929155916,likely,0.6724094768925076,15,13,none,0
k7D85T_RJb4,UC0r_-7jgl1yl0oWzGEJ6o3w,time,7,6.8739,27,2775050.83,2557126,1704502.9999999998,1.6280703716208522,likely,0.6661006973489736,15,13,none,0
k7D85T_RJb4,UC0r_-7jgl1yl0oWzGEJ6o3w,time,14,12.8739,27,3020227.42,2557126,1704502.9999999998,1.7719108865166378,confirmed,0.5725848152086708,15,12,none,0
wt_l1417xbI,UCPAt6z5uX_c5Eo_cSNROzYw,time,7,7.9384,27,6334.19,6363,4126.788386819848,1.5348958045143624,confirmed,,15,15,none,0
wt_l1417xbI,UCPAt6z5uX_c5Eo_cSNROzYw,time,14,12.9384,27,5357.47,6363,3835.8922214233066,1.3966695890340015,confirmed,0.06831056380865931,15,15,none,0
cirBprnMyA4,UCJquYOG5EL82sKTfH9aMA9Q,time,1,1.8261,28,298184.22,318055,443213.7088074706,0.6727775131453624,early,,15,8,none,0
cirBprnMyA4,UCJquYOG5EL82sKTfH9aMA9Q,time,2,1.8261,28,298184.22,318055,443213.7088074706,0.6727775131453624,early,,15,8,none,0
cirBprnMyA4,UCJquYOG5EL82sKTfH9aMA9Q,time,3,2.8261,28,236746.25,318055,447526.31759827014,0.5290107908662591,early,0.43822139178122416,15,7,none,0
cirBprnMyA4,UCJquYOG5EL82sKTfH9aMA9Q,time,5,4.8261,28,331795.69,318055,452333.72946238506,0.7335196671583627,likely,0.5624840041816765,15,7,none,0
cirBprnMyA4,UCJquYOG5EL82sKTfH9aMA9Q,time,7,6.8261,28,338929.92,318055,459544.1821489575,0.7375349999099592,likely,0.53007041466436,15,6,none,0
cirBprnMyA4,UCJquYOG5EL82sKTfH9aMA9Q,time,14,13.8261,28,348244.09,318055,468363.4790811971,0.7435338206712058,confirmed,0.39897363760491267,15,4,none,0
B-wgjETpX0M,UCdOIkjWFRXVho4Ua_j9_q4A,heldout,7,7.7830,29,23289.17,21539,37663,0.6183566799205231,confirmed,,15,13,none,0
B-wgjETpX0M,UCdOIkjWFRXVho4Ua_j9_q4A,heldout,14,13.7830,29,21832.11,21539,37663,0.5796700392717048,confirmed,0.14901440678421968,15,11,none,0
woMQaKshRmU,UCHQ4lSaKRap5HyrpitrTOhQ,time,5,4.8737,28,26734.05,32750,6940.680969419321,3.851790564852676,likely,,10,10,none,0
woMQaKshRmU,UCHQ4lSaKRap5HyrpitrTOhQ,time,7,6.8737,28,28520.86,32750,6873.441657422201,4.14942881890277,likely,0.4582932165675529,15,15,none,0
woMQaKshRmU,UCHQ4lSaKRap5HyrpitrTOhQ,time,14,12.8737,28,31176.59,32750,6701.502341348011,4.652179638657544,confirmed,0.3546075276912044,15,15,none,0
NB_u7v_9ebM,UCqXT5lnIuR8vCQbD9-gkWnA,time,14,14.9752,27,719.59,695,1446.6719816401487,0.4974119154542303,confirmed,0.21068316230289577,15,14,none,0
Lzz0TA7RBlA,UC-BlDCX__nCLs_ZF9meYQbw,time,5,5.5973,27,5705.51,4730,,,insufficient,,0,0,none,0
Lzz0TA7RBlA,UC-BlDCX__nCLs_ZF9meYQbw,time,7,6.5973,27,4708.45,4730,,,insufficient,0.14540987260307178,0,0,none,0
Lzz0TA7RBlA,UC-BlDCX__nCLs_ZF9meYQbw,time,14,13.5973,27,4728.22,4730,,,insufficient,0.10916180588518645,0,0,none,0
-gjZLwLAoGI,UC_AuoGXQt-y7eqjKaTsYmjg,heldout,14,13.7292,30,2581.45,2558,4213.434845424424,0.6126718770042755,confirmed,,15,13,none,0
X61yahEIJoM,UC0Fh1HN4RvOw2hMk9n5PysA,time,7,8.8327,27,473.49,496,235.38946279945156,2.011518081649811,confirmed,,4,4,none,0
X61yahEIJoM,UC0Fh1HN4RvOw2hMk9n5PysA,time,14,12.8327,27,460.06,496,429.8829566314939,1.0701915474673152,confirmed,0.2607631214732419,15,14,none,0
x10KBEAONDw,UCJMoh2CdnIesjxN9cmGhrLA,time,14,13.7812,29,12151.78,11371,9026.999999999993,1.3461588602970627,confirmed,0.2855798639458989,12,11,none,0
nLy2Oo7_hnk,UCHqH3S3G4wvIvGoRz4xWGqQ,heldout,3,3.9370,28,2292.66,2134,1526.5281579778,1.5018797987718533,likely,,15,15,none,0
nLy2Oo7_hnk,UCHqH3S3G4wvIvGoRz4xWGqQ,heldout,5,3.9370,28,2292.66,2134,1526.5281579778,1.5018797987718533,likely,,15,15,none,0
eCx_AycNMHE,UCB5Nin2VBUeNLqamqEVh-2A,heldout,0.5,0.4967,30,3747.71,2179,46050.94239390824,0.08138186709118253,early,,13,12,none,0
eCx_AycNMHE,UCB5Nin2VBUeNLqamqEVh-2A,heldout,1,0.4967,30,3747.71,2179,46050.94239390824,0.08138186709118253,early,,13,12,none,0
eCx_AycNMHE,UCB5Nin2VBUeNLqamqEVh-2A,heldout,5,5.4967,30,2346.72,2179,45008.92851484625,0.05213905235522236,likely,0.29707716966095854,15,14,none,0
eCx_AycNMHE,UCB5Nin2VBUeNLqamqEVh-2A,heldout,7,6.4967,30,2294.25,2179,45118.030162554234,0.0508499905267024,likely,0.294405882175522,15,14,none,0
eCx_AycNMHE,UCB5Nin2VBUeNLqamqEVh-2A,heldout,14,14.4967,30,2322.67,2179,46247.325438718006,0.05022285544160546,confirmed,0.24221510364367183,15,13,none,0
YpuPWI8X0os,UCfYfK0tzHZTpNFrc_NDKfTA,heldout,5,6.8749,28,1030.09,945,1663.512624254163,0.6192276156281364,likely,,15,15,none,0
YpuPWI8X0os,UCfYfK0tzHZTpNFrc_NDKfTA,time,5,6.8749,28,1030.09,945,1663.512624254163,0.6192276156281364,likely,,15,15,none,0
YpuPWI8X0os,UCfYfK0tzHZTpNFrc_NDKfTA,heldout,7,6.8749,28,1030.09,945,1663.512624254163,0.6192276156281364,likely,,15,15,none,0
YpuPWI8X0os,UCfYfK0tzHZTpNFrc_NDKfTA,time,7,6.8749,28,1030.09,945,1663.512624254163,0.6192276156281364,likely,,15,15,none,0
YpuPWI8X0os,UCfYfK0tzHZTpNFrc_NDKfTA,heldout,14,13.8749,28,969.60,945,1663.4219295591063,0.5828954927969503,confirmed,0.13617100713358282,15,13,none,0
YpuPWI8X0os,UCfYfK0tzHZTpNFrc_NDKfTA,time,14,13.8749,28,969.60,945,1663.4219295591063,0.5828954927969503,confirmed,0.13617100713358282,15,13,none,0
IPCFGcc9Vks,UCPAt6z5uX_c5Eo_cSNROzYw,time,7,7.6246,27,768.16,687,4126.788386819848,0.18614044547788489,confirmed,,15,15,none,0
IPCFGcc9Vks,UCPAt6z5uX_c5Eo_cSNROzYw,time,14,12.6246,27,667.49,687,3835.8922214233066,0.17401129305997395,confirmed,0.1254010971821285,15,15,none,0
5j10v0wht2g,UCgCsMxVCJs0TSqAIlBxiT7g,time,1,0.8152,27,8352.59,6332,5756.593654036632,1.4509597904748783,early,,15,12,none,0
5j10v0wht2g,UCgCsMxVCJs0TSqAIlBxiT7g,time,2,1.8152,27,6746.22,6332,5756.593654036632,1.171912623346555,early,0.4901628745124599,15,12,none,0
5j10v0wht2g,UCgCsMxVCJs0TSqAIlBxiT7g,time,3,2.8152,27,5942.74,6332,5756.593654036632,1.0323363028277235,early,0.39731568449726806,15,12,none,0
5j10v0wht2g,UCgCsMxVCJs0TSqAIlBxiT7g,time,5,4.8152,27,5748.93,6332,5922.448149355424,0.9707009096861947,likely,0.3646602229160029,15,11,none,0
5j10v0wht2g,UCgCsMxVCJs0TSqAIlBxiT7g,time,7,6.8152,27,6584.64,6332,6070.928440460664,1.084618967067819,likely,0.36804597748958073,15,11,none,0
5j10v0wht2g,UCgCsMxVCJs0TSqAIlBxiT7g,time,14,12.8152,27,6797.20,6332,6409.166369184882,1.0605437452196178,confirmed,0.31555830536648644,15,10,none,0
L1CPbmWfrhA,UCsRJksZpHms1C3xBEleSkFw,time,14,14.6061,29,83.13,81,216.96966811535165,0.3831395444037893,confirmed,,8,6,none,0
PaAHkIYF9rY,UCt3B6rUXb__X2eMyY7jzgIg,heldout,0.5,0.6674,31,14679.42,37702,48104.49019248397,0.30515690896424724,early,,14,14,none,0
PaAHkIYF9rY,UCt3B6rUXb__X2eMyY7jzgIg,heldout,1,0.6674,31,14679.42,37702,48104.49019248397,0.30515690896424724,early,,14,14,none,0
PaAHkIYF9rY,UCt3B6rUXb__X2eMyY7jzgIg,heldout,3,3.6674,31,41320.22,37702,8193.166261096827,5.043254512308952,likely,1.2150371139162164,15,15,none,0
PaAHkIYF9rY,UCt3B6rUXb__X2eMyY7jzgIg,heldout,5,4.6674,31,38780.74,37702,9946.601282954223,3.898893342244961,likely,1.081541206875377,15,15,none,0
PaAHkIYF9rY,UCt3B6rUXb__X2eMyY7jzgIg,heldout,7,6.6674,31,37369.89,37702,10478.87705566095,3.566211194406108,likely,0.9322060739747879,15,15,none,0
PaAHkIYF9rY,UCt3B6rUXb__X2eMyY7jzgIg,heldout,14,13.6674,31,34787.64,37702,11402.213739923467,3.0509551886894317,confirmed,0.7372903156581654,15,15,none,0
drL2HoyAkSM,UCwMbSEgxhmOB5dXcxRTKHJQ,time,0.5,0.5082,27,3343.67,52273,6353.679539596277,0.5262574905834012,early,,15,13,none,0
drL2HoyAkSM,UCwMbSEgxhmOB5dXcxRTKHJQ,time,1,0.5082,27,3343.67,52273,6353.679539596277,0.5262574905834012,early,,15,13,none,0
drL2HoyAkSM,UCwMbSEgxhmOB5dXcxRTKHJQ,time,2,1.5082,27,33177.55,52273,6456.798559759872,5.138390419821301,early,5.022097139659823,15,12,none,0
drL2HoyAkSM,UCwMbSEgxhmOB5dXcxRTKHJQ,time,3,2.5082,27,46686.65,52273,6465.392893014938,7.221007742474912,early,3.592921078425841,15,12,none,0
drL2HoyAkSM,UCwMbSEgxhmOB5dXcxRTKHJQ,time,5,4.5082,27,56895.47,52273,6482.9420159453475,8.776181112629637,likely,2.5992180440662005,15,12,none,0
drL2HoyAkSM,UCwMbSEgxhmOB5dXcxRTKHJQ,time,7,6.5082,27,56713.36,52273,6809.144466568605,8.328999661129286,likely,2.1804045009124473,15,12,none,0
drL2HoyAkSM,UCwMbSEgxhmOB5dXcxRTKHJQ,time,14,15.5082,27,64681.03,52273,8875.911740586549,7.287254774330973,confirmed,1.5451074094353845,15,11,none,0
fzsT5LPKiC8,UC1LJVKQ0hp7sKyfAbKoDHMw,heldout,14,13.0608,30,62.07,60,70.76256269419758,0.877160798226532,confirmed,,15,12,none,0
ew9MdsRSM5k,UCX7dV4OPDSutwMUauSD5AAA,heldout,1,1.8954,29,48329.78,37979,39140.92431204481,1.234763399331321,early,,14,11,none,0
ew9MdsRSM5k,UCX7dV4OPDSutwMUauSD5AAA,heldout,2,1.8954,29,48329.78,37979,39140.92431204481,1.234763399331321,early,,14,11,none,0
ew9MdsRSM5k,UCX7dV4OPDSutwMUauSD5AAA,heldout,3,3.8954,29,37034.26,37979,39707.66503905899,0.9326727512501044,likely,0.27004304231991794,14,11,none,0
ew9MdsRSM5k,UCX7dV4OPDSutwMUauSD5AAA,heldout,5,4.8954,29,34424.97,37979,39665.57558281592,0.8678801893743345,likely,0.2188699675983696,14,9,none,0
ew9MdsRSM5k,UCX7dV4OPDSutwMUauSD5AAA,heldout,7,7.8954,29,36124.16,37979,40305.364406560344,0.8962618953180531,confirmed,0.21415784103556085,14,8,none,0
ew9MdsRSM5k,UCX7dV4OPDSutwMUauSD5AAA,heldout,14,13.8954,29,37980.71,37979,42247.2778719808,0.8990095640710891,confirmed,0.19456982029286904,14,5,none,0
MXHfBRFiaJY,UCKjyzU_ElNwSXr4b0UzUjdw,time,1,0.9995,27,1891.58,2216,5296.45164911859,0.3571417626931733,early,,15,13,none,0
MXHfBRFiaJY,UCKjyzU_ElNwSXr4b0UzUjdw,time,2,1.9995,27,1755.30,2216,5317.487544804154,0.3300991587376183,early,0.6241947629894202,15,12,none,0
MXHfBRFiaJY,UCKjyzU_ElNwSXr4b0UzUjdw,time,3,2.9995,27,1848.21,2216,5311.688287719904,0.3479511707925143,early,0.5250500697240729,15,12,none,0
MXHfBRFiaJY,UCKjyzU_ElNwSXr4b0UzUjdw,time,5,5.9995,27,2572.68,2216,5333.199817646058,0.482389590953646,likely,0.5970533262058781,15,12,none,0
MXHfBRFiaJY,UCKjyzU_ElNwSXr4b0UzUjdw,time,7,6.9995,27,2317.49,2216,5333.199817646058,0.4345400283445169,likely,0.5477316894460854,15,12,none,0
MXHfBRFiaJY,UCKjyzU_ElNwSXr4b0UzUjdw,time,14,14.9995,27,2713.56,2216,5375.000000000005,0.5048486295791527,confirmed,0.45359532985708967,15,11,none,0
rlAfC7QjQec,UCsWLcxLC1B-MLCeIpYtPiMw,heldout,14,13.5485,29,26754.45,27247,32371.976091125656,0.8264694633368522,confirmed,,15,14,none,0
IzLM1lYvkAk,UCjgpFI5dU-D1-kh9H1muoxQ,time,1,0.8868,28,1063478.33,1730866,1094988.4670331262,0.9712233203412117,early,,15,14,none,0
IzLM1lYvkAk,UCjgpFI5dU-D1-kh9H1muoxQ,time,2,1.8868,28,1877758.64,1730866,1101081.0811773776,1.7053772614430969,early,1.2850789265217164,15,14,none,0
IzLM1lYvkAk,UCjgpFI5dU-D1-kh9H1muoxQ,time,3,2.8868,28,1960036.99,1730866,1105464.7466580612,1.773043418166866,early,1.0051299571027645,15,14,none,0
IzLM1lYvkAk,UCjgpFI5dU-D1-kh9H1muoxQ,time,5,4.8868,28,1539179.64,1730866,1114207.8960985166,1.3814115331819885,likely,0.7121024951311627,15,14,none,0
IzLM1lYvkAk,UCjgpFI5dU-D1-kh9H1muoxQ,time,7,6.8868,28,1497294.56,1730866,1117176.516683525,1.3402488651303979,likely,0.6281673247722022,15,14,none,0
IzLM1lYvkAk,UCjgpFI5dU-D1-kh9H1muoxQ,time,14,13.8868,28,1612830.41,1730866,1163021.4496438587,1.3867589538019245,confirmed,0.5112260220975589,15,14,none,0
dl1-_VhkoNg,UCoNdHj3AnsFD8IjLCxm4EFw,heldout,7,8.8716,30,2511.01,2201,3249.7647555012218,0.7726740792575458,confirmed,,12,12,none,0
Z_qTdDy5LlQ,UCbJCFAtGMXQZm6WfSMMLzvw,time,14,13.9133,28,3655.49,3558,3260.085426214482,1.1212860284240467,confirmed,,15,15,none,0
rMrvu2Ka40w,UCUccYwZMnNshyTFTtUTqijA,time,14,14.9888,27,16.63,16,21.77023207128269,0.7637002629918151,confirmed,,13,13,none,0
9VZ7hqx5p_I,UCSLClJLzdUMRMe0E4SPfc-w,heldout,1,1.7915,29,66613.14,74879,85842.37606235017,0.7759936140858247,early,,15,11,none,0
9VZ7hqx5p_I,UCSLClJLzdUMRMe0E4SPfc-w,heldout,2,1.7915,29,66613.14,74879,85842.37606235017,0.7759936140858247,early,,15,11,none,0
9VZ7hqx5p_I,UCSLClJLzdUMRMe0E4SPfc-w,heldout,3,3.7915,29,82486.64,74879,86142.99641600894,0.9575547544376145,likely,0.6601751777252439,15,10,none,0
9VZ7hqx5p_I,UCSLClJLzdUMRMe0E4SPfc-w,heldout,5,4.7915,29,78389.95,74879,85199.21405683586,0.9200783403921186,likely,0.6133533718601081,15,10,none,0
9VZ7hqx5p_I,UCSLClJLzdUMRMe0E4SPfc-w,heldout,7,6.7915,29,84248.59,74879,84013.54105325221,1.0027977313060736,likely,0.549081662313289,15,9,none,0
9VZ7hqx5p_I,UCSLClJLzdUMRMe0E4SPfc-w,heldout,14,13.7915,29,76444.16,74879,80154.46811308454,0.9537105388508839,confirmed,0.41348333355003875,15,6,none,0
2zr4OUlTipk,UCXlDgfWY2JbsYEam2m68Hyw,heldout,14,13.8750,30,55854.12,61022,68090.00000000003,0.8202983735614499,confirmed,0.39093314405207613,15,13,none,0
z2kUM-xuwy8,UCnmGIkw-KdI0W5siakKPKog,heldout,5,6.8737,30,2937522.88,2871270,3158214.9055730915,0.9301212774456851,likely,,15,15,none,0
z2kUM-xuwy8,UCnmGIkw-KdI0W5siakKPKog,heldout,7,6.8737,30,2937522.88,2871270,3158214.9055730915,0.9301212774456851,likely,,15,15,none,0
z2kUM-xuwy8,UCnmGIkw-KdI0W5siakKPKog,heldout,14,13.8737,30,2842742.29,2871270,3164599.1232295465,0.89829459652726,confirmed,0.17973908261766128,15,15,none,0
fErFL7gbTAM,UCzOgdLi9p2UIdhukecTSygg,time,0.5,0.4766,28,2786.92,1203,4037.5631775179536,0.6902487934876966,early,,12,8,none,0
fErFL7gbTAM,UCzOgdLi9p2UIdhukecTSygg,time,1,1.4766,28,2855.36,1203,4031.722050099814,0.7082232636698549,early,0.42971905091167967,12,8,none,0
fErFL7gbTAM,UCzOgdLi9p2UIdhukecTSygg,time,2,2.4766,28,2112.29,1203,4020.9308218208766,0.5253226016116834,early,0.2942213328037129,12,8,none,0
fErFL7gbTAM,UCzOgdLi9p2UIdhukecTSygg,time,3,3.4766,28,1417.89,1203,3999.125429396932,0.354549688589692,likely,0.23749842796236278,12,7,none,0
fErFL7gbTAM,UCzOgdLi9p2UIdhukecTSygg,time,5,5.4766,28,1309.04,1203,4082.0074097276674,0.32068490823930057,likely,0.18289922583953064,12,6,none,0
fErFL7gbTAM,UCzOgdLi9p2UIdhukecTSygg,time,7,7.4766,28,1255.47,1203,4073.471299074758,0.30820630928312187,confirmed,0.16363656316424485,12,6,none,0
fErFL7gbTAM,UCzOgdLi9p2UIdhukecTSygg,time,14,13.4766,28,1244.95,1203,4134.122730880524,0.3011404185738054,confirmed,0.13272057855187672,12,4,none,0
vMd0k2Kzy-M,UC0T6MVd3wQDB5ICAe45OxaQ,time,14,12.9368,28,5059.89,5204,9654.768691872156,0.5240823609946896,confirmed,0.10365174878870874,15,15,none,0
nhB-cWIdaDA,UC8fQzKHIhSoZeSq3bwQx4mw,time,5,6.7953,27,419.34,350,,,insufficient,,2,2,none,0
nhB-cWIdaDA,UC8fQzKHIhSoZeSq3bwQx4mw,time,7,6.7953,27,419.34,350,,,insufficient,,2,2,none,0
nhB-cWIdaDA,UC8fQzKHIhSoZeSq3bwQx4mw,time,14,15.7953,27,356.48,350,,,insufficient,0.0461214565927574,2,2,none,0
ckxTb0gafok,UCsQLTECz1bCA56JIryaw-lA,heldout,1,1.8743,30,327359.03,415552,331592.2345776973,0.9872336950239402,early,,15,15,none,0
ckxTb0gafok,UCsQLTECz1bCA56JIryaw-lA,heldout,2,1.8743,30,327359.03,415552,331592.2345776973,0.9872336950239402,early,,15,15,none,0
ckxTb0gafok,UCsQLTECz1bCA56JIryaw-lA,heldout,3,2.8743,30,229747.72,415552,330448.0515132357,0.695261221480375,early,0.18069284607106334,15,14,none,0
ckxTb0gafok,UCsQLTECz1bCA56JIryaw-lA,heldout,5,4.8743,30,339453.08,415552,330027.30072375585,1.0285606092614052,likely,0.4713976275320813,15,14,none,0
ckxTb0gafok,UCsQLTECz1bCA56JIryaw-lA,heldout,7,6.8743,30,346265.80,415552,330027.30072375585,1.0492035160849091,likely,0.4411765281673385,15,14,none,0
ckxTb0gafok,UCsQLTECz1bCA56JIryaw-lA,heldout,14,13.8743,30,376585.93,415552,328360.202247738,1.1468683700934723,confirmed,0.371093331583117,15,13,none,0
m-WNnabbAD4,UCoZQiN0o7f36H7PaW4fVhFw,time,3,3.9158,29,192237.95,181857,101074.94535074627,1.9019347219960256,likely,,15,13,none,0
m-WNnabbAD4,UCoZQiN0o7f36H7PaW4fVhFw,time,5,4.9158,29,144387.59,181857,101224.93521826263,1.4264034270283328,likely,0.23442333457223954,15,13,none,0
m-WNnabbAD4,UCoZQiN0o7f36H7PaW4fVhFw,time,7,6.9158,29,148150.84,181857,101760.99999999996,1.4558705216526961,likely,0.22187813458774064,15,12,none,0
m-WNnabbAD4,UCoZQiN0o7f36H7PaW4fVhFw,time,14,13.9158,29,167545.34,181857,101760.99999999996,1.6464592400159292,confirmed,0.21623604224423823,15,9,none,0
Nvx3MWoXnzI,UCEdGrVhYNUONApiHxV40oyw,time,14,12.8533,27,8574.02,8562,11506.813487588304,0.7451259166817316,confirmed,0.07581303202732577,15,14,none,0
1OsOF7jWWm0,UCUoJk48pujh29p8zLsnD5PQ,heldout,5,6.6648,29,13228.76,13750,10609.742770298177,1.2468503045512311,likely,,14,13,none,0
1OsOF7jWWm0,UCUoJk48pujh29p8zLsnD5PQ,heldout,7,6.6648,29,13228.76,13750,10609.742770298177,1.2468503045512311,likely,,14,13,none,0
oyEQHHlRgE0,UC9Nrmsn0jlFsbuzmeUVdIUw,time,2,2.8333,28,388.45,355,,,insufficient,,1,1,none,0
oyEQHHlRgE0,UC9Nrmsn0jlFsbuzmeUVdIUw,time,3,2.8333,28,388.45,355,,,insufficient,,1,1,none,0
oyEQHHlRgE0,UC9Nrmsn0jlFsbuzmeUVdIUw,time,5,5.8333,28,365.79,355,101.42263236936675,3.6065910186924035,likely,0.2555261287098042,15,13,none,0
oyEQHHlRgE0,UC9Nrmsn0jlFsbuzmeUVdIUw,time,7,6.8333,28,357.53,355,100.821217523683,3.546177507886235,likely,0.2598668746399945,15,13,none,0
oyEQHHlRgE0,UC9Nrmsn0jlFsbuzmeUVdIUw,time,14,13.8333,28,373.87,355,103.52576636365558,3.6113363103362723,confirmed,0.2290075029972622,15,10,none,0
J0ydlAqg6_8,UCn_zjOECM_3Raq5953rMm4Q,time,1,0.9163,27,13735.59,97069,159415.4957066807,0.08616219452934816,early,,10,10,none,0
J0ydlAqg6_8,UCn_zjOECM_3Raq5953rMm4Q,time,2,1.9163,27,24738.38,97069,165092.00000000006,0.14984602646635198,early,1.3486909465685875,10,9,none,0
J0ydlAqg6_8,UCn_zjOECM_3Raq5953rMm4Q,time,3,2.9163,27,27219.44,97069,165092.00000000006,0.1648743565575411,early,1.1177947553671475,10,9,none,0
J0ydlAqg6_8,UCn_zjOECM_3Raq5953rMm4Q,time,5,4.9163,27,33906.06,97069,165092.00000000006,0.2053767826996547,likely,1.0241890914294116,10,9,none,0
J0ydlAqg6_8,UCn_zjOECM_3Raq5953rMm4Q,time,7,6.9163,27,43438.46,97069,165092.00000000006,0.26311669410483063,likely,1.0845375506603667,10,9,none,0
J0ydlAqg6_8,UCn_zjOECM_3Raq5953rMm4Q,time,14,12.9163,27,71877.95,97069,165092.00000000006,0.4353811943423559,confirmed,1.046588324397775,10,9,none,0
5wwGpoej35w,UC9vUu4vlIlMC0dHQCTvQPbg,time,5,5.7708,28,27023.68,21801,,,insufficient,,1,1,none,0
5wwGpoej35w,UC9vUu4vlIlMC0dHQCTvQPbg,time,7,6.7708,28,22251.65,21801,,,insufficient,0.132830825912159,1,1,none,0
5wwGpoej35w,UC9vUu4vlIlMC0dHQCTvQPbg,time,14,13.7708,28,21979.59,21801,,,insufficient,0.08714946662204816,1,1,none,0
hN5vkxH2BBI,UCs7_DmeDzs0C8HkwucWRNTA,time,3,3.0407,29,10091.83,11089,,,insufficient,,1,1,none,0
hN5vkxH2BBI,UCs7_DmeDzs0C8HkwucWRNTA,time,5,5.0407,29,10345.24,11089,14180.591660268205,0.7295354756853134,likely,0.39844328407360396,15,13,none,0
hN5vkxH2BBI,UCs7_DmeDzs0C8HkwucWRNTA,time,7,7.0407,29,10936.78,11089,14174.48206403667,0.7715822656191446,confirmed,0.4412439198386009,15,11,none,0
hN5vkxH2BBI,UCs7_DmeDzs0C8HkwucWRNTA,time,14,12.0407,29,11149.78,11089,13911.725586183507,0.801466305889647,confirmed,0.34512232903378365,15,9,none,0
6CTotaUoZUo,UChzLnWVsl3puKQwc5PoO6Zg,time,14,13.8332,29,2225.66,2069,20342.490261690735,0.10940932318727169,confirmed,,14,14,none,0
NPX47g74DuI,UC1cbIkRS5-QfXfgKij2n11Q,time,14,13.7913,29,215.95,226,446.4164986251145,0.48374597179378065,confirmed,0.1068224282031687,15,15,none,0
BZ0qajzteqA,UCbRP3c757lWg9M-U7TyEkXA,heldout,1,1.1903,29,197468.90,90897,76484.44736892627,2.58181763744266,early,1.0853687802796534,15,15,none,0
BZ0qajzteqA,UCbRP3c757lWg9M-U7TyEkXA,time,1,1.1903,29,197468.90,90897,76484.44736892627,2.58181763744266,early,1.0853687802796534,15,15,none,0
BZ0qajzteqA,UCbRP3c757lWg9M-U7TyEkXA,heldout,2,2.1903,29,148522.44,90897,76518.83889729105,1.9409917599399769,early,0.7150452772876835,15,15,none,0
BZ0qajzteqA,UCbRP3c757lWg9M-U7TyEkXA,time,2,2.1903,29,148522.44,90897,76518.83889729105,1.9409917599399769,early,0.7150452772876835,15,15,none,0
BZ0qajzteqA,UCbRP3c757lWg9M-U7TyEkXA,heldout,3,3.1903,29,141471.04,90897,76638.60831977396,1.8459500727769858,likely,0.568593758309823,15,15,none,0
BZ0qajzteqA,UCbRP3c757lWg9M-U7TyEkXA,time,3,3.1903,29,141471.04,90897,76638.60831977396,1.8459500727769858,likely,0.568593758309823,15,15,none,0
BZ0qajzteqA,UCbRP3c757lWg9M-U7TyEkXA,heldout,5,5.1903,29,121352.72,90897,76408.08698421957,1.588218338618415,likely,0.4398325996221456,15,15,none,0
BZ0qajzteqA,UCbRP3c757lWg9M-U7TyEkXA,time,5,5.1903,29,121352.72,90897,76408.08698421957,1.588218338618415,likely,0.4398325996221456,15,15,none,0
BZ0qajzteqA,UCbRP3c757lWg9M-U7TyEkXA,heldout,7,7.1903,29,112380.07,90897,76436.91393393258,1.4702328938498876,confirmed,0.38168396252011394,15,15,none,0
BZ0qajzteqA,UCbRP3c757lWg9M-U7TyEkXA,time,7,7.1903,29,112380.07,90897,76436.91393393258,1.4702328938498876,confirmed,0.38168396252011394,15,15,none,0
BZ0qajzteqA,UCbRP3c757lWg9M-U7TyEkXA,heldout,14,14.1903,29,97607.82,90897,75109.00000000001,1.2995489480222033,confirmed,0.2940994207619625,15,9,none,0
BZ0qajzteqA,UCbRP3c757lWg9M-U7TyEkXA,time,14,14.1903,29,97607.82,90897,75109.00000000001,1.2995489480222033,confirmed,0.2940994207619625,15,9,none,0
a5V6gIeoYs8,UCZlAwnm7YLWxQtdDZiSWaJA,time,3,3.8750,29,1734.56,62526,,,insufficient,,0,0,none,0
a5V6gIeoYs8,UCZlAwnm7YLWxQtdDZiSWaJA,time,5,4.8750,29,1488.92,62526,28764.08675603102,0.051763147865468456,likely,0.29544059776052833,13,13,none,0
a5V6gIeoYs8,UCZlAwnm7YLWxQtdDZiSWaJA,time,7,6.8750,29,1525.87,62526,28764.08675603102,0.053047574667512185,likely,0.292921051752339,15,15,none,0
a5V6gIeoYs8,UCZlAwnm7YLWxQtdDZiSWaJA,time,14,14.8750,29,44351.05,62526,28179.50822763572,1.5738758524964322,confirmed,2.9358712476644633,15,15,none,0
t33396oOt-A,UCdwo4k1RQHTcq_-WS7Cazqg,time,5,6.9572,29,760.61,667,,,insufficient,,0,0,none,0
t33396oOt-A,UCdwo4k1RQHTcq_-WS7Cazqg,time,7,6.9572,29,760.61,667,,,insufficient,,0,0,none,0
t33396oOt-A,UCdwo4k1RQHTcq_-WS7Cazqg,time,14,13.9572,29,664.39,667,,,insufficient,0.09914304506618772,0,0,none,0
PklOUF5ftZE,UCl-Zrl0QhF66lu1aGXaTbfw,time,1,0.9994,28,7158.25,6709,40852.3593777888,0.17522252230967994,early,,9,7,none,0
PklOUF5ftZE,UCl-Zrl0QhF66lu1aGXaTbfw,time,2,1.9994,28,8122.39,6709,40677.00417318655,0.19968009505123793,early,0.7241848228482803,9,7,none,0
PklOUF5ftZE,UCl-Zrl0QhF66lu1aGXaTbfw,time,3,2.9994,28,7112.50,6709,40368.36981332924,0.1761900418180168,early,0.5492584699932088,9,5,none,0
PklOUF5ftZE,UCl-Zrl0QhF66lu1aGXaTbfw,time,5,4.9994,28,6641.12,6709,39648.246360748286,0.16750092961332705,likely,0.4324603470878765,9,5,none,0
PklOUF5ftZE,UCl-Zrl0QhF66lu1aGXaTbfw,time,7,6.9994,28,6763.98,6709,39804.576127023305,0.16992983269926448,likely,0.41926920304633436,9,5,none,0
PklOUF5ftZE,UCl-Zrl0QhF66lu1aGXaTbfw,time,14,13.9994,28,8134.19,6709,39631.93040477747,0.20524325746559585,confirmed,0.3576726674671648,9,4,none,0
YZuCKWqal5c,UC6BW8DqrAmBEIeCtMa4bfBw,time,14,15.2267,27,1989.03,2048,3673.903626850941,0.5413950571529142,confirmed,0.1027204386099998,15,15,none,0
zRCWtTeaPjE,UCXB4UyUjSe-TPiM8IW_i1xg,heldout,1,0.9101,28,31609.62,27302,17845.000000000015,1.7713431323389248,early,,15,11,none,0
zRCWtTeaPjE,UCXB4UyUjSe-TPiM8IW_i1xg,time,1,0.9101,28,31609.62,27302,17845.000000000015,1.7713431323389248,early,,15,11,none,0
zRCWtTeaPjE,UCXB4UyUjSe-TPiM8IW_i1xg,heldout,2,1.9101,28,27382.65,27302,17845.000000000015,1.5344717877615661,early,0.6906635755811942,15,11,none,0
zRCWtTeaPjE,UCXB4UyUjSe-TPiM8IW_i1xg,time,2,1.9101,28,27382.65,27302,17845.000000000015,1.5344717877615661,early,0.6906635755811942,15,11,none,0
zRCWtTeaPjE,UCXB4UyUjSe-TPiM8IW_i1xg,heldout,3,2.9101,28,29854.41,27302,17845.000000000015,1.6729847426959212,early,0.568230517078459,15,11,none,0
zRCWtTeaPjE,UCXB4UyUjSe-TPiM8IW_i1xg,time,3,2.9101,28,29854.41,27302,17845.000000000015,1.6729847426959212,early,0.568230517078459,15,11,none,0
zRCWtTeaPjE,UCXB4UyUjSe-TPiM8IW_i1xg,heldout,5,4.9101,28,29940.42,27302,17845.000000000015,1.6778044472794031,likely,0.43906080359233696,15,11,none,0
zRCWtTeaPjE,UCXB4UyUjSe-TPiM8IW_i1xg,time,5,4.9101,28,29940.42,27302,17845.000000000015,1.6778044472794031,likely,0.43906080359233696,15,11,none,0
zRCWtTeaPjE,UCXB4UyUjSe-TPiM8IW_i1xg,heldout,7,6.9101,28,27504.18,27302,17845.000000000015,1.541282329119889,likely,0.39878326802100156,15,10,none,0
zRCWtTeaPjE,UCXB4UyUjSe-TPiM8IW_i1xg,time,7,6.9101,28,27504.18,27302,17845.000000000015,1.541282329119889,likely,0.39878326802100156,15,10,none,0
zRCWtTeaPjE,UCXB4UyUjSe-TPiM8IW_i1xg,heldout,14,13.9101,28,27644.06,27302,17845.000000000015,1.5491205180158114,confirmed,0.3215617088661752,15,9,none,0
zRCWtTeaPjE,UCXB4UyUjSe-TPiM8IW_i1xg,time,14,13.9101,28,27644.06,27302,17845.000000000015,1.5491205180158114,confirmed,0.3215617088661752,15,9,none,0
heZ39fuLFJ4,UCqhmd5fM8oJrJnahTxaMUUA,time,14,14.9990,27,11839.57,11715,12091.558071858426,0.9791599289606645,confirmed,0.13701283385649388,15,13,none,0
VkLUDVcd5DI,UCC6Xr08p6HfQXV-ZRNuajnQ,time,5,5.0497,27,163.17,621,,,insufficient,,0,0,none,0
VkLUDVcd5DI,UCC6Xr08p6HfQXV-ZRNuajnQ,time,7,7.0497,27,169.96,621,,,insufficient,0.3863347663526944,0,0,none,0
VkLUDVcd5DI,UCC6Xr08p6HfQXV-ZRNuajnQ,time,14,13.0497,27,255.80,621,,,insufficient,0.6180606812604726,0,0,none,0
dP1_AJO04kc,UC1NVV2D3Jhv2ykmpTwooUwQ,time,5,4.9125,27,3304.19,2659,,,insufficient,,1,1,none,0
dP1_AJO04kc,UC1NVV2D3Jhv2ykmpTwooUwQ,time,7,6.9125,27,2743.94,2659,,,insufficient,0.09197148025629374,1,1,none,0
dP1_AJO04kc,UC1NVV2D3Jhv2ykmpTwooUwQ,time,14,12.9125,27,2698.89,2659,,,insufficient,0.0844026569503418,1,1,none,0
Oq494uiCdnI,UCic4iGbudp-7bELJppHBNfw,time,7,7.8329,29,526.38,444,779.4992699897437,0.6752796818250275,confirmed,,15,14,none,0
Oq494uiCdnI,UCic4iGbudp-7bELJppHBNfw,time,14,14.8329,29,449.47,444,772.9227563760477,0.5815197582967466,confirmed,0.06830713134328338,15,12,none,0
xPIOR7t7_Z8,UC6h1nurnE-9auq41a5oiPnA,time,3,3.9231,27,245.76,321,449.084326306141,0.54723706224677,likely,,14,13,none,0
xPIOR7t7_Z8,UC6h1nurnE-9auq41a5oiPnA,time,5,4.9231,27,234.02,321,445.52722273143905,0.5252601937709004,likely,0.46762231578402075,15,14,none,0
xPIOR7t7_Z8,UC6h1nurnE-9auq41a5oiPnA,time,7,6.9231,27,239.71,321,445.52722273143905,0.5380450104147716,likely,0.4167784658750693,15,14,none,0
xPIOR7t7_Z8,UC6h1nurnE-9auq41a5oiPnA,time,14,12.9231,27,281.75,321,447.30577451879026,0.6298933548571352,confirmed,0.42455428951614893,15,13,none,0
N0K0m7dZBJI,UC8butISFwT-Wl7EV0hUK0BQ,time,3,3.9578,27,17117.27,15156,30086.28651641199,0.5689393749228964,likely,,3,3,none,0
N0K0m7dZBJI,UC8butISFwT-Wl7EV0hUK0BQ,time,5,4.9578,27,14873.74,15156,30767.66617426337,0.4834211591429135,likely,0.366479906648661,3,3,none,0
N0K0m7dZBJI,UC8butISFwT-Wl7EV0hUK0BQ,time,7,6.9578,27,15204.11,15156,31117.75832196193,0.48859920362932147,likely,0.3173072806163986,3,3,none,0
N0K0m7dZBJI,UC8butISFwT-Wl7EV0hUK0BQ,time,14,14.9578,27,16239.68,15156,34620.415767426995,0.4690781348069015,confirmed,0.2528046149731904,3,3,none,0
xf59x78d1mU,UCWzNlC-0FQVelSKLlUoj71g,time,14,13.9569,30,5116.35,4874,2443.0936463323605,2.0942109480578304,confirmed,,11,11,none,0
P_Q77OpMFlg,UCnpWedLQdHpZqhgTLdB9Yyg,heldout,2,2.8956,30,71399.13,90986,64085.81943236461,1.1141175008781397,early,,15,15,none,0
P_Q77OpMFlg,UCnpWedLQdHpZqhgTLdB9Yyg,heldout,3,2.8956,30,71399.13,90986,64085.81943236461,1.1141175008781397,early,,15,15,none,0
P_Q77OpMFlg,UCnpWedLQdHpZqhgTLdB9Yyg,heldout,7,7.8956,30,77257.57,90986,66135.17773587753,1.1681766306578236,confirmed,0.3658365908943555,15,15,none,0
P_Q77OpMFlg,UCnpWedLQdHpZqhgTLdB9Yyg,heldout,14,13.8956,30,87978.86,90986,69695.00875678347,1.262340831013575,confirmed,0.38284915378719625,15,13,none,0
ilkOBHdBYrw,UCLI5Dd7feZbOShyDS-dHjQg,time,0.5,0.7284,27,6364.00,4499,4580.72894386562,1.3892988417708116,early,,15,12,none,0
ilkOBHdBYrw,UCLI5Dd7feZbOShyDS-dHjQg,time,1,0.7284,27,6364.00,4499,4580.72894386562,1.3892988417708116,early,,15,12,none,0
ilkOBHdBYrw,UCLI5Dd7feZbOShyDS-dHjQg,time,2,1.7284,27,5338.53,4499,4357.001920599237,1.2252754578087377,early,0.5541603048998682,15,12,none,0
ilkOBHdBYrw,UCLI5Dd7feZbOShyDS-dHjQg,time,3,2.7284,27,4138.57,4499,4249.9946383622655,0.9737819318075952,early,0.4276340174218347,15,11,none,0
ilkOBHdBYrw,UCLI5Dd7feZbOShyDS-dHjQg,time,5,4.7284,27,4552.91,4499,4067.3161712227725,1.1193897806564472,likely,0.3631986218167126,15,11,none,0
ilkOBHdBYrw,UCLI5Dd7feZbOShyDS-dHjQg,time,7,6.7284,27,5157.02,4499,3966.5450442942015,1.3001277664120088,likely,0.3528369144325147,15,11,none,0
ilkOBHdBYrw,UCLI5Dd7feZbOShyDS-dHjQg,time,14,12.7284,27,4660.54,4499,3783.9999999999995,1.2316438705921358,confirmed,0.293323124297636,15,10,none,0
2fphONHSp1A,UCq_2n18CJaRVGxEfxtCfI-Q,time,5,4.8261,28,194771.98,149208,118280.61435577432,1.6466940521969595,likely,,15,15,none,0
2fphONHSp1A,UCq_2n18CJaRVGxEfxtCfI-Q,time,7,6.8261,28,159718.05,149208,116815.81706611002,1.367263882413203,likely,0.04803395963273753,15,15,none,0
2fphONHSp1A,UCq_2n18CJaRVGxEfxtCfI-Q,time,14,13.8261,28,152298.99,149208,113064.77754711203,1.3470064572808738,confirmed,0.030613424864958647,15,12,none,0
tkMof3D6vtw,UCtOV5M-T3GcsJAq8QKaf0lg,heldout,14,13.6241,29,2198.79,2187,3182.0000000000027,0.6910074993041675,confirmed,0.032872483056834004,15,11,none,0
9o3eNg61At0,UCtW1WA-bJ4s6l-ZCCT35QBg,heldout,14,14.3480,31,2189.08,2111,6146.000000000002,0.3561797984326616,confirmed,,15,14,none,0
cQwB_Kiv58M,UC1mTmeM4xNp6FjyLTr8kGww,time,14,14.5412,29,16252.21,16024,16033.336798401175,1.0136511309879446,confirmed,0.04767162220908171,15,11,none,0
NCIIbjtz_JA,UCQIcXQ2n0sa-7CD0NtqnrrA,heldout,2,2.7995,29,168375.87,163440,94151.4010785002,1.788352285556196,early,,15,14,none,0
NCIIbjtz_JA,UCQIcXQ2n0sa-7CD0NtqnrrA,heldout,3,2.7995,29,168375.87,163440,94151.4010785002,1.788352285556196,early,,15,14,none,0
NCIIbjtz_JA,UCQIcXQ2n0sa-7CD0NtqnrrA,heldout,5,4.7995,29,158370.31,163440,94190.74039289016,1.681378720945005,likely,0.3465659296964192,15,14,none,0
NCIIbjtz_JA,UCQIcXQ2n0sa-7CD0NtqnrrA,heldout,7,6.7995,29,161150.25,163440,94190.74039289016,1.710892750311339,likely,0.31258165285095363,15,14,none,0
NCIIbjtz_JA,UCQIcXQ2n0sa-7CD0NtqnrrA,heldout,14,14.7995,29,165782.87,163440,94769.24271310723,1.7493319654880894,confirmed,0.23340921255563588,15,13,none,0
ZAS2aGNVRf4,UCZB32syI0FFtThd6xkPTRrg,time,14,13.7079,28,39310.35,40964,27330.247926485314,1.4383460270020956,confirmed,,14,14,none,0
lTcMzAGSJZQ,UCI8gcSTo1FowsRJdilsjsZw,time,1,0.9238,28,19110.28,17184,38703.986720647874,0.4937548268058979,early,,13,13,none,0
lTcMzAGSJZQ,UCI8gcSTo1FowsRJdilsjsZw,time,2,1.9238,28,17623.89,17184,37809.752520423826,0.46612009194138365,early,0.5899683232429468,15,15,none,0
lTcMzAGSJZQ,UCI8gcSTo1FowsRJdilsjsZw,time,3,2.9238,28,18526.09,17184,34983.8568788983,0.5295610088463967,early,0.4996916522474688,15,15,none,0
lTcMzAGSJZQ,UCI8gcSTo1FowsRJdilsjsZw,time,5,4.9238,28,15444.32,17184,34645.20629570592,0.4457852415235829,likely,0.36419499501875846,15,15,none,0
lTcMzAGSJZQ,UCI8gcSTo1FowsRJdilsjsZw,time,7,6.9238,28,17871.99,17184,34937.52859361266,0.5115412777364632,likely,0.40335814962046934,15,15,none,0
lTcMzAGSJZQ,UCI8gcSTo1FowsRJdilsjsZw,time,14,13.9238,28,18755.99,17184,34757.0558880391,0.5396312481354897,confirmed,0.34203781137567396,15,15,none,0
C0pFsBgpFIg,UCq33AlEZl8QBmxatFEwknew,heldout,14,14.3166,29,226.10,227,342.6213478648896,0.6598985607665753,confirmed,0.1799203544341972,15,12,none,0
Sj8VlTGFBIs,UCpjlh0e319ksmoOD7bQFSiw,time,14,13.0826,28,11732.37,11681,43907.73219116527,0.2672050092250647,confirmed,,15,14,none,0
djnzs24h9bo,UCbtA3P0ji7FsvxDzyxmd-0Q,time,5,6.8095,29,3352.21,5048,,,insufficient,,0,0,none,0
djnzs24h9bo,UCbtA3P0ji7FsvxDzyxmd-0Q,time,7,6.8095,29,3352.21,5048,,,insufficient,,0,0,none,0
djnzs24h9bo,UCbtA3P0ji7FsvxDzyxmd-0Q,time,14,13.8095,29,4260.23,5048,,,insufficient,0.49068917082999425,0,0,none,0
aZycIUtsObg,UCB0rRESYOIUs1Jd2RnJhOXg,heldout,5,6.8005,29,12.59,22,,,insufficient,,0,0,none,0
aZycIUtsObg,UCB0rRESYOIUs1Jd2RnJhOXg,time,5,6.8005,29,12.59,22,,,insufficient,,0,0,none,0
aZycIUtsObg,UCB0rRESYOIUs1Jd2RnJhOXg,heldout,7,6.8005,29,12.59,22,,,insufficient,,0,0,none,0
aZycIUtsObg,UCB0rRESYOIUs1Jd2RnJhOXg,time,7,6.8005,29,12.59,22,,,insufficient,,0,0,none,0
aZycIUtsObg,UCB0rRESYOIUs1Jd2RnJhOXg,heldout,14,13.8005,29,11.96,22,,,insufficient,0.14881178558122665,0,0,none,0
aZycIUtsObg,UCB0rRESYOIUs1Jd2RnJhOXg,time,14,13.8005,29,11.96,22,,,insufficient,0.14881178558122665,0,0,none,0
p5hXu1P_HKU,UCtak3C1t8k3u8CVzVGYvemA,time,7,7.8322,27,28892.97,25851,23390.000000000007,1.2352703744525062,confirmed,,15,11,none,0
p5hXu1P_HKU,UCtak3C1t8k3u8CVzVGYvemA,time,14,12.8322,27,26748.82,25851,23390.000000000007,1.1436005663859865,confirmed,0.1560769365423734,15,9,none,0
DhBc-n1yzV0,UCuTaETsuCOkJ0H_GAztWt0Q,time,14,13.0384,28,114333.77,115270,145604.23147263413,0.785236554709976,confirmed,0.10869229461569163,15,11,none,0
4MBtrq-N56k,UC_mmaVYaFmlfdxuKb6U69Yw,time,1,0.8262,27,653461.08,848932,656943.0000000003,0.9946998165512534,early,,15,12,none,0
4MBtrq-N56k,UC_mmaVYaFmlfdxuKb6U69Yw,time,2,1.8262,27,700608.77,848932,656943.0000000003,1.0664681192609426,early,0.7734710712893791,15,12,none,0
4MBtrq-N56k,UC_mmaVYaFmlfdxuKb6U69Yw,time,3,2.8262,27,637520.99,848932,656943.0000000003,0.970435772082183,early,0.6263531831947474,15,12,none,0
4MBtrq-N56k,UC_mmaVYaFmlfdxuKb6U69Yw,time,5,4.8262,27,631525.19,848932,656943.0000000003,0.9613089592476299,likely,0.5316569361339788,15,11,none,0
4MBtrq-N56k,UC_mmaVYaFmlfdxuKb6U69Yw,time,7,6.8262,27,715978.81,848932,656943.0000000003,1.08986442766972,likely,0.5143399821875168,15,11,none,0
4MBtrq-N56k,UC_mmaVYaFmlfdxuKb6U69Yw,time,14,12.8262,27,899842.47,848932,656943.0000000003,1.369742075735375,confirmed,0.49781732758401354,15,11,none,0
3YyF2njm2N8,UCnYMOamNKLGVlJgRUbamveA,heldout,14,15.9583,29,18126.55,17639,34160.35738352804,0.5306311855007545,confirmed,0.01570793725803717,15,14,none,0
sSwiiBpEc5E,UCstwpLSByklww1YojZN-KiQ,heldout,0.5,0.5487,30,21089.63,73039,119431.70070585348,0.1765831595821967,early,,15,14,none,0
sSwiiBpEc5E,UCstwpLSByklww1YojZN-KiQ,heldout,1,0.5487,30,21089.63,73039,119431.70070585348,0.1765831595821967,early,,15,14,none,0
sSwiiBpEc5E,UCstwpLSByklww1YojZN-KiQ,heldout,14,13.5487,30,88370.31,73039,117350.09047245982,0.7530485359761746,confirmed,1.0508316545581378,15,14,none,0
1NFKwdr6PLw,UCFs23bEpTlHJt1RVN0UWI3Q,time,7,8.8542,28,2652.05,2506,2895.789306506892,0.9158292720478255,confirmed,,15,15,none,0
1NFKwdr6PLw,UCFs23bEpTlHJt1RVN0UWI3Q,time,14,13.8542,28,2468.57,2506,2845.450959142748,0.8675495616103264,confirmed,0.18380218512385335,15,15,none,0
FYyjcU387fQ,UCPa0bvFsR1mbBpk5mIPFGLA,heldout,14,14.9164,30,86486.99,96398,66658.23871385978,1.297468869864895,confirmed,,15,14,none,0
l3yj7-dimxU,UC7u2HaYBKDaLPcWmldxgGEA,heldout,0.5,0.6210,27,168026.10,139695,202707.77213565528,0.8289080212859371,early,,14,11,none,0
l3yj7-dimxU,UC7u2HaYBKDaLPcWmldxgGEA,time,0.5,0.6210,27,168026.10,139695,202707.77213565528,0.8289080212859371,early,,14,11,none,0
l3yj7-dimxU,UC7u2HaYBKDaLPcWmldxgGEA,heldout,1,0.6210,27,168026.10,139695,202707.77213565528,0.8289080212859371,early,,14,11,none,0
l3yj7-dimxU,UC7u2HaYBKDaLPcWmldxgGEA,time,1,0.6210,27,168026.10,139695,202707.77213565528,0.8289080212859371,early,,14,11,none,0
l3yj7-dimxU,UC7u2HaYBKDaLPcWmldxgGEA,heldout,2,1.6210,27,152244.01,139695,202707.77213565528,0.7510516846861883,early,0.6868783906028895,14,11,none,0
l3yj7-dimxU,UC7u2HaYBKDaLPcWmldxgGEA,time,2,1.6210,27,152244.01,139695,202707.77213565528,0.7510516846861883,early,0.6868783906028895,14,11,none,0
l3yj7-dimxU,UC7u2HaYBKDaLPcWmldxgGEA,heldout,3,2.6210,27,156400.13,139695,202707.77213565528,0.7715546956449831,early,0.5179394133915449,14,11,none,0
l3yj7-dimxU,UC7u2HaYBKDaLPcWmldxgGEA,time,3,2.6210,27,156400.13,139695,202707.77213565528,0.7715546956449831,early,0.5179394133915449,14,11,none,0
l3yj7-dimxU,UC7u2HaYBKDaLPcWmldxgGEA,heldout,5,4.6210,27,147965.66,139695,205668.17158570117,0.7194388004981381,likely,0.42124287835109736,14,11,none,0
l3yj7-dimxU,UC7u2HaYBKDaLPcWmldxgGEA,time,5,4.6210,27,147965.66,139695,205668.17158570117,0.7194388004981381,likely,0.42124287835109736,14,11,none,0
l3yj7-dimxU,UC7u2HaYBKDaLPcWmldxgGEA,heldout,7,7.6210,27,151244.12,139695,205668.17158570117,0.7353793399741555,confirmed,0.3790881623724124,14,11,none,0
l3yj7-dimxU,UC7u2HaYBKDaLPcWmldxgGEA,time,7,7.6210,27,151244.12,139695,205668.17158570117,0.7353793399741555,confirmed,0.3790881623724124,14,11,none,0
l3yj7-dimxU,UC7u2HaYBKDaLPcWmldxgGEA,heldout,14,15.6210,27,146955.42,139695,207888.69349220901,0.7068947328915349,confirmed,0.31109904520897935,14,9,none,0
l3yj7-dimxU,UC7u2HaYBKDaLPcWmldxgGEA,time,14,15.6210,27,146955.42,139695,207888.69349220901,0.7068947328915349,confirmed,0.31109904520897935,14,9,none,0
pXPs6wB3yJk,UCUpbDOT-OVNBlaQpb9pbd2w,time,3,3.8056,27,8647.43,5677,31633.82171793968,0.2733601306462909,likely,,15,15,none,0
pXPs6wB3yJk,UCUpbDOT-OVNBlaQpb9pbd2w,time,5,4.8056,27,6295.47,5677,30831.409816368894,0.20419014891295675,likely,0.0645873932952077,15,15,none,0
pXPs6wB3yJk,UCUpbDOT-OVNBlaQpb9pbd2w,time,7,6.8056,27,6157.38,5677,29308.246368385313,0.21009028234120275,likely,0.05482992149554204,15,15,none,0
pXPs6wB3yJk,UCUpbDOT-OVNBlaQpb9pbd2w,time,14,12.8056,27,5831.74,5677,26678.909108269676,0.21858997982546954,confirmed,0.03244944789091011,15,15,none,0
OlAmyf8_4O4,UC8butISFwT-Wl7EV0hUK0BQ,time,5,6.9053,29,26306.41,32516,,,insufficient,,1,1,none,0
OlAmyf8_4O4,UC8butISFwT-Wl7EV0hUK0BQ,time,7,6.9053,29,26306.41,32516,,,insufficient,,1,1,none,0
OlAmyf8_4O4,UC8butISFwT-Wl7EV0hUK0BQ,time,14,13.9053,29,30675.05,32516,,,insufficient,0.35941840355559707,1,1,none,0
TmsnVTkLDL0,UCGWNHkr2WZcRbxqoet-nyeg,time,14,14.4743,29,1147.19,1093,4776.166144164838,0.2401904101513552,confirmed,,15,15,none,0
kN66McRztJU,UC1QvDo-qeCVKTlmDq1LjDuw,time,7,7.7633,27,941.94,846,,,insufficient,,0,0,none,0
kN66McRztJU,UC1QvDo-qeCVKTlmDq1LjDuw,time,14,13.7633,27,822.48,846,,,insufficient,0.11924811355083897,0,0,none,0
e6HJ7TYvh7s,UCznv7Vf9nBdJYvBagFdAHWw,time,7,7.7643,29,39726.58,39847,37713.359611641084,1.053382155742922,confirmed,,15,14,none,0
e6HJ7TYvh7s,UCznv7Vf9nBdJYvBagFdAHWw,time,14,13.7643,29,39852.59,39847,37604.581342733734,1.0597800947428613,confirmed,0.2319186260518023,15,13,none,0
IBnLsKOhpyU,UCsvqVGtbbyHaMoevxPAq9Fg,time,14,13.6484,29,8139.02,7987,5486.008133746173,1.4835961944633467,confirmed,0.027587663462645223,15,15,none,0
hDL2UuulKhk,UC8DqDLFZCni7Jkys3N3818w,time,5,4.8183,27,55.75,59,,,insufficient,,1,1,none,0
hDL2UuulKhk,UC8DqDLFZCni7Jkys3N3818w,time,7,6.8183,27,59.61,59,,,insufficient,0.46225095429181856,1,1,none,0
hDL2UuulKhk,UC8DqDLFZCni7Jkys3N3818w,time,14,15.8183,27,54.35,59,,,insufficient,0.1869611110232646,1,1,none,0
oRHoyBsT6e8,UC8jRs1LfVO5vsrSk-YRu5ZA,time,7,8.9062,28,2288.12,1840,2920.355597608898,0.7835059598811291,confirmed,,9,7,none,0
oRHoyBsT6e8,UC8jRs1LfVO5vsrSk-YRu5ZA,time,14,13.9062,28,1886.74,1840,2729.0173422664775,0.6913624532606184,confirmed,0.012091988172626314,15,11,none,0
s9zMTn0QOMs,UCso1B56GyEtnhn2OPENKXoQ,time,14,15.1655,27,64.06,66,161.5436130544457,0.39656393001918844,confirmed,0.0792116390830274,15,15,none,0
RELWFl0AiUI,UCdt0GYPfoQdIZTiqH4CDBaw,time,5,4.9166,27,22934.91,18807,,,insufficient,,1,1,none,0
RELWFl0AiUI,UCdt0GYPfoQdIZTiqH4CDBaw,time,7,6.9166,27,19272.45,18807,,,insufficient,0.13259510570412697,1,1,none,0
RELWFl0AiUI,UCdt0GYPfoQdIZTiqH4CDBaw,time,14,12.9166,27,18913.90,18807,,,insufficient,0.09565441122863953,1,1,none,0
7cH0HHWHgb4,UCI8gcSTo1FowsRJdilsjsZw,heldout,3,3.8438,29,42355.58,29004,39320.052917820445,1.0772004605869971,likely,,15,15,none,0
7cH0HHWHgb4,UCI8gcSTo1FowsRJdilsjsZw,heldout,5,4.8438,29,30945.98,29004,39944.3161419521,0.7747280375195563,likely,0.08409921593869246,15,15,none,0
7cH0HHWHgb4,UCI8gcSTo1FowsRJdilsjsZw,heldout,7,6.8438,29,30614.29,29004,40151.66622786372,0.7624663179789457,likely,0.08624684310420062,15,15,none,0
7cH0HHWHgb4,UCI8gcSTo1FowsRJdilsjsZw,heldout,14,13.8438,29,29522.42,29004,40457.39942749629,0.729716204604972,confirmed,0.060041132185981054,15,15,none,0
RS61P0tsIts,UCfQgsKhHjSyRLOp9mnffqVg,heldout,1,1.8328,30,1093791.65,893913,535045.5560300077,2.0442963037639093,early,,15,14,none,0
RS61P0tsIts,UCfQgsKhHjSyRLOp9mnffqVg,heldout,2,1.8328,30,1093791.65,893913,535045.5560300077,2.0442963037639093,early,,15,14,none,0
RS61P0tsIts,UCfQgsKhHjSyRLOp9mnffqVg,heldout,3,2.8328,30,900050.99,893913,535631.2210836923,1.680355721449978,early,0.2986617461989453,15,14,none,0
RS61P0tsIts,UCfQgsKhHjSyRLOp9mnffqVg,heldout,5,4.8328,30,906749.51,893913,537495.2498543183,1.6869907351263689,likely,0.25689641380538314,15,13,none,0
RS61P0tsIts,UCfQgsKhHjSyRLOp9mnffqVg,heldout,7,7.8328,30,784375.40,893913,539563.6214939082,1.4537218023441878,confirmed,0.2167063438589566,15,10,none,0
RS61P0tsIts,UCfQgsKhHjSyRLOp9mnffqVg,heldout,14,13.8328,30,889650.38,893913,545316.9999999999,1.6314370885968306,confirmed,0.18838958034153877,15,7,none,0
EGp2RzokJA8,UCwsa-MpLNx4pnsM1PiQwhyQ,heldout,5,6.9581,30,239152.83,344777,488583.81780009274,0.489481680421763,likely,,15,14,none,0
EGp2RzokJA8,UCwsa-MpLNx4pnsM1PiQwhyQ,heldout,7,6.9581,30,239152.83,344777,488583.81780009274,0.489481680421763,likely,,15,14,none,0
EGp2RzokJA8,UCwsa-MpLNx4pnsM1PiQwhyQ,heldout,14,16.9581,30,321243.88,344777,508707.8055156874,0.6314899817762373,confirmed,0.4538885449441436,15,13,none,0
eYXpFhoQPgA,UC5_SBQbLA9Kg7Jh5GpXoP3g,time,1,0.8325,28,15.93,54,728.7568933289488,0.021859026077404187,early,,6,5,none,0
eYXpFhoQPgA,UC5_SBQbLA9Kg7Jh5GpXoP3g,time,2,2.8325,28,17.60,54,332.6966292298663,0.05289500230089637,early,0.692320048673879,15,14,none,0
eYXpFhoQPgA,UC5_SBQbLA9Kg7Jh5GpXoP3g,time,3,2.8325,28,17.60,54,332.6966292298663,0.05289500230089637,early,0.692320048673879,15,14,none,0
eYXpFhoQPgA,UC5_SBQbLA9Kg7Jh5GpXoP3g,time,5,4.8325,28,11.59,54,298.0909824665973,0.03888723871349678,likely,0.3502098506141022,15,12,none,0
eYXpFhoQPgA,UC5_SBQbLA9Kg7Jh5GpXoP3g,time,7,6.8325,28,19.27,54,301.3659983367481,0.06393068253376584,likely,0.5832913742730421,15,12,none,0
eYXpFhoQPgA,UC5_SBQbLA9Kg7Jh5GpXoP3g,time,14,12.8325,28,42.66,54,273.69185358487306,0.15585712539047794,confirmed,0.7794451948272844,15,12,none,0
BHaekyT6NyI,UCVNsLoYc5c6BhatQ5aO1T9g,time,7,7.0281,27,59.19,69,66.29005877254765,0.8928377976620084,confirmed,,15,15,none,0
BHaekyT6NyI,UCVNsLoYc5c6BhatQ5aO1T9g,time,14,13.0281,27,60.45,69,64.4441782141683,0.9379506564388757,confirmed,0.2487587000828974,15,10,none,0
Sopl5v4UTwc,UCLhu5JoRWPgEGDoUFfQHTPQ,time,5,5.7708,29,11102.36,9177,6760.660412610707,1.6422006184699998,likely,,11,11,none,0
Sopl5v4UTwc,UCLhu5JoRWPgEGDoUFfQHTPQ,time,7,6.7708,29,9183.85,9177,6172.748876956073,1.48780525204188,likely,0.166119656002178,15,15,none,0
Sopl5v4UTwc,UCLhu5JoRWPgEGDoUFfQHTPQ,time,14,13.7708,29,9099.96,9177,6023.999999999995,1.5106169224695134,confirmed,0.09703416660545701,15,11,none,0
5NnV6CZardk,UCTJdHk01ygktpSPfVTQRE6Q,heldout,5,5.6475,30,5770.78,7182,7124.878460128319,0.8099478540590241,likely,,15,15,none,0
5NnV6CZardk,UCTJdHk01ygktpSPfVTQRE6Q,heldout,7,5.6475,30,5770.78,7182,7124.878460128319,0.8099478540590241,likely,,15,15,none,0
5NnV6CZardk,UCTJdHk01ygktpSPfVTQRE6Q,heldout,14,13.6475,30,5974.03,7182,7219.1417048579315,0.8275258289326358,confirmed,0.2900635669492158,15,14,none,0
PAikDF8fksE,UCnmGIkw-KdI0W5siakKPKog,heldout,1,0.8745,29,3896610.39,3249831,3204985.069179124,1.215796737213789,early,,6,6,none,0
PAikDF8fksE,UCnmGIkw-KdI0W5siakKPKog,heldout,7,8.8745,29,3415832.50,3249831,3171861.27426295,1.0769173710205897,confirmed,0.3320492666315341,15,15,none,0
PAikDF8fksE,UCnmGIkw-KdI0W5siakKPKog,heldout,14,14.8745,29,3393654.34,3249831,3183285.487048029,1.0660854503696682,confirmed,0.29241638621176086,15,15,none,0
PtSPl3V3eNQ,UCQutm-K2rUEx1O5fy5iw6SA,heldout,14,13.9994,30,99.76,101,99.54932674860629,1.0020719879030746,confirmed,,12,12,none,0
A-pqjLgFCqw,UCcjhYlL1WRBjKaJsMH_h7Lg,time,1,0.8333,29,81115.13,129949,205607.28556405002,0.3945148719820666,early,,15,11,none,0
A-pqjLgFCqw,UCcjhYlL1WRBjKaJsMH_h7Lg,time,2,1.8333,29,89618.37,129949,205607.28556405002,0.4358715617049418,early,0.8448871918989961,15,11,none,0
A-pqjLgFCqw,UCcjhYlL1WRBjKaJsMH_h7Lg,time,3,2.8333,29,165362.07,129949,207631.99999999985,0.7964190085234849,early,0.6394104098610408,15,10,none,0
A-pqjLgFCqw,UCcjhYlL1WRBjKaJsMH_h7Lg,time,5,4.8333,29,77138.61,129949,207631.99999999985,0.3715159931500299,likely,0.5189576010695509,15,10,none,0
A-pqjLgFCqw,UCcjhYlL1WRBjKaJsMH_h7Lg,time,7,6.8333,29,84825.04,129949,207631.99999999985,0.40853550670857836,likely,0.48327786341528384,15,10,none,0
A-pqjLgFCqw,UCcjhYlL1WRBjKaJsMH_h7Lg,time,14,13.8333,29,118623.52,129949,266592.25846195343,0.44496234096492426,confirmed,0.5107673406728097,15,9,none,0
bC3FBWE1oMU,UCsLt8oYvDYGpSHcGhRBBkyw,time,14,15.1611,27,6985.13,5507,3007.790180386012,2.3223477839444597,confirmed,1.2342642005775522,15,15,none,0
zrC5jnzEnUs,UCfiZzwbPTOw8MCQfyxES43A,time,5,6.4457,29,2601.68,4212,,,insufficient,,0,0,none,0
zrC5jnzEnUs,UCfiZzwbPTOw8MCQfyxES43A,time,7,7.4457,29,2576.64,4212,,,insufficient,0.22716739248576537,0,0,none,0
zrC5jnzEnUs,UCfiZzwbPTOw8MCQfyxES43A,time,14,14.4457,29,2876.76,4212,,,insufficient,0.29915408648241903,0,0,none,0
pUZYbBF9gLU,UCcPXCoEtPJxesAXp-evqzqg,time,1,0.8228,29,3562.99,3189,5142.331343606141,0.6928746826035572,early,,15,8,none,0
pUZYbBF9gLU,UCcPXCoEtPJxesAXp-evqzqg,time,2,1.8228,29,3772.85,3189,5268.2451401708095,0.7161491451798726,early,0.7438755148607382,15,8,none,0
pUZYbBF9gLU,UCcPXCoEtPJxesAXp-evqzqg,time,3,2.8228,29,3150.95,3189,5304.629800925938,0.5940003401852313,early,0.5366977493872724,15,7,none,0
pUZYbBF9gLU,UCcPXCoEtPJxesAXp-evqzqg,time,5,4.8228,29,3177.45,3189,5344.800316415068,0.5944936647488267,likely,0.42364055908452025,15,7,none,0
pUZYbBF9gLU,UCcPXCoEtPJxesAXp-evqzqg,time,7,6.8228,29,2780.46,3189,5362.338480351795,0.518515520965425,likely,0.38723630238104384,15,6,none,0
pUZYbBF9gLU,UCcPXCoEtPJxesAXp-evqzqg,time,14,13.8228,29,3371.25,3189,5512.971618668024,0.6115124685122838,confirmed,0.3719229186834384,15,5,none,0
dw9UTRj424o,UC9kUnVpufVjhTZHhxaKuHaA,time,14,14.9991,27,28671.97,49841,5440.8830756946245,5.269727994667773,confirmed,,15,12,none,0
y3QK3e4O2VU,UC70SrI3VkT1MXALRtf0pcHg,time,1,0.8000,28,138760.19,125608,73359.83227277968,1.8915008860029545,early,,13,13,none,0
y3QK3e4O2VU,UC70SrI3VkT1MXALRtf0pcHg,time,2,1.8000,28,118009.65,125608,76005.68311377284,1.552642407178188,early,0.6036443342593696,14,14,none,0
y3QK3e4O2VU,UC70SrI3VkT1MXALRtf0pcHg,time,3,2.8000,28,125269.07,125608,70869.90582016227,1.767591902711651,early,0.5161738639961624,15,15,none,0
y3QK3e4O2VU,UC70SrI3VkT1MXALRtf0pcHg,time,5,4.8000,28,117080.86,125608,68757.80845270923,1.7028009728155407,likely,0.4111380005852972,15,15,none,0
y3QK3e4O2VU,UC70SrI3VkT1MXALRtf0pcHg,time,7,6.8000,28,114994.09,125608,67217.1999846384,1.710783638880342,likely,0.3756820290713714,15,15,none,0
y3QK3e4O2VU,UC70SrI3VkT1MXALRtf0pcHg,time,14,12.8000,28,122134.33,125608,64733.94301131925,1.8867124190368665,confirmed,0.3400172090249856,15,15,none,0
w3b5Tp6BUyo,UCHZ-NWzcaa4lFT9NjP4T4pg,time,1,0.9615,29,7343.09,6668,31555.387048915338,0.23270483013115523,early,,14,11,none,0
w3b5Tp6BUyo,UCHZ-NWzcaa4lFT9NjP4T4pg,time,2,1.9615,29,8475.71,6668,31555.387048915338,0.2685979394630764,early,0.7543594499177407,14,11,none,0
w3b5Tp6BUyo,UCHZ-NWzcaa4lFT9NjP4T4pg,time,3,2.9615,29,8837.71,6668,31555.387048915338,0.28006977212285067,early,0.705263318948779,14,11,none,0
w3b5Tp6BUyo,UCHZ-NWzcaa4lFT9NjP4T4pg,time,5,4.9615,29,7368.10,6668,31555.387048915338,0.23349725425115475,likely,0.4979900257108352,14,11,none,0
w3b5Tp6BUyo,UCHZ-NWzcaa4lFT9NjP4T4pg,time,7,6.9615,29,7243.41,6668,32678.715323422693,0.2216553584995933,likely,0.44564304955709094,14,11,none,0
w3b5Tp6BUyo,UCHZ-NWzcaa4lFT9NjP4T4pg,time,14,12.9615,29,8539.24,6668,33097.41842440368,0.2580031480623717,confirmed,0.3487452814529026,14,11,none,0
wh0uup4o7Mg,UCat0LyGytYMwfZEPbO_rOrA,heldout,14,13.9999,29,3069.83,3163,2413.4789077706823,1.2719512206812804,confirmed,0.12099784724208529,15,15,none,0
wh0uup4o7Mg,UCat0LyGytYMwfZEPbO_rOrA,time,14,13.9999,29,3069.83,3163,2413.4789077706823,1.2719512206812804,confirmed,0.12099784724208529,15,15,none,0
fF0dX46BMt4,UCglNXzBo6bmKc9otKf-OuGQ,time,14,13.5873,28,11085.89,10819,6353.286490854796,1.7449063297944043,confirmed,0.012019768276899457,15,15,none,0
E3vmC5QWZV4,UCanFJj7l5LIdEsxlJVK0c5g,time,14,14.9580,27,10173.20,9843,20913.78603385158,0.4864352648636255,confirmed,0.15009096883093292,15,14,none,0
--bqgsljOzA,UCMrvLMUITAImCHMOhX88PYQ,heldout,14,13.8750,30,53981.08,59192,91534.15638489649,0.5897369682962734,confirmed,,15,15,none,0
TnGji_u53UQ,UClozNP-QPyVatzpGKC25s0A,time,1,0.9577,28,80250.69,73511,59595.0441191575,1.3466001366961489,early,,15,13,none,0
TnGji_u53UQ,UClozNP-QPyVatzpGKC25s0A,time,2,1.9577,28,73828.01,73511,60069.595308887845,1.229041304204431,early,0.5925253600366882,15,13,none,0
TnGji_u53UQ,UClozNP-QPyVatzpGKC25s0A,time,3,2.9577,28,65070.62,73511,60501.069879178714,1.0755284032161496,early,0.46181823343783435,15,13,none,0
TnGji_u53UQ,UClozNP-QPyVatzpGKC25s0A,time,5,4.9577,28,66590.52,73511,60981.97857192391,1.0919704029778696,likely,0.3917538436605056,15,13,none,0
TnGji_u53UQ,UClozNP-QPyVatzpGKC25s0A,time,7,7.9577,28,71721.32,73511,61923.99999999998,1.1582152983958425,confirmed,0.3456211346195749,15,12,none,0
TnGji_u53UQ,UClozNP-QPyVatzpGKC25s0A,time,14,15.9577,28,78741.98,73511,61923.99999999998,1.271590585342947,confirmed,0.31019075358462245,15,12,none,0
8jMVUrVXE5I,UC1AK451J7bKkJRq2qkJEv4w,time,0.5,0.5831,29,308.60,364,198,1.558573992524996,early,,12,7,none,0
8jMVUrVXE5I,UC1AK451J7bKkJRq2qkJEv4w,time,1,0.5831,29,308.60,364,198,1.558573992524996,early,,12,7,none,0
8jMVUrVXE5I,UC1AK451J7bKkJRq2qkJEv4w,time,2,1.5831,29,233.46,364,198,1.1791075896580483,early,0.6751684091526956,12,7,none,0
8jMVUrVXE5I,UC1AK451J7bKkJRq2qkJEv4w,time,3,2.5831,29,214.28,364,198,1.0822016175878018,early,0.6354244055631983,12,7,none,0
8jMVUrVXE5I,UC1AK451J7bKkJRq2qkJEv4w,time,5,4.5831,29,283.72,364,198,1.4329157333532172,likely,0.6315111352917163,12,6,none,0
8jMVUrVXE5I,UC1AK451J7bKkJRq2qkJEv4w,time,7,6.5831,29,307.12,364,198,1.5510873870396615,likely,0.570272461621927,12,5,none,0
8jMVUrVXE5I,UC1AK451J7bKkJRq2qkJEv4w,time,14,13.5831,29,357.66,364,198,1.8063590300516896,confirmed,0.494765471283767,12,5,none,0
HNTPo3EoBio,UCmH99cCLXOXzaEFJKyGJXTw,time,5,5.8773,29,293.71,268,1704.6277797258754,0.17229922882075188,likely,,12,12,none,0
HNTPo3EoBio,UCmH99cCLXOXzaEFJKyGJXTw,time,7,6.8773,29,272.69,268,1443.9555471470424,0.1888509123463187,likely,0.3006954912012448,15,14,none,0
HNTPo3EoBio,UCmH99cCLXOXzaEFJKyGJXTw,time,14,13.8773,29,264.14,268,1434.506845609351,0.18413312083032315,confirmed,0.15264613631441115,15,12,none,0
BzXqHxy13iA,UC6BW8DqrAmBEIeCtMa4bfBw,time,14,14.2629,29,2225.66,2101,3832.5678603617457,0.580722422293959,confirmed,,15,15,none,0
jlSnIXTyo1w,UCEtxsMx4qsoitFwjBdLU_gA,time,5,4.8092,27,421.52,364,513.5917455525706,0.8207347140950106,likely,,3,3,none,0
jlSnIXTyo1w,UCEtxsMx4qsoitFwjBdLU_gA,time,7,7.8092,27,359.48,364,473.7950755377548,0.7587303136190768,confirmed,0.12822721615398364,3,3,none,0
jlSnIXTyo1w,UCEtxsMx4qsoitFwjBdLU_gA,time,14,12.8092,27,355.44,364,453.0354422185586,0.7845806184659402,confirmed,0.1201874555196194,3,3,none,0
oK0K65dF9hE,UCI8gcSTo1FowsRJdilsjsZw,time,1,0.9260,29,29840.46,34711,36328.12431152464,0.8214148002949717,early,,14,14,none,0
oK0K65dF9hE,UCI8gcSTo1FowsRJdilsjsZw,time,2,1.9260,29,27638.60,34711,35478.46996172382,0.7790244720274946,early,0.6008392025641305,15,15,none,0
oK0K65dF9hE,UCI8gcSTo1FowsRJdilsjsZw,time,3,2.9260,29,24219.55,34711,35077.58349207586,0.6904566492610135,early,0.4578189679845896,15,15,none,0
oK0K65dF9hE,UCI8gcSTo1FowsRJdilsjsZw,time,5,4.9260,29,28025.35,34711,34978.981409742984,0.8012055006460237,likely,0.43367764800574465,15,15,none,0
oK0K65dF9hE,UCI8gcSTo1FowsRJdilsjsZw,time,7,6.9260,29,28627.40,34711,34474.79817091201,0.8303861904657367,likely,0.4216191991497639,15,15,none,0
oK0K65dF9hE,UCI8gcSTo1FowsRJdilsjsZw,time,14,14.9260,29,36442.25,34711,34757.0558880391,1.048485048658689,confirmed,0.4351638647406399,15,15,none,0
Y2nzTuUvslo,UCDAbrXOj2yIrzj8QE4jC-Og,time,5,6.8327,29,2985.76,2969,,,insufficient,,0,0,none,0
Y2nzTuUvslo,UCDAbrXOj2yIrzj8QE4jC-Og,time,7,6.8327,29,2985.76,2969,,,insufficient,,0,0,none,0
Y2nzTuUvslo,UCDAbrXOj2yIrzj8QE4jC-Og,time,14,13.8327,29,2921.85,2969,,,insufficient,0.19652397795731746,0,0,none,0
Ak0TudcBVqU,UCNh7tqEn68tf0oOfq4NsFsg,time,2,2.7081,28,540.66,599,,,insufficient,,0,0,none,0
Ak0TudcBVqU,UCNh7tqEn68tf0oOfq4NsFsg,time,3,2.7081,28,540.66,599,,,insufficient,,0,0,none,0
Ak0TudcBVqU,UCNh7tqEn68tf0oOfq4NsFsg,time,5,4.7081,28,432.17,599,781.5997684313106,0.5529237065239423,likely,0.24492740545778882,12,12,none,0
Ak0TudcBVqU,UCNh7tqEn68tf0oOfq4NsFsg,time,7,6.7081,28,493.27,599,825.8808565228713,0.5972654630490754,likely,0.24179005056564104,15,15,none,0
Ak0TudcBVqU,UCNh7tqEn68tf0oOfq4NsFsg,time,14,13.7081,28,481.54,599,820.1742226588515,0.587118649888254,confirmed,0.18992013705015126,15,15,none,0
IQ4oQw0UfC4,UCbQUXtMwQM9QWQ15yDDN1BA,time,5,5.0412,27,5718.61,6553,5446.128991216181,1.0500324181732104,likely,0.7470966177204172,15,14,none,0
IQ4oQw0UfC4,UCbQUXtMwQM9QWQ15yDDN1BA,time,7,7.0412,27,5990.52,6553,5531.891276988198,1.082905571082165,confirmed,0.637041772004671,15,14,none,0
IQ4oQw0UfC4,UCbQUXtMwQM9QWQ15yDDN1BA,time,14,12.0412,27,6036.10,6553,5588.3030487306605,1.080131581647733,confirmed,0.4925035948806169,15,13,none,0
Gvmr8lEUDyI,UCUpbDOT-OVNBlaQpb9pbd2w,time,3,3.4446,27,30094.75,20005,30400.82872940285,0.9899320129866579,likely,,15,15,none,0
Gvmr8lEUDyI,UCUpbDOT-OVNBlaQpb9pbd2w,time,5,5.4446,27,22089.45,20005,28186.911837172796,0.7836775144125826,likely,0.05487818494335951,15,15,none,0
Gvmr8lEUDyI,UCUpbDOT-OVNBlaQpb9pbd2w,time,7,7.4446,27,21438.14,20005,26685.985855505347,0.8033482583297198,confirmed,0.042109021108471284,15,15,none,0
Gvmr8lEUDyI,UCUpbDOT-OVNBlaQpb9pbd2w,time,14,15.4446,27,20517.52,20005,23819.44751898636,0.8613769858503013,confirmed,0.03448574488195714,15,15,none,0
VjonF-qVnlU,UCYzz2SkhAaM0FDKuGk-IPZg,heldout,14,14.1121,31,91095.70,87311,10905.803419956857,8.35295617225037,confirmed,,15,15,none,0
ekspSM3gGhc,UC0COu43Li7CUL2jseBpH9kQ,time,5,5.5438,27,50.31,53,,,insufficient,,0,0,none,0
ekspSM3gGhc,UC0COu43Li7CUL2jseBpH9kQ,time,7,6.5438,27,41.77,53,,,insufficient,0.18753007900882118,0,0,none,0
ekspSM3gGhc,UC0COu43Li7CUL2jseBpH9kQ,time,14,13.5438,27,53.73,53,,,insufficient,0.3259054319612247,0,0,none,0
1XNzw_yWzBM,UCSiKFGDpfCICQDfmxxjDvsg,time,7,7.6168,27,8537.93,8421,19770.260823134617,0.43185744266114123,confirmed,,15,15,none,0
1XNzw_yWzBM,UCSiKFGDpfCICQDfmxxjDvsg,time,14,12.6168,27,8090.52,8421,19936.764385848423,0.40580893789049216,confirmed,0.2038869485562333,15,15,none,0
565DJot1eIk,UC5lBPQsMMJEE5PTJMzf_sug,heldout,0.5,0.2896,31,2373.72,16155,4485.211940288702,0.5292314787376523,early,,13,13,none,0
565DJot1eIk,UC5lBPQsMMJEE5PTJMzf_sug,heldout,1,0.2896,31,2373.72,16155,4485.211940288702,0.5292314787376523,early,,13,13,none,0
565DJot1eIk,UC5lBPQsMMJEE5PTJMzf_sug,heldout,14,14.2896,31,9491.22,16155,8323.533625832804,1.1402876919410063,confirmed,1.0320396559216198,15,13,none,0
fqaDF7EUzw4,UCWyL3FzhX0CaxgkOMTQMa0A,time,14,13.7909,28,14254.91,14386,16143.999999999998,0.8829850472566033,confirmed,0.09349603555710204,15,14,none,0
qoo6D4fviOM,UC2zZkTwX2DtWeBCMdhk6AQQ,time,5,6.8026,27,8179.04,55210,,,insufficient,,0,0,none,0
qoo6D4fviOM,UC2zZkTwX2DtWeBCMdhk6AQQ,time,7,6.8026,27,8179.04,55210,,,insufficient,,0,0,none,0
qoo6D4fviOM,UC2zZkTwX2DtWeBCMdhk6AQQ,time,14,12.8026,27,31862.40,55210,,,insufficient,2.3742341373340063,0,0,none,0
_R0xPffklXQ,UCMOqf8ab-42UUQIdVoKwjlQ,time,1,0.9576,30,906661.69,841233,920615.0000000002,0.9848434945606173,early,,15,13,none,0
_R0xPffklXQ,UCMOqf8ab-42UUQIdVoKwjlQ,time,2,1.9576,30,850000.11,841233,920615.0000000002,0.9232959598656798,early,0.6382703935650051,15,13,none,0
_R0xPffklXQ,UCMOqf8ab-42UUQIdVoKwjlQ,time,3,2.9576,30,887175.77,841233,920615.0000000002,0.9636772940010477,early,0.5192065928444513,15,13,none,0
_R0xPffklXQ,UCMOqf8ab-42UUQIdVoKwjlQ,time,5,4.9576,30,852495.80,841233,920615.0000000002,0.926006852860068,likely,0.42119649413995225,15,13,none,0
_R0xPffklXQ,UCMOqf8ab-42UUQIdVoKwjlQ,time,7,6.9576,30,811863.37,841233,920615.0000000002,0.8818706745962606,likely,0.3761637497197774,15,13,none,0
_R0xPffklXQ,UCMOqf8ab-42UUQIdVoKwjlQ,time,14,13.9576,30,881839.08,841233,920615.0000000002,0.9578804130327411,confirmed,0.3399930125072674,15,12,none,0
2Fn5cwmern8,UCLMv-CaznZ3x7LDn-1fjmVA,time,5,7.0000,27,2605.46,2787,2603.4382697295373,1.0007747048263824,likely,,15,15,none,0
2Fn5cwmern8,UCLMv-CaznZ3x7LDn-1fjmVA,time,7,7.0000,27,2605.46,2787,2603.4382697295373,1.0007747048263824,likely,,15,15,none,0
2Fn5cwmern8,UCLMv-CaznZ3x7LDn-1fjmVA,time,14,15.0000,27,2849.89,2787,2816.008987003979,1.0120320926562714,confirmed,0.29929752462893916,15,13,none,0
AQF4eteGhck,UC1usuCeFHj1tQikOJ00SWyA,time,2,2.3332,29,2771.96,2811,1307.8892864338113,2.1194166628910405,early,,15,15,none,0
AQF4eteGhck,UC1usuCeFHj1tQikOJ00SWyA,time,3,3.3332,29,2276.69,2811,1307.8892864338113,1.7407369508315973,likely,0.3369853270150382,15,15,none,0
AQF4eteGhck,UC1usuCeFHj1tQikOJ00SWyA,time,5,5.3332,29,2255.28,2811,1314.8726099522726,1.7152044802431594,likely,0.2598557103552483,15,15,none,0
AQF4eteGhck,UC1usuCeFHj1tQikOJ00SWyA,time,7,7.3332,29,2348.79,2811,1314.8726099522726,1.786325042490513,confirmed,0.2927637025640874,15,15,none,0
AQF4eteGhck,UC1usuCeFHj1tQikOJ00SWyA,time,14,14.3332,29,2530.87,2811,1348.599462005414,1.8766682307917366,confirmed,0.27679558040077473,15,15,none,0
nnsv1JFqd48,UCtW1WA-bJ4s6l-ZCCT35QBg,heldout,2,2.9661,31,6949.33,7385,6146.000000000002,1.130708396439978,early,,15,11,none,0
nnsv1JFqd48,UCtW1WA-bJ4s6l-ZCCT35QBg,heldout,3,2.9661,31,6949.33,7385,6146.000000000002,1.130708396439978,early,,15,11,none,0
nnsv1JFqd48,UCtW1WA-bJ4s6l-ZCCT35QBg,heldout,5,5.9661,31,7019.56,7385,6146.000000000002,1.1421348447893924,likely,0.38681499924507956,15,11,none,0
nnsv1JFqd48,UCtW1WA-bJ4s6l-ZCCT35QBg,heldout,7,6.9661,31,7143.21,7385,6146.000000000002,1.1622542418986277,likely,0.3595166851614843,15,11,none,0
nnsv1JFqd48,UCtW1WA-bJ4s6l-ZCCT35QBg,heldout,14,13.9661,31,7016.06,7385,6146.000000000002,1.1415645144491733,confirmed,0.2898712997093531,15,9,none,0
7BBb7EP1SRY,UCq_2n18CJaRVGxEfxtCfI-Q,heldout,5,4.5178,28,114270.69,94699,120923.70350401795,0.9449817312140097,likely,,15,15,none,0
7BBb7EP1SRY,UCq_2n18CJaRVGxEfxtCfI-Q,time,5,4.5178,28,114270.69,94699,120923.70350401795,0.9449817312140097,likely,,15,15,none,0
7BBb7EP1SRY,UCq_2n18CJaRVGxEfxtCfI-Q,heldout,7,6.5178,28,96993.27,94699,119334.99256206791,0.8127814293595792,likely,0.15734705427683482,15,15,none,0
7BBb7EP1SRY,UCq_2n18CJaRVGxEfxtCfI-Q,time,7,6.5178,28,96993.27,94699,119334.99256206791,0.8127814293595792,likely,0.15734705427683482,15,15,none,0
7BBb7EP1SRY,UCq_2n18CJaRVGxEfxtCfI-Q,heldout,14,13.5178,28,95337.21,94699,113186.39082083208,0.8423027285331454,confirmed,0.09657696372369177,15,13,none,0
7BBb7EP1SRY,UCq_2n18CJaRVGxEfxtCfI-Q,time,14,13.5178,28,95337.21,94699,113186.39082083208,0.8423027285331454,confirmed,0.09657696372369177,15,13,none,0
kcCj7bp9dIE,UCBXQM4wXOpzZPcjXMqecArA,heldout,1,1.9160,31,1240.09,8838,7321.76752007044,0.16937008925013397,early,,15,13,none,0
kcCj7bp9dIE,UCBXQM4wXOpzZPcjXMqecArA,heldout,2,1.9160,31,1240.09,8838,7321.76752007044,0.16937008925013397,early,,15,13,none,0
kcCj7bp9dIE,UCBXQM4wXOpzZPcjXMqecArA,heldout,3,2.9160,31,1919.33,8838,7366.147515671747,0.26056130521102866,early,1.0251732968642477,15,11,none,0
kcCj7bp9dIE,UCBXQM4wXOpzZPcjXMqecArA,heldout,5,5.9160,31,5373.35,8838,7695.78195077818,0.6982197861783583,likely,1.699495998171247,15,10,none,0
kcCj7bp9dIE,UCBXQM4wXOpzZPcjXMqecArA,heldout,7,6.9160,31,5669.22,8838,7695.78195077818,0.7366655140283154,likely,1.6596380255798755,15,10,none,0
kcCj7bp9dIE,UCBXQM4wXOpzZPcjXMqecArA,heldout,14,13.9160,31,8547.93,8838,8416.52470573884,1.0156130849045906,confirmed,1.294663644502873,15,7,none,0
bWRuVIJr0-I,UCYO_YUHK7ZROCqJMtSOuOHQ,time,0.5,0.7332,29,448.69,7629,867.606967027682,0.517161167707805,early,,15,13,none,0
bWRuVIJr0-I,UCYO_YUHK7ZROCqJMtSOuOHQ,time,1,0.7332,29,448.69,7629,867.606967027682,0.517161167707805,early,,15,13,none,0
bWRuVIJr0-I,UCYO_YUHK7ZROCqJMtSOuOHQ,time,2,1.7332,29,373.54,7629,878.0728508678396,0.42541035636676583,early,0.5386896462114328,15,13,none,0
bWRuVIJr0-I,UCYO_YUHK7ZROCqJMtSOuOHQ,time,3,2.7332,29,319.21,7629,882.8977313634093,0.361553639867284,early,0.3845274512715876,15,12,none,0
bWRuVIJr0-I,UCYO_YUHK7ZROCqJMtSOuOHQ,time,5,4.7332,29,425.11,7629,869.934520366668,0.4886679333315791,likely,0.4989874885439563,15,11,none,0
bWRuVIJr0-I,UCYO_YUHK7ZROCqJMtSOuOHQ,time,7,6.7332,29,1978.85,7629,1877.812319840511,1.053804426667992,likely,1.3184106745872144,15,11,none,0
bWRuVIJr0-I,UCYO_YUHK7ZROCqJMtSOuOHQ,time,14,13.7332,29,6829.43,7629,2612.7528179565134,2.613882608764803,confirmed,1.5475163590354906,15,9,none,0
dXPmeqvpCWQ,UCAXUwGU47XVY-0lH9qhUr1Q,heldout,0.5,0.6664,30,89972.17,56676,77057.8984032074,1.1675917338435966,early,,14,11,none,0
dXPmeqvpCWQ,UCAXUwGU47XVY-0lH9qhUr1Q,heldout,1,0.6664,30,89972.17,56676,77057.8984032074,1.1675917338435966,early,,14,11,none,0
dXPmeqvpCWQ,UCAXUwGU47XVY-0lH9qhUr1Q,heldout,7,7.6664,30,61103.68,56676,77778.13715496557,0.7856151598310415,confirmed,0.24094436905562513,15,11,none,0
dXPmeqvpCWQ,UCAXUwGU47XVY-0lH9qhUr1Q,heldout,14,13.6664,30,57514.09,56676,76794.07296177588,0.7489391492383561,confirmed,0.20486017630982947,15,10,none,0
SY2iM_XZM3Y,UC675NhQ4EU5TzwCMwYp5XCw,time,5,4.9452,27,4468.14,3747,,,insufficient,,1,1,none,0
SY2iM_XZM3Y,UC675NhQ4EU5TzwCMwYp5XCw,time,7,6.9452,27,3782.81,3747,,,insufficient,0.15894311812873732,1,1,none,0
SY2iM_XZM3Y,UC675NhQ4EU5TzwCMwYp5XCw,time,14,12.9452,27,3750.75,3747,,,insufficient,0.11678047284424764,1,1,none,0
VbqYiIrcyj8,UCLB2sZa0kqPmkw2Bes59ePA,heldout,7,7.7224,31,1370.10,1900,1667.0000000000002,0.82189513393313,confirmed,,15,12,none,0
VbqYiIrcyj8,UCLB2sZa0kqPmkw2Bes59ePA,heldout,14,13.7224,31,2001.19,1900,1667.0000000000002,1.2004740877366336,confirmed,0.4965972921185993,15,12,none,0
OmbfAWoTStM,UCDNHPNeWScAC8h8IxtEBtkQ,time,1,1.0827,27,92505.18,54122,72549.24499995372,1.275067476970823,early,1.0671087028626518,15,13,none,0
OmbfAWoTStM,UCDNHPNeWScAC8h8IxtEBtkQ,time,2,2.0827,27,86606.99,54122,71329.39991617997,1.2141836800163046,early,0.7641506081005934,15,12,none,0
OmbfAWoTStM,UCDNHPNeWScAC8h8IxtEBtkQ,time,3,3.0827,27,79333.49,54122,70188.55948896505,1.1302909569170252,likely,0.6441469597690266,15,12,none,0
OmbfAWoTStM,UCDNHPNeWScAC8h8IxtEBtkQ,time,5,5.0827,27,69021.28,54122,69112,0.9986873197489695,likely,0.5421701701185461,15,11,none,0
OmbfAWoTStM,UCDNHPNeWScAC8h8IxtEBtkQ,time,7,7.0827,27,63448.34,54122,69112,0.9180510042683213,confirmed,0.47713845515631514,15,10,none,0
OmbfAWoTStM,UCDNHPNeWScAC8h8IxtEBtkQ,time,14,15.0827,27,58734.21,54122,69112,0.8498410361569301,confirmed,0.374553224786271,15,7,none,0
hgpodyPrvC4,UCq3o7OGsNqJ8bap2b18p6VA,heldout,1,0.0103,30,3527.56,501,738.0876146573155,4.779327782562174,early,,15,14,none,0
hgpodyPrvC4,UCq3o7OGsNqJ8bap2b18p6VA,heldout,14,15.0103,30,516.67,501,812.1761338858962,0.6361513856521641,confirmed,0.7597713000845998,15,14,none,0
QbEPCbNW_dY,UCPfe6kkX-LqgAovxwxHQXdQ,time,14,12.5830,27,520.95,503,895.9999999999999,0.5814127991345815,confirmed,,15,14,none,0
u2a_FQa0f_8,UC3_BakzLfadvFrsnClMFWmQ,time,1,1.0898,29,1521.91,651,767.7143756490318,1.9823896299618822,early,0.32227183965383405,15,15,none,0
u2a_FQa0f_8,UC3_BakzLfadvFrsnClMFWmQ,time,2,2.0898,29,930.19,651,755.9141324403588,1.2305447364669253,early,0.21337675680657572,15,15,none,0
u2a_FQa0f_8,UC3_BakzLfadvFrsnClMFWmQ,time,3,3.0898,29,799.74,651,746.0564571223837,1.0719550188149904,likely,0.1693148373580384,15,15,none,0
u2a_FQa0f_8,UC3_BakzLfadvFrsnClMFWmQ,time,5,5.0898,29,733.20,651,733.1585181505434,1.000054137290098,likely,0.13013877011766542,15,15,none,0
u2a_FQa0f_8,UC3_BakzLfadvFrsnClMFWmQ,time,7,7.0898,29,711.27,651,722.0791197664648,0.9850305943123304,confirmed,0.11479601303497887,15,15,none,0
u2a_FQa0f_8,UC3_BakzLfadvFrsnClMFWmQ,time,14,14.0898,29,621.30,651,692.2757644342612,0.89748056033393,confirmed,0.08873886769514851,15,11,none,0
Xj9vnLxzueo,UCDnwlb3IQDPJtFysPUJbDFQ,time,5,5.9992,27,46379.72,58756,,,insufficient,,0,0,none,0
Xj9vnLxzueo,UCDnwlb3IQDPJtFysPUJbDFQ,time,7,6.9992,27,45466.97,58756,,,insufficient,0.37235752297831964,0,0,none,0
Xj9vnLxzueo,UCDnwlb3IQDPJtFysPUJbDFQ,time,14,14.9992,27,56709.90,58756,30071.110412897302,1.8858599582966478,confirmed,0.4259463126949632,15,14,none,0
V6LAU6acHh0,UCBXQM4wXOpzZPcjXMqecArA,time,0.5,0.7079,27,14814.82,14367,6158.992181151134,2.405397081884431,early,,15,11,none,0
V6LAU6acHh0,UCBXQM4wXOpzZPcjXMqecArA,time,1,0.7079,27,14814.82,14367,6158.992181151134,2.405397081884431,early,,15,11,none,0
V6LAU6acHh0,UCBXQM4wXOpzZPcjXMqecArA,time,2,1.7079,27,17227.59,14367,6141.689400767724,2.805023821698535,early,0.9090658772272431,15,11,none,0
V6LAU6acHh0,UCBXQM4wXOpzZPcjXMqecArA,time,3,2.7079,27,16318.62,14367,6321.2845120873935,2.5815346769144725,early,0.6552126959204561,15,10,none,0
V6LAU6acHh0,UCBXQM4wXOpzZPcjXMqecArA,time,5,4.7079,27,17191.43,14367,6505.272386553963,2.6426916423543307,likely,0.5083322255428296,15,9,none,0
V6LAU6acHh0,UCBXQM4wXOpzZPcjXMqecArA,time,7,7.7079,27,18047.42,14367,7021.285556720854,2.570387498592941,confirmed,0.43766144985799277,15,8,none,0
V6LAU6acHh0,UCBXQM4wXOpzZPcjXMqecArA,time,14,12.7079,27,16997.29,14367,7902.788526424656,2.150796746633141,confirmed,0.38289674825431824,15,6,none,0
wmnIc2Qtd3o,UCQVakLjtBUGlQOThqRZ7uhw,time,14,13.7792,29,7306.07,7119,2950.3116628921493,2.4763705949486554,confirmed,0.24884788409971134,15,12,none,0
Yk75K20y_1k,UCUpbDOT-OVNBlaQpb9pbd2w,time,3,3.9628,28,71128.01,66269,31633.82171793968,2.2484797984824447,likely,,15,15,none,0
Yk75K20y_1k,UCUpbDOT-OVNBlaQpb9pbd2w,time,5,4.9628,28,60627.11,66269,30831.409816368894,1.9664072910061212,likely,0.26196092306355545,15,15,none,0
Yk75K20y_1k,UCUpbDOT-OVNBlaQpb9pbd2w,time,7,7.9628,28,55942.98,66269,28764.028157256987,1.9448938499226018,confirmed,0.21325567902921133,15,15,none,0
Yk75K20y_1k,UCUpbDOT-OVNBlaQpb9pbd2w,time,14,12.9628,28,67413.48,66269,26678.909108269676,2.526845352119578,confirmed,0.2847165258425396,15,15,none,0
g8aK5P-FtZE,UCAv4LHSCXRoegzvAbwbZGoA,time,5,4.9159,27,2153.84,2411,,,insufficient,,0,0,none,0
g8aK5P-FtZE,UCAv4LHSCXRoegzvAbwbZGoA,time,7,6.9159,27,2220.84,2411,,,insufficient,0.344171977574471,0,0,none,0
g8aK5P-FtZE,UCAv4LHSCXRoegzvAbwbZGoA,time,14,15.9159,27,2418.94,2411,,,insufficient,0.2956532504489649,0,0,none,0
-fwguGQLIgE,UCBhPkAuGks2UkizNMbtW6uw,time,5,5.3283,27,74.70,72,100.49904683273428,0.7433262773384192,likely,0.308780906475061,5,5,none,0
-fwguGQLIgE,UCBhPkAuGks2UkizNMbtW6uw,time,7,7.3283,27,81.17,72,94.89375422214036,0.8554081721642592,confirmed,0.33932257454738357,5,5,none,0
-fwguGQLIgE,UCBhPkAuGks2UkizNMbtW6uw,time,14,15.3283,27,73.92,72,90.80978717833781,0.8139627310932236,confirmed,0.1894646526717163,5,5,none,0
BdrqCvjZebQ,UCNq_6MwbXuGnrHqQVkRJIYQ,heldout,2,2.3848,31,10270.48,8863,,,insufficient,,1,1,none,0
BdrqCvjZebQ,UCNq_6MwbXuGnrHqQVkRJIYQ,heldout,3,3.3848,31,10321.61,8863,,,insufficient,0.551152995350039,2,2,none,0
BdrqCvjZebQ,UCNq_6MwbXuGnrHqQVkRJIYQ,heldout,5,5.3848,31,9752.58,8863,5129.923404452687,1.901116968803544,likely,0.39224170072676606,8,8,none,0
BdrqCvjZebQ,UCNq_6MwbXuGnrHqQVkRJIYQ,heldout,7,7.3848,31,9805.43,8863,5221.392794402396,1.8779341407481958,confirmed,0.37715954369124866,15,14,none,0
BdrqCvjZebQ,UCNq_6MwbXuGnrHqQVkRJIYQ,heldout,14,14.3848,31,9264.95,8863,6274.000000000004,1.4767207000438767,confirmed,0.2710371203910332,15,12,none,0
9na5zfZZK9s,UCLo67YCh8z836Mgl8-3-Zfw,time,14,14.1306,29,330.30,333,113.3666606989432,2.9135712933630016,confirmed,,15,15,none,0
qnd4_iC3iyE,UCPCPE5MoI7DS1WiVB_-mzNw,time,5,6.8000,28,7098.57,5675,4347.59243009135,1.6327598957081548,likely,,15,15,none,0
qnd4_iC3iyE,UCPCPE5MoI7DS1WiVB_-mzNw,time,7,6.8000,28,7098.57,5675,4347.59243009135,1.6327598957081548,likely,,15,15,none,0
qnd4_iC3iyE,UCPCPE5MoI7DS1WiVB_-mzNw,time,14,13.8000,28,5850.34,5675,4055.108669723742,1.4427087984153864,confirmed,0.006908874909490957,15,15,none,0
9ddgWQ8wQo0,UCpXipTyhIY9kprpvVd-lu0A,time,3,3.9270,27,25542.73,21357,59894.66243638268,0.4264608039245727,likely,,15,15,none,0
9ddgWQ8wQo0,UCpXipTyhIY9kprpvVd-lu0A,time,5,4.9270,27,19039.21,21357,59386.00233083956,0.3206009307923118,likely,0.19367711804973597,15,15,none,0
9ddgWQ8wQo0,UCpXipTyhIY9kprpvVd-lu0A,time,7,6.9270,27,22048.08,21357,58970.41504817513,0.37388380644416985,likely,0.25558644312596757,15,15,none,0
9ddgWQ8wQo0,UCpXipTyhIY9kprpvVd-lu0A,time,14,12.9270,27,21987.77,21357,57036.013710455154,0.38550680236122625,confirmed,0.21906378196469237,15,15,none,0
cA8X2AWeVIo,UCIw43VFoz08rP1e_dzqJXpw,time,1,0.7761,28,42.48,59,83.30755327003199,0.5099150576412693,early,,4,4,none,0
cA8X2AWeVIo,UCIw43VFoz08rP1e_dzqJXpw,time,2,2.7761,28,40.75,59,93.71769994112569,0.434766642807744,early,0.5916901579059876,4,4,none,0
cA8X2AWeVIo,UCIw43VFoz08rP1e_dzqJXpw,time,3,2.7761,28,40.75,59,93.71769994112569,0.434766642807744,early,0.5916901579059876,4,4,none,0
cA8X2AWeVIo,UCIw43VFoz08rP1e_dzqJXpw,time,5,4.7761,28,37.39,59,96.84542199037602,0.3860527929765296,likely,0.4436972642152054,4,4,none,0
cA8X2AWeVIo,UCIw43VFoz08rP1e_dzqJXpw,time,7,6.7761,28,35.51,59,104.01574574834638,0.34142081437691374,likely,0.3789855599831562,4,4,none,0
cA8X2AWeVIo,UCIw43VFoz08rP1e_dzqJXpw,time,14,13.7761,28,56.09,59,122.99999999999994,0.4560204508347574,confirmed,0.39570551843682156,4,3,none,0
NfQDie3cBo4,UCuuq3lB_aWH9-bUubni59Rg,time,14,13.8745,29,752.21,717,459.3706748655653,1.6374797104662635,confirmed,0.2724422771149299,15,14,none,0
zvfAco36cWc,UCmGyCEbHfY91NFwHgioNLMQ,time,7,8.9686,29,37671.43,31775,73043.66530834965,0.5157385121158822,confirmed,,15,15,none,0
zvfAco36cWc,UCmGyCEbHfY91NFwHgioNLMQ,time,14,13.9686,29,31849.33,31775,71010.54731721156,0.4485154919177888,confirmed,0.07363492194886549,15,15,none,0
OCluUTaAB9g,UCq6YaxJHA-t4bYBHHvaoZ8w,heldout,5,5.5830,31,8627.62,6898,9296.827847749375,0.9280171059490829,likely,,13,12,none,0
OCluUTaAB9g,UCq6YaxJHA-t4bYBHHvaoZ8w,heldout,7,5.5830,31,8627.62,6898,9296.827847749375,0.9280171059490829,likely,,13,12,none,0
hJ-rRXWhElI,UCJVXj8BvHykEklEeKjFwaXQ,heldout,1,1.9791,30,1140467.98,1212819,,,insufficient,,3,3,none,0
hJ-rRXWhElI,UCJVXj8BvHykEklEeKjFwaXQ,heldout,2,1.9791,30,1140467.98,1212819,,,insufficient,,3,3,none,0
hJ-rRXWhElI,UCJVXj8BvHykEklEeKjFwaXQ,heldout,3,2.9791,30,1690767.62,1212819,,,insufficient,0.8956508455376436,4,4,none,0
hJ-rRXWhElI,UCJVXj8BvHykEklEeKjFwaXQ,heldout,5,4.9791,30,1416191.62,1212819,59009.13900481343,23.999530374200315,likely,0.5850518532625706,9,9,none,0
hJ-rRXWhElI,UCJVXj8BvHykEklEeKjFwaXQ,heldout,7,6.9791,30,1349748.69,1212819,59279.51403190546,22.76922662412992,likely,0.4824721469841248,15,15,none,0
hJ-rRXWhElI,UCJVXj8BvHykEklEeKjFwaXQ,heldout,14,13.9791,30,1251352.00,1212819,64264,19.472052725652322,confirmed,0.3484204520524728,15,14,none,0
beVRNv-PkFQ,UCVaQfAPPHqD8vV_ywkaYXMQ,time,3,3.8342,29,3075.91,3270,,,insufficient,,0,0,none,0
beVRNv-PkFQ,UCVaQfAPPHqD8vV_ywkaYXMQ,time,5,4.8342,29,2271.43,3270,491.02794817219797,4.625871291421763,likely,0.1406829765630271,15,11,none,0
beVRNv-PkFQ,UCVaQfAPPHqD8vV_ywkaYXMQ,time,7,6.8342,29,2660.27,3270,491.02794817219797,5.417746813181426,likely,0.25579817772402086,15,10,none,0
beVRNv-PkFQ,UCVaQfAPPHqD8vV_ywkaYXMQ,time,14,14.8342,29,3170.03,3270,484.2181904810279,6.546694429038565,confirmed,0.31884640255441954,15,10,none,0
LcEs7wVCG0c,UCBI1lCGZBXGl54w_25hUsTg,heldout,7,7.2090,30,4726.09,3980,4226.593035386283,1.1181787767466695,confirmed,,15,14,none,0
gp-61iLh08w,UCpXipTyhIY9kprpvVd-lu0A,heldout,14,14.9270,31,19937.86,19925,55210.60000288997,0.3611238201508251,confirmed,0.060798537066584536,15,14,none,0
xtwQWnIobTU,UChpleBmo18P08aKCIgti38g,time,0.5,0.3038,28,85974.02,91569,95247.44411048523,0.9026385925045696,early,,14,9,none,0
xtwQWnIobTU,UChpleBmo18P08aKCIgti38g,time,1,0.3038,28,85974.02,91569,95247.44411048523,0.9026385925045696,early,,14,9,none,0
xtwQWnIobTU,UChpleBmo18P08aKCIgti38g,time,2,2.3038,28,90704.05,91569,96840.99999999996,0.9366286215314906,early,0.8016056846223243,15,9,none,0
xtwQWnIobTU,UChpleBmo18P08aKCIgti38g,time,3,3.3038,28,88037.46,91569,96840.99999999996,0.9090928368489226,likely,0.7208306459158182,15,9,none,0
xtwQWnIobTU,UChpleBmo18P08aKCIgti38g,time,5,5.3038,28,93815.65,91569,96840.99999999996,0.9687596123657986,likely,0.6362436561662246,15,8,none,0
xtwQWnIobTU,UChpleBmo18P08aKCIgti38g,time,7,7.3038,28,81387.20,91569,96840.99999999996,0.8404209378611786,confirmed,0.5935381791270847,15,8,none,0
xtwQWnIobTU,UChpleBmo18P08aKCIgti38g,time,14,13.3038,28,90776.98,91569,96840.99999999996,0.9373816813084276,confirmed,0.5226654302502413,15,6,none,0
dxu6hxfKAI8,UCVKFs0cesQUEGtn8gQmhbHw,heldout,1,1.7563,30,52816.92,45811,65957.72190126727,0.8007692907411359,early,,15,13,none,0
dxu6hxfKAI8,UCVKFs0cesQUEGtn8gQmhbHw,heldout,2,1.7563,30,52816.92,45811,65957.72190126727,0.8007692907411359,early,,15,13,none,0
dxu6hxfKAI8,UCVKFs0cesQUEGtn8gQmhbHw,heldout,3,2.7563,30,54698.16,45811,65957.72190126727,0.8292912327250894,early,0.5579039748044718,15,13,none,0
dxu6hxfKAI8,UCVKFs0cesQUEGtn8gQmhbHw,heldout,5,4.7563,30,48070.47,45811,64101.560338709496,0.7499110318176888,likely,0.37875173654777666,15,13,none,0
dxu6hxfKAI8,UCVKFs0cesQUEGtn8gQmhbHw,heldout,7,6.7563,30,48043.54,45811,63681.52469500125,0.754434501767094,likely,0.32784712428861323,15,13,none,0
dxu6hxfKAI8,UCVKFs0cesQUEGtn8gQmhbHw,heldout,14,13.7563,30,47824.11,45811,61430.99999999996,0.77850131378197,confirmed,0.2587155495408163,15,12,none,0
rLmPiedNaTI,UCySH3WVP-5d4aJIfn8-WoPA,heldout,2,2.8933,27,117304.69,113948,110593.02916229505,1.0606879302253152,early,,3,3,none,0
rLmPiedNaTI,UCySH3WVP-5d4aJIfn8-WoPA,time,2,2.8933,27,117304.69,113948,110593.02916229505,1.0606879302253152,early,,3,3,none,0
rLmPiedNaTI,UCySH3WVP-5d4aJIfn8-WoPA,heldout,3,2.8933,27,117304.69,113948,110593.02916229505,1.0606879302253152,early,,3,3,none,0
rLmPiedNaTI,UCySH3WVP-5d4aJIfn8-WoPA,time,3,2.8933,27,117304.69,113948,110593.02916229505,1.0606879302253152,early,,3,3,none,0
rLmPiedNaTI,UCySH3WVP-5d4aJIfn8-WoPA,heldout,5,4.8933,27,197067.56,113948,111365.99999999997,1.7695486619308456,likely,0.8562841973105685,15,14,none,0
rLmPiedNaTI,UCySH3WVP-5d4aJIfn8-WoPA,time,5,4.8933,27,197067.56,113948,111365.99999999997,1.7695486619308456,likely,0.8562841973105685,15,14,none,0
rLmPiedNaTI,UCySH3WVP-5d4aJIfn8-WoPA,heldout,7,6.8933,27,154422.65,113948,111365.99999999997,1.3866229003429598,likely,0.5893363096555302,15,14,none,0
rLmPiedNaTI,UCySH3WVP-5d4aJIfn8-WoPA,time,7,6.8933,27,154422.65,113948,111365.99999999997,1.3866229003429598,likely,0.5893363096555302,15,14,none,0
rLmPiedNaTI,UCySH3WVP-5d4aJIfn8-WoPA,heldout,14,12.8933,27,132255.30,113948,110020.52492001247,1.2020965989998569,confirmed,0.33378954643007386,15,13,none,0
rLmPiedNaTI,UCySH3WVP-5d4aJIfn8-WoPA,time,14,12.8933,27,132255.30,113948,110020.52492001247,1.2020965989998569,confirmed,0.33378954643007386,15,13,none,0
2H5xTcswgt4,UCLFgO1aEI66fh06p6u6-juw,time,0.5,0.7302,27,7457.86,8142,10377.306431283507,0.7186696945999204,early,,14,14,none,0
2H5xTcswgt4,UCLFgO1aEI66fh06p6u6-juw,time,1,0.7302,27,7457.86,8142,10377.306431283507,0.7186696945999204,early,,14,14,none,0
2H5xTcswgt4,UCLFgO1aEI66fh06p6u6-juw,time,2,2.7302,27,7031.01,8142,10308.94519031722,0.6820304091430677,early,0.5584724796494611,15,15,none,0
2H5xTcswgt4,UCLFgO1aEI66fh06p6u6-juw,time,3,2.7302,27,7031.01,8142,10308.94519031722,0.6820304091430677,early,0.5584724796494611,15,15,none,0
2H5xTcswgt4,UCLFgO1aEI66fh06p6u6-juw,time,5,4.7302,27,7123.00,8142,10277.659568918236,0.6930566933040357,likely,0.5052110875027955,15,15,none,0
2H5xTcswgt4,UCLFgO1aEI66fh06p6u6-juw,time,7,7.7302,27,7650.55,8142,10494.860451339839,0.7289801695303425,confirmed,0.472178003979238,15,15,none,0
2H5xTcswgt4,UCLFgO1aEI66fh06p6u6-juw,time,14,13.7302,27,8512.95,8142,11541.491326144382,0.7375949518532836,confirmed,0.4254049107774444,15,14,none,0
5Uxx3qPjIOg,UCqLbTAc5Mn2cJDu1-FZ2W3g,time,1,1.0415,27,69798.97,49761,100857.98193167629,0.6920520423208774,early,1.5282487541254475,15,11,none,0
5Uxx3qPjIOg,UCqLbTAc5Mn2cJDu1-FZ2W3g,time,2,2.0415,27,79018.16,49761,100365.53098895203,0.7873038047074891,early,1.1334081454851066,15,10,none,0
5Uxx3qPjIOg,UCqLbTAc5Mn2cJDu1-FZ2W3g,time,3,3.0415,27,75850.49,49761,99523.17724194484,0.7621389489115331,likely,0.9367506977877472,15,10,none,0
5Uxx3qPjIOg,UCqLbTAc5Mn2cJDu1-FZ2W3g,time,5,5.0415,27,75353.86,49761,99039.15149301238,0.7608492505371478,likely,0.7713854469383369,15,10,none,0
5Uxx3qPjIOg,UCqLbTAc5Mn2cJDu1-FZ2W3g,time,7,7.0415,27,68317.49,49761,97929.71002749057,0.6976176063952809,confirmed,0.6820932070315167,15,10,none,0
5Uxx3qPjIOg,UCqLbTAc5Mn2cJDu1-FZ2W3g,time,14,15.0415,27,58884.93,49761,98553.78183140128,0.5974902805287559,confirmed,0.5447637065946962,15,8,none,0
_YeH0nwcoPM,UC6y_DbpezOinlzHv8O092zw,time,14,13.8604,28,82792.69,87150,62158.14870084665,1.3319684647394912,confirmed,0.359361834184744,15,15,none,0
NeC2f0FIS_Y,UCgdHSFcXvkN6O3NXvif0-pA,time,5,6.9481,29,1439.36,1377,,,insufficient,,0,0,none,0
NeC2f0FIS_Y,UCgdHSFcXvkN6O3NXvif0-pA,time,7,6.9481,29,1439.36,1377,,,insufficient,,0,0,none,0
NeC2f0FIS_Y,UCgdHSFcXvkN6O3NXvif0-pA,time,14,13.9481,29,1388.09,1377,,,insufficient,0.1755034350318372,0,0,none,0
aWwMLpA5Gas,UCS7BAYpqOSaYy-pZp6oO4PA,time,7,7.8006,27,22902.57,18269,14009.425624673475,1.6347970695149998,confirmed,,15,15,none,0
aWwMLpA5Gas,UCS7BAYpqOSaYy-pZp6oO4PA,time,14,12.8006,27,18815.74,18269,13397.720953420536,1.404398413069967,confirmed,0.0028091963878159455,15,15,none,0
kTAZhXttzeo,UCmGyCEbHfY91NFwHgioNLMQ,time,7,8.9784,28,10245.52,8664,116326.26364169401,0.08807573470549403,confirmed,,15,15,none,0
kTAZhXttzeo,UCmGyCEbHfY91NFwHgioNLMQ,time,14,13.9784,28,8703.18,8664,112993.4578563568,0.07702377745839846,confirmed,0.08534876378173596,15,15,none,0
tAd-OOrdyMw,UCJVXj8BvHykEklEeKjFwaXQ,time,1,0.9052,28,216149.49,278089,64264,3.363461474868645,early,,15,14,none,0
tAd-OOrdyMw,UCJVXj8BvHykEklEeKjFwaXQ,time,2,2.9052,28,225528.66,278089,64264,3.509408999305619,early,0.5986733240027938,15,14,none,0
tAd-OOrdyMw,UCJVXj8BvHykEklEeKjFwaXQ,time,3,2.9052,28,225528.66,278089,64264,3.509408999305619,early,0.5986733240027938,15,14,none,0
tAd-OOrdyMw,UCJVXj8BvHykEklEeKjFwaXQ,time,5,4.9052,28,226331.13,278089,64264,3.5218961387600185,likely,0.5270291572996352,15,14,none,0
tAd-OOrdyMw,UCJVXj8BvHykEklEeKjFwaXQ,time,7,6.9052,28,268082.81,278089,64264,4.171586124281561,likely,0.5423175891945872,15,14,none,0
tAd-OOrdyMw,UCJVXj8BvHykEklEeKjFwaXQ,time,14,13.9052,28,320313.26,278089,64264,4.984334336307429,confirmed,0.502092581404904,15,14,none,0
y-w3vnh_f4Q,UCFK6NCbuCIVzA6Yj1G_ZqCg,time,5,6.7908,28,6553.31,5848,,,insufficient,,0,0,none,0
y-w3vnh_f4Q,UCFK6NCbuCIVzA6Yj1G_ZqCg,time,7,6.7908,28,6553.31,5848,,,insufficient,,0,0,none,0
y-w3vnh_f4Q,UCFK6NCbuCIVzA6Yj1G_ZqCg,time,14,13.7908,28,6181.75,5848,,,insufficient,0.13844984130487048,0,0,none,0
9J1f3fCsOMg,UCKmkpoEqg1sOMGEiIysP8Tw,time,5,4.8672,28,29773.09,62370,63155.31159655265,0.47142655947295725,likely,,15,15,none,0
9J1f3fCsOMg,UCKmkpoEqg1sOMGEiIysP8Tw,time,7,6.8672,28,55469.66,62370,62245.6717248435,0.8911407570810889,likely,1.5032486701247105,15,15,none,0
9J1f3fCsOMg,UCKmkpoEqg1sOMGEiIysP8Tw,time,14,12.8672,28,72977.94,62370,60188.69383024915,1.2124859163171937,confirmed,1.1250662398039655,15,15,none,0
yU2u7D8RuG4,UCGWNHkr2WZcRbxqoet-nyeg,time,14,12.8786,27,4483.46,4140,2599.494437510893,1.7247429295121508,confirmed,,15,15,none,0
xIun4HFgHLQ,UCsga4ThrENksdN7RghkPJow,time,1,1.0155,27,5192.25,6008,8411.792434029549,0.6172589618141672,early,1.900206461468182,15,15,none,0
xIun4HFgHLQ,UCsga4ThrENksdN7RghkPJow,time,2,2.0155,27,6574.16,6008,8411.792434029549,0.781541080641496,early,1.3933604094339707,15,15,none,0
xIun4HFgHLQ,UCsga4ThrENksdN7RghkPJow,time,3,2.0155,27,6574.16,6008,8411.792434029549,0.781541080641496,early,1.3933604094339707,15,15,none,0
xIun4HFgHLQ,UCsga4ThrENksdN7RghkPJow,time,5,5.0155,27,7300.80,6008,8386.352147878237,0.8705578171221822,likely,1.0648637333421633,15,15,none,0
xIun4HFgHLQ,UCsga4ThrENksdN7RghkPJow,time,7,7.0155,27,7012.36,6008,8360.384585906948,0.8387599131006398,confirmed,0.9632858596036521,15,15,none,0
xIun4HFgHLQ,UCsga4ThrENksdN7RghkPJow,time,14,15.0155,27,6844.09,6008,8267.397553172292,0.8278406920368153,confirmed,0.7958109953470706,15,14,none,0
ffqgKG8Z3GY,UC12VbrdMMeYbqnz4_BuJbog,time,14,13.9664,30,1650.06,1572,2548,0.647590715067074,confirmed,0.162857011964863,15,14,none,0
7MfQaWYIT04,UCBhPkAuGks2UkizNMbtW6uw,time,5,5.3381,27,93.50,92,,,insufficient,0,2,2,none,0
7MfQaWYIT04,UCBhPkAuGks2UkizNMbtW6uw,time,7,7.3381,27,89.05,92,,,insufficient,-0.027513404528620566,2,2,none,0
7MfQaWYIT04,UCBhPkAuGks2UkizNMbtW6uw,time,14,15.3381,27,88.86,92,,,insufficient,0.042576966160196475,2,2,none,0
nsD0FVDOdRU,UCecPJBL6E1PVky1-gj6KH5g,heldout,0.5,0.4307,30,9881.49,3779,105909.45515735469,0.09330127928721783,early,,14,14,none,0
nsD0FVDOdRU,UCecPJBL6E1PVky1-gj6KH5g,heldout,1,1.4307,30,8132.85,3779,108777.18574262361,0.07476614958229129,early,0.16396154781291147,15,14,none,0
nsD0FVDOdRU,UCecPJBL6E1PVky1-gj6KH5g,heldout,2,2.4307,30,5104.43,3779,109526.19031353467,0.0466046773247015,early,0.14403697746427316,15,14,none,0
nsD0FVDOdRU,UCecPJBL6E1PVky1-gj6KH5g,heldout,3,3.4307,30,4476.30,3779,109365.72072161469,0.04092963859835452,likely,0.13032434059363487,15,13,none,0
nsD0FVDOdRU,UCecPJBL6E1PVky1-gj6KH5g,heldout,5,5.4307,30,4171.13,3779,108702.5095866449,0.03837201037456174,likely,0.10884045088640193,15,12,none,0
nsD0FVDOdRU,UCecPJBL6E1PVky1-gj6KH5g,heldout,7,7.4307,30,4336.23,3779,123375.07721731499,0.03514674516497588,confirmed,0.09759236133636705,15,11,none,0
nsD0FVDOdRU,UCecPJBL6E1PVky1-gj6KH5g,heldout,14,14.4307,30,3995.13,3779,126697.99999999997,0.03153272017474561,confirmed,0.0781045609601622,15,7,none,0
kvw13R5Z5kQ,UC9KBMJwxMFC-7G6prUCpFhg,time,14,12.9157,27,33323.07,32942,79295.19689091302,0.4202407664850701,confirmed,0.32959391030709795,15,15,none,0
KqKvhLW9hAs,UCSJeAFuGa9hxO821P7rylFg,heldout,14,13.9270,29,9786.02,9747,3235.8643863352995,3.0242378487616257,confirmed,,15,15,none,0
MHoK2X2q3jE,UCnHjOLBTYCC1cbJNW6jVzhg,time,5,5.6247,28,38135.56,34070,19198.235290836044,1.9864094099083154,likely,,15,14,none,0
MHoK2X2q3jE,UCnHjOLBTYCC1cbJNW6jVzhg,time,7,6.6247,28,31809.27,34070,19171.358210707942,1.6592079900871435,likely,0.22196583425588348,15,13,none,0
MHoK2X2q3jE,UCnHjOLBTYCC1cbJNW6jVzhg,time,14,13.6247,28,34831.73,34070,18623.973691745734,1.8702628143209796,confirmed,0.1682815252662544,15,11,none,0
OSrqPK1EUyo,UC6gi5tigsPyfEnFXFPeYH0Q,time,5,4.8451,29,135.98,225,192.1695109002671,0.7075785507199354,likely,,15,15,none,0
OSrqPK1EUyo,UC6gi5tigsPyfEnFXFPeYH0Q,time,7,6.8451,29,165.14,225,198.75158727555606,0.8308950986177357,likely,0.6195381269740975,15,15,none,0
OSrqPK1EUyo,UC6gi5tigsPyfEnFXFPeYH0Q,time,14,13.8451,29,166.01,225,247.56645580114932,0.6705806755672806,confirmed,0.3762137851435802,15,13,none,0
a8NA0WGI9OI,UCuwpzP90g1LuGk6JUNms_AQ,time,14,13.9583,30,5188.24,5435,6206.817544551782,0.8358929863619866,confirmed,0.30103275143906855,15,14,none,0
UIjuml-y59I,UCAub01nC6godaiC7iI9kasw,heldout,0.5,0.6664,28,25477.25,20060,10311.341582299863,2.4707983291293,early,,15,13,none,0
UIjuml-y59I,UCAub01nC6godaiC7iI9kasw,time,0.5,0.6664,28,25477.25,20060,10311.341582299863,2.4707983291293,early,,15,13,none,0
UIjuml-y59I,UCAub01nC6godaiC7iI9kasw,heldout,1,0.6664,28,25477.25,20060,10311.341582299863,2.4707983291293,early,,15,13,none,0
UIjuml-y59I,UCAub01nC6godaiC7iI9kasw,time,1,0.6664,28,25477.25,20060,10311.341582299863,2.4707983291293,early,,15,13,none,0
UIjuml-y59I,UCAub01nC6godaiC7iI9kasw,heldout,2,2.6664,28,19220.39,20060,10238.13323044312,1.8773336950333752,early,0.44855540114408765,15,12,none,0
UIjuml-y59I,UCAub01nC6godaiC7iI9kasw,time,2,2.6664,28,19220.39,20060,10238.13323044312,1.8773336950333752,early,0.44855540114408765,15,12,none,0
UIjuml-y59I,UCAub01nC6godaiC7iI9kasw,heldout,3,2.6664,28,19220.39,20060,10238.13323044312,1.8773336950333752,early,0.44855540114408765,15,12,none,0
UIjuml-y59I,UCAub01nC6godaiC7iI9kasw,time,3,2.6664,28,19220.39,20060,10238.13323044312,1.8773336950333752,early,0.44855540114408765,15,12,none,0
UIjuml-y59I,UCAub01nC6godaiC7iI9kasw,heldout,5,4.6664,28,19192.38,20060,10214.01391774426,1.8790243342755106,likely,0.35957262681277624,15,12,none,0
UIjuml-y59I,UCAub01nC6godaiC7iI9kasw,time,5,4.6664,28,19192.38,20060,10214.01391774426,1.8790243342755106,likely,0.35957262681277624,15,12,none,0
UIjuml-y59I,UCAub01nC6godaiC7iI9kasw,heldout,7,6.6664,28,23259.37,20060,10201.710766686148,2.279947762912432,likely,0.336450432066204,15,12,none,0
UIjuml-y59I,UCAub01nC6godaiC7iI9kasw,time,7,6.6664,28,23259.37,20060,10201.710766686148,2.279947762912432,likely,0.336450432066204,15,12,none,0
UIjuml-y59I,UCAub01nC6godaiC7iI9kasw,heldout,14,12.6664,28,19687.33,20060,10183.046532283566,1.9333436663762813,confirmed,0.28445006888393387,15,11,none,0
UIjuml-y59I,UCAub01nC6godaiC7iI9kasw,time,14,12.6664,28,19687.33,20060,10183.046532283566,1.9333436663762813,confirmed,0.28445006888393387,15,11,none,0
oEEL1fIq-d8,UC5RR3esc7XkvLyLsmQKbfYg,time,14,13.6662,28,436.97,432,970.9163969526741,0.45006214218149837,confirmed,0.14160471944429762,15,14,none,0
7A6G5yvp804,UCN8fW1T36q7P9KjaHEifPYQ,time,1,0.9919,27,4700.23,1657,1999.3071913481488,2.3509299659578917,early,,15,9,none,0
7A6G5yvp804,UCN8fW1T36q7P9KjaHEifPYQ,time,2,1.9919,27,1570.59,1657,1999.3071913481488,0.7855694720736152,early,0.28584051531189153,15,9,none,0
7A6G5yvp804,UCN8fW1T36q7P9KjaHEifPYQ,time,3,2.9919,27,1345.26,1657,1996.0866969430144,0.6739507952572356,early,0.265988620839189,15,8,none,0
7A6G5yvp804,UCN8fW1T36q7P9KjaHEifPYQ,time,5,4.9919,27,1705.15,1657,1996.0866969430144,0.8542486305429792,likely,0.2816847428715296,15,8,none,0
7A6G5yvp804,UCN8fW1T36q7P9KjaHEifPYQ,time,7,6.9919,27,1553.83,1657,1991.8494320851994,0.7800954848040188,likely,0.2790480739665666,15,7,none,0
7A6G5yvp804,UCN8fW1T36q7P9KjaHEifPYQ,time,14,12.9919,27,1634.82,1657,1992.0142553332869,0.8206871521445177,confirmed,0.23441522838039242,15,6,none,0
hhqml53VRbQ,UCxa1v9wVMmjYUhUfQOJxbzw,time,14,14.6153,28,8099.05,7579,7185.585711326325,1.1271239367196335,confirmed,,15,13,none,0
ezdqs2r1DeQ,UCRte954rw0oeMWFroy_ClAw,heldout,1,1.7910,30,7956.77,10441,26960.924473546478,0.29512216543331243,early,,13,13,none,0
ezdqs2r1DeQ,UCRte954rw0oeMWFroy_ClAw,heldout,2,1.7910,30,7956.77,10441,26960.924473546478,0.29512216543331243,early,,13,13,none,0
ezdqs2r1DeQ,UCRte954rw0oeMWFroy_ClAw,heldout,5,5.7910,30,10984.49,10441,19244.831820059066,0.5707763104233111,likely,0.5774832252551212,15,15,none,0
ezdqs2r1DeQ,UCRte954rw0oeMWFroy_ClAw,heldout,7,6.7910,30,10596.59,10441,19164.144312599492,0.5529385245971655,likely,0.5779983885539868,15,15,none,0
ezdqs2r1DeQ,UCRte954rw0oeMWFroy_ClAw,heldout,14,13.7910,30,10669.55,10441,18647.97408378792,0.5721558700722971,confirmed,0.4669547297451839,15,14,none,0
y4BY4pLx_JI,UCDHK7RywWc4z8J5K3MKkvRw,time,14,13.6913,29,8645.97,8529,10174.854757606397,0.8497391610030572,confirmed,0.17691071739576086,15,15,none,0
ibn_o8wN1zc,UCucqfNRyBkieAop_LDUqHEg,time,14,13.7012,28,40441.95,40082,48563.971061025986,0.832756328989952,confirmed,0.06815074957437481,15,11,none,0
hqOrDZVlh_Y,UCV8a3gTVi7eZmOBlPQdz3hw,heldout,14,13.0127,28,70.15,82,229.46227926047402,0.30569929429029047,confirmed,0.33307433772796835,15,15,none,0
FMrZTjC31uc,UCI0vQvr9aFn27yR6Ej6n5UA,heldout,14,13.2660,30,871.20,807,1065.9999999999998,0.817259694757343,confirmed,,15,13,none,0
K0QsFljy_J8,UCUpbDOT-OVNBlaQpb9pbd2w,time,3,3.5942,27,15325.64,10094,31633.82171793968,0.4844699345117432,likely,,15,15,none,0
K0QsFljy_J8,UCUpbDOT-OVNBlaQpb9pbd2w,time,5,4.5942,27,11191.82,10094,30831.409816368894,0.36300059981537236,likely,0.07767711885485067,15,15,none,0
K0QsFljy_J8,UCUpbDOT-OVNBlaQpb9pbd2w,time,7,6.5942,27,10985.66,10094,29308.246368385313,0.37483167138647366,likely,0.0661981641389263,15,15,none,0
K0QsFljy_J8,UCUpbDOT-OVNBlaQpb9pbd2w,time,14,12.5942,27,10384.30,10094,26678.909108269676,0.38923268909389946,confirmed,0.035911285785637334,15,15,none,0
r_Vv6aliR7E,UCUpbDOT-OVNBlaQpb9pbd2w,time,5,5.4686,27,10009.35,8914,30831.409816368894,0.32464791290670797,likely,0.04494102660283735,15,15,none,0
r_Vv6aliR7E,UCUpbDOT-OVNBlaQpb9pbd2w,time,7,7.4686,27,9699.44,8914,29308.246368385313,0.33094564561621714,confirmed,0.028949042727549102,15,15,none,0
r_Vv6aliR7E,UCUpbDOT-OVNBlaQpb9pbd2w,time,14,13.4686,27,9176.42,8914,26678.909108269676,0.34395776237243,confirmed,0.019746872723911818,15,15,none,0
WnapZ9yDtaQ,UCihUiDJzjyo2ov_qGtW33lw,time,14,13.9371,28,308182.71,279739,22526.000000000015,13.681199873907186,confirmed,,15,11,none,0
aO3YexGG9Bk,UCfQgsKhHjSyRLOp9mnffqVg,time,1,0.8333,27,439278.05,313345,536719.9183526211,0.8184493193581452,early,,15,15,none,0
aO3YexGG9Bk,UCfQgsKhHjSyRLOp9mnffqVg,time,2,1.8333,27,357107.20,313345,537495.2498543183,0.6643913547970816,early,0.5090310283092413,15,15,none,0
aO3YexGG9Bk,UCfQgsKhHjSyRLOp9mnffqVg,time,3,2.8333,27,313543.55,313345,539808.7344968541,0.5808419366432823,early,0.4044581492719506,15,15,none,0
aO3YexGG9Bk,UCfQgsKhHjSyRLOp9mnffqVg,time,5,4.8333,27,318291.36,313345,539563.6214939082,0.5899051453142639,likely,0.3466110533244221,15,12,none,0
aO3YexGG9Bk,UCfQgsKhHjSyRLOp9mnffqVg,time,7,6.8333,27,308886.14,313345,540871.149869072,0.5710900599658378,likely,0.33019953703643434,15,12,none,0
aO3YexGG9Bk,UCfQgsKhHjSyRLOp9mnffqVg,time,14,12.8333,27,331892.20,313345,545448.9999999997,0.6084752120616342,confirmed,0.2830671105246832,15,8,none,0
BOAOyymkuJc,UCUpbDOT-OVNBlaQpb9pbd2w,time,5,4.6757,28,62379.90,46783,30400.82872940285,2.0519145241905505,likely,,15,15,none,0
BOAOyymkuJc,UCUpbDOT-OVNBlaQpb9pbd2w,time,7,6.6757,28,50879.44,46783,28575.78770146062,1.7805088347502942,likely,0.029188656987064947,15,15,none,0
BOAOyymkuJc,UCUpbDOT-OVNBlaQpb9pbd2w,time,14,13.6757,28,48173.87,46783,25479.558900703785,1.8906869310652936,confirmed,0.017002047311104797,15,15,none,0
SYMxa_0QdhQ,UCI4uVUontY0y9hiGFlJ-lBA,heldout,7,7.8328,29,3291.76,3371,767.0710147866731,4.291341973484899,confirmed,,15,10,none,0
SYMxa_0QdhQ,UCI4uVUontY0y9hiGFlJ-lBA,heldout,14,13.8328,29,3277.97,3371,755.3339289690608,4.339768009803442,confirmed,0.2566756837975821,15,10,none,0
NPO57Y5ZJes,UCB1t-8MBhxyDVabeUcTj0Zw,time,5,6.9578,29,11630.73,10470,,,insufficient,,1,1,none,0
NPO57Y5ZJes,UCB1t-8MBhxyDVabeUcTj0Zw,time,7,6.9578,29,11630.73,10470,,,insufficient,,1,1,none,0
NPO57Y5ZJes,UCB1t-8MBhxyDVabeUcTj0Zw,time,14,13.9578,29,10351.24,10470,,,insufficient,0.12878699922417305,1,1,none,0
Xnj1zy1Cz5Q,UCBv7HEHuVlNAELGi5XJd85Q,time,5,4.7916,27,399115.25,540286,,,insufficient,,0,0,none,0
Xnj1zy1Cz5Q,UCBv7HEHuVlNAELGi5XJd85Q,time,7,7.7916,27,498491.29,540286,,,insufficient,0.5039048235777105,0,0,none,0
Xnj1zy1Cz5Q,UCBv7HEHuVlNAELGi5XJd85Q,time,14,12.7916,27,506769.57,540286,,,insufficient,0.4493341924862352,0,0,none,0
cLb9w_PnL9k,UCLhu5JoRWPgEGDoUFfQHTPQ,time,3,3.7707,27,9370.42,7387,6817.398011450874,1.3744866743785322,likely,,12,12,none,0
cLb9w_PnL9k,UCLhu5JoRWPgEGDoUFfQHTPQ,time,5,4.7707,27,8046.09,7387,6172.748876956073,1.3034858824630213,likely,0.29141211295419267,15,15,none,0
cLb9w_PnL9k,UCLhu5JoRWPgEGDoUFfQHTPQ,time,7,6.7707,27,8008.67,7387,6020.8004491159845,1.3301670744693337,likely,0.2288240397652,15,15,none,0
cLb9w_PnL9k,UCLhu5JoRWPgEGDoUFfQHTPQ,time,14,12.7707,27,7608.98,7387,6023.999999999995,1.263110491054703,confirmed,0.1596763731651343,15,12,none,0
J8dR9D3pJrs,UCvJiYiBUbw4tmpRSZT2r1Hw,time,14,13.8746,29,10659.67,10480,21664.89025855871,0.4920250483273332,confirmed,0.24047162092824964,15,12,none,0
iTc7OQzk5-4,UCSLClJLzdUMRMe0E4SPfc-w,time,0.5,0.5097,29,14415.01,7445,84747.31489262465,0.17009400071885236,early,,15,11,none,0
iTc7OQzk5-4,UCSLClJLzdUMRMe0E4SPfc-w,time,1,0.5097,29,14415.01,7445,84747.31489262465,0.17009400071885236,early,,15,11,none,0
iTc7OQzk5-4,UCSLClJLzdUMRMe0E4SPfc-w,time,2,1.5097,29,10507.58,7445,84013.54105325221,0.12507005239775715,early,0.57727635019195,15,11,none,0
iTc7OQzk5-4,UCSLClJLzdUMRMe0E4SPfc-w,time,3,2.5097,29,8184.03,7445,83475.93140445434,0.09804059547036606,early,0.39389777633155165,15,9,none,0
iTc7OQzk5-4,UCSLClJLzdUMRMe0E4SPfc-w,time,5,4.5097,29,7761.90,7445,82420.73434607878,0.09417410259421106,likely,0.2927545992063861,15,8,none,0
iTc7OQzk5-4,UCSLClJLzdUMRMe0E4SPfc-w,time,7,6.5097,29,8077.15,7445,81177.38921385376,0.09950000679601484,likely,0.25415778801095124,15,8,none,0
iTc7OQzk5-4,UCSLClJLzdUMRMe0E4SPfc-w,time,14,13.5097,29,7330.27,7445,78407.38291041195,0.09348960110896494,confirmed,0.20491003703196475,15,6,none,0
h2apnrnZp3s,UC5_SBQbLA9Kg7Jh5GpXoP3g,time,1,0.8324,28,29.20,123,728.7568933289488,0.04007488114190768,early,,4,3,none,0
h2apnrnZp3s,UC5_SBQbLA9Kg7Jh5GpXoP3g,time,2,2.8324,28,49.21,123,332.6966292298663,0.14792355144741848,early,0.9996338163514447,15,14,none,0
h2apnrnZp3s,UC5_SBQbLA9Kg7Jh5GpXoP3g,time,3,2.8324,28,49.21,123,332.6966292298663,0.14792355144741848,early,0.9996338163514447,15,14,none,0
h2apnrnZp3s,UC5_SBQbLA9Kg7Jh5GpXoP3g,time,5,4.8324,28,40.17,123,298.0909824665973,0.13477087725201406,likely,0.7429568188729567,15,12,none,0
h2apnrnZp3s,UC5_SBQbLA9Kg7Jh5GpXoP3g,time,7,6.8324,28,71.72,123,301.3659983367481,0.23798629117680642,likely,0.9543216468287559,15,12,none,0
h2apnrnZp3s,UC5_SBQbLA9Kg7Jh5GpXoP3g,time,14,13.8324,28,105.91,123,269.93635586257597,0.39233915345914944,confirmed,0.8984197624994906,15,12,none,0
atrWZ7Lkc3M,UCyNlnI6hQO3pVHswmGYvQxA,heldout,14,14.1591,30,10534.19,10409,27257.376067531484,0.38647118719852075,confirmed,,15,15,none,0
w-psE8_l0s8,UCBhPkAuGks2UkizNMbtW6uw,time,5,5.0827,27,64247.78,97584,77.7295049765725,826.5558352243553,likely,-0.0011856761612808893,7,7,none,0
w-psE8_l0s8,UCBhPkAuGks2UkizNMbtW6uw,time,7,7.0827,27,61715.59,97584,79.91671024360005,772.2489029791161,confirmed,-0.008316642507182991,7,7,none,0
w-psE8_l0s8,UCBhPkAuGks2UkizNMbtW6uw,time,14,15.0827,27,58025.01,97584,74.40051584698824,779.9006183685914,confirmed,-0.0030708973210745697,7,7,none,0
q8g75De09eM,UC7F-suscQATns3qRYHpyijw,time,5,4.7907,27,53451.78,127435,,,insufficient,,0,0,none,0
q8g75De09eM,UC7F-suscQATns3qRYHpyijw,time,7,6.7907,27,63144.69,127435,,,insufficient,0.5212314895548573,0,0,none,0
q8g75De09eM,UC7F-suscQATns3qRYHpyijw,time,14,15.7907,27,95097.12,127435,,,insufficient,0.6080272467958165,0,0,none,0
t-CYeO6OXrs,UCJnGicTZoqdAFpVU1Jee4Zw,heldout,0.5,0.4993,30,165.43,359,663.9999999999998,0.24914727715559193,early,,14,13,none,0
t-CYeO6OXrs,UCJnGicTZoqdAFpVU1Jee4Zw,heldout,1,0.4993,30,165.43,359,663.9999999999998,0.24914727715559193,early,,14,13,none,0
t-CYeO6OXrs,UCJnGicTZoqdAFpVU1Jee4Zw,heldout,3,3.4993,30,539.21,359,496.5133399991803,1.0859942087433418,likely,1.4360957371199046,15,13,none,0
t-CYeO6OXrs,UCJnGicTZoqdAFpVU1Jee4Zw,heldout,5,5.4993,30,532.29,359,493.65874969234625,1.0782589334007535,likely,1.1599002412616277,15,13,none,0
t-CYeO6OXrs,UCJnGicTZoqdAFpVU1Jee4Zw,heldout,7,6.4993,30,472.71,359,493.65874969234625,0.9575570868420622,likely,1.0675872012647174,15,13,none,0
t-CYeO6OXrs,UCJnGicTZoqdAFpVU1Jee4Zw,heldout,14,14.4993,30,389.27,359,492.9999999999999,0.7896022917353311,confirmed,0.7738854980599889,15,12,none,0
WADuXiMZxq4,UCUHW94eEFW7hkUMVaZz4eDg,time,1,0.8594,29,639987.03,521608,653703.9989829607,0.9790165406437755,early,,11,9,none,0
WADuXiMZxq4,UCUHW94eEFW7hkUMVaZz4eDg,time,2,1.8594,29,524801.29,521608,656090.0082022833,0.7998922206054643,early,0.5350503867189569,11,9,none,0
WADuXiMZxq4,UCUHW94eEFW7hkUMVaZz4eDg,time,3,2.8594,29,454833.40,521608,658419.8832643952,0.6907953657178398,early,0.40261199093355915,11,9,none,0
WADuXiMZxq4,UCUHW94eEFW7hkUMVaZz4eDg,time,5,4.8594,29,454191.34,521608,666075.1095598976,0.6818920783185844,likely,0.3314425792311118,11,9,none,0
WADuXiMZxq4,UCUHW94eEFW7hkUMVaZz4eDg,time,7,6.8594,29,466435.98,521608,668831.9680294503,0.6973888779153048,likely,0.32458237238776905,11,9,none,0
WADuXiMZxq4,UCUHW94eEFW7hkUMVaZz4eDg,time,14,13.8594,29,583951.21,521608,673881.0000000002,0.8665494478427004,confirmed,0.33516521616009187,11,8,none,0
UY4MJYq4Hko,UCbY9xX3_jW5c2fjlZVBI4cg,heldout,14,14.4942,29,8974.93,8746,43635.467738459585,0.20567973389731847,confirmed,0.010357201187730593,15,15,none,0
UY4MJYq4Hko,UCbY9xX3_jW5c2fjlZVBI4cg,time,14,14.4942,29,8974.93,8746,43635.467738459585,0.20567973389731847,confirmed,0.010357201187730593,15,15,none,0
Skp_PGCiRQ4,UCWqjZ2W4pOOErFealWwBSXA,time,5,4.8720,28,2673.27,2571,2104.438921727123,1.2703000997283427,likely,,15,13,none,0
Skp_PGCiRQ4,UCWqjZ2W4pOOErFealWwBSXA,time,7,6.8720,28,2604.51,2571,2104.438921727123,1.237629015568922,likely,0.3036407800164732,15,13,none,0
Skp_PGCiRQ4,UCWqjZ2W4pOOErFealWwBSXA,time,14,13.8720,28,2575.10,2571,2077.5564334766364,1.2394827774917923,confirmed,0.20065740532778817,15,9,none,0
fhjbxVgm208,UCso1B56GyEtnhn2OPENKXoQ,time,14,13.1738,27,101.97,94,173.31935488766158,0.5883496551394799,confirmed,,12,12,none,0
Y_qcWAmmwVU,UCI8gcSTo1FowsRJdilsjsZw,time,1,0.8075,29,46876.43,24615,36328.12431152464,1.2903620408205718,early,,13,13,none,0
Y_qcWAmmwVU,UCI8gcSTo1FowsRJdilsjsZw,time,2,1.8075,29,38903.63,24615,38703.986720647874,1.0051582879127166,early,0.550157814913589,14,14,none,0
Y_qcWAmmwVU,UCI8gcSTo1FowsRJdilsjsZw,time,3,2.8075,29,32640.07,24615,35077.58349207586,0.9305109032106709,early,0.3671681967372295,15,15,none,0
Y_qcWAmmwVU,UCI8gcSTo1FowsRJdilsjsZw,time,5,4.8075,29,30659.38,24615,34978.981409742984,0.8765086734492388,likely,0.25597717121092356,15,15,none,0
Y_qcWAmmwVU,UCI8gcSTo1FowsRJdilsjsZw,time,7,6.8075,29,26462.10,24615,34474.79817091201,0.7675781900663424,likely,0.21182668702033539,15,15,none,0
Y_qcWAmmwVU,UCI8gcSTo1FowsRJdilsjsZw,time,14,13.8075,29,26535.77,24615,34757.0558880391,0.7634641426621168,confirmed,0.15405135965751157,15,15,none,0
G8hsdLJhVs8,UCcCzzSbdw5-qmdF_NuTtb2w,heldout,14,12.3957,30,1996.22,1942,3382.3103630207124,0.5901942802992354,confirmed,,12,11,none,0
WtyDkr9lM3g,UCc2lUKVOTXKlQR7Fm7h1JfQ,time,5,6.9061,29,28885.42,25872,,,insufficient,,0,0,none,0
WtyDkr9lM3g,UCc2lUKVOTXKlQR7Fm7h1JfQ,time,7,6.9061,29,28885.42,25872,,,insufficient,,0,0,none,0
WtyDkr9lM3g,UCc2lUKVOTXKlQR7Fm7h1JfQ,time,14,13.9061,29,25472.02,25872,,,insufficient,0.1136400903170104,0,0,none,0
ar5TKkSccEc,UChISHLovxnSLP0w81NEQj5w,time,14,13.8253,28,1944.60,1887,9334.100319437954,0.20833319163640654,confirmed,0,15,15,none,0
WH8Nmk2R6hY,UCGbg3DjQdcqWwqOLHpYHXIg,time,0.5,0.7499,28,696009.89,761233,317669.0564264853,2.1909905071571294,early,,15,12,none,0
WH8Nmk2R6hY,UCGbg3DjQdcqWwqOLHpYHXIg,time,1,0.7499,28,696009.89,761233,317669.0564264853,2.1909905071571294,early,,15,12,none,0
WH8Nmk2R6hY,UCGbg3DjQdcqWwqOLHpYHXIg,time,2,1.7499,28,824649.81,761233,317669.0564264853,2.5959400144351577,early,0.9683685796445236,15,12,none,0
WH8Nmk2R6hY,UCGbg3DjQdcqWwqOLHpYHXIg,time,3,2.7499,28,806899.47,761233,317873.94030277367,2.5384259868001067,early,0.7335357157239792,15,12,none,0
WH8Nmk2R6hY,UCGbg3DjQdcqWwqOLHpYHXIg,time,5,4.7499,28,809218.36,761233,317873.94030277367,2.545720993592359,likely,0.5817180386027612,15,11,none,0
WH8Nmk2R6hY,UCGbg3DjQdcqWwqOLHpYHXIg,time,7,6.7499,28,778186.32,761233,318137.78302814084,2.446066949147822,likely,0.5165799041894736,15,11,none,0
WH8Nmk2R6hY,UCGbg3DjQdcqWwqOLHpYHXIg,time,14,13.7499,28,780272.26,761233,318228.5272940274,2.4519243010650915,confirmed,0.4388532277506458,15,10,none,0
ifqjcDjXPu8,UCHQ4lSaKRap5HyrpitrTOhQ,time,5,5.8646,29,21410.63,19021,6940.680969419321,3.0848021074294403,likely,,10,10,none,0
ifqjcDjXPu8,UCHQ4lSaKRap5HyrpitrTOhQ,time,7,6.8646,29,19738.08,19021,6874.218779683476,2.871319187771704,likely,0.2479498420447658,15,15,none,0
ifqjcDjXPu8,UCHQ4lSaKRap5HyrpitrTOhQ,time,14,14.8646,29,19765.95,19021,6701.502341348011,2.949480399990959,confirmed,0.17184453744298697,15,13,none,0
P-bY4uFjSHw,UC5_SBQbLA9Kg7Jh5GpXoP3g,time,1,0.8328,28,7.96,57,728.7568933289488,0.010929513038702094,early,,8,7,none,0
P-bY4uFjSHw,UC5_SBQbLA9Kg7Jh5GpXoP3g,time,2,2.8328,28,59.91,57,347.3213277712226,0.17249816066518242,early,3.027530743451667,15,14,none,0
P-bY4uFjSHw,UC5_SBQbLA9Kg7Jh5GpXoP3g,time,3,2.8328,28,59.91,57,347.3213277712226,0.17249816066518242,early,3.027530743451667,15,14,none,0
P-bY4uFjSHw,UC5_SBQbLA9Kg7Jh5GpXoP3g,time,5,4.8328,28,56.03,57,331.0641001058494,0.16924436170550847,likely,1.98899093123687,15,12,none,0
P-bY4uFjSHw,UC5_SBQbLA9Kg7Jh5GpXoP3g,time,7,6.8328,28,52.16,57,348.2127091337492,0.14979553766406742,likely,1.6297012203176318,15,12,none,0
P-bY4uFjSHw,UC5_SBQbLA9Kg7Jh5GpXoP3g,time,14,13.8328,28,60.31,57,386.3201930626903,0.15610865507420815,confirmed,1.2505712355293148,15,12,none,0
lBUSrUegBvE,UC58njGoJSZKIthLSbQIS-1g,time,5,6.9573,30,219.12,202,,,insufficient,,0,0,none,0
lBUSrUegBvE,UC58njGoJSZKIthLSbQIS-1g,time,7,6.9573,30,219.12,202,,,insufficient,,0,0,none,0
lBUSrUegBvE,UC58njGoJSZKIthLSbQIS-1g,time,14,13.9573,30,194.25,202,,,insufficient,0.12261975459529706,0,0,none,0
xnLGAHGPLwg,UC4FS7jCXHd1V9JRSbsQuAUg,time,2,2.5645,28,1783.71,2656,,,insufficient,,0,0,none,0
xnLGAHGPLwg,UC4FS7jCXHd1V9JRSbsQuAUg,time,3,2.5645,28,1783.71,2656,,,insufficient,,0,0,none,0
xnLGAHGPLwg,UC4FS7jCXHd1V9JRSbsQuAUg,time,5,5.5645,28,1713.03,2656,7907.957891115365,0.21662108557342014,likely,0.27412840210024475,15,15,none,0
xnLGAHGPLwg,UC4FS7jCXHd1V9JRSbsQuAUg,time,7,6.5645,28,1716.14,2656,7889.959346556999,0.21750982575972327,likely,0.30574383001192557,15,15,none,0
xnLGAHGPLwg,UC4FS7jCXHd1V9JRSbsQuAUg,time,14,13.5645,28,2182.72,2656,7762.999999999997,0.281170155251678,confirmed,0.3598791358651387,15,13,none,0
VQLKPautr4Y,UCUpbDOT-OVNBlaQpb9pbd2w,time,5,4.5056,28,75778.88,61220,30400.82872940285,2.492658392910005,likely,,15,15,none,0
VQLKPautr4Y,UCUpbDOT-OVNBlaQpb9pbd2w,time,7,6.5056,28,64921.25,61220,28575.78770146062,2.2718972653770066,likely,0.18700803520245757,15,15,none,0
VQLKPautr4Y,UCUpbDOT-OVNBlaQpb9pbd2w,time,14,12.5056,28,62908.21,61220,25768.95327219964,2.441240568551983,confirmed,0.09855312660054923,15,15,none,0
zB6DdxyXSIE,UCN3U77hj4a8bJ0jpwSxaZFw,time,14,13.9415,29,4682.75,4685,5722.701592472252,0.8182765645010005,confirmed,0.0634581881048552,15,15,none,0
LY_jiwPgGp8,UCGpsgNbzdF7BECCVbB1COHw,time,7,8.6267,27,17898.18,14499,5462.855006769324,3.276341749304175,confirmed,,8,8,none,0
LY_jiwPgGp8,UCGpsgNbzdF7BECCVbB1COHw,time,14,12.6267,27,14825.27,14499,9132.220007828731,1.6234028896109778,confirmed,0.027205114742351374,15,15,none,0
C7D0C1dQbfE,UCfWlwgHS9mnVbIi4jNgIGtA,time,14,13.9283,29,7006.17,11100,3737.9138392633586,1.874352387046849,confirmed,,15,14,none,0
i1EdSmxLylU,UCfYfK0tzHZTpNFrc_NDKfTA,heldout,5,5.8749,27,1333.91,1262,1583.4643129636502,0.8424029355572848,likely,,15,15,none,0
i1EdSmxLylU,UCfYfK0tzHZTpNFrc_NDKfTA,time,5,5.8749,27,1333.91,1262,1583.4643129636502,0.8424029355572848,likely,,15,15,none,0
i1EdSmxLylU,UCfYfK0tzHZTpNFrc_NDKfTA,heldout,7,6.8749,27,1100.43,1262,1562.2498734918863,0.7043910107296318,likely,0.1486148754444381,15,14,none,0
i1EdSmxLylU,UCfYfK0tzHZTpNFrc_NDKfTA,time,7,6.8749,27,1100.43,1262,1562.2498734918863,0.7043910107296318,likely,0.1486148754444381,15,14,none,0
i1EdSmxLylU,UCfYfK0tzHZTpNFrc_NDKfTA,heldout,14,12.8749,27,1210.91,1262,1517.399571697257,0.7980194916921829,confirmed,0.18105892694824952,15,13,none,0
i1EdSmxLylU,UCfYfK0tzHZTpNFrc_NDKfTA,time,14,12.8749,27,1210.91,1262,1517.399571697257,0.7980194916921829,confirmed,0.18105892694824952,15,13,none,0
3j3ypZ79v-Q,UCq_2n18CJaRVGxEfxtCfI-Q,time,5,5.5830,29,408876.90,329269,99252.63728731687,4.119557005126209,likely,,15,15,none,0
3j3ypZ79v-Q,UCq_2n18CJaRVGxEfxtCfI-Q,time,7,6.5830,29,335860.17,329269,98483.29005369087,3.4103264250075003,likely,0.11226204066184221,15,15,none,0
3j3ypZ79v-Q,UCq_2n18CJaRVGxEfxtCfI-Q,time,14,13.5830,29,327117.96,329269,94515.80393704306,3.460986913012491,confirmed,0.06473103522879772,15,13,none,0
cSzZ5xSVxkE,UCCZLVYAGIoGvaFUrTyyeaXA,time,5,5.9160,28,11628.58,8927,21256.474951193126,0.5470607934991458,likely,,5,5,none,0
cSzZ5xSVxkE,UCCZLVYAGIoGvaFUrTyyeaXA,time,7,7.9160,28,9581.81,8927,20585.17605106971,0.4654712498582591,confirmed,0.07478192122652762,5,5,none,0
cSzZ5xSVxkE,UCCZLVYAGIoGvaFUrTyyeaXA,time,14,13.9160,28,9104.09,8927,19378.36204973613,0.4698069616886617,confirmed,0.03881864838118347,5,5,none,0
0YtOfmWnyR0,UCdR7eGozLjafYMTd2BFnJaQ,time,1,0.8807,29,26090.90,18817,52046.65022914756,0.501298306986529,early,,15,14,none,0
0YtOfmWnyR0,UCdR7eGozLjafYMTd2BFnJaQ,time,2,1.8807,29,20100.64,18817,52046.65022914756,0.3862042349737422,early,0.35995222062586335,15,14,none,0
0YtOfmWnyR0,UCdR7eGozLjafYMTd2BFnJaQ,time,3,2.8807,29,16300.74,18817,52516.187901008234,0.31039466825763473,early,0.2583688704464603,15,14,none,0
0YtOfmWnyR0,UCdR7eGozLjafYMTd2BFnJaQ,time,5,4.8807,29,15499.79,18817,52516.187901008234,0.29514303988837487,likely,0.19616985117655963,15,14,none,0
0YtOfmWnyR0,UCdR7eGozLjafYMTd2BFnJaQ,time,7,6.8807,29,15602.87,18817,52516.187901008234,0.2971058717237849,likely,0.1862359387379663,15,14,none,0
0YtOfmWnyR0,UCdR7eGozLjafYMTd2BFnJaQ,time,14,13.8807,29,18194.40,18817,53770.06691109079,0.3383740511463412,confirmed,0.1798799184806752,15,13,none,0
Ch4LoBCDDZQ,UC6RxjqZyhTKshYyBJcIIvPQ,time,5,4.8747,27,1298.56,1262,,,insufficient,,2,2,none,0
Ch4LoBCDDZQ,UC6RxjqZyhTKshYyBJcIIvPQ,time,7,6.8747,27,1339.35,1262,,,insufficient,0.34311289368271614,2,2,none,0
Ch4LoBCDDZQ,UC6RxjqZyhTKshYyBJcIIvPQ,time,14,12.8747,27,1292.86,1262,,,insufficient,0.22124924120361472,2,2,none,0
XQnJ4YfCFOg,UCAGgFGwq4HZKLZ4gXo9xLiw,time,5,4.8221,27,10385.77,8251,2731.8627837767995,3.8017181521597587,likely,,7,7,none,0
XQnJ4YfCFOg,UCAGgFGwq4HZKLZ4gXo9xLiw,time,7,6.8221,27,8597.90,8251,2713.226582287589,3.1688847770989197,likely,0.08017992857088695,7,7,none,0
XQnJ4YfCFOg,UCAGgFGwq4HZKLZ4gXo9xLiw,time,14,15.8221,27,8449.00,8251,2454.497840036506,3.442251959722375,confirmed,0.06426689143469397,7,7,none,0
QSz_cgBDjRQ,UCGuIM34mGnfTDjfd9vwPtAQ,time,1,0.9993,29,19635.99,40380,22014.029687744085,0.8919760389606918,early,,15,10,none,0
QSz_cgBDjRQ,UCGuIM34mGnfTDjfd9vwPtAQ,time,2,1.9993,29,24515.40,40380,21808.772820271148,1.1241071638110278,early,0.9598162186152506,15,9,none,0
QSz_cgBDjRQ,UCGuIM34mGnfTDjfd9vwPtAQ,time,3,2.9993,29,21662.81,40380,22156.85382724457,0.9777022893063219,early,0.8744817876318697,15,9,none,0
QSz_cgBDjRQ,UCGuIM34mGnfTDjfd9vwPtAQ,time,5,4.9993,29,31084.67,40380,22263.4325455007,1.3962209984643952,likely,0.7563460283125256,15,9,none,0
QSz_cgBDjRQ,UCGuIM34mGnfTDjfd9vwPtAQ,time,7,6.9993,29,43359.55,40380,22655.874748639464,1.9138323339245242,likely,0.8894464747399539,15,9,none,0
QSz_cgBDjRQ,UCGuIM34mGnfTDjfd9vwPtAQ,time,14,13.9993,29,45974.43,40380,23555.430993787886,1.9517550060150208,confirmed,0.7709839585383976,15,9,none,0
CMcLEHqNkLY,UC6BW8DqrAmBEIeCtMa4bfBw,time,14,15.2469,27,5372.97,5524,3673.903626850941,1.4624697647767035,confirmed,0.030238523350873243,15,15,none,0
keF_HoK2_tE,UCQq79zHGZJNzm3SPOfLNmrw,heldout,14,13.9461,28,933.55,956,496.5648421867238,1.8800093324034501,confirmed,0.22499892648728037,15,12,none,0
zAbo8YcIlrQ,UCMPaviJxybo1RTdzvYcU91A,time,14,15.0494,27,2195.83,2248,1621.0000000000002,1.3546172949425068,confirmed,0.709215557667603,15,9,none,0
9IMDTevhNX0,UCXxIurzUx2ztE6D5IzcyTcw,heldout,5,4.9582,31,20804.18,22872,19769.407619181296,1.0523420364991767,likely,,15,11,none,0
9IMDTevhNX0,UCXxIurzUx2ztE6D5IzcyTcw,heldout,7,7.9582,31,22444.30,22872,19776.01119646091,1.134925776981537,confirmed,0.3567555252114585,15,11,none,0
9IMDTevhNX0,UCXxIurzUx2ztE6D5IzcyTcw,heldout,14,13.9582,31,22922.68,22872,19815.986234575073,1.1567771417526165,confirmed,0.3163044884431659,15,10,none,0
xohCD96GmcQ,UCD4NnnbISbr4dvmmzQxC2bA,time,5,5.8319,28,36990.65,45023,,,insufficient,,1,1,none,0
xohCD96GmcQ,UCD4NnnbISbr4dvmmzQxC2bA,time,7,6.8319,28,40352.38,45023,,,insufficient,0.5488490129811764,1,1,none,0
xohCD96GmcQ,UCD4NnnbISbr4dvmmzQxC2bA,time,14,12.8319,28,41817.81,45023,,,insufficient,0.38804556244222005,1,1,none,0
GArdnanmozA,UCx1m6AboILQKMNXbsLjjI4Q,heldout,7,8.2082,30,67042.93,70400,58441.62307328347,1.1471778004867055,confirmed,,15,14,none,0
3k2S5QkmgUM,UCEQWOzx3JDV65lGMrtonBrg,time,1,0.8905,28,4181.65,3404,4584.7099389417435,0.9120858509023547,early,,15,14,none,0
3k2S5QkmgUM,UCEQWOzx3JDV65lGMrtonBrg,time,2,2.8905,28,4030.53,3404,4447.314154034712,0.9062836313672615,early,0.48551125029982667,15,14,none,0
3k2S5QkmgUM,UCEQWOzx3JDV65lGMrtonBrg,time,3,2.8905,28,4030.53,3404,4447.314154034712,0.9062836313672615,early,0.48551125029982667,15,14,none,0
3k2S5QkmgUM,UCEQWOzx3JDV65lGMrtonBrg,time,5,4.8905,28,3428.64,3404,4291.5967506533825,0.7989186847904964,likely,0.3731082256892527,15,14,none,0
3k2S5QkmgUM,UCEQWOzx3JDV65lGMrtonBrg,time,7,6.8905,28,3566.63,3404,4245.837805582001,0.8400286759920678,likely,0.33886437622538834,15,14,none,0
3k2S5QkmgUM,UCEQWOzx3JDV65lGMrtonBrg,time,14,13.8905,28,3524.87,3404,4381.416759711002,0.8045036472072604,confirmed,0.2868597141701407,15,14,none,0
do0Jcw2xvOQ,UCwMbSEgxhmOB5dXcxRTKHJQ,heldout,1,0.8524,33,4832.07,5905,13662.908973141954,0.3536636678099029,early,,15,14,none,0
do0Jcw2xvOQ,UCwMbSEgxhmOB5dXcxRTKHJQ,heldout,2,2.8524,33,6058.99,5905,14515.494209601033,0.41741517818155077,early,0.870642994058637,15,13,none,0
do0Jcw2xvOQ,UCwMbSEgxhmOB5dXcxRTKHJQ,heldout,3,2.8524,33,6058.99,5905,14515.494209601033,0.41741517818155077,early,0.870642994058637,15,13,none,0
do0Jcw2xvOQ,UCwMbSEgxhmOB5dXcxRTKHJQ,heldout,5,4.8524,33,8318.70,5905,15307.016879676867,0.5434563848565614,likely,0.7779715296057778,15,13,none,0
do0Jcw2xvOQ,UCwMbSEgxhmOB5dXcxRTKHJQ,heldout,7,6.8524,33,8184.34,5905,15854.257808693814,0.5162235596280407,likely,0.7025931341813979,15,13,none,0
do0Jcw2xvOQ,UCwMbSEgxhmOB5dXcxRTKHJQ,heldout,14,14.8524,33,7266.26,5905,18690.089327119713,0.38877623057096106,confirmed,0.5348628377841966,15,12,none,0
VW1VDN0dYLE,UCglNXzBo6bmKc9otKf-OuGQ,time,14,13.7079,28,22290.60,22046,6353.286490854796,3.5085156354417637,confirmed,0.04390671689144198,15,15,none,0
TBWsUPEDlvk,UCfzP_CiebRdveD9rRZv5Ndw,time,1,0.9161,27,24953.07,19411,21134.348568497888,1.180687757260913,early,,15,15,none,0
TBWsUPEDlvk,UCfzP_CiebRdveD9rRZv5Ndw,time,2,1.9161,27,22391.72,19411,21160.85460836371,1.0581673181475384,early,0.5229466992082309,15,15,none,0
TBWsUPEDlvk,UCfzP_CiebRdveD9rRZv5Ndw,time,3,2.9161,27,19811.01,19411,21468.487921498763,0.9227948617243561,early,0.4252852634090344,15,15,none,0
TBWsUPEDlvk,UCfzP_CiebRdveD9rRZv5Ndw,time,5,4.9161,27,19957.45,19411,21867.58790115203,0.9126497405683727,likely,0.35408428822270765,15,15,none,0
TBWsUPEDlvk,UCfzP_CiebRdveD9rRZv5Ndw,time,7,7.9161,27,20597.36,19411,21596.36428389184,0.9537420196994393,confirmed,0.3197202106615467,15,15,none,0
TBWsUPEDlvk,UCfzP_CiebRdveD9rRZv5Ndw,time,14,15.9161,27,19982.39,19411,21639.447942578525,0.923424151747389,confirmed,0.2600297534561507,15,11,none,0
2PJ8yXYa9JY,UCkU_KcVKHrxgE4uhbIWaQtg,heldout,5,6.7499,28,54490.41,63602,59429.000000000015,0.9168992617655366,likely,,15,13,none,0
2PJ8yXYa9JY,UCkU_KcVKHrxgE4uhbIWaQtg,time,5,6.7499,28,54490.41,63602,59429.000000000015,0.9168992617655366,likely,,15,13,none,0
2PJ8yXYa9JY,UCkU_KcVKHrxgE4uhbIWaQtg,heldout,7,6.7499,28,54490.41,63602,59429.000000000015,0.9168992617655366,likely,,15,13,none,0
2PJ8yXYa9JY,UCkU_KcVKHrxgE4uhbIWaQtg,time,7,6.7499,28,54490.41,63602,59429.000000000015,0.9168992617655366,likely,,15,13,none,0
2PJ8yXYa9JY,UCkU_KcVKHrxgE4uhbIWaQtg,heldout,14,13.7499,28,53230.23,63602,59429.000000000015,0.8956945814804683,confirmed,0.19225287461533253,15,9,none,0
2PJ8yXYa9JY,UCkU_KcVKHrxgE4uhbIWaQtg,time,14,13.7499,28,53230.23,63602,59429.000000000015,0.8956945814804683,confirmed,0.19225287461533253,15,9,none,0
DpWXwnRGhyg,UCnmGIkw-KdI0W5siakKPKog,heldout,1,0.8750,30,4479410.32,3205224,3293347.477324927,1.3601389940722395,early,,11,11,none,0
DpWXwnRGhyg,UCnmGIkw-KdI0W5siakKPKog,heldout,14,13.8750,30,3160930.17,3205224,3335479.5548534626,0.9476688787323679,confirmed,0.21420089678625953,15,15,none,0
NYgLyDCvCe8,UCdOIkjWFRXVho4Ua_j9_q4A,time,1,0.8328,27,27189.71,18183,31709.799816681923,0.8574545305510186,early,,15,11,none,0
NYgLyDCvCe8,UCdOIkjWFRXVho4Ua_j9_q4A,time,2,1.8328,27,18735.84,18183,31709.799816681923,0.5908534323211662,early,0.4474806759069256,15,10,none,0
NYgLyDCvCe8,UCdOIkjWFRXVho4Ua_j9_q4A,time,3,2.8328,27,18581.93,18183,31709.799816681923,0.5859995501716667,early,0.34712432147482086,15,10,none,0
NYgLyDCvCe8,UCdOIkjWFRXVho4Ua_j9_q4A,time,5,4.8328,27,18848.32,18183,31751.85371288156,0.5936132689149128,likely,0.30152653351195036,15,9,none,0
NYgLyDCvCe8,UCdOIkjWFRXVho4Ua_j9_q4A,time,7,6.8328,27,18675.18,18183,32295.64459056136,0.5782569892976889,likely,0.28128306492235783,15,9,none,0
NYgLyDCvCe8,UCdOIkjWFRXVho4Ua_j9_q4A,time,14,12.8328,27,19380.38,18183,33329.96806529089,0.5814701341421976,confirmed,0.23909011261377766,15,9,none,0
bsWiHfc65O4,UCYPHQSj2QrRNfIiHNzbB6IA,time,2,2.0684,28,5117.47,3910,3630.3067232406092,1.4096519490579895,early,,15,14,none,0
bsWiHfc65O4,UCYPHQSj2QrRNfIiHNzbB6IA,time,3,3.0684,28,5280.59,3910,3615.6581553305155,1.4604795342899155,likely,0.5993709782111344,15,14,none,0
bsWiHfc65O4,UCYPHQSj2QrRNfIiHNzbB6IA,time,5,5.0684,28,4500.25,3910,3652.1136502203294,1.2322307769399707,likely,0.35861440049231574,15,14,none,0
bsWiHfc65O4,UCYPHQSj2QrRNfIiHNzbB6IA,time,7,7.0684,28,4373.98,3910,3613.724504625532,1.2103813798644418,confirmed,0.28644690449787025,15,13,none,0
bsWiHfc65O4,UCYPHQSj2QrRNfIiHNzbB6IA,time,14,13.0684,28,4125.15,3910,3503.4251760626794,1.1774628107266472,confirmed,0.2148643894542821,15,13,none,0
cPU-9hNsXYE,UCeYUHG6o0YguM-g23htdsSw,time,5,5.0826,28,651.10,771,731.9999999999998,0.8894784895510821,likely,0.12822343415856882,15,12,none,0
cPU-9hNsXYE,UCeYUHG6o0YguM-g23htdsSw,time,7,7.0826,28,664.00,771,731.9999999999998,0.907101913810668,confirmed,0.17076190820439788,15,11,none,0
cPU-9hNsXYE,UCeYUHG6o0YguM-g23htdsSw,time,14,14.0826,28,734.81,771,731.9999999999998,1.003838574614509,confirmed,0.1763630519154111,15,8,none,0
HNOpULzRT3M,UC6BW8DqrAmBEIeCtMa4bfBw,time,14,13.2522,28,2340.93,2189,3834.65202387192,0.6104677047997968,confirmed,,15,15,none,0
Q4NKhkbmTgs,UC8T8KJwCworH4Hpr5YjEzZA,time,5,5.0624,27,25473.44,31566,,,insufficient,1.34111822350763,1,1,none,0
Q4NKhkbmTgs,UC8T8KJwCworH4Hpr5YjEzZA,time,7,7.0624,27,28958.97,31566,,,insufficient,1.0875441564585402,1,1,none,0
Q4NKhkbmTgs,UC8T8KJwCworH4Hpr5YjEzZA,time,14,15.0624,27,33696.06,31566,,,insufficient,0.7881889741235288,1,1,none,0
qxavxDrfFIg,UC8jRs1LfVO5vsrSk-YRu5ZA,time,7,8.6978,27,4024.67,3237,2920.355597608898,1.3781425689488656,confirmed,,10,8,none,0
qxavxDrfFIg,UC8jRs1LfVO5vsrSk-YRu5ZA,time,14,13.6978,27,3322.98,3237,2729.0173422664775,1.2176460294009577,confirmed,0.015003287069919935,15,11,none,0
htSyiCxOvZw,UCnpWedLQdHpZqhgTLdB9Yyg,time,1,0.8955,27,60341.05,62005,72462.03782391039,0.8327264013314986,early,,14,14,none,0
htSyiCxOvZw,UCnpWedLQdHpZqhgTLdB9Yyg,time,2,1.8955,27,72478.10,62005,76546.8052615482,0.9468468214458495,early,0.8275647317444582,15,15,none,0
htSyiCxOvZw,UCnpWedLQdHpZqhgTLdB9Yyg,time,3,2.8955,27,70442.99,62005,76144.84014229251,0.9251183653525115,early,0.645902482203796,15,15,none,0
htSyiCxOvZw,UCnpWedLQdHpZqhgTLdB9Yyg,time,5,4.8955,27,72259.09,62005,75390.91697009883,0.958458821252126,likely,0.5471022126441946,15,15,none,0
htSyiCxOvZw,UCnpWedLQdHpZqhgTLdB9Yyg,time,7,6.8955,27,70203.12,62005,74329.27147690978,0.9444882189034065,likely,0.49603375596108823,15,15,none,0
htSyiCxOvZw,UCnpWedLQdHpZqhgTLdB9Yyg,time,14,12.8955,27,63733.92,62005,73433.99999999994,0.8679074442019039,confirmed,0.40418452583751213,15,13,none,0
zJ_F9w0ql9Q,UC7vAK04m8gUbeJ4oheQ8rCQ,time,5,6.8320,27,10052.85,12474,,,insufficient,,0,0,none,0
zJ_F9w0ql9Q,UC7vAK04m8gUbeJ4oheQ8rCQ,time,7,6.8320,27,10052.85,12474,,,insufficient,,0,0,none,0
zJ_F9w0ql9Q,UC7vAK04m8gUbeJ4oheQ8rCQ,time,14,12.8320,27,14110.83,12474,,,insufficient,0.5863541450603502,0,0,none,0
04xhEGQ_Yy4,UCJP9OOLkOzsXbb_Bo_kqjTw,time,1,0.7634,28,13742.21,8897,28556.504309249452,0.4812286311875686,early,,14,12,none,0
04xhEGQ_Yy4,UCJP9OOLkOzsXbb_Bo_kqjTw,time,2,2.7634,28,10123.47,8897,26922.00000000001,0.37602968890510796,early,0.4351899986919414,15,12,none,0
04xhEGQ_Yy4,UCJP9OOLkOzsXbb_Bo_kqjTw,time,3,2.7634,28,10123.47,8897,26922.00000000001,0.37602968890510796,early,0.4351899986919414,15,12,none,0
04xhEGQ_Yy4,UCJP9OOLkOzsXbb_Bo_kqjTw,time,5,4.7634,28,9103.69,8897,26922.00000000001,0.3381504621522264,likely,0.34084659533741113,15,11,none,0
04xhEGQ_Yy4,UCJP9OOLkOzsXbb_Bo_kqjTw,time,7,6.7634,28,9595.70,8897,26922.00000000001,0.356426120122851,likely,0.30728827409163856,15,10,none,0
04xhEGQ_Yy4,UCJP9OOLkOzsXbb_Bo_kqjTw,time,14,12.7634,28,9432.72,8897,26922.00000000001,0.35037225556940577,confirmed,0.24340532121641906,15,8,none,0
3c7nytrk4-M,UCyO9K3_tU2OTrNljdHm7L_g,time,14,13.0046,27,2892.91,2801,3007.5100802296,0.9618960813296489,confirmed,,15,15,none,0
FkYNAqzKQ9k,UCSMOQeBJ2RAnuFungnQOxLg,time,14,13.7758,29,13693.99,14278,11748.51831850503,1.1655925719105837,confirmed,0.16515765911907027,15,14,none,0
cqmPjO-iHLo,UCR-DXc1voovS8nhAvccRZhg,heldout,14,12.9159,30,193307.17,204644,255164.51705863758,0.7575785639299756,confirmed,0.06625003190683415,15,14,none,0
3uL_sJwNLvw,UC82CC3slHM06qAeH1KpWOGg,time,7,8.9243,27,1465.80,1687,1044.9742554310378,1.402718429331845,confirmed,,7,7,none,0
3uL_sJwNLvw,UC82CC3slHM06qAeH1KpWOGg,time,14,12.9243,27,1521.01,1687,1209,1.2580719650379815,confirmed,0.3285727426624272,15,14,none,0
jC7SCS_k6P8,UC8tRLgtV1soMY464cGlp8-Q,time,14,13.8660,29,186753.25,212160,23141.442038742185,8.07007834418904,confirmed,0.3791143312492337,15,14,none,0
tgy5EinyiP4,UCPCPE5MoI7DS1WiVB_-mzNw,time,5,6.8814,28,3037.39,2420,5590.459577433719,0.5433165140022975,likely,,15,15,none,0
tgy5EinyiP4,UCPCPE5MoI7DS1WiVB_-mzNw,time,7,6.8814,28,3037.39,2420,5590.459577433719,0.5433165140022975,likely,,15,15,none,0
tgy5EinyiP4,UCPCPE5MoI7DS1WiVB_-mzNw,time,14,12.8814,28,2496.37,2420,5363.617530340095,0.46542578590752265,confirmed,0.0029273483138728138,15,15,none,0
8Q-t16IzGt8,UC2OjGgjNiqyLr_1qkqAwsUQ,time,14,13.7498,28,1857.68,1891,10850.276957743426,0.17121014864175219,confirmed,0.17611249496056372,15,13,none,0
WYkluiEAKpQ,UCaipqYFk8bhIs1Gyqmm_Yxg,time,1,1.0205,27,25358.75,28152,43141.57811283191,0.5878029987276419,early,1.711919632423187,15,14,none,0
WYkluiEAKpQ,UCaipqYFk8bhIs1Gyqmm_Yxg,time,2,2.0205,27,35938.26,28152,43315.612877730884,0.8296836989759799,early,1.3786183766697686,15,13,none,0
WYkluiEAKpQ,UCaipqYFk8bhIs1Gyqmm_Yxg,time,3,3.0205,27,34098.65,28152,43093.19833007949,0.7912768915734824,likely,1.1526833334773334,15,13,none,0
WYkluiEAKpQ,UCaipqYFk8bhIs1Gyqmm_Yxg,time,5,5.0205,27,37198.80,28152,42924.47575253919,0.866610541557242,likely,1.0160994610884817,15,13,none,0
WYkluiEAKpQ,UCaipqYFk8bhIs1Gyqmm_Yxg,time,7,6.0205,27,34770.00,28152,42830.2582517414,0.8118093304029397,likely,0.9707020948399918,15,13,none,0
WYkluiEAKpQ,UCaipqYFk8bhIs1Gyqmm_Yxg,time,14,15.0205,27,35608.29,28152,45340.97824163518,0.7853444674586182,confirmed,0.7519344374108748,15,12,none,0
flyw7NFt5wc,UCeKKrZ5GnBXRwnKlrixiREQ,time,5,4.8370,27,11734.64,9236,,,insufficient,,1,1,none,0
flyw7NFt5wc,UCeKKrZ5GnBXRwnKlrixiREQ,time,7,6.8370,27,9815.97,9236,,,insufficient,0.11559913566887953,1,1,none,0
flyw7NFt5wc,UCeKKrZ5GnBXRwnKlrixiREQ,time,14,12.8370,27,9422.33,9236,,,insufficient,0.06385579942155904,1,1,none,0
0etReI-mcpY,UCeHFOIlukVFTT8-lhB_Zqfw,heldout,14,13.8542,29,1801.15,1964,1302.053504986741,1.3833177286917915,confirmed,0.1739394539572278,13,13,none,0
TW6qwQfY7_k,UC5lBPQsMMJEE5PTJMzf_sug,heldout,5,4.0638,31,2605.28,2689,4997.052300743909,0.5213636566794866,likely,,15,14,none,0
SQRsGneCnAM,UC0Fh1HN4RvOw2hMk9n5PysA,time,14,13.9572,29,214.92,237,436.3287946633571,0.4925618514009289,confirmed,0.10869414950837014,15,15,none,0
oGCnQTMpgBo,UCuVaqIpPgUyGP6AytqSfs0g,heldout,1,0.0824,30,3579.66,2608,2900.9411738724157,1.2339650561639164,early,,9,9,none,0
oGCnQTMpgBo,UCuVaqIpPgUyGP6AytqSfs0g,heldout,14,12.0824,30,3008.83,2608,2152.8995586857527,1.397568828053747,confirmed,1.2712382789561703,15,15,none,0
Ar4s4H7Pkjw,UC5_SBQbLA9Kg7Jh5GpXoP3g,time,1,0.8330,28,10.62,49,770.4139739675793,0.013784723948111147,early,,12,11,none,0
Ar4s4H7Pkjw,UC5_SBQbLA9Kg7Jh5GpXoP3g,time,2,1.8330,28,12.18,49,770.4139739675793,0.015814331646669937,early,0.9312796179456354,12,11,none,0
Ar4s4H7Pkjw,UC5_SBQbLA9Kg7Jh5GpXoP3g,time,3,2.8330,28,17.12,49,727.050099071827,0.02354417834746998,early,0.9396086142938477,15,14,none,0
Ar4s4H7Pkjw,UC5_SBQbLA9Kg7Jh5GpXoP3g,time,5,4.8330,28,12.36,49,682.967987034602,0.018099275276596837,likely,0.5987884887513285,15,12,none,0
Ar4s4H7Pkjw,UC5_SBQbLA9Kg7Jh5GpXoP3g,time,7,6.8330,28,32.60,49,669.7555062617299,0.04867514105752635,likely,1.10812501964173,15,12,none,0
Ar4s4H7Pkjw,UC5_SBQbLA9Kg7Jh5GpXoP3g,time,14,13.8330,28,48.54,49,641.0646793036058,0.07571860872149688,confirmed,1.0092333609881885,15,12,none,0
vhkqtvrnjE4,UC4AkVj-qnJxNtKuz3rkq16A,time,14,13.8738,28,4414.10,4464,6265.797861505322,0.7044759578381112,confirmed,0.06911789293036615,15,11,none,0
cNjQrPiLMbw,UCnBTvMFhuvbE_dhw2mo0NaQ,time,14,13.9575,29,15857.98,15256,15131.89799182501,1.0479834176367218,confirmed,0.26768976891002644,15,14,none,0
7bYJ9xpX44s,UCYzrlZP_m1cV51q9GGDHCMg,time,0.5,0.6191,29,584.10,544,208.5647736069726,2.8005540318652504,early,,13,13,none,0
7bYJ9xpX44s,UCYzrlZP_m1cV51q9GGDHCMg,time,1,0.6191,29,584.10,544,208.5647736069726,2.8005540318652504,early,,13,13,none,0
7bYJ9xpX44s,UCYzrlZP_m1cV51q9GGDHCMg,time,2,1.6191,29,939.87,544,201.39702860256943,4.666737365595431,early,1.1527012362015423,15,15,none,0
7bYJ9xpX44s,UCYzrlZP_m1cV51q9GGDHCMg,time,3,2.6191,29,746.15,544,196.51639351213754,3.7969083338747445,early,0.815687059483859,15,15,none,0
7bYJ9xpX44s,UCYzrlZP_m1cV51q9GGDHCMg,time,5,4.6191,29,750.94,544,188.62014238974734,3.9812527221864675,likely,0.6369656651160267,15,15,none,0
7bYJ9xpX44s,UCYzrlZP_m1cV51q9GGDHCMg,time,7,6.6191,29,690.84,544,184.68247856226137,3.740706027794107,likely,0.5326545367584494,15,15,none,0
7bYJ9xpX44s,UCYzrlZP_m1cV51q9GGDHCMg,time,14,13.6191,29,620.80,544,179.3621858609723,3.461131676223461,confirmed,0.40043079072187804,15,15,none,0
jJMP33L-Ma4,UC4XsiyKOEWxdW0jpNyKsNEw,time,1,1.1709,29,121.52,123,153.09883731080805,0.7937657699641658,early,1.638558147642072,15,12,none,0
jJMP33L-Ma4,UC4XsiyKOEWxdW0jpNyKsNEw,time,2,1.1709,29,121.52,123,153.09883731080805,0.7937657699641658,early,1.638558147642072,15,12,none,0
jJMP33L-Ma4,UC4XsiyKOEWxdW0jpNyKsNEw,time,3,3.1709,29,173.32,123,152.51738892534524,1.1363799096755838,likely,1.5031452905782867,15,12,none,0
jJMP33L-Ma4,UC4XsiyKOEWxdW0jpNyKsNEw,time,5,5.1709,29,153.15,123,153.06868826238676,1.0005355768163529,likely,1.1562709359789063,15,11,none,0
jJMP33L-Ma4,UC4XsiyKOEWxdW0jpNyKsNEw,time,7,7.1709,29,140.18,123,151.2388693552715,0.9268907436651371,confirmed,1.0137058147402382,15,11,none,0
jJMP33L-Ma4,UC4XsiyKOEWxdW0jpNyKsNEw,time,14,14.1709,29,150.08,123,147.28385298941328,1.0189516918152686,confirmed,0.80355144855465,15,8,none,0
G4AT7BIpheg,UC1vGihnPBNE1wHdNzfe5eBg,time,14,12.9062,27,487.69,463,774.7922943633798,0.6294512834679694,confirmed,,9,9,none,0
hQcpJXeZz94,UC0Le_ilaOlp9HftXeiMglsg,heldout,14,15.4693,27,8438.67,8450,7270.38959615795,1.160689843103702,confirmed,0.07560406077298881,15,10,none,0
hQcpJXeZz94,UC0Le_ilaOlp9HftXeiMglsg,time,14,15.4693,27,8438.67,8450,7270.38959615795,1.160689843103702,confirmed,0.07560406077298881,15,10,none,0
UP0URKAlH3Q,UC1CVzH-XVr3E-kTT6D8hhfg,time,1,0.9160,27,62659.39,45540,39804.89252598645,1.5741629317149533,early,,15,8,none,0
UP0URKAlH3Q,UC1CVzH-XVr3E-kTT6D8hhfg,time,2,1.9160,27,110369.56,45540,40032.62781964696,2.756990188458511,early,1.0974849797068134,15,8,none,0
UP0URKAlH3Q,UC1CVzH-XVr3E-kTT6D8hhfg,time,3,2.9160,27,67479.49,45540,40346.733162157136,1.672489527936381,early,0.7166108647170492,15,8,none,0
UP0URKAlH3Q,UC1CVzH-XVr3E-kTT6D8hhfg,time,5,4.9160,27,50686.53,45540,40336.91375022163,1.2565792059607426,likely,0.48815212584497564,15,8,none,0
UP0URKAlH3Q,UC1CVzH-XVr3E-kTT6D8hhfg,time,7,6.9160,27,50267.00,45540,40805.04740621974,1.2318819784783863,likely,0.4030683058885334,15,7,none,0
UP0URKAlH3Q,UC1CVzH-XVr3E-kTT6D8hhfg,time,14,15.9160,27,49610.73,45540,41234.99999999997,1.2031218155351673,confirmed,0.30147454442989685,15,4,none,0
3wT9uNRk3AM,UCdJ9oJ2GUF8Vmb-G63ldGWg,time,5,5.7329,28,492857.79,740388,,,insufficient,,0,0,none,0
3wT9uNRk3AM,UCdJ9oJ2GUF8Vmb-G63ldGWg,time,7,7.7329,28,718663.74,740388,144889.77351105277,4.960072230671437,confirmed,0.7531234031340762,15,15,none,0
3wT9uNRk3AM,UCdJ9oJ2GUF8Vmb-G63ldGWg,time,14,13.7329,28,602719.40,740388,144447.49054866107,4.172584783467511,confirmed,0.44988211897732944,15,15,none,0
An1ZXDxgCZY,UC3_BakzLfadvFrsnClMFWmQ,time,1,0.0949,28,20869.42,686,767.7143756490318,27.183831235514145,early,,14,14,none,0
An1ZXDxgCZY,UC3_BakzLfadvFrsnClMFWmQ,time,2,2.0949,28,949.02,686,790.7194264058791,1.2002003118124922,early,0.11206532219370448,15,15,none,0
An1ZXDxgCZY,UC3_BakzLfadvFrsnClMFWmQ,time,3,3.0949,28,814.66,686,780.0783676371533,1.044336237592655,likely,0.08827857366159819,15,15,none,0
An1ZXDxgCZY,UC3_BakzLfadvFrsnClMFWmQ,time,5,5.0949,28,759.42,686,758.5831337806039,1.0011092391412173,likely,0.07752896400905994,15,15,none,0
An1ZXDxgCZY,UC3_BakzLfadvFrsnClMFWmQ,time,7,7.0949,28,737.65,686,744.7078315849003,0.9905281555606286,confirmed,0.07027014821725358,15,15,none,0
An1ZXDxgCZY,UC3_BakzLfadvFrsnClMFWmQ,time,14,13.0949,28,653.29,686,709.092647534912,0.9213014543297791,confirmed,0.059656994235581,15,12,none,0
W8iV_m3QQ-4,UCWK4FbIkCfSNoscMXWbCxAg,time,3,3.7911,27,77806.22,66963,50962.94484363664,1.5267214094219799,likely,,4,4,none,0
W8iV_m3QQ-4,UCWK4FbIkCfSNoscMXWbCxAg,time,5,4.7911,27,66988.51,66963,50769.09368629771,1.3194741254289688,likely,0.3066402110562041,15,14,none,0
W8iV_m3QQ-4,UCWK4FbIkCfSNoscMXWbCxAg,time,7,6.7911,27,67624.06,66963,50944.94086534929,1.3273950057716426,likely,0.264101252720809,15,13,none,0
W8iV_m3QQ-4,UCWK4FbIkCfSNoscMXWbCxAg,time,14,15.7911,27,68417.75,66963,51148.21365634367,1.3376371856957672,confirmed,0.19847531190883344,15,12,none,0
kTQy6RUkczs,UCmlqW3C9C0_gA0LufzbHfKg,heldout,14,14.8567,28,1731.31,1591,70248.479633842,0.02464556846792992,confirmed,,15,15,none,0
1zfTDaO1cO8,UC2r2JPFr-m6Q0z2WRiCg7dA,time,7,7.0833,27,31295.68,27505,,,insufficient,,0,0,none,0
1zfTDaO1cO8,UC2r2JPFr-m6Q0z2WRiCg7dA,time,14,15.0833,27,27125.25,27505,28310.378002765974,0.9581379449824802,confirmed,0.07965905564927023,15,11,none,0
EkfrE8E1rkM,UCTQuKo8v0PaPCvk5aRxc_Yg,heldout,0.5,0.5750,30,13950.52,26202,8733.964405490586,1.5972726710654161,early,,14,12,none,0
EkfrE8E1rkM,UCTQuKo8v0PaPCvk5aRxc_Yg,heldout,1,0.5750,30,13950.52,26202,8733.964405490586,1.5972726710654161,early,,14,12,none,0
EkfrE8E1rkM,UCTQuKo8v0PaPCvk5aRxc_Yg,heldout,5,4.5750,30,22195.64,26202,7864.705556025085,2.822183309900102,likely,0.7887387622508011,15,13,none,0
EkfrE8E1rkM,UCTQuKo8v0PaPCvk5aRxc_Yg,heldout,7,6.5750,30,21579.86,26202,7941.294643962339,2.7174238838990807,likely,0.7035340343566692,15,12,none,0
EkfrE8E1rkM,UCTQuKo8v0PaPCvk5aRxc_Yg,heldout,14,14.5750,30,23168.97,26202,9128.456620214787,2.538103531372745,confirmed,0.6234080664708519,15,11,none,0
oBCjyy22-aw,UC6BW8DqrAmBEIeCtMa4bfBw,time,14,15.2758,27,16854.60,16427,3358.7201614839214,5.018162305952977,confirmed,0.01416273500810158,15,15,none,0
gTjQShtWe7A,UCekqigelo-rjhHWL1NEL4yw,time,14,12.7910,27,234.98,225,252.7316411236406,0.9297602678409713,confirmed,,15,12,none,0
i3ZNdFRWNLI,UCUpbDOT-OVNBlaQpb9pbd2w,heldout,14,14.3912,30,65087.37,63397,26617.66825037451,2.44526933656002,confirmed,0.05554188748623538,15,15,none,0
Fqbp7ghZ6pU,UCc2lUKVOTXKlQR7Fm7h1JfQ,time,5,4.9164,27,26829.23,23192,,,insufficient,,1,1,none,0
Fqbp7ghZ6pU,UCc2lUKVOTXKlQR7Fm7h1JfQ,time,7,6.9164,27,22727.66,23192,,,insufficient,0.16031855480586438,1,1,none,0
Fqbp7ghZ6pU,UCc2lUKVOTXKlQR7Fm7h1JfQ,time,14,12.9164,27,24074.81,23192,,,insufficient,0.13510028619064535,1,1,none,0
lKDHTZKQ7p0,UCEcOWDGI1Q1ReD4xrtUorWQ,time,5,6.7812,29,5383.43,5483,,,insufficient,,0,0,none,0
lKDHTZKQ7p0,UCEcOWDGI1Q1ReD4xrtUorWQ,time,7,6.7812,29,5383.43,5483,,,insufficient,,0,0,none,0
lKDHTZKQ7p0,UCEcOWDGI1Q1ReD4xrtUorWQ,time,14,13.7812,29,5329.55,5483,,,insufficient,0.21361203489688785,0,0,none,0
DEN9s1yE8wI,UCihUiDJzjyo2ov_qGtW33lw,time,14,13.1894,28,6038.54,5468,22526.000000000015,0.26806971886840336,confirmed,,15,12,none,0
3Q4FIzaQMd0,UCKLIIdKEpjAnn8E76KP7sQg,heldout,5,5.1042,30,12025.63,10035,9151.46643869595,1.3140660247706613,likely,,15,13,none,0
3Q4FIzaQMd0,UCKLIIdKEpjAnn8E76KP7sQg,heldout,7,6.1042,30,9998.46,10035,9151.46643869595,1.0925523052221124,likely,0.1844672338094158,15,13,none,0
3Q4FIzaQMd0,UCKLIIdKEpjAnn8E76KP7sQg,heldout,14,14.1042,30,10125.99,10035,9052.97952444944,1.1185253980350012,confirmed,0.11329260792662411,15,12,none,0
O_MY-4kIxwo,UCnjOBqS_4w-AsjyDr4bQEUg,time,1,0.9162,29,1697.14,3370,9617.000000000002,0.17647339065071185,early,,15,8,none,0
O_MY-4kIxwo,UCnjOBqS_4w-AsjyDr4bQEUg,time,2,1.9162,29,1370.50,3370,9617.000000000002,0.14250784643690062,early,0.47755790744591015,15,8,none,0
O_MY-4kIxwo,UCnjOBqS_4w-AsjyDr4bQEUg,time,3,2.9162,29,1380.92,3370,9617.000000000002,0.14359163926110927,early,0.45967286717037514,15,7,none,0
O_MY-4kIxwo,UCnjOBqS_4w-AsjyDr4bQEUg,time,5,4.9162,29,2006.95,3370,9617.000000000002,0.20868751072933386,likely,0.4976571473193282,15,6,none,0
O_MY-4kIxwo,UCnjOBqS_4w-AsjyDr4bQEUg,time,7,6.9162,29,2546.46,3370,9617.000000000002,0.2647878149275018,likely,0.5646442854225616,15,6,none,0
O_MY-4kIxwo,UCnjOBqS_4w-AsjyDr4bQEUg,time,14,13.9162,29,3147.64,3370,9617.000000000002,0.3272990753412812,confirmed,0.5688757335018597,15,4,none,0
yvfGX43b_9Q,UC3_BakzLfadvFrsnClMFWmQ,heldout,5,5.1172,30,1094.60,812,887.0173616994426,1.2340220051911694,likely,,15,15,none,0
yvfGX43b_9Q,UC3_BakzLfadvFrsnClMFWmQ,heldout,7,5.1172,30,1094.60,812,887.0173616994426,1.2340220051911694,likely,,15,15,none,0
yvfGX43b_9Q,UC3_BakzLfadvFrsnClMFWmQ,heldout,14,12.1172,30,837.98,812,803.7331465995101,1.042606161662615,confirmed,0.009734600145479212,15,11,none,0
n0V8YQ9CETk,UC93sJsqzmDqkYrEHUPDQzuQ,heldout,0.5,0.3935,29,1073.05,377,1073.6519037112287,0.9994388311568294,early,,12,9,none,0
n0V8YQ9CETk,UC93sJsqzmDqkYrEHUPDQzuQ,heldout,1,1.3935,29,700.94,377,1033.4203076426666,0.6782741911790926,early,0.1863559168330057,15,11,none,0
n0V8YQ9CETk,UC93sJsqzmDqkYrEHUPDQzuQ,heldout,2,2.3935,29,482.48,377,1021.1672417513,0.4724786654520014,early,0.26088392795688176,15,9,none,0
n0V8YQ9CETk,UC93sJsqzmDqkYrEHUPDQzuQ,heldout,3,3.3935,29,425.37,377,985.6311021505859,0.4315677556836595,likely,0.22543283235806252,15,9,none,0
n0V8YQ9CETk,UC93sJsqzmDqkYrEHUPDQzuQ,heldout,5,5.3935,29,403.66,377,957.6464735256845,0.4215105712953655,likely,0.19255620806625412,15,9,none,0
n0V8YQ9CETk,UC93sJsqzmDqkYrEHUPDQzuQ,heldout,7,7.3935,29,403.46,377,959.1002433486238,0.42066103760339807,confirmed,0.18345408751617032,15,9,none,0
n0V8YQ9CETk,UC93sJsqzmDqkYrEHUPDQzuQ,heldout,14,14.3935,29,415.49,377,949.6950540649173,0.43750334219003206,confirmed,0.14500093877526857,15,7,none,0
GdvrTH_SHxA,UCFNWnGcWFs8d_RjlLLXdh_A,heldout,3,3.8747,28,20556.27,35375,63152.37319916318,0.32550266454208077,likely,,15,15,none,0
GdvrTH_SHxA,UCFNWnGcWFs8d_RjlLLXdh_A,heldout,5,4.8747,28,22563.87,35375,63155.000000000015,0.35727768480814565,likely,0.6376023379176881,15,14,none,0
GdvrTH_SHxA,UCFNWnGcWFs8d_RjlLLXdh_A,heldout,7,6.8747,28,21810.93,35375,63155.000000000015,0.3453556045345923,likely,0.6212453276941451,15,14,none,0
GdvrTH_SHxA,UCFNWnGcWFs8d_RjlLLXdh_A,heldout,14,13.8747,28,30226.28,35375,63155.000000000015,0.47860477015406744,confirmed,0.5470849011337489,15,14,none,0
q88zqIWLFok,UCsLt8oYvDYGpSHcGhRBBkyw,time,14,13.2828,28,3127.86,2747,3057.2637183115867,1.0230917642781763,confirmed,0.9043555428191642,15,15,none,0
mwFwoyyUgKM,UCVbwsYKbh6Pz3RHXCXj4MdQ,heldout,1,0.9573,30,652.93,978,1994.9940558960939,0.3272854739654261,early,,15,14,none,0
mwFwoyyUgKM,UCVbwsYKbh6Pz3RHXCXj4MdQ,heldout,2,1.9573,30,1379.13,978,2002.7310924835476,0.6886226770625126,early,1.7583422810432128,15,14,none,0
mwFwoyyUgKM,UCVbwsYKbh6Pz3RHXCXj4MdQ,heldout,3,2.9573,30,1339.47,978,2008.052149409196,0.6670482294502946,early,1.1840055045087652,15,13,none,0
mwFwoyyUgKM,UCVbwsYKbh6Pz3RHXCXj4MdQ,heldout,5,4.9573,30,1329.80,978,2008.052149409196,0.6622318285512966,likely,0.864527090223329,15,13,none,0
mwFwoyyUgKM,UCVbwsYKbh6Pz3RHXCXj4MdQ,heldout,7,6.9573,30,1251.86,978,2103.0171586867714,0.5952671543818299,likely,0.740076860520016,15,13,none,0
mwFwoyyUgKM,UCVbwsYKbh6Pz3RHXCXj4MdQ,heldout,14,13.9573,30,1115.65,978,2184.322596296236,0.510751520001112,confirmed,0.5779037910358814,15,12,none,0
B0jru4K6-WI,UCEaIzMzCEkTy547iHSs2xUg,time,2,2.9581,29,6313.54,5407,10181.524074889812,0.620097764401862,early,,15,13,none,0
B0jru4K6-WI,UCEaIzMzCEkTy547iHSs2xUg,time,3,2.9581,29,6313.54,5407,10181.524074889812,0.620097764401862,early,,15,13,none,0
B0jru4K6-WI,UCEaIzMzCEkTy547iHSs2xUg,time,5,4.9581,29,4870.12,5407,10122.954916224513,0.4810970473226754,likely,0.1713112135381175,15,13,none,0
B0jru4K6-WI,UCEaIzMzCEkTy547iHSs2xUg,time,7,6.9581,29,5111.91,5407,10108.293467527646,0.5057144190637727,likely,0.2220474067191789,15,12,none,0
B0jru4K6-WI,UCEaIzMzCEkTy547iHSs2xUg,time,14,13.9581,29,5574.12,5407,10033.000000000007,0.555578549687832,confirmed,0.19024785218355317,15,10,none,0
xrYvmrObkfM,UCfa9hkgsTHfK8bpDoiQZI5g,time,0.5,0.7390,28,2442.59,2360,3231.5374778918167,0.755859131079264,early,,14,14,none,0
xrYvmrObkfM,UCfa9hkgsTHfK8bpDoiQZI5g,time,1,0.7390,28,2442.59,2360,3231.5374778918167,0.755859131079264,early,,14,14,none,0
xrYvmrObkfM,UCfa9hkgsTHfK8bpDoiQZI5g,time,2,2.7390,28,2407.23,2360,2760.2432877545893,0.8721093875276428,early,0.6184127672511006,15,15,none,0
xrYvmrObkfM,UCfa9hkgsTHfK8bpDoiQZI5g,time,3,2.7390,28,2407.23,2360,2760.2432877545893,0.8721093875276428,early,0.6184127672511006,15,15,none,0
xrYvmrObkfM,UCfa9hkgsTHfK8bpDoiQZI5g,time,5,4.7390,28,2359.56,2360,2728.2151326087596,0.8648743305271416,likely,0.5162301697138579,15,15,none,0
xrYvmrObkfM,UCfa9hkgsTHfK8bpDoiQZI5g,time,7,6.7390,28,2623.00,2360,2707.19825169858,0.9688987423599968,likely,0.48788538264236414,15,15,none,0
xrYvmrObkfM,UCfa9hkgsTHfK8bpDoiQZI5g,time,14,13.7390,28,2671.68,2360,2646.000000000001,1.0097063917879046,confirmed,0.41427779188054453,15,12,none,0
Cxp9oHq1INk,UCYO_YUHK7ZROCqJMtSOuOHQ,heldout,2,2.7487,30,4080.49,30175,1753,2.327718074714456,early,,15,11,none,0
Cxp9oHq1INk,UCYO_YUHK7ZROCqJMtSOuOHQ,heldout,3,2.7487,30,4080.49,30175,1753,2.327718074714456,early,,15,11,none,0
Cxp9oHq1INk,UCYO_YUHK7ZROCqJMtSOuOHQ,heldout,5,4.7487,30,312.44,30175,1753,0.1782292868890073,likely,0.16808022867760966,15,10,none,0
Cxp9oHq1INk,UCYO_YUHK7ZROCqJMtSOuOHQ,heldout,7,6.7487,30,304.52,30175,1753,0.17371130328321388,likely,0.11396879703950244,15,9,none,0
Cxp9oHq1INk,UCYO_YUHK7ZROCqJMtSOuOHQ,heldout,14,13.7487,30,22618.88,30175,2627.8586977056584,8.607341894027705,confirmed,2.8602051180635018,15,7,none,0
C4jXKfGDeWE,UCBRpqrzuuqE8TZcWw75JSdw,time,5,5.9581,29,29290.38,24129,,,insufficient,,2,2,none,0
C4jXKfGDeWE,UCBRpqrzuuqE8TZcWw75JSdw,time,7,6.9581,29,26921.40,24129,,,insufficient,0.22876736852286864,2,2,none,0
C4jXKfGDeWE,UCBRpqrzuuqE8TZcWw75JSdw,time,14,13.9581,29,24291.00,24129,,,insufficient,0.11423002596749547,2,2,none,0
bDlxnLu8mb0,UCkRhsBbu0tvQrXBtvpl0kIg,time,14,12.5623,27,3933.70,3972,4098.502325363127,0.959788524938566,confirmed,,15,14,none,0
FL1NY8tb71M,UCgDcCZDBaXtAQGSc-Chs0xw,time,5,5.8919,28,633.64,822,,,insufficient,,0,0,none,0
FL1NY8tb71M,UCgDcCZDBaXtAQGSc-Chs0xw,time,7,6.8919,28,831.31,822,,,insufficient,0.6659162814710936,0,0,none,0
FL1NY8tb71M,UCgDcCZDBaXtAQGSc-Chs0xw,time,14,12.8919,28,742.38,822,,,insufficient,0.44145128134242473,0,0,none,0
sHiM7k9dftk,UC8DqDLFZCni7Jkys3N3818w,time,5,4.8177,27,36.71,75,28.87459547009166,1.271472582955404,likely,,5,5,none,0
sHiM7k9dftk,UC8DqDLFZCni7Jkys3N3818w,time,7,7.8177,27,58.68,75,30.847750065340485,1.9022715955012948,confirmed,0.6917858522316284,5,5,none,0
sHiM7k9dftk,UC8DqDLFZCni7Jkys3N3818w,time,14,15.8177,27,62.05,75,37.03334536730199,1.675535649431305,confirmed,0.5614416501784473,5,5,none,0
_ddXXvJwi_g,UC8kGsMa0LygSX9nkBcBH1Sg,time,14,13.8326,27,9789.14,10144,13897.999999999996,0.7043562707687043,confirmed,0.0989233361016322,15,12,none,0
QSd5MPr_NTU,UCjtWf6u79u_FisPyhqlGeNQ,time,1,1.4806,28,139.23,128,204.90699730279096,0.6794705477709667,early,,15,14,none,0
QSd5MPr_NTU,UCjtWf6u79u_FisPyhqlGeNQ,time,2,2.4806,28,121.06,128,204.83336886029275,0.5909927984152114,early,0.5552089159203923,15,14,none,0
QSd5MPr_NTU,UCjtWf6u79u_FisPyhqlGeNQ,time,3,3.4806,28,151.34,128,205.82399122811682,0.7353015760069866,likely,0.6662135983937032,15,13,none,0
QSd5MPr_NTU,UCjtWf6u79u_FisPyhqlGeNQ,time,5,5.4806,28,128.78,128,204.8402130671153,0.6286801674358341,likely,0.4916683144037732,15,13,none,0
QSd5MPr_NTU,UCjtWf6u79u_FisPyhqlGeNQ,time,7,7.4806,28,144.50,128,203.99909315631317,0.7083316033925394,confirmed,0.4828156690438032,15,12,none,0
QSd5MPr_NTU,UCjtWf6u79u_FisPyhqlGeNQ,time,14,13.4806,28,135.62,128,206.00000000000003,0.6583324427989921,confirmed,0.3928709566308545,15,10,none,0
TNOqbQjtMzI,UC-ew9TfeD887qUSiWWAAj1w,heldout,2,2.9577,30,4412.50,3817,9279.70990246689,0.4754999866012933,early,,15,14,none,0
TNOqbQjtMzI,UC-ew9TfeD887qUSiWWAAj1w,heldout,3,2.9577,30,4412.50,3817,9279.70990246689,0.4754999866012933,early,,15,14,none,0
TNOqbQjtMzI,UC-ew9TfeD887qUSiWWAAj1w,heldout,5,4.9577,30,3420.83,3817,9063.047403233264,0.37744825848738495,likely,0.18356855400846578,15,14,none,0
TNOqbQjtMzI,UC-ew9TfeD887qUSiWWAAj1w,heldout,7,6.9577,30,3536.56,3817,9381.248270560629,0.3769820372138636,likely,0.20748128795537013,15,14,none,0
TNOqbQjtMzI,UC-ew9TfeD887qUSiWWAAj1w,heldout,14,13.9577,30,3802.31,3817,9854.319154751181,0.3858526140412294,confirmed,0.17198375776972433,15,14,none,0
5_hQX0gwRS8,UCQ_bmgSrYsQS0LboA_tZpEw,heldout,1,1.9998,30,332334.34,392887,214786.3982823679,1.5472783503699947,early,,14,14,none,0
5_hQX0gwRS8,UCQ_bmgSrYsQS0LboA_tZpEw,heldout,2,1.9998,30,332334.34,392887,214786.3982823679,1.5472783503699947,early,,14,14,none,0
5_hQX0gwRS8,UCQ_bmgSrYsQS0LboA_tZpEw,heldout,3,2.9998,30,234265.06,392887,212947.33014958602,1.1001079907242741,early,0.20275954183345804,15,14,none,0
5_hQX0gwRS8,UCQ_bmgSrYsQS0LboA_tZpEw,heldout,5,4.9998,30,348385.91,392887,210896.49032904976,1.6519284461814518,likely,0.5017920702408103,15,14,none,0
5_hQX0gwRS8,UCQ_bmgSrYsQS0LboA_tZpEw,heldout,7,5.9998,30,372520.20,392887,210896.49032904976,1.7663650993812487,likely,0.48954933285436436,15,14,none,0
5_hQX0gwRS8,UCQ_bmgSrYsQS0LboA_tZpEw,heldout,14,13.9998,30,390400.66,392887,205431.89736322899,1.9003896746531794,confirmed,0.40937900575730224,15,13,none,0
83hJsRWVB0c,UCnmGIkw-KdI0W5siakKPKog,heldout,3,3.8748,30,3556765.12,3139671,3495284.5755358264,1.0175895686877583,likely,,15,15,none,0
83hJsRWVB0c,UCnmGIkw-KdI0W5siakKPKog,heldout,5,3.8748,30,3556765.12,3139671,3495284.5755358264,1.0175895686877583,likely,,15,15,none,0
XYX2zn-zQn0,UCKegeYEy0lJxpkjWRthaRMw,time,14,14.0076,28,50616.90,48958,15318.000000000002,3.3044066407182795,confirmed,1.183311822135831,15,13,none,0
VKoewh7wlb8,UCthfI4-SrAfqxLVngitqA4Q,time,14,13.8327,29,1257.04,1500,264.1149404216316,4.75944934626761,confirmed,0.31857161213586893,15,15,none,0
z48MYcN-lZI,UCjB9rCM_kqa-tQj1UcwauAg,heldout,14,14.5410,31,3235.41,4058,3102.8616898042374,1.042716911844035,confirmed,,15,13,none,0
6dNLIhtyVvg,UCxkIzPnPzWLz4IeuxIROflg,time,1,0.8749,28,2338.07,6549,1834.9340007538613,1.274200998524433,early,,15,13,none,0
6dNLIhtyVvg,UCxkIzPnPzWLz4IeuxIROflg,time,2,1.8749,28,2735.21,6549,1818.346003390109,1.504231963556423,early,0.7584796501235954,15,12,none,0
6dNLIhtyVvg,UCxkIzPnPzWLz4IeuxIROflg,time,3,2.8749,28,3183.48,6549,1811.4583950037809,1.7574106108110044,early,0.8528164386824207,15,12,none,0
6dNLIhtyVvg,UCxkIzPnPzWLz4IeuxIROflg,time,5,4.8749,28,7083.25,6549,1901.1548185199777,3.7257597273311327,likely,0.8281209571546763,15,11,none,0
6dNLIhtyVvg,UCxkIzPnPzWLz4IeuxIROflg,time,7,6.8749,28,5706.32,6549,1909.0801710141698,2.989040207832089,likely,0.8830713100927539,15,10,none,0
6dNLIhtyVvg,UCxkIzPnPzWLz4IeuxIROflg,time,14,13.8749,28,6469.45,6549,1846.6862255702538,3.5032755051543747,confirmed,0.7918263347702984,15,7,none,0
AK7M1WahKb4,UCDdUNivjRfrqIE71438HJqQ,time,5,5.5938,27,270.59,989,,,insufficient,,0,0,none,0
AK7M1WahKb4,UCDdUNivjRfrqIE71438HJqQ,time,7,7.5938,27,422.18,989,,,insufficient,0.9947540233838458,0,0,none,0
AK7M1WahKb4,UCDdUNivjRfrqIE71438HJqQ,time,14,13.5938,27,515.40,989,,,insufficient,0.9006096495263399,0,0,none,0
ngE3q-fnz1I,UC3w193M5tYPJqF0Hi-7U-2g,time,14,13.0822,28,183198.09,184295,285406.0295842959,0.6418858526087019,confirmed,0.18655655926307504,15,11,none,0
85ASDTMMTOo,UCdLlUhD9LUGm0-NTYDASPFA,heldout,14,13.0415,31,2787.06,2995,4611.040863090614,0.6044318142609011,confirmed,0.19962846934983028,15,13,none,0
9hrOmqGZ1RI,UCEh_IoMVGA7NPsx6-2H8Bqw,time,14,12.7716,27,1522.00,1521,1195.332005291826,1.273284672592987,confirmed,0.03607151811077898,15,15,none,0
KC91DOOV4oU,UCI8gcSTo1FowsRJdilsjsZw,heldout,3,3.9996,30,113749.96,91789,45806.282428371975,2.483282849229492,likely,,15,15,none,0
KC91DOOV4oU,UCI8gcSTo1FowsRJdilsjsZw,heldout,5,3.9996,30,113749.96,91789,45806.282428371975,2.483282849229492,likely,,15,15,none,0
KC91DOOV4oU,UCI8gcSTo1FowsRJdilsjsZw,heldout,14,15.9996,30,96561.19,91789,47934.763045065956,2.0144292070386927,confirmed,0.17458916314389789,15,15,none,0
YRMiL_vw8pg,UCP4k407eomZThGHo_9sgMkg,time,7,7.9786,27,27123.68,29440,170033.42593790937,0.1595197074816254,confirmed,,15,15,none,0
YRMiL_vw8pg,UCP4k407eomZThGHo_9sgMkg,time,14,14.9786,27,30530.08,29440,175565.25945136056,0.1738958853575846,confirmed,0.3341508824408208,15,12,none,0
RPhkTFlwaOk,UCXGR70CkW_pXb8n52LzCCRw,heldout,5,4.0828,30,411835.71,440398,296910.23365374154,1.3870714682642995,likely,,15,12,none,0
RPhkTFlwaOk,UCXGR70CkW_pXb8n52LzCCRw,heldout,14,14.0828,30,436999.40,440398,310113.0000000002,1.409161830044024,confirmed,0.233384811874524,15,11,none,0
kZ199uq-P0A,UC0AAvxmjMAqljjpc23e1f7g,time,5,6.8927,29,7340.36,7538,,,insufficient,,0,0,none,0
kZ199uq-P0A,UC0AAvxmjMAqljjpc23e1f7g,time,7,6.8927,29,7340.36,7538,,,insufficient,,0,0,none,0
kZ199uq-P0A,UC0AAvxmjMAqljjpc23e1f7g,time,14,13.8927,29,7628.44,7538,,,insufficient,0.24613766779696436,0,0,none,0
pG-GEyC5XJw,UCiMwMz3RMbW5mbx0iDcRQ2g,time,14,12.9686,28,1561.51,1527,1768.0805709435856,0.8831654638382438,confirmed,0.25065980068385374,15,12,none,0
XmcXlQXwGms,UCammHPYWYI4q3WLbx-TP7GA,time,14,15.0242,27,4625.92,4515,5019.8556441611545,0.9215251204093329,confirmed,0.026832942841098363,15,10,none,0
DvMA-1sBhpU,UCll3zdukvI1oWlG-F13UCZw,heldout,1,1.0299,31,12909.82,13701,1462.1568929612408,8.829299609129949,early,,15,15,none,0
DvMA-1sBhpU,UCll3zdukvI1oWlG-F13UCZw,heldout,2,1.0299,31,12909.82,13701,1462.1568929612408,8.829299609129949,early,,15,15,none,0
DvMA-1sBhpU,UCll3zdukvI1oWlG-F13UCZw,heldout,14,16.0299,31,15263.64,13701,1302.2265928335098,11.72118822912983,confirmed,0.42858182805120565,15,13,none,0
M0qewX3Rhf0,UC9Lfb5wvuqFXaEiEJtJYAYg,heldout,7,7.9140,31,81199.78,77645,,,insufficient,,11,11,none,0
M0qewX3Rhf0,UC9Lfb5wvuqFXaEiEJtJYAYg,heldout,14,13.9140,31,77510.48,77645,,,insufficient,0.195508786696212,11,10,none,0
z-8dW0G5qJs,UCZG-C5esGZyVfxO2qXa1Zmw,heldout,1,0.9815,31,96413.18,58558,51223.14754925825,1.8822188969690472,early,,15,14,none,0
z-8dW0G5qJs,UCZG-C5esGZyVfxO2qXa1Zmw,heldout,2,2.9815,31,70673.05,58558,46237.98620986465,1.528463004113276,early,0.32126624475347343,15,12,none,0
z-8dW0G5qJs,UCZG-C5esGZyVfxO2qXa1Zmw,heldout,3,2.9815,31,70673.05,58558,46237.98620986465,1.528463004113276,early,0.32126624475347343,15,12,none,0
z-8dW0G5qJs,UCZG-C5esGZyVfxO2qXa1Zmw,heldout,5,4.9815,31,70202.05,58558,45559.23228821763,1.540896191591619,likely,0.27635698331448244,15,12,none,0
z-8dW0G5qJs,UCZG-C5esGZyVfxO2qXa1Zmw,heldout,7,6.9815,31,67968.26,58558,46791.23600637035,1.452585231430713,likely,0.23960035947712854,15,11,none,0
z-8dW0G5qJs,UCZG-C5esGZyVfxO2qXa1Zmw,heldout,14,13.9815,31,59073.91,58558,47477.00000000003,1.2442637381138784,confirmed,0.1783592835138403,15,8,none,0
jEkAjbvfw4M,UC2cfzvGC8CJNWtvaynN7TeA,time,5,6.8906,29,19370.28,18043,,,insufficient,,0,0,none,0
jEkAjbvfw4M,UC2cfzvGC8CJNWtvaynN7TeA,time,7,6.8906,29,19370.28,18043,,,insufficient,,0,0,none,0
jEkAjbvfw4M,UC2cfzvGC8CJNWtvaynN7TeA,time,14,13.8906,29,17042.66,18043,,,insufficient,0.10990917346447693,0,0,none,0
-lgYGnMDinA,UCzH5n3Ih5kgQoiDAQt2FwLw,heldout,5,6.8266,29,166728.98,165835,265368.819431714,0.6282915319840553,likely,,15,14,none,0
-lgYGnMDinA,UCzH5n3Ih5kgQoiDAQt2FwLw,heldout,7,6.8266,29,166728.98,165835,265368.819431714,0.6282915319840553,likely,,15,14,none,0
-lgYGnMDinA,UCzH5n3Ih5kgQoiDAQt2FwLw,heldout,14,13.8266,29,160982.05,165835,265916.41652487277,0.6053859109199845,confirmed,0.17537541880090887,15,14,none,0
bsjVhpK8d9U,UCP35tS1rd6DJthNZK1fSPIA,time,14,14.4258,29,25200.16,24517,15397.325952160263,1.6366581955714357,confirmed,0.2917993423888025,15,14,none,0
Dt-XlIc8lgE,UCayab18rVcu2PA685_WZXig,time,14,13.7476,27,454.44,419,495.13619835183556,0.917812395264909,confirmed,,11,10,none,0
LKpq24P0uqM,UCuxbOHa_nj8k6qotTzJrWZA,heldout,3,3.0624,29,3781.47,3546,9198.765803341468,0.4110839527181743,likely,,15,14,none,0
LKpq24P0uqM,UCuxbOHa_nj8k6qotTzJrWZA,heldout,5,4.0624,29,4442.38,3546,9143.02512724129,0.48587652141969323,likely,0.7192098909525977,15,14,none,0
LKpq24P0uqM,UCuxbOHa_nj8k6qotTzJrWZA,heldout,7,7.0624,29,3858.25,3546,9015.508446052789,0.4279569018557827,confirmed,0.3549775722019005,15,13,none,0
LKpq24P0uqM,UCuxbOHa_nj8k6qotTzJrWZA,heldout,14,14.0624,29,3834.30,3546,8712.132701258091,0.4401106918179471,confirmed,0.24129612336350253,15,10,none,0
FWib1vMXO0Y,UCeYda7MUy54yNYJya8txkJA,time,5,4.9479,27,6861.30,6661,,,insufficient,,0,0,none,0
FWib1vMXO0Y,UCeYda7MUy54yNYJya8txkJA,time,7,6.9479,27,7300.49,6661,,,insufficient,0.4541596287615017,0,0,none,0
FWib1vMXO0Y,UCeYda7MUy54yNYJya8txkJA,time,14,12.9479,27,6419.80,6661,,,insufficient,0.1846471113670972,0,0,none,0
Hmsn7pxwtu8,UCc11676iKpKrJMYqNYHqNig,time,7,8.1262,28,3391.25,2865,3060.3273056692733,1.10813223838698,confirmed,,15,14,none,0
Hmsn7pxwtu8,UCc11676iKpKrJMYqNYHqNig,time,14,12.1262,28,2849.74,2865,3069.182888664599,0.9285019196044476,confirmed,0.06561896256037067,15,13,none,0
2ezqMROXaqs,UC8qhCPBiqf3qje6CdDBjdgQ,time,5,5.0719,27,328.40,350,,,insufficient,0.11699238649176086,0,0,none,0
2ezqMROXaqs,UC8qhCPBiqf3qje6CdDBjdgQ,time,7,7.0719,27,330.90,350,,,insufficient,0.14032095162727634,0,0,none,0
2ezqMROXaqs,UC8qhCPBiqf3qje6CdDBjdgQ,time,14,15.0719,27,330.64,350,,,insufficient,0.10960548233780264,0,0,none,0
r9GNtMO7fYQ,UCAmsTmQTOPbSfXs6QIDgGXg,time,14,12.6662,27,742.42,749,614.7958966779063,1.2075858317006463,confirmed,0.1308903871539254,15,13,none,0
sn0bYSz64hk,UCztm4C-jD0jpHlDFhRyEltw,time,2,2.9654,29,13644.98,17170,,,insufficient,,0,0,none,0
sn0bYSz64hk,UCztm4C-jD0jpHlDFhRyEltw,time,3,2.9654,29,13644.98,17170,,,insufficient,,0,0,none,0
sn0bYSz64hk,UCztm4C-jD0jpHlDFhRyEltw,time,5,5.9654,29,15551.79,17170,2878.580530033463,5.402590793074739,likely,0.4725677166296383,15,14,none,0
sn0bYSz64hk,UCztm4C-jD0jpHlDFhRyEltw,time,7,6.9654,29,16822.44,17170,2918.5239396109555,5.764022109298214,likely,0.5031454035778693,15,14,none,0
sn0bYSz64hk,UCztm4C-jD0jpHlDFhRyEltw,time,14,12.9654,29,16916.99,17170,3045.4067864810886,5.554918721778783,confirmed,0.412732910299768,15,13,none,0
hZfPm_TIg-Q,UCfiZzwbPTOw8MCQfyxES43A,time,5,4.6152,27,2108.97,5110,,,insufficient,,1,1,none,0
hZfPm_TIg-Q,UCfiZzwbPTOw8MCQfyxES43A,time,7,7.6152,27,3574.64,5110,,,insufficient,0.8091791400087844,1,1,none,0
hZfPm_TIg-Q,UCfiZzwbPTOw8MCQfyxES43A,time,14,12.6152,27,3593.87,5110,,,insufficient,0.6821633532137911,1,1,none,0
x82aevwtMfM,UC1pDMQF-E5YNgBgqc0MK6lQ,time,7,7.6874,27,807.20,789,1415.4700634297537,0.5702699069216497,confirmed,,13,12,none,0
x82aevwtMfM,UC1pDMQF-E5YNgBgqc0MK6lQ,time,14,13.6874,27,766.33,789,1382.4235270128222,0.5543400620979864,confirmed,0.181232267006599,15,12,none,0
fVY1wRZnAQE,UCnpWedLQdHpZqhgTLdB9Yyg,heldout,14,14.8955,29,48525.55,45161,61574.46799582641,0.7880791339041252,confirmed,,15,11,none,0
bel9aSViPBc,UC2dSE9W3lGYbFi_CPmVtA-A,time,5,4.9536,30,13034.57,16780,,,insufficient,,14,14,none,0
bel9aSViPBc,UC2dSE9W3lGYbFi_CPmVtA-A,time,7,6.9536,30,13648.46,16780,,,insufficient,0.3992201328971587,15,15,none,0
bel9aSViPBc,UC2dSE9W3lGYbFi_CPmVtA-A,time,14,13.9536,30,16249.43,16780,,,insufficient,0.4034015365796074,15,15,none,0
zHW6Tb_NHis,UCQIcXQ2n0sa-7CD0NtqnrrA,time,1,0.7917,28,55558.24,38671,122721.99999999996,0.45271619441156935,early,,15,14,none,0
zHW6Tb_NHis,UCQIcXQ2n0sa-7CD0NtqnrrA,time,2,2.7917,28,39599.52,38671,122721.99999999996,0.3226766265061182,early,0.3960654380131874,15,14,none,0
zHW6Tb_NHis,UCQIcXQ2n0sa-7CD0NtqnrrA,time,3,2.7917,28,39599.52,38671,122721.99999999996,0.3226766265061182,early,0.3960654380131874,15,14,none,0
zHW6Tb_NHis,UCQIcXQ2n0sa-7CD0NtqnrrA,time,5,4.7917,28,38476.21,38671,122721.99999999996,0.313523320129148,likely,0.3033961151705671,15,13,none,0
zHW6Tb_NHis,UCQIcXQ2n0sa-7CD0NtqnrrA,time,7,6.7917,28,38180.56,38671,122721.99999999996,0.3111142341463425,likely,0.278312920476394,15,13,none,0
zHW6Tb_NHis,UCQIcXQ2n0sa-7CD0NtqnrrA,time,14,12.7917,28,37461.74,38671,122721.99999999996,0.305256902021005,confirmed,0.24027859785050337,15,12,none,0
x3d6HUw2T6s,UCBMdHddhf5YV3-za06jC-0Q,time,5,5.1620,27,453.83,605,,,insufficient,0.20222506013095645,1,1,none,0
x3d6HUw2T6s,UCBMdHddhf5YV3-za06jC-0Q,time,7,7.1620,27,461.72,605,,,insufficient,0.19558928418518656,1,1,none,0
x3d6HUw2T6s,UCBMdHddhf5YV3-za06jC-0Q,time,14,15.1620,27,589.90,605,,,insufficient,0.2773568256278208,1,1,none,0
r4wYdFIrT_E,UCPCPE5MoI7DS1WiVB_-mzNw,time,7,7.8079,29,11019.98,8787,4347.59243009135,2.5347315677385245,confirmed,,15,15,none,0
r4wYdFIrT_E,UCPCPE5MoI7DS1WiVB_-mzNw,time,14,13.8079,29,9061.73,8787,4084.5399948315053,2.2185425000592716,confirmed,0.004174729505259625,15,15,none,0
48un8_ywypI,UCrwbBzP11NhxRUCRKx_BgoQ,time,14,14.6458,27,392068.29,358954,523322.94950834085,0.7491899490085506,confirmed,,15,15,none,0
w2FbEhhhVMw,UCfXzRcRPMHw_AF7EdRtyiJQ,time,5,6.8853,29,12183.56,21941,,,insufficient,,0,0,none,0
w2FbEhhhVMw,UCfXzRcRPMHw_AF7EdRtyiJQ,time,7,6.8853,29,12183.56,21941,,,insufficient,,0,0,none,0
w2FbEhhhVMw,UCfXzRcRPMHw_AF7EdRtyiJQ,time,14,13.8853,29,20926.28,21941,,,insufficient,0.8425411034433423,0,0,none,0
RBuvKF56k4E,UCKegeYEy0lJxpkjWRthaRMw,time,14,13.0411,27,7199.18,7235,15318.000000000002,0.469981708096039,confirmed,0.15828064949052142,15,13,none,0
1vj4lHoEq8E,UC99GtVg2esxExp_J0uPxO-g,time,0.5,0.6257,29,139426.59,92452,157028.25518864984,0.887907651121662,early,,15,12,none,0
1vj4lHoEq8E,UC99GtVg2esxExp_J0uPxO-g,time,1,0.6257,29,139426.59,92452,157028.25518864984,0.887907651121662,early,,15,12,none,0
1vj4lHoEq8E,UC99GtVg2esxExp_J0uPxO-g,time,2,1.6257,29,115258.24,92452,157028.25518864984,0.7339968109156005,early,0.4971236068615114,15,12,none,0
1vj4lHoEq8E,UC99GtVg2esxExp_J0uPxO-g,time,3,2.6257,29,94447.95,92452,157121.99999999988,0.6011122172209352,early,0.38323271366252354,15,11,none,0
1vj4lHoEq8E,UC99GtVg2esxExp_J0uPxO-g,time,5,4.6257,29,98861.18,92452,157121.99999999988,0.6292000821115453,likely,0.3057272967126456,15,11,none,0
1vj4lHoEq8E,UC99GtVg2esxExp_J0uPxO-g,time,7,6.6257,29,97530.53,92452,157121.99999999988,0.6207312156816936,likely,0.27615560777884096,15,11,none,0
1vj4lHoEq8E,UC99GtVg2esxExp_J0uPxO-g,time,14,13.6257,29,98341.33,92452,157121.99999999988,0.6258915372079054,confirmed,0.23360743016700208,15,10,none,0
ks_jjLJb-u4,UCWZVKz_sV9PPREGQfJy-9og,time,14,13.8538,28,52953.56,50646,103527.12368577791,0.511494556985341,confirmed,0.40055685802340746,15,14,none,0
x5tSZAVLnbw,UCYzrlZP_m1cV51q9GGDHCMg,time,0.5,0.5695,28,1151.67,735,256.1392927232227,4.496278934090008,early,,13,13,none,0
x5tSZAVLnbw,UCYzrlZP_m1cV51q9GGDHCMg,time,1,0.5695,28,1151.67,735,256.1392927232227,4.496278934090008,early,,13,13,none,0
x5tSZAVLnbw,UCYzrlZP_m1cV51q9GGDHCMg,time,2,1.5695,28,1189.93,735,241.02097448946057,4.93703858457473,early,0.9771384888175095,15,15,none,0
x5tSZAVLnbw,UCYzrlZP_m1cV51q9GGDHCMg,time,3,2.5695,28,1108.67,735,231.57319043168613,4.787571924694602,early,0.674340769981352,15,15,none,0
x5tSZAVLnbw,UCYzrlZP_m1cV51q9GGDHCMg,time,5,4.5695,28,895.91,735,218.8433063707604,4.09386053501696,likely,0.45849803395096517,15,15,none,0
x5tSZAVLnbw,UCYzrlZP_m1cV51q9GGDHCMg,time,7,6.5695,28,847.24,735,210.24110392906323,4.029859305709045,likely,0.3893879234692175,15,15,none,0
x5tSZAVLnbw,UCYzrlZP_m1cV51q9GGDHCMg,time,14,12.5695,28,795.87,735,195.35787110900895,4.07388353009442,confirmed,0.3129409437413774,15,15,none,0
RecYAjxdcEg,UC0cd_-e49hZpWLH3UIwoWRA,time,5,5.9161,28,7795.45,7223,,,insufficient,,1,1,none,0
RecYAjxdcEg,UC0cd_-e49hZpWLH3UIwoWRA,time,7,6.9161,28,7254.83,7223,,,insufficient,0.3197733739957174,1,1,none,0
RecYAjxdcEg,UC0cd_-e49hZpWLH3UIwoWRA,time,14,13.9161,28,7227.44,7223,,,insufficient,0.1928561733992365,1,1,none,0
00_HlYma2Qg,UCJHA_jMfCvEnv-3kRjTCQXw,time,1,0.9583,30,612419.49,547560,662425.3073857933,0.9245110038146431,early,,15,9,none,0
00_HlYma2Qg,UCJHA_jMfCvEnv-3kRjTCQXw,time,2,1.9583,30,622270.78,547560,670922.3017398757,0.9274856127845509,early,0.6319623709301831,15,9,none,0
00_HlYma2Qg,UCJHA_jMfCvEnv-3kRjTCQXw,time,3,2.9583,30,662949.37,547560,680171.0000000005,0.9746804465905765,early,0.48463343648243307,15,8,none,0
00_HlYma2Qg,UCJHA_jMfCvEnv-3kRjTCQXw,time,5,4.9583,30,619524.24,547560,680171.0000000005,0.9108360074058632,likely,0.38813643994116287,15,8,none,0
00_HlYma2Qg,UCJHA_jMfCvEnv-3kRjTCQXw,time,7,6.9583,30,598245.02,547560,680171.0000000005,0.8795509069165461,likely,0.34376646714871123,15,7,none,0
00_HlYma2Qg,UCJHA_jMfCvEnv-3kRjTCQXw,time,14,13.9583,30,592819.93,547560,680171.0000000005,0.8715748329614456,confirmed,0.285103008100027,15,5,none,0
krH4kdFuZG0,UCnwlWgbcxwpsnB7LtOL1kPg,time,14,14.0824,29,14689.57,13332,7316.254336865534,2.0077985819616533,confirmed,,15,15,none,0
br-iVypB4a0,UCAXUwGU47XVY-0lH9qhUr1Q,heldout,1,1.6664,32,93113.25,80172,83715.36568838404,1.112259912460351,early,,15,9,none,0
br-iVypB4a0,UCAXUwGU47XVY-0lH9qhUr1Q,heldout,2,1.6664,32,93113.25,80172,83715.36568838404,1.112259912460351,early,,15,9,none,0
br-iVypB4a0,UCAXUwGU47XVY-0lH9qhUr1Q,heldout,3,2.6664,32,76887.19,80172,85268.64315134034,0.9017053871315501,early,0.2944365323226374,15,8,none,0
br-iVypB4a0,UCAXUwGU47XVY-0lH9qhUr1Q,heldout,5,4.6664,32,94732.14,80172,85655.60133100356,1.1059654432861972,likely,0.2843590378599769,15,8,none,0
br-iVypB4a0,UCAXUwGU47XVY-0lH9qhUr1Q,heldout,7,6.6664,32,98612.19,80172,85305.1962014068,1.1559927598228703,likely,0.2622439497274931,15,7,none,0
br-iVypB4a0,UCAXUwGU47XVY-0lH9qhUr1Q,heldout,14,14.6664,32,79853.95,80172,85066.17910966159,0.9387273271811628,confirmed,0.22469416743551998,15,5,none,0
sSJx-X9BEWY,UCAbcoKROFsRA_uA9aSprCwg,time,5,6.8740,29,2247.82,2975,,,insufficient,,1,1,none,0
sSJx-X9BEWY,UCAbcoKROFsRA_uA9aSprCwg,time,7,6.8740,29,2247.82,2975,,,insufficient,,1,1,none,0
sSJx-X9BEWY,UCAbcoKROFsRA_uA9aSprCwg,time,14,13.8740,29,2788.32,2975,,,insufficient,0.4555944889165782,1,1,none,0
vBi3NOSMdEQ,UC1R0kzpJLBJ8r5e1IVovIUg,heldout,5,5.8740,29,1106.84,969,2170.187726564441,0.5100188716103884,likely,,15,13,none,0
vBi3NOSMdEQ,UC1R0kzpJLBJ8r5e1IVovIUg,heldout,7,5.8740,29,1106.84,969,2170.187726564441,0.5100188716103884,likely,,15,13,none,0
vBi3NOSMdEQ,UC1R0kzpJLBJ8r5e1IVovIUg,heldout,14,16.8740,29,1005.47,969,2479.2284392643573,0.40555844867972796,confirmed,0.1337723755534766,15,11,none,0
FnOHapHRqJs,UCLMtjmKyB2ORHx2A06crsmQ,time,3,3.8320,28,5852.15,5648,17513.16354875596,0.3341574470170438,likely,,10,10,none,0
FnOHapHRqJs,UCLMtjmKyB2ORHx2A06crsmQ,time,5,4.8320,28,4326.21,5648,15183.79687037352,0.28492290534037196,likely,0.14632295251167846,15,14,none,0
FnOHapHRqJs,UCLMtjmKyB2ORHx2A06crsmQ,time,7,6.8320,28,5069.65,5648,15291.85427918896,0.3315263913426342,likely,0.25909239871467,15,13,none,0
FnOHapHRqJs,UCLMtjmKyB2ORHx2A06crsmQ,time,14,13.8320,28,5447.93,5648,15552.51799252491,0.35029227154618703,confirmed,0.24660958058393562,15,12,none,0
aZklQpFa2kE,UC2D2CMWXMOVWx7giW1n3LIg,time,5,5.0000,28,49418.76,53490,,,insufficient,,1,1,none,0
aZklQpFa2kE,UC2D2CMWXMOVWx7giW1n3LIg,time,7,7.0000,28,57429.41,53490,,,insufficient,0.48044159710689055,1,1,none,0
aZklQpFa2kE,UC2D2CMWXMOVWx7giW1n3LIg,time,14,13.0000,28,53253.57,53490,,,insufficient,0.3178070503429221,1,1,none,0
CF5S8GHVx6Q,UCQskSBnZDt7yLHc7ZdS5Fpw,time,1,0.7620,27,2878.00,2371,4059.544454628781,0.7089477266448323,early,,15,15,none,0
CF5S8GHVx6Q,UCQskSBnZDt7yLHc7ZdS5Fpw,time,2,1.7620,27,2348.47,2371,4059.544454628781,0.5785052771698269,early,0.5013379335689855,15,15,none,0
CF5S8GHVx6Q,UCQskSBnZDt7yLHc7ZdS5Fpw,time,3,2.7620,27,2715.27,2371,4059.544454628781,0.6688604612062906,early,0.5665990454600963,15,15,none,0
CF5S8GHVx6Q,UCQskSBnZDt7yLHc7ZdS5Fpw,time,5,4.7620,27,2538.19,2371,4059.544454628781,0.6252406327099195,likely,0.4433481456079866,15,15,none,0
CF5S8GHVx6Q,UCQskSBnZDt7yLHc7ZdS5Fpw,time,7,6.7620,27,2418.70,2371,4059.544454628781,0.5958054083756041,likely,0.38095191065153583,15,15,none,0
CF5S8GHVx6Q,UCQskSBnZDt7yLHc7ZdS5Fpw,time,14,13.7620,27,2309.24,2371,4122.683043079741,0.5601304761145645,confirmed,0.3027379922619772,15,15,none,0
bSP4lJ8Wx3s,UC2OjGgjNiqyLr_1qkqAwsUQ,time,14,13.8155,29,15684.95,15264,6416.551973981019,2.4444511769794985,confirmed,0.01037307144781144,15,13,none,0
J6J3zaXm3wM,UCbY9xX3_jW5c2fjlZVBI4cg,time,14,13.0569,28,69183.23,67138,26741.636270823503,2.5870977344310475,confirmed,0.004250692852370821,15,15,none,0
LeXGFF2d0QQ,UCDHA7Bp6nAGdCWYdxlnXNhg,heldout,1,1.7913,27,65464.70,173146,55871.99999999996,1.1716906106979499,early,,15,14,none,0
LeXGFF2d0QQ,UCDHA7Bp6nAGdCWYdxlnXNhg,heldout,2,1.7913,27,65464.70,173146,55871.99999999996,1.1716906106979499,early,,15,14,none,0
LeXGFF2d0QQ,UCDHA7Bp6nAGdCWYdxlnXNhg,heldout,3,2.7913,27,102753.86,173146,55871.99999999996,1.8390939494354452,early,1.0330077564662083,15,14,none,0
LeXGFF2d0QQ,UCDHA7Bp6nAGdCWYdxlnXNhg,heldout,5,4.7913,27,124328.46,173146,55871.99999999996,2.225237321107379,likely,0.8808277035650734,15,14,none,0
LeXGFF2d0QQ,UCDHA7Bp6nAGdCWYdxlnXNhg,heldout,7,6.7913,27,130170.31,173146,55871.99999999996,2.329795099778337,likely,0.8036013661812748,15,14,none,0
LeXGFF2d0QQ,UCDHA7Bp6nAGdCWYdxlnXNhg,heldout,14,13.7913,27,136401.35,173146,55871.99999999996,2.4413184994883754,confirmed,0.6741202806909238,15,14,none,0
PFwcTjurk30,UCDEs0NoYs8QTTA6YLBrsqGg,heldout,1,1.7497,30,46605.25,182108,320679.3515043071,0.14533287957523697,early,,7,7,none,0
PFwcTjurk30,UCDEs0NoYs8QTTA6YLBrsqGg,heldout,2,1.7497,30,46605.25,182108,320679.3515043071,0.14533287957523697,early,,7,7,none,0
PFwcTjurk30,UCDEs0NoYs8QTTA6YLBrsqGg,heldout,3,2.7497,30,98630.61,182108,320679.3515043071,0.3075676911519513,early,1.983219205541785,7,7,none,0
PFwcTjurk30,UCDEs0NoYs8QTTA6YLBrsqGg,heldout,5,4.7497,30,145319.44,182108,321069.2740225708,0.4526108580779632,likely,1.5436661511599172,7,7,none,0
PFwcTjurk30,UCDEs0NoYs8QTTA6YLBrsqGg,heldout,7,6.7497,30,151906.66,182108,321069.2740225708,0.47312735901560565,likely,1.273097698947045,7,7,none,0
PFwcTjurk30,UCDEs0NoYs8QTTA6YLBrsqGg,heldout,14,13.7497,30,176154.31,182108,330018.7550530903,0.5337706092446508,confirmed,1.0237904512396665,7,7,none,0
Ntro6RYioLE,UCRte954rw0oeMWFroy_ClAw,heldout,1,1.8604,30,7797.78,23646,10242.241631605957,0.7613353598293293,early,,15,14,none,0
Ntro6RYioLE,UCRte954rw0oeMWFroy_ClAw,heldout,2,1.8604,30,7797.78,23646,10242.241631605957,0.7613353598293293,early,,15,14,none,0
Ntro6RYioLE,UCRte954rw0oeMWFroy_ClAw,heldout,3,2.8604,30,8178.40,23646,10226.167315675784,0.7997524722595379,early,0.6182468780357254,15,14,none,0
Ntro6RYioLE,UCRte954rw0oeMWFroy_ClAw,heldout,5,4.8604,30,8147.69,23646,10181.995533674104,0.8002059796181743,likely,0.4803889427822406,15,14,none,0
Ntro6RYioLE,UCRte954rw0oeMWFroy_ClAw,heldout,7,6.8604,30,8305.00,23646,10187.718472845889,0.815197398882365,likely,0.44662758517544876,15,12,none,0
Ntro6RYioLE,UCRte954rw0oeMWFroy_ClAw,heldout,14,13.8604,30,13197.70,23646,10339.183108911413,1.2764742357539054,confirmed,0.5832221543967625,15,12,none,0
Jg_KwMezX4I,UCammHPYWYI4q3WLbx-TP7GA,time,14,13.7081,29,44039.68,45561,4241.000000000001,10.384266762810975,confirmed,0.21058370580154953,15,11,none,0
AO_B7T47oEU,UCraEIu_mORQKKo8eV9pk6Cw,time,14,13.8748,27,446.68,435,687.4102658111822,0.6498060825690077,confirmed,,6,6,none,0
_Zsmf18o8i4,UCUpbDOT-OVNBlaQpb9pbd2w,time,5,4.7446,28,14342.65,11035,30400.82872940285,0.4717846891874166,likely,,15,15,none,0
_Zsmf18o8i4,UCUpbDOT-OVNBlaQpb9pbd2w,time,7,6.7446,28,11809.06,11035,28575.78770146062,0.4132540923660961,likely,0.06100684774109259,15,15,none,0
_Zsmf18o8i4,UCUpbDOT-OVNBlaQpb9pbd2w,time,14,13.7446,28,11316.31,11035,25479.558900703785,0.4441327943081117,confirmed,0.03987374036646668,15,15,none,0
MB5zIxsVf0w,UCSCydFbXzl_kheTt4XbRLhg,heldout,5,6.9162,30,1067.87,995,2179.1667744867336,0.4900365766637713,likely,,15,11,none,0
MB5zIxsVf0w,UCSCydFbXzl_kheTt4XbRLhg,heldout,7,6.9162,30,1067.87,995,2179.1667744867336,0.4900365766637713,likely,,15,11,none,0
MB5zIxsVf0w,UCSCydFbXzl_kheTt4XbRLhg,heldout,14,13.9162,30,1025.33,995,2212.758425030063,0.46337185114525353,confirmed,0.18094253556056622,15,9,none,0
DiDbiiIPcMM,UCglNXzBo6bmKc9otKf-OuGQ,time,14,13.7081,29,9059.66,9132,9064.70552880749,0.9994432819541231,confirmed,0.03243269153694945,15,15,none,0
7ihpMAE7xac,UCUpbDOT-OVNBlaQpb9pbd2w,time,5,5.7579,29,109461.25,102919,19685.041924499285,5.56063098582388,likely,,15,15,none,0
7ihpMAE7xac,UCUpbDOT-OVNBlaQpb9pbd2w,time,7,6.7579,29,89955.32,102919,19264.05477050502,4.66959430210274,likely,0.11838971132928863,15,15,none,0
7ihpMAE7xac,UCUpbDOT-OVNBlaQpb9pbd2w,time,14,13.7579,29,96937.29,102919,17541.651102908876,5.526121060924064,confirmed,0.1310724462238176,15,15,none,0
Hs2Ywndv3NM,UC0Fh1HN4RvOw2hMk9n5PysA,time,7,7.9579,27,181.34,164,453.64349368099147,0.39973384341777507,confirmed,,4,4,none,0
Hs2Ywndv3NM,UC0Fh1HN4RvOw2hMk9n5PysA,time,14,14.9579,27,160.16,164,435.0949383944197,0.3680942043291286,confirmed,0.12748434227329816,15,13,none,0
votoW03Y8eU,UC_2su4ftsi4r6aGkAQ8MyVQ,time,5,6.0317,28,130.97,118,,,insufficient,,1,1,none,0
votoW03Y8eU,UC_2su4ftsi4r6aGkAQ8MyVQ,time,7,6.0317,28,130.97,118,,,insufficient,,1,1,none,0
votoW03Y8eU,UC_2su4ftsi4r6aGkAQ8MyVQ,time,14,13.0317,28,111.59,118,,,insufficient,0.05462569688458449,1,1,none,0
6O61LmfGReQ,UC0ArlFuFYMpEewyRBzdLHiw,time,7,7.2905,28,2644.49,2259,4572.087633923547,0.5783994381270786,confirmed,,15,15,none,0
6O61LmfGReQ,UC0ArlFuFYMpEewyRBzdLHiw,time,14,13.2905,28,2270.08,2259,4558.000000000001,0.49804323849957893,confirmed,0.08293225087785737,15,13,none,0
y_xPfoRBHFc,UCHu2KNu6TtJ0p4hpSW7Yv7Q,time,1,0.9601,27,231479.00,240942,223300.99999999988,1.0366232162522686,early,,15,10,none,0
y_xPfoRBHFc,UCHu2KNu6TtJ0p4hpSW7Yv7Q,time,2,1.9601,27,213058.61,240942,223300.99999999988,0.9541319120458182,early,0.5943325058399139,15,10,none,0
y_xPfoRBHFc,UCHu2KNu6TtJ0p4hpSW7Yv7Q,time,3,2.9601,27,239081.45,240942,223300.99999999988,1.0706689408392975,early,0.5168532135540463,15,10,none,0
y_xPfoRBHFc,UCHu2KNu6TtJ0p4hpSW7Yv7Q,time,5,4.9601,27,266215.05,240942,223300.99999999988,1.1921802936549153,likely,0.5009939802132106,15,10,none,0
y_xPfoRBHFc,UCHu2KNu6TtJ0p4hpSW7Yv7Q,time,7,6.9601,27,232471.16,240942,223300.99999999988,1.0410663854544635,likely,0.459480692780974,15,10,none,0
y_xPfoRBHFc,UCHu2KNu6TtJ0p4hpSW7Yv7Q,time,14,14.9601,27,271083.92,240942,223300.99999999988,1.2139843692378312,confirmed,0.39642196174338407,15,8,none,0
7QhK_0leZ7k,UCycGV6fAhD_-7GPmCkkESdw,time,1,0.8125,27,39474.33,401771,1778.9999999999995,22.189056597996544,early,,15,14,none,0
7QhK_0leZ7k,UCycGV6fAhD_-7GPmCkkESdw,time,2,1.8125,27,159232.62,401771,1778.9999999999995,89.50681127093922,early,3.3535284913142855,15,14,none,0
7QhK_0leZ7k,UCycGV6fAhD_-7GPmCkkESdw,time,3,2.8125,27,203703.93,401771,1778.9999999999995,114.50473659682662,early,2.497053454176277,15,14,none,0
7QhK_0leZ7k,UCycGV6fAhD_-7GPmCkkESdw,time,5,4.8125,27,383140.02,401771,1778.9999999999995,215.3681929171796,likely,2.2521654111267413,15,14,none,0
7QhK_0leZ7k,UCycGV6fAhD_-7GPmCkkESdw,time,7,6.8125,27,463130.05,401771,1778.9999999999995,260.3316772908814,likely,2.0192588372659888,15,14,none,0
7QhK_0leZ7k,UCycGV6fAhD_-7GPmCkkESdw,time,14,12.8125,27,494309.55,401771,1778.9999999999995,277.85809718158936,confirmed,1.5191197816272541,15,13,none,0
-8wBUYMP3Hs,UCUpbDOT-OVNBlaQpb9pbd2w,heldout,5,6.6954,30,56061.99,57247,16953.439948849515,3.306820961387258,likely,,15,15,none,0
-8wBUYMP3Hs,UCUpbDOT-OVNBlaQpb9pbd2w,heldout,7,6.6954,30,56061.99,57247,16953.439948849515,3.306820961387258,likely,,15,15,none,0
-8wBUYMP3Hs,UCUpbDOT-OVNBlaQpb9pbd2w,heldout,14,13.6954,30,54419.41,57247,15361.321470933415,3.542625410494791,confirmed,0.1814566450725109,15,15,none,0
XYbB1O2GznI,UCkr6cLAnZiz5NH0NzjNK8rg,time,1,0.8253,29,33543.09,16582,113188.71601284838,0.29634661624833547,early,,15,15,none,0
XYbB1O2GznI,UCkr6cLAnZiz5NH0NzjNK8rg,time,2,1.8253,29,20697.37,16582,113080.59808099834,0.18303198591278944,early,0.281129801798898,15,15,none,0
XYbB1O2GznI,UCkr6cLAnZiz5NH0NzjNK8rg,time,3,2.8253,29,18141.51,16582,113537.38612868174,0.15978448240341145,early,0.19417594936549157,15,14,none,0
XYbB1O2GznI,UCkr6cLAnZiz5NH0NzjNK8rg,time,5,4.8253,29,17134.94,16582,114869.3376185183,0.14916900482817058,likely,0.14947074676237898,15,11,none,0
XYbB1O2GznI,UCkr6cLAnZiz5NH0NzjNK8rg,time,7,6.8253,29,16827.53,16582,114292.19625004353,0.14723251463589265,likely,0.13184602976166263,15,11,none,0
XYbB1O2GznI,UCkr6cLAnZiz5NH0NzjNK8rg,time,14,13.8253,29,15956.02,16582,112565.96986163694,0.14174818343231652,confirmed,0.11189860470731292,15,7,none,0
UFUIy5U5tVs,UC8kGsMa0LygSX9nkBcBH1Sg,time,5,6.8327,27,18075.74,25606,,,insufficient,,0,0,none,0
UFUIy5U5tVs,UC8kGsMa0LygSX9nkBcBH1Sg,time,7,6.8327,27,18075.74,25606,,,insufficient,,0,0,none,0
UFUIy5U5tVs,UC8kGsMa0LygSX9nkBcBH1Sg,time,14,12.8327,27,20402.10,25606,10524.222623201418,1.938584701336675,confirmed,0.3435186189196919,15,11,none,0
ygqu_w6P5Mk,UCUct4nBOq47nXbHtq7p8eUA,time,7,7.7187,28,20993.50,19330,14298.48579686807,1.4682321068356297,confirmed,,12,11,none,0
ygqu_w6P5Mk,UCUct4nBOq47nXbHtq7p8eUA,time,14,12.7187,28,17883.73,19330,13328.428089672161,1.3417736710896546,confirmed,0.08272429394867672,15,14,none,0
b8xXe5ppOcU,UCayab18rVcu2PA685_WZXig,time,14,12.9834,28,1307.66,1280,495.3694437332225,2.6397614277961496,confirmed,0.20317749626716988,15,13,none,0
KOFmvoeC97U,UCMQ_mPIBPi4IMpYEmuyOMqQ,time,1,1.9579,28,5216.60,4791,3212.999999999998,1.6235920338513568,early,,15,14,none,0
KOFmvoeC97U,UCMQ_mPIBPi4IMpYEmuyOMqQ,time,2,1.9579,28,5216.60,4791,3212.999999999998,1.6235920338513568,early,,15,14,none,0
KOFmvoeC97U,UCMQ_mPIBPi4IMpYEmuyOMqQ,time,3,2.9579,28,4336.82,4791,3212.999999999998,1.3497735875333627,early,0.3452314067952375,15,14,none,0
KOFmvoeC97U,UCMQ_mPIBPi4IMpYEmuyOMqQ,time,5,4.9579,28,4536.31,4791,3212.999999999998,1.4118613878194552,likely,0.33323440473111965,15,14,none,0
KOFmvoeC97U,UCMQ_mPIBPi4IMpYEmuyOMqQ,time,7,6.9579,28,4932.52,4791,3212.999999999998,1.5351763358311312,likely,0.33593093610612906,15,14,none,0
KOFmvoeC97U,UCMQ_mPIBPi4IMpYEmuyOMqQ,time,14,12.9579,28,4786.38,4791,3212.999999999998,1.4896933971610347,confirmed,0.27541969443631364,15,13,none,0
3m6Fm0nXaMQ,UCacg8HOfIUfFSUl2qk5m1sA,time,3,3.4928,28,10250.39,9090,6162.245344161933,1.6634174238732995,likely,,15,13,none,0
3m6Fm0nXaMQ,UCacg8HOfIUfFSUl2qk5m1sA,time,5,5.4928,28,7952.29,9090,6179.000000000004,1.286987031053604,likely,0.20581962165105697,15,12,none,0
3m6Fm0nXaMQ,UCacg8HOfIUfFSUl2qk5m1sA,time,7,7.4928,28,9097.02,9090,6179.000000000004,1.4722472693759487,confirmed,0.23447552845452355,15,11,none,0
3m6Fm0nXaMQ,UCacg8HOfIUfFSUl2qk5m1sA,time,14,13.4928,28,8767.72,9090,6179.000000000004,1.418953906235028,confirmed,0.1889175880903962,15,8,none,0
nf4FKyRwD1s,UCCZLVYAGIoGvaFUrTyyeaXA,time,5,4.9164,27,28537.08,27321,11190.756846285816,2.550057934604937,likely,,7,7,none,0
nf4FKyRwD1s,UCCZLVYAGIoGvaFUrTyyeaXA,time,7,6.9164,27,33588.45,27321,10730.155004084432,3.1302855918839083,likely,0.5184184675707033,7,7,none,0
nf4FKyRwD1s,UCCZLVYAGIoGvaFUrTyyeaXA,time,14,12.9164,27,29020.54,27321,9776.894845342178,2.9682774608744342,confirmed,0.24708804529902667,7,7,none,0
jqIWEE0q2UQ,UC4MndkrWaqQF1uZ5-kO3t6Q,time,5,6.7370,28,26.44,98,,,insufficient,,1,1,none,0
jqIWEE0q2UQ,UC4MndkrWaqQF1uZ5-kO3t6Q,time,7,6.7370,28,26.44,98,,,insufficient,,1,1,none,0
jqIWEE0q2UQ,UC4MndkrWaqQF1uZ5-kO3t6Q,time,14,13.7370,28,60.78,98,,,insufficient,1.2829679012714383,1,1,none,0
T2kshJxxzfI,UCglNXzBo6bmKc9otKf-OuGQ,time,14,12.5878,27,4613.52,4562,9715.03544706178,0.4748849279720564,confirmed,0.05226263282001512,15,15,none,0
hVlAOIUA71Y,UCGq-a57w-aPwyi3pW7XLiHw,time,7,8.2079,27,1615612.65,1578695,2716605.52030512,0.5947174293303252,confirmed,,15,14,none,0
hVlAOIUA71Y,UCGq-a57w-aPwyi3pW7XLiHw,time,14,13.2079,27,1518814.97,1578695,2706096.7574307993,0.561256714205528,confirmed,0.19675380662689218,15,12,none,0
X17k-PWcaAk,UChjqM-6MiqlF3qUq4GMVhkg,time,14,14.7496,29,32369.58,30042,20682.202116619777,1.565093549743488,confirmed,,15,15,none,0
03wNsPlpKjM,UCR3rfDiOfD1hk0IEdIwusIw,heldout,14,14.6875,31,6524.02,6124,104157.15744218847,0.06263626869839564,confirmed,,15,14,none,0
HxAnH7rR-1E,UCmu7bw5BYIeR0VDw0hJKblw,time,14,14.4273,28,182.46,215,434.3021170795572,0.4201124769146963,confirmed,0.2992140870414048,15,13,none,0
71x1nlEsfKk,UC6QNjBn6KMq5-pe3OE11zZg,heldout,1,0.8332,31,34501.54,22671,10313.280294283011,3.345351037258039,early,,10,8,none,0
71x1nlEsfKk,UC6QNjBn6KMq5-pe3OE11zZg,heldout,2,1.8332,31,19893.23,22671,10796.594957247584,1.8425469901483913,early,0.1263811930128522,15,12,none,0
71x1nlEsfKk,UC6QNjBn6KMq5-pe3OE11zZg,heldout,3,2.8332,31,19045.73,22671,10811.000000000007,1.7616989591357766,early,0.2225204869583923,15,11,none,0
71x1nlEsfKk,UC6QNjBn6KMq5-pe3OE11zZg,heldout,5,4.8332,31,19506.72,22671,10811.000000000007,1.804340140229693,likely,0.23751622255216712,15,11,none,0
71x1nlEsfKk,UC6QNjBn6KMq5-pe3OE11zZg,heldout,7,7.8332,31,22723.15,22671,10811.000000000007,2.10185442971445,confirmed,0.23312518169733937,15,11,none,0
71x1nlEsfKk,UC6QNjBn6KMq5-pe3OE11zZg,heldout,14,14.8332,31,21545.86,22671,10811.000000000007,1.9929572253398764,confirmed,0.21382690861938897,15,8,none,0
GRKkObhgG0s,UCGyDjbX9F9ARt_8sgv5kGDg,time,2,2.7395,28,8618.89,7960,11885.933231353847,0.725133324523616,early,,15,14,none,0
GRKkObhgG0s,UCGyDjbX9F9ARt_8sgv5kGDg,time,3,2.7395,28,8618.89,7960,11885.933231353847,0.725133324523616,early,,15,14,none,0
GRKkObhgG0s,UCGyDjbX9F9ARt_8sgv5kGDg,time,5,4.7395,28,7876.08,7960,11843.3521687235,0.6650208366172108,likely,0.2747340865297837,15,14,none,0
GRKkObhgG0s,UCGyDjbX9F9ARt_8sgv5kGDg,time,7,6.7395,28,8148.05,7960,11750.460791820124,0.6934235805427794,likely,0.2921307111196857,15,14,none,0
GRKkObhgG0s,UCGyDjbX9F9ARt_8sgv5kGDg,time,14,12.7395,28,8307.89,7960,11658.999999999993,0.7125733396630023,confirmed,0.23929932630574424,15,12,none,0
VueWuPHSfJY,UCUpbDOT-OVNBlaQpb9pbd2w,time,5,5.8537,29,13154.22,9846,19685.041924499285,0.6682344835077851,likely,,15,15,none,0
VueWuPHSfJY,UCUpbDOT-OVNBlaQpb9pbd2w,time,7,6.8537,29,10666.85,9846,19264.05477050502,0.5537178866792488,likely,0.021977519740715632,15,15,none,0
VueWuPHSfJY,UCUpbDOT-OVNBlaQpb9pbd2w,time,14,13.8537,29,10122.89,9846,17541.651102908876,0.5770772474324887,confirmed,0.016334873006491092,15,15,none,0
sc_sIPA0Em8,UCLo67YCh8z836Mgl8-3-Zfw,time,14,14.1501,27,474.39,485,113.3666606989432,4.184592327380419,confirmed,,15,15,none,0
27foEj8ujSI,UCuwpzP90g1LuGk6JUNms_AQ,time,14,13.9582,28,14784.53,24204,6396.601344547902,2.3113097006191095,confirmed,1.3568194510159461,15,13,none,0
QmiqqkebDWc,UCglNXzBo6bmKc9otKf-OuGQ,time,14,13.5829,29,2135.76,2136,9064.70552880749,0.23561237041505162,confirmed,0.047753407772770255,15,15,none,0
BcJmDvnYF8Y,UCzV_hd9M_7UBEVrGLUJu-2Q,heldout,14,13.0831,28,5844.14,5932,8627.398604965047,0.677393225899877,confirmed,0.10765585643048586,15,10,none,0
BcJmDvnYF8Y,UCzV_hd9M_7UBEVrGLUJu-2Q,time,14,13.0831,28,5844.14,5932,8627.398604965047,0.677393225899877,confirmed,0.10765585643048586,15,10,none,0
EXIgjIBu4EU,UC4JX40jDee_tINbkjycV4Sg,time,3,3.9165,28,15306.61,29941,32583.533931803566,0.46976516816917274,likely,,14,13,none,0
EXIgjIBu4EU,UC4JX40jDee_tINbkjycV4Sg,time,5,4.9165,28,13140.10,29941,32583.533931803566,0.40327432149489056,likely,0.29819909816346757,15,14,none,0
EXIgjIBu4EU,UC4JX40jDee_tINbkjycV4Sg,time,7,6.9165,28,16935.28,29941,32447.271753230336,0.5219324288658976,likely,0.509524101978584,15,13,none,0
EXIgjIBu4EU,UC4JX40jDee_tINbkjycV4Sg,time,14,13.9165,28,23375.38,29941,32400.000000000004,0.7214623921238305,confirmed,0.5840105291082437,15,9,none,0
pjSgFEvOGAY,UC6S0jAvcapqJ48ZzLfva12g,time,5,5.0406,27,167869.33,159660,,,insufficient,,1,1,none,0
pjSgFEvOGAY,UC6S0jAvcapqJ48ZzLfva12g,time,7,7.0406,27,144643.96,159660,63500.48681513632,2.2778401769896357,confirmed,0.2226725094735694,15,13,none,0
pjSgFEvOGAY,UC6S0jAvcapqJ48ZzLfva12g,time,14,12.0406,27,152861.10,159660,63789.241459231715,2.396346083741981,confirmed,0.16922025955912237,15,11,none,0
m0lOUwk_YHg,UCVGVbOl6F5rGF4wSYS6Y5yQ,time,5,4.5343,27,12022.91,10539,23152.49433355788,0.5192922823012056,likely,,13,12,none,0
m0lOUwk_YHg,UCVGVbOl6F5rGF4wSYS6Y5yQ,time,7,6.5343,27,11523.37,10539,21200.677919085516,0.5435378815934501,likely,0.23539811870565172,15,13,none,0
m0lOUwk_YHg,UCVGVbOl6F5rGF4wSYS6Y5yQ,time,14,13.5343,27,11119.98,10539,20683.000000000007,0.5376385080134918,confirmed,0.15101459246135554,15,9,none,0
132hnBjpudo,UCsLt8oYvDYGpSHcGhRBBkyw,time,14,14.1615,29,2912.58,2407,3057.2637183115867,0.9526765416355488,confirmed,1.1271755370610022,15,15,none,0
mrEek21gC9E,UCYzrlZP_m1cV51q9GGDHCMg,heldout,5,4.7745,30,121.02,89,,,insufficient,,2,2,none,0
mrEek21gC9E,UCYzrlZP_m1cV51q9GGDHCMg,heldout,7,7.7745,30,97.84,89,204.27118847108449,0.47897529836475394,confirmed,0,15,15,none,0
mrEek21gC9E,UCYzrlZP_m1cV51q9GGDHCMg,heldout,14,14.7745,30,91.96,89,191.06037915268584,0.4813164266098769,confirmed,0,15,15,none,0
ESxTjNZHqZM,UCsvqVGtbbyHaMoevxPAq9Fg,time,14,14.2911,29,3019.20,2942,5517.66187149495,0.5471878443286136,confirmed,0.00519075587753178,15,15,none,0
PgV3iLwSVlo,UCGpsgNbzdF7BECCVbB1COHw,time,14,12.9297,27,15381.17,14911,6791.65424410358,2.264716053901318,confirmed,0.0038794518366698956,15,15,none,0
IhhDzzHwAOg,UCnwlWgbcxwpsnB7LtOL1kPg,time,14,15.0571,27,11412.40,11842,6958.277307006377,1.6401187742129733,confirmed,0.0838993500736106,15,15,none,0
tNeSpSkidyc,UCfuz9Iw2mqdDIYQxCABWAnw,time,5,4.0681,27,133.26,155,,,insufficient,,0,0,none,0
tNeSpSkidyc,UCfuz9Iw2mqdDIYQxCABWAnw,time,7,7.0681,27,111.03,155,,,insufficient,0.06485242759640664,0,0,none,0
tNeSpSkidyc,UCfuz9Iw2mqdDIYQxCABWAnw,time,14,15.0681,27,142.16,155,,,insufficient,0.22465362733357203,0,0,none,0
neI5pn3rqf4,UCJS9pqu9BzkAMNTmzNMNhvg,time,14,12.6130,27,2023.73,2013,2301.76301746365,0.879206618739333,confirmed,0.47805860465168076,15,11,none,0
BKxzB6x9p_Y,UCgCsMxVCJs0TSqAIlBxiT7g,heldout,5,6.8130,31,16654.01,15485,5320.2998458832835,3.1302763861907676,likely,,15,14,none,0
BKxzB6x9p_Y,UCgCsMxVCJs0TSqAIlBxiT7g,heldout,7,6.8130,31,16654.01,15485,5320.2998458832835,3.1302763861907676,likely,,15,14,none,0
JFEi0ZoNTJY,UC2NH07Y5tx_PQvqaQGzxKxQ,time,5,6.9580,27,4459.12,4797,3303.810504823089,1.349689628708222,likely,,10,9,none,0
JFEi0ZoNTJY,UC2NH07Y5tx_PQvqaQGzxKxQ,time,7,6.9580,27,4459.12,4797,3303.810504823089,1.349689628708222,likely,,10,9,none,0
JFEi0ZoNTJY,UC2NH07Y5tx_PQvqaQGzxKxQ,time,14,12.9580,27,4671.09,4797,3720.5447442018403,1.2554857123064902,confirmed,0.29228299601822194,15,11,none,0
dMl8COIdEcc,UC4wKN1tlnlNVMiRPOu7qyvQ,time,0.5,0.5828,27,2487.87,1550,2230.248841983548,1.1155121669795702,early,,14,14,none,0
dMl8COIdEcc,UC4wKN1tlnlNVMiRPOu7qyvQ,time,1,0.5828,27,2487.87,1550,2230.248841983548,1.1155121669795702,early,,14,14,none,0
dMl8COIdEcc,UC4wKN1tlnlNVMiRPOu7qyvQ,time,2,1.5828,27,1848.68,1550,2251.451169219944,0.8211075201240283,early,0.6384164221885154,15,15,none,0
dMl8COIdEcc,UC4wKN1tlnlNVMiRPOu7qyvQ,time,3,2.5828,27,1612.95,1550,2331.7190928916225,0.6917425185585294,early,0.4688722308875025,15,15,none,0
dMl8COIdEcc,UC4wKN1tlnlNVMiRPOu7qyvQ,time,5,4.5828,27,1812.60,1550,2364.306016026638,0.766651500041785,likely,0.40869481265363317,15,15,none,0
dMl8COIdEcc,UC4wKN1tlnlNVMiRPOu7qyvQ,time,7,6.5828,27,1733.80,1550,2356.359369289837,0.7357970438602535,likely,0.3564930579815311,15,15,none,0
dMl8COIdEcc,UC4wKN1tlnlNVMiRPOu7qyvQ,time,14,12.5828,27,1651.06,1550,2298.6773122653594,0.71826372377881,confirmed,0.2951946154526008,15,15,none,0
G9WwukClfZo,UC_1mrs0pBzQdPqUSmbJEeNg,heldout,1,1.8766,30,17428.57,46953,36135.582217570496,0.48231056219336416,early,,15,14,none,0
G9WwukClfZo,UC_1mrs0pBzQdPqUSmbJEeNg,heldout,2,1.8766,30,17428.57,46953,36135.582217570496,0.48231056219336416,early,,15,14,none,0
G9WwukClfZo,UC_1mrs0pBzQdPqUSmbJEeNg,heldout,3,2.8766,30,12447.57,46953,38557.15311739552,0.3228342616396568,early,0.23943969935677117,15,13,none,0
G9WwukClfZo,UC_1mrs0pBzQdPqUSmbJEeNg,heldout,5,4.8766,30,21911.82,46953,38965.97139241302,0.5623321259686601,likely,0.5878678216479944,15,13,none,0
G9WwukClfZo,UC_1mrs0pBzQdPqUSmbJEeNg,heldout,7,6.8766,30,24449.23,46953,38965.97139241302,0.6274508431166593,likely,0.6406693639843691,15,13,none,0
G9WwukClfZo,UC_1mrs0pBzQdPqUSmbJEeNg,heldout,14,13.8766,30,31148.18,46953,40911.82859461653,0.7613490107980163,confirmed,0.5907300080305831,15,13,none,0
1wNpNkkGB54,UCb4YTduN-tdW9hSVjPwgkbw,time,5,6.8203,29,2591.60,2780,,,insufficient,,0,0,none,0
1wNpNkkGB54,UCb4YTduN-tdW9hSVjPwgkbw,time,7,6.8203,29,2591.60,2780,,,insufficient,,0,0,none,0
1wNpNkkGB54,UCb4YTduN-tdW9hSVjPwgkbw,time,14,13.8203,29,2666.32,2780,,,insufficient,0.22870648528658652,0,0,none,0
fb8BDVvqSHk,UCdt0GYPfoQdIZTiqH4CDBaw,time,5,6.9166,29,9405.58,8038,,,insufficient,,0,0,none,0
fb8BDVvqSHk,UCdt0GYPfoQdIZTiqH4CDBaw,time,7,6.9166,29,9405.58,8038,,,insufficient,,0,0,none,0
fb8BDVvqSHk,UCdt0GYPfoQdIZTiqH4CDBaw,time,14,13.9166,29,8061.53,8038,,,insufficient,0.06885255329483861,0,0,none,0
cON8atShXMU,UCw4T39MvmTCmYoSdpB2Rwuw,time,14,13.9159,29,525.02,568,565.148522713136,0.9289937656553482,confirmed,0.21913430396405256,15,14,none,0
HccuMt_GNmk,UC3lJL1pUvQ2Ih2qZ-4ozrLw,time,5,6.9788,27,104.52,115,,,insufficient,,1,1,none,0
HccuMt_GNmk,UC3lJL1pUvQ2Ih2qZ-4ozrLw,time,7,6.9788,27,104.52,115,,,insufficient,,1,1,none,0
HccuMt_GNmk,UC3lJL1pUvQ2Ih2qZ-4ozrLw,time,14,14.9788,27,108.58,115,3605.45905483783,0.030114876620311308,confirmed,0.22444344155127957,12,12,none,0
gzEc4CO2uHw,UCWZwfV3ICOt3uEPpW6hYK4g,time,7,8.8741,28,5261.28,5560,9498.099807460203,0.5539299156867578,confirmed,,15,15,none,0
gzEc4CO2uHw,UCWZwfV3ICOt3uEPpW6hYK4g,time,14,13.8741,28,5274.43,5560,9459.709934621733,0.5575674134867747,confirmed,0.293575008621047,15,15,none,0
aCqm6Cwp6Ac,UCxmSA11SbI_3yBcHu6pKi_Q,time,14,12.8743,28,20597.34,38381,20528.489961346495,1.0033537771706578,confirmed,0.43612813157743663,15,12,none,0
UknYGN61y98,UC1NVV2D3Jhv2ykmpTwooUwQ,time,5,6.8215,29,2747.75,2312,,,insufficient,,0,0,none,0
UknYGN61y98,UC1NVV2D3Jhv2ykmpTwooUwQ,time,7,6.8215,29,2747.75,2312,,,insufficient,,0,0,none,0
UknYGN61y98,UC1NVV2D3Jhv2ykmpTwooUwQ,time,14,13.8215,29,2361.01,2312,,,insufficient,0.07215915149947155,0,0,none,0
QIOt6znpgTk,UC-ZEQgA6jc9SPIg7wq4QxTA,heldout,14,14.8338,30,48490.08,46205,24305.864293215476,1.9949952887480336,confirmed,,15,15,none,0
M8-hIfEm6iM,UCgYej_4CT6jSRViJrJbDXHw,time,14,13.0829,28,1195.49,1282,2197.5550313919675,0.5440075308281339,confirmed,0.11384224921841664,15,14,none,0
F2wvE-mrT6M,UC5alq-VmYnfQZt7YaNgdcGw,time,5,4.9687,28,2909.87,4072,,,insufficient,,1,1,none,0
F2wvE-mrT6M,UC5alq-VmYnfQZt7YaNgdcGw,time,7,6.9687,28,2786.31,4072,,,insufficient,0.24799524660060526,1,1,none,0
F2wvE-mrT6M,UC5alq-VmYnfQZt7YaNgdcGw,time,14,12.9687,28,3046.90,4072,,,insufficient,0.28291737439255454,1,1,none,0
OrA8YDUwSbw,UCc99RaVe8PKgly2T3QNBWLw,time,5,4.6198,27,54.39,47,,,insufficient,,2,2,none,0
OrA8YDUwSbw,UCc99RaVe8PKgly2T3QNBWLw,time,7,6.6198,27,42.87,47,,,insufficient,-0.0831585446673127,2,2,none,0
OrA8YDUwSbw,UCc99RaVe8PKgly2T3QNBWLw,time,14,15.6198,27,51.09,47,,,insufficient,0.14873098677436522,2,2,none,0
euXpFbWr2Yw,UC3JhfsgFPLSLNEROQCdj-GQ,time,14,14.0407,29,2317.65,2427,4361.999999999997,0.5313284995363282,confirmed,,15,13,none,0
MyqkSP8Su28,UCFH4gw_N_l_umsg-Rh8Ytpw,time,5,4.7499,27,20590.70,28072,,,insufficient,,0,0,none,0
MyqkSP8Su28,UCFH4gw_N_l_umsg-Rh8Ytpw,time,7,6.7499,27,21372.57,28072,,,insufficient,0.35803356004561554,0,0,none,0
MyqkSP8Su28,UCFH4gw_N_l_umsg-Rh8Ytpw,time,14,12.7499,27,26431.18,28072,,,insufficient,0.45967458557584673,0,0,none,0
JGyamfRGnHs,UC1HX8DWEmVTWj5WNaLd1a_Q,time,5,6.1150,29,81.85,84,,,insufficient,,0,0,none,0
JGyamfRGnHs,UC1HX8DWEmVTWj5WNaLd1a_Q,time,7,7.1150,29,86.25,84,,,insufficient,0.3430988245976747,0,0,none,0
JGyamfRGnHs,UC1HX8DWEmVTWj5WNaLd1a_Q,time,14,13.1150,29,86.19,84,,,insufficient,0.2473144987064785,0,0,none,0
Gw8o6OvEAHY,UCAYLryveVTTC__-iYIvAP2g,time,5,6.9580,27,544.01,439,,,insufficient,,0,0,none,0
Gw8o6OvEAHY,UCAYLryveVTTC__-iYIvAP2g,time,7,6.9580,27,544.01,439,,,insufficient,,0,0,none,0
Gw8o6OvEAHY,UCAYLryveVTTC__-iYIvAP2g,time,14,13.9580,27,453.60,439,,,insufficient,0.025470690498029046,0,0,none,0
gwLQ0oySpaE,UCSCydFbXzl_kheTt4XbRLhg,time,1,0.8325,29,2129.30,1494,1967.9963574395936,1.0819627563390377,early,,15,8,none,0
gwLQ0oySpaE,UCSCydFbXzl_kheTt4XbRLhg,time,2,1.8325,29,1524.36,1494,2080.5744966943566,0.7326638566010507,early,0.4153329150952488,15,8,none,0
gwLQ0oySpaE,UCSCydFbXzl_kheTt4XbRLhg,time,3,2.8325,29,1463.89,1494,2096,0.6984201054864594,early,0.3535093078367082,15,8,none,0
gwLQ0oySpaE,UCSCydFbXzl_kheTt4XbRLhg,time,5,4.8325,29,1500.51,1494,2096,0.7158929442562577,likely,0.3224938458539053,15,6,none,0
gwLQ0oySpaE,UCSCydFbXzl_kheTt4XbRLhg,time,7,6.8325,29,1466.96,1494,2073.549207142324,0.7074649399827115,likely,0.2882290619573237,15,6,none,0
gwLQ0oySpaE,UCSCydFbXzl_kheTt4XbRLhg,time,14,13.8325,29,1496.34,1494,2096,0.7139017449372924,confirmed,0.2605785192327099,15,4,none,0
LffevT1SA9c,UCicLtkURhSq2fNDCzpb8NVw,time,0.5,0.7269,28,6260.46,10779,326.31327419749783,19.185419220211017,early,,6,5,none,0
LffevT1SA9c,UCicLtkURhSq2fNDCzpb8NVw,time,1,0.7269,28,6260.46,10779,326.31327419749783,19.185419220211017,early,,6,5,none,0
LffevT1SA9c,UCicLtkURhSq2fNDCzpb8NVw,time,2,1.7269,28,9717.69,10779,334.6711397476405,29.03652019733299,early,1.1348474875694232,6,5,none,0
LffevT1SA9c,UCicLtkURhSq2fNDCzpb8NVw,time,3,2.7269,28,8096.83,10779,335.8731890783286,24.10682063274529,early,0.8689929550575324,6,5,none,0
LffevT1SA9c,UCicLtkURhSq2fNDCzpb8NVw,time,5,4.7269,28,10961.48,10779,344.6022651926015,31.80907393051667,likely,0.7606346172569652,6,5,none,0
LffevT1SA9c,UCicLtkURhSq2fNDCzpb8NVw,time,7,6.7269,28,10614.70,10779,346.29505172375036,30.652197972061945,likely,0.677963183208298,6,5,none,0
LffevT1SA9c,UCicLtkURhSq2fNDCzpb8NVw,time,14,13.7269,28,12197.98,10779,356,34.263994369924404,confirmed,0.5998428769847646,6,4,none,0
TBUaBsCn3L0,UC50xPFPma-nCS5GZpAFukpQ,heldout,5,6.6619,30,1275216.04,1426967,770209.0000000001,1.6556753318022046,likely,,15,14,none,0
TBUaBsCn3L0,UC50xPFPma-nCS5GZpAFukpQ,heldout,7,6.6619,30,1275216.04,1426967,770209.0000000001,1.6556753318022046,likely,,15,14,none,0
TBUaBsCn3L0,UC50xPFPma-nCS5GZpAFukpQ,heldout,14,15.6619,30,1364617.81,1426967,770209.0000000001,1.7717500153932997,confirmed,0.2388368544111187,15,14,none,0
k5jTp7zm3Xo,UC9_p50tH3WmMslWRWKnM7dQ,heldout,1,1.7484,29,144596.55,134838,194503.99999999997,0.7434117246057959,early,,15,12,none,0
k5jTp7zm3Xo,UC9_p50tH3WmMslWRWKnM7dQ,heldout,2,1.7484,29,144596.55,134838,194503.99999999997,0.7434117246057959,early,,15,12,none,0
k5jTp7zm3Xo,UC9_p50tH3WmMslWRWKnM7dQ,heldout,3,3.7484,29,171837.72,134838,194503.99999999997,0.88346627308526,likely,0.56750233570719,15,11,none,0
k5jTp7zm3Xo,UC9_p50tH3WmMslWRWKnM7dQ,heldout,5,4.7484,29,152924.35,134838,194503.99999999997,0.7862272536047527,likely,0.4833485362675006,15,11,none,0
k5jTp7zm3Xo,UC9_p50tH3WmMslWRWKnM7dQ,heldout,7,6.7484,29,148025.11,134838,194503.99999999997,0.7610389079008274,likely,0.39741011631464646,15,11,none,0
k5jTp7zm3Xo,UC9_p50tH3WmMslWRWKnM7dQ,heldout,14,13.7484,29,138086.12,134838,194503.99999999997,0.7099397432030893,confirmed,0.2959090794573545,15,10,none,0
_K-lEOPTFXU,UC3KNWfcAsfHDqIzHExknhFQ,time,5,6.6374,28,130.97,172,,,insufficient,,0,0,none,0
_K-lEOPTFXU,UC3KNWfcAsfHDqIzHExknhFQ,time,7,6.6374,28,130.97,172,,,insufficient,,0,0,none,0
_K-lEOPTFXU,UC3KNWfcAsfHDqIzHExknhFQ,time,14,13.6374,28,153.15,172,,,insufficient,0.3548029485960391,0,0,none,0
v9DQJaDntz4,UCfk2tHbUwraPERg3Q4fQM5w,time,5,5.9368,28,21.76,19,,,insufficient,,0,0,none,0
v9DQJaDntz4,UCfk2tHbUwraPERg3Q4fQM5w,time,7,7.9368,28,20.60,19,,,insufficient,0.2393037083228545,0,0,none,0
v9DQJaDntz4,UCfk2tHbUwraPERg3Q4fQM5w,time,14,13.9368,28,19.57,19,,,insufficient,0.15356553190967512,0,0,none,0
XSFzUR8Hh6U,UC4jbIZiyl9OUq4YpzQDOS9w,time,5,4.8955,27,10032.24,9781,,,insufficient,,0,0,none,0
XSFzUR8Hh6U,UC4jbIZiyl9OUq4YpzQDOS9w,time,7,6.8955,27,10688.19,9781,,,insufficient,0.4551093670036319,0,0,none,0
XSFzUR8Hh6U,UC4jbIZiyl9OUq4YpzQDOS9w,time,14,12.8955,27,10407.81,9781,,,insufficient,0.269774246143592,0,0,none,0
Zru8Wo0HKKc,UCCZLVYAGIoGvaFUrTyyeaXA,heldout,7,7.9162,30,39745.47,33731,,,insufficient,,1,1,none,0
Zru8Wo0HKKc,UCCZLVYAGIoGvaFUrTyyeaXA,heldout,14,13.9162,30,33833.20,33731,,,insufficient,0.07144890246292156,1,1,none,0
tHf-gnrbr6g,UCI0vQvr9aFn27yR6Ej6n5UA,time,5,5.7907,27,1048.37,967,1111.962335745143,0.9428084040778002,likely,,15,13,none,0
tHf-gnrbr6g,UCI0vQvr9aFn27yR6Ej6n5UA,time,7,6.7907,27,972.00,967,1099.9130462568505,0.8837031592318131,likely,0.28695156755972306,15,13,none,0
tHf-gnrbr6g,UCI0vQvr9aFn27yR6Ej6n5UA,time,14,12.7907,27,968.51,967,1016.7796302806203,0.9525310300449068,confirmed,0.20419031868350568,15,12,none,0
AKvM8OYr-Yw,UCiDJtJKMICpb9B1qf7qjEOA,heldout,14,13.9165,30,413816.42,409644,110584.13559265822,3.74209572149947,confirmed,0.130196943546274,15,15,none,0
Iz8KyTqsGDM,UCsqg_qOYNGPqY52SsJ_gMxQ,heldout,0.5,0.5216,30,206.79,660,396.6379195156604,0.5213627589910158,early,,13,9,none,0
Iz8KyTqsGDM,UCsqg_qOYNGPqY52SsJ_gMxQ,heldout,1,0.5216,30,206.79,660,396.6379195156604,0.5213627589910158,early,,13,9,none,0
Iz8KyTqsGDM,UCsqg_qOYNGPqY52SsJ_gMxQ,heldout,7,7.5216,30,725.36,660,457.0859278668125,1.5869223465927338,confirmed,1.1165891002725707,15,8,none,0
Iz8KyTqsGDM,UCsqg_qOYNGPqY52SsJ_gMxQ,heldout,14,13.5216,30,754.12,660,492.5254604677566,1.5311381803137725,confirmed,0.9217971144752019,15,8,none,0
99XP-52n-Ps,UCnwAlhoB5rVhh6y5P96RXAw,heldout,1,0.9582,30,80848.42,84378,41860.48105800794,1.9313780892765986,early,,11,11,none,0
99XP-52n-Ps,UCnwAlhoB5rVhh6y5P96RXAw,heldout,14,12.9582,30,90423.36,84378,33229.85405037653,2.7211483740226226,confirmed,0.4160796408523486,15,10,none,0
A5bu-OvOvos,UCC_ycdL5_Rw9b6UEmtmUE3g,time,5,6.9465,29,4415.04,4688,,,insufficient,,1,1,none,0
A5bu-OvOvos,UCC_ycdL5_Rw9b6UEmtmUE3g,time,7,6.9465,29,4415.04,4688,,,insufficient,,1,1,none,0
A5bu-OvOvos,UCC_ycdL5_Rw9b6UEmtmUE3g,time,14,13.9465,29,4551.32,4688,,,insufficient,0.2345632763296861,1,1,none,0
a5isoMkmHOQ,UC8wwEsUeTG9cpzvWT5Dsdqw,time,1,1.0417,27,43672.07,45016,23778.094273958028,1.836651285914358,early,2.1819573964338916,15,12,none,0
a5isoMkmHOQ,UC8wwEsUeTG9cpzvWT5Dsdqw,time,2,2.0417,27,63115.88,45016,23805.745085794508,2.6512875383928267,early,1.6933519119434834,15,11,none,0
a5isoMkmHOQ,UC8wwEsUeTG9cpzvWT5Dsdqw,time,3,3.0417,27,63218.16,45016,23757.804254840325,2.660943078176635,likely,1.4405982804227748,15,11,none,0
a5isoMkmHOQ,UC8wwEsUeTG9cpzvWT5Dsdqw,time,5,4.0417,27,67517.19,45016,23706.687165016112,2.848022811470256,likely,1.3177116530313069,15,11,none,0
a5isoMkmHOQ,UC8wwEsUeTG9cpzvWT5Dsdqw,time,7,7.0417,27,71265.63,45016,23615.095907524614,3.017799826012675,confirmed,1.090940923064009,15,11,none,0
a5isoMkmHOQ,UC8wwEsUeTG9cpzvWT5Dsdqw,time,14,15.0417,27,60969.06,45016,23690.999999999978,2.5735116454927534,confirmed,0.8514061901428419,15,10,none,0
eaSBkX-Yg4s,UC7ZddA__ewP3AtDefjl_tWg,heldout,1,1.0825,28,130212.04,161427,111572.02776361787,1.1670670651300044,early,,15,12,none,0
eaSBkX-Yg4s,UC7ZddA__ewP3AtDefjl_tWg,time,1,1.0825,28,130212.04,161427,111572.02776361787,1.1670670651300044,early,,15,12,none,0
eaSBkX-Yg4s,UC7ZddA__ewP3AtDefjl_tWg,heldout,2,2.0825,28,148389.85,161427,111547.60768476326,1.3302827191158222,early,0.7706044282015128,15,12,none,0
eaSBkX-Yg4s,UC7ZddA__ewP3AtDefjl_tWg,time,2,2.0825,28,148389.85,161427,111547.60768476326,1.3302827191158222,early,0.7706044282015128,15,12,none,0
eaSBkX-Yg4s,UC7ZddA__ewP3AtDefjl_tWg,heldout,3,3.0825,28,133835.00,161427,111650.76469771986,1.1986930905011706,likely,0.6240004286060331,15,11,none,0
eaSBkX-Yg4s,UC7ZddA__ewP3AtDefjl_tWg,time,3,3.0825,28,133835.00,161427,111650.76469771986,1.1986930905011706,likely,0.6240004286060331,15,11,none,0
eaSBkX-Yg4s,UC7ZddA__ewP3AtDefjl_tWg,heldout,5,5.0825,28,151241.13,161427,111437.81767239558,1.3571795783060832,likely,0.5578008227837794,15,11,none,0
eaSBkX-Yg4s,UC7ZddA__ewP3AtDefjl_tWg,time,5,5.0825,28,151241.13,161427,111437.81767239558,1.3571795783060832,likely,0.5578008227837794,15,11,none,0
eaSBkX-Yg4s,UC7ZddA__ewP3AtDefjl_tWg,heldout,7,7.0825,28,153720.84,161427,111648.00000000009,1.3768346538483722,confirmed,0.5284800024526999,15,9,none,0
eaSBkX-Yg4s,UC7ZddA__ewP3AtDefjl_tWg,time,7,7.0825,28,153720.84,161427,111648.00000000009,1.3768346538483722,confirmed,0.5284800024526999,15,9,none,0
eaSBkX-Yg4s,UC7ZddA__ewP3AtDefjl_tWg,heldout,14,13.0825,28,153669.14,161427,111648.00000000009,1.3763716035257345,confirmed,0.47524696627547475,15,6,none,0
eaSBkX-Yg4s,UC7ZddA__ewP3AtDefjl_tWg,time,14,13.0825,28,153669.14,161427,111648.00000000009,1.3763716035257345,confirmed,0.47524696627547475,15,6,none,0
zMrE7h-n6p0,UC3lJL1pUvQ2Ih2qZ-4ozrLw,time,5,6.9783,27,319.86,465,235.65212692328927,1.3573300571648672,likely,,6,6,none,0
zMrE7h-n6p0,UC3lJL1pUvQ2Ih2qZ-4ozrLw,time,7,6.9783,27,319.86,465,235.65212692328927,1.3573300571648672,likely,,6,6,none,0
zMrE7h-n6p0,UC3lJL1pUvQ2Ih2qZ-4ozrLw,time,14,14.9783,27,417.37,465,549.9672048883438,0.7589023753878898,confirmed,0.490133511030205,12,12,none,0
G0-x2z4wUgg,UC0WFn9iVCx3fCa31rqAvlXA,time,5,6.6451,29,50.37,46,,,insufficient,,0,0,none,0
G0-x2z4wUgg,UC0WFn9iVCx3fCa31rqAvlXA,time,7,6.6451,29,50.37,46,,,insufficient,,0,0,none,0
G0-x2z4wUgg,UC0WFn9iVCx3fCa31rqAvlXA,time,14,13.6451,29,42.36,46,,,insufficient,0.03798621813547768,0,0,none,0
CmkkuCfZJbc,UCfJT_eYDTmDE-ovKaxVE1ig,time,5,4.7914,27,262922.67,252086,,,insufficient,,0,0,none,0
CmkkuCfZJbc,UCfJT_eYDTmDE-ovKaxVE1ig,time,7,6.7914,27,274042.22,252086,,,insufficient,0.37426447685822545,0,0,none,0
CmkkuCfZJbc,UCfJT_eYDTmDE-ovKaxVE1ig,time,14,15.7914,27,262648.86,252086,,,insufficient,0.2093385334871405,0,0,none,0
F7Y-94Q6Vtc,UCboCCtnsCslt0ZT9W47thcA,time,5,6.7777,29,697.64,679,,,insufficient,,0,0,none,0
F7Y-94Q6Vtc,UCboCCtnsCslt0ZT9W47thcA,time,7,6.7777,29,697.64,679,,,insufficient,,0,0,none,0
F7Y-94Q6Vtc,UCboCCtnsCslt0ZT9W47thcA,time,14,13.7777,29,669.59,679,,,insufficient,0.16527299136165458,0,0,none,0
L-xgMQ-7lW0,UC4w1YQAJMWOz4qtxinq55LQ,time,1,0.8745,27,64153.03,56595,30759.406143791344,2.085639290148485,early,,15,11,none,0
L-xgMQ-7lW0,UC4w1YQAJMWOz4qtxinq55LQ,time,2,1.8745,27,58332.97,56595,30509.515611096896,1.9119598171755778,early,0.544559552849169,15,10,none,0
L-xgMQ-7lW0,UC4w1YQAJMWOz4qtxinq55LQ,time,3,2.8745,27,52723.89,56595,30477.473235889986,1.7299299398056653,early,0.46628341637764364,15,10,none,0
L-xgMQ-7lW0,UC4w1YQAJMWOz4qtxinq55LQ,time,5,4.8745,27,59668.98,56595,30147.24117042725,1.9792517064525872,likely,0.41821377668025717,15,10,none,0
L-xgMQ-7lW0,UC4w1YQAJMWOz4qtxinq55LQ,time,7,6.8745,27,58525.66,56595,30015.712770161517,1.949833948380671,likely,0.3805297156359333,15,9,none,0
L-xgMQ-7lW0,UC4w1YQAJMWOz4qtxinq55LQ,time,14,12.8745,27,54235.85,56595,29406.26651380043,1.8443637432329827,confirmed,0.3098280484860467,15,6,none,0
Qi07yb1S6Ps,UC70SrI3VkT1MXALRtf0pcHg,time,1,0.8477,27,74127.21,43060,71922.66826412317,1.0306515401655487,early,,13,13,none,0
Qi07yb1S6Ps,UC70SrI3VkT1MXALRtf0pcHg,time,2,1.8477,27,52848.24,43060,70869.90582016227,0.7457077967711289,early,0.40854482753585764,15,15,none,0
Qi07yb1S6Ps,UC70SrI3VkT1MXALRtf0pcHg,time,3,2.8477,27,49890.33,43060,69791.13927120506,0.714851978193898,early,0.32659594299305594,15,15,none,0
Qi07yb1S6Ps,UC70SrI3VkT1MXALRtf0pcHg,time,5,4.8477,27,49518.17,43060,67955.28589985412,0.7286875554330118,likely,0.2776748201906878,15,15,none,0
Qi07yb1S6Ps,UC70SrI3VkT1MXALRtf0pcHg,time,7,7.8477,27,50302.64,43060,66653.92945506751,0.7546838447814265,confirmed,0.25313896298030836,15,15,none,0
Qi07yb1S6Ps,UC70SrI3VkT1MXALRtf0pcHg,time,14,12.8477,27,46056.05,43060,63932.18619920689,0.7203891676889471,confirmed,0.20708054055906772,15,15,none,0
MRPyuTso1-A,UCmu7bw5BYIeR0VDw0hJKblw,time,14,14.4277,28,336.70,346,434.3021170795572,0.775273662209503,confirmed,0.41858042241517257,15,13,none,0
v2wc7Pde8Ms,UCObA5o3mcc1felIMAv6cukw,heldout,5,5.0135,29,54986.44,60606,64804.95239951957,0.8484914012743464,likely,0.14159815943147644,15,14,none,0
v2wc7Pde8Ms,UCObA5o3mcc1felIMAv6cukw,time,5,5.0135,29,54986.44,60606,64804.95239951957,0.8484914012743464,likely,0.14159815943147644,15,14,none,0
v2wc7Pde8Ms,UCObA5o3mcc1felIMAv6cukw,heldout,7,7.0135,29,56641.06,60606,64804.95239951957,0.8740236257278698,confirmed,0.19609180238433044,15,14,none,0
v2wc7Pde8Ms,UCObA5o3mcc1felIMAv6cukw,time,7,7.0135,29,56641.06,60606,64804.95239951957,0.8740236257278698,confirmed,0.19609180238433044,15,14,none,0
v2wc7Pde8Ms,UCObA5o3mcc1felIMAv6cukw,heldout,14,14.0135,29,62458.84,60606,64073.07973155572,0.9748062115040497,confirmed,0.18328191479432765,15,14,none,0
v2wc7Pde8Ms,UCObA5o3mcc1felIMAv6cukw,time,14,14.0135,29,62458.84,60606,64073.07973155572,0.9748062115040497,confirmed,0.18328191479432765,15,14,none,0
xvhaNuD8CCg,UCdjEFkZWl9eBgV8azx1A_hg,time,5,6.8272,29,697.64,682,,,insufficient,,1,1,none,0
xvhaNuD8CCg,UCdjEFkZWl9eBgV8azx1A_hg,time,7,6.8272,29,697.64,682,,,insufficient,,1,1,none,0
xvhaNuD8CCg,UCdjEFkZWl9eBgV8azx1A_hg,time,14,13.8272,29,659.81,682,,,insufficient,0.14301132201481132,1,1,none,0
7YOJx3D-3RQ,UCV6KDgJskWaEckne5aPA0aQ,time,0.5,0.6645,29,138229.19,118975,370497.608953607,0.3730906413500071,early,,15,9,none,0
7YOJx3D-3RQ,UCV6KDgJskWaEckne5aPA0aQ,time,1,0.6645,29,138229.19,118975,370497.608953607,0.3730906413500071,early,,15,9,none,0
7YOJx3D-3RQ,UCV6KDgJskWaEckne5aPA0aQ,time,2,1.6645,29,124804.29,118975,367154.5953958774,0.33992300557593136,early,0.6940084491009896,15,9,none,0
7YOJx3D-3RQ,UCV6KDgJskWaEckne5aPA0aQ,time,3,2.6645,29,128396.68,118975,366652.00000000023,0.35018677979989243,early,0.5248417032626351,15,9,none,0
7YOJx3D-3RQ,UCV6KDgJskWaEckne5aPA0aQ,time,5,4.6645,29,107614.10,118975,366652.00000000023,0.29350475107218443,likely,0.4081909288503271,15,8,none,0
7YOJx3D-3RQ,UCV6KDgJskWaEckne5aPA0aQ,time,7,6.6645,29,116645.45,118975,366652.00000000023,0.318136671895867,likely,0.3725878422820024,15,8,none,0
7YOJx3D-3RQ,UCV6KDgJskWaEckne5aPA0aQ,time,14,13.6645,29,109378.21,118975,350332.23971584084,0.3122128146823153,confirmed,0.3239756568630239,15,6,none,0
nx_Ek08Jj5Q,UCc8cHxAZ3jwWkrrDyaLwDUw,time,5,6.6041,28,3541.10,3078,,,insufficient,,1,1,none,0
nx_Ek08Jj5Q,UCc8cHxAZ3jwWkrrDyaLwDUw,time,7,6.6041,28,3541.10,3078,,,insufficient,,1,1,none,0
nx_Ek08Jj5Q,UCc8cHxAZ3jwWkrrDyaLwDUw,time,14,13.6041,28,3077.06,3078,,,insufficient,0.08788618085180773,1,1,none,0
oUt9u_kEu64,UC5_SBQbLA9Kg7Jh5GpXoP3g,time,1,0.8322,28,106.20,122,728.7568933289488,0.1457268405160279,early,,3,3,none,0
oUt9u_kEu64,UC5_SBQbLA9Kg7Jh5GpXoP3g,time,2,2.8322,28,126.71,122,300.25541880086246,0.4219924525593894,early,0.7965538844396258,15,15,none,0
oUt9u_kEu64,UC5_SBQbLA9Kg7Jh5GpXoP3g,time,3,2.8322,28,126.71,122,300.25541880086246,0.4219924525593894,early,0.7965538844396258,15,15,none,0
oUt9u_kEu64,UC5_SBQbLA9Kg7Jh5GpXoP3g,time,5,4.8322,28,101.08,122,281.6135836489792,0.35894779632549223,likely,0.5195600518473079,15,13,none,0
oUt9u_kEu64,UC5_SBQbLA9Kg7Jh5GpXoP3g,time,7,6.8322,28,115.60,122,268.44386985025005,0.4306270948236391,likely,0.5107257364185278,15,13,none,0
oUt9u_kEu64,UC5_SBQbLA9Kg7Jh5GpXoP3g,time,14,13.8322,28,135.80,122,249.94114725618374,0.5433212948073959,confirmed,0.4381510240756948,15,13,none,0
2OI0jFCOfWg,UCF2UdeyQbFenSvnJ4aZUzHw,time,5,6.6458,28,8939.65,10689,,,insufficient,,1,1,none,0
2OI0jFCOfWg,UCF2UdeyQbFenSvnJ4aZUzHw,time,7,6.6458,28,8939.65,10689,,,insufficient,,1,1,none,0
2OI0jFCOfWg,UCF2UdeyQbFenSvnJ4aZUzHw,time,14,13.6458,28,9338.82,10689,,,insufficient,0.24841536359732913,1,1,none,0
OQERqMUsBHs,UC9PgszLOAWhQC6orYejcJlw,time,5,5.7913,28,5543.70,4945,,,insufficient,,0,0,none,0
OQERqMUsBHs,UC9PgszLOAWhQC6orYejcJlw,time,7,6.7913,28,4602.92,4945,,,insufficient,0.19381321504891105,0,0,none,0
OQERqMUsBHs,UC9PgszLOAWhQC6orYejcJlw,time,14,13.7913,28,4992.58,4945,,,insufficient,0.15309993892840718,0,0,none,0
8i9V9AedZYc,UCAGgFGwq4HZKLZ4gXo9xLiw,time,5,5.8347,28,3548.95,2756,2254.6179929478426,1.574079572637941,likely,,5,5,none,0
8i9V9AedZYc,UCAGgFGwq4HZKLZ4gXo9xLiw,time,7,6.8347,28,2907.74,2756,2228.2288544796193,1.3049567200931258,likely,0.09755331217584992,5,5,none,0
8i9V9AedZYc,UCAGgFGwq4HZKLZ4gXo9xLiw,time,14,13.8347,28,2799.11,2756,2055.0114245816467,1.3620908539144017,confirmed,0.04804072499897081,5,5,none,0
HSOVWcT3sjw,UCLJs1QDIwWlaqdRJS9dZESw,time,1,0.8626,27,7853.45,10784,11656.583793474289,0.6737350063516738,early,,15,13,none,0
HSOVWcT3sjw,UCLJs1QDIwWlaqdRJS9dZESw,time,2,1.8626,27,6960.67,10784,11680.998755745693,0.5958964026248903,early,0.7167087276978742,15,13,none,0
HSOVWcT3sjw,UCLJs1QDIwWlaqdRJS9dZESw,time,3,2.8626,27,7563.96,10784,11752.250197316334,0.643618276708459,early,0.6175424976479637,15,13,none,0
HSOVWcT3sjw,UCLJs1QDIwWlaqdRJS9dZESw,time,5,4.8626,27,9099.41,10784,11792.021690682883,0.7716579425721035,likely,0.6005226772916262,15,13,none,0
HSOVWcT3sjw,UCLJs1QDIwWlaqdRJS9dZESw,time,7,6.8626,27,12870.66,10784,11923.18301957833,1.0794647006549143,likely,0.6817657698280574,15,13,none,0
HSOVWcT3sjw,UCLJs1QDIwWlaqdRJS9dZESw,time,14,12.8626,27,14436.29,10784,12014,1.2016223442735445,confirmed,0.5677877971996527,15,12,none,0
JnWDfW6QTt0,UCX5nh607M8hSBLiMB9MgbIQ,time,0.5,0.7187,29,7253.42,6496,9165.50969206956,0.7913822543710571,early,,15,9,none,0
JnWDfW6QTt0,UCX5nh607M8hSBLiMB9MgbIQ,time,1,0.7187,29,7253.42,6496,9165.50969206956,0.7913822543710571,early,,15,9,none,0
JnWDfW6QTt0,UCX5nh607M8hSBLiMB9MgbIQ,time,2,1.7187,29,7801.55,6496,9227.676367248245,0.8454515980895588,early,0.7435108519441548,15,9,none,0
JnWDfW6QTt0,UCX5nh607M8hSBLiMB9MgbIQ,time,3,3.7187,29,7698.13,6496,9165.341738150952,0.839917252087567,likely,0.5094079975146137,15,8,none,0
JnWDfW6QTt0,UCX5nh607M8hSBLiMB9MgbIQ,time,5,4.7187,29,6966.94,6496,9110.736208456612,0.7646952953717716,likely,0.45200155514623397,15,8,none,0
JnWDfW6QTt0,UCX5nh607M8hSBLiMB9MgbIQ,time,7,6.7187,29,6565.28,6496,9085.51997492057,0.7226086684597727,likely,0.4058347978111343,15,7,none,0
JnWDfW6QTt0,UCX5nh607M8hSBLiMB9MgbIQ,time,14,14.7187,29,7243.32,6496,9079.787793396808,0.7977411711788491,confirmed,0.35980523740031783,15,5,none,0
d68lO7Hjj9s,UCat0LyGytYMwfZEPbO_rOrA,time,14,13.8897,29,5076.28,4909,2168.784171581637,2.3406086789352853,confirmed,0.136165798084678,15,15,none,0
F9w5QpdToos,UCjrb6YumTXFixchqoGyULkg,time,14,13.9163,28,245683.29,243827,40113.360482576165,6.124724672343034,confirmed,0.4352303236433653,15,14,none,0
1tA3nI2pr28,UCjkvta4m0l5d8ehlt1TXHzA,time,14,12.8332,27,1561.73,1602,2074.820260805169,0.7527057828150463,confirmed,,15,15,none,0
zcwbmpmvYVk,UCcvjK35lDPZTlkIrrwxpepg,time,1,0.9518,27,36501.81,63719,63436.193073653856,0.5754098688260811,early,,15,11,none,0
zcwbmpmvYVk,UCcvjK35lDPZTlkIrrwxpepg,time,2,1.9518,27,50557.38,63719,63851.997211332906,0.7917901823260463,early,0.694046791327494,15,10,none,0
zcwbmpmvYVk,UCcvjK35lDPZTlkIrrwxpepg,time,3,2.9518,27,51864.08,63719,63851.997211332906,0.8122545841686276,early,0.5857355328960173,15,10,none,0
zcwbmpmvYVk,UCcvjK35lDPZTlkIrrwxpepg,time,5,4.9518,27,57889.32,63719,64116.9485215933,0.902870716000124,likely,0.6628646151432496,15,10,none,0
zcwbmpmvYVk,UCcvjK35lDPZTlkIrrwxpepg,time,7,6.9518,27,76847.10,63719,64116.9485215933,1.1985457495540321,likely,0.6624365288338419,15,10,none,0
zcwbmpmvYVk,UCcvjK35lDPZTlkIrrwxpepg,time,14,14.9518,27,81750.39,63719,64651.7477152664,1.2644730459456344,confirmed,0.6251958188147273,15,9,none,0
YBmAT6cu9Js,UCf5LdDDOm1hYgDcSP3KimNA,time,1,0.9992,29,3372.68,12905,11077.770215330049,0.30445520565420114,early,,15,10,none,0
YBmAT6cu9Js,UCf5LdDDOm1hYgDcSP3KimNA,time,2,1.9992,29,4120.08,12905,11047.794045671497,0.37293249007459744,early,0.9060831850071611,15,8,none,0
YBmAT6cu9Js,UCf5LdDDOm1hYgDcSP3KimNA,time,3,2.9992,29,8653.05,12905,11047.794045671497,0.7832374905682788,early,1.5247735423927635,15,8,none,0
YBmAT6cu9Js,UCf5LdDDOm1hYgDcSP3KimNA,time,5,4.9992,29,8174.88,12905,11013.289527769768,0.7422744878209159,likely,1.0340780987258502,15,8,none,0
YBmAT6cu9Js,UCf5LdDDOm1hYgDcSP3KimNA,time,7,6.9992,29,10448.76,12905,11013.289527769768,0.9487410601996678,likely,1.141993440740527,15,8,none,0
YBmAT6cu9Js,UCf5LdDDOm1hYgDcSP3KimNA,time,14,13.9992,29,15315.30,12905,10920.201212429434,1.4024739802147541,confirmed,1.084377704197616,15,7,none,0
EFlH4g1rwDE,UC4vxRjQ0R7vWWKjlpFpt4Tg,time,14,13.5159,27,3130.11,3564,2739.6886470945074,1.1425052964768752,confirmed,,15,15,none,0
HSUsmLth0OY,UCxkIzPnPzWLz4IeuxIROflg,heldout,14,14.8746,30,2839.82,3210,1403.8334100849597,2.02290186602319,confirmed,0.326768876956087,15,11,none,0
bHJnf2McbZI,UCh7mi5sI3BSzKReLzXpgimA,time,5,6.3531,28,161.19,136,55.142465217393585,2.9231217567186047,likely,,15,13,none,0
bHJnf2McbZI,UCh7mi5sI3BSzKReLzXpgimA,time,7,7.3531,28,140.71,136,55.142465217393585,2.5518433885265335,confirmed,0,15,13,none,0
bHJnf2McbZI,UCh7mi5sI3BSzKReLzXpgimA,time,14,13.3531,28,137.42,136,54.056373006478566,2.5422370902991656,confirmed,0.05729113217633714,15,10,none,0
5Q_l8m6rsqI,UC6unsgtxsnMeFG3OBRX-PQw,time,7,7.0832,27,1409.14,1206,,,insufficient,,0,0,none,0
5Q_l8m6rsqI,UC6unsgtxsnMeFG3OBRX-PQw,time,14,15.0832,27,1217.19,1206,8278.688567914915,0.147026309928167,confirmed,0.07468557653618925,15,10,none,0
yPTbywOkXIo,UC8uU_wruBMHeeRma49dtZKA,time,1,0.9569,30,8749.78,9082,13198.734633090206,0.6629254127475478,early,,15,13,none,0
yPTbywOkXIo,UC8uU_wruBMHeeRma49dtZKA,time,2,1.9569,30,15656.27,9082,13198.734633090206,1.186194829309756,early,1.3562179889536143,15,13,none,0
yPTbywOkXIo,UC8uU_wruBMHeeRma49dtZKA,time,3,2.9569,30,14723.45,9082,13190.20949409184,1.1162404451062553,early,0.9024512377633082,15,13,none,0
yPTbywOkXIo,UC8uU_wruBMHeeRma49dtZKA,time,5,4.9569,30,11460.40,9082,13245.000000000002,0.8652624602993192,likely,0.638189683879243,15,12,none,0
yPTbywOkXIo,UC8uU_wruBMHeeRma49dtZKA,time,7,6.9569,30,10238.54,9082,13245.000000000002,0.773011676716867,likely,0.5364989312682618,15,12,none,0
yPTbywOkXIo,UC8uU_wruBMHeeRma49dtZKA,time,14,13.9569,30,10405.19,9082,13245.000000000002,0.7855939051551443,confirmed,0.41908861263366126,15,12,none,0
l2RSwUeFXWU,UCQq79zHGZJNzm3SPOfLNmrw,time,3,3.9638,29,282.22,363,517.4285850771595,0.5454328456193808,likely,,15,13,none,0
l2RSwUeFXWU,UCQq79zHGZJNzm3SPOfLNmrw,time,5,5.9638,29,252.45,363,521.6372957073901,0.4839504206012037,likely,0.2845347087125033,15,13,none,0
l2RSwUeFXWU,UCQq79zHGZJNzm3SPOfLNmrw,time,7,6.9638,29,268.89,363,532.4800113821766,0.5049677017250729,likely,0.3697662189842424,15,12,none,0
l2RSwUeFXWU,UCQq79zHGZJNzm3SPOfLNmrw,time,14,13.9637,29,303.97,363,580,0.524082723488615,confirmed,0.34336990371726595,15,9,none,0
5UgGiXN-s9U,UCTJdHk01ygktpSPfVTQRE6Q,heldout,5,5.7178,30,3321.87,3275,6345.658020017202,0.5234870562228123,likely,,15,14,none,0
5UgGiXN-s9U,UCTJdHk01ygktpSPfVTQRE6Q,heldout,7,6.7178,30,3062.64,3275,6345.658020017202,0.4826351755963451,likely,0.2436144295710165,15,14,none,0
5UgGiXN-s9U,UCTJdHk01ygktpSPfVTQRE6Q,heldout,14,13.7178,30,3315.55,3275,7061.509364848156,0.46952361104719453,confirmed,0.24561863712213433,15,14,none,0
ipwaK2kBFm8,UCsvqVGtbbyHaMoevxPAq9Fg,time,7,8.0202,27,1270.62,1036,3485.52860478239,0.3645403688533129,confirmed,,15,15,none,0
ipwaK2kBFm8,UCsvqVGtbbyHaMoevxPAq9Fg,time,14,13.0202,27,1060.13,1036,3229.2180676573653,0.3282927556818633,confirmed,0.03788397580575466,15,15,none,0
7suxIkUAbMQ,UCAGgFGwq4HZKLZ4gXo9xLiw,time,5,6.8292,29,9411.88,7816,2254.6179929478426,4.174488208077194,likely,,3,3,none,0
7suxIkUAbMQ,UCAGgFGwq4HZKLZ4gXo9xLiw,time,7,6.8292,29,9411.88,7816,2254.6179929478426,4.174488208077194,likely,,3,3,none,0
7suxIkUAbMQ,UCAGgFGwq4HZKLZ4gXo9xLiw,time,14,13.8292,29,7932.37,7816,2068.766956565242,3.8343458446078595,confirmed,0.04195551546858062,3,3,none,0
xESqfiTJmws,UCll3zdukvI1oWlG-F13UCZw,heldout,1,1.0299,27,2921.39,1985,4134.000070240825,0.7066746798843819,early,1.2962850039248857,15,15,none,0
xESqfiTJmws,UCll3zdukvI1oWlG-F13UCZw,time,1,1.0299,27,2921.39,1985,4134.000070240825,0.7066746798843819,early,1.2962850039248857,15,15,none,0
xESqfiTJmws,UCll3zdukvI1oWlG-F13UCZw,heldout,2,2.0299,27,2832.68,1985,4091.632743681053,0.6923111171684635,early,0.9416161759243423,15,15,none,0
xESqfiTJmws,UCll3zdukvI1oWlG-F13UCZw,time,2,2.0299,27,2832.68,1985,4091.632743681053,0.6923111171684635,early,0.9416161759243423,15,15,none,0
xESqfiTJmws,UCll3zdukvI1oWlG-F13UCZw,heldout,3,3.0299,27,2659.06,1985,4055.492426502113,0.6556678828398316,likely,0.8033146206582529,15,15,none,0
xESqfiTJmws,UCll3zdukvI1oWlG-F13UCZw,time,3,3.0299,27,2659.06,1985,4055.492426502113,0.6556678828398316,likely,0.8033146206582529,15,15,none,0
xESqfiTJmws,UCll3zdukvI1oWlG-F13UCZw,heldout,5,5.0299,27,2563.41,1985,4036.5814274153527,0.6350445805196789,likely,0.6730107181139587,15,15,none,0
xESqfiTJmws,UCll3zdukvI1oWlG-F13UCZw,time,5,5.0299,27,2563.41,1985,4036.5814274153527,0.6350445805196789,likely,0.6730107181139587,15,15,none,0
xESqfiTJmws,UCll3zdukvI1oWlG-F13UCZw,heldout,7,7.0299,27,2383.55,1985,4001.3719172888846,0.5956820653216747,confirmed,0.6001108661702753,15,15,none,0
xESqfiTJmws,UCll3zdukvI1oWlG-F13UCZw,time,7,7.0299,27,2383.55,1985,4001.3719172888846,0.5956820653216747,confirmed,0.6001108661702753,15,15,none,0
xESqfiTJmws,UCll3zdukvI1oWlG-F13UCZw,heldout,14,15.0299,27,2148.61,1985,3871.6468333723033,0.5549604444437696,confirmed,0.4773006257549015,15,12,none,0
xESqfiTJmws,UCll3zdukvI1oWlG-F13UCZw,time,14,15.0299,27,2148.61,1985,3871.6468333723033,0.5549604444437696,confirmed,0.4773006257549015,15,12,none,0
gXVpAVwN8F0,UCXuqSBlHAE6Xw-yeJA0Tunw,time,0.5,0.6570,27,1531913.64,1052514,1510211.167633587,1.014370489164634,early,,15,15,none,0
gXVpAVwN8F0,UCXuqSBlHAE6Xw-yeJA0Tunw,time,1,0.6570,27,1531913.64,1052514,1510211.167633587,1.014370489164634,early,,15,15,none,0
gXVpAVwN8F0,UCXuqSBlHAE6Xw-yeJA0Tunw,time,2,1.6570,27,1343183.56,1052514,1505254.659979597,0.892329776985429,early,0.6294327135051472,15,15,none,0
gXVpAVwN8F0,UCXuqSBlHAE6Xw-yeJA0Tunw,time,3,2.6570,27,1171704.26,1052514,1491193.910457123,0.7857490933836276,early,0.46418311303300197,15,15,none,0
gXVpAVwN8F0,UCXuqSBlHAE6Xw-yeJA0Tunw,time,5,4.6570,27,1154185.80,1052514,1464838.203147522,0.7879271586911899,likely,0.35852594073450716,15,15,none,0
gXVpAVwN8F0,UCXuqSBlHAE6Xw-yeJA0Tunw,time,7,6.6570,27,1070924.03,1052514,1433234.5444341726,0.747207799756082,likely,0.3224329335760399,15,14,none,0
gXVpAVwN8F0,UCXuqSBlHAE6Xw-yeJA0Tunw,time,14,12.6570,27,1066112.65,1052514,1344465.8069686536,0.7929637490862634,confirmed,0.2604434432190668,15,9,none,0
nUzfPPY1S8k,UC_Gz-8R2G8jBs20ro9AL9hA,time,2,2.9387,29,337.72,2362,364.0944117525179,0.9275499206352787,early,,15,15,none,0
nUzfPPY1S8k,UC_Gz-8R2G8jBs20ro9AL9hA,time,3,2.9387,29,337.72,2362,364.0944117525179,0.9275499206352787,early,,15,15,none,0
nUzfPPY1S8k,UC_Gz-8R2G8jBs20ro9AL9hA,time,5,4.9387,29,612.60,2362,381.0459762097624,1.6076870284946567,likely,1.0513324167723648,15,15,none,0
nUzfPPY1S8k,UC_Gz-8R2G8jBs20ro9AL9hA,time,7,6.9387,29,746.55,2362,390.7512475926798,1.910550935604431,likely,1.0922727626087778,15,15,none,0
nUzfPPY1S8k,UC_Gz-8R2G8jBs20ro9AL9hA,time,14,13.9387,29,1044.73,2362,429.16424256384676,2.434338437119326,confirmed,1.0157383684104546,15,14,none,0
eDkmf_mF3Ek,UCm5dQhtBpw1S3ajLVPKWs0A,time,14,14.9939,27,3955.86,3686,5558.558875101724,0.7116706865001599,confirmed,,14,14,none,0
bGnwvRVzv4o,UCstwpLSByklww1YojZN-KiQ,heldout,2,2.5670,30,112361.04,123815,119431.70070585348,0.9407974551841808,early,,14,13,none,0
bGnwvRVzv4o,UCstwpLSByklww1YojZN-KiQ,heldout,3,2.5670,30,112361.04,123815,119431.70070585348,0.9407974551841808,early,,14,13,none,0
bGnwvRVzv4o,UCstwpLSByklww1YojZN-KiQ,heldout,5,6.5670,30,115860.35,123815,93266.6624265707,1.2422483011242877,likely,0.3375806580414612,15,14,none,0
bGnwvRVzv4o,UCstwpLSByklww1YojZN-KiQ,heldout,7,6.5670,30,115860.35,123815,93266.6624265707,1.2422483011242877,likely,0.3375806580414612,15,14,none,0
bGnwvRVzv4o,UCstwpLSByklww1YojZN-KiQ,heldout,14,13.5670,30,127549.00,123815,93358.14603282882,1.366233211640541,confirmed,0.28863675808248695,15,12,none,0
-yPZYhydW9g,UCKmkpoEqg1sOMGEiIysP8Tw,time,5,5.8643,29,99922.61,73845,59188.91310590195,1.6881980239973524,likely,,15,15,none,0
-yPZYhydW9g,UCKmkpoEqg1sOMGEiIysP8Tw,time,7,6.8643,29,80830.84,73845,58626.11225914425,1.3787514333051,likely,0.004101290892917423,15,15,none,0
-yPZYhydW9g,UCKmkpoEqg1sOMGEiIysP8Tw,time,14,13.8643,29,76179.46,73845,60025.89962785991,1.2691097984827218,confirmed,0.004237701750607326,15,14,none,0
QsR3a2xPBXw,UCnpWedLQdHpZqhgTLdB9Yyg,heldout,1,1.8956,30,62198.94,73641,68517.06002273581,0.9077877038212003,early,,15,15,none,0
QsR3a2xPBXw,UCnpWedLQdHpZqhgTLdB9Yyg,heldout,2,1.8956,30,62198.94,73641,68517.06002273581,0.9077877038212003,early,,15,15,none,0
QsR3a2xPBXw,UCnpWedLQdHpZqhgTLdB9Yyg,heldout,5,6.8956,30,65327.69,73641,71349.85795508363,0.9155966440841774,likely,0.43618486296658426,15,15,none,0
QsR3a2xPBXw,UCnpWedLQdHpZqhgTLdB9Yyg,heldout,7,6.8956,30,65327.69,73641,71349.85795508363,0.9155966440841774,likely,0.43618486296658426,15,15,none,0
QsR3a2xPBXw,UCnpWedLQdHpZqhgTLdB9Yyg,heldout,14,13.8956,30,70880.66,73641,71148.00000000001,0.996242430113571,confirmed,0.36668396680993165,15,12,none,0
eoonc29MGA8,UClIZqOLqUCro7bKztUjYCNA,heldout,5,6.1043,29,2955.54,3289,3303.741868500283,0.894602476428798,likely,,7,7,none,0
eoonc29MGA8,UClIZqOLqUCro7bKztUjYCNA,heldout,7,6.1043,29,2955.54,3289,3303.741868500283,0.894602476428798,likely,,7,7,none,0
eoonc29MGA8,UClIZqOLqUCro7bKztUjYCNA,heldout,14,14.1043,29,3231.59,3289,3279.3181066840816,0.9854467436662447,confirmed,0.2745400515837956,7,7,none,0
MFtIWCYWwGw,UC5_SBQbLA9Kg7Jh5GpXoP3g,time,1,0.8328,28,92.92,249,728.7568933289488,0.12751098545152442,early,,9,8,none,0
MFtIWCYWwGw,UC5_SBQbLA9Kg7Jh5GpXoP3g,time,2,1.8328,28,105.59,249,730.2491840266747,0.1445959092947954,early,0.9092444695459587,9,8,none,0
MFtIWCYWwGw,UC5_SBQbLA9Kg7Jh5GpXoP3g,time,3,2.8328,28,395.85,249,347.3213277712226,1.139719990109241,early,2.256911424483513,15,14,none,0
MFtIWCYWwGw,UC5_SBQbLA9Kg7Jh5GpXoP3g,time,5,4.8328,28,382.88,249,331.0641001058494,1.1565031383209747,likely,1.526960112258604,15,12,none,0
MFtIWCYWwGw,UC5_SBQbLA9Kg7Jh5GpXoP3g,time,7,6.8328,28,345.56,249,348.2127091337492,0.9923954370244468,likely,1.2401331859078635,15,12,none,0
MFtIWCYWwGw,UC5_SBQbLA9Kg7Jh5GpXoP3g,time,14,13.8328,28,330.96,249,386.3201930626903,0.856693838821874,confirmed,0.8898976148907874,15,12,none,0
3NJv_7PxGws,UC8kGsMa0LygSX9nkBcBH1Sg,time,7,8.8333,28,4637.94,4065,10863.830135910797,0.42691544401383646,confirmed,,15,12,none,0
3NJv_7PxGws,UC8kGsMa0LygSX9nkBcBH1Sg,time,14,13.8333,28,3954.30,4065,10524.222623201418,0.37573335312994127,confirmed,0.09329478015344346,15,11,none,0
KCm4ykDlazE,UCQZh7dlICtR6CPtB9R_ZzYA,heldout,1,0.8745,29,156576.59,669422,11539.236407462136,13.569060089644067,early,,14,14,none,0
KCm4ykDlazE,UCQZh7dlICtR6CPtB9R_ZzYA,heldout,3,3.8745,29,804209.09,669422,69743.86724719044,11.530893285320468,likely,1.8325652976138918,15,15,none,0
KCm4ykDlazE,UCQZh7dlICtR6CPtB9R_ZzYA,heldout,5,4.8745,29,790787.87,669422,70997.36729058028,11.138270373793123,likely,1.6375003290919499,15,14,none,0
KCm4ykDlazE,UCQZh7dlICtR6CPtB9R_ZzYA,heldout,7,5.8745,29,846885.84,669422,72594.55048810957,11.66596991372628,likely,1.4921523596053456,15,14,none,0
KCm4ykDlazE,UCQZh7dlICtR6CPtB9R_ZzYA,heldout,14,13.8745,29,756038.18,669422,78287.33981182742,9.657221497717105,confirmed,1.060673329693797,15,13,none,0
GYtTNEFt49E,UCk9dtbM-wjpLk134r55OUbg,time,14,15.4893,27,8685.62,8620,11834.571643153806,0.7339190403770985,confirmed,0.10860786064644944,15,11,none,0