video_id,channel_id,split,t,day,truth_day,est30,actual30,baseline,score,confidence,q,n_baseline,priors_derived,coverage,changed
UFUIy5U5tVs,UC8kGsMa0LygSX9nkBcBH1Sg,time,5,6.8327,27,18065.43,25606,,,insufficient,,0,0,none,0
UFUIy5U5tVs,UC8kGsMa0LygSX9nkBcBH1Sg,time,7,6.8327,27,18065.43,25606,,,insufficient,,0,0,none,0
UFUIy5U5tVs,UC8kGsMa0LygSX9nkBcBH1Sg,time,14,12.8327,27,20403.89,25606,10521.978097930316,1.9391685837558459,confirmed,0.3435186189196919,15,11,none,0
eXwUnRlQc1M,UCg_6LRcTUvdlwjnimkKxKxA,time,5,5.3938,28,67.99,69,,,insufficient,,2,2,none,0
eXwUnRlQc1M,UCg_6LRcTUvdlwjnimkKxKxA,time,7,7.3938,28,58.27,69,,,insufficient,0.21409360694790153,2,2,none,0
eXwUnRlQc1M,UCg_6LRcTUvdlwjnimkKxKxA,time,14,13.3938,28,64.09,69,,,insufficient,0.20396836567794635,2,2,none,0
Dart_BYcL7E,UCYzrlZP_m1cV51q9GGDHCMg,time,0.5,0.3528,27,573.11,161,282.62404260598737,2.0278031771284626,early,,13,13,none,0
Dart_BYcL7E,UCYzrlZP_m1cV51q9GGDHCMg,time,1,1.3528,27,362.52,161,290.875839882202,1.2462937080658556,early,0.12381219650425268,14,14,none,0
Dart_BYcL7E,UCYzrlZP_m1cV51q9GGDHCMg,time,2,2.3528,27,220.23,161,269.62362573399304,0.8168089492086654,early,0.0827681072437968,15,15,none,0
Dart_BYcL7E,UCYzrlZP_m1cV51q9GGDHCMg,time,3,3.3528,27,190.30,161,264.4167710044115,0.7196804676564676,likely,0.06989244320409319,15,15,none,0
Dart_BYcL7E,UCYzrlZP_m1cV51q9GGDHCMg,time,5,5.3528,27,177.93,161,256.7935259634107,0.6928754682579141,likely,0.06536252750858144,15,15,none,0
Dart_BYcL7E,UCYzrlZP_m1cV51q9GGDHCMg,time,7,7.3528,27,172.62,161,249.58586808200224,0.69164331859174,confirmed,0.059045276121689264,15,15,none,0
Dart_BYcL7E,UCYzrlZP_m1cV51q9GGDHCMg,time,14,15.3528,27,166.39,161,234.06619720378922,0.7108586988885012,confirmed,0.05322388141933424,15,15,none,0
rvZENjxs7yg,UCNRFvq0JOm5VqHIBDDQgkMA,heldout,1,0.9156,30,5332.12,5545,4090.999999999998,1.3033773948505543,early,,15,14,none,0
rvZENjxs7yg,UCNRFvq0JOm5VqHIBDDQgkMA,heldout,5,4.9156,30,5104.18,5545,4265.513927506046,1.1966154858632774,likely,0.44758843058136394,15,13,none,0
rvZENjxs7yg,UCNRFvq0JOm5VqHIBDDQgkMA,heldout,7,6.9156,30,5055.34,5545,4377.653879490307,1.154806501185462,likely,0.4120229569378491,15,13,none,0
rvZENjxs7yg,UCNRFvq0JOm5VqHIBDDQgkMA,heldout,14,14.9156,30,5421.40,5545,4404.553558602176,1.230863284123589,confirmed,0.36201510351391014,15,12,none,0
K_mlC_aeDSU,UChpleBmo18P08aKCIgti38g,time,0.5,0.5029,27,338607.98,202087,96012.00000000003,3.526725583033837,early,,14,9,none,0
K_mlC_aeDSU,UChpleBmo18P08aKCIgti38g,time,1,0.5029,27,338607.98,202087,96012.00000000003,3.526725583033837,early,,14,9,none,0
K_mlC_aeDSU,UChpleBmo18P08aKCIgti38g,time,2,1.5029,27,334001.05,202087,96012.00000000003,3.478742797563809,early,0.8435823831337811,15,9,none,0
K_mlC_aeDSU,UChpleBmo18P08aKCIgti38g,time,3,2.5029,27,288004.29,202087,96012.00000000003,2.9996697181819094,early,0.5991569090993978,15,9,none,0
K_mlC_aeDSU,UChpleBmo18P08aKCIgti38g,time,5,4.5029,27,280704.13,202087,96012.00000000003,2.923635942044722,likely,0.45240092004809673,15,8,none,0
K_mlC_aeDSU,UChpleBmo18P08aKCIgti38g,time,7,6.5029,27,234106.58,202087,96012.00000000003,2.4383054646305666,likely,0.3860952934626793,15,8,none,0
K_mlC_aeDSU,UChpleBmo18P08aKCIgti38g,time,14,12.5029,27,217042.59,202087,96012.00000000003,2.260577714988126,confirmed,0.2875113158604974,15,6,none,0
WYcTU11_1UA,UCGznz4NfW5iymkvn1l40qyA,time,1,0.8747,28,48774.11,59786,39333.790916157304,1.2400051952561753,early,,15,10,none,0
WYcTU11_1UA,UCGznz4NfW5iymkvn1l40qyA,time,2,2.8747,28,56929.49,59786,44417.85625155325,1.2816803672616754,early,0.6407695252541551,15,9,none,0
WYcTU11_1UA,UCGznz4NfW5iymkvn1l40qyA,time,3,2.8747,28,56929.49,59786,44417.85625155325,1.2816803672616754,early,0.6407695252541551,15,9,none,0
WYcTU11_1UA,UCGznz4NfW5iymkvn1l40qyA,time,5,4.8747,28,67984.81,59786,47945.088114793856,1.4179723309031964,likely,0.5332585786713783,15,9,none,0
WYcTU11_1UA,UCGznz4NfW5iymkvn1l40qyA,time,7,6.8747,28,60205.88,59786,51585.9040482304,1.1670995029625824,likely,0.5352288689099132,15,9,none,0
WYcTU11_1UA,UCGznz4NfW5iymkvn1l40qyA,time,14,13.8747,28,64827.75,59786,58206.67984769873,1.11375104449551,confirmed,0.45931227350443515,15,8,none,0
YZuCKWqal5c,UC6BW8DqrAmBEIeCtMa4bfBw,time,14,15.2267,27,1989.42,2048,3673.3908742566805,0.5415763571962097,confirmed,0.1027204386099998,15,15,none,0
7XFJ8cEwtgM,UCcCzzSbdw5-qmdF_NuTtb2w,heldout,0.5,0.3958,27,4431.35,2878,4312.758906314139,1.027496875799833,early,,15,9,none,0
7XFJ8cEwtgM,UCcCzzSbdw5-qmdF_NuTtb2w,time,0.5,0.3958,27,4431.35,2878,4312.758906314139,1.027496875799833,early,,15,9,none,0
7XFJ8cEwtgM,UCcCzzSbdw5-qmdF_NuTtb2w,heldout,1,1.3958,27,4640.34,2878,4316.053485443932,1.0751343158224083,early,0.7350102837947212,15,9,none,0
7XFJ8cEwtgM,UCcCzzSbdw5-qmdF_NuTtb2w,time,1,1.3958,27,4640.34,2878,4316.053485443932,1.0751343158224083,early,0.7350102837947212,15,9,none,0
7XFJ8cEwtgM,UCcCzzSbdw5-qmdF_NuTtb2w,heldout,2,2.3958,27,3064.51,2878,4335.000000000003,0.706923674657494,early,0.62674639198877,15,8,none,0
7XFJ8cEwtgM,UCcCzzSbdw5-qmdF_NuTtb2w,time,2,2.3958,27,3064.51,2878,4335.000000000003,0.706923674657494,early,0.62674639198877,15,8,none,0
7XFJ8cEwtgM,UCcCzzSbdw5-qmdF_NuTtb2w,heldout,3,3.3958,27,3256.64,2878,4335.000000000003,0.7512427947450099,likely,0.5556647227596817,15,8,none,0
7XFJ8cEwtgM,UCcCzzSbdw5-qmdF_NuTtb2w,time,3,3.3958,27,3256.64,2878,4335.000000000003,0.7512427947450099,likely,0.5556647227596817,15,8,none,0
7XFJ8cEwtgM,UCcCzzSbdw5-qmdF_NuTtb2w,heldout,5,5.3958,27,2942.14,2878,4335.000000000003,0.6786938112923732,likely,0.5098366827397262,15,8,none,0
7XFJ8cEwtgM,UCcCzzSbdw5-qmdF_NuTtb2w,time,5,5.3958,27,2942.14,2878,4335.000000000003,0.6786938112923732,likely,0.5098366827397262,15,8,none,0
7XFJ8cEwtgM,UCcCzzSbdw5-qmdF_NuTtb2w,heldout,7,7.3958,27,2762.59,2878,4335.000000000003,0.6372745917074071,confirmed,0.46394855065825336,15,7,none,0
7XFJ8cEwtgM,UCcCzzSbdw5-qmdF_NuTtb2w,time,7,7.3958,27,2762.59,2878,4335.000000000003,0.6372745917074071,confirmed,0.46394855065825336,15,7,none,0
7XFJ8cEwtgM,UCcCzzSbdw5-qmdF_NuTtb2w,heldout,14,15.3958,27,3074.95,2878,4335.000000000003,0.7093318001485882,confirmed,0.4083092177397341,15,3,none,0
7XFJ8cEwtgM,UCcCzzSbdw5-qmdF_NuTtb2w,time,14,15.3958,27,3074.95,2878,4335.000000000003,0.7093318001485882,confirmed,0.4083092177397341,15,3,none,0
M2zC_6OwJJI,UCBhPkAuGks2UkizNMbtW6uw,time,5,5.3314,27,85.54,87,52.25143228923668,1.6371094712348837,likely,0.23746535863665064,4,4,none,0
M2zC_6OwJJI,UCBhPkAuGks2UkizNMbtW6uw,time,7,7.3314,27,83.56,87,52.41179934589292,1.594362413275814,confirmed,0.12111376145487257,4,4,none,0
M2zC_6OwJJI,UCBhPkAuGks2UkizNMbtW6uw,time,14,15.3314,27,85.78,87,53.60141200365443,1.6002873333153083,confirmed,0.1270011250565764,4,4,none,0
dTvXLJdH4IE,UC6ITJIW6jgrrP5irR7WoHrw,time,5,6.9573,27,11694.58,13487,12626.340631634419,0.926204893268509,likely,,15,14,none,0
dTvXLJdH4IE,UC6ITJIW6jgrrP5irR7WoHrw,time,7,6.9573,27,11694.58,13487,12626.340631634419,0.926204893268509,likely,,15,14,none,0
dTvXLJdH4IE,UC6ITJIW6jgrrP5irR7WoHrw,time,14,14.9573,27,14011.82,13487,13069.999999999989,1.0720594127337035,confirmed,0.36563553588902953,15,12,none,0
LYw2CDwr62w,UCuVaqIpPgUyGP6AytqSfs0g,heldout,3,3.0829,31,2668.16,2008,2716.4943352698174,0.9822060019687424,likely,,15,15,none,0
LYw2CDwr62w,UCuVaqIpPgUyGP6AytqSfs0g,heldout,5,3.0829,31,2668.16,2008,2716.4943352698174,0.9822060019687424,likely,,15,15,none,0
gY0u23USApk,UC6BW8DqrAmBEIeCtMa4bfBw,time,14,15.2591,27,64.58,66,3673.3908742566805,0.017581404710629904,confirmed,0.723816998239705,15,15,none,0
OUbmZFIsn64,UC3KNWfcAsfHDqIzHExknhFQ,time,5,6.6373,28,348.62,450,132.49989228587356,2.631113696166674,likely,,3,3,none,0
OUbmZFIsn64,UC3KNWfcAsfHDqIzHExknhFQ,time,7,6.6373,28,348.62,450,132.49989228587356,2.631113696166674,likely,,3,3,none,0
OUbmZFIsn64,UC3KNWfcAsfHDqIzHExknhFQ,time,14,13.6373,28,401.04,450,145.87079123003917,2.7492765192843804,confirmed,0.3285222787671126,3,3,none,0
QbEPCbNW_dY,UCPfe6kkX-LqgAovxwxHQXdQ,time,14,12.5830,27,520.84,503,895.9999999999999,0.5812924663733444,confirmed,,15,14,none,0
q6tYDSHlLME,UC6BW8DqrAmBEIeCtMa4bfBw,time,14,13.3193,28,19310.90,17990,3834.0080574520443,5.036740020919637,confirmed,,15,15,none,0
9J1f3fCsOMg,UCKmkpoEqg1sOMGEiIysP8Tw,time,5,4.8672,28,29772.44,62370,63147.61871671225,0.47147365718867323,likely,,15,15,none,0
9J1f3fCsOMg,UCKmkpoEqg1sOMGEiIysP8Tw,time,7,6.8672,28,55588.71,62370,62241.2900025666,0.8931162208664526,likely,1.5032486701247105,15,15,none,0
9J1f3fCsOMg,UCKmkpoEqg1sOMGEiIysP8Tw,time,14,12.8672,28,72977.94,62370,60188.026394170774,1.2124993617961959,confirmed,1.1250662398039655,15,15,none,0
DWi0YY8sNN0,UC6gi5tigsPyfEnFXFPeYH0Q,time,2,2.8845,27,196.58,341,165.55947854621775,1.1873941548591422,early,,15,15,none,0
DWi0YY8sNN0,UC6gi5tigsPyfEnFXFPeYH0Q,time,3,2.8845,27,196.58,341,165.55947854621775,1.1873941548591422,early,,15,15,none,0
DWi0YY8sNN0,UC6gi5tigsPyfEnFXFPeYH0Q,time,5,4.8845,27,212.27,341,165.01475252807828,1.286366891859813,likely,0.5059968546266025,15,15,none,0
DWi0YY8sNN0,UC6gi5tigsPyfEnFXFPeYH0Q,time,7,6.8845,27,262.56,341,175.1485390935029,1.4990682805394764,likely,0.6102353325564189,15,15,none,0
DWi0YY8sNN0,UC6gi5tigsPyfEnFXFPeYH0Q,time,14,12.8845,27,314.05,341,191.8697479563911,1.6368003664365967,confirmed,0.5441625533748485,15,13,none,0
8rnAL2zvSLY,UCGwAh9NT7iHZlw4zrBueyIw,time,1,1.0035,28,3202.63,2375,4436.5869615122365,0.721868243187742,early,,15,14,none,0
8rnAL2zvSLY,UCGwAh9NT7iHZlw4zrBueyIw,time,2,2.0035,28,1905.77,2375,4415.6012806015415,0.43159994536655577,early,0.27811852214874755,15,14,none,0
8rnAL2zvSLY,UCGwAh9NT7iHZlw4zrBueyIw,time,3,3.0035,28,1725.32,2375,4414.316400381603,0.39084722120868143,likely,0.21211523277807678,15,14,none,0
8rnAL2zvSLY,UCGwAh9NT7iHZlw4zrBueyIw,time,5,5.0035,28,2339.86,2375,4387.426170811959,0.5333094788633702,likely,0.2815665937892263,15,13,none,0
8rnAL2zvSLY,UCGwAh9NT7iHZlw4zrBueyIw,time,7,7.0035,28,2317.89,2375,4362.055112644334,0.5313745485618968,confirmed,0.2847754389914665,15,12,none,0
8rnAL2zvSLY,UCGwAh9NT7iHZlw4zrBueyIw,time,14,13.0035,28,2357.70,2375,4352.916707570913,0.5416370551593945,confirmed,0.25022722181715806,15,9,none,0
3y0y_Papw2s,UCG7J20LhUeLl6y_Emi7OJrA,time,0.5,0.6628,27,448968.75,673311,502250.99999999977,0.8939131046475626,early,,15,13,none,0
3y0y_Papw2s,UCG7J20LhUeLl6y_Emi7OJrA,time,1,0.6628,27,448968.75,673311,502250.99999999977,0.8939131046475626,early,,15,13,none,0
3y0y_Papw2s,UCG7J20LhUeLl6y_Emi7OJrA,time,2,1.6628,27,546027.52,673311,502250.99999999977,1.0871606475408908,early,0.9795672374720487,15,13,none,0
3y0y_Papw2s,UCG7J20LhUeLl6y_Emi7OJrA,time,3,2.6628,27,540557.43,673311,502250.99999999977,1.0762694890581082,early,0.7558135072906633,15,13,none,0
3y0y_Papw2s,UCG7J20LhUeLl6y_Emi7OJrA,time,5,4.6628,27,618635.13,673311,502250.99999999977,1.2317250282984298,likely,0.7160492238930285,15,13,none,0
3y0y_Papw2s,UCG7J20LhUeLl6y_Emi7OJrA,time,7,6.6628,27,829902.16,673311,502250.99999999977,1.6523653755745216,likely,0.7048886713369048,15,13,none,0
3y0y_Papw2s,UCG7J20LhUeLl6y_Emi7OJrA,time,14,12.6628,27,755514.20,673311,502250.99999999977,1.5042562329165383,confirmed,0.5834237838163475,15,13,none,0
TW6qwQfY7_k,UC5lBPQsMMJEE5PTJMzf_sug,heldout,5,4.0638,31,2605.22,2689,4994.5489365242365,0.5216135420489656,likely,,15,14,none,0
PgPtHrhg44o,UCBhPkAuGks2UkizNMbtW6uw,time,5,5.3915,27,37.64,44,,,insufficient,0,1,1,none,0
PgPtHrhg44o,UCBhPkAuGks2UkizNMbtW6uw,time,7,6.3915,27,35.18,44,,,insufficient,-0.09753106240495744,1,1,none,0
PgPtHrhg44o,UCBhPkAuGks2UkizNMbtW6uw,time,14,15.3915,27,39.27,44,,,insufficient,0.12687640247661572,1,1,none,0
l18lG5RIHIs,UCtW1WA-bJ4s6l-ZCCT35QBg,time,1,0.8068,27,2891.28,1164,7209.228052602901,0.401052612175994,early,,15,9,none,0
l18lG5RIHIs,UCtW1WA-bJ4s6l-ZCCT35QBg,time,2,1.8068,27,1908.50,1164,7213.573418429648,0.2645712397318574,early,0.024879591686155042,15,9,none,0
l18lG5RIHIs,UCtW1WA-bJ4s6l-ZCCT35QBg,time,3,2.8068,27,1402.91,1164,7197.000528095825,0.19493047390758614,early,0.01714103253659809,15,9,none,0
l18lG5RIHIs,UCtW1WA-bJ4s6l-ZCCT35QBg,time,5,4.8068,27,1405.52,1164,7140.875532467918,0.19682700744677653,likely,0.020978013063351546,15,9,none,0
l18lG5RIHIs,UCtW1WA-bJ4s6l-ZCCT35QBg,time,7,6.8068,27,1248.58,1164,7213.943949048801,0.1730783992308477,likely,0.024043797497888007,15,8,none,0
l18lG5RIHIs,UCtW1WA-bJ4s6l-ZCCT35QBg,time,14,15.8068,27,1170.47,1164,7173.06002236742,0.1631759033168588,confirmed,0.025994982761377374,15,7,none,0
7HuXSoDXfTY,UCwSozl89jl2zUDzQ4jGJD3g,time,7,8.7835,28,38830.48,97479,28172.236123774575,1.3783244206061118,confirmed,,8,8,none,0
7HuXSoDXfTY,UCwSozl89jl2zUDzQ4jGJD3g,time,14,12.7835,28,50654.89,97479,26851.709220073037,1.8864680354595769,confirmed,0.7575565654046811,15,14,none,0
BEbH8PlL8cc,UCWyL3FzhX0CaxgkOMTQMa0A,time,14,12.7915,27,6521.17,6558,15330.550502055548,0.42537083989125013,confirmed,0.12905574663911393,15,14,none,0
hoxbK3cI1I0,UCMIjEnXruVHtvgSVf6TgfUg,heldout,14,14.6353,31,77139.44,74192,50531.99887697612,1.5265463745421157,confirmed,,4,4,none,0
Qi07yb1S6Ps,UC70SrI3VkT1MXALRtf0pcHg,time,1,0.8477,27,74127.21,43060,71890.70010011435,1.031109847532511,early,,13,13,none,0
Qi07yb1S6Ps,UC70SrI3VkT1MXALRtf0pcHg,time,2,1.8477,27,52848.24,43060,70842.36139339846,0.7459977376114871,early,0.40854482753585764,15,15,none,0
Qi07yb1S6Ps,UC70SrI3VkT1MXALRtf0pcHg,time,3,2.8477,27,49683.09,43060,69767.5346811134,0.7121233498986559,early,0.32659594299305594,15,15,none,0
Qi07yb1S6Ps,UC70SrI3VkT1MXALRtf0pcHg,time,5,4.8477,27,49509.14,43060,67938.30383145824,0.7287367284377878,likely,0.2776748201906878,15,15,none,0
Qi07yb1S6Ps,UC70SrI3VkT1MXALRtf0pcHg,time,7,7.8477,27,50214.72,43060,66642.03674524277,0.7534991801011419,confirmed,0.25313896298030836,15,15,none,0
Qi07yb1S6Ps,UC70SrI3VkT1MXALRtf0pcHg,time,14,12.8477,27,46028.73,43060,63930.70040183065,0.719978454707724,confirmed,0.20708054055906772,15,15,none,0
_h9AyLOG-f4,UC6XTIVq86zJPKNeiPay1czQ,time,5,5.9445,28,768.24,1005,,,insufficient,,0,0,none,0
_h9AyLOG-f4,UC6XTIVq86zJPKNeiPay1czQ,time,7,6.9445,28,634.42,1005,,,insufficient,0.15622259181439874,0,0,none,0
_h9AyLOG-f4,UC6XTIVq86zJPKNeiPay1czQ,time,14,13.9445,28,781.15,1005,,,insufficient,0.27582952058633803,0,0,none,0
rHIUKM0SDhE,UCloEmVCpDUoPHyi5qU940TQ,time,0.5,0.5012,28,664.92,1853,492.3516997630303,1.3504910971624604,early,,15,12,none,0
rHIUKM0SDhE,UCloEmVCpDUoPHyi5qU940TQ,time,1,0.5012,28,664.92,1853,492.3516997630303,1.3504910971624604,early,,15,12,none,0
rHIUKM0SDhE,UCloEmVCpDUoPHyi5qU940TQ,time,2,2.5012,28,1074.14,1853,499.7961148963294,2.149159911994571,early,1.0347322303231368,15,12,none,0
rHIUKM0SDhE,UCloEmVCpDUoPHyi5qU940TQ,time,3,2.5012,28,1074.14,1853,499.7961148963294,2.149159911994571,early,1.0347322303231368,15,12,none,0
rHIUKM0SDhE,UCloEmVCpDUoPHyi5qU940TQ,time,5,4.5012,28,1319.02,1853,515.0000000000001,2.561204619979425,likely,0.8372768326751117,15,11,none,0
rHIUKM0SDhE,UCloEmVCpDUoPHyi5qU940TQ,time,7,6.5012,28,1464.42,1853,515.0000000000001,2.843535234415572,likely,0.7991641838211357,15,11,none,0
rHIUKM0SDhE,UCloEmVCpDUoPHyi5qU940TQ,time,14,13.5012,28,1651.73,1853,515.0000000000001,3.207250450521144,confirmed,0.7789856523121829,15,9,none,0
FYyjcU387fQ,UCPa0bvFsR1mbBpk5mIPFGLA,heldout,14,14.9164,30,86469.09,96398,66658.23871385978,1.2972003377445798,confirmed,,15,14,none,0
8RlLlCWFt1g,UCq_2n18CJaRVGxEfxtCfI-Q,time,3,3.8443,27,170714.49,126419,120879.76961990216,1.4122668366416649,likely,,15,15,none,0
8RlLlCWFt1g,UCq_2n18CJaRVGxEfxtCfI-Q,time,5,4.8443,27,127141.77,126419,120108.41824109785,1.0585583317675678,likely,0.18441903000502852,15,15,none,0
8RlLlCWFt1g,UCq_2n18CJaRVGxEfxtCfI-Q,time,7,6.8443,27,129058.18,126419,118298.2167024113,1.0909562440387475,likely,0.1788611614198124,15,15,none,0
8RlLlCWFt1g,UCq_2n18CJaRVGxEfxtCfI-Q,time,14,12.8443,27,127233.07,126419,113179.86851673306,1.1241670062954856,confirmed,0.12753415046658526,15,14,none,0
FqmKVqaLsWM,UCKU0u3VbuYn0wD3CUr-Yn6A,time,5,6.9579,27,3885.19,3651,8494.501920550038,0.457376747773313,likely,,15,14,none,0
FqmKVqaLsWM,UCKU0u3VbuYn0wD3CUr-Yn6A,time,7,6.9579,27,3885.19,3651,8494.501920550038,0.457376747773313,likely,,15,14,none,0
FqmKVqaLsWM,UCKU0u3VbuYn0wD3CUr-Yn6A,time,14,14.9579,27,3714.24,3651,8695.623587275835,0.42713864705757676,confirmed,0.14680934302265683,15,12,none,0
OhOhawdB8Mc,UCBRpqrzuuqE8TZcWw75JSdw,time,5,5.7570,28,13125.38,10587,28133.35465323766,0.4665416393613624,likely,,3,3,none,0
OhOhawdB8Mc,UCBRpqrzuuqE8TZcWw75JSdw,time,7,6.7570,28,12074.28,10587,27995.042530955114,0.4313005751259147,likely,0.24138037944247592,3,3,none,0
OhOhawdB8Mc,UCBRpqrzuuqE8TZcWw75JSdw,time,14,13.7570,28,10767.68,10587,26066.20443402351,0.4130896811896408,confirmed,0.09775808125239246,3,3,none,0
ljwFexdPqIc,UC6BW8DqrAmBEIeCtMa4bfBw,time,14,15.3006,27,5245.33,5259,3673.3908742566805,1.4279261391343143,confirmed,0.3084366919686509,15,15,none,0
J8dR9D3pJrs,UCvJiYiBUbw4tmpRSZT2r1Hw,time,14,13.8746,29,10657.41,10480,21664.89025855871,0.4919208424260297,confirmed,0.24047162092824964,15,12,none,0
S2KmStTbL6c,UCQHX6ViZmPsWiYSFAyS0a3Q,heldout,0.5,0.6840,29,564288.07,359637,392783.0672134914,1.436640512962166,early,,15,15,none,0
S2KmStTbL6c,UCQHX6ViZmPsWiYSFAyS0a3Q,time,0.5,0.6840,29,564288.07,359637,392783.0672134914,1.436640512962166,early,,15,15,none,0
S2KmStTbL6c,UCQHX6ViZmPsWiYSFAyS0a3Q,heldout,1,0.6840,29,564288.07,359637,392783.0672134914,1.436640512962166,early,,15,15,none,0
S2KmStTbL6c,UCQHX6ViZmPsWiYSFAyS0a3Q,time,1,0.6840,29,564288.07,359637,392783.0672134914,1.436640512962166,early,,15,15,none,0
S2KmStTbL6c,UCQHX6ViZmPsWiYSFAyS0a3Q,heldout,2,1.6840,29,507846.67,359637,385551.1689938578,1.3171965502012553,early,0.6935915642148051,15,15,none,0
S2KmStTbL6c,UCQHX6ViZmPsWiYSFAyS0a3Q,time,2,1.6840,29,507846.67,359637,385551.1689938578,1.3171965502012553,early,0.6935915642148051,15,15,none,0
S2KmStTbL6c,UCQHX6ViZmPsWiYSFAyS0a3Q,heldout,3,2.6840,29,425581.79,359637,378954.2489431528,1.1230426530615452,early,0.4567851875424036,15,15,none,0
S2KmStTbL6c,UCQHX6ViZmPsWiYSFAyS0a3Q,time,3,2.6840,29,425581.79,359637,378954.2489431528,1.1230426530615452,early,0.4567851875424036,15,15,none,0
S2KmStTbL6c,UCQHX6ViZmPsWiYSFAyS0a3Q,heldout,5,4.6840,29,412938.86,359637,367976.00775032176,1.1221896364729604,likely,0.3380855207142953,15,15,none,0
S2KmStTbL6c,UCQHX6ViZmPsWiYSFAyS0a3Q,time,5,4.6840,29,412938.86,359637,367976.00775032176,1.1221896364729604,likely,0.3380855207142953,15,15,none,0
S2KmStTbL6c,UCQHX6ViZmPsWiYSFAyS0a3Q,heldout,7,6.6840,29,398645.96,359637,360048.3257613436,1.1072012535092937,likely,0.28884503043787624,15,15,none,0
S2KmStTbL6c,UCQHX6ViZmPsWiYSFAyS0a3Q,time,7,6.6840,29,398645.96,359637,360048.3257613436,1.1072012535092937,likely,0.28884503043787624,15,15,none,0
S2KmStTbL6c,UCQHX6ViZmPsWiYSFAyS0a3Q,heldout,14,13.6840,29,359334.99,359637,347579.1251346111,1.0338221321598329,confirmed,0.2247725361226347,15,10,none,0
S2KmStTbL6c,UCQHX6ViZmPsWiYSFAyS0a3Q,time,14,13.6840,29,359334.99,359637,347579.1251346111,1.0338221321598329,confirmed,0.2247725361226347,15,10,none,0
pmeeqaXIppU,UCDdUNivjRfrqIE71438HJqQ,time,5,4.7187,27,596.92,724,,,insufficient,,1,1,none,0
pmeeqaXIppU,UCDdUNivjRfrqIE71438HJqQ,time,7,6.7187,27,571.05,724,,,insufficient,0.241675261944235,1,1,none,0
pmeeqaXIppU,UCDdUNivjRfrqIE71438HJqQ,time,14,15.7187,27,672.59,724,,,insufficient,0.2927845393801671,1,1,none,0
OnwxoND5icQ,UCJ901NqoRaXMnIm7aOjLyuA,heldout,1,0.7747,29,357483.21,501583,397453.0798131606,0.8994349951400141,early,,15,10,none,0
OnwxoND5icQ,UCJ901NqoRaXMnIm7aOjLyuA,time,1,0.7747,29,357483.21,501583,397453.0798131606,0.8994349951400141,early,,15,10,none,0
OnwxoND5icQ,UCJ901NqoRaXMnIm7aOjLyuA,heldout,2,1.7747,29,439139.54,501583,395708.42489440646,1.1097553338333772,early,0.9206583288214908,15,10,none,0
OnwxoND5icQ,UCJ901NqoRaXMnIm7aOjLyuA,time,2,1.7747,29,439139.54,501583,395708.42489440646,1.1097553338333772,early,0.9206583288214908,15,10,none,0
OnwxoND5icQ,UCJ901NqoRaXMnIm7aOjLyuA,heldout,3,2.7747,29,472944.58,501583,395337.6739130225,1.1963053551036198,early,0.6797103494162129,15,10,none,0
OnwxoND5icQ,UCJ901NqoRaXMnIm7aOjLyuA,time,3,2.7747,29,472944.58,501583,395337.6739130225,1.1963053551036198,early,0.6797103494162129,15,10,none,0
OnwxoND5icQ,UCJ901NqoRaXMnIm7aOjLyuA,heldout,5,4.7747,29,401727.47,501583,395755.7423928253,1.0150894297195703,likely,0.5681049003787749,15,9,none,0
OnwxoND5icQ,UCJ901NqoRaXMnIm7aOjLyuA,time,5,4.7747,29,401727.47,501583,395755.7423928253,1.0150894297195703,likely,0.5681049003787749,15,9,none,0
OnwxoND5icQ,UCJ901NqoRaXMnIm7aOjLyuA,heldout,7,6.7747,29,414497.78,501583,395927.25163938035,1.0469039024189501,likely,0.5540677127145882,15,9,none,0
OnwxoND5icQ,UCJ901NqoRaXMnIm7aOjLyuA,time,7,6.7747,29,414497.78,501583,395927.25163938035,1.0469039024189501,likely,0.5540677127145882,15,9,none,0
OnwxoND5icQ,UCJ901NqoRaXMnIm7aOjLyuA,heldout,14,14.7747,29,531276.18,501583,398916.2452563251,1.3317988170355994,confirmed,0.5115566269709539,15,6,none,0
OnwxoND5icQ,UCJ901NqoRaXMnIm7aOjLyuA,time,14,14.7747,29,531276.18,501583,398916.2452563251,1.3317988170355994,confirmed,0.5115566269709539,15,6,none,0
Z_BrzVJGfI4,UC2EHd4fvq9t8WrKPgqhoYIQ,time,2,2.6874,27,6698.14,5660,8413.832137757723,0.7960862840438048,early,,14,13,none,0
Z_BrzVJGfI4,UC2EHd4fvq9t8WrKPgqhoYIQ,time,3,2.6874,27,6698.14,5660,8413.832137757723,0.7960862840438048,early,,14,13,none,0
Z_BrzVJGfI4,UC2EHd4fvq9t8WrKPgqhoYIQ,time,5,4.6874,27,5215.74,5660,8383.927768337373,0.6221116448351183,likely,0.18265576450426982,15,13,none,0
Z_BrzVJGfI4,UC2EHd4fvq9t8WrKPgqhoYIQ,time,7,7.6874,27,5404.13,5660,8383.29845062825,0.644630900134451,confirmed,0.17652447113743794,15,13,none,0
Z_BrzVJGfI4,UC2EHd4fvq9t8WrKPgqhoYIQ,time,14,12.6874,27,5651.20,5660,8319.999999999995,0.6792310337530425,confirmed,0.15860916670505815,15,11,none,0
FkYNAqzKQ9k,UCSMOQeBJ2RAnuFungnQOxLg,time,14,13.7758,29,13685.86,14278,11748.447436478555,1.1649079916919682,confirmed,0.16515765911907027,15,14,none,0
lMAbWZMYF60,UCLKZ20yD2tNMBOkSDZo4FeQ,time,0.5,0.4994,29,5500.67,2955,4780.294328099516,1.150697678322255,early,,14,14,none,0
lMAbWZMYF60,UCLKZ20yD2tNMBOkSDZo4FeQ,time,1,1.4994,29,5298.51,2955,4521.223853177978,1.1719185494534126,early,0.4776946249797405,15,15,none,0
lMAbWZMYF60,UCLKZ20yD2tNMBOkSDZo4FeQ,time,2,1.4994,29,5298.51,2955,4521.223853177978,1.1719185494534126,early,0.4776946249797405,15,15,none,0
lMAbWZMYF60,UCLKZ20yD2tNMBOkSDZo4FeQ,time,3,3.4994,29,3463.17,2955,4745.582562609558,0.7297667240537532,likely,0.32568966529086907,15,14,none,0
lMAbWZMYF60,UCLKZ20yD2tNMBOkSDZo4FeQ,time,5,5.4994,29,3955.62,2955,5085.756631365785,0.777783191886537,likely,0.279739156610858,15,13,none,0
lMAbWZMYF60,UCLKZ20yD2tNMBOkSDZo4FeQ,time,7,7.4994,29,3673.01,2955,5102.924659554465,0.7197851130838504,confirmed,0.2577587942171029,15,12,none,0
lMAbWZMYF60,UCLKZ20yD2tNMBOkSDZo4FeQ,time,14,14.4994,29,3159.61,2955,4919.55218670686,0.6422556631954245,confirmed,0.2114096541762862,15,9,none,0
wOl2MRYQZMQ,UCxiI1Gr_bfs_N0fWoDw2yAg,time,7,7.9155,27,3814.71,3635,3649.067987718506,1.045392434570142,confirmed,,15,14,none,0
wOl2MRYQZMQ,UCxiI1Gr_bfs_N0fWoDw2yAg,time,14,12.9155,27,3754.66,3635,3630.637021540471,1.0341597376314342,confirmed,0.22811366299495608,15,12,none,0
MFtIWCYWwGw,UC5_SBQbLA9Kg7Jh5GpXoP3g,time,1,0.8328,28,92.92,249,728.7522972774998,0.1275117896301893,early,,9,8,none,0
MFtIWCYWwGw,UC5_SBQbLA9Kg7Jh5GpXoP3g,time,2,1.8328,28,105.86,249,730.2476603496452,0.14496819683951706,early,0.9092444695459587,9,8,none,0
MFtIWCYWwGw,UC5_SBQbLA9Kg7Jh5GpXoP3g,time,3,2.8328,28,395.85,249,347.2532714177308,1.139943357872522,early,2.256911424483513,15,13,none,0
MFtIWCYWwGw,UC5_SBQbLA9Kg7Jh5GpXoP3g,time,5,4.8328,28,382.28,249,331.05507476706794,1.1547317854244274,likely,1.526960112258604,15,12,none,0
MFtIWCYWwGw,UC5_SBQbLA9Kg7Jh5GpXoP3g,time,7,6.8328,28,346.31,249,348.0278083366004,0.9950537197869997,likely,1.2401331859078635,15,12,none,0
MFtIWCYWwGw,UC5_SBQbLA9Kg7Jh5GpXoP3g,time,14,13.8328,28,329.80,249,386.22261442164984,0.8539162852015209,confirmed,0.8898976148907874,15,12,none,0
2RIW9Un55aI,UCVS6ejD9NLZvjsvhcbiDzjw,time,7,7.7961,29,27415.30,24391,44839.832718943995,0.611405131191471,confirmed,,15,14,none,0
2RIW9Un55aI,UCVS6ejD9NLZvjsvhcbiDzjw,time,14,13.7961,29,23894.76,24391,44721.59134070162,0.5343003646366905,confirmed,0.11462510866107437,15,13,none,0
bHJnf2McbZI,UCh7mi5sI3BSzKReLzXpgimA,time,5,6.3531,28,161.10,136,55.142465217393585,2.9214547447270474,likely,,15,13,none,0
bHJnf2McbZI,UCh7mi5sI3BSzKReLzXpgimA,time,7,7.3531,28,140.74,136,55.142465217393585,2.552268242016165,confirmed,0,15,13,none,0
bHJnf2McbZI,UCh7mi5sI3BSzKReLzXpgimA,time,14,13.3531,28,137.45,136,54.056373006478566,2.542733494631733,confirmed,0.05729113217633714,15,10,none,0
n0V8YQ9CETk,UC93sJsqzmDqkYrEHUPDQzuQ,heldout,0.5,0.3935,29,1073.05,377,1073.414971012476,0.9996594352530075,early,,12,9,none,0
n0V8YQ9CETk,UC93sJsqzmDqkYrEHUPDQzuQ,heldout,1,1.3935,29,701.03,377,1033.2904523407822,0.6784401483211386,early,0.1863559168330057,15,11,none,0
n0V8YQ9CETk,UC93sJsqzmDqkYrEHUPDQzuQ,heldout,2,2.3935,29,482.48,377,1021.1072832093538,0.4725064089931033,early,0.26088392795688176,15,9,none,0
n0V8YQ9CETk,UC93sJsqzmDqkYrEHUPDQzuQ,heldout,3,3.3935,29,425.37,377,985.6081740744194,0.43157779518884387,likely,0.22543283235806252,15,9,none,0
n0V8YQ9CETk,UC93sJsqzmDqkYrEHUPDQzuQ,heldout,5,5.3935,29,403.76,377,957.3520100194155,0.421741429582559,likely,0.19255620806625412,15,9,none,0
n0V8YQ9CETk,UC93sJsqzmDqkYrEHUPDQzuQ,heldout,7,7.3935,29,403.52,377,958.677225214967,0.420916721358273,confirmed,0.18345408751617032,15,9,none,0
n0V8YQ9CETk,UC93sJsqzmDqkYrEHUPDQzuQ,heldout,14,14.3935,29,415.31,377,949.5554884066495,0.4373759073932886,confirmed,0.14500093877526857,15,7,none,0
IhhDzzHwAOg,UCnwlWgbcxwpsnB7LtOL1kPg,time,14,15.0571,27,11414.63,11842,6957.76754629399,1.6405592151326904,confirmed,0.0838993500736106,15,15,none,0
xuAULcvEHN4,UC4cTmHcWEXfkRdCvFLe4KiQ,time,14,13.9686,29,6223.71,6225,3771.1272895996394,1.6503578732257427,confirmed,0.15226815539016092,15,12,none,0
wSvPCnvvnpc,UCNcpeWJ-c3jMX_9fQ4b9v1Q,time,1,1.5410,27,416.78,2239,1209.7675278817019,0.34451640975809755,early,,15,15,none,0
wSvPCnvvnpc,UCNcpeWJ-c3jMX_9fQ4b9v1Q,time,2,1.5410,27,416.78,2239,1209.7675278817019,0.34451640975809755,early,,15,15,none,0
wSvPCnvvnpc,UCNcpeWJ-c3jMX_9fQ4b9v1Q,time,3,2.5410,27,990.69,2239,1218.7154055576,0.8128989823527332,early,2.2014491982201747,15,15,none,0
wSvPCnvvnpc,UCNcpeWJ-c3jMX_9fQ4b9v1Q,time,5,4.5410,27,2994.84,2239,1234.276755425484,2.426389398476035,likely,2.532431824600222,15,15,none,0
wSvPCnvvnpc,UCNcpeWJ-c3jMX_9fQ4b9v1Q,time,7,6.5410,27,3650.92,2239,1560.9499010402803,2.3389081983150013,likely,2.1187978776804743,15,15,none,0
wSvPCnvvnpc,UCNcpeWJ-c3jMX_9fQ4b9v1Q,time,14,12.5410,27,2747.96,2239,1794.342159321855,1.5314577162171994,confirmed,1.35988348846303,15,15,none,0
uGe5GXwbcHo,UCrrG7mvA6j0Z6oGwRgLayVw,time,14,13.8519,28,10148.58,10225,13536.869988328599,0.7496995109490033,confirmed,,15,15,none,0
hJ-rRXWhElI,UCJVXj8BvHykEklEeKjFwaXQ,heldout,1,1.9791,30,1139596.08,1212819,,,insufficient,,3,3,none,0
hJ-rRXWhElI,UCJVXj8BvHykEklEeKjFwaXQ,heldout,2,1.9791,30,1139596.08,1212819,,,insufficient,,3,3,none,0
hJ-rRXWhElI,UCJVXj8BvHykEklEeKjFwaXQ,heldout,3,2.9791,30,1690767.62,1212819,,,insufficient,0.8956508455376436,4,4,none,0
hJ-rRXWhElI,UCJVXj8BvHykEklEeKjFwaXQ,heldout,5,4.9791,30,1416191.62,1212819,59008.21112790414,23.999907755748445,likely,0.5850518532625706,9,9,none,0
hJ-rRXWhElI,UCJVXj8BvHykEklEeKjFwaXQ,heldout,7,6.9791,30,1348254.64,1212819,59278.730810068664,22.744323708304623,likely,0.4824721469841248,15,15,none,0
hJ-rRXWhElI,UCJVXj8BvHykEklEeKjFwaXQ,heldout,14,13.9791,30,1251461.93,1212819,64264,19.473763413682015,confirmed,0.3484204520524728,15,14,none,0
ilkOBHdBYrw,UCLI5Dd7feZbOShyDS-dHjQg,time,0.5,0.7284,27,6364.00,4499,4580.459949460802,1.3893804304363997,early,,15,12,none,0
ilkOBHdBYrw,UCLI5Dd7feZbOShyDS-dHjQg,time,1,0.7284,27,6364.00,4499,4580.459949460802,1.3893804304363997,early,,15,12,none,0
ilkOBHdBYrw,UCLI5Dd7feZbOShyDS-dHjQg,time,2,1.7284,27,5338.53,4499,4356.9005409686415,1.2253039684373652,early,0.5541603048998682,15,12,none,0
ilkOBHdBYrw,UCLI5Dd7feZbOShyDS-dHjQg,time,3,2.7284,27,4121.59,4499,4248.688037055997,0.9700847062767988,early,0.4276340174218347,15,11,none,0
ilkOBHdBYrw,UCLI5Dd7feZbOShyDS-dHjQg,time,5,4.7284,27,4552.13,4499,4065.2698525168366,1.1197611944144052,likely,0.3631986218167126,15,11,none,0
ilkOBHdBYrw,UCLI5Dd7feZbOShyDS-dHjQg,time,7,6.7284,27,5158.10,4499,3965.015569470359,1.3009026329703959,likely,0.3528369144325147,15,11,none,0
ilkOBHdBYrw,UCLI5Dd7feZbOShyDS-dHjQg,time,14,12.7284,27,4660.20,4499,3783.9999999999995,1.2315529533134195,confirmed,0.293323124297636,15,10,none,0
LcLHUrURRGQ,UCnmGIkw-KdI0W5siakKPKog,heldout,1,0.8745,30,3216320.44,2814967,,,insufficient,,1,1,none,0
LcLHUrURRGQ,UCnmGIkw-KdI0W5siakKPKog,heldout,3,3.8745,30,2910142.42,2814967,2948153.603138821,0.9871067847788237,likely,0.4593680265305922,15,15,none,0
LcLHUrURRGQ,UCnmGIkw-KdI0W5siakKPKog,heldout,5,4.8745,30,3024284.24,2814967,2941394.176461514,1.028180535240307,likely,0.4261764000410058,15,15,none,0
LcLHUrURRGQ,UCnmGIkw-KdI0W5siakKPKog,heldout,7,5.8745,30,3141999.48,2814967,2932540.6192463227,1.0714257311654825,likely,0.4040066438479539,15,15,none,0
LcLHUrURRGQ,UCnmGIkw-KdI0W5siakKPKog,heldout,14,13.8745,30,2916933.30,2814967,2909649.1942098825,1.002503429948178,confirmed,0.3213159790030061,15,15,none,0
Z0YTMT4yZYk,UCAv6BKSKYopVNODaEROEcqA,time,5,5.1576,27,88453.96,76350,,,insufficient,0.8357644327061353,1,1,none,0
Z0YTMT4yZYk,UCAv6BKSKYopVNODaEROEcqA,time,7,7.1576,27,71354.36,76350,,,insufficient,0.5195981632025811,1,1,none,0
Z0YTMT4yZYk,UCAv6BKSKYopVNODaEROEcqA,time,14,12.1576,27,67661.03,76350,,,insufficient,0.37046684683088493,1,1,none,0
jep3NQ65vd0,UCxEQsjgRRfGWiJJu_PDygxw,time,14,13.4478,28,426943.32,423852,254046.6053251597,1.6805708551808847,confirmed,0.04724752168206766,15,13,none,0
rhAxQ9bV0ls,UCbAlVnKhbGLK78GsSemQXxw,time,5,4.5118,27,91978.29,334589,8094.558977578255,11.362977201337278,likely,,4,4,none,0
rhAxQ9bV0ls,UCbAlVnKhbGLK78GsSemQXxw,time,7,6.5118,27,187250.47,334589,7869.523172237895,23.7943851537958,likely,1.7036921679369317,4,4,none,0
rhAxQ9bV0ls,UCbAlVnKhbGLK78GsSemQXxw,time,14,12.5118,27,272605.15,334589,7446.110755785149,36.610406991100724,confirmed,1.2910167940538402,4,4,none,0
NnbBFh66TQQ,UCLasRuEwYys3CeBhn3NXFXw,time,14,13.3075,28,10611.93,11017,288.3774688871444,36.79876391403629,confirmed,0.7860174724270109,15,15,none,0
ogHrw4K_MMk,UCSJhfA8s9mLYTfavcV5yoHA,time,3,3.2278,27,1417.31,1173,683.6985752933546,2.073003881610856,likely,,13,12,none,0
ogHrw4K_MMk,UCSJhfA8s9mLYTfavcV5yoHA,time,5,5.2278,27,1082.38,1173,1075.4215662743784,1.0064729985349123,likely,0.1541368411079905,15,14,none,0
ogHrw4K_MMk,UCSJhfA8s9mLYTfavcV5yoHA,time,7,7.2278,27,1106.12,1173,1068.6596760511836,1.035049412466516,confirmed,0.17726944523989113,15,13,none,0
ogHrw4K_MMk,UCSJhfA8s9mLYTfavcV5yoHA,time,14,13.2278,27,1180.86,1173,1052.0000000000005,1.1224947103368237,confirmed,0.16107935206997537,15,9,none,0
aTU0C7Vnu5w,UCHXLx_WGu4zQAq4fLVurzfA,heldout,3,3.8333,29,783.17,852,4064.5196823496317,0.19268370538170843,likely,,15,14,none,0
aTU0C7Vnu5w,UCHXLx_WGu4zQAq4fLVurzfA,heldout,5,3.8333,29,783.17,852,4064.5196823496317,0.19268370538170843,likely,,15,14,none,0
aTU0C7Vnu5w,UCHXLx_WGu4zQAq4fLVurzfA,heldout,7,8.8333,29,867.72,852,3979.760035911689,0.2180326486034882,confirmed,0.4581839169558994,15,14,none,0
aTU0C7Vnu5w,UCHXLx_WGu4zQAq4fLVurzfA,heldout,14,14.8333,29,868.72,852,3969.7672310364364,0.21883481329589877,confirmed,0.3439793506009257,15,13,none,0
b8xXe5ppOcU,UCayab18rVcu2PA685_WZXig,time,14,12.9834,28,1306.88,1280,495.3230683986689,2.638442120936062,confirmed,0.20317749626716988,15,13,none,0
iljr7LxxLvk,UC2jNBBBbMSWdir5Uibepq0A,time,5,6.7910,29,1627.32,1774,,,insufficient,,0,0,none,0
iljr7LxxLvk,UC2jNBBBbMSWdir5Uibepq0A,time,7,6.7910,29,1627.32,1774,,,insufficient,,0,0,none,0
iljr7LxxLvk,UC2jNBBBbMSWdir5Uibepq0A,time,14,13.7910,29,1726.81,1774,,,insufficient,0.2757417728742315,0,0,none,0
7C3JQ_NPWGk,UCfCAy6CkaliVqbwqKT2VSYw,time,1,1.9687,27,5679.86,5354,12489.804186286081,0.45475977540435447,early,,15,14,none,0
7C3JQ_NPWGk,UCfCAy6CkaliVqbwqKT2VSYw,time,2,1.9687,27,5679.86,5354,12489.804186286081,0.45475977540435447,early,,15,14,none,0
7C3JQ_NPWGk,UCfCAy6CkaliVqbwqKT2VSYw,time,3,3.9687,27,5264.07,5354,13115.717083535728,0.4013559996457344,likely,0.4128323125196047,15,14,none,0
7C3JQ_NPWGk,UCfCAy6CkaliVqbwqKT2VSYw,time,5,4.9687,27,5123.99,5354,13460.601811094746,0.38066562329970516,likely,0.3858792396036994,15,14,none,0
7C3JQ_NPWGk,UCfCAy6CkaliVqbwqKT2VSYw,time,7,6.9687,27,5429.58,5354,14012.482792438994,0.38748151769182515,likely,0.34679277468066294,15,14,none,0
7C3JQ_NPWGk,UCfCAy6CkaliVqbwqKT2VSYw,time,14,14.9687,27,5507.21,5354,18865.878220533843,0.2919135612724487,confirmed,0.28646595843539324,15,13,none,0
a5V6gIeoYs8,UCZlAwnm7YLWxQtdDZiSWaJA,time,3,3.8750,29,1734.38,62526,,,insufficient,,0,0,none,0
a5V6gIeoYs8,UCZlAwnm7YLWxQtdDZiSWaJA,time,5,4.8750,29,1488.65,62526,28764.08675603102,0.05175370440979035,likely,0.29544059776052833,13,13,none,0
a5V6gIeoYs8,UCZlAwnm7YLWxQtdDZiSWaJA,time,7,6.8750,29,1523.20,62526,28764.08675603102,0.05295485311534267,likely,0.292921051752339,15,15,none,0
a5V6gIeoYs8,UCZlAwnm7YLWxQtdDZiSWaJA,time,14,14.8750,29,44351.05,62526,28179.50822763572,1.5738758524964322,confirmed,2.9358712476644633,15,15,none,0
QgOcUQVBY2w,UCAYLryveVTTC__-iYIvAP2g,time,5,4.9577,28,44.87,42,,,insufficient,,1,1,none,0
QgOcUQVBY2w,UCAYLryveVTTC__-iYIvAP2g,time,7,6.9577,28,43.55,42,,,insufficient,0.3006039920152785,1,1,none,0
QgOcUQVBY2w,UCAYLryveVTTC__-iYIvAP2g,time,14,15.9577,28,44.54,42,,,insufficient,0.20751138652566067,1,1,none,0
RyMOM9S_gdw,UCix7wE05YbRdOVUPNHy0KTg,heldout,1,1.9162,30,975.61,826,1288.2621164609945,0.75730921265469,early,,15,14,none,0
RyMOM9S_gdw,UCix7wE05YbRdOVUPNHy0KTg,heldout,2,1.9162,30,975.61,826,1288.2621164609945,0.75730921265469,early,,15,14,none,0
RyMOM9S_gdw,UCix7wE05YbRdOVUPNHy0KTg,heldout,3,2.9162,30,798.22,826,1288.2621164609945,0.6196123900928904,early,0.2983568775019356,15,14,none,0
RyMOM9S_gdw,UCix7wE05YbRdOVUPNHy0KTg,heldout,5,4.9162,30,708.28,826,1278.5447619866372,0.5539751963802945,likely,0.2454884030665956,15,14,none,0
RyMOM9S_gdw,UCix7wE05YbRdOVUPNHy0KTg,heldout,7,6.9162,30,797.29,826,1274.8982501229768,0.6253750018418166,likely,0.2333735402422511,15,14,none,0
RyMOM9S_gdw,UCix7wE05YbRdOVUPNHy0KTg,heldout,14,13.9162,30,771.96,826,1277.9999999999998,0.6040371832545868,confirmed,0.20799083669202825,15,12,none,0
rvv9kUmROIM,UC5_SBQbLA9Kg7Jh5GpXoP3g,time,1,0.8321,28,34.51,121,,,insufficient,,2,2,none,0
rvv9kUmROIM,UC5_SBQbLA9Kg7Jh5GpXoP3g,time,2,2.8321,28,77.03,121,300.19658083339266,0.2565988166373184,early,1.3802785204808734,15,15,none,0
rvv9kUmROIM,UC5_SBQbLA9Kg7Jh5GpXoP3g,time,3,2.8321,28,77.03,121,300.19658083339266,0.2565988166373184,early,1.3802785204808734,15,15,none,0
rvv9kUmROIM,UC5_SBQbLA9Kg7Jh5GpXoP3g,time,5,4.8321,28,93.24,121,281.60590481868024,0.33109738928456883,likely,1.163368930986908,15,14,none,0
rvv9kUmROIM,UC5_SBQbLA9Kg7Jh5GpXoP3g,time,7,6.8321,28,106.18,121,268.3013514619302,0.39574470210876567,likely,1.1078482401108265,15,14,none,0
rvv9kUmROIM,UC5_SBQbLA9Kg7Jh5GpXoP3g,time,14,13.8321,28,125.56,121,249.8878440326774,0.5024802865674572,confirmed,0.9089745729423434,15,14,none,0
cwhCl8VdYh0,UCrfKGpvbEQXcbe68dzXgJuA,time,7,7.9573,27,169382.60,142190,145213.69497413782,1.1664368386133273,confirmed,,15,15,none,0
cwhCl8VdYh0,UCrfKGpvbEQXcbe68dzXgJuA,time,14,11.9573,27,142152.19,142190,144271.9999999999,0.9853068240993998,confirmed,0.05902532875307639,15,10,none,0
sWvYbdypK_Q,UC1mTmeM4xNp6FjyLTr8kGww,time,14,12.5409,27,14745.49,14732,16383.498267077559,0.9000208423001961,confirmed,0.054945511795983726,15,11,none,0
7QhK_0leZ7k,UCycGV6fAhD_-7GPmCkkESdw,time,1,0.8125,27,39474.33,401771,1778.9999999999995,22.189056597996544,early,,15,14,none,0
7QhK_0leZ7k,UCycGV6fAhD_-7GPmCkkESdw,time,2,1.8125,27,159232.62,401771,1778.9999999999995,89.50681127093922,early,3.3535284913142855,15,14,none,0
7QhK_0leZ7k,UCycGV6fAhD_-7GPmCkkESdw,time,3,2.8125,27,203703.93,401771,1778.9999999999995,114.50473659682662,early,2.497053454176277,15,14,none,0
7QhK_0leZ7k,UCycGV6fAhD_-7GPmCkkESdw,time,5,4.8125,27,382542.75,401771,1778.9999999999995,215.0324628908886,likely,2.2521654111267413,15,14,none,0
7QhK_0leZ7k,UCycGV6fAhD_-7GPmCkkESdw,time,7,6.8125,27,464124.04,401771,1778.9999999999995,260.89040915942894,likely,2.0192588372659888,15,14,none,0
7QhK_0leZ7k,UCycGV6fAhD_-7GPmCkkESdw,time,14,12.8125,27,494360.72,401771,1778.9999999999995,277.88685525417804,confirmed,1.5191197816272541,15,13,none,0
1dM4ZdSD2Dw,UC8fQzKHIhSoZeSq3bwQx4mw,time,5,6.7962,27,251.71,223,,,insufficient,,1,1,none,0
1dM4ZdSD2Dw,UC8fQzKHIhSoZeSq3bwQx4mw,time,7,6.7962,27,251.71,223,,,insufficient,,1,1,none,0
1dM4ZdSD2Dw,UC8fQzKHIhSoZeSq3bwQx4mw,time,14,12.7963,27,219.09,223,,,insufficient,0.1020911136282714,1,1,none,0
g_Iu0-nJR5E,UCsifPO4MT6BdV19vYx3KJ0Q,heldout,5,5.0823,29,2145.64,2423,1730.584918732157,1.2398344802418326,likely,,13,12,none,0
g_Iu0-nJR5E,UCsifPO4MT6BdV19vYx3KJ0Q,time,5,5.0823,29,2145.64,2423,1730.584918732157,1.2398344802418326,likely,,13,12,none,0
g_Iu0-nJR5E,UCsifPO4MT6BdV19vYx3KJ0Q,heldout,7,7.0823,29,2496.38,2423,1840.499560401819,1.3563591233373231,confirmed,0.4941329491229036,15,13,none,0
g_Iu0-nJR5E,UCsifPO4MT6BdV19vYx3KJ0Q,time,7,7.0823,29,2496.38,2423,1840.499560401819,1.3563591233373231,confirmed,0.4941329491229036,15,13,none,0
g_Iu0-nJR5E,UCsifPO4MT6BdV19vYx3KJ0Q,heldout,14,14.0823,29,2502.11,2423,1875.273399146837,1.3342641637141917,confirmed,0.33546502296659686,15,11,none,0
g_Iu0-nJR5E,UCsifPO4MT6BdV19vYx3KJ0Q,time,14,14.0823,29,2502.11,2423,1875.273399146837,1.3342641637141917,confirmed,0.33546502296659686,15,11,none,0
00J0Hso1lUg,UCsLt8oYvDYGpSHcGhRBBkyw,heldout,14,14.2854,28,16155.97,13366,2613.697699191439,6.1812709385321645,confirmed,0.802191777219168,15,15,none,0
jcBex0QObBs,UCdwo4k1RQHTcq_-WS7Cazqg,time,5,4.9572,27,554.77,461,,,insufficient,,1,1,none,0
jcBex0QObBs,UCdwo4k1RQHTcq_-WS7Cazqg,time,7,6.9572,27,468.39,461,,,insufficient,0.1491397103886086,1,1,none,0
jcBex0QObBs,UCdwo4k1RQHTcq_-WS7Cazqg,time,14,15.9572,27,469.19,461,,,insufficient,0.10212345877978361,1,1,none,0
2ElucWj2yR0,UCGpsgNbzdF7BECCVbB1COHw,time,7,7.9591,27,7178.85,6166,4570.630983378535,1.570647505861373,confirmed,,10,10,none,0
2ElucWj2yR0,UCGpsgNbzdF7BECCVbB1COHw,time,14,14.9591,27,6164.62,6166,6215.741082478383,0.9917760993031487,confirmed,0.07749293113042105,15,15,none,0
aWwMLpA5Gas,UCS7BAYpqOSaYy-pZp6oO4PA,time,7,7.8006,27,22889.51,18269,14006.360519785365,1.634222319025486,confirmed,,15,15,none,0
aWwMLpA5Gas,UCS7BAYpqOSaYy-pZp6oO4PA,time,14,12.8006,27,18819.41,18269,13396.722448033037,1.4047773350859003,confirmed,0.0028091963878159455,15,15,none,0
EjZPGbZDJx8,UC1KoulyXR8gBGyxv7r6pWQg,time,7,7.8957,27,66474.84,101983,20827.47312929899,3.1916902789392623,confirmed,,15,14,none,0
EjZPGbZDJx8,UC1KoulyXR8gBGyxv7r6pWQg,time,14,13.8957,27,87055.85,101983,20840.999999999996,4.177143719753585,confirmed,0.5112795028377786,15,10,none,0
PyuikiggdYs,UC45mrEqnoknLzwvYJgJ9Teg,time,0.5,0.6875,29,8299.49,24764,1256.4778390351805,6.605358204087731,early,,15,14,none,0
PyuikiggdYs,UC45mrEqnoknLzwvYJgJ9Teg,time,1,0.6875,29,8299.49,24764,1256.4778390351805,6.605358204087731,early,,15,14,none,0
PyuikiggdYs,UC45mrEqnoknLzwvYJgJ9Teg,time,2,1.6875,29,9210.05,24764,1256.4778390351805,7.330056643430707,early,0.7942918095501517,15,14,none,0
PyuikiggdYs,UC45mrEqnoknLzwvYJgJ9Teg,time,3,2.6875,29,9722.89,24764,1312.2989004588173,7.409050561392658,early,0.7285630717589601,15,13,none,0
PyuikiggdYs,UC45mrEqnoknLzwvYJgJ9Teg,time,5,4.6875,29,11899.22,24764,1441.074086087149,8.25719157011584,likely,0.7420286757805977,15,13,none,0
PyuikiggdYs,UC45mrEqnoknLzwvYJgJ9Teg,time,7,6.6875,29,16315.60,24764,1452.9999999999995,11.22890823268455,likely,0.7660603819208838,15,12,none,0
PyuikiggdYs,UC45mrEqnoknLzwvYJgJ9Teg,time,14,13.6875,29,22355.20,24764,1452.9999999999995,15.385545249955559,confirmed,0.7760155882946546,15,10,none,0
emTHA3aquoQ,UCrtPXCqjm9c7nqgJL-vBSZg,time,5,5.0885,27,9624.76,10046,6535.999999999997,1.472576389948253,likely,0.6745049420827912,15,14,none,0
emTHA3aquoQ,UCrtPXCqjm9c7nqgJL-vBSZg,time,7,7.0885,27,12341.25,10046,6535.999999999997,1.8881958482843866,confirmed,0.6775384499625514,15,13,none,0
emTHA3aquoQ,UCrtPXCqjm9c7nqgJL-vBSZg,time,14,13.0885,27,9827.21,10046,6535.999999999997,1.5035515260635912,confirmed,0.4130393264695225,15,10,none,0
Uq3JztvbuWI,UChp9CTuvR1yfh_qLnvxm8cA,heldout,1,0.9160,29,14270.19,35613,94839.54279928566,0.15046672020848811,early,,14,14,none,0
Uq3JztvbuWI,UChp9CTuvR1yfh_qLnvxm8cA,heldout,3,3.9160,29,39507.88,35613,99775.09430981419,0.39596931690324744,likely,1.202894926262612,14,14,none,0
Uq3JztvbuWI,UChp9CTuvR1yfh_qLnvxm8cA,heldout,5,4.9160,29,38369.71,35613,101226.09072231255,0.37904955858320555,likely,1.1013959213878808,14,14,none,0
Uq3JztvbuWI,UChp9CTuvR1yfh_qLnvxm8cA,heldout,7,5.9160,29,40943.10,35613,102870.89637343942,0.39800470583828457,likely,1.0179604775346465,14,14,none,0
Uq3JztvbuWI,UChp9CTuvR1yfh_qLnvxm8cA,heldout,14,13.9160,29,35332.17,35613,115692.68557023702,0.30539674539338685,confirmed,0.7534736382625798,14,14,none,0
1MXUF1ucd1s,UC0Le_ilaOlp9HftXeiMglsg,time,14,13.6388,27,9273.13,8705,7398.363932693197,1.2534032799933703,confirmed,,15,13,none,0
3k2S5QkmgUM,UCEQWOzx3JDV65lGMrtonBrg,time,1,0.8905,28,4182.15,3404,4583.806102321552,0.9123742459239351,early,,15,14,none,0
3k2S5QkmgUM,UCEQWOzx3JDV65lGMrtonBrg,time,2,2.8905,28,4030.53,3404,4447.192591241248,0.9063084043825155,early,0.48551125029982667,15,14,none,0
3k2S5QkmgUM,UCEQWOzx3JDV65lGMrtonBrg,time,3,2.8905,28,4030.53,3404,4447.192591241248,0.9063084043825155,early,0.48551125029982667,15,14,none,0
3k2S5QkmgUM,UCEQWOzx3JDV65lGMrtonBrg,time,5,4.8905,28,3428.01,3404,4289.320414183059,0.799196841055345,likely,0.3731082256892527,15,14,none,0
3k2S5QkmgUM,UCEQWOzx3JDV65lGMrtonBrg,time,7,6.8905,28,3568.39,3404,4243.93346616284,0.8408220294832912,likely,0.33886437622538834,15,14,none,0
3k2S5QkmgUM,UCEQWOzx3JDV65lGMrtonBrg,time,14,13.8905,28,3524.12,3404,4380.756868028232,0.804454421591363,confirmed,0.2868597141701407,15,14,none,0
CEZht9HDU7o,UCc11676iKpKrJMYqNYHqNig,time,7,8.2083,28,4314.36,4383,3059.813911178374,1.4100066792527404,confirmed,,15,15,none,0
CEZht9HDU7o,UCc11676iKpKrJMYqNYHqNig,time,14,13.2083,28,4250.43,4383,3078.46941027039,1.3806959496893354,confirmed,0.236320513102774,15,13,none,0
qTLTy6v2Vrw,UCq6YaxJHA-t4bYBHHvaoZ8w,time,0.5,0.5826,29,9897.39,5941,10450.000000000004,0.947119114849861,early,,15,12,none,0
qTLTy6v2Vrw,UCq6YaxJHA-t4bYBHHvaoZ8w,time,1,0.5826,29,9897.39,5941,10450.000000000004,0.947119114849861,early,,15,12,none,0
qTLTy6v2Vrw,UCq6YaxJHA-t4bYBHHvaoZ8w,time,2,1.5826,29,7017.30,5941,10450.000000000004,0.6715115438129927,early,0.7083290929807017,15,12,none,0
qTLTy6v2Vrw,UCq6YaxJHA-t4bYBHHvaoZ8w,time,3,2.5826,29,7659.80,5941,10450.000000000004,0.7329951526912607,early,0.5439863403467281,15,11,none,0
qTLTy6v2Vrw,UCq6YaxJHA-t4bYBHHvaoZ8w,time,5,4.5826,29,7599.35,5941,10450.000000000004,0.7272103880178679,likely,0.41314560150670343,15,11,none,0
qTLTy6v2Vrw,UCq6YaxJHA-t4bYBHHvaoZ8w,time,7,6.5826,29,6235.88,5941,10450.000000000004,0.5967345046053317,likely,0.34805341820131325,15,9,none,0
qTLTy6v2Vrw,UCq6YaxJHA-t4bYBHHvaoZ8w,time,14,13.5826,29,6034.74,5941,10450.000000000004,0.5774873554393124,confirmed,0.26621972939329364,15,7,none,0
HUH-JIHHQfw,UC5_SBQbLA9Kg7Jh5GpXoP3g,time,1,0.8329,28,15.93,175,770.4139739675793,0.020677085922166723,early,,11,10,none,0
HUH-JIHHQfw,UC5_SBQbLA9Kg7Jh5GpXoP3g,time,2,1.8329,28,29.45,175,770.4139739675793,0.03822299728933256,early,1.5919841218419692,11,10,none,0
HUH-JIHHQfw,UC5_SBQbLA9Kg7Jh5GpXoP3g,time,3,2.8329,28,132.66,175,700.4583830647599,0.18939444727646887,early,3.1656762768721016,15,13,none,0
HUH-JIHHQfw,UC5_SBQbLA9Kg7Jh5GpXoP3g,time,5,4.8329,28,137.99,175,633.8315565311825,0.21771350577152146,likely,2.1702546976311083,15,12,none,0
HUH-JIHHQfw,UC5_SBQbLA9Kg7Jh5GpXoP3g,time,7,7.8329,28,155.18,175,603.6638307450528,0.2570709859255512,confirmed,1.7564277165334627,15,12,none,0
HUH-JIHHQfw,UC5_SBQbLA9Kg7Jh5GpXoP3g,time,14,13.8329,28,177.36,175,564.3593666047587,0.3142679628279863,confirmed,1.4366890670597519,15,12,none,0
7dcTwB-_iNA,UCGpsgNbzdF7BECCVbB1COHw,time,14,13.9487,27,2135.14,2129,6799.872348790197,0.31399711866500346,confirmed,0.06432593819403862,15,15,none,0
OmbfAWoTStM,UCDNHPNeWScAC8h8IxtEBtkQ,time,1,1.0827,27,92516.19,54122,72513.34096586067,1.275850604119334,early,1.0671087028626518,15,13,none,0
OmbfAWoTStM,UCDNHPNeWScAC8h8IxtEBtkQ,time,2,2.0827,27,86829.80,54122,71298.4602032497,1.2178355152046854,early,0.7641506081005934,15,12,none,0
OmbfAWoTStM,UCDNHPNeWScAC8h8IxtEBtkQ,time,3,3.0827,27,79333.49,54122,70161.95711275231,1.1307195143077127,likely,0.6441469597690266,15,12,none,0
OmbfAWoTStM,UCDNHPNeWScAC8h8IxtEBtkQ,time,5,5.0827,27,69022.03,54122,69112,0.9986982637493439,likely,0.5421701701185461,15,11,none,0
OmbfAWoTStM,UCDNHPNeWScAC8h8IxtEBtkQ,time,7,7.0827,27,63503.19,54122,69112,0.9188446093257221,confirmed,0.47713845515631514,15,10,none,0
OmbfAWoTStM,UCDNHPNeWScAC8h8IxtEBtkQ,time,14,15.0827,27,58622.80,54122,69112,0.8482289522865527,confirmed,0.374553224786271,15,6,none,0
vd9UpxLInes,UCzr30osBdTmuFUS8IfXtXmg,time,1,0.9986,28,163451.83,294526,76991.05269803542,2.122997740250695,early,,15,9,none,0
vd9UpxLInes,UCzr30osBdTmuFUS8IfXtXmg,time,2,1.9986,28,148285.51,294526,76568.9068998456,1.9366283229748822,early,0.5685574351355862,15,9,none,0
vd9UpxLInes,UCzr30osBdTmuFUS8IfXtXmg,time,3,2.9986,28,139401.05,294526,76028.83211289613,1.8335287011005907,early,0.5056246786652104,15,8,none,0
vd9UpxLInes,UCzr30osBdTmuFUS8IfXtXmg,time,5,4.9986,28,178739.10,294526,75080.89804298946,2.3806201510593072,likely,0.5141559010511653,15,8,none,0
vd9UpxLInes,UCzr30osBdTmuFUS8IfXtXmg,time,7,6.9986,28,244284.66,294526,74182.14996718075,3.2930383215202816,likely,0.6115186105925348,15,7,none,0
vd9UpxLInes,UCzr30osBdTmuFUS8IfXtXmg,time,14,13.9986,28,343935.24,294526,72022.96396072849,4.775355237726594,confirmed,0.666695269474657,15,5,none,0
3YyF2njm2N8,UCnYMOamNKLGVlJgRUbamveA,heldout,14,15.9583,29,18130.09,17639,34160.065882483315,0.5307393269969692,confirmed,0.01570793725803717,15,14,none,0
tNeSpSkidyc,UCfuz9Iw2mqdDIYQxCABWAnw,time,5,4.0681,27,133.25,155,,,insufficient,,0,0,none,0
tNeSpSkidyc,UCfuz9Iw2mqdDIYQxCABWAnw,time,7,7.0681,27,111.05,155,,,insufficient,0.06485242759640664,0,0,none,0
tNeSpSkidyc,UCfuz9Iw2mqdDIYQxCABWAnw,time,14,15.0681,27,142.13,155,,,insufficient,0.22465362733357203,0,0,none,0
9p9m04q4Nq0,UCUUe2Q6fFgu5Dzk_y2OyPYw,time,14,12.7697,27,507889.53,521934,361389.2872821657,1.4053806981653159,confirmed,0.11604497989176821,15,12,none,0
KCm4ykDlazE,UCQZh7dlICtR6CPtB9R_ZzYA,heldout,1,0.8745,29,156595.22,669422,11538.428954910658,13.571624326544997,early,,14,14,none,0
KCm4ykDlazE,UCQZh7dlICtR6CPtB9R_ZzYA,heldout,3,3.8745,29,804209.09,669422,69720.19512019171,11.534808374338628,likely,1.8325652976138918,15,15,none,0
KCm4ykDlazE,UCQZh7dlICtR6CPtB9R_ZzYA,heldout,5,4.8745,29,789555.14,669422,70976.54381631059,11.124170020058788,likely,1.6375003290919499,15,14,none,0
KCm4ykDlazE,UCQZh7dlICtR6CPtB9R_ZzYA,heldout,7,5.8745,29,845565.66,669422,72576.33561185855,11.65070754428808,likely,1.4921523596053456,15,14,none,0
KCm4ykDlazE,UCQZh7dlICtR6CPtB9R_ZzYA,heldout,14,13.8745,29,756116.43,669422,78285.47764236256,9.658450751000307,confirmed,1.060673329693797,15,13,none,0
K-Rr8zuF2bk,UClZT1TPdg5Hrx2HPmkALofw,time,14,13.6267,27,3691.38,4710,585.0000000000002,6.310056251857527,confirmed,1.0909134542317531,15,12,none,0
jC7SCS_k6P8,UC8tRLgtV1soMY464cGlp8-Q,time,14,13.8660,29,186769.66,212160,23141.442038742185,8.070787328835733,confirmed,0.3791143312492337,15,14,none,0
w-psE8_l0s8,UCBhPkAuGks2UkizNMbtW6uw,time,5,5.0827,27,64263.20,97584,77.71974269161632,826.8580874075489,likely,-0.0011856761612808893,7,7,none,0
w-psE8_l0s8,UCBhPkAuGks2UkizNMbtW6uw,time,7,7.0827,27,61725.87,97584,79.87305473631358,772.7996253236154,confirmed,-0.008316642507182991,7,7,none,0
w-psE8_l0s8,UCBhPkAuGks2UkizNMbtW6uw,time,14,15.0827,27,58036.34,97584,74.38820987315744,780.181947388754,confirmed,-0.0030708973210745697,7,7,none,0
0etReI-mcpY,UCeHFOIlukVFTT8-lhB_Zqfw,heldout,14,13.8542,29,1800.08,1964,1302.053504986741,1.382496932281513,confirmed,0.1739394539572278,13,13,none,0
Gvmr8lEUDyI,UCUpbDOT-OVNBlaQpb9pbd2w,time,3,3.4446,27,30091.67,20005,30395.060342293662,0.9900185924294368,likely,,15,15,none,0
Gvmr8lEUDyI,UCUpbDOT-OVNBlaQpb9pbd2w,time,5,5.4446,27,22094.75,20005,28179.628750128628,0.7840682183557359,likely,0.05487818494335951,15,15,none,0
Gvmr8lEUDyI,UCUpbDOT-OVNBlaQpb9pbd2w,time,7,7.4446,27,21441.71,20005,26672.24586226433,0.8038959141659879,confirmed,0.042109021108471284,15,15,none,0
Gvmr8lEUDyI,UCUpbDOT-OVNBlaQpb9pbd2w,time,14,15.4446,27,20521.53,20005,23815.82535627917,0.861676213639229,confirmed,0.03448574488195714,15,15,none,0
Q7qr0nxCGGY,UCEM2sO7E5KSMIqonVgb98ug,time,14,13.7431,29,2749.23,2872,2836.209531962809,0.9693308816096841,confirmed,0.6920136701175084,8,8,none,0
2fphONHSp1A,UCq_2n18CJaRVGxEfxtCfI-Q,time,5,4.8261,28,194767.72,149208,118274.49677515794,1.646743133622556,likely,,15,15,none,0
2fphONHSp1A,UCq_2n18CJaRVGxEfxtCfI-Q,time,7,6.8261,28,159744.64,149208,116813.56723032323,1.3675178545770341,likely,0.04803395963273753,15,15,none,0
2fphONHSp1A,UCq_2n18CJaRVGxEfxtCfI-Q,time,14,13.8261,28,152328.72,149208,113064.46840541573,1.3472731612474256,confirmed,0.030613424864958647,15,12,none,0
c8BwMOA8Kp0,UCZEEC1w4jP1cV2dibuDFwIQ,time,3,3.8645,27,45472.82,55674,12147.000000000007,3.743542886540995,likely,,15,14,none,0
c8BwMOA8Kp0,UCZEEC1w4jP1cV2dibuDFwIQ,time,5,4.8645,27,62128.86,55674,12147.000000000007,5.114749474077901,likely,0.8010764519308526,15,13,none,0
c8BwMOA8Kp0,UCZEEC1w4jP1cV2dibuDFwIQ,time,7,6.8645,27,65732.87,55674,12147.000000000007,5.411448800407259,likely,0.7047498448231112,15,12,none,0
c8BwMOA8Kp0,UCZEEC1w4jP1cV2dibuDFwIQ,time,14,15.8645,27,57018.88,55674,12147.000000000007,4.69407095390416,confirmed,0.4269070271531053,15,9,none,0
W8iV_m3QQ-4,UCWK4FbIkCfSNoscMXWbCxAg,time,3,3.7911,27,77798.26,66963,50950.92543162521,1.5269253436744687,likely,,4,4,none,0
W8iV_m3QQ-4,UCWK4FbIkCfSNoscMXWbCxAg,time,5,4.7911,27,66976.28,66963,50758.99760997821,1.3194958044269147,likely,0.3066402110562041,15,14,none,0
W8iV_m3QQ-4,UCWK4FbIkCfSNoscMXWbCxAg,time,7,6.7911,27,67505.86,66963,50936.39421175902,1.3252971948851058,likely,0.264101252720809,15,13,none,0
W8iV_m3QQ-4,UCWK4FbIkCfSNoscMXWbCxAg,time,14,15.7911,27,68377.16,66963,51147.69373219504,1.3368570832144488,confirmed,0.19847531190883344,15,12,none,0
N1CGq7zSjjM,UC3KEoMzNz8eYnwBC34RaKCQ,time,0.5,0.6246,27,279267.36,231830,482383.7550936138,0.578931925700312,early,,12,12,none,0
N1CGq7zSjjM,UC3KEoMzNz8eYnwBC34RaKCQ,time,1,0.6246,27,279267.36,231830,482383.7550936138,0.578931925700312,early,,12,12,none,0
N1CGq7zSjjM,UC3KEoMzNz8eYnwBC34RaKCQ,time,2,1.6246,27,320662.15,231830,482383.7550936138,0.664744917024625,early,0.8417556533261605,12,12,none,0
N1CGq7zSjjM,UC3KEoMzNz8eYnwBC34RaKCQ,time,3,2.6246,27,281234.04,231830,482383.7550936138,0.5830089467504536,early,0.6168302889322819,12,12,none,0
N1CGq7zSjjM,UC3KEoMzNz8eYnwBC34RaKCQ,time,5,4.6246,27,264368.50,231830,481799.6189793835,0.5487104794998358,likely,0.4784639163804531,12,12,none,0
N1CGq7zSjjM,UC3KEoMzNz8eYnwBC34RaKCQ,time,7,6.6246,27,257279.54,231830,481054.14769113384,0.5348244986217604,likely,0.42463006841676787,12,12,none,0
N1CGq7zSjjM,UC3KEoMzNz8eYnwBC34RaKCQ,time,14,12.6246,27,254783.79,231830,479554.3483026957,0.5312928385370054,confirmed,0.3424972284112842,12,12,none,0
b3EugpoXF5I,UC8jRs1LfVO5vsrSk-YRu5ZA,time,5,6.9687,27,1993.57,1602,,,insufficient,,0,0,none,0
b3EugpoXF5I,UC8jRs1LfVO5vsrSk-YRu5ZA,time,7,6.9687,27,1993.57,1602,,,insufficient,,0,0,none,0
b3EugpoXF5I,UC8jRs1LfVO5vsrSk-YRu5ZA,time,14,12.9687,27,1645.28,1602,2768.986542866979,0.594180402926005,confirmed,0.00897524472848579,15,11,none,0
kc6NOjS1ThE,UCn5hg2riwFTCNif80JbaA8A,time,14,14.7340,29,87201.78,85421,43422.92944779343,2.0081965368666608,confirmed,0.058312067387431554,15,13,none,0
xl2B9ssZc-s,UC9_p50tH3WmMslWRWKnM7dQ,time,0.5,0.7014,27,255199.91,216822,180266.99744931114,1.4156773668031193,early,,15,11,none,0
xl2B9ssZc-s,UC9_p50tH3WmMslWRWKnM7dQ,time,1,0.7014,27,255199.91,216822,180266.99744931114,1.4156773668031193,early,,15,11,none,0
xl2B9ssZc-s,UC9_p50tH3WmMslWRWKnM7dQ,time,2,1.7014,27,229202.17,216822,180266.99744931114,1.2714593818098263,early,0.6948708774144369,15,11,none,0
xl2B9ssZc-s,UC9_p50tH3WmMslWRWKnM7dQ,time,3,2.7014,27,239931.32,216822,180189.83186508418,1.3315474941999708,early,0.5484468481355881,15,10,none,0
xl2B9ssZc-s,UC9_p50tH3WmMslWRWKnM7dQ,time,5,4.7014,27,214182.30,216822,180189.83186508418,1.1886480750624433,likely,0.45057898427625476,15,10,none,0
xl2B9ssZc-s,UC9_p50tH3WmMslWRWKnM7dQ,time,7,6.7014,27,224041.14,216822,179871.70694304717,1.245560747723991,likely,0.40287404314562464,15,10,none,0
xl2B9ssZc-s,UC9_p50tH3WmMslWRWKnM7dQ,time,14,15.7014,27,219750.18,216822,179350.04339232642,1.2252585556968532,confirmed,0.3239736779898151,15,9,none,0
SqWhDBaJ3O4,UCEh_IoMVGA7NPsx6-2H8Bqw,time,14,14.4458,29,1815.80,1831,1195.318589250118,1.5190924090285935,confirmed,0.06818160176263646,15,13,none,0
dQn0XPnK8AA,UCeHIseom2u9zxGM_yIEBhDQ,time,5,5.9395,28,157.73,164,,,insufficient,,0,0,none,0
dQn0XPnK8AA,UCeHIseom2u9zxGM_yIEBhDQ,time,7,6.9395,28,156.04,164,,,insufficient,0.4352549668784232,0,0,none,0
dQn0XPnK8AA,UCeHIseom2u9zxGM_yIEBhDQ,time,14,13.9395,28,155.56,164,,,insufficient,0.23590108508846655,0,0,none,0
WO8ZKMmPaws,UCtbLA0YM6EpwUQhFUyPQU9Q,heldout,1,1.0314,27,818365.91,1125397,390662.04884052894,2.094818048714177,early,,15,13,none,0
WO8ZKMmPaws,UCtbLA0YM6EpwUQhFUyPQU9Q,time,1,1.0314,27,818365.91,1125397,390662.04884052894,2.094818048714177,early,,15,13,none,0
WO8ZKMmPaws,UCtbLA0YM6EpwUQhFUyPQU9Q,heldout,2,2.0314,27,949268.67,1125397,390662.04884052894,2.4298973433540865,early,0.78258470194413,15,13,none,0
WO8ZKMmPaws,UCtbLA0YM6EpwUQhFUyPQU9Q,time,2,2.0314,27,949268.67,1125397,390662.04884052894,2.4298973433540865,early,0.78258470194413,15,13,none,0
WO8ZKMmPaws,UCtbLA0YM6EpwUQhFUyPQU9Q,heldout,3,3.0314,27,934213.88,1125397,390703.3203791148,2.391108119267936,likely,0.6463193630286928,15,13,none,0
WO8ZKMmPaws,UCtbLA0YM6EpwUQhFUyPQU9Q,time,3,3.0314,27,934213.88,1125397,390703.3203791148,2.391108119267936,likely,0.6463193630286928,15,13,none,0
WO8ZKMmPaws,UCtbLA0YM6EpwUQhFUyPQU9Q,heldout,5,5.0314,27,964398.10,1125397,390703.3203791148,2.4683642261231977,likely,0.5558022755502803,15,13,none,0
WO8ZKMmPaws,UCtbLA0YM6EpwUQhFUyPQU9Q,time,5,5.0314,27,964398.10,1125397,390703.3203791148,2.4683642261231977,likely,0.5558022755502803,15,13,none,0
WO8ZKMmPaws,UCtbLA0YM6EpwUQhFUyPQU9Q,heldout,7,7.0314,27,997541.69,1125397,390199.64140119764,2.556490530580297,confirmed,0.5332280854685236,15,12,none,0
WO8ZKMmPaws,UCtbLA0YM6EpwUQhFUyPQU9Q,time,7,7.0314,27,997541.69,1125397,390199.64140119764,2.556490530580297,confirmed,0.5332280854685236,15,12,none,0
WO8ZKMmPaws,UCtbLA0YM6EpwUQhFUyPQU9Q,heldout,14,13.0314,27,1165772.67,1125397,389235.5386961076,2.995031421612526,confirmed,0.5060701619579088,15,12,none,0
WO8ZKMmPaws,UCtbLA0YM6EpwUQhFUyPQU9Q,time,14,13.0314,27,1165772.67,1125397,389235.5386961076,2.995031421612526,confirmed,0.5060701619579088,15,12,none,0
qMojhcFHm7g,UCbprhISv-0ReKPPyhf7-Dtw,time,5,6.9573,30,1220.81,2633,,,insufficient,,0,0,none,0
qMojhcFHm7g,UCbprhISv-0ReKPPyhf7-Dtw,time,7,6.9573,30,1220.81,2633,,,insufficient,,0,0,none,0
qMojhcFHm7g,UCbprhISv-0ReKPPyhf7-Dtw,time,14,13.9573,30,2132.52,2633,,,insufficient,0.8740627499501797,0,0,none,0
nnsv1JFqd48,UCtW1WA-bJ4s6l-ZCCT35QBg,heldout,2,2.9661,31,6948.62,7385,6146.000000000002,1.1305927238294566,early,,15,11,none,0
nnsv1JFqd48,UCtW1WA-bJ4s6l-ZCCT35QBg,heldout,3,2.9661,31,6948.62,7385,6146.000000000002,1.1305927238294566,early,,15,11,none,0
nnsv1JFqd48,UCtW1WA-bJ4s6l-ZCCT35QBg,heldout,5,5.9661,31,7018.28,7385,6146.000000000002,1.1419264784084833,likely,0.38681499924507956,15,11,none,0
nnsv1JFqd48,UCtW1WA-bJ4s6l-ZCCT35QBg,heldout,7,6.9661,31,7144.72,7385,6146.000000000002,1.1624985118282447,likely,0.3595166851614843,15,11,none,0
nnsv1JFqd48,UCtW1WA-bJ4s6l-ZCCT35QBg,heldout,14,13.9661,31,7015.66,7385,6146.000000000002,1.1414999361536387,confirmed,0.2898712997093531,15,9,none,0
k5eG-OUAY_Y,UC5i1U95Udd4RYblltKRV9-A,time,5,4.9989,28,193.08,343,,,insufficient,,0,0,none,0
k5eG-OUAY_Y,UC5i1U95Udd4RYblltKRV9-A,time,7,6.9989,28,229.57,343,,,insufficient,0.5636124622484014,0,0,none,0
k5eG-OUAY_Y,UC5i1U95Udd4RYblltKRV9-A,time,14,15.9989,28,326.72,343,,,insufficient,0.5732997577883058,0,0,none,0
EHFWNNJCFTw,UCkr6cLAnZiz5NH0NzjNK8rg,time,0.5,0.6595,27,42838.20,24890,113519.72814605573,0.37736347360761036,early,,14,14,none,0
EHFWNNJCFTw,UCkr6cLAnZiz5NH0NzjNK8rg,time,1,0.6595,27,42838.20,24890,113519.72814605573,0.37736347360761036,early,,14,14,none,0
EHFWNNJCFTw,UCkr6cLAnZiz5NH0NzjNK8rg,time,2,1.6595,27,37065.33,24890,102031.89087160841,0.36327196694526087,early,0.6020428959546252,15,15,none,0
EHFWNNJCFTw,UCkr6cLAnZiz5NH0NzjNK8rg,time,3,2.6595,27,31833.70,24890,96988.51912096383,0.32822132378866675,early,0.4334518991713218,15,14,none,0
EHFWNNJCFTw,UCkr6cLAnZiz5NH0NzjNK8rg,time,5,4.6595,27,30185.04,24890,88927.57365734156,0.33943401505037707,likely,0.30440421753880775,15,13,none,0
EHFWNNJCFTw,UCkr6cLAnZiz5NH0NzjNK8rg,time,7,6.6595,27,28719.36,24890,85644.39254819312,0.33533263356812576,likely,0.25243545816920543,15,13,none,0
EHFWNNJCFTw,UCkr6cLAnZiz5NH0NzjNK8rg,time,14,12.6595,27,25646.91,24890,81297.65758606071,0.31546919514101185,confirmed,0.1954094218271255,15,8,none,0
TAXPyRnWwI0,UCyaN6mg5u8Cjy2ZI4ikWaug,time,1,1.6045,28,58088.21,80115,57724.163625002875,1.0063066297324883,early,,15,11,none,0
TAXPyRnWwI0,UCyaN6mg5u8Cjy2ZI4ikWaug,time,2,1.6045,28,58088.21,80115,57724.163625002875,1.0063066297324883,early,,15,11,none,0
TAXPyRnWwI0,UCyaN6mg5u8Cjy2ZI4ikWaug,time,3,2.6045,28,61372.25,80115,57583.60958249475,1.0657936514464956,early,0.5906499968858365,15,10,none,0
TAXPyRnWwI0,UCyaN6mg5u8Cjy2ZI4ikWaug,time,5,4.6045,28,64153.95,80115,57392.774839320875,1.1178053664428331,likely,0.5184473924670454,15,9,none,0
TAXPyRnWwI0,UCyaN6mg5u8Cjy2ZI4ikWaug,time,7,6.6045,28,80040.82,80115,59342.289099346795,1.3487989769145412,likely,0.5858762597044879,15,9,none,0
TAXPyRnWwI0,UCyaN6mg5u8Cjy2ZI4ikWaug,time,14,13.6045,28,92351.19,80115,59272.713912425774,1.5580724961524106,confirmed,0.4766380987304037,15,8,none,0
l9dDuZfnauM,UCe1Ka1W1V_TfRSwE_luacEg,time,14,12.7883,27,8210.40,8248,4872.089754405837,1.6851911148494465,confirmed,,15,13,none,0
cD9lXJF81eo,UCOYiZJJ25t0ZAH7Y_pKPC0w,heldout,5,5.9574,28,3329.96,3490,27393.080375154175,0.12156191674192489,likely,,8,8,none,0
cD9lXJF81eo,UCOYiZJJ25t0ZAH7Y_pKPC0w,time,5,5.9574,28,3329.96,3490,27393.080375154175,0.12156191674192489,likely,,8,8,none,0
cD9lXJF81eo,UCOYiZJJ25t0ZAH7Y_pKPC0w,heldout,7,6.9574,28,2749.90,3490,27393.080375154175,0.10038650741249994,likely,0.15645182075990058,8,8,none,0
cD9lXJF81eo,UCOYiZJJ25t0ZAH7Y_pKPC0w,time,7,6.9574,28,2749.90,3490,27393.080375154175,0.10038650741249994,likely,0.15645182075990058,8,8,none,0
cD9lXJF81eo,UCOYiZJJ25t0ZAH7Y_pKPC0w,heldout,14,12.9574,28,3070.03,3490,42113.84951058273,0.07289835284652718,confirmed,0.20566211813395938,8,7,none,0
cD9lXJF81eo,UCOYiZJJ25t0ZAH7Y_pKPC0w,time,14,12.9574,28,3070.03,3490,42113.84951058273,0.07289835284652718,confirmed,0.20566211813395938,8,7,none,0
Z9CC0_NTf5g,UC0T6MVd3wQDB5ICAe45OxaQ,time,14,15.9159,27,14959.42,14771,9512.999999999998,1.5725236338648654,confirmed,0.07633489594673869,15,13,none,0
7w7eSJc3RXc,UCMekTeLUP4PllG4z53Qny2Q,time,5,5.7767,29,5583.01,4904,617.2109013541578,9.045550089209938,likely,,15,15,none,0
7w7eSJc3RXc,UCMekTeLUP4PllG4z53Qny2Q,time,7,6.7767,29,5476.52,4904,622.3132387437972,8.800256365444172,likely,0.3640687517779246,15,14,none,0
7w7eSJc3RXc,UCMekTeLUP4PllG4z53Qny2Q,time,14,13.7767,29,5070.00,4904,634.167760297736,7.9947362371938375,confirmed,0.16428028102597622,15,10,none,0
UNMoQwNxRnk,UCxajFuHT9KGibttgRbvA4XQ,time,1,0.9992,27,1519.69,1655,10603.504028632247,0.14331954138529332,early,,15,13,none,0
UNMoQwNxRnk,UCxajFuHT9KGibttgRbvA4XQ,time,2,1.9992,27,1385.22,1655,10603.34043466733,0.13063954749593354,early,0.5803594146646771,15,13,none,0
UNMoQwNxRnk,UCxajFuHT9KGibttgRbvA4XQ,time,3,2.9992,27,1473.35,1655,10455.81159452644,0.1409121722734277,early,0.5139734783695518,15,13,none,0
UNMoQwNxRnk,UCxajFuHT9KGibttgRbvA4XQ,time,5,4.9992,27,1573.29,1655,10249.011051246182,0.1535066833774777,likely,0.5305774247940558,15,13,none,0
UNMoQwNxRnk,UCxajFuHT9KGibttgRbvA4XQ,time,7,7.9992,27,1627.60,1655,9962.450716584422,0.16337394111171819,confirmed,0.4696196404033468,15,12,none,0
UNMoQwNxRnk,UCxajFuHT9KGibttgRbvA4XQ,time,14,14.9992,27,1858.00,1655,9543.299682354118,0.1946910686505066,confirmed,0.425604239360328,15,10,none,0
vORhopSp7l8,UCjNrOMGm7_ODMMBS-71xBcA,time,1,0.7920,27,1178.81,2693,2193.9999999999995,0.5372897808646542,early,,15,12,none,0
vORhopSp7l8,UCjNrOMGm7_ODMMBS-71xBcA,time,2,1.7920,27,2007.34,2693,2193.9999999999995,0.9149225369643215,early,1.3779873139052479,15,12,none,0
vORhopSp7l8,UCjNrOMGm7_ODMMBS-71xBcA,time,3,2.7920,27,2137.58,2693,2193.9999999999995,0.9742866569560578,early,1.0818692220554682,15,11,none,0
vORhopSp7l8,UCjNrOMGm7_ODMMBS-71xBcA,time,5,4.7920,27,2243.33,2693,2193.9999999999995,1.0224839818667124,likely,0.849635665149818,15,11,none,0
vORhopSp7l8,UCjNrOMGm7_ODMMBS-71xBcA,time,7,7.7920,27,2672.44,2693,2193.9999999999995,1.2180673139207479,confirmed,0.8199770270946191,15,10,none,0
vORhopSp7l8,UCjNrOMGm7_ODMMBS-71xBcA,time,14,12.7920,27,2606.53,2693,2193.9999999999995,1.1880253830820036,confirmed,0.7426265167384082,15,9,none,0
WnapZ9yDtaQ,UCihUiDJzjyo2ov_qGtW33lw,time,14,13.9371,28,308118.92,279739,22526.000000000015,13.6783683288151,confirmed,,15,12,none,0
qxavxDrfFIg,UC8jRs1LfVO5vsrSk-YRu5ZA,time,7,8.6978,27,4022.37,3237,2919.3776208627887,1.3778180426599234,confirmed,,10,8,none,0
qxavxDrfFIg,UC8jRs1LfVO5vsrSk-YRu5ZA,time,14,13.6978,27,3323.63,3237,2729.0173422664775,1.2178837903740924,confirmed,0.015003287069919935,15,11,none,0
49PhdIW0Neo,UCQr41WBbI0oGTsYTm2FB99g,time,5,5.4231,29,25246.09,30337,157017.39815877832,0.1607853246654451,likely,0.13473297345274243,15,13,none,0
49PhdIW0Neo,UCQr41WBbI0oGTsYTm2FB99g,time,7,7.4231,29,25328.51,30337,156134.98706443736,0.1622218549431257,confirmed,0.1423977512936613,15,13,none,0
49PhdIW0Neo,UCQr41WBbI0oGTsYTm2FB99g,time,14,13.4231,29,26799.21,30337,151508.84751151587,0.17688216658710249,confirmed,0.13411675801272221,15,11,none,0
yU2u7D8RuG4,UCGWNHkr2WZcRbxqoet-nyeg,time,14,12.8786,27,4482.53,4140,2598.9944655019985,1.7247176885431723,confirmed,,15,15,none,0
umeNwM4IfCQ,UClZT1TPdg5Hrx2HPmkALofw,time,14,14.9692,27,781.09,807,763.7152770971636,1.0227462859399754,confirmed,0.16419852439380495,15,11,none,0
VrpFPoFgRz8,UCEBpSZhI1X8WaP-kY_2LLcg,time,2,2.1784,27,919.54,898,795.8868652575231,1.1553690730129986,early,,15,14,none,0
VrpFPoFgRz8,UCEBpSZhI1X8WaP-kY_2LLcg,time,3,3.1784,27,649.24,898,795.8279635279439,0.8158091845856136,likely,0.21637430642172906,15,14,none,0
VrpFPoFgRz8,UCEBpSZhI1X8WaP-kY_2LLcg,time,5,5.1784,27,761.06,898,795.5243575829486,0.9566833073574426,likely,0.2758289759007345,15,14,none,0
VrpFPoFgRz8,UCEBpSZhI1X8WaP-kY_2LLcg,time,7,6.1784,27,765.83,898,800.4610995445281,0.9567403852979097,likely,0.3093083922848592,15,14,none,0
VrpFPoFgRz8,UCEBpSZhI1X8WaP-kY_2LLcg,time,14,15.1784,27,895.30,898,810.9017538603609,1.104077806903559,confirmed,0.2987373194592619,15,13,none,0
PCeflwCXSLg,UCZv_19T3Yuk8k0RZRGNqgow,heldout,1,0.8124,30,8461.44,9763,15640.55511568954,0.5409936082882632,early,,15,14,none,0
PCeflwCXSLg,UCZv_19T3Yuk8k0RZRGNqgow,heldout,7,7.8124,30,9294.06,9763,15910.56877880512,0.5841438348744215,confirmed,0.47555089558409763,15,13,none,0
PCeflwCXSLg,UCZv_19T3Yuk8k0RZRGNqgow,heldout,14,13.8124,30,9372.39,9763,15960.287942738603,0.5872318840292212,confirmed,0.43904730173567913,15,13,none,0
z3h5rxz-IKw,UC0wN7fS1ATmM4ZTafhB9oBg,time,14,12.8321,27,5093.90,5015,5867.004474556714,0.8682290487391497,confirmed,0.13105924971484573,15,14,none,0
CX_oTA7ZnC4,UCctXZhXmG-kf3tlIXgVZUlw,time,5,6.7081,27,23202.89,22804,,,insufficient,,0,0,none,0
CX_oTA7ZnC4,UCctXZhXmG-kf3tlIXgVZUlw,time,7,6.7081,27,23202.89,22804,,,insufficient,,0,0,none,0
CX_oTA7ZnC4,UCctXZhXmG-kf3tlIXgVZUlw,time,14,12.7081,27,22492.91,22804,,,insufficient,0.20161073720042855,0,0,none,0
AAXWxPfNSzA,UCeHILuUwWmHDQqbocxUvVoA,heldout,14,14.6768,31,4182.22,4008,9130.868865106888,0.4580307510313735,confirmed,,15,13,none,0
YRMiL_vw8pg,UCP4k407eomZThGHo_9sgMkg,time,7,7.9786,27,27108.21,29440,170031.58926611263,0.15943045795286315,confirmed,,15,15,none,0
YRMiL_vw8pg,UCP4k407eomZThGHo_9sgMkg,time,14,14.9786,27,30532.76,29440,175565.25945136056,0.17391116272015572,confirmed,0.3341508824408208,15,12,none,0
j4EIPhX4gnQ,UCziz6FiCnkyQ810X7qXFMZw,time,1,0.9515,28,82120.84,86713,53641.866648446376,1.5309094881436365,early,,15,12,none,0
j4EIPhX4gnQ,UCziz6FiCnkyQ810X7qXFMZw,time,2,1.9515,28,96269.90,86713,53797.8840731768,1.7894736970791403,early,0.7827920587840047,15,12,none,0
j4EIPhX4gnQ,UCziz6FiCnkyQ810X7qXFMZw,time,3,2.9515,28,96593.60,86713,54080.2430851508,1.7861162624165257,early,0.6703199496612454,15,12,none,0
j4EIPhX4gnQ,UCziz6FiCnkyQ810X7qXFMZw,time,5,4.9515,28,101409.95,86713,54334.56907898089,1.8663983428639697,likely,0.5844099223453681,15,12,none,0
j4EIPhX4gnQ,UCziz6FiCnkyQ810X7qXFMZw,time,7,6.9515,28,99519.72,86713,54932.085104491925,1.8116865242527578,likely,0.5337174621261497,15,12,none,0
j4EIPhX4gnQ,UCziz6FiCnkyQ810X7qXFMZw,time,14,12.9515,28,99440.96,86713,56861.999999999956,1.7488121381865283,confirmed,0.4329816056281049,15,11,none,0
5Uxx3qPjIOg,UCqLbTAc5Mn2cJDu1-FZ2W3g,time,1,1.0415,27,69807.28,49761,100805.26380794855,0.6924963543921404,early,1.5282487541254475,15,11,none,0
5Uxx3qPjIOg,UCqLbTAc5Mn2cJDu1-FZ2W3g,time,2,2.0415,27,79038.31,49761,100319.52041705647,0.7878657226599068,early,1.1334081454851066,15,10,none,0
5Uxx3qPjIOg,UCqLbTAc5Mn2cJDu1-FZ2W3g,time,3,3.0415,27,75854.37,49761,99483.24987253241,0.7624838340247893,likely,0.9367506977877472,15,10,none,0
5Uxx3qPjIOg,UCqLbTAc5Mn2cJDu1-FZ2W3g,time,5,5.0415,27,75236.40,49761,99009.18204959284,0.75989313412607,likely,0.7713854469383369,15,10,none,0
5Uxx3qPjIOg,UCqLbTAc5Mn2cJDu1-FZ2W3g,time,7,7.0415,27,68464.12,49761,97908.19990741137,0.6992684481106435,confirmed,0.6820932070315167,15,10,none,0
5Uxx3qPjIOg,UCqLbTAc5Mn2cJDu1-FZ2W3g,time,14,15.0415,27,58894.07,49761,98551.89033924951,0.5975945118440116,confirmed,0.5447637065946962,15,8,none,0
0f6_pRAIJjI,UCg5WjzrwxRRUUDf7WHKPzsA,time,1,0.9375,27,18930.10,29578,38586.57030247478,0.4905876649249218,early,,15,11,none,0
0f6_pRAIJjI,UCg5WjzrwxRRUUDf7WHKPzsA,time,2,1.9375,27,30780.53,29578,38586.57030247478,0.797700605406952,early,0.9899939116531613,15,10,none,0
0f6_pRAIJjI,UCg5WjzrwxRRUUDf7WHKPzsA,time,3,2.9375,27,32599.38,29578,38586.57030247478,0.8448375480876713,early,0.8025894961587687,15,10,none,0
0f6_pRAIJjI,UCg5WjzrwxRRUUDf7WHKPzsA,time,5,4.9375,27,26491.65,29578,38586.57030247478,0.6865510827101283,likely,0.6935900691260188,15,10,none,0
0f6_pRAIJjI,UCg5WjzrwxRRUUDf7WHKPzsA,time,7,6.9375,27,26760.46,29578,38586.57030247478,0.6935174880094572,likely,0.6408726276642518,15,10,none,0
0f6_pRAIJjI,UCg5WjzrwxRRUUDf7WHKPzsA,time,14,12.9375,27,31459.35,29578,39305.1052245646,0.8003884218939613,confirmed,0.5562138327916234,15,9,none,0
x10KBEAONDw,UCJMoh2CdnIesjxN9cmGhrLA,time,14,13.7812,29,12149.20,11371,9026.999999999993,1.34587375754099,confirmed,0.2855798639458989,12,11,none,0
HZy-Nz-a1MU,UCcQD9RunHRdJCWZFQRiuZCQ,time,2,2.7913,27,12624.20,10721,9554.17709087792,1.3213281890413437,early,,14,13,none,0
HZy-Nz-a1MU,UCcQD9RunHRdJCWZFQRiuZCQ,time,3,2.7913,27,12624.20,10721,9554.17709087792,1.3213281890413437,early,,14,13,none,0
HZy-Nz-a1MU,UCcQD9RunHRdJCWZFQRiuZCQ,time,5,4.7913,27,11448.17,10721,8810.945554537122,1.2993119724956326,likely,0.2599362408141453,15,14,none,0
HZy-Nz-a1MU,UCcQD9RunHRdJCWZFQRiuZCQ,time,7,7.7913,27,11718.58,10721,8810.945554537122,1.3300028594950892,confirmed,0.2328935981902907,15,14,none,0
HZy-Nz-a1MU,UCcQD9RunHRdJCWZFQRiuZCQ,time,14,12.7913,27,11114.47,10721,8826.063244729614,1.2592778034220269,confirmed,0.19407665096813273,15,13,none,0
NglpqOIQzlg,UCUpbDOT-OVNBlaQpb9pbd2w,time,5,5.6945,29,60570.11,54178,28378.95478259645,2.1343318368664126,likely,,15,15,none,0
NglpqOIQzlg,UCUpbDOT-OVNBlaQpb9pbd2w,time,7,6.6945,29,55959.08,54178,27928.81364207969,2.003632400740421,likely,0.27010480516733243,15,15,none,0
NglpqOIQzlg,UCUpbDOT-OVNBlaQpb9pbd2w,time,14,13.6945,29,57112.77,54178,25147.777874863103,2.2710863302689237,confirmed,0.21073862063088206,15,15,none,0
h2apnrnZp3s,UC5_SBQbLA9Kg7Jh5GpXoP3g,time,1,0.8324,28,29.20,123,728.7522972774998,0.04007513388377378,early,,4,3,none,0
h2apnrnZp3s,UC5_SBQbLA9Kg7Jh5GpXoP3g,time,2,2.8324,28,49.21,123,332.6315095848385,0.147952510607582,early,0.9996338163514447,15,13,none,0
h2apnrnZp3s,UC5_SBQbLA9Kg7Jh5GpXoP3g,time,3,2.8324,28,49.21,123,332.6315095848385,0.147952510607582,early,0.9996338163514447,15,13,none,0
h2apnrnZp3s,UC5_SBQbLA9Kg7Jh5GpXoP3g,time,5,4.8324,28,40.17,123,298.0828581623282,0.134774550457579,likely,0.7429568188729567,15,12,none,0
h2apnrnZp3s,UC5_SBQbLA9Kg7Jh5GpXoP3g,time,7,6.8324,28,71.87,123,301.20599973829167,0.2386237527235485,likely,0.9543216468287559,15,12,none,0
h2apnrnZp3s,UC5_SBQbLA9Kg7Jh5GpXoP3g,time,14,13.8324,28,105.54,123,269.87878863573945,0.3910517391425163,confirmed,0.8984197624994906,15,12,none,0
cjyzH1-iWLk,UCw33382AK54Vd90P56EISig,time,14,13.7034,29,4587.66,4488,1570.4099396788647,2.9213160505963662,confirmed,0.15095960818798634,15,12,none,0
oUt9u_kEu64,UC5_SBQbLA9Kg7Jh5GpXoP3g,time,1,0.8322,28,106.20,122,728.7522972774998,0.1457277595773592,early,,3,3,none,0
oUt9u_kEu64,UC5_SBQbLA9Kg7Jh5GpXoP3g,time,2,2.8322,28,126.71,122,300.19658083339266,0.42207516228955105,early,0.7965538844396258,15,14,none,0
oUt9u_kEu64,UC5_SBQbLA9Kg7Jh5GpXoP3g,time,3,2.8322,28,126.71,122,300.19658083339266,0.42207516228955105,early,0.7965538844396258,15,14,none,0
oUt9u_kEu64,UC5_SBQbLA9Kg7Jh5GpXoP3g,time,5,4.8322,28,101.28,122,281.60590481868024,0.35964770931420187,likely,0.5195600518473079,15,13,none,0
oUt9u_kEu64,UC5_SBQbLA9Kg7Jh5GpXoP3g,time,7,6.8322,28,115.47,122,268.3013514619302,0.43037892120847215,likely,0.5107257364185278,15,13,none,0
oUt9u_kEu64,UC5_SBQbLA9Kg7Jh5GpXoP3g,time,14,13.8322,28,135.34,122,249.8878440326774,0.5415860270575031,confirmed,0.4381510240756948,15,13,none,0
UIjuml-y59I,UCAub01nC6godaiC7iI9kasw,heldout,0.5,0.6664,28,25477.25,20060,10309.427371028185,2.471257096608952,early,,15,13,none,0
UIjuml-y59I,UCAub01nC6godaiC7iI9kasw,time,0.5,0.6664,28,25477.25,20060,10309.427371028185,2.471257096608952,early,,15,13,none,0
UIjuml-y59I,UCAub01nC6godaiC7iI9kasw,heldout,1,0.6664,28,25477.25,20060,10309.427371028185,2.471257096608952,early,,15,13,none,0
UIjuml-y59I,UCAub01nC6godaiC7iI9kasw,time,1,0.6664,28,25477.25,20060,10309.427371028185,2.471257096608952,early,,15,13,none,0
UIjuml-y59I,UCAub01nC6godaiC7iI9kasw,heldout,2,2.6664,28,19140.55,20060,10236.832757396302,1.8697727912953757,early,0.44855540114408765,15,12,none,0
UIjuml-y59I,UCAub01nC6godaiC7iI9kasw,time,2,2.6664,28,19140.55,20060,10236.832757396302,1.8697727912953757,early,0.44855540114408765,15,12,none,0
UIjuml-y59I,UCAub01nC6godaiC7iI9kasw,heldout,3,2.6664,28,19140.55,20060,10236.832757396302,1.8697727912953757,early,0.44855540114408765,15,12,none,0
UIjuml-y59I,UCAub01nC6godaiC7iI9kasw,time,3,2.6664,28,19140.55,20060,10236.832757396302,1.8697727912953757,early,0.44855540114408765,15,12,none,0
UIjuml-y59I,UCAub01nC6godaiC7iI9kasw,heldout,5,4.6664,28,19188.88,20060,10213.247335188204,1.8788225422686122,likely,0.35957262681277624,15,12,none,0
UIjuml-y59I,UCAub01nC6godaiC7iI9kasw,time,5,4.6664,28,19188.88,20060,10213.247335188204,1.8788225422686122,likely,0.35957262681277624,15,12,none,0
UIjuml-y59I,UCAub01nC6godaiC7iI9kasw,heldout,7,6.6664,28,23270.89,20060,10201.42130205524,2.2811421875964877,likely,0.336450432066204,15,12,none,0
UIjuml-y59I,UCAub01nC6godaiC7iI9kasw,time,7,6.6664,28,23270.89,20060,10201.42130205524,2.2811421875964877,likely,0.336450432066204,15,12,none,0
UIjuml-y59I,UCAub01nC6godaiC7iI9kasw,heldout,14,12.6664,28,19686.21,20060,10182.975803691323,1.9332477249382185,confirmed,0.28445006888393387,15,11,none,0
UIjuml-y59I,UCAub01nC6godaiC7iI9kasw,time,14,12.6664,28,19686.21,20060,10182.975803691323,1.9332477249382185,confirmed,0.28445006888393387,15,11,none,0
sYxX2Z4tzbs,UCAmsTmQTOPbSfXs6QIDgGXg,time,14,13.6874,28,330.14,330,1483.8044998448756,0.2224965417297636,confirmed,0.2596050067022025,15,13,none,0
cBIZ6tCBAbw,UCbJ8oD5Gmh6CKv0GPpXpK8w,time,7,8.8562,27,17728.14,15364,77008.72443306209,0.23020943856235485,confirmed,,11,11,none,0
cBIZ6tCBAbw,UCbJ8oD5Gmh6CKv0GPpXpK8w,time,14,12.8562,27,16039.98,15364,83270.2304143989,0.19262567950955628,confirmed,0.13820829716136301,13,12,none,0
Y-3_H7jdOUk,UChh5m7TLxLv5qsvppqIXsWA,time,14,12.8474,27,3856.06,3745,349.72443334010893,11.025982977992271,confirmed,0.39827251603387326,15,14,none,0
zMrE7h-n6p0,UC3lJL1pUvQ2Ih2qZ-4ozrLw,time,5,6.9783,27,319.68,465,235.51892644473588,1.3573232085045608,likely,,6,6,none,0
zMrE7h-n6p0,UC3lJL1pUvQ2Ih2qZ-4ozrLw,time,7,6.9783,27,319.68,465,235.51892644473588,1.3573232085045608,likely,,6,6,none,0
zMrE7h-n6p0,UC3lJL1pUvQ2Ih2qZ-4ozrLw,time,14,14.9783,27,417.41,465,549.8704225271963,0.7591026333034321,confirmed,0.490133511030205,12,12,none,0
Sj8VlTGFBIs,UCpjlh0e319ksmoOD7bQFSiw,time,14,13.0826,28,11729.94,11681,43907.73219116527,0.26714970683642736,confirmed,,15,14,none,0
7yZK9SGBunA,UC710HJmp-YgNbE5BnFBRoeg,time,5,6.9251,27,89921.89,83420,,,insufficient,,0,0,none,0
7yZK9SGBunA,UC710HJmp-YgNbE5BnFBRoeg,time,7,6.9251,27,89921.89,83420,,,insufficient,,0,0,none,0
7yZK9SGBunA,UC710HJmp-YgNbE5BnFBRoeg,time,14,12.9251,27,78326.37,83420,,,insufficient,0.10466701482134899,0,0,none,0
dw9UTRj424o,UC9kUnVpufVjhTZHhxaKuHaA,time,14,14.9991,27,28666.04,49841,5440.811480922912,5.268706668579488,confirmed,,15,12,none,0
noyn12MBQKs,UCFs23bEpTlHJt1RVN0UWI3Q,time,7,7.8538,27,2251.57,2009,2894.6568724415247,0.7778370424116889,confirmed,,15,15,none,0
noyn12MBQKs,UCFs23bEpTlHJt1RVN0UWI3Q,time,14,12.8538,27,1953.25,2009,2844.9392932407886,0.6865701318067399,confirmed,0.12266845025590875,15,15,none,0
WsxWpt-1WoI,UC8DqDLFZCni7Jkys3N3818w,time,5,4.8174,27,42.15,95,37.12449521281677,1.1354048957963239,likely,,6,6,none,0
WsxWpt-1WoI,UC8DqDLFZCni7Jkys3N3818w,time,7,6.8174,27,50.86,95,45.962460544165396,1.106606000504776,likely,0.5987507004677219,6,6,none,0
WsxWpt-1WoI,UC8DqDLFZCni7Jkys3N3818w,time,14,12.8174,27,78.51,95,48.01382736216046,1.6352189099312573,confirmed,0.8012540060098736,6,6,none,0
pU48KY8nIes,UCPAt6z5uX_c5Eo_cSNROzYw,time,7,8.7357,28,21569.27,17198,2988.9854694337214,7.216252254267773,confirmed,,15,15,none,0
pU48KY8nIes,UCPAt6z5uX_c5Eo_cSNROzYw,time,14,13.7357,28,17735.31,17198,2806.651880498145,6.31902608499486,confirmed,0.003235779814552223,15,15,none,0
HNOpULzRT3M,UC6BW8DqrAmBEIeCtMa4bfBw,time,14,13.2522,28,2340.45,2189,3834.0080574520443,0.6104438726146146,confirmed,,15,15,none,0
7QL71cJ83AY,UCcTiu6qN0sm433gR8wjoVCA,time,5,6.5236,29,1506.50,1334,,,insufficient,,1,1,none,0
7QL71cJ83AY,UCcTiu6qN0sm433gR8wjoVCA,time,7,6.5236,29,1506.50,1334,,,insufficient,,1,1,none,0
7QL71cJ83AY,UCcTiu6qN0sm433gR8wjoVCA,time,14,13.5236,29,1318.70,1334,,,insufficient,0.0971701752395135,1,1,none,0
WYkluiEAKpQ,UCaipqYFk8bhIs1Gyqmm_Yxg,time,1,1.0205,27,25361.77,28152,43134.04104745616,0.5879756633282927,early,1.711919632423187,15,14,none,0
WYkluiEAKpQ,UCaipqYFk8bhIs1Gyqmm_Yxg,time,2,2.0205,27,35938.26,28152,43309.32560281547,0.8298041453102437,early,1.3786183766697686,15,13,none,0
WYkluiEAKpQ,UCaipqYFk8bhIs1Gyqmm_Yxg,time,3,3.0205,27,34098.65,28152,43088.13985257241,0.7913697861930132,likely,1.1526833334773334,15,13,none,0
WYkluiEAKpQ,UCaipqYFk8bhIs1Gyqmm_Yxg,time,5,5.0205,27,37140.82,28152,42921.623991400076,0.8653171011854888,likely,1.0160994610884817,15,13,none,0
WYkluiEAKpQ,UCaipqYFk8bhIs1Gyqmm_Yxg,time,7,6.0205,27,34844.63,28152,42828.419188993415,0.8135865947120975,likely,0.9707020948399918,15,13,none,0
WYkluiEAKpQ,UCaipqYFk8bhIs1Gyqmm_Yxg,time,14,15.0205,27,35611.97,28152,45340.15148989763,0.7854400717207858,confirmed,0.7519344374108748,15,12,none,0
Fsj9i8V8ay4,UC3_BakzLfadvFrsnClMFWmQ,heldout,2,2.1321,30,1218.58,679,880.8673650955596,1.3833881406943263,early,,15,15,none,0
Fsj9i8V8ay4,UC3_BakzLfadvFrsnClMFWmQ,heldout,3,3.1321,30,817.15,679,833.0088569697036,0.9809639172991972,likely,0.027570881982250148,15,15,none,0
Fsj9i8V8ay4,UC3_BakzLfadvFrsnClMFWmQ,heldout,5,4.1321,30,756.19,679,803.4517524216856,0.9411706671217673,likely,0.033879969366759154,15,15,none,0
Fsj9i8V8ay4,UC3_BakzLfadvFrsnClMFWmQ,heldout,7,7.1321,30,733.38,679,780.91352752446,0.9391293483209198,confirmed,0.023839202010271583,15,15,none,0
Fsj9i8V8ay4,UC3_BakzLfadvFrsnClMFWmQ,heldout,14,14.1321,30,644.00,679,738,0.8726286637795785,confirmed,0.0210685610722473,15,11,none,0
Xu4lfpvm2PA,UCbAlVnKhbGLK78GsSemQXxw,time,5,5.0132,27,1463.33,1378,11949.229546911327,0.12246201738966309,likely,0.05166586905711488,5,5,none,0
Xu4lfpvm2PA,UCbAlVnKhbGLK78GsSemQXxw,time,7,7.0132,27,1431.57,1378,11909.96508613184,0.12019959952483927,confirmed,0.05137912570080928,5,5,none,0
Xu4lfpvm2PA,UCbAlVnKhbGLK78GsSemQXxw,time,14,15.0132,27,1385.88,1378,12241.640535723633,0.11321012262030862,confirmed,0.04616371770795855,5,5,none,0
eDvE6T0Togo,UCll3zdukvI1oWlG-F13UCZw,heldout,1,1.0299,28,2223.12,1828,5882.966970103478,0.37789024594960446,early,,15,15,none,0
eDvE6T0Togo,UCll3zdukvI1oWlG-F13UCZw,heldout,2,1.0299,28,2223.12,1828,5882.966970103478,0.37789024594960446,early,,15,15,none,0
eDvE6T0Togo,UCll3zdukvI1oWlG-F13UCZw,heldout,3,3.0299,28,2551.71,1828,5811.539597163186,0.4390761445890591,likely,0.6539337851596654,15,15,none,0
eDvE6T0Togo,UCll3zdukvI1oWlG-F13UCZw,heldout,5,5.0299,28,2158.77,1828,5960.217944848623,0.36219599799726127,likely,0.4766900772246321,15,15,none,0
eDvE6T0Togo,UCll3zdukvI1oWlG-F13UCZw,heldout,7,7.0299,28,2116.01,1828,5930.457540483512,0.3568043667063192,confirmed,0.42794241463409816,15,15,none,0
eDvE6T0Togo,UCll3zdukvI1oWlG-F13UCZw,heldout,14,14.0299,28,1992.04,1828,5876.185050171953,0.3390021646319989,confirmed,0.3264091113286893,15,15,none,0
LcEs7wVCG0c,UCBI1lCGZBXGl54w_25hUsTg,heldout,7,7.2090,30,4723.39,3980,4226.593035386283,1.1175410963540355,confirmed,,15,14,none,0
YyBrLCsE1Fo,UCJ1RVDuSiJncq6VQYiqpzLA,time,14,12.9992,28,515.92,503,1138.5652497498868,0.4531280360614221,confirmed,0.22913631728126402,15,15,none,0
2ezqMROXaqs,UC8qhCPBiqf3qje6CdDBjdgQ,time,5,5.0719,27,328.48,350,,,insufficient,0.11699238649176086,0,0,none,0
2ezqMROXaqs,UC8qhCPBiqf3qje6CdDBjdgQ,time,7,7.0719,27,330.96,350,,,insufficient,0.14032095162727634,0,0,none,0
2ezqMROXaqs,UC8qhCPBiqf3qje6CdDBjdgQ,time,14,15.0719,27,330.71,350,,,insufficient,0.10960548233780264,0,0,none,0
JIAnC9Cf7yg,UCHYoe8kQ-7Gn9ASOlmI0k6Q,time,7,7.6215,29,505445.67,546433,415475.9941089734,1.2165460332541438,confirmed,,15,14,none,0
JIAnC9Cf7yg,UCHYoe8kQ-7Gn9ASOlmI0k6Q,time,14,13.6215,29,489669.83,546433,411291.7089940901,1.1905657614217626,confirmed,0.21853406530474834,15,13,none,0
PklOUF5ftZE,UCl-Zrl0QhF66lu1aGXaTbfw,time,1,0.9994,28,7159.11,6709,40831.70551971894,0.17533201503144133,early,,9,7,none,0
PklOUF5ftZE,UCl-Zrl0QhF66lu1aGXaTbfw,time,2,1.9994,28,8143.28,6709,40658.973952345674,0.20028256472073994,early,0.7241848228482803,9,6,none,0
PklOUF5ftZE,UCl-Zrl0QhF66lu1aGXaTbfw,time,3,2.9994,28,7112.50,6709,40352.724678387545,0.1762583523720524,early,0.5492584699932088,9,5,none,0
PklOUF5ftZE,UCl-Zrl0QhF66lu1aGXaTbfw,time,5,4.9994,28,6653.89,6709,39636.69742760374,0.16787186232549425,likely,0.4324603470878765,9,5,none,0
PklOUF5ftZE,UCl-Zrl0QhF66lu1aGXaTbfw,time,7,6.9994,28,6765.41,6709,39796.21828988453,0.17000124216051893,likely,0.41926920304633436,9,5,none,0
PklOUF5ftZE,UCl-Zrl0QhF66lu1aGXaTbfw,time,14,13.9994,28,8130.30,6709,39630.137207904896,0.20515454357300592,confirmed,0.3576726674671648,9,4,none,0
luJysbhW8jU,UCI0vQvr9aFn27yR6Ej6n5UA,time,5,6.2452,28,1098.73,937,956.1984992012156,1.1490569594142859,likely,,15,13,none,0
luJysbhW8jU,UCI0vQvr9aFn27yR6Ej6n5UA,time,7,7.2452,28,966.48,937,956.1984992012156,1.0107490508812134,confirmed,0.05297604121728289,15,13,none,0
luJysbhW8jU,UCI0vQvr9aFn27yR6Ej6n5UA,time,14,12.2452,28,924.95,937,957.9999999999998,0.9655030096102657,confirmed,0.0412538318769563,15,12,none,0
GwuxefNfx4U,UC2E4tXgSUeD5S9W6fGPoTsA,time,5,5.3953,28,528.93,510,,,insufficient,,1,1,none,0
GwuxefNfx4U,UC2E4tXgSUeD5S9W6fGPoTsA,time,7,7.3953,28,546.76,510,,,insufficient,0.3767916267068624,1,1,none,0
GwuxefNfx4U,UC2E4tXgSUeD5S9W6fGPoTsA,time,14,13.3953,28,529.35,510,,,insufficient,0.24097877361668893,1,1,none,0
ItYKt9t-Rj8,UCzUd3H_e_qWqs4dR4GxVHOQ,time,7,7.8360,27,6709.41,5990,4450.000000000001,1.5077316203232052,confirmed,,15,13,none,0
ItYKt9t-Rj8,UCzUd3H_e_qWqs4dR4GxVHOQ,time,14,12.8360,27,6163.96,5990,4450.000000000001,1.3851596096351362,confirmed,0.1390497307335701,15,10,none,0
dBUnU7MwTDw,UCx0irbDsRLjMvEXaW56cqlQ,time,5,6.9994,27,6774.85,6501,5349,1.2665640397177824,likely,,15,13,none,0
dBUnU7MwTDw,UCx0irbDsRLjMvEXaW56cqlQ,time,7,6.9994,27,6774.85,6501,5349,1.2665640397177824,likely,,15,13,none,0
dBUnU7MwTDw,UCx0irbDsRLjMvEXaW56cqlQ,time,14,14.9994,27,7025.86,6501,5349,1.3134896240519116,confirmed,0.22188279332471433,15,11,none,0
B-ZXQcDEDAc,UCnSg7AKhnTGnac-3zGdv5Qg,time,14,13.9165,28,494.65,580,2192.9126171586176,0.22556872043765533,confirmed,0.2887996897175076,15,13,none,0
M8-hIfEm6iM,UCgYej_4CT6jSRViJrJbDXHw,time,14,13.0829,28,1195.72,1282,2197.5550313919675,0.5441137552618356,confirmed,0.11384224921841664,15,14,none,0
AQF4eteGhck,UC1usuCeFHj1tQikOJ00SWyA,time,2,2.3332,29,2769.84,2811,1307.8892864338113,2.1177963439357357,early,,15,15,none,0
AQF4eteGhck,UC1usuCeFHj1tQikOJ00SWyA,time,3,3.3332,29,2267.23,2811,1307.8892864338113,1.733505964085891,likely,0.3369853270150382,15,15,none,0
AQF4eteGhck,UC1usuCeFHj1tQikOJ00SWyA,time,5,5.3332,29,2254.86,2811,1314.8726099522726,1.7148915653962846,likely,0.2598557103552483,15,15,none,0
AQF4eteGhck,UC1usuCeFHj1tQikOJ00SWyA,time,7,7.3332,29,2344.68,2811,1314.8726099522726,1.783202735171901,confirmed,0.2927637025640874,15,15,none,0
AQF4eteGhck,UC1usuCeFHj1tQikOJ00SWyA,time,14,14.3332,29,2530.34,2811,1348.599462005414,1.876270771546314,confirmed,0.27679558040077473,15,15,none,0
i3ZNdFRWNLI,UCUpbDOT-OVNBlaQpb9pbd2w,heldout,14,14.3912,30,65100.08,63397,26613.61305629826,2.4461194722931494,confirmed,0.05554188748623538,15,15,none,0
99XP-52n-Ps,UCnwAlhoB5rVhh6y5P96RXAw,heldout,1,0.9582,30,80858.04,84378,41846.441462246905,1.9322559617795458,early,,11,11,none,0
99XP-52n-Ps,UCnwAlhoB5rVhh6y5P96RXAw,heldout,14,12.9582,30,90445.35,84378,33227.596118394154,2.7219948957911546,confirmed,0.4160796408523486,15,10,none,0
CoorirSMGto,UCuoxrRDDgk3UUnxR4tlkJYQ,time,3,3.9010,28,14149.32,19156,7415.0000000000055,1.9082019741834442,likely,,11,9,none,0
CoorirSMGto,UCuoxrRDDgk3UUnxR4tlkJYQ,time,5,4.9010,28,12304.53,19156,8784.35012521924,1.400732646698881,likely,0.3673407910109432,15,13,none,0
CoorirSMGto,UCuoxrRDDgk3UUnxR4tlkJYQ,time,7,6.9010,28,15732.96,19156,8786.491584312404,1.7905846883152838,likely,0.5207795446037765,15,13,none,0
CoorirSMGto,UCuoxrRDDgk3UUnxR4tlkJYQ,time,14,13.9010,28,21285.92,19156,8810.257850874425,2.4160381957128214,confirmed,0.569305401571943,15,11,none,0
zvCZANVXaKw,UCx6yJsJ8qmJu7ja-hTQglRA,time,1,0.9868,27,9778.35,21937,10434.894429168244,0.9370816982577412,early,,15,13,none,0
zvCZANVXaKw,UCx6yJsJ8qmJu7ja-hTQglRA,time,2,1.9868,27,16505.34,21937,10739.605811843023,1.5368665804334387,early,1.230401510389345,15,13,none,0
zvCZANVXaKw,UCx6yJsJ8qmJu7ja-hTQglRA,time,3,2.9868,27,18951.54,21937,10739.605811843023,1.7646403003222038,early,1.1154012386588983,15,13,none,0
zvCZANVXaKw,UCx6yJsJ8qmJu7ja-hTQglRA,time,5,4.9868,27,30138.57,21937,11004.048904501817,2.7388616791905513,likely,1.249551566670998,15,13,none,0
zvCZANVXaKw,UCx6yJsJ8qmJu7ja-hTQglRA,time,7,7.9868,27,30832.70,21937,11270.896596155202,2.735603231787099,confirmed,1.0160600742994543,15,13,none,0
zvCZANVXaKw,UCx6yJsJ8qmJu7ja-hTQglRA,time,14,14.9868,27,27812.97,21937,11601.099635342642,2.3974425245013187,confirmed,0.7819879872905935,15,12,none,0
yqCZ1ii2Jk8,UC5_SBQbLA9Kg7Jh5GpXoP3g,time,1,0.8320,28,175.23,286,,,insufficient,,1,1,none,0
yqCZ1ii2Jk8,UC5_SBQbLA9Kg7Jh5GpXoP3g,time,2,2.8320,28,427.94,286,116.84353498178271,3.6625469271281634,early,1.5023246457998656,15,15,none,0
yqCZ1ii2Jk8,UC5_SBQbLA9Kg7Jh5GpXoP3g,time,3,2.8320,28,427.94,286,116.84353498178271,3.6625469271281634,early,1.5023246457998656,15,15,none,0
yqCZ1ii2Jk8,UC5_SBQbLA9Kg7Jh5GpXoP3g,time,5,4.8320,28,412.12,286,101.65242419399627,4.0541708118905895,likely,1.0436764534744547,15,15,none,0
yqCZ1ii2Jk8,UC5_SBQbLA9Kg7Jh5GpXoP3g,time,7,6.8320,28,388.78,286,106.31027557836052,3.657011502636528,likely,0.8828643777956506,15,15,none,0
yqCZ1ii2Jk8,UC5_SBQbLA9Kg7Jh5GpXoP3g,time,14,13.8320,28,320.38,286,134.38400559033946,2.3840945613710223,confirmed,0.6425185750340525,15,15,none,0
y47-NKG4KrI,UCJP9OOLkOzsXbb_Bo_kqjTw,time,1,0.8047,29,6995.89,5128,28556.387525968927,0.2449850519521318,early,,15,13,none,0
y47-NKG4KrI,UCJP9OOLkOzsXbb_Bo_kqjTw,time,2,1.8047,29,5762.22,5128,28556.387525968927,0.2017839328677735,early,0.5322936480437388,15,12,none,0
y47-NKG4KrI,UCJP9OOLkOzsXbb_Bo_kqjTw,time,3,2.8047,29,5114.23,5128,28488.000000000022,0.1795222496488455,early,0.4376145685738085,15,11,none,0
y47-NKG4KrI,UCJP9OOLkOzsXbb_Bo_kqjTw,time,5,4.8047,29,4869.36,5128,28488.000000000022,0.17092675479252503,likely,0.38797479450736444,15,11,none,0
y47-NKG4KrI,UCJP9OOLkOzsXbb_Bo_kqjTw,time,7,6.8047,29,5409.97,5128,28488.000000000022,0.1899034983195565,likely,0.349363601295108,15,9,none,0
y47-NKG4KrI,UCJP9OOLkOzsXbb_Bo_kqjTw,time,14,13.8047,29,5308.06,5128,28412.450141575617,0.1868217263568845,confirmed,0.2837800886851762,15,7,none,0
oFvDZ1NFIVk,UC4MndkrWaqQF1uZ5-kO3t6Q,heldout,7,7.0267,29,32.72,51,,,insufficient,,0,0,none,0
oFvDZ1NFIVk,UC4MndkrWaqQF1uZ5-kO3t6Q,time,7,7.0267,29,32.72,51,,,insufficient,,0,0,none,0
oFvDZ1NFIVk,UC4MndkrWaqQF1uZ5-kO3t6Q,heldout,14,14.0267,29,28.94,51,,,insufficient,0.11818428240976712,0,0,none,0
oFvDZ1NFIVk,UC4MndkrWaqQF1uZ5-kO3t6Q,time,14,14.0267,29,28.94,51,,,insufficient,0.11818428240976712,0,0,none,0
0VgQWEBi1zs,UCqvXGJXKeLCm6zg-JagDdzQ,time,1,1.8284,27,8827.24,6262,7407.501085441263,1.1916622852498806,early,,15,15,none,0
0VgQWEBi1zs,UCqvXGJXKeLCm6zg-JagDdzQ,time,2,1.8284,27,8827.24,6262,7407.501085441263,1.1916622852498806,early,,15,15,none,0
0VgQWEBi1zs,UCqvXGJXKeLCm6zg-JagDdzQ,time,3,2.8284,27,6320.80,6262,7407.501085441263,0.8532970014563062,early,0.24199740528636682,15,15,none,0
0VgQWEBi1zs,UCqvXGJXKeLCm6zg-JagDdzQ,time,5,4.8284,27,6182.93,6262,7360.81675257837,0.8399782841163402,likely,0.19063766850621844,15,15,none,0
0VgQWEBi1zs,UCqvXGJXKeLCm6zg-JagDdzQ,time,7,6.8284,27,6423.39,6262,7360.81675257837,0.8726459377800997,likely,0.20886092970390252,15,15,none,0
0VgQWEBi1zs,UCqvXGJXKeLCm6zg-JagDdzQ,time,14,12.8284,27,6639.78,6262,7282.2907429031,0.9117711167054481,confirmed,0.16245046635070964,15,13,none,0
U65_yCel5iM,UCnwlWgbcxwpsnB7LtOL1kPg,time,14,12.7395,27,4565.64,4154,7332.328572365676,0.6226731572083156,confirmed,,15,15,none,0
LQXNL4CRZwA,UCE_--R1P5-kfBzHTca0dsnw,time,14,13.7080,28,259001.68,298010,441199.5180778529,0.5870398083577906,confirmed,,14,13,none,0
ojhwWvs9lZQ,UCI4uVUontY0y9hiGFlJ-lBA,time,1,0.8324,29,1444.31,1842,1991.7939508271443,0.7251314211191483,early,,15,10,none,0
ojhwWvs9lZQ,UCI4uVUontY0y9hiGFlJ-lBA,time,2,1.8324,29,1720.27,1842,1984.1268712483468,0.8670154523103061,early,1.0112204643741078,15,10,none,0
ojhwWvs9lZQ,UCI4uVUontY0y9hiGFlJ-lBA,time,3,2.8324,29,1794.99,1842,1984.1268712483468,0.904677468366376,early,0.8519243134253508,15,10,none,0
ojhwWvs9lZQ,UCI4uVUontY0y9hiGFlJ-lBA,time,5,4.8324,29,1892.81,1842,1976.4081264723336,0.9577033432626402,likely,0.7011067074609493,15,10,none,0
ojhwWvs9lZQ,UCI4uVUontY0y9hiGFlJ-lBA,time,7,6.8324,29,1897.03,1842,1976.4081264723336,0.959835972514756,likely,0.64082207605875,15,10,none,0
ojhwWvs9lZQ,UCI4uVUontY0y9hiGFlJ-lBA,time,14,14.8324,29,2102.80,1842,1953.3681333261889,1.0765002286534922,confirmed,0.5264734496345475,15,10,none,0
djnzs24h9bo,UCbtA3P0ji7FsvxDzyxmd-0Q,time,5,6.8095,29,3350.30,5048,,,insufficient,,0,0,none,0
djnzs24h9bo,UCbtA3P0ji7FsvxDzyxmd-0Q,time,7,6.8095,29,3350.30,5048,,,insufficient,,0,0,none,0
djnzs24h9bo,UCbtA3P0ji7FsvxDzyxmd-0Q,time,14,13.8095,29,4260.60,5048,,,insufficient,0.49068917082999425,0,0,none,0
h2eURoPn7uU,UCzaZ1sPWEuZN-I8_XT6AH8g,time,14,14.9159,29,15787.85,17385,14163.497158570128,1.114685647904198,confirmed,0.3534579725517043,15,14,none,0
k1L27EjTYEo,UCvnSyOfwtn7J14CYRbCaveQ,time,14,12.8323,27,33096.84,32633,29069.163222694526,1.1385548456186803,confirmed,0.35460157580830465,15,13,none,0
tjWNpax8ndw,UCka3KDW7ykrJd6aCd7TI6fA,time,14,14.9987,27,395.62,483,565.5247335498314,0.6995543452283365,confirmed,,15,14,none,0
jZTtx24pQ6c,UCoNTMWgGuXtGPLv9UeJZwBw,heldout,5,6.6667,31,454319.02,533130,332846.8867318904,1.3649489824368997,likely,,15,15,none,0
jZTtx24pQ6c,UCoNTMWgGuXtGPLv9UeJZwBw,heldout,7,6.6667,31,454319.02,533130,332846.8867318904,1.3649489824368997,likely,,15,15,none,0
jZTtx24pQ6c,UCoNTMWgGuXtGPLv9UeJZwBw,heldout,14,13.6667,31,475019.71,533130,333192.83796828095,1.425660035634703,confirmed,0.24970490768879883,15,14,none,0
RHb2kwaeTi4,UC2OjGgjNiqyLr_1qkqAwsUQ,time,14,13.7650,29,15901.94,15476,10342.262739883221,1.5375685699118702,confirmed,0.012052241101526648,15,13,none,0
bSP4lJ8Wx3s,UC2OjGgjNiqyLr_1qkqAwsUQ,time,14,13.8155,29,15688.01,15264,6416.507404271322,2.4449454700814965,confirmed,0.01037307144781144,15,13,none,0
pUZYbBF9gLU,UCcPXCoEtPJxesAXp-evqzqg,time,1,0.8228,29,3562.99,3189,5140.057083342188,0.6931812506694355,early,,15,8,none,0
pUZYbBF9gLU,UCcPXCoEtPJxesAXp-evqzqg,time,2,1.8228,29,3782.56,3189,5265.420552602032,0.7183766588238346,early,0.7438755148607382,15,8,none,0
pUZYbBF9gLU,UCcPXCoEtPJxesAXp-evqzqg,time,3,2.8228,29,3254.74,3189,5302.134943847216,0.6138540374588619,early,0.5366977493872724,15,8,none,0
pUZYbBF9gLU,UCcPXCoEtPJxesAXp-evqzqg,time,5,4.8228,29,3185.18,3189,5342.8803597825545,0.5961541984988545,likely,0.42364055908452025,15,6,none,0
pUZYbBF9gLU,UCcPXCoEtPJxesAXp-evqzqg,time,7,6.8228,29,2781.83,3189,5360.903560419012,0.5189112986432166,likely,0.38723630238104384,15,6,none,0
pUZYbBF9gLU,UCcPXCoEtPJxesAXp-evqzqg,time,14,13.8228,29,3371.05,3189,5512.664550961538,0.6115094570990738,confirmed,0.3719229186834384,15,5,none,0
rMrvu2Ka40w,UCUccYwZMnNshyTFTtUTqijA,time,14,14.9888,27,16.62,16,21.766990443172563,0.7636559126862745,confirmed,,13,13,none,0
v9DQJaDntz4,UCfk2tHbUwraPERg3Q4fQM5w,time,5,5.9368,28,21.76,19,,,insufficient,,0,0,none,0
v9DQJaDntz4,UCfk2tHbUwraPERg3Q4fQM5w,time,7,7.9368,28,20.57,19,,,insufficient,0.2393037083228545,0,0,none,0
v9DQJaDntz4,UCfk2tHbUwraPERg3Q4fQM5w,time,14,13.9368,28,19.55,19,,,insufficient,0.15356553190967512,0,0,none,0
Wjyut4PVTKg,UC-b3c7kxa5vU-bnmaROgvog,time,5,4.9371,27,8768.84,11234,,,insufficient,,1,1,none,0
Wjyut4PVTKg,UC-b3c7kxa5vU-bnmaROgvog,time,7,6.9371,27,10316.81,11234,,,insufficient,0.5223211292406602,1,1,none,0
Wjyut4PVTKg,UC-b3c7kxa5vU-bnmaROgvog,time,14,12.9371,27,10811.69,11234,,,insufficient,0.4223124870945328,1,1,none,0
2NcuCTnkGk8,UCtKKlsOLiQWeu_slHMhjvRw,time,14,13.5937,27,240.08,247,328.6361709211022,0.730545736815659,confirmed,0.1552605722186277,15,12,none,0
z_P7yAHeC4I,UCrzsbcwbAhyxizIs2szrQRA,time,1,1.8737,27,10490.64,14535,9302.923487080776,1.1276714000141144,early,,15,15,none,0
z_P7yAHeC4I,UCrzsbcwbAhyxizIs2szrQRA,time,2,1.8737,27,10490.64,14535,9302.923487080776,1.1276714000141144,early,,15,15,none,0
z_P7yAHeC4I,UCrzsbcwbAhyxizIs2szrQRA,time,3,2.8737,27,8885.48,14535,9302.923487080776,0.9551281633348363,early,0.4105044519723122,15,15,none,0
z_P7yAHeC4I,UCrzsbcwbAhyxizIs2szrQRA,time,5,4.8737,27,10627.35,14535,9434.933784788329,1.126383055027644,likely,0.43492943337114787,15,15,none,0
z_P7yAHeC4I,UCrzsbcwbAhyxizIs2szrQRA,time,7,6.8737,27,13448.28,14535,9434.933784788329,1.4253704918433636,likely,0.5511874263598306,15,15,none,0
z_P7yAHeC4I,UCrzsbcwbAhyxizIs2szrQRA,time,14,12.8737,27,15701.36,14535,9745.785898550208,1.6110919643608894,confirmed,0.5033847286778148,15,14,none,0
L1CPbmWfrhA,UCsRJksZpHms1C3xBEleSkFw,time,14,14.6061,29,83.11,81,216.95006946401702,0.38309485206390625,confirmed,,8,6,none,0
Hmsn7pxwtu8,UCc11676iKpKrJMYqNYHqNig,time,7,8.1262,28,3389.31,2865,3059.813911178374,1.1076861106264966,confirmed,,15,15,none,0
Hmsn7pxwtu8,UCc11676iKpKrJMYqNYHqNig,time,14,12.1262,28,2850.30,2865,3068.9958492964265,0.9287398199113497,confirmed,0.06561896256037067,15,13,none,0
dXPmeqvpCWQ,UCAXUwGU47XVY-0lH9qhUr1Q,heldout,0.5,0.6664,30,89972.17,56676,77057.8984032074,1.1675917338435966,early,,14,11,none,0
dXPmeqvpCWQ,UCAXUwGU47XVY-0lH9qhUr1Q,heldout,1,0.6664,30,89972.17,56676,77057.8984032074,1.1675917338435966,early,,14,11,none,0
dXPmeqvpCWQ,UCAXUwGU47XVY-0lH9qhUr1Q,heldout,7,7.6664,30,60996.88,56676,77778.13715496557,0.7842419875892566,confirmed,0.24094436905562513,15,11,none,0
dXPmeqvpCWQ,UCAXUwGU47XVY-0lH9qhUr1Q,heldout,14,13.6664,30,57479.96,56676,76794.07296177588,0.7484947635759291,confirmed,0.20486017630982947,15,10,none,0
swE9ey6sJjw,UCDNHPNeWScAC8h8IxtEBtkQ,time,1,1.0822,29,141067.02,84885,70254.79094036687,2.00793456477806,early,1.7339665051217996,15,13,none,0
swE9ey6sJjw,UCDNHPNeWScAC8h8IxtEBtkQ,time,2,2.0822,29,165774.88,84885,70023.50944323509,2.3674174348864265,early,1.217449844434336,15,13,none,0
swE9ey6sJjw,UCDNHPNeWScAC8h8IxtEBtkQ,time,3,3.0822,29,153311.27,84885,69801.65452788801,2.196384487019265,likely,1.004117721646445,15,12,none,0
swE9ey6sJjw,UCDNHPNeWScAC8h8IxtEBtkQ,time,5,5.0822,29,128011.48,84885,69397.05020431256,1.844624267624043,likely,0.799512177797247,15,11,none,0
swE9ey6sJjw,UCDNHPNeWScAC8h8IxtEBtkQ,time,7,7.0822,29,118685.48,84885,68601.3457444988,1.7300750632168,confirmed,0.7082310077693438,15,10,none,0
swE9ey6sJjw,UCDNHPNeWScAC8h8IxtEBtkQ,time,14,13.0822,29,98778.38,84885,67764,1.457682178267851,confirmed,0.5710385011982971,15,7,none,0
Dv1rzmU_fdw,UC41S9MSkeQ1TWo1URYLeRuw,heldout,5,4.5899,30,3926.87,3388,9839.635687763555,0.39908719726378644,likely,,14,14,none,0
Dv1rzmU_fdw,UC41S9MSkeQ1TWo1URYLeRuw,heldout,7,7.5899,30,3365.63,3388,9839.635687763555,0.34204782677022505,confirmed,0.13541438993936228,14,14,none,0
Dv1rzmU_fdw,UC41S9MSkeQ1TWo1URYLeRuw,heldout,14,13.5899,30,3223.42,3388,9565.690564374503,0.33697745621995157,confirmed,0.09875614062579988,14,12,none,0
Lzz0TA7RBlA,UC-BlDCX__nCLs_ZF9meYQbw,time,5,5.5973,27,5705.39,4730,,,insufficient,,0,0,none,0
Lzz0TA7RBlA,UC-BlDCX__nCLs_ZF9meYQbw,time,7,6.5973,27,4709.24,4730,,,insufficient,0.14540987260307178,0,0,none,0
Lzz0TA7RBlA,UC-BlDCX__nCLs_ZF9meYQbw,time,14,13.5973,27,4729.14,4730,,,insufficient,0.10916180588518645,0,0,none,0
3TkK6VY6hTU,UCf6AGqO98eGk11nfazociVQ,time,14,14.1406,29,1494.82,1452,4339.469581352416,0.34447069741461345,confirmed,0.15714592072452407,15,13,none,0
ipwaK2kBFm8,UCsvqVGtbbyHaMoevxPAq9Fg,time,7,8.0202,27,1269.89,1036,3484.058100587978,0.36448624954330533,confirmed,,15,15,none,0
ipwaK2kBFm8,UCsvqVGtbbyHaMoevxPAq9Fg,time,14,13.0202,27,1060.34,1036,3228.5801985501266,0.3284217323584216,confirmed,0.03788397580575466,15,15,none,0
Fp_LZ3oxGP8,UCso1B56GyEtnhn2OPENKXoQ,time,14,14.6461,28,129.66,117,179.03077010654954,0.7242075167228964,confirmed,,12,12,none,0
u0xhXOyF-p0,UCPAt6z5uX_c5Eo_cSNROzYw,time,14,13.7005,29,3600.59,3497,10448.291748335078,0.3446108611425618,confirmed,0.003617113603078052,15,15,none,0
sOseXZeEYyI,UCwrXi5ZknKThspJc-Gai04g,time,14,13.5624,29,8047.69,8420,38433.677043722884,0.20939173529149752,confirmed,0.19631433260915604,15,13,none,0
BSGJH9b_N3A,UC7geKfz2-IH0rsgRBtHTm0g,time,2,2.8124,27,2932.91,4359,7823.139491341311,0.3749021454455319,early,,12,12,none,0
BSGJH9b_N3A,UC7geKfz2-IH0rsgRBtHTm0g,time,3,2.8124,27,2932.91,4359,7823.139491341311,0.3749021454455319,early,,12,12,none,0
BSGJH9b_N3A,UC7geKfz2-IH0rsgRBtHTm0g,time,5,4.8124,27,6608.78,4359,6607.001938632389,1.0002689504514235,likely,1.5414266474096807,15,14,none,0
BSGJH9b_N3A,UC7geKfz2-IH0rsgRBtHTm0g,time,7,6.8124,27,6047.29,4359,6710.440259637124,0.9011768220265874,likely,0.9668783139381695,15,13,none,0
BSGJH9b_N3A,UC7geKfz2-IH0rsgRBtHTm0g,time,14,12.8124,27,5088.16,4359,6872.879650752662,0.7403238336427599,confirmed,0.6024983167265485,15,13,none,0
x82aevwtMfM,UC1pDMQF-E5YNgBgqc0MK6lQ,time,7,7.6874,27,806.74,789,1415.2858534521984,0.5700188731846833,confirmed,,13,12,none,0
x82aevwtMfM,UC1pDMQF-E5YNgBgqc0MK6lQ,time,14,13.6874,27,765.88,789,1382.396572936173,0.5540219446368622,confirmed,0.181232267006599,15,12,none,0
nTAQplce_-U,UC3_BakzLfadvFrsnClMFWmQ,heldout,1,0.0744,30,21298.98,859,895.7284442996522,23.77838659126206,early,,13,13,none,0
nTAQplce_-U,UC3_BakzLfadvFrsnClMFWmQ,heldout,5,5.0744,30,955.78,859,829.8578179541123,1.1517414213411867,likely,0.1976895173341406,15,15,none,0
nTAQplce_-U,UC3_BakzLfadvFrsnClMFWmQ,heldout,7,6.0744,30,923.60,859,804.5079862119774,1.148025279359529,likely,0.1829689210070614,15,15,none,0
nTAQplce_-U,UC3_BakzLfadvFrsnClMFWmQ,heldout,14,14.0744,30,866.30,859,777.9999999999998,1.113501235152999,confirmed,0.13548756350950267,15,11,none,0
8jMVUrVXE5I,UC1AK451J7bKkJRq2qkJEv4w,time,0.5,0.5831,29,308.60,364,198,1.558573992524996,early,,12,7,none,0
8jMVUrVXE5I,UC1AK451J7bKkJRq2qkJEv4w,time,1,0.5831,29,308.60,364,198,1.558573992524996,early,,12,7,none,0
8jMVUrVXE5I,UC1AK451J7bKkJRq2qkJEv4w,time,2,1.5831,29,233.46,364,198,1.1791075896580483,early,0.6751684091526956,12,7,none,0
8jMVUrVXE5I,UC1AK451J7bKkJRq2qkJEv4w,time,3,2.5831,29,214.29,364,198,1.0822569769943666,early,0.6354244055631983,12,7,none,0
8jMVUrVXE5I,UC1AK451J7bKkJRq2qkJEv4w,time,5,4.5831,29,283.72,364,198,1.4329366699816,likely,0.6315111352917163,12,6,none,0
8jMVUrVXE5I,UC1AK451J7bKkJRq2qkJEv4w,time,7,6.5831,29,306.86,364,198,1.5498124574666603,likely,0.570272461621927,12,5,none,0
8jMVUrVXE5I,UC1AK451J7bKkJRq2qkJEv4w,time,14,13.5831,29,357.72,364,198,1.8066706351286705,confirmed,0.494765471283767,12,5,none,0
An1ZXDxgCZY,UC3_BakzLfadvFrsnClMFWmQ,time,1,0.0949,28,20869.42,686,767.484127080043,27.19198650286205,early,,14,14,none,0
An1ZXDxgCZY,UC3_BakzLfadvFrsnClMFWmQ,time,2,2.0949,28,949.02,686,790.6280074286951,1.2003390889414212,early,0.11206532219370448,15,15,none,0
An1ZXDxgCZY,UC3_BakzLfadvFrsnClMFWmQ,time,3,3.0949,28,814.66,686,779.8568140305589,1.0446329285438312,likely,0.08827857366159819,15,15,none,0
An1ZXDxgCZY,UC3_BakzLfadvFrsnClMFWmQ,time,5,5.0949,28,759.61,686,758.4282736517113,1.0015540042526851,likely,0.07752896400905994,15,15,none,0
An1ZXDxgCZY,UC3_BakzLfadvFrsnClMFWmQ,time,7,7.0949,28,737.78,686,744.5576836890617,0.9908928511486821,confirmed,0.07027014821725358,15,15,none,0
An1ZXDxgCZY,UC3_BakzLfadvFrsnClMFWmQ,time,14,13.0949,28,653.52,686,709.0645264480594,0.921660963804713,confirmed,0.059656994235581,15,12,none,0
pZOUOiV2DM0,UCeYUHG6o0YguM-g23htdsSw,heldout,5,6.0824,30,775.28,848,710.4455764737057,1.0912525438663254,likely,,12,11,none,0
pZOUOiV2DM0,UCeYUHG6o0YguM-g23htdsSw,heldout,7,7.0824,30,689.40,848,731.9999999999998,0.9418006473173173,confirmed,0.1340100383663657,15,12,none,0
pZOUOiV2DM0,UCeYUHG6o0YguM-g23htdsSw,heldout,14,14.0824,30,770.22,848,731.9999999999998,1.0522178209056694,confirmed,0.1860104089258037,15,9,none,0
68p9QqZJItY,UCCI37YB3l21oq_sLoc92YfA,time,14,13.8228,28,26675.47,30297,389.22512996095656,68.53479672096381,confirmed,1.843484267214636,15,12,none,0
pOWnUoNDGdo,UCnwAlhoB5rVhh6y5P96RXAw,time,1,0.9570,29,6354.85,93184,75128.8135261982,0.08458600554436138,early,,15,15,none,0
pOWnUoNDGdo,UCnwAlhoB5rVhh6y5P96RXAw,time,2,1.9570,29,4796.74,93184,79663.53564191303,0.0602125278333638,early,0.3225929981382566,15,15,none,0
pOWnUoNDGdo,UCnwAlhoB5rVhh6y5P96RXAw,time,3,2.9570,29,6201.44,93184,83979.07104866134,0.07384505584935269,early,0.5154162602380031,15,15,none,0
pOWnUoNDGdo,UCnwAlhoB5rVhh6y5P96RXAw,time,5,4.9570,29,6169.69,93184,84377.99999999994,0.07311964895780473,likely,0.4660674666141018,15,14,none,0
pOWnUoNDGdo,UCnwAlhoB5rVhh6y5P96RXAw,time,7,6.9570,29,10431.39,93184,84377.99999999994,0.12362689658004579,likely,0.5499764184657119,15,12,none,0
pOWnUoNDGdo,UCnwAlhoB5rVhh6y5P96RXAw,time,14,13.9570,29,20128.71,93184,104676.47670593497,0.19229449319653602,confirmed,0.7669114107171454,15,8,none,0
v1xUWEU2HFA,UCS7BAYpqOSaYy-pZp6oO4PA,time,14,13.9570,30,10248.88,10556,14155.715652874238,0.7240100397301388,confirmed,0.08005127770583496,15,15,none,0
keF_HoK2_tE,UCQq79zHGZJNzm3SPOfLNmrw,heldout,14,13.9461,28,933.35,956,496.5631681913621,1.8796175020222325,confirmed,0.22499892648728037,15,12,none,0
eI1SB9ZG1VA,UCat0LyGytYMwfZEPbO_rOrA,heldout,14,12.7924,27,259.40,254,2167.591413370728,0.11967196032161474,confirmed,0.025481593312747873,15,15,none,0
eI1SB9ZG1VA,UCat0LyGytYMwfZEPbO_rOrA,time,14,12.7924,27,259.40,254,2167.591413370728,0.11967196032161474,confirmed,0.025481593312747873,15,15,none,0
Dd9XvEzvGQM,UCbAlVnKhbGLK78GsSemQXxw,heldout,5,5.6595,27,8328.29,7001,,,insufficient,,2,2,none,0
Dd9XvEzvGQM,UCbAlVnKhbGLK78GsSemQXxw,time,5,5.6595,27,8328.29,7001,,,insufficient,,2,2,none,0
Dd9XvEzvGQM,UCbAlVnKhbGLK78GsSemQXxw,heldout,7,6.6595,27,6875.29,7001,,,insufficient,0.1478355370416324,2,2,none,0
Dd9XvEzvGQM,UCbAlVnKhbGLK78GsSemQXxw,time,7,6.6595,27,6875.29,7001,,,insufficient,0.1478355370416324,2,2,none,0
Dd9XvEzvGQM,UCbAlVnKhbGLK78GsSemQXxw,heldout,14,13.6595,27,6912.85,7001,,,insufficient,0.11163562324977228,2,2,none,0
Dd9XvEzvGQM,UCbAlVnKhbGLK78GsSemQXxw,time,14,13.6595,27,6912.85,7001,,,insufficient,0.11163562324977228,2,2,none,0
ckCPYDABQNI,UChISHLovxnSLP0w81NEQj5w,time,14,13.3211,28,5945.53,5763,17183.337489796322,0.3460054660996617,confirmed,0,15,15,none,0
dnmJ7alN1Yo,UCglNXzBo6bmKc9otKf-OuGQ,time,14,12.7136,27,2202.79,2399,9713.244572518512,0.22678233150866733,confirmed,0.37448848475798535,15,15,none,0
cqmPjO-iHLo,UCR-DXc1voovS8nhAvccRZhg,heldout,14,12.9159,30,193344.91,204644,255160.28304155517,0.7577390642204535,confirmed,0.06625003190683415,15,14,none,0
YirNB8gmKN8,UCzUd3H_e_qWqs4dR4GxVHOQ,time,7,8.7599,27,10497.68,8999,4052.4178138036077,2.590474233488468,confirmed,,15,13,none,0
YirNB8gmKN8,UCzUd3H_e_qWqs4dR4GxVHOQ,time,14,13.7599,27,9052.13,8999,4126.629254231505,2.19358859452841,confirmed,0.11821747566182174,15,10,none,0
71RtGmmLIHI,UCGpsgNbzdF7BECCVbB1COHw,time,7,8.1501,27,3706.47,2949,5460.637712707359,0.6787616652189155,confirmed,,9,9,none,0
71RtGmmLIHI,UCGpsgNbzdF7BECCVbB1COHw,time,14,15.1501,27,3044.59,2949,6627.753521446637,0.4593698620950918,confirmed,0.0005975421414577302,15,15,none,0
3m6Fm0nXaMQ,UCacg8HOfIUfFSUl2qk5m1sA,time,3,3.4928,28,10249.34,9090,6162.243825272431,1.6632476645539327,likely,,15,13,none,0
3m6Fm0nXaMQ,UCacg8HOfIUfFSUl2qk5m1sA,time,5,5.4928,28,7954.20,9090,6179.000000000004,1.28729595645949,likely,0.20581962165105697,15,12,none,0
3m6Fm0nXaMQ,UCacg8HOfIUfFSUl2qk5m1sA,time,7,7.4928,28,9081.12,9090,6179.000000000004,1.4696739367994929,confirmed,0.23447552845452355,15,11,none,0
3m6Fm0nXaMQ,UCacg8HOfIUfFSUl2qk5m1sA,time,14,13.4928,28,8762.51,9090,6179.000000000004,1.4181119649742233,confirmed,0.1889175880903962,15,8,none,0
uGuOxIClhGY,UCUynOuMTPXvUrTpcFWQ_qDA,time,1,0.9583,27,1719.06,2167,1069.458940065855,1.6074099731825293,early,,6,4,none,0
uGuOxIClhGY,UCUynOuMTPXvUrTpcFWQ_qDA,time,2,1.9583,27,2168.31,2167,1071.727246372936,2.0231964073467044,early,0.7601624600711199,6,4,none,0
uGuOxIClhGY,UCUynOuMTPXvUrTpcFWQ_qDA,time,3,2.9583,27,1888.26,2167,1087.6747757523235,1.7360559042350068,early,0.6565150975588808,6,3,none,0
uGuOxIClhGY,UCUynOuMTPXvUrTpcFWQ_qDA,time,5,4.9583,27,2198.75,2167,1163.5219442923183,1.8897391792397953,likely,0.6689274601256019,6,3,none,0
uGuOxIClhGY,UCUynOuMTPXvUrTpcFWQ_qDA,time,7,7.9583,27,2301.96,2167,1221,1.8853080574853984,confirmed,0.5772277181333612,6,2,none,0
uGuOxIClhGY,UCUynOuMTPXvUrTpcFWQ_qDA,time,14,14.9583,27,2398.35,2167,1221,1.9642508061460466,confirmed,0.4993171058043164,6,2,none,0
WTdlAEFKyhY,UC3JhfsgFPLSLNEROQCdj-GQ,time,14,12.6247,27,61844.53,202552,4058.3061507042657,15.239001045819458,confirmed,,15,13,none,0
DvDSkyDHb9o,UCgdHSFcXvkN6O3NXvif0-pA,time,5,4.9480,27,3313.64,3599,,,insufficient,,1,1,none,0
DvDSkyDHb9o,UCgdHSFcXvkN6O3NXvif0-pA,time,7,6.9480,27,3408.71,3599,,,insufficient,0.33690599856772396,1,1,none,0
DvDSkyDHb9o,UCgdHSFcXvkN6O3NXvif0-pA,time,14,12.9480,27,3514.05,3599,,,insufficient,0.29738384076470975,1,1,none,0
0Cld8TsNlAY,UCLdTYHvdML-EXsPeiiYJLqA,heldout,1,0.8750,28,60456.27,56024,102226.2234780493,0.5913968514337054,early,,15,9,none,0
0Cld8TsNlAY,UCLdTYHvdML-EXsPeiiYJLqA,time,1,0.8750,28,60456.27,56024,102226.2234780493,0.5913968514337054,early,,15,9,none,0
0Cld8TsNlAY,UCLdTYHvdML-EXsPeiiYJLqA,heldout,2,2.8750,28,64299.39,56024,100835.6963157806,0.6376649575570447,early,0.6184439513095313,15,7,none,0
0Cld8TsNlAY,UCLdTYHvdML-EXsPeiiYJLqA,time,2,2.8750,28,64299.39,56024,100835.6963157806,0.6376649575570447,early,0.6184439513095313,15,7,none,0
0Cld8TsNlAY,UCLdTYHvdML-EXsPeiiYJLqA,heldout,3,2.8750,28,64299.39,56024,100835.6963157806,0.6376649575570447,early,0.6184439513095313,15,7,none,0
0Cld8TsNlAY,UCLdTYHvdML-EXsPeiiYJLqA,time,3,2.8750,28,64299.39,56024,100835.6963157806,0.6376649575570447,early,0.6184439513095313,15,7,none,0
0Cld8TsNlAY,UCLdTYHvdML-EXsPeiiYJLqA,heldout,5,4.8750,28,72164.84,56024,100202.15903544077,0.7201924166278197,likely,0.5408433764671293,15,7,none,0
0Cld8TsNlAY,UCLdTYHvdML-EXsPeiiYJLqA,time,5,4.8750,28,72164.84,56024,100202.15903544077,0.7201924166278197,likely,0.5408433764671293,15,7,none,0
0Cld8TsNlAY,UCLdTYHvdML-EXsPeiiYJLqA,heldout,7,7.8750,28,65316.05,56024,99571.56111401453,0.6559709195128512,confirmed,0.46004230232011223,15,7,none,0
0Cld8TsNlAY,UCLdTYHvdML-EXsPeiiYJLqA,time,7,7.8750,28,65316.05,56024,99571.56111401453,0.6559709195128512,confirmed,0.46004230232011223,15,7,none,0
0Cld8TsNlAY,UCLdTYHvdML-EXsPeiiYJLqA,heldout,14,13.8750,28,61917.78,56024,98041.00000000009,0.631549843061128,confirmed,0.36732444357291527,15,4,none,0
0Cld8TsNlAY,UCLdTYHvdML-EXsPeiiYJLqA,time,14,13.8750,28,61917.78,56024,98041.00000000009,0.631549843061128,confirmed,0.36732444357291527,15,4,none,0
4Xw48cPRWqg,UChbcn2mOzPHEEHxPmU66Sdg,heldout,5,5.8972,30,1503.85,1616,2054.624987784548,0.7319344478030735,likely,,15,12,none,0
4Xw48cPRWqg,UChbcn2mOzPHEEHxPmU66Sdg,heldout,7,5.8972,30,1503.85,1616,2054.624987784548,0.7319344478030735,likely,,15,12,none,0
xIskeMTcuYg,UCBWgT48azZkWSpw-iKMlBRw,time,5,5.6824,28,1385.56,1362,,,insufficient,,1,1,none,0
xIskeMTcuYg,UCBWgT48azZkWSpw-iKMlBRw,time,7,6.6824,28,1850.78,1362,,,insufficient,0.7604460837091803,1,1,none,0
xIskeMTcuYg,UCBWgT48azZkWSpw-iKMlBRw,time,14,13.6824,28,1468.29,1362,,,insufficient,0.3210631794297695,1,1,none,0
v9HMCzFl-sY,UCs07L46sXZqkJbUSXTJa_0Q,time,14,13.9783,29,36551.75,41949,11506.57374550169,3.1765971564353843,confirmed,,15,15,none,0
Jnz7K5LiVcM,UCecPJBL6E1PVky1-gj6KH5g,heldout,7,7.4979,30,187215.20,197406,95932.78144639413,1.9515247708910197,confirmed,,15,12,none,0
Jnz7K5LiVcM,UCecPJBL6E1PVky1-gj6KH5g,heldout,14,14.4979,30,180672.26,197406,95890.60041789082,1.8841498312619271,confirmed,0.18567992660211924,15,9,none,0
E6z36buJS6M,UCtW1WA-bJ4s6l-ZCCT35QBg,time,1,0.9558,30,8215.45,9211,6146.000000000002,1.3367141789197095,early,,15,11,none,0
E6z36buJS6M,UCtW1WA-bJ4s6l-ZCCT35QBg,time,2,1.9558,30,9857.44,9211,6146.000000000002,1.603879722765929,early,0.8405069204972979,15,11,none,0
E6z36buJS6M,UCtW1WA-bJ4s6l-ZCCT35QBg,time,3,2.9558,30,10014.90,9211,6146.000000000002,1.6294991267054875,early,0.6903534788346104,15,9,none,0
E6z36buJS6M,UCtW1WA-bJ4s6l-ZCCT35QBg,time,5,4.9558,30,10987.90,9211,6146.000000000002,1.7878132765975072,likely,0.5678201623989142,15,9,none,0
E6z36buJS6M,UCtW1WA-bJ4s6l-ZCCT35QBg,time,7,6.9558,30,9581.36,9211,6146.000000000002,1.5589593425470216,likely,0.5070138083161154,15,9,none,0
E6z36buJS6M,UCtW1WA-bJ4s6l-ZCCT35QBg,time,14,13.9558,30,9868.40,9211,6146.000000000002,1.6056619033221164,confirmed,0.4527719180115395,15,8,none,0
G8hsdLJhVs8,UCcCzzSbdw5-qmdF_NuTtb2w,heldout,14,12.3957,30,1995.81,1942,3382.033812862054,0.5901203804855873,confirmed,,12,11,none,0
UGiNrxKce3M,UCGwAh9NT7iHZlw4zrBueyIw,heldout,5,5.0236,30,3806.23,3921,4617.53711704498,0.8242989736721107,likely,0.3920587762787168,15,12,none,0
UGiNrxKce3M,UCGwAh9NT7iHZlw4zrBueyIw,heldout,7,7.0236,30,3923.34,3921,4565.52320544585,0.8593408977841545,confirmed,0.3585432690667857,15,9,none,0
UGiNrxKce3M,UCGwAh9NT7iHZlw4zrBueyIw,heldout,14,14.0236,30,4036.27,3921,4395.660151045399,0.9182396223695667,confirmed,0.2573387986236179,15,8,none,0
YCGq-Q-yenc,UCcBbwZNe1l1wjvWkea0ZMGA,time,7,8.8775,27,1034.54,1114,2161.483993468206,0.47862476400256426,confirmed,,15,15,none,0
YCGq-Q-yenc,UCcBbwZNe1l1wjvWkea0ZMGA,time,14,12.8775,27,1080.35,1114,2236.5885169812136,0.48303491290323897,confirmed,0.3440262185097811,15,14,none,0
PtSPl3V3eNQ,UCQutm-K2rUEx1O5fy5iw6SA,heldout,14,13.9994,30,99.73,101,99.54932674860629,1.0018645929344012,confirmed,,12,12,none,0
WNuzqJz6m6g,UC8DqDLFZCni7Jkys3N3818w,time,5,4.8179,27,16.32,35,56.372116984084414,0.2894453170229985,likely,,4,4,none,0
WNuzqJz6m6g,UC8DqDLFZCni7Jkys3N3818w,time,7,6.8179,27,19.25,35,59.51097087965424,0.32338924093640875,likely,0.521701308471672,4,4,none,0
WNuzqJz6m6g,UC8DqDLFZCni7Jkys3N3818w,time,14,15.8179,27,29.13,35,54.45250587278777,0.5348851038799415,confirmed,0.6128915764715054,4,4,none,0
BapqrOH3dHE,UCT6fVez_0DmaZ_WDaRhUw2A,heldout,1,1.6665,30,129868.64,283549,22316.18100711935,5.819483075932185,early,,14,14,none,0
BapqrOH3dHE,UCT6fVez_0DmaZ_WDaRhUw2A,heldout,2,1.6665,30,129868.64,283549,22316.18100711935,5.819483075932185,early,,14,14,none,0
BapqrOH3dHE,UCT6fVez_0DmaZ_WDaRhUw2A,heldout,3,2.6665,30,112085.94,283549,17945.240250221636,6.245998140900815,early,0.4439653300593665,15,15,none,0
BapqrOH3dHE,UCT6fVez_0DmaZ_WDaRhUw2A,heldout,5,4.6665,30,311567.38,283549,18108.760758054832,17.205339413988998,likely,1.1639004661092116,15,15,none,0
BapqrOH3dHE,UCT6fVez_0DmaZ_WDaRhUw2A,heldout,7,6.6665,30,335253.96,283549,18108.760758054832,18.513357674537556,likely,1.0255081867559113,15,15,none,0
BapqrOH3dHE,UCT6fVez_0DmaZ_WDaRhUw2A,heldout,14,13.6665,30,323656.35,283549,18441.595607579315,17.550344188922008,confirmed,0.7115660902567784,15,14,none,0
9qhKEF1iRq8,UCHQ4lSaKRap5HyrpitrTOhQ,time,3,3.8748,27,7528.86,6529,9291.93347385196,0.8102580401433973,likely,,10,10,none,0
9qhKEF1iRq8,UCHQ4lSaKRap5HyrpitrTOhQ,time,5,4.8748,27,6423.34,6529,9275.329453269289,0.6925183686848007,likely,0.2631438017588026,15,15,none,0
9qhKEF1iRq8,UCHQ4lSaKRap5HyrpitrTOhQ,time,7,6.8748,27,6417.03,6529,9265.711087227342,0.6925567852700563,likely,0.23046169053425217,15,15,none,0
9qhKEF1iRq8,UCHQ4lSaKRap5HyrpitrTOhQ,time,14,12.8748,27,6110.73,6529,9216.025370222194,0.6630547093683231,confirmed,0.1618424779834339,15,15,none,0
ygqu_w6P5Mk,UCUct4nBOq47nXbHtq7p8eUA,time,7,7.7187,28,20981.52,19330,14292.788427062042,1.4679797270441186,confirmed,,12,11,none,0
ygqu_w6P5Mk,UCUct4nBOq47nXbHtq7p8eUA,time,14,12.7187,28,17887.23,19330,13325.974303439973,1.342282786112698,confirmed,0.08272429394867672,15,14,none,0
cHh37cWjqLA,UC1jY1bsRgYKlQ08IVIzwhVw,time,5,5.0662,27,424.23,371,,,insufficient,,1,1,none,0
cHh37cWjqLA,UC1jY1bsRgYKlQ08IVIzwhVw,time,7,7.0662,27,358.44,371,,,insufficient,0.15404150454293847,1,1,none,0
cHh37cWjqLA,UC1jY1bsRgYKlQ08IVIzwhVw,time,14,13.0662,27,380.22,371,,,insufficient,0.1366516943388021,1,1,none,0
z48MYcN-lZI,UCjB9rCM_kqa-tQj1UcwauAg,heldout,14,14.5410,31,3234.74,4058,3102.801084511755,1.0425214673482621,confirmed,,15,13,none,0
hfBJTpewWos,UCftwRNsjfRo08xYE31tkiyw,time,5,4.8332,27,419347.30,625427,,,insufficient,,0,0,none,0
hfBJTpewWos,UCftwRNsjfRo08xYE31tkiyw,time,7,6.8332,27,499403.52,625427,,,insufficient,0.5555860680845954,0,0,none,0
hfBJTpewWos,UCftwRNsjfRo08xYE31tkiyw,time,14,12.8332,27,550168.41,625427,,,insufficient,0.4892571410156532,0,0,none,0
1NFKwdr6PLw,UCFs23bEpTlHJt1RVN0UWI3Q,time,7,8.8542,28,2650.54,2506,2894.6568724415247,0.9156650706087294,confirmed,,15,15,none,0
1NFKwdr6PLw,UCFs23bEpTlHJt1RVN0UWI3Q,time,14,13.8542,28,2467.10,2506,2844.9392932407886,0.8671907353415236,confirmed,0.18380218512385335,15,14,none,0
lKtHyIX7d5g,UCAbcoKROFsRA_uA9aSprCwg,time,5,4.8739,27,1902.25,2991,,,insufficient,,2,2,none,0
lKtHyIX7d5g,UCAbcoKROFsRA_uA9aSprCwg,time,7,6.8739,27,2804.75,2991,,,insufficient,0.6989658947083227,2,2,none,0
lKtHyIX7d5g,UCAbcoKROFsRA_uA9aSprCwg,time,14,15.8739,27,3156.99,2991,,,insufficient,0.5474818818055095,2,2,none,0
JFEi0ZoNTJY,UC2NH07Y5tx_PQvqaQGzxKxQ,time,5,6.9580,27,4456.58,4797,3303.3249722535206,1.3491181894674058,likely,,10,10,none,0
JFEi0ZoNTJY,UC2NH07Y5tx_PQvqaQGzxKxQ,time,7,6.9580,27,4456.58,4797,3303.3249722535206,1.3491181894674058,likely,,10,10,none,0
JFEi0ZoNTJY,UC2NH07Y5tx_PQvqaQGzxKxQ,time,14,12.9580,27,4670.10,4797,3720.5369856956577,1.2552224307346391,confirmed,0.29228299601822194,15,11,none,0
WFstpTquNiE,UC4cTmHcWEXfkRdCvFLe4KiQ,time,14,12.9160,27,6455.10,6803,4436.7619663726355,1.454913103597424,confirmed,0.3009328738609096,15,13,none,0
Nj1MZxYhQIs,UCClMPKqtJ1LbRBCDP948g5Q,time,5,6.0700,27,5274.64,4648,3543.937999754708,1.4883563231936159,likely,,15,14,none,0
Nj1MZxYhQIs,UCClMPKqtJ1LbRBCDP948g5Q,time,7,7.0700,27,4649.86,4648,3543.937999754708,1.312061205282013,confirmed,0.06822846154455915,15,14,none,0
Nj1MZxYhQIs,UCClMPKqtJ1LbRBCDP948g5Q,time,14,15.0700,27,4683.67,4648,3983.0061846726794,1.1759125517204625,confirmed,0.09526770477153909,15,11,none,0
FBUPqwhKwmg,UC1LJVKQ0hp7sKyfAbKoDHMw,time,5,5.0546,27,130.53,115,78.49377047671045,1.6629747989040344,likely,,15,13,none,0
FBUPqwhKwmg,UC1LJVKQ0hp7sKyfAbKoDHMw,time,7,7.0546,27,112.15,115,80.4269484030797,1.3944440893488588,confirmed,0.21240245802721594,15,12,none,0
FBUPqwhKwmg,UC1LJVKQ0hp7sKyfAbKoDHMw,time,14,13.0546,27,116.60,115,82.59089994052175,1.4117865353687906,confirmed,0.1723990726150383,15,8,none,0
reGN99ayQ14,UCaDa57ymCY9-MrSs-JdQ3kg,heldout,3,3.0354,31,464.51,2288,724.3723714920183,0.641258322146071,likely,,15,12,none,0
reGN99ayQ14,UCaDa57ymCY9-MrSs-JdQ3kg,heldout,5,4.0354,31,1053.99,2288,730.1976239703856,1.443433275147938,likely,0.9800955755523976,15,11,none,0
reGN99ayQ14,UCaDa57ymCY9-MrSs-JdQ3kg,heldout,7,7.0354,31,1550.23,2288,745.7176378065355,2.0788487222276983,confirmed,1.0113280061375616,15,11,none,0
reGN99ayQ14,UCaDa57ymCY9-MrSs-JdQ3kg,heldout,14,14.0354,31,1310.07,2288,819.0821376615382,1.59943245762957,confirmed,0.9148385012501182,15,9,none,0
ALaaOEQcRwM,UCCYBgzNZ3JIK2w_zvPKvgfQ,heldout,5,4.0104,27,95.18,101,,,insufficient,,0,0,none,0
ALaaOEQcRwM,UCCYBgzNZ3JIK2w_zvPKvgfQ,time,5,4.0104,27,95.18,101,,,insufficient,,0,0,none,0
ALaaOEQcRwM,UCCYBgzNZ3JIK2w_zvPKvgfQ,heldout,7,7.0104,27,95.58,101,,,insufficient,0.25777079155012106,0,0,none,0
ALaaOEQcRwM,UCCYBgzNZ3JIK2w_zvPKvgfQ,time,7,7.0104,27,95.58,101,,,insufficient,0.25777079155012106,0,0,none,0
ALaaOEQcRwM,UCCYBgzNZ3JIK2w_zvPKvgfQ,heldout,14,15.0104,27,104.08,101,,,insufficient,0.24455407418425862,0,0,none,0
ALaaOEQcRwM,UCCYBgzNZ3JIK2w_zvPKvgfQ,time,14,15.0104,27,104.08,101,,,insufficient,0.24455407418425862,0,0,none,0
fqaDF7EUzw4,UCWyL3FzhX0CaxgkOMTQMa0A,time,14,13.7909,28,14257.69,14386,16217.000000000002,0.8791819730325564,confirmed,0.09349603555710204,15,13,none,0
Y_KgvdF7g-c,UCI8gcSTo1FowsRJdilsjsZw,heldout,5,4.9575,30,631335.88,519125,45801.63845224852,13.78413300640756,likely,,15,15,none,0
Y_KgvdF7g-c,UCI8gcSTo1FowsRJdilsjsZw,heldout,14,12.9575,30,501061.42,519125,48887.728412717785,10.249226884852765,confirmed,0.05080275183100776,15,15,none,0
rxg-jB71Luc,UC2d_Fhm3BJ5I24BCIiumJjA,time,5,4.7908,27,2349.60,2374,,,insufficient,,0,0,none,0
rxg-jB71Luc,UC2d_Fhm3BJ5I24BCIiumJjA,time,7,6.7908,27,2029.71,2374,,,insufficient,0.22265698491524707,0,0,none,0
rxg-jB71Luc,UC2d_Fhm3BJ5I24BCIiumJjA,time,14,15.7908,27,2485.57,2374,,,insufficient,0.23577099621328476,0,0,none,0
9-8kdVSLqHc,UCGWNHkr2WZcRbxqoet-nyeg,time,14,13.7245,28,2619.70,2377,2598.9944655019985,1.007968508211634,confirmed,,15,15,none,0
sML5oQkUglo,UCGb34D3ThpmjLNn-FLv2_yQ,heldout,7,8.5409,28,2502.03,2229,2868.5650741219747,0.8722220169741693,confirmed,,15,14,none,0
sML5oQkUglo,UCGb34D3ThpmjLNn-FLv2_yQ,time,7,8.5409,28,2502.03,2229,2868.5650741219747,0.8722220169741693,confirmed,,15,14,none,0
sML5oQkUglo,UCGb34D3ThpmjLNn-FLv2_yQ,heldout,14,13.5409,28,2154.78,2229,2868.999999999999,0.7510547838426302,confirmed,0.11305729445495878,15,10,none,0
sML5oQkUglo,UCGb34D3ThpmjLNn-FLv2_yQ,time,14,13.5409,28,2154.78,2229,2868.999999999999,0.7510547838426302,confirmed,0.11305729445495878,15,10,none,0
HALEYgzuJgQ,UC1J4DKcJXENzC-FkyMU6dow,time,14,13.6637,28,53105.67,51771,62432.62848638477,0.850607678049769,confirmed,0.002811625061717758,15,12,none,0
pXPs6wB3yJk,UCUpbDOT-OVNBlaQpb9pbd2w,time,3,3.8056,27,8646.54,5677,31625.753815279677,0.27340189415838617,likely,,15,15,none,0
pXPs6wB3yJk,UCUpbDOT-OVNBlaQpb9pbd2w,time,5,4.8056,27,6296.98,5677,30818.557609759362,0.2043243357301028,likely,0.0645873932952077,15,15,none,0
pXPs6wB3yJk,UCUpbDOT-OVNBlaQpb9pbd2w,time,7,6.8056,27,6158.40,5677,29294.27958024661,0.21022544256040523,likely,0.05482992149554204,15,15,none,0
pXPs6wB3yJk,UCUpbDOT-OVNBlaQpb9pbd2w,time,14,12.8056,27,5832.88,5677,26673.70739023746,0.21867529851469877,confirmed,0.03244944789091011,15,15,none,0
TcOMMjmKiYA,UCkLxJCuQZ4hStBfs8TCnT9Q,time,14,13.8538,28,4010.88,4145,14713.958936755269,0.2725901814219695,confirmed,0.08766063269516813,15,15,none,0
eTgsId6Rmes,UCgCsMxVCJs0TSqAIlBxiT7g,heldout,0.5,0.4418,31,5083.91,65185,9128.37858129686,0.5569343603147409,early,,15,14,none,0
eTgsId6Rmes,UCgCsMxVCJs0TSqAIlBxiT7g,heldout,1,0.4418,31,5083.91,65185,9128.37858129686,0.5569343603147409,early,,15,14,none,0
eTgsId6Rmes,UCgCsMxVCJs0TSqAIlBxiT7g,heldout,14,14.4418,31,68769.89,65185,9824.844211896356,6.999591263455682,confirmed,1.4869583905831467,15,14,none,0
tgy5EinyiP4,UCPCPE5MoI7DS1WiVB_-mzNw,time,5,6.8814,28,3035.66,2420,5588.6067530527935,0.5431866951010013,likely,,15,15,none,0
tgy5EinyiP4,UCPCPE5MoI7DS1WiVB_-mzNw,time,7,6.8814,28,3035.66,2420,5588.6067530527935,0.5431866951010013,likely,,15,15,none,0
tgy5EinyiP4,UCPCPE5MoI7DS1WiVB_-mzNw,time,14,12.8814,28,2496.85,2420,5362.990926339463,0.4655710565347733,confirmed,0.0029273483138728138,15,15,none,0
Pc4O99PeSCs,UC9BNGVGr_lvbn3d23ckuVOA,time,5,5.9373,28,39928.19,45323,,,insufficient,,0,0,none,0
Pc4O99PeSCs,UC9BNGVGr_lvbn3d23ckuVOA,time,7,6.9373,28,43326.46,45323,,,insufficient,0.5254333914727246,0,0,none,0
Pc4O99PeSCs,UC9BNGVGr_lvbn3d23ckuVOA,time,14,13.9373,28,44880.14,45323,,,insufficient,0.3492576503140063,0,0,none,0
cLb9w_PnL9k,UCLhu5JoRWPgEGDoUFfQHTPQ,time,3,3.7707,27,9369.46,7387,6816.73257759571,1.3744802235257783,likely,,12,12,none,0
cLb9w_PnL9k,UCLhu5JoRWPgEGDoUFfQHTPQ,time,5,4.7707,27,8044.62,7387,6169.566603170455,1.3039202976160809,likely,0.29141211295419267,15,15,none,0
cLb9w_PnL9k,UCLhu5JoRWPgEGDoUFfQHTPQ,time,7,6.7707,27,7994.67,7387,6020.760014602782,1.327851000638931,likely,0.2288240397652,15,15,none,0
cLb9w_PnL9k,UCLhu5JoRWPgEGDoUFfQHTPQ,time,14,12.7707,27,7604.46,7387,6023.999999999995,1.2623610200291109,confirmed,0.1596763731651343,15,12,none,0
Vug4adDs3yA,UCnSg7AKhnTGnac-3zGdv5Qg,time,14,13.9160,28,897.95,1014,1599.9999999999998,0.561220955584626,confirmed,0.36199888597514596,15,13,none,0
JnWDfW6QTt0,UCX5nh607M8hSBLiMB9MgbIQ,time,0.5,0.7187,29,7253.42,6496,9160.732744520086,0.7917949278575723,early,,15,9,none,0
JnWDfW6QTt0,UCX5nh607M8hSBLiMB9MgbIQ,time,1,0.7187,29,7253.42,6496,9160.732744520086,0.7917949278575723,early,,15,9,none,0
JnWDfW6QTt0,UCX5nh607M8hSBLiMB9MgbIQ,time,2,1.7187,29,7821.62,6496,9223.458446053284,0.848014215746143,early,0.7435108519441548,15,9,none,0
JnWDfW6QTt0,UCX5nh607M8hSBLiMB9MgbIQ,time,3,3.7187,29,7698.52,6496,9162.147654036395,0.8402530423246691,likely,0.5094079975146137,15,8,none,0
JnWDfW6QTt0,UCX5nh607M8hSBLiMB9MgbIQ,time,5,4.7187,29,6980.43,6496,9107.988323598433,0.76640783488523,likely,0.45200155514623397,15,8,none,0
JnWDfW6QTt0,UCX5nh607M8hSBLiMB9MgbIQ,time,7,6.7187,29,6568.53,6496,9083.532052481554,0.7231249369339736,likely,0.4058347978111343,15,7,none,0
JnWDfW6QTt0,UCX5nh607M8hSBLiMB9MgbIQ,time,14,14.7187,29,7245.24,6496,9079.614075709234,0.7979680811001755,confirmed,0.35980523740031783,15,5,none,0
IX2o6hk3F9s,UCN7dywl5wDxTu1RM3eJ_h9Q,time,3,3.0412,28,2953.52,3928,11944.59058129893,0.2472685363020819,likely,,8,8,none,0
IX2o6hk3F9s,UCN7dywl5wDxTu1RM3eJ_h9Q,time,5,5.0412,28,2778.98,3928,11971.546569001232,0.23213219498351192,likely,0.3656044141174374,15,14,none,0
IX2o6hk3F9s,UCN7dywl5wDxTu1RM3eJ_h9Q,time,7,6.0412,28,3007.83,3928,12047.580702303407,0.2496629082662309,likely,0.43427587496726433,15,14,none,0
IX2o6hk3F9s,UCN7dywl5wDxTu1RM3eJ_h9Q,time,14,12.0412,28,3668.98,3928,12201,0.3007115807830909,confirmed,0.44504427175063566,15,13,none,0
BnfPYwhzoaM,UCPCPE5MoI7DS1WiVB_-mzNw,heldout,5,5.8103,27,8260.30,6131,4346.329429988356,1.9005236031609989,likely,,15,15,none,0
BnfPYwhzoaM,UCPCPE5MoI7DS1WiVB_-mzNw,time,5,5.8103,27,8260.30,6131,4346.329429988356,1.9005236031609989,likely,,15,15,none,0
BnfPYwhzoaM,UCPCPE5MoI7DS1WiVB_-mzNw,heldout,7,6.8103,27,6691.67,6131,4282.606268919091,1.5625226606654654,likely,0.013204057458751927,15,15,none,0
BnfPYwhzoaM,UCPCPE5MoI7DS1WiVB_-mzNw,time,7,6.8103,27,6691.67,6131,4282.606268919091,1.5625226606654654,likely,0.013204057458751927,15,15,none,0
BnfPYwhzoaM,UCPCPE5MoI7DS1WiVB_-mzNw,heldout,14,12.8103,27,6316.54,6131,4054.8311518789897,1.5577819839555236,confirmed,0.008588710231409337,15,15,none,0
BnfPYwhzoaM,UCPCPE5MoI7DS1WiVB_-mzNw,time,14,12.8103,27,6316.54,6131,4054.8311518789897,1.5577819839555236,confirmed,0.008588710231409337,15,15,none,0
miADlbTHPns,UCsvqVGtbbyHaMoevxPAq9Fg,time,7,7.8539,27,2877.08,2967,2943.7224185809782,0.9773604080294236,confirmed,,15,15,none,0
miADlbTHPns,UCsvqVGtbbyHaMoevxPAq9Fg,time,14,12.8539,27,2877.27,2967,3039.215894812135,0.9467132549308577,confirmed,0.2624270239131679,15,15,none,0
pk-D6lXw6Lo,UC8fQzKHIhSoZeSq3bwQx4mw,time,5,6.7976,27,312.12,274,,,insufficient,,0,0,none,0
pk-D6lXw6Lo,UC8fQzKHIhSoZeSq3bwQx4mw,time,7,6.7976,27,312.12,274,,,insufficient,,0,0,none,0
pk-D6lXw6Lo,UC8fQzKHIhSoZeSq3bwQx4mw,time,14,12.7976,27,267.67,274,,,insufficient,0.07604871984441143,0,0,none,0
Zg4rV7douMs,UCEf_Bc-KVd7onSeifS3py9g,time,0.5,0.3745,28,610853.70,420979,356803.6424136754,1.7120164240408955,early,,13,13,none,0
Zg4rV7douMs,UCEf_Bc-KVd7onSeifS3py9g,time,1,0.3745,28,610853.70,420979,356803.6424136754,1.7120164240408955,early,,13,13,none,0
Zg4rV7douMs,UCEf_Bc-KVd7onSeifS3py9g,time,2,2.3745,28,398022.53,420979,154231.51713578173,2.580682219381321,early,0.6124195568474032,15,13,none,0
Zg4rV7douMs,UCEf_Bc-KVd7onSeifS3py9g,time,3,3.3745,28,598303.49,420979,150876.09547854975,3.965528728467117,likely,0.5275340737058761,15,13,none,0
Zg4rV7douMs,UCEf_Bc-KVd7onSeifS3py9g,time,5,5.3745,28,770670.31,420979,145331.9413242798,5.302828159834605,likely,0.4585603124689842,15,13,none,0
Zg4rV7douMs,UCEf_Bc-KVd7onSeifS3py9g,time,7,7.3745,28,410358.86,420979,141049.29711573865,2.9093293478006754,confirmed,0.43596029717670354,15,12,none,0
Zg4rV7douMs,UCEf_Bc-KVd7onSeifS3py9g,time,14,12.3745,28,409114.09,420979,134071.30244930895,3.051466523153644,confirmed,0.38765764910273104,15,9,none,0
eYXpFhoQPgA,UC5_SBQbLA9Kg7Jh5GpXoP3g,time,1,0.8325,28,15.93,54,728.7522972774998,0.02185916393660388,early,,6,5,none,0
eYXpFhoQPgA,UC5_SBQbLA9Kg7Jh5GpXoP3g,time,2,2.8325,28,17.60,54,332.6315095848385,0.052905357615033254,early,0.692320048673879,15,13,none,0
eYXpFhoQPgA,UC5_SBQbLA9Kg7Jh5GpXoP3g,time,3,2.8325,28,17.60,54,332.6315095848385,0.052905357615033254,early,0.692320048673879,15,13,none,0
eYXpFhoQPgA,UC5_SBQbLA9Kg7Jh5GpXoP3g,time,5,4.8325,28,11.59,54,298.0828581623282,0.03888120397132961,likely,0.3502098506141022,15,12,none,0
eYXpFhoQPgA,UC5_SBQbLA9Kg7Jh5GpXoP3g,time,7,6.8325,28,19.25,54,301.20599973829167,0.06389383915619762,likely,0.5832913742730421,15,12,none,0
eYXpFhoQPgA,UC5_SBQbLA9Kg7Jh5GpXoP3g,time,14,12.8325,28,42.51,54,273.6227190190131,0.15535181125236078,confirmed,0.7794451948272844,15,12,none,0
x5p9yM2TKF8,UCegFJbscuSjjsyFP4qhOyeA,time,14,13.5387,29,1848.86,2537,1369.7699995379799,1.3497574817976548,confirmed,0.7096730778776961,15,15,none,0
m0lOUwk_YHg,UCVGVbOl6F5rGF4wSYS6Y5yQ,time,5,4.5343,27,12022.65,10539,23152.49433355788,0.5192809012785294,likely,,13,12,none,0
m0lOUwk_YHg,UCVGVbOl6F5rGF4wSYS6Y5yQ,time,7,6.5343,27,11503.23,10539,21194.46608987054,0.5427468604539805,likely,0.23539811870565172,15,13,none,0
m0lOUwk_YHg,UCVGVbOl6F5rGF4wSYS6Y5yQ,time,14,13.5343,27,11113.38,10539,20683.000000000007,0.5373194983252242,confirmed,0.15101459246135554,15,9,none,0
MHoK2X2q3jE,UCnHjOLBTYCC1cbJNW6jVzhg,time,5,5.6247,28,38134.72,34070,19192.365175137977,1.9869734184861592,likely,,15,14,none,0
MHoK2X2q3jE,UCnHjOLBTYCC1cbJNW6jVzhg,time,7,6.6247,28,31814.57,34070,19166.327681513692,1.6599197896343965,likely,0.22196583425588348,15,13,none,0
MHoK2X2q3jE,UCnHjOLBTYCC1cbJNW6jVzhg,time,14,13.6247,28,34811.06,34070,18622.990650060277,1.8692517533099224,confirmed,0.1682815252662544,15,11,none,0
votoW03Y8eU,UC_2su4ftsi4r6aGkAQ8MyVQ,time,5,6.0317,28,130.89,118,,,insufficient,,1,1,none,0
votoW03Y8eU,UC_2su4ftsi4r6aGkAQ8MyVQ,time,7,6.0317,28,130.89,118,,,insufficient,,1,1,none,0
votoW03Y8eU,UC_2su4ftsi4r6aGkAQ8MyVQ,time,14,13.0317,28,111.61,118,,,insufficient,0.05462569688458449,1,1,none,0
UvMrFjQ9AAM,UCUpbDOT-OVNBlaQpb9pbd2w,time,5,5.3709,29,32505.48,24229,30395.060342293662,1.069432876792365,likely,,15,15,none,0
UvMrFjQ9AAM,UCUpbDOT-OVNBlaQpb9pbd2w,time,7,7.3709,29,26413.73,24229,28560.608658553785,0.9248308485997297,confirmed,0.017882398535590555,15,15,none,0
UvMrFjQ9AAM,UCUpbDOT-OVNBlaQpb9pbd2w,time,14,14.3709,29,24968.53,24229,25474.729443887118,0.9801294876407051,confirmed,0.012000146875587364,15,15,none,0
np06L0fI-B0,UCHXLx_WGu4zQAq4fLVurzfA,heldout,5,4.9158,30,8726.69,14057,3909.9319435406255,2.231927794524974,likely,,15,12,none,0
np06L0fI-B0,UCHXLx_WGu4zQAq4fLVurzfA,heldout,7,7.9158,30,11433.03,14057,3858.869911885233,2.9627917739269996,confirmed,0.6318784606231092,15,12,none,0
np06L0fI-B0,UCHXLx_WGu4zQAq4fLVurzfA,heldout,14,13.9158,30,13333.38,14057,3828.3675364009546,3.48278497740391,confirmed,0.5628632825520073,15,11,none,0
zTxPLhbm-I0,UCFYwroBRnRal6AB0G7MDHgA,heldout,1,1.8736,30,560.70,467,,,insufficient,,4,4,none,0
zTxPLhbm-I0,UCFYwroBRnRal6AB0G7MDHgA,heldout,2,1.8736,30,560.70,467,,,insufficient,,4,4,none,0
zTxPLhbm-I0,UCFYwroBRnRal6AB0G7MDHgA,heldout,3,2.8736,30,381.83,467,,,insufficient,0.0772398684164353,4,4,none,0
zTxPLhbm-I0,UCFYwroBRnRal6AB0G7MDHgA,heldout,5,4.8736,30,372.96,467,,,insufficient,0.12054473213413386,4,4,none,0
zTxPLhbm-I0,UCFYwroBRnRal6AB0G7MDHgA,heldout,7,6.8736,30,373.84,467,,,insufficient,0.12417595721784733,4,4,none,0
zTxPLhbm-I0,UCFYwroBRnRal6AB0G7MDHgA,heldout,14,13.8736,30,375.15,467,,,insufficient,0.11594754683510207,4,4,none,0
ekspSM3gGhc,UC0COu43Li7CUL2jseBpH9kQ,time,5,5.5438,27,50.31,53,,,insufficient,,0,0,none,0
ekspSM3gGhc,UC0COu43Li7CUL2jseBpH9kQ,time,7,6.5438,27,41.78,53,,,insufficient,0.18753007900882118,0,0,none,0
ekspSM3gGhc,UC0COu43Li7CUL2jseBpH9kQ,time,14,13.5438,27,53.72,53,,,insufficient,0.3259054319612247,0,0,none,0
X4R_LwlFucY,UC8NbcMmeW4gKRd2lE9APpVA,time,5,6.7828,29,148.51,216,,,insufficient,,0,0,none,0
X4R_LwlFucY,UC8NbcMmeW4gKRd2lE9APpVA,time,7,6.7828,29,148.51,216,,,insufficient,,0,0,none,0
X4R_LwlFucY,UC8NbcMmeW4gKRd2lE9APpVA,time,14,13.7828,29,177.72,216,,,insufficient,0.3946643565077296,0,0,none,0
z2kUM-xuwy8,UCnmGIkw-KdI0W5siakKPKog,heldout,5,6.8737,30,2935847.66,2871270,3158156.0813566293,0.9296081580690739,likely,,15,15,none,0
z2kUM-xuwy8,UCnmGIkw-KdI0W5siakKPKog,heldout,7,6.8737,30,2935847.66,2871270,3158156.0813566293,0.9296081580690739,likely,,15,15,none,0
z2kUM-xuwy8,UCnmGIkw-KdI0W5siakKPKog,heldout,14,13.8737,30,2841055.54,2871270,3164591.9883548473,0.8977636143772474,confirmed,0.17973908261766128,15,15,none,0
vLSs53YpXf4,UCOCsRROSlsrA31YJgCah32A,heldout,1,1.5827,32,10557.92,10707,21707.257166199364,0.48637763450784555,early,,15,10,none,0
vLSs53YpXf4,UCOCsRROSlsrA31YJgCah32A,heldout,2,1.5827,32,10557.92,10707,21707.257166199364,0.48637763450784555,early,,15,10,none,0
vLSs53YpXf4,UCOCsRROSlsrA31YJgCah32A,heldout,3,3.5827,32,9834.95,10707,22749.10991005197,0.4323223948741067,likely,0.379645355738314,15,9,none,0
vLSs53YpXf4,UCOCsRROSlsrA31YJgCah32A,heldout,5,4.5827,32,8626.61,10707,23121.090571706874,0.3731056549834085,likely,0.33119304017468615,15,9,none,0
vLSs53YpXf4,UCOCsRROSlsrA31YJgCah32A,heldout,7,6.5827,32,11288.41,10707,23512.43325329946,0.48010404612352536,likely,0.3658256840020063,15,9,none,0
vLSs53YpXf4,UCOCsRROSlsrA31YJgCah32A,heldout,14,13.5827,32,10459.44,10707,23624.50817601904,0.4427369043611884,confirmed,0.30724484578716826,15,6,none,0
-lgYGnMDinA,UCzH5n3Ih5kgQoiDAQt2FwLw,heldout,5,6.8266,29,166633.90,165835,265368.819431714,0.6279332268550937,likely,,15,14,none,0
-lgYGnMDinA,UCzH5n3Ih5kgQoiDAQt2FwLw,heldout,7,6.8266,29,166633.90,165835,265368.819431714,0.6279332268550937,likely,,15,14,none,0
-lgYGnMDinA,UCzH5n3Ih5kgQoiDAQt2FwLw,heldout,14,13.8266,29,160886.53,165835,265916.41652487277,0.6050267030733634,confirmed,0.17537541880090887,15,14,none,0
C9Pp7Y7Ixm8,UCxmSA11SbI_3yBcHu6pKi_Q,time,7,8.7919,27,6135.50,5714,18717.734033132536,0.3277907693195577,confirmed,,10,9,none,0
C9Pp7Y7Ixm8,UCxmSA11SbI_3yBcHu6pKi_Q,time,14,12.7919,27,5934.71,5714,20527.538861818703,0.2891097093358705,confirmed,0.24568259557692945,15,12,none,0
IBnLsKOhpyU,UCsvqVGtbbyHaMoevxPAq9Fg,time,14,13.6484,29,8140.61,7987,5485.4961588869755,1.4840243803327045,confirmed,0.027587663462645223,15,15,none,0
woMQaKshRmU,UCHQ4lSaKRap5HyrpitrTOhQ,time,5,4.8737,28,26733.46,32750,6937.974107080641,3.8532088971021037,likely,,10,10,none,0
woMQaKshRmU,UCHQ4lSaKRap5HyrpitrTOhQ,time,7,6.8737,28,28526.85,32750,6871.425573294497,4.151518603663314,likely,0.4582932165675529,15,15,none,0
woMQaKshRmU,UCHQ4lSaKRap5HyrpitrTOhQ,time,14,12.8737,28,31179.33,32750,6700.86604013881,4.653030149674875,confirmed,0.3546075276912044,15,15,none,0
rfzG9gP7Sng,UCqqJQ_cXSat0KIAVfIfKkVA,time,1,0.7754,28,102015.18,87410,103075.70802021628,0.9897111900514206,early,,15,12,none,0
rfzG9gP7Sng,UCqqJQ_cXSat0KIAVfIfKkVA,time,2,1.7754,28,108148.91,87410,102978.97598780759,1.050203814860621,early,0.725058091384636,15,12,none,0
rfzG9gP7Sng,UCqqJQ_cXSat0KIAVfIfKkVA,time,3,2.7754,28,97433.49,87410,103069.34386543282,0.9453198063599838,early,0.5858723407582646,15,11,none,0
rfzG9gP7Sng,UCqqJQ_cXSat0KIAVfIfKkVA,time,5,4.7754,28,90551.68,87410,102935.78157998092,0.8796909697566025,likely,0.4491647771756442,15,11,none,0
rfzG9gP7Sng,UCqqJQ_cXSat0KIAVfIfKkVA,time,7,6.7754,28,89684.45,87410,102637.71620585027,0.8737962516957919,likely,0.4128226082116366,15,11,none,0
rfzG9gP7Sng,UCqqJQ_cXSat0KIAVfIfKkVA,time,14,12.7754,28,92644.95,87410,101761.19994019644,0.9104152338158004,confirmed,0.3555893533844673,15,10,none,0
bGnwvRVzv4o,UCstwpLSByklww1YojZN-KiQ,heldout,2,2.5670,30,112349.55,123815,119410.44059071803,0.9408686953063415,early,,14,13,none,0
bGnwvRVzv4o,UCstwpLSByklww1YojZN-KiQ,heldout,3,2.5670,30,112349.55,123815,119410.44059071803,0.9408686953063415,early,,14,13,none,0
bGnwvRVzv4o,UCstwpLSByklww1YojZN-KiQ,heldout,5,6.5670,30,115884.70,123815,93266.6624265707,1.2425093833334495,likely,0.3375806580414612,15,14,none,0
bGnwvRVzv4o,UCstwpLSByklww1YojZN-KiQ,heldout,7,6.5670,30,115884.70,123815,93266.6624265707,1.2425093833334495,likely,0.3375806580414612,15,14,none,0
bGnwvRVzv4o,UCstwpLSByklww1YojZN-KiQ,heldout,14,13.5670,30,127539.58,123815,93358.14603282882,1.3661323592686339,confirmed,0.28863675808248695,15,12,none,0
ckxTb0gafok,UCsQLTECz1bCA56JIryaw-lA,heldout,1,1.8743,30,327108.76,415552,331592.2345776973,0.9864789432578668,early,,15,15,none,0
ckxTb0gafok,UCsQLTECz1bCA56JIryaw-lA,heldout,2,1.8743,30,327108.76,415552,331592.2345776973,0.9864789432578668,early,,15,15,none,0
ckxTb0gafok,UCsQLTECz1bCA56JIryaw-lA,heldout,3,2.8743,30,229747.72,415552,330448.0515132357,0.695261221480375,early,0.18069284607106334,15,14,none,0
ckxTb0gafok,UCsQLTECz1bCA56JIryaw-lA,heldout,5,4.8743,30,340105.71,415552,330027.30072375585,1.0305381008290981,likely,0.4713976275320813,15,14,none,0
ckxTb0gafok,UCsQLTECz1bCA56JIryaw-lA,heldout,7,6.8743,30,346338.58,415552,330027.30072375585,1.0494240262450694,likely,0.4411765281673385,15,14,none,0
ckxTb0gafok,UCsQLTECz1bCA56JIryaw-lA,heldout,14,13.8743,30,376619.01,415552,328360.202247738,1.1469691264965074,confirmed,0.371093331583117,15,13,none,0
5rTwOt9Qgik,UCn8ujwUInbJkBhffxqAPBVQ,time,1,1.0321,27,16891.84,23957,47584.606537112115,0.3549853690148617,early,,15,15,none,0
5rTwOt9Qgik,UCn8ujwUInbJkBhffxqAPBVQ,time,2,2.0321,27,40755.38,23957,47819.3579113606,0.8522779270646997,early,2.1461310400926066,15,15,none,0
5rTwOt9Qgik,UCn8ujwUInbJkBhffxqAPBVQ,time,3,3.0321,27,37530.77,23957,48756.62780201502,0.7697573038398774,likely,1.3330802467347538,15,15,none,0
5rTwOt9Qgik,UCn8ujwUInbJkBhffxqAPBVQ,time,5,5.0321,27,34446.21,23957,49276.766321902964,0.6990354948718543,likely,0.8871313224731309,15,15,none,0
5rTwOt9Qgik,UCn8ujwUInbJkBhffxqAPBVQ,time,7,7.0321,27,31252.52,23957,50386.871877785714,0.6202511642566324,confirmed,0.7278409487843417,15,15,none,0
5rTwOt9Qgik,UCn8ujwUInbJkBhffxqAPBVQ,time,14,13.0321,27,27326.36,23957,53861.055383521685,0.5073492163247065,confirmed,0.5799814019440125,15,15,none,0
m-WNnabbAD4,UCoZQiN0o7f36H7PaW4fVhFw,time,3,3.9158,29,192218.28,181857,101074.52521580223,1.9017480570881784,likely,,15,13,none,0
m-WNnabbAD4,UCoZQiN0o7f36H7PaW4fVhFw,time,5,4.9158,29,144422.25,181857,101224.7242254719,1.4267487915337826,likely,0.23442333457223954,15,13,none,0
m-WNnabbAD4,UCoZQiN0o7f36H7PaW4fVhFw,time,7,6.9158,29,148175.51,181857,101760.99999999996,1.4561129078721473,likely,0.22187813458774064,15,12,none,0
m-WNnabbAD4,UCoZQiN0o7f36H7PaW4fVhFw,time,14,13.9158,29,167445.93,181857,101760.99999999996,1.645482307669987,confirmed,0.21623604224423823,15,9,none,0
RP9UUtdx6as,UCRQc4NTDrz0Qncp7zx3YM1g,time,14,14.0621,29,23713.10,25871,6791.999999999998,3.491328524627768,confirmed,0.3180870316614419,15,10,none,0
6CVxv685hK0,UCNMZWa1QP42jHrmmzayFEeg,time,14,12.7101,27,5358.97,5888,7399.308529515798,0.7242532917977882,confirmed,0.1573455745334789,15,15,none,0
3sTKc5JBknQ,UC682ktH2UsgNdCjl83TpDWg,time,14,12.9165,27,41.34,43,85.35177567323359,0.4843324151796996,confirmed,0.10427446629840677,15,15,none,0
TNOqbQjtMzI,UC-ew9TfeD887qUSiWWAAj1w,heldout,2,2.9577,30,4412.05,3817,9279.134291239761,0.47548083607858455,early,,15,14,none,0
TNOqbQjtMzI,UC-ew9TfeD887qUSiWWAAj1w,heldout,3,2.9577,30,4412.05,3817,9279.134291239761,0.47548083607858455,early,,15,14,none,0
TNOqbQjtMzI,UC-ew9TfeD887qUSiWWAAj1w,heldout,5,4.9577,30,3421.65,3817,9060.4664973408,0.37764640357713825,likely,0.18356855400846578,15,14,none,0
TNOqbQjtMzI,UC-ew9TfeD887qUSiWWAAj1w,heldout,7,6.9577,30,3537.15,3817,9376.477347411743,0.3772366478122432,likely,0.20748128795537013,15,14,none,0
TNOqbQjtMzI,UC-ew9TfeD887qUSiWWAAj1w,heldout,14,13.9577,30,3800.06,3817,9852.553568745167,0.3856927711339407,confirmed,0.17198375776972433,15,14,none,0
lTcMzAGSJZQ,UCI8gcSTo1FowsRJdilsjsZw,time,1,0.9238,28,19112.55,17184,38683.73810831251,0.49407205993627457,early,,13,13,none,0
lTcMzAGSJZQ,UCI8gcSTo1FowsRJdilsjsZw,time,2,1.9238,28,17623.89,17184,37801.7881900517,0.4662182972005275,early,0.5899683232429468,15,15,none,0
lTcMzAGSJZQ,UCI8gcSTo1FowsRJdilsjsZw,time,3,2.9238,28,18526.09,17184,34972.06580581132,0.5297395539913702,early,0.4996916522474688,15,15,none,0
lTcMzAGSJZQ,UCI8gcSTo1FowsRJdilsjsZw,time,5,4.9238,28,15441.50,17184,34636.58282246906,0.44581488124350765,likely,0.36419499501875846,15,15,none,0
lTcMzAGSJZQ,UCI8gcSTo1FowsRJdilsjsZw,time,7,6.9238,28,17875.74,17184,34931.32113663809,0.5117397102580117,likely,0.40335814962046934,15,15,none,0
lTcMzAGSJZQ,UCI8gcSTo1FowsRJdilsjsZw,time,14,13.9238,28,18757.64,17184,34756.26675996813,0.5396909098331822,confirmed,0.34203781137567396,15,15,none,0
vUTiAx74tBQ,UCQNFJVAUF-qWtK0dawxcOaQ,heldout,5,4.9570,27,9232.50,7922,8914.470100051904,1.035675893159237,likely,,15,13,none,0
vUTiAx74tBQ,UCQNFJVAUF-qWtK0dawxcOaQ,time,5,4.9570,27,9232.50,7922,8914.470100051904,1.035675893159237,likely,,15,13,none,0
vUTiAx74tBQ,UCQNFJVAUF-qWtK0dawxcOaQ,heldout,7,6.9570,27,7825.27,7922,8914.470100051904,0.8778169409249192,likely,0.16247832457591904,15,13,none,0
vUTiAx74tBQ,UCQNFJVAUF-qWtK0dawxcOaQ,time,7,6.9570,27,7825.27,7922,8914.470100051904,0.8778169409249192,likely,0.16247832457591904,15,13,none,0
vUTiAx74tBQ,UCQNFJVAUF-qWtK0dawxcOaQ,heldout,14,15.9570,27,7927.72,7922,8730.215070133292,0.9080779821936752,confirmed,0.11661780306852874,15,11,none,0
vUTiAx74tBQ,UCQNFJVAUF-qWtK0dawxcOaQ,time,14,15.9570,27,7927.72,7922,8730.215070133292,0.9080779821936752,confirmed,0.11661780306852874,15,11,none,0
098ep9xrxSQ,UCGb34D3ThpmjLNn-FLv2_yQ,time,7,7.5417,27,1112.57,929,2868.5650741219747,0.3878492268637654,confirmed,,15,15,none,0
098ep9xrxSQ,UCGb34D3ThpmjLNn-FLv2_yQ,time,14,12.5417,27,935.29,929,2868.999999999999,0.3259974001810937,confirmed,0.05094852645803852,15,11,none,0
zir51X51dVQ,UC6BW8DqrAmBEIeCtMa4bfBw,time,14,13.2167,28,3734.52,3464,3757.3586126153364,0.9939215335047616,confirmed,,15,15,none,0
NeC2f0FIS_Y,UCgdHSFcXvkN6O3NXvif0-pA,time,5,6.9481,29,1438.54,1377,,,insufficient,,0,0,none,0
NeC2f0FIS_Y,UCgdHSFcXvkN6O3NXvif0-pA,time,7,6.9481,29,1438.54,1377,,,insufficient,,0,0,none,0
NeC2f0FIS_Y,UCgdHSFcXvkN6O3NXvif0-pA,time,14,13.9481,29,1387.27,1377,,,insufficient,0.1755034350318372,0,0,none,0
kNBH1OgdbEw,UC-No2ITxJsNt50oJQ3fLmUA,time,14,13.7004,29,128148.32,122959,82175.14038492687,1.559453661887799,confirmed,,15,13,none,0
QoDKNa_08cc,UCDVt6xCSRx3dqr_SGgc1hng,time,14,14.9576,27,8820.06,10611,3101.5474524584556,2.8437618813138963,confirmed,0.704270435953989,15,13,none,0
nB280m0HBe0,UCrzICdOsXhtn4zMlk4bnTIg,time,14,12.6249,28,5150.21,5396,2608.000000000001,1.9747719973808748,confirmed,0.3095605795738727,15,7,none,0
X1c1Xp45U1E,UC6QNjBn6KMq5-pe3OE11zZg,time,0.5,0.6120,27,4851.66,21937,10811.000000000007,0.4487710751295904,early,,15,9,none,0
X1c1Xp45U1E,UC6QNjBn6KMq5-pe3OE11zZg,time,1,0.6120,27,4851.66,21937,10811.000000000007,0.4487710751295904,early,,15,9,none,0
X1c1Xp45U1E,UC6QNjBn6KMq5-pe3OE11zZg,time,2,2.6120,27,40348.79,21937,10811.000000000007,3.7321975511302137,early,3.117143217034386,15,9,none,0
X1c1Xp45U1E,UC6QNjBn6KMq5-pe3OE11zZg,time,3,2.6120,27,40348.79,21937,10811.000000000007,3.7321975511302137,early,3.117143217034386,15,9,none,0
X1c1Xp45U1E,UC6QNjBn6KMq5-pe3OE11zZg,time,5,4.6120,27,34763.55,21937,10811.000000000007,3.215571905210095,likely,2.04525859024282,15,8,none,0
X1c1Xp45U1E,UC6QNjBn6KMq5-pe3OE11zZg,time,7,6.6120,27,32268.43,21937,10811.000000000007,2.984777128490245,likely,1.6590235673604514,15,7,none,0
X1c1Xp45U1E,UC6QNjBn6KMq5-pe3OE11zZg,time,14,13.6120,27,26225.11,21937,10811.000000000007,2.4257799232752006,confirmed,1.1945461644296078,15,5,none,0
TmsnVTkLDL0,UCGWNHkr2WZcRbxqoet-nyeg,time,14,14.4743,29,1146.95,1093,4775.455678693752,0.24017642565419448,confirmed,,15,15,none,0
FB5RYQiXSqY,UCGxjDWAN1KwrkXYVi8CXtjQ,heldout,7,8.9895,30,15221.08,14225,18078.329319445238,0.841951436752725,confirmed,,15,12,none,0
FB5RYQiXSqY,UCGxjDWAN1KwrkXYVi8CXtjQ,heldout,14,16.9895,30,14523.44,14225,18152.396403586223,0.8000837599599838,confirmed,0.17038451789071202,15,10,none,0
EmloRnMIZdw,UCgJCa5JyZUFkw2evyuvLbJA,heldout,1,0.8370,31,6600.30,17988,11555.092476040183,0.5712022801120541,early,,14,12,none,0
EmloRnMIZdw,UCgJCa5JyZUFkw2evyuvLbJA,heldout,14,15.8370,31,18922.93,17988,11089.729537328905,1.7063471044223244,confirmed,0.8095770334226832,15,13,none,0
KA5MUJzQYrM,UCPAt6z5uX_c5Eo_cSNROzYw,time,14,13.6457,29,1421.02,1410,10448.291748335078,0.13600457349914538,confirmed,0.020586759789967567,15,15,none,0
410kMINGZ0o,UCbvIIQc5Jo9-jIXnkPe03oA,time,1,0.9653,28,25019.04,34133,19807.999999999993,1.2630774612059004,early,,15,10,none,0
410kMINGZ0o,UCbvIIQc5Jo9-jIXnkPe03oA,time,2,1.9653,28,31048.47,34133,19807.999999999993,1.5674711272606376,early,0.7228582287521462,15,10,none,0
410kMINGZ0o,UCbvIIQc5Jo9-jIXnkPe03oA,time,3,2.9653,28,29344.79,34133,19807.999999999993,1.4814613542004778,early,0.6209294116134236,15,10,none,0
410kMINGZ0o,UCbvIIQc5Jo9-jIXnkPe03oA,time,5,4.9653,28,33745.91,34133,19807.999999999993,1.7036506026472655,likely,0.5702431059241855,15,10,none,0
410kMINGZ0o,UCbvIIQc5Jo9-jIXnkPe03oA,time,7,6.9653,28,35986.22,34133,19807.999999999993,1.8167518681817798,likely,0.5542821104540577,15,10,none,0
410kMINGZ0o,UCbvIIQc5Jo9-jIXnkPe03oA,time,14,12.9653,28,38766.36,34133,19521.69816926467,1.9858087515588851,confirmed,0.5072979894858882,15,9,none,0
vhkqtvrnjE4,UC4AkVj-qnJxNtKuz3rkq16A,time,14,13.8738,28,4414.97,4464,6265.647998832994,0.70463036883386,confirmed,0.06911789293036615,15,11,none,0
N8UbjuIMaEg,UCCZLVYAGIoGvaFUrTyyeaXA,time,5,5.0200,28,7694.66,6091,11187.442952987421,0.6877941633658666,likely,,6,6,none,0
N8UbjuIMaEg,UCCZLVYAGIoGvaFUrTyyeaXA,time,7,7.0200,28,6381.61,6091,10724.727338595676,0.5950365855429031,confirmed,0.08819952701591768,6,6,none,0
N8UbjuIMaEg,UCCZLVYAGIoGvaFUrTyyeaXA,time,14,13.0200,28,6192.53,6091,9774.8405285268,0.6335169359900474,confirmed,0.06763450304004698,6,6,none,0
i4TkaesMBtM,UCIp9sEZiv36cDG7cEnrVU7Q,time,1,0.9682,30,11823.81,29613,11116.302007272094,1.063645735367719,early,,15,14,none,0
i4TkaesMBtM,UCIp9sEZiv36cDG7cEnrVU7Q,time,2,1.9682,30,14991.79,29613,11203.720719216935,1.3381077099603649,early,0.9791640330906665,15,14,none,0
i4TkaesMBtM,UCIp9sEZiv36cDG7cEnrVU7Q,time,3,3.9682,30,18683.78,29613,11131.121223510807,1.6785177802676727,likely,0.8295671035772534,15,13,none,0
i4TkaesMBtM,UCIp9sEZiv36cDG7cEnrVU7Q,time,5,4.9682,30,21862.68,29613,11064.522857531836,1.9759257843035412,likely,0.7818343958101098,15,13,none,0
i4TkaesMBtM,UCIp9sEZiv36cDG7cEnrVU7Q,time,7,6.9682,30,22999.97,29613,10941.214744728959,2.1021404347454427,likely,0.7511955271608174,15,13,none,0
i4TkaesMBtM,UCIp9sEZiv36cDG7cEnrVU7Q,time,14,13.9682,30,32274.01,29613,10736.979269582482,3.0058738333041406,confirmed,0.7729595719643761,15,12,none,0
QXqtcIfgc64,UC2eftfsjqc-H1_c8_uXbZJA,time,1,0.9994,27,288.09,312,181.86143397902407,1.584133361996357,early,,6,6,none,0
QXqtcIfgc64,UC2eftfsjqc-H1_c8_uXbZJA,time,2,1.9994,27,333.87,312,185.81890133874919,1.7967743026152965,early,0.7702165082419694,6,6,none,0
QXqtcIfgc64,UC2eftfsjqc-H1_c8_uXbZJA,time,3,2.9994,27,360.45,312,192.09473851531092,1.8763984368588928,early,0.5524187741119827,6,5,none,0
QXqtcIfgc64,UC2eftfsjqc-H1_c8_uXbZJA,time,5,4.9994,27,283.03,312,193.1307330486507,1.4654633916953266,likely,0.48290875081555945,6,5,none,0
QXqtcIfgc64,UC2eftfsjqc-H1_c8_uXbZJA,time,7,6.9994,27,284.16,312,201.5738205780557,1.409730858279585,likely,0.4501574520361861,6,5,none,0
QXqtcIfgc64,UC2eftfsjqc-H1_c8_uXbZJA,time,14,12.9994,27,361.01,312,201.63797855581132,1.7903992551045507,confirmed,0.41093822482663755,6,4,none,0
a5isoMkmHOQ,UC8wwEsUeTG9cpzvWT5Dsdqw,time,1,1.0417,27,43677.26,45016,23777.66202926974,1.8369032189538945,early,2.1819573964338916,15,12,none,0
a5isoMkmHOQ,UC8wwEsUeTG9cpzvWT5Dsdqw,time,2,2.0417,27,63115.88,45016,23805.374622469128,2.651328798184516,early,1.6933519119434834,15,11,none,0
a5isoMkmHOQ,UC8wwEsUeTG9cpzvWT5Dsdqw,time,3,3.0417,27,63218.16,45016,23757.494055073374,2.660977821905111,likely,1.4405982804227748,15,11,none,0
a5isoMkmHOQ,UC8wwEsUeTG9cpzvWT5Dsdqw,time,5,4.0417,27,67412.67,45016,23706.434601592515,2.8436445835779143,likely,1.3177116530313069,15,11,none,0
a5isoMkmHOQ,UC8wwEsUeTG9cpzvWT5Dsdqw,time,7,7.0417,27,71438.96,45016,23615.001884353103,3.0251514841785783,confirmed,1.090940923064009,15,11,none,0
a5isoMkmHOQ,UC8wwEsUeTG9cpzvWT5Dsdqw,time,14,15.0417,27,60978.53,45016,23690.999999999978,2.5739111901725704,confirmed,0.8514061901428419,15,10,none,0
CmkkuCfZJbc,UCfJT_eYDTmDE-ovKaxVE1ig,time,5,4.7914,27,262916.90,252086,,,insufficient,,0,0,none,0
CmkkuCfZJbc,UCfJT_eYDTmDE-ovKaxVE1ig,time,7,6.7914,27,274099.82,252086,,,insufficient,0.37426447685822545,0,0,none,0
CmkkuCfZJbc,UCfJT_eYDTmDE-ovKaxVE1ig,time,14,15.7914,27,262493.02,252086,,,insufficient,0.2093385334871405,0,0,none,0
xmQLP2dZLT4,UC4PIiYewI1YGyiZvgNlJNrA,time,0.5,0.5375,29,113140.81,133402,161297.02959562844,0.7014438327703516,early,,15,13,none,0
xmQLP2dZLT4,UC4PIiYewI1YGyiZvgNlJNrA,time,1,0.5375,29,113140.81,133402,161297.02959562844,0.7014438327703516,early,,15,13,none,0
xmQLP2dZLT4,UC4PIiYewI1YGyiZvgNlJNrA,time,2,1.5375,29,153027.40,133402,161731.7252545628,0.9461804924363385,early,1.057247580158903,15,13,none,0
xmQLP2dZLT4,UC4PIiYewI1YGyiZvgNlJNrA,time,3,2.5375,29,133555.29,133402,163531.54107714447,0.8166944028167717,early,0.7535036212802342,15,12,none,0
xmQLP2dZLT4,UC4PIiYewI1YGyiZvgNlJNrA,time,5,4.5375,29,141332.67,133402,164367.6705226316,0.8598568366892819,likely,0.6443759757634359,15,11,none,0
xmQLP2dZLT4,UC4PIiYewI1YGyiZvgNlJNrA,time,7,6.5375,29,126401.15,133402,165361.76812833038,0.7643916181330624,likely,0.5975442585362389,15,11,none,0
xmQLP2dZLT4,UC4PIiYewI1YGyiZvgNlJNrA,time,14,13.5375,29,156438.80,133402,175343.2025037003,0.8921862889427665,confirmed,0.530881378469967,15,10,none,0
WbR-7UPGaDg,UCoGfV8iKGSeBa8FEJG5PZcA,heldout,14,14.3329,29,69.24,78,81.00000000000003,0.8548420742788396,confirmed,0,15,12,none,0
qnd4_iC3iyE,UCPCPE5MoI7DS1WiVB_-mzNw,time,5,6.8000,28,7094.53,5675,4346.329429988356,1.632302950716495,likely,,15,15,none,0
qnd4_iC3iyE,UCPCPE5MoI7DS1WiVB_-mzNw,time,7,6.8000,28,7094.53,5675,4346.329429988356,1.632302950716495,likely,,15,15,none,0
qnd4_iC3iyE,UCPCPE5MoI7DS1WiVB_-mzNw,time,14,13.8000,28,5851.48,5675,4054.8311518789897,1.443089265895971,confirmed,0.006908874909490957,15,15,none,0
GFTDR8_q63M,UCN7dywl5wDxTu1RM3eJ_h9Q,time,5,4.9164,29,55240.00,148282,5726.04747937672,9.64714364775176,likely,,8,8,none,0
GFTDR8_q63M,UCN7dywl5wDxTu1RM3eJ_h9Q,time,7,6.9164,29,65300.36,148282,5975.999999999996,10.927102473951834,likely,0.537022343476069,15,14,none,0
GFTDR8_q63M,UCN7dywl5wDxTu1RM3eJ_h9Q,time,14,13.9164,29,107561.71,148282,6063.986387104938,17.73778815730489,confirmed,0.7975576299254676,15,13,none,0
0BsiuLBfqOY,UC6BW8DqrAmBEIeCtMa4bfBw,time,14,13.2593,27,2779.28,2747,4012.45730467947,0.6926629435166488,confirmed,,15,15,none,0
99z-N2yTpa4,UCZEEC1w4jP1cV2dibuDFwIQ,heldout,14,13.8748,28,7032.42,6817,11583.888781249154,0.6070864432589262,confirmed,,14,13,none,0
sI0SygjRExI,UC3KNWfcAsfHDqIzHExknhFQ,time,5,6.6374,27,105.72,179,,,insufficient,,1,1,none,0
sI0SygjRExI,UC3KNWfcAsfHDqIzHExknhFQ,time,7,6.6374,27,105.72,179,,,insufficient,,1,1,none,0
sI0SygjRExI,UC3KNWfcAsfHDqIzHExknhFQ,time,14,13.6374,27,157.03,179,,,insufficient,0.5986949124301848,1,1,none,0
0MaBOq9QlSY,UC9Nrmsn0jlFsbuzmeUVdIUw,time,2,2.0416,27,82.24,86,,,insufficient,,2,2,none,0
0MaBOq9QlSY,UC9Nrmsn0jlFsbuzmeUVdIUw,time,3,3.0416,27,67.22,86,118.57205338249956,0.5669024973871801,likely,0.3061008873526544,15,15,none,0
0MaBOq9QlSY,UC9Nrmsn0jlFsbuzmeUVdIUw,time,5,5.0416,27,86.02,86,117.76855683023301,0.7303962449794894,likely,0.49971139130096615,15,13,none,0
0MaBOq9QlSY,UC9Nrmsn0jlFsbuzmeUVdIUw,time,7,7.0416,27,98.98,86,119.23877031611372,0.8300601693907468,confirmed,0.5065354038762033,15,13,none,0
0MaBOq9QlSY,UC9Nrmsn0jlFsbuzmeUVdIUw,time,14,13.0416,27,94.71,86,124.64336227678939,0.7598161227759291,confirmed,0.3989559453387587,15,11,none,0
fVY1wRZnAQE,UCnpWedLQdHpZqhgTLdB9Yyg,heldout,14,14.8955,29,48515.51,45161,61573.79078946611,0.7879246939382324,confirmed,,15,11,none,0
92LK3J0ZykA,UCFYGr5NPq7klB5N0tb5Cdyg,time,14,13.7708,29,3746.15,5198,4325.207679532459,0.8661202319266031,confirmed,0.4156012975554993,15,15,none,0
ria70BFUIrs,UCnmGIkw-KdI0W5siakKPKog,heldout,14,12.8739,30,3447325.10,3725481,4475747.512447564,0.7702233182787228,confirmed,,15,15,none,0
Lz4UD7Uyor8,UC1J4DKcJXENzC-FkyMU6dow,time,7,8.5066,27,39503.81,44313,54241.813864064046,0.7282907790379342,confirmed,,13,13,none,0
Lz4UD7Uyor8,UC1J4DKcJXENzC-FkyMU6dow,time,14,13.5066,27,32670.95,44313,56604.85257624957,0.5771758528319632,confirmed,0.016901222591957994,15,11,none,0
E3vmC5QWZV4,UCanFJj7l5LIdEsxlJVK0c5g,time,14,14.9580,27,10167.17,9843,20913.59859557526,0.4861509938913768,confirmed,0.15009096883093292,15,14,none,0
qwOO7WVPYWE,UClPWZq1CXsdOE9GlD6qIcZA,time,1,0.9988,29,1675.87,5098,5459.1985587932095,0.3069814810756467,early,,15,12,none,0
qwOO7WVPYWE,UClPWZq1CXsdOE9GlD6qIcZA,time,2,1.9988,29,2138.45,5098,5515.573894549322,0.38771143825105386,early,0.8015836411266428,15,12,none,0
qwOO7WVPYWE,UClPWZq1CXsdOE9GlD6qIcZA,time,3,2.9988,29,2048.41,5098,5559.106876878363,0.3684775200970683,early,0.7879283326186983,15,12,none,0
qwOO7WVPYWE,UClPWZq1CXsdOE9GlD6qIcZA,time,5,4.9988,29,2899.73,5098,5695.774462228778,0.5091023694650789,likely,0.760682715463327,15,12,none,0
qwOO7WVPYWE,UClPWZq1CXsdOE9GlD6qIcZA,time,7,6.9988,29,3497.37,5098,5812.316596590109,0.6017166351894152,likely,0.8334606658029388,15,12,none,0
qwOO7WVPYWE,UClPWZq1CXsdOE9GlD6qIcZA,time,14,12.9988,29,4270.99,5098,5976.999999999995,0.7145707384279325,confirmed,0.7774591342712802,15,11,none,0
QSz_cgBDjRQ,UCGuIM34mGnfTDjfd9vwPtAQ,time,1,0.9993,29,19638.32,40380,22001.695106717925,0.8925822930353078,early,,15,10,none,0
QSz_cgBDjRQ,UCGuIM34mGnfTDjfd9vwPtAQ,time,2,1.9993,29,24578.47,40380,21797.800581414653,1.1275663147683808,early,0.9598162186152506,15,9,none,0
QSz_cgBDjRQ,UCGuIM34mGnfTDjfd9vwPtAQ,time,3,2.9993,29,21663.91,40380,22147.081175735362,0.9781837474357906,early,0.8744817876318697,15,9,none,0
QSz_cgBDjRQ,UCGuIM34mGnfTDjfd9vwPtAQ,time,5,4.9993,29,31036.56,40380,22255.96474519542,1.394527519255036,likely,0.7563460283125256,15,9,none,0
QSz_cgBDjRQ,UCGuIM34mGnfTDjfd9vwPtAQ,time,7,6.9993,29,43465.00,40380,22650.26644062587,1.9189620059026706,likely,0.8894464747399539,15,9,none,0
QSz_cgBDjRQ,UCGuIM34mGnfTDjfd9vwPtAQ,time,14,13.9993,29,45981.57,40380,23553.83009184665,1.952190698369368,confirmed,0.7709839585383976,15,9,none,0
8iZl4ZzhW3E,UCa09am-cOsC-FSgr_nLkFFA,time,1,1.8708,27,67900.41,64324,100582.43923006422,0.6750721742467084,early,,15,14,none,0
8iZl4ZzhW3E,UCa09am-cOsC-FSgr_nLkFFA,time,2,1.8708,27,67900.41,64324,100582.43923006422,0.6750721742467084,early,,15,14,none,0
8iZl4ZzhW3E,UCa09am-cOsC-FSgr_nLkFFA,time,3,2.8708,27,56945.52,64324,100582.43923006422,0.5661576851186837,early,0.37708799402295784,15,14,none,0
8iZl4ZzhW3E,UCa09am-cOsC-FSgr_nLkFFA,time,5,4.8708,27,59571.68,64324,100582.43923006422,0.5922671726400649,likely,0.33776314759153625,15,14,none,0
8iZl4ZzhW3E,UCa09am-cOsC-FSgr_nLkFFA,time,7,6.8708,27,66380.40,64324,101340.41322511938,0.6550239527088373,likely,0.3617523555431033,15,14,none,0
8iZl4ZzhW3E,UCa09am-cOsC-FSgr_nLkFFA,time,14,12.8708,27,66050.66,64324,102451.00000000003,0.6447048484588698,confirmed,0.3080477693316087,15,13,none,0
YhjqyX69Eto,UC1CVzH-XVr3E-kTT6D8hhfg,time,1,0.9160,29,21587.75,25623,46437.28021242583,0.46487974917837555,early,,15,8,none,0
YhjqyX69Eto,UC1CVzH-XVr3E-kTT6D8hhfg,time,2,1.9160,29,25291.00,25623,46440.75028814653,0.544586442470329,early,0.7696207518082275,15,8,none,0
YhjqyX69Eto,UC1CVzH-XVr3E-kTT6D8hhfg,time,3,2.9160,29,21771.04,25623,46535.64114881223,0.46783592248775385,early,0.5536781246815744,15,8,none,0
YhjqyX69Eto,UC1CVzH-XVr3E-kTT6D8hhfg,time,5,4.9160,29,20050.42,25623,45933.12941409886,0.4365132110697742,likely,0.49586715619230554,15,7,none,0
YhjqyX69Eto,UC1CVzH-XVr3E-kTT6D8hhfg,time,7,6.9160,29,21961.37,25623,44727.88760781652,0.4909994918364725,likely,0.44898030717841986,15,7,none,0
YhjqyX69Eto,UC1CVzH-XVr3E-kTT6D8hhfg,time,14,13.9160,29,25181.40,25623,42760.0648198079,0.5889000075919972,confirmed,0.43482664259043924,15,4,none,0
SpH5EJEiRnU,UC6BW8DqrAmBEIeCtMa4bfBw,time,14,13.3266,28,4472.56,4100,3757.3586126153364,1.1903463825594118,confirmed,,15,15,none,0
uzggnC5Jwts,UCznv7Vf9nBdJYvBagFdAHWw,time,5,6.5591,28,9638.08,11856,38955.643672335034,0.24741176573926738,likely,,15,14,none,0
uzggnC5Jwts,UCznv7Vf9nBdJYvBagFdAHWw,time,7,6.5591,28,9638.08,11856,38955.643672335034,0.24741176573926738,likely,,15,14,none,0
uzggnC5Jwts,UCznv7Vf9nBdJYvBagFdAHWw,time,14,13.5591,28,12158.62,11856,38647.352210811536,0.31460416988863577,confirmed,0.4667802323613257,15,13,none,0
pNAfBk_FIa0,UCxLipCsyGLyiRKRtpRtZHeg,heldout,1,1.8022,29,76.63,50,,,insufficient,,7,7,none,0
pNAfBk_FIa0,UCxLipCsyGLyiRKRtpRtZHeg,heldout,2,1.8022,29,76.63,50,,,insufficient,,7,7,none,0
pNAfBk_FIa0,UCxLipCsyGLyiRKRtpRtZHeg,heldout,3,2.8022,29,50.99,50,,,insufficient,0,8,8,none,0
pNAfBk_FIa0,UCxLipCsyGLyiRKRtpRtZHeg,heldout,5,4.8022,29,46.76,50,,,insufficient,0,8,8,none,0
pNAfBk_FIa0,UCxLipCsyGLyiRKRtpRtZHeg,heldout,7,6.8022,29,46.18,50,,,insufficient,0.02353261749459106,8,8,none,0
pNAfBk_FIa0,UCxLipCsyGLyiRKRtpRtZHeg,heldout,14,13.8022,29,46.51,50,,,insufficient,0.055931059706404766,8,8,none,0
k7D85T_RJb4,UC0r_-7jgl1yl0oWzGEJ6o3w,time,1,0.8739,27,1570933.84,2557126,1704502.9999999998,0.9216374714531027,early,,15,13,none,0
k7D85T_RJb4,UC0r_-7jgl1yl0oWzGEJ6o3w,time,2,1.8739,27,1949778.96,2557126,1704502.9999999998,1.1438988146069735,early,0.890791052016052,15,13,none,0
k7D85T_RJb4,UC0r_-7jgl1yl0oWzGEJ6o3w,time,3,2.8739,27,1955664.51,2557126,1704502.9999999998,1.147351758302626,early,0.7293188072679765,15,13,none,0
k7D85T_RJb4,UC0r_-7jgl1yl0oWzGEJ6o3w,time,5,4.8739,27,2179764.62,2557126,1704502.9999999998,1.2788270929155916,likely,0.6724094768925076,15,13,none,0
k7D85T_RJb4,UC0r_-7jgl1yl0oWzGEJ6o3w,time,7,6.8739,27,2781006.73,2557126,1704502.9999999998,1.6315645864253239,likely,0.6661006973489736,15,13,none,0
k7D85T_RJb4,UC0r_-7jgl1yl0oWzGEJ6o3w,time,14,12.8739,27,3020644.22,2557126,1704502.9999999998,1.7721554123921985,confirmed,0.5725848152086708,15,12,none,0
Zc28AlF-68I,UCdLlUhD9LUGm0-NTYDASPFA,time,5,5.0410,29,3138.27,3396,3876.7306780608706,0.8095134987929822,likely,0.2861877653910806,15,14,none,0
Zc28AlF-68I,UCdLlUhD9LUGm0-NTYDASPFA,time,7,7.0410,29,3508.93,3396,3899.5625957555794,0.8998261189543826,confirmed,0.3821062995281185,15,13,none,0
Zc28AlF-68I,UCdLlUhD9LUGm0-NTYDASPFA,time,14,14.0410,29,3489.43,3396,3932.9262978370302,0.8872341219330674,confirmed,0.2727957268485181,15,11,none,0
W6BOaobUC38,UCrwbBzP11NhxRUCRKx_BgoQ,time,14,12.9313,27,239245.30,220856,523283.55040824396,0.45720010837771846,confirmed,,15,15,none,0
Sopl5v4UTwc,UCLhu5JoRWPgEGDoUFfQHTPQ,time,5,5.7708,29,11102.12,9177,6760.331197194928,1.6422445976566886,likely,,11,11,none,0
Sopl5v4UTwc,UCLhu5JoRWPgEGDoUFfQHTPQ,time,7,6.7708,29,9185.38,9177,6169.566603170455,1.4888204954854303,likely,0.166119656002178,15,15,none,0
Sopl5v4UTwc,UCLhu5JoRWPgEGDoUFfQHTPQ,time,14,13.7708,29,9101.73,9177,6023.999999999995,1.510911889759553,confirmed,0.09703416660545701,15,11,none,0
qfe5SGtQHd8,UCGb34D3ThpmjLNn-FLv2_yQ,time,14,13.5411,28,3380.47,3502,2371.8439579563333,1.425248314492805,confirmed,0.12013176980215325,15,11,none,0
UokgAhHN4gM,UC99GtVg2esxExp_J0uPxO-g,heldout,2,2.6257,30,235129.16,202509,147754.72470657737,1.5913478217819668,early,,15,14,none,0
UokgAhHN4gM,UC99GtVg2esxExp_J0uPxO-g,heldout,3,2.6257,30,235129.16,202509,147754.72470657737,1.5913478217819668,early,,15,14,none,0
UokgAhHN4gM,UC99GtVg2esxExp_J0uPxO-g,heldout,5,6.6257,30,186489.33,202509,147289.5543623831,1.2661408791004185,likely,0.18047186231610987,15,14,none,0
UokgAhHN4gM,UC99GtVg2esxExp_J0uPxO-g,heldout,7,6.6257,30,186489.33,202509,147289.5543623831,1.2661408791004185,likely,0.18047186231610987,15,14,none,0
UokgAhHN4gM,UC99GtVg2esxExp_J0uPxO-g,heldout,14,13.6257,30,193108.92,202509,146274.35999268966,1.3201830093215317,confirmed,0.1405454537689297,15,13,none,0
nvszAm0e2-g,UC5r1tWnU1rYAXxXaJ56nX2Q,time,14,13.6590,27,51.45,54,57.61263443201652,0.8929509085829075,confirmed,0.46007544540070155,15,14,none,0
i1EdSmxLylU,UCfYfK0tzHZTpNFrc_NDKfTA,heldout,5,5.8749,27,1333.89,1262,1582.6590234482785,0.8428130956828076,likely,,15,15,none,0
i1EdSmxLylU,UCfYfK0tzHZTpNFrc_NDKfTA,time,5,5.8749,27,1333.89,1262,1582.6590234482785,0.8428130956828076,likely,,15,15,none,0
i1EdSmxLylU,UCfYfK0tzHZTpNFrc_NDKfTA,heldout,7,6.8749,27,1100.62,1262,1561.5532564137166,0.7048225688157337,likely,0.1486148754444381,15,15,none,0
i1EdSmxLylU,UCfYfK0tzHZTpNFrc_NDKfTA,time,7,6.8749,27,1100.62,1262,1561.5532564137166,0.7048225688157337,likely,0.1486148754444381,15,15,none,0
i1EdSmxLylU,UCfYfK0tzHZTpNFrc_NDKfTA,heldout,14,12.8749,27,1210.20,1262,1517.399571697257,0.7975459840369803,confirmed,0.18105892694824952,15,12,none,0
i1EdSmxLylU,UCfYfK0tzHZTpNFrc_NDKfTA,time,14,12.8749,27,1210.20,1262,1517.399571697257,0.7975459840369803,confirmed,0.18105892694824952,15,12,none,0
Bkkps-ycDBU,UCll3zdukvI1oWlG-F13UCZw,time,1,1.0214,27,7163.91,3897,4182.988075956798,1.7126290158942306,early,,15,15,none,0
Bkkps-ycDBU,UCll3zdukvI1oWlG-F13UCZw,time,2,2.0214,27,4714.68,3897,4132.815784459424,1.1407916797015991,early,0.21551408641596015,15,15,none,0
Bkkps-ycDBU,UCll3zdukvI1oWlG-F13UCZw,time,3,3.0214,27,4094.46,3897,4090.6318713420414,1.0009369261623304,likely,0.14281209442429552,15,15,none,0
Bkkps-ycDBU,UCll3zdukvI1oWlG-F13UCZw,time,5,5.0214,27,3910.95,3897,4051.272603959601,0.9653630574341193,likely,0.12734925630283217,15,15,none,0
Bkkps-ycDBU,UCll3zdukvI1oWlG-F13UCZw,time,7,7.0214,27,3941.77,3897,4017.5079042738585,0.9811489534517525,confirmed,0.1331295888869722,15,15,none,0
Bkkps-ycDBU,UCll3zdukvI1oWlG-F13UCZw,time,14,13.0214,27,3930.27,3897,3918.3564775054515,1.0030405418311659,confirmed,0.12522104196285824,15,15,none,0
xshlLGJdX80,UC3KNWfcAsfHDqIzHExknhFQ,time,5,6.6374,28,203.89,397,,,insufficient,,2,2,none,0
xshlLGJdX80,UC3KNWfcAsfHDqIzHExknhFQ,time,7,6.6374,28,203.89,397,,,insufficient,,2,2,none,0
xshlLGJdX80,UC3KNWfcAsfHDqIzHExknhFQ,time,14,13.6374,28,321.65,397,,,insufficient,0.6913460080516339,2,2,none,0
Sw7wnZSy4Ug,UC7Hi_moNiYG88AgbyiJU9UQ,heldout,1,1.8539,30,1515.75,1859,6126.506537932197,0.24740867633063224,early,,8,8,none,0
Sw7wnZSy4Ug,UC7Hi_moNiYG88AgbyiJU9UQ,heldout,2,1.8539,30,1515.75,1859,6126.506537932197,0.24740867633063224,early,,8,8,none,0
Dt-XlIc8lgE,UCayab18rVcu2PA685_WZXig,time,14,13.7476,27,454.35,419,495.0768114157439,0.9177325125731194,confirmed,,11,10,none,0
Y2nzTuUvslo,UCDAbrXOj2yIrzj8QE4jC-Og,time,5,6.8327,29,2984.06,2969,,,insufficient,,0,0,none,0
Y2nzTuUvslo,UCDAbrXOj2yIrzj8QE4jC-Og,time,7,6.8327,29,2984.06,2969,,,insufficient,,0,0,none,0
Y2nzTuUvslo,UCDAbrXOj2yIrzj8QE4jC-Og,time,14,13.8327,29,2920.11,2969,,,insufficient,0.19652397795731746,0,0,none,0
BzJoiYVBSTQ,UCNRXCkyFGkmw_TcFMw7fBaQ,time,1,0.8747,28,40957.19,47708,69534.01425550543,0.5890237821692962,early,,6,5,none,0
BzJoiYVBSTQ,UCNRXCkyFGkmw_TcFMw7fBaQ,time,2,1.8747,28,47381.70,47708,68508.35505334477,0.6916192263774804,early,0.7265507073411251,6,5,none,0
BzJoiYVBSTQ,UCNRXCkyFGkmw_TcFMw7fBaQ,time,3,2.8747,28,47871.81,47708,67531.42246752157,0.708881993628147,early,0.6426693706288928,6,5,none,0
BzJoiYVBSTQ,UCNRXCkyFGkmw_TcFMw7fBaQ,time,5,4.8747,28,40832.05,47708,65996.78019383189,0.6186976495547801,likely,0.47741972263381377,6,5,none,0
BzJoiYVBSTQ,UCNRXCkyFGkmw_TcFMw7fBaQ,time,7,7.8747,28,41271.14,47708,64403.68776996749,0.6408194615379652,confirmed,0.41518945904513255,6,5,none,0
BzJoiYVBSTQ,UCNRXCkyFGkmw_TcFMw7fBaQ,time,14,13.8747,28,44147.13,47708,62085.15796826314,0.7110738513501745,confirmed,0.36874457227135804,6,5,none,0
L0yG4EGiY_g,UCnjOBqS_4w-AsjyDr4bQEUg,time,1,0.9162,27,10805.88,10937,6179.000000000004,1.7488071620068517,early,,15,8,none,0
L0yG4EGiY_g,UCnjOBqS_4w-AsjyDr4bQEUg,time,2,1.9162,27,10284.49,10937,6179.000000000004,1.6644264161981013,early,0.6634096500808024,15,7,none,0
L0yG4EGiY_g,UCnjOBqS_4w-AsjyDr4bQEUg,time,3,2.9162,27,10840.37,10937,6179.000000000004,1.7543890483124631,early,0.49639276948172034,15,7,none,0
L0yG4EGiY_g,UCnjOBqS_4w-AsjyDr4bQEUg,time,5,4.9162,27,10543.37,10937,6179.000000000004,1.7063223471377744,likely,0.3916009073726783,15,7,none,0
L0yG4EGiY_g,UCnjOBqS_4w-AsjyDr4bQEUg,time,7,6.9162,27,11264.70,10937,6179.000000000004,1.8230619946087556,likely,0.3651897642978146,15,7,none,0
L0yG4EGiY_g,UCnjOBqS_4w-AsjyDr4bQEUg,time,14,15.9162,27,11904.44,10937,6179.000000000004,1.926595742077177,confirmed,0.3445289994152575,15,4,none,0
csBoh1NBNUM,UC_7aK9PpYTqt08ERh1MewlQ,heldout,1,0.9575,28,30026.47,44554,22921.389317610287,1.309975935489679,early,,15,10,none,0
csBoh1NBNUM,UC_7aK9PpYTqt08ERh1MewlQ,heldout,2,2.9575,28,49328.12,44554,23198.78174220857,2.1263237034338656,early,0.9329732309718599,15,9,none,0
csBoh1NBNUM,UC_7aK9PpYTqt08ERh1MewlQ,heldout,3,2.9575,28,49328.12,44554,23198.78174220857,2.1263237034338656,early,0.9329732309718599,15,9,none,0
csBoh1NBNUM,UC_7aK9PpYTqt08ERh1MewlQ,heldout,5,4.9575,28,58468.83,44554,23649.291101962623,2.472329140136089,likely,0.8612215310155299,15,9,none,0
csBoh1NBNUM,UC_7aK9PpYTqt08ERh1MewlQ,heldout,7,6.9575,28,60341.44,44554,24298.22714274598,2.4833679016526586,likely,0.7727933956798969,15,9,none,0
csBoh1NBNUM,UC_7aK9PpYTqt08ERh1MewlQ,heldout,14,13.9575,28,50471.03,44554,25169.761916791093,2.0052246637028266,confirmed,0.5944141836287586,15,8,none,0
NsKflqx9Bf0,UCr3GuyRSJO1yRwzTt5rzFWA,time,14,13.9787,29,2283.01,2561,2989.4627681203865,0.7636862150911641,confirmed,0.30767226459551233,15,13,none,0
1wNpNkkGB54,UCb4YTduN-tdW9hSVjPwgkbw,time,5,6.8203,29,2590.13,2780,,,insufficient,,0,0,none,0
1wNpNkkGB54,UCb4YTduN-tdW9hSVjPwgkbw,time,7,6.8203,29,2590.13,2780,,,insufficient,,0,0,none,0
1wNpNkkGB54,UCb4YTduN-tdW9hSVjPwgkbw,time,14,13.8203,29,2665.75,2780,,,insufficient,0.22870648528658652,0,0,none,0
9jGCaysNceg,UCIjZGb-JlfZuUzggOcIx_Mg,time,14,15.0152,27,274.90,290,347,0.7922244970713529,confirmed,0.10626401833084437,9,8,none,0
aDizcTftOx8,UCYL1Kn00HYDP0gOZKHBC84w,heldout,14,13.6666,29,48195.25,45393,5529.932021581944,8.715342264958343,confirmed,,12,10,none,0
aDizcTftOx8,UCYL1Kn00HYDP0gOZKHBC84w,time,14,13.6666,29,48195.25,45393,5529.932021581944,8.715342264958343,confirmed,,12,10,none,0
5k3gxj2Sj2M,UCGy7EnfIC59wJNSSwt5nzdg,time,14,13.9642,28,489.86,518,332.3445135939705,1.4739607998194173,confirmed,0.029472181930096413,15,14,none,0
f9v50uNJkZ0,UCrtPXCqjm9c7nqgJL-vBSZg,heldout,5,5.0886,27,931.05,1521,6870.963094479286,0.13550486203352152,likely,0.31722043313186626,15,13,none,0
f9v50uNJkZ0,UCrtPXCqjm9c7nqgJL-vBSZg,time,5,5.0886,27,931.05,1521,6870.963094479286,0.13550486203352152,likely,0.31722043313186626,15,13,none,0
f9v50uNJkZ0,UCrtPXCqjm9c7nqgJL-vBSZg,heldout,7,7.0886,27,1050.40,1521,6948.0000000000055,0.15117947832796394,confirmed,0.41539911032396937,15,12,none,0
f9v50uNJkZ0,UCrtPXCqjm9c7nqgJL-vBSZg,time,7,7.0886,27,1050.40,1521,6948.0000000000055,0.15117947832796394,confirmed,0.41539911032396937,15,12,none,0
f9v50uNJkZ0,UCrtPXCqjm9c7nqgJL-vBSZg,heldout,14,13.0886,27,1208.96,1521,6948.0000000000055,0.17400165157674355,confirmed,0.40721677058506006,15,9,none,0
f9v50uNJkZ0,UCrtPXCqjm9c7nqgJL-vBSZg,time,14,13.0886,27,1208.96,1521,6948.0000000000055,0.17400165157674355,confirmed,0.40721677058506006,15,9,none,0
uCc3pJymQbw,UCaBOIBVD_f6eyRRRBRrCz8w,time,14,13.8122,28,38577.48,36633,39287.61748088162,0.9819245726271074,confirmed,,4,4,none,0
gzEc4CO2uHw,UCWZwfV3ICOt3uEPpW6hYK4g,time,7,8.8741,28,5258.28,5560,9496.936692446687,0.5536818204358621,confirmed,,15,15,none,0
gzEc4CO2uHw,UCWZwfV3ICOt3uEPpW6hYK4g,time,14,13.8741,28,5273.31,5560,9459.709934621733,0.5574493263791014,confirmed,0.293575008621047,15,15,none,0
0zJqU2JG6VI,UChISHLovxnSLP0w81NEQj5w,time,14,12.8663,27,46513.19,45115,17183.337489796322,2.706877805101247,confirmed,0.017228012287556625,15,15,none,0
nx_Ek08Jj5Q,UCc8cHxAZ3jwWkrrDyaLwDUw,time,5,6.6041,28,3539.08,3078,,,insufficient,,1,1,none,0
nx_Ek08Jj5Q,UCc8cHxAZ3jwWkrrDyaLwDUw,time,7,6.6041,28,3539.08,3078,,,insufficient,,1,1,none,0
nx_Ek08Jj5Q,UCc8cHxAZ3jwWkrrDyaLwDUw,time,14,13.6041,28,3077.66,3078,,,insufficient,0.08788618085180773,1,1,none,0
9ddgWQ8wQo0,UCpXipTyhIY9kprpvVd-lu0A,time,3,3.9270,27,25540.11,21357,59876.74490388738,0.4265447777390055,likely,,15,15,none,0
9ddgWQ8wQo0,UCpXipTyhIY9kprpvVd-lu0A,time,5,4.9270,27,19043.78,21357,59353.149396697125,0.3208553875315428,likely,0.19367711804973597,15,15,none,0
9ddgWQ8wQo0,UCpXipTyhIY9kprpvVd-lu0A,time,7,6.9270,27,22009.55,21357,58944.30066479563,0.37339565113248513,likely,0.25558644312596757,15,15,none,0
9ddgWQ8wQo0,UCpXipTyhIY9kprpvVd-lu0A,time,14,12.9270,27,21974.72,21357,57025.88601245382,0.3853464852646426,confirmed,0.21906378196469237,15,14,none,0
WjLnnmeDV1w,UCPAt6z5uX_c5Eo_cSNROzYw,time,7,8.9418,28,557.54,456,8683.275026396195,0.06420894600262843,confirmed,,15,15,none,0
WjLnnmeDV1w,UCPAt6z5uX_c5Eo_cSNROzYw,time,14,13.9418,28,461.96,456,8331.548569756773,0.05544698021500668,confirmed,0.022063101071045414,15,15,none,0
TweVaQib0Z4,UCAGgFGwq4HZKLZ4gXo9xLiw,time,5,5.0428,27,2737.12,2293,3425.1890127341203,0.7991142194355761,likely,,6,6,none,0
TweVaQib0Z4,UCAGgFGwq4HZKLZ4gXo9xLiw,time,7,7.0428,27,2609.64,2293,3273.0814681870224,0.797304026805967,confirmed,0.2416566330325141,6,6,none,0
TweVaQib0Z4,UCAGgFGwq4HZKLZ4gXo9xLiw,time,14,13.0428,27,2445.38,2293,3008.574309603653,0.8128029124539188,confirmed,0.132521973685533,6,6,none,0
grS5cSMnGeg,UCztm4C-jD0jpHlDFhRyEltw,time,1,1.6667,27,889.64,938,,,insufficient,,1,1,none,0
grS5cSMnGeg,UCztm4C-jD0jpHlDFhRyEltw,time,2,1.6667,27,889.64,938,,,insufficient,,1,1,none,0
grS5cSMnGeg,UCztm4C-jD0jpHlDFhRyEltw,time,3,2.6667,27,764.61,938,3162.2103686984783,0.24179725043713463,early,0.4308337385357438,15,14,none,0
grS5cSMnGeg,UCztm4C-jD0jpHlDFhRyEltw,time,5,4.6667,27,808.71,938,3162.2103686984783,0.25574260364156426,likely,0.3676463706717964,15,14,none,0
grS5cSMnGeg,UCztm4C-jD0jpHlDFhRyEltw,time,7,6.6667,27,901.97,938,3249.349078696598,0.2775847134191019,likely,0.37995595280749184,15,13,none,0
grS5cSMnGeg,UCztm4C-jD0jpHlDFhRyEltw,time,14,12.6667,27,903.13,938,3488.4483317004633,0.2588923232206233,confirmed,0.3230492775289101,15,13,none,0
ESxTjNZHqZM,UCsvqVGtbbyHaMoevxPAq9Fg,time,14,14.2911,29,3019.79,2942,5517.158647844861,0.5473446088659765,confirmed,0.00519075587753178,15,15,none,0
r9GNtMO7fYQ,UCAmsTmQTOPbSfXs6QIDgGXg,time,14,12.6662,27,741.98,749,614.7958966779063,1.206869306425791,confirmed,0.1308903871539254,15,13,none,0
vP_TFGUrbx0,UC6BW8DqrAmBEIeCtMa4bfBw,time,14,13.3478,28,15765.88,14329,3757.3586126153364,4.196000491742506,confirmed,,15,15,none,0
QO3JA2e8_Bw,UCGpsgNbzdF7BECCVbB1COHw,time,14,13.6726,29,20281.87,19842,6799.872348790197,2.9826841298487627,confirmed,0.24558944602727262,15,15,none,0
qjH5nhHZIGw,UCGuIM34mGnfTDjfd9vwPtAQ,heldout,1,1.9573,32,21198.08,25560,20528.999999999985,1.032592154677828,early,,15,10,none,0
qjH5nhHZIGw,UCGuIM34mGnfTDjfd9vwPtAQ,heldout,2,1.9573,32,21198.08,25560,20528.999999999985,1.032592154677828,early,,15,10,none,0
qjH5nhHZIGw,UCGuIM34mGnfTDjfd9vwPtAQ,heldout,3,3.9573,32,20148.83,25560,20528.999999999985,0.9814814777419167,likely,0.4604844888234594,15,10,none,0
qjH5nhHZIGw,UCGuIM34mGnfTDjfd9vwPtAQ,heldout,5,4.9573,32,21430.90,25560,20528.999999999985,1.0439328097665432,likely,0.4410695255147232,15,10,none,0
qjH5nhHZIGw,UCGuIM34mGnfTDjfd9vwPtAQ,heldout,7,6.9573,32,20987.29,25560,20528.999999999985,1.0223238873958505,likely,0.43566214484688764,15,10,none,0
qjH5nhHZIGw,UCGuIM34mGnfTDjfd9vwPtAQ,heldout,14,13.9573,32,22594.88,25560,20528.999999999985,1.1006322395812151,confirmed,0.3677799267367661,15,9,none,0
hyAzuvVa7rs,UCqg4NBVlXBMRNvMGQ63cYfg,time,14,13.8959,29,4648.53,4677,5010.999999999999,0.9276649629281373,confirmed,0.04806848609351684,15,14,none,0
_w-InFZK32M,UCvt-PjJT5B3B2cqcewYjFBQ,time,14,13.0458,28,549.49,548,450.00000000000006,1.2210878537168077,confirmed,0.29843253569846523,15,11,none,0
QsR3a2xPBXw,UCnpWedLQdHpZqhgTLdB9Yyg,heldout,1,1.8956,30,62151.39,73641,68479.66702745341,0.9075890036283695,early,,15,15,none,0
QsR3a2xPBXw,UCnpWedLQdHpZqhgTLdB9Yyg,heldout,2,1.8956,30,62151.39,73641,68479.66702745341,0.9075890036283695,early,,15,15,none,0
QsR3a2xPBXw,UCnpWedLQdHpZqhgTLdB9Yyg,heldout,5,6.8956,30,65341.42,73641,71333.61032935156,0.9159976630915052,likely,0.43618486296658426,15,15,none,0
QsR3a2xPBXw,UCnpWedLQdHpZqhgTLdB9Yyg,heldout,7,6.8956,30,65341.42,73641,71333.61032935156,0.9159976630915052,likely,0.43618486296658426,15,15,none,0
QsR3a2xPBXw,UCnpWedLQdHpZqhgTLdB9Yyg,heldout,14,13.8956,30,70886.88,73641,71148.00000000001,0.9963299535002359,confirmed,0.36668396680993165,15,12,none,0
C5aK1Vji-mU,UCYNGKZuT3dj0J0bBt4qfqXQ,time,14,13.2839,28,11583.37,13071,8302.999999999996,1.395082100590372,confirmed,0.3682600274419158,15,11,none,0
qG0zAY2oaNQ,UCB5Nin2VBUeNLqamqEVh-2A,heldout,1,1.4553,30,12251.14,7706,46042.75606349365,0.26608191758459515,early,,15,14,none,0
qG0zAY2oaNQ,UCB5Nin2VBUeNLqamqEVh-2A,heldout,2,1.4553,30,12251.14,7706,46042.75606349365,0.26608191758459515,early,,15,14,none,0
qG0zAY2oaNQ,UCB5Nin2VBUeNLqamqEVh-2A,heldout,14,13.4553,30,7853.24,7706,45116.94737612967,0.17406402271469262,confirmed,0.1964526844326549,15,14,none,0
WvO5lOVPyJM,UCUpbDOT-OVNBlaQpb9pbd2w,heldout,7,8.4122,30,44110.16,35506,16945.438699595503,2.6030696874932087,confirmed,,15,15,none,0
WvO5lOVPyJM,UCUpbDOT-OVNBlaQpb9pbd2w,heldout,14,13.4122,30,36457.57,35506,15669.127597779352,2.3267136279231204,confirmed,0.015285486563271082,15,15,none,0
X61yahEIJoM,UC0Fh1HN4RvOw2hMk9n5PysA,time,7,8.8327,27,473.22,496,235.3105062234499,2.0110455074462457,confirmed,,4,4,none,0
X61yahEIJoM,UC0Fh1HN4RvOw2hMk9n5PysA,time,14,12.8327,27,459.96,496,429.8829566314939,1.0699648917814912,confirmed,0.2607631214732419,15,14,none,0
NB_u7v_9ebM,UCqXT5lnIuR8vCQbD9-gkWnA,time,14,14.9752,27,719.16,695,1446.6719816401487,0.49711677435528645,confirmed,0.21068316230289577,15,14,none,0
A5bu-OvOvos,UCC_ycdL5_Rw9b6UEmtmUE3g,time,5,6.9465,29,4412.53,4688,,,insufficient,,1,1,none,0
A5bu-OvOvos,UCC_ycdL5_Rw9b6UEmtmUE3g,time,7,6.9465,29,4412.53,4688,,,insufficient,,1,1,none,0
A5bu-OvOvos,UCC_ycdL5_Rw9b6UEmtmUE3g,time,14,13.9465,29,4550.36,4688,,,insufficient,0.2345632763296861,1,1,none,0
VQLKPautr4Y,UCUpbDOT-OVNBlaQpb9pbd2w,time,5,4.5056,28,75777.22,61220,30395.060342293662,2.493076810158057,likely,,15,15,none,0
VQLKPautr4Y,UCUpbDOT-OVNBlaQpb9pbd2w,time,7,6.5056,28,64932.06,61220,28560.608658553785,2.2734831521482346,likely,0.18700803520245757,15,15,none,0
VQLKPautr4Y,UCUpbDOT-OVNBlaQpb9pbd2w,time,14,12.5056,28,62920.50,61220,25763.17085404115,2.4422652835600513,confirmed,0.09855312660054923,15,15,none,0
gZQWDgUNQY8,UCMmfUj8CcXeqpqWkund3ELg,time,7,7.8741,29,60606.16,70775,45985.00000000003,1.317954956873581,confirmed,,15,13,none,0
gZQWDgUNQY8,UCMmfUj8CcXeqpqWkund3ELg,time,14,13.8741,29,67111.50,70775,45985.00000000003,1.4594216243341092,confirmed,0.3399940883343464,15,11,none,0
C9zWKCEaWHw,UCNMZWa1QP42jHrmmzayFEeg,time,14,13.4866,28,5848.92,5862,5674.501371050693,1.030736949516916,confirmed,0.19146525339353346,15,15,none,0
5wwGpoej35w,UC9vUu4vlIlMC0dHQCTvQPbg,time,5,5.7708,28,27023.08,21801,,,insufficient,,1,1,none,0
5wwGpoej35w,UC9vUu4vlIlMC0dHQCTvQPbg,time,7,6.7708,28,22255.35,21801,,,insufficient,0.132830825912159,1,1,none,0
5wwGpoej35w,UC9vUu4vlIlMC0dHQCTvQPbg,time,14,13.7708,28,21983.88,21801,,,insufficient,0.08714946662204816,1,1,none,0
yHGjW2oAP2E,UCYzz2SkhAaM0FDKuGk-IPZg,time,3,3.0830,28,40011.26,30117,10905.803419956857,3.668804265167067,likely,,15,14,none,0
yHGjW2oAP2E,UCYzz2SkhAaM0FDKuGk-IPZg,time,5,5.0830,28,30283.91,30117,10905.803419956857,2.7768615786029014,likely,0.12730962839108942,15,14,none,0
yHGjW2oAP2E,UCYzz2SkhAaM0FDKuGk-IPZg,time,7,7.0830,28,30423.68,30117,10808.88868044182,2.814690451710362,confirmed,0.13470990812843445,15,14,none,0
yHGjW2oAP2E,UCYzz2SkhAaM0FDKuGk-IPZg,time,14,13.0830,28,29559.19,30117,10653.17421967148,2.7746836720234103,confirmed,0.10105946673448708,15,13,none,0
G0-x2z4wUgg,UC0WFn9iVCx3fCa31rqAvlXA,time,5,6.6451,29,50.34,46,,,insufficient,,0,0,none,0
G0-x2z4wUgg,UC0WFn9iVCx3fCa31rqAvlXA,time,7,6.6451,29,50.34,46,,,insufficient,,0,0,none,0
G0-x2z4wUgg,UC0WFn9iVCx3fCa31rqAvlXA,time,14,13.6451,29,42.37,46,,,insufficient,0.03798621813547768,0,0,none,0
_z1GUvjMNxs,UC_e2d5wMDP2gCf8IBNFyKKg,heldout,5,6.9576,30,162.35,229,,,insufficient,,0,0,none,0
_z1GUvjMNxs,UC_e2d5wMDP2gCf8IBNFyKKg,time,5,6.9576,30,162.35,229,,,insufficient,,0,0,none,0
_z1GUvjMNxs,UC_e2d5wMDP2gCf8IBNFyKKg,heldout,7,6.9576,30,162.35,229,,,insufficient,,0,0,none,0
_z1GUvjMNxs,UC_e2d5wMDP2gCf8IBNFyKKg,time,7,6.9576,30,162.35,229,,,insufficient,,0,0,none,0
_z1GUvjMNxs,UC_e2d5wMDP2gCf8IBNFyKKg,heldout,14,13.9576,30,250.74,229,,,insufficient,0.678907174404426,0,0,none,0
_z1GUvjMNxs,UC_e2d5wMDP2gCf8IBNFyKKg,time,14,13.9576,30,250.74,229,,,insufficient,0.678907174404426,0,0,none,0
zrC5jnzEnUs,UCfiZzwbPTOw8MCQfyxES43A,time,5,6.4457,29,2600.19,4212,,,insufficient,,0,0,none,0
zrC5jnzEnUs,UCfiZzwbPTOw8MCQfyxES43A,time,7,7.4457,29,2572.14,4212,,,insufficient,0.22716739248576537,0,0,none,0
zrC5jnzEnUs,UCfiZzwbPTOw8MCQfyxES43A,time,14,14.4457,29,2876.15,4212,,,insufficient,0.29915408648241903,0,0,none,0
q8g75De09eM,UC7F-suscQATns3qRYHpyijw,time,5,4.7907,27,53450.61,127435,,,insufficient,,0,0,none,0
q8g75De09eM,UC7F-suscQATns3qRYHpyijw,time,7,6.7907,27,63074.79,127435,,,insufficient,0.5212314895548573,0,0,none,0
q8g75De09eM,UC7F-suscQATns3qRYHpyijw,time,14,15.7907,27,95097.12,127435,,,insufficient,0.6080272467958165,0,0,none,0
uOiE40EKZtQ,UChzLnWVsl3puKQwc5PoO6Zg,time,14,13.5165,28,6042.67,6044,15266.67801681064,0.3958080778956928,confirmed,0.08170825303476166,15,15,none,0
p_LcLnx2bCk,UCPAt6z5uX_c5Eo_cSNROzYw,time,7,8.9368,28,4460.35,3685,8175.677177982199,0.5455635540966407,confirmed,,15,15,none,0
p_LcLnx2bCk,UCPAt6z5uX_c5Eo_cSNROzYw,time,14,13.9368,28,3732.88,3685,8006.328195450608,0.4662409967491721,confirmed,0.04663004794086322,15,15,none,0
9na5zfZZK9s,UCLo67YCh8z836Mgl8-3-Zfw,time,14,14.1306,29,330.23,333,113.3666606989432,2.9129682827665486,confirmed,,15,15,none,0
_qyy3oY6sXw,UC4wKN1tlnlNVMiRPOu7qyvQ,time,1,1.5828,27,878.43,899,2229.6625173654566,0.3939723089719923,early,,15,15,none,0
_qyy3oY6sXw,UC4wKN1tlnlNVMiRPOu7qyvQ,time,2,1.5828,27,878.43,899,2229.6625173654566,0.3939723089719923,early,,15,15,none,0
_qyy3oY6sXw,UC4wKN1tlnlNVMiRPOu7qyvQ,time,3,2.5828,27,634.32,899,2250.9495280688866,0.2818004624858982,early,0.249576370331942,15,15,none,0
_qyy3oY6sXw,UC4wKN1tlnlNVMiRPOu7qyvQ,time,5,4.5828,27,752.05,899,2377.5666382689556,0.3163110369353055,likely,0.28174074751546685,15,15,none,0
_qyy3oY6sXw,UC4wKN1tlnlNVMiRPOu7qyvQ,time,7,6.5828,27,753.73,899,2356.054613703503,0.3199140552668913,likely,0.26166573470005716,15,15,none,0
_qyy3oY6sXw,UC4wKN1tlnlNVMiRPOu7qyvQ,time,14,13.5828,27,848.30,899,2298.644688715051,0.36904157310834135,confirmed,0.27611928232693694,15,15,none,0
BzXqHxy13iA,UC6BW8DqrAmBEIeCtMa4bfBw,time,14,14.2629,29,2225.20,2101,3832.34174658141,0.5806364888000851,confirmed,,15,15,none,0
s7iMx07gXMY,UCqsvmrjWY7fPcKqWHnYVTMA,time,14,12.6509,27,14475.86,14477,,,insufficient,0.25195451499173616,12,12,none,0
klP82OaYeJ4,UC70SrI3VkT1MXALRtf0pcHg,time,0.5,0.7033,29,84986.10,73455,72179.72029935267,1.177423536177618,early,,13,13,none,0
klP82OaYeJ4,UC70SrI3VkT1MXALRtf0pcHg,time,1,0.7033,29,84986.10,73455,72179.72029935267,1.177423536177618,early,,13,13,none,0
klP82OaYeJ4,UC70SrI3VkT1MXALRtf0pcHg,time,2,1.7033,29,103071.58,73455,73322.64218220135,1.405726431179031,early,0.9925854307083701,14,14,none,0
klP82OaYeJ4,UC70SrI3VkT1MXALRtf0pcHg,time,3,2.7033,29,98511.78,73455,71890.70010011435,1.3702993893538251,early,0.7196656932075931,14,14,none,0
klP82OaYeJ4,UC70SrI3VkT1MXALRtf0pcHg,time,5,4.7033,29,98452.53,73455,64296.65640491036,1.5312231143692034,likely,0.5696491698762568,15,15,none,0
klP82OaYeJ4,UC70SrI3VkT1MXALRtf0pcHg,time,7,6.7033,29,93031.33,73455,62715.34832776831,1.483390214726476,likely,0.4961218543335529,15,15,none,0
klP82OaYeJ4,UC70SrI3VkT1MXALRtf0pcHg,time,14,13.7033,29,83671.03,73455,59491.3158605363,1.4064410579162578,confirmed,0.37323981516537796,15,15,none,0
Jk1FtgY8sSQ,UCYO_YUHK7ZROCqJMtSOuOHQ,time,0.5,0.7226,29,528.34,15009,867.1570409897422,0.6092808878692375,early,,14,14,none,0
Jk1FtgY8sSQ,UCYO_YUHK7ZROCqJMtSOuOHQ,time,1,0.7226,29,528.34,15009,867.1570409897422,0.6092808878692375,early,,14,14,none,0
Jk1FtgY8sSQ,UCYO_YUHK7ZROCqJMtSOuOHQ,time,2,1.7226,29,449.63,15009,877.6207960803014,0.512331783306779,early,0.5841088982563076,14,14,none,0
Jk1FtgY8sSQ,UCYO_YUHK7ZROCqJMtSOuOHQ,time,3,3.7226,29,596.51,15009,560.9109296010182,1.0634694323593974,likely,0.6041789815693346,15,13,none,0
Jk1FtgY8sSQ,UCYO_YUHK7ZROCqJMtSOuOHQ,time,5,4.7226,29,934.25,15009,556.5578313617682,1.678629831221286,likely,0.7690416820655107,15,12,none,0
Jk1FtgY8sSQ,UCYO_YUHK7ZROCqJMtSOuOHQ,time,7,6.7226,29,3053.05,15009,1877.334025578073,1.6262689232865475,likely,1.4929230337511767,15,12,none,0
Jk1FtgY8sSQ,UCYO_YUHK7ZROCqJMtSOuOHQ,time,14,14.7226,29,37332.24,15009,4787.1419961418505,7.798439122754958,confirmed,1.766583312691383,15,9,none,0
zAbo8YcIlrQ,UCMPaviJxybo1RTdzvYcU91A,time,14,15.0494,27,2195.83,2248,1621.0000000000002,1.3546172949425068,confirmed,0.709215557667603,15,9,none,0
ZAS2aGNVRf4,UCZB32syI0FFtThd6xkPTRrg,time,14,13.7079,28,39302.22,40964,27330.247926485314,1.4380483380807279,confirmed,,14,14,none,0
eoonc29MGA8,UClIZqOLqUCro7bKztUjYCNA,heldout,5,6.1043,29,2953.85,3289,3303.741868500283,0.8940922982083882,likely,,7,7,none,0
eoonc29MGA8,UClIZqOLqUCro7bKztUjYCNA,heldout,7,6.1043,29,2953.85,3289,3303.741868500283,0.8940922982083882,likely,,7,7,none,0
eoonc29MGA8,UClIZqOLqUCro7bKztUjYCNA,heldout,14,14.1043,29,3230.91,3289,3279.201459078581,0.9852730829107161,confirmed,0.2745400515837956,7,7,none,0
foru-QnySpY,UCEKt2bUDBoRUw3wpPpDOUaA,time,3,3.8437,28,266083.27,284478,134600.99999999994,1.9768298064324479,likely,,15,14,none,0
foru-QnySpY,UCEKt2bUDBoRUw3wpPpDOUaA,time,5,5.8437,28,244435.75,284478,134600.99999999994,1.816002490366203,likely,0.3559963858738398,15,13,none,0
foru-QnySpY,UCEKt2bUDBoRUw3wpPpDOUaA,time,7,6.8437,28,255304.34,284478,134600.99999999994,1.896749236828474,likely,0.37663028978431484,15,13,none,0
foru-QnySpY,UCEKt2bUDBoRUw3wpPpDOUaA,time,14,13.8437,28,287707.58,284478,134600.99999999994,2.1374847472144363,confirmed,0.34165237375348095,15,11,none,0
R-AI8vjoFr0,UCg2EPgrZtxyZPdaprLgSqpQ,time,5,6.3505,28,105.72,98,,,insufficient,,2,2,none,0
R-AI8vjoFr0,UCg2EPgrZtxyZPdaprLgSqpQ,time,7,7.3505,28,92.36,98,,,insufficient,0,2,2,none,0
R-AI8vjoFr0,UCg2EPgrZtxyZPdaprLgSqpQ,time,14,14.3505,28,95.08,98,,,insufficient,0.12353892170569487,2,2,none,0
2_3dynQg0gw,UCQQFz2LkJMoqSFTas-oozOw,time,14,12.8991,27,15105.41,16195,7725.205599415111,1.9553410479395126,confirmed,,15,15,none,0
0-3hjkqCX1k,UCFw5CGngtluNE5iBnnt64ww,time,14,13.6667,27,12419.16,12582,12568.351543873094,0.9881294591902223,confirmed,0.07561881381088292,15,11,none,0
Fqbp7ghZ6pU,UCc2lUKVOTXKlQR7Fm7h1JfQ,time,5,4.9164,27,26828.64,23192,,,insufficient,,1,1,none,0
Fqbp7ghZ6pU,UCc2lUKVOTXKlQR7Fm7h1JfQ,time,7,6.9164,27,22731.44,23192,,,insufficient,0.16031855480586438,1,1,none,0
Fqbp7ghZ6pU,UCc2lUKVOTXKlQR7Fm7h1JfQ,time,14,12.9164,27,24060.52,23192,,,insufficient,0.13510028619064535,1,1,none,0
QD72G14JEA4,UCFyP8J94wihApZc4N2BoX6A,heldout,14,13.8328,31,254975.46,289126,9082.364289853056,28.073688340237965,confirmed,0.15200991351407767,15,15,none,0
kmDkhO47Svs,UC8wXC0ZCfGt3HaVLy_fdTQw,time,5,5.8853,28,14838.63,17246,,,insufficient,,0,0,none,0
kmDkhO47Svs,UC8wXC0ZCfGt3HaVLy_fdTQw,time,7,6.8853,28,13631.35,17246,,,insufficient,0.23540370649023867,0,0,none,0
kmDkhO47Svs,UC8wXC0ZCfGt3HaVLy_fdTQw,time,14,13.8853,28,14927.99,17246,,,insufficient,0.26036525942759003,0,0,none,0
ar5TKkSccEc,UChISHLovxnSLP0w81NEQj5w,time,14,13.8253,28,1944.98,1887,9332.845957112706,0.20840187742838095,confirmed,0,15,15,none,0
VJJ3cdhNMQc,UCfyehHM_eo4g5JUyWmms2LA,time,5,5.8327,28,532111.64,473348,,,insufficient,,1,1,none,0
VJJ3cdhNMQc,UCfyehHM_eo4g5JUyWmms2LA,time,7,7.8327,28,450093.38,473348,397339.04744557035,1.1327690588321935,confirmed,0.17530650293520508,15,12,none,0
VJJ3cdhNMQc,UCfyehHM_eo4g5JUyWmms2LA,time,14,13.8327,28,476262.07,473348,391566.99999999977,1.2162977790361125,confirmed,0.14651840464672053,15,9,none,0
dh9teT_Pe7w,UCCT5Ht1fD3xm0mi9rsmArYg,time,5,5.9687,29,47.59,72,,,insufficient,,0,0,none,0
dh9teT_Pe7w,UCCT5Ht1fD3xm0mi9rsmArYg,time,7,7.9687,29,68.61,72,,,insufficient,0.7226006196494977,0,0,none,0
dh9teT_Pe7w,UCCT5Ht1fD3xm0mi9rsmArYg,time,14,13.9687,29,70.92,72,,,insufficient,0.6147574734733722,0,0,none,0
STAUQ68Lui4,UC6BW8DqrAmBEIeCtMa4bfBw,time,14,14.3850,29,2522.19,2437,3986.1904404493034,0.6327309240060485,confirmed,,15,15,none,0
flyw7NFt5wc,UCeKKrZ5GnBXRwnKlrixiREQ,time,5,4.8370,27,11734.39,9236,,,insufficient,,1,1,none,0
flyw7NFt5wc,UCeKKrZ5GnBXRwnKlrixiREQ,time,7,6.8370,27,9817.60,9236,,,insufficient,0.11559913566887953,1,1,none,0
flyw7NFt5wc,UCeKKrZ5GnBXRwnKlrixiREQ,time,14,12.8370,27,9424.17,9236,,,insufficient,0.06385579942155904,1,1,none,0
Hn1o3mcpWXs,UCsP7Bpw36J666Fct5M8u-ZA,time,14,15.1041,27,294863.29,298906,476399.32275600353,0.6189414597333303,confirmed,0.125755405022871,15,15,none,0
a8NA0WGI9OI,UCuwpzP90g1LuGk6JUNms_AQ,time,14,13.9583,30,5187.14,5435,6205.721110333333,0.8358636080213534,confirmed,0.30103275143906855,15,14,none,0
AKvM8OYr-Yw,UCiDJtJKMICpb9B1qf7qjEOA,heldout,14,13.9165,30,413570.88,409644,110576.51090183732,3.740133215220327,confirmed,0.130196943546274,15,15,none,0
ks_jjLJb-u4,UCWZVKz_sV9PPREGQfJy-9og,time,14,13.8538,28,52958.21,50646,103525.72425259415,0.5115464084283113,confirmed,0.40055685802340746,15,14,none,0
MyqkSP8Su28,UCFH4gw_N_l_umsg-Rh8Ytpw,time,5,4.7499,27,20590.25,28072,,,insufficient,,0,0,none,0
MyqkSP8Su28,UCFH4gw_N_l_umsg-Rh8Ytpw,time,7,6.7499,27,21377.06,28072,,,insufficient,0.35803356004561554,0,0,none,0
MyqkSP8Su28,UCFH4gw_N_l_umsg-Rh8Ytpw,time,14,12.7499,27,26433.51,28072,,,insufficient,0.45967458557584673,0,0,none,0
_5g09wlF2pY,UC-2vh3f5tIDkt4K01ZsGDXw,heldout,2,2.8157,31,8537.15,15474,22870.439146019708,0.3732832264476279,early,,12,11,none,0
_5g09wlF2pY,UC-2vh3f5tIDkt4K01ZsGDXw,heldout,3,2.8157,31,8537.15,15474,22870.439146019708,0.3732832264476279,early,,12,11,none,0
Tv9LKqpODgo,UCI8gcSTo1FowsRJdilsjsZw,time,1,0.9279,27,66535.02,61109,37801.7881900517,1.7601025565830093,early,,13,13,none,0
Tv9LKqpODgo,UCI8gcSTo1FowsRJdilsjsZw,time,2,1.9279,27,113017.17,61109,33952.37184663912,3.32869737181852,early,1.2155013066997689,15,15,none,0
Tv9LKqpODgo,UCI8gcSTo1FowsRJdilsjsZw,time,3,2.9279,27,113478.16,61109,32750.975185372004,3.4648787233486567,early,0.9119342446749144,15,15,none,0
Tv9LKqpODgo,UCI8gcSTo1FowsRJdilsjsZw,time,5,4.9279,27,87874.41,61109,30489.61759004986,2.882109209636026,likely,0.6399811397030395,15,15,none,0
Tv9LKqpODgo,UCI8gcSTo1FowsRJdilsjsZw,time,7,6.9279,27,81161.16,61109,31525.915771704727,2.574426875729266,likely,0.5348804764331744,15,15,none,0
Tv9LKqpODgo,UCI8gcSTo1FowsRJdilsjsZw,time,14,15.9279,27,70722.02,61109,34599.83890527641,2.043998674951832,confirmed,0.35925527527232265,15,15,none,0
oRHoyBsT6e8,UC8jRs1LfVO5vsrSk-YRu5ZA,time,7,8.9062,28,2286.81,1840,2919.3776208627887,0.7833214591718024,confirmed,,9,7,none,0
oRHoyBsT6e8,UC8jRs1LfVO5vsrSk-YRu5ZA,time,14,13.9062,28,1887.11,1840,2729.0173422664775,0.6914974506290711,confirmed,0.012091988172626314,15,11,none,0
xk6yKMFsHNI,UCtak3C1t8k3u8CVzVGYvemA,time,14,14.0403,29,12730.23,12827,25656.91225545103,0.496171616069438,confirmed,0.09021435664627128,15,10,none,0
bDlxnLu8mb0,UCkRhsBbu0tvQrXBtvpl0kIg,time,14,12.5623,27,3932.88,3972,4097.981705171639,0.9597117904628256,confirmed,,15,14,none,0
Jjlgh9ysvYE,UCJP9OOLkOzsXbb_Bo_kqjTw,heldout,2,2.9477,31,6171.80,5730,26583.79947489278,0.23216386372336467,early,,15,11,none,0
Jjlgh9ysvYE,UCJP9OOLkOzsXbb_Bo_kqjTw,heldout,3,2.9477,31,6171.80,5730,26583.79947489278,0.23216386372336467,early,,15,11,none,0
Jjlgh9ysvYE,UCJP9OOLkOzsXbb_Bo_kqjTw,heldout,5,5.9477,31,6197.98,5730,26922.00000000001,0.23021983518819816,likely,0.37528872904528193,15,10,none,0
Jjlgh9ysvYE,UCJP9OOLkOzsXbb_Bo_kqjTw,heldout,7,6.9477,31,5943.98,5730,26922.00000000001,0.22078525798430282,likely,0.33255690408398014,15,10,none,0
Jjlgh9ysvYE,UCJP9OOLkOzsXbb_Bo_kqjTw,heldout,14,13.9477,31,5740.85,5730,26922.00000000001,0.21324007446425847,confirmed,0.2280346295349058,15,6,none,0
_ru4xguMmGA,UCnpWedLQdHpZqhgTLdB9Yyg,time,1,0.8954,29,96645.52,80821,69052.07306824379,1.3996034472661325,early,,14,14,none,0
_ru4xguMmGA,UCnpWedLQdHpZqhgTLdB9Yyg,time,2,1.8954,29,85765.77,80821,73610.47836908972,1.1651299182184955,early,0.49237109456009764,15,15,none,0
_ru4xguMmGA,UCnpWedLQdHpZqhgTLdB9Yyg,time,3,2.8954,29,74814.52,80821,72457.60333617691,1.0325281732741927,early,0.39286289714164624,15,15,none,0
_ru4xguMmGA,UCnpWedLQdHpZqhgTLdB9Yyg,time,5,4.8954,29,79471.40,80821,72589.30498809823,1.094808643705432,likely,0.3765091333843949,15,15,none,0
_ru4xguMmGA,UCnpWedLQdHpZqhgTLdB9Yyg,time,7,6.8954,29,83949.14,80821,73160.16389491287,1.1474706755510176,likely,0.3483541394194415,15,15,none,0
_ru4xguMmGA,UCnpWedLQdHpZqhgTLdB9Yyg,time,14,13.8954,29,84437.02,80821,70852.99999999999,1.1917211112402843,confirmed,0.29293484793025826,15,12,none,0
o7RyfMOfS04,UCClMPKqtJ1LbRBCDP948g5Q,time,7,7.9571,29,4613.90,4385,3097.0016555690677,1.4897945958666334,confirmed,,15,14,none,0
o7RyfMOfS04,UCClMPKqtJ1LbRBCDP948g5Q,time,14,13.9571,29,4324.77,4385,3252.9113520127557,1.3295064490891115,confirmed,0.16076814223087113,15,12,none,0
cSzZ5xSVxkE,UCCZLVYAGIoGvaFUrTyyeaXA,time,5,5.9160,28,11628.33,8927,21245.864733441005,0.5473220009102845,likely,,5,5,none,0
cSzZ5xSVxkE,UCCZLVYAGIoGvaFUrTyyeaXA,time,7,7.9160,28,9583.40,8927,20577.303745674333,0.4657268516658876,confirmed,0.07478192122652762,5,5,none,0
cSzZ5xSVxkE,UCCZLVYAGIoGvaFUrTyyeaXA,time,14,13.9160,28,9105.87,8927,19375.5476821024,0.4699669519787557,confirmed,0.03881864838118347,5,5,none,0
y3QK3e4O2VU,UC70SrI3VkT1MXALRtf0pcHg,time,1,0.8000,28,138760.19,125608,73322.64218220135,1.8924602770885162,early,,13,13,none,0
y3QK3e4O2VU,UC70SrI3VkT1MXALRtf0pcHg,time,2,1.8000,28,118009.65,125608,75983.53843262093,1.5530949100723561,early,0.6036443342593696,14,14,none,0
y3QK3e4O2VU,UC70SrI3VkT1MXALRtf0pcHg,time,3,2.8000,28,125269.07,125608,70842.36139339846,1.7682791653149141,early,0.5161738639961624,15,15,none,0
y3QK3e4O2VU,UC70SrI3VkT1MXALRtf0pcHg,time,5,4.8000,28,117305.96,125608,68737.71725962614,1.7065734111702604,likely,0.4111380005852972,15,15,none,0
y3QK3e4O2VU,UC70SrI3VkT1MXALRtf0pcHg,time,7,6.8000,28,115018.25,125608,67203.03346153484,1.7115039048738523,likely,0.3756820290713714,15,15,none,0
y3QK3e4O2VU,UC70SrI3VkT1MXALRtf0pcHg,time,14,12.8000,28,122145.06,125608,64729.45230707119,1.8870090783751914,confirmed,0.3400172090249856,15,15,none,0
aIaODi78vCo,UCLKZ20yD2tNMBOkSDZo4FeQ,heldout,1,1.5000,30,10040.03,16843,4780.294328099516,2.100295957759786,early,,15,14,none,0
aIaODi78vCo,UCLKZ20yD2tNMBOkSDZo4FeQ,heldout,2,2.5000,30,11260.13,16843,4521.223853177978,2.4905038411711384,early,0.8309028273501785,15,14,none,0
aIaODi78vCo,UCLKZ20yD2tNMBOkSDZo4FeQ,heldout,3,3.5000,30,11510.84,16843,4672.688726645531,2.4634306408494875,likely,0.7609831716229732,15,13,none,0
aIaODi78vCo,UCLKZ20yD2tNMBOkSDZo4FeQ,heldout,5,5.5000,30,22872.67,16843,4991.4120262485885,4.5824045651999805,likely,0.9540281410971623,15,12,none,0
aIaODi78vCo,UCLKZ20yD2tNMBOkSDZo4FeQ,heldout,7,7.5000,30,21526.29,16843,5143.734343752095,4.18495352218794,confirmed,0.9151792170160004,15,12,none,0
aIaODi78vCo,UCLKZ20yD2tNMBOkSDZo4FeQ,heldout,14,14.5000,30,19636.27,16843,4934.230200228036,3.979601159189208,confirmed,0.7038241253646164,15,9,none,0
A8qva2ID9MU,UCibTRXCGW9o16HjUODtvTVQ,heldout,7,8.9499,30,52990.59,48389,86512.09419955563,0.6125222982179961,confirmed,,15,15,none,0
A8qva2ID9MU,UCibTRXCGW9o16HjUODtvTVQ,heldout,14,16.9499,30,46913.15,48389,86070.91727090912,0.5450522385193637,confirmed,0.1275157439520323,15,15,none,0
4HYm1xo7PAg,UCZPqG0yh_xPm2AyLjffbDvw,heldout,5,4.8332,30,73350.12,91935,64090.44530054097,1.1444782253360357,likely,,15,13,none,0
4HYm1xo7PAg,UCZPqG0yh_xPm2AyLjffbDvw,heldout,7,7.8332,30,81123.99,91935,64129.17133065798,1.265009111499521,confirmed,0.40993962993431077,15,13,none,0
4HYm1xo7PAg,UCZPqG0yh_xPm2AyLjffbDvw,heldout,14,13.8332,30,87115.40,91935,66357.62121137127,1.3128167969134175,confirmed,0.3287106740131436,15,11,none,0
neI5pn3rqf4,UCJS9pqu9BzkAMNTmzNMNhvg,time,14,12.6130,27,2023.90,2013,2301.179530203047,0.8795068114040091,confirmed,0.47805860465168076,15,10,none,0
KP5CplhE4r8,UCiDJtJKMICpb9B1qf7qjEOA,time,1,0.9163,28,268802.55,287991,83061.6448896445,3.2361814385642678,early,,14,14,none,0
KP5CplhE4r8,UCiDJtJKMICpb9B1qf7qjEOA,time,2,1.9163,28,215926.39,287991,104711.24085493482,2.0621128460993026,early,0.46530687578320296,15,15,none,0
KP5CplhE4r8,UCiDJtJKMICpb9B1qf7qjEOA,time,3,2.9163,28,212491.21,287991,103967.20905256388,2.0438291141135334,early,0.4252642454052755,15,15,none,0
KP5CplhE4r8,UCiDJtJKMICpb9B1qf7qjEOA,time,5,4.9163,28,223425.98,287991,102841.74429812275,2.172522294769897,likely,0.38852140324671436,15,15,none,0
KP5CplhE4r8,UCiDJtJKMICpb9B1qf7qjEOA,time,7,6.9163,28,249590.60,287991,102711.2500312376,2.4300220376668205,likely,0.3973987972491127,15,15,none,0
KP5CplhE4r8,UCiDJtJKMICpb9B1qf7qjEOA,time,14,13.9163,28,294616.56,287991,105718.41748346863,2.7868044767394644,confirmed,0.4027680336139969,15,14,none,0
Z2lYnArJbMw,UCSLClJLzdUMRMe0E4SPfc-w,time,1,0.7911,27,68695.46,64386,78943.60790040815,0.8701838816493624,early,,15,11,none,0
Z2lYnArJbMw,UCSLClJLzdUMRMe0E4SPfc-w,time,2,1.7911,27,74398.70,64386,79484.19490366276,0.9360188138665284,early,0.6762575741791204,15,10,none,0
Z2lYnArJbMw,UCSLClJLzdUMRMe0E4SPfc-w,time,3,2.7911,27,68475.22,64386,79810.18757146088,0.8579759895310164,early,0.47775477536414207,15,9,none,0
Z2lYnArJbMw,UCSLClJLzdUMRMe0E4SPfc-w,time,5,4.7911,27,57044.31,64386,79334.09348571078,0.7190390174261371,likely,0.3604769301948164,15,9,none,0
Z2lYnArJbMw,UCSLClJLzdUMRMe0E4SPfc-w,time,7,6.7911,27,60916.14,64386,78860.21063987531,0.7724572720299671,likely,0.3447013910265876,15,9,none,0
Z2lYnArJbMw,UCSLClJLzdUMRMe0E4SPfc-w,time,14,12.7911,27,63575.23,64386,76871.43719313174,0.8270332560005301,confirmed,0.30700013618103456,15,6,none,0
kDoHzbiOQHs,UCB2zycIY_qMKZjlE98zO4gg,time,7,8.8749,28,1967.14,1967,2173.697837854509,0.9049720704897216,confirmed,,12,8,none,0
kDoHzbiOQHs,UCB2zycIY_qMKZjlE98zO4gg,time,14,13.8749,28,1970.78,1967,2109.520811800608,0.9342292800806327,confirmed,0.29114274325794914,15,9,none,0
BaksFFzrdBQ,UCGxjDWAN1KwrkXYVi8CXtjQ,time,1,0.9998,27,19148.57,39293,21842.999999999993,0.8766454135793007,early,,15,9,none,0
BaksFFzrdBQ,UCGxjDWAN1KwrkXYVi8CXtjQ,time,2,1.9998,27,19716.41,39293,21842.999999999993,0.9026421067180436,early,0.6298753334968942,15,8,none,0
BaksFFzrdBQ,UCGxjDWAN1KwrkXYVi8CXtjQ,time,3,2.9998,27,20834.01,39293,21842.999999999993,0.9538071645432769,early,0.6201724712481499,15,8,none,0
BaksFFzrdBQ,UCGxjDWAN1KwrkXYVi8CXtjQ,time,5,5.9998,27,39599.49,39293,21842.999999999993,1.8129144113917195,likely,0.8961109227334202,15,7,none,0
BaksFFzrdBQ,UCGxjDWAN1KwrkXYVi8CXtjQ,time,7,6.9998,27,42265.91,39293,21842.999999999993,1.9349863450785725,likely,0.8539990799424119,15,7,none,0
BaksFFzrdBQ,UCGxjDWAN1KwrkXYVi8CXtjQ,time,14,14.9998,27,44797.46,39293,21842.999999999993,2.050884246602992,confirmed,0.7126682216400987,15,3,none,0
ew9MdsRSM5k,UCX7dV4OPDSutwMUauSD5AAA,heldout,1,1.8954,29,48292.83,37979,39125.7694813416,1.2342973112381102,early,,14,11,none,0
ew9MdsRSM5k,UCX7dV4OPDSutwMUauSD5AAA,heldout,2,1.8954,29,48292.83,37979,39125.7694813416,1.2342973112381102,early,,14,11,none,0
ew9MdsRSM5k,UCX7dV4OPDSutwMUauSD5AAA,heldout,3,3.8954,29,37034.26,37979,39699.33810609319,0.9328683792844543,likely,0.27004304231991794,14,11,none,0
ew9MdsRSM5k,UCX7dV4OPDSutwMUauSD5AAA,heldout,5,4.8954,29,34433.23,37979,39658.53229657591,0.8682426843457324,likely,0.2188699675983696,14,9,none,0
ew9MdsRSM5k,UCX7dV4OPDSutwMUauSD5AAA,heldout,7,7.8954,29,36130.18,37979,40301.59231742814,0.8964950139050406,confirmed,0.21415784103556085,14,8,none,0
ew9MdsRSM5k,UCX7dV4OPDSutwMUauSD5AAA,heldout,14,13.8954,29,37964.46,37979,42246.71439554899,0.8986369102680324,confirmed,0.19456982029286904,14,5,none,0
f7xro08O23A,UCMIjEnXruVHtvgSVf6TgfUg,time,14,13.6841,29,64246.43,64621,76527.88833402745,0.8395166230258089,confirmed,0.07289115520086857,12,11,none,0
k-cknRRQNbg,UCotuguzT1zNEbpsjbUT4sBA,time,2,2.1660,28,489.68,561,653.9846527305592,0.7487566756950389,early,,15,14,none,0
k-cknRRQNbg,UCotuguzT1zNEbpsjbUT4sBA,time,3,3.1660,28,561.38,561,663.9983101714514,0.8454477059645545,likely,0.7171439926217661,15,14,none,0
k-cknRRQNbg,UCotuguzT1zNEbpsjbUT4sBA,time,5,5.1660,28,436.55,561,699.3159631258475,0.6242527342071273,likely,0.3865334803714503,15,14,none,0
k-cknRRQNbg,UCotuguzT1zNEbpsjbUT4sBA,time,7,7.1660,28,474.45,561,752.2850638798211,0.6306835133913028,confirmed,0.37562844845942583,15,14,none,0
k-cknRRQNbg,UCotuguzT1zNEbpsjbUT4sBA,time,14,14.1660,28,546.02,561,875.6380292340947,0.6235695608703414,confirmed,0.3689455806743385,15,12,none,0
Ntro6RYioLE,UCRte954rw0oeMWFroy_ClAw,heldout,1,1.8604,30,7791.82,23646,10240.687198533176,0.760868784678983,early,,15,14,none,0
Ntro6RYioLE,UCRte954rw0oeMWFroy_ClAw,heldout,2,1.8604,30,7791.82,23646,10240.687198533176,0.760868784678983,early,,15,14,none,0
Ntro6RYioLE,UCRte954rw0oeMWFroy_ClAw,heldout,3,2.8604,30,8178.40,23646,10224.903259763221,0.7998513418346785,early,0.6182468780357254,15,14,none,0
Ntro6RYioLE,UCRte954rw0oeMWFroy_ClAw,heldout,5,4.8604,30,8163.36,23646,10181.26239169696,0.8018021735788342,likely,0.4803889427822406,15,14,none,0
Ntro6RYioLE,UCRte954rw0oeMWFroy_ClAw,heldout,7,6.8604,30,8306.75,23646,10187.457465175343,0.815389618334973,likely,0.44662758517544876,15,13,none,0
Ntro6RYioLE,UCRte954rw0oeMWFroy_ClAw,heldout,14,13.8604,30,13199.75,23646,10339.136477422708,1.2766781698869412,confirmed,0.5832221543967625,15,12,none,0
afEXNqx5COs,UCLhu5JoRWPgEGDoUFfQHTPQ,time,5,4.7708,28,6193.53,5416,6816.73257759571,0.9085770243373648,likely,,11,11,none,0
afEXNqx5COs,UCLhu5JoRWPgEGDoUFfQHTPQ,time,7,6.7708,28,5254.60,5416,6701.263860494267,0.784120551776525,likely,0.16133068368734646,15,15,none,0
afEXNqx5COs,UCLhu5JoRWPgEGDoUFfQHTPQ,time,14,13.7708,28,5641.43,5416,6526.30602072509,0.8644131943051482,confirmed,0.13947708101384587,15,11,none,0
WfYYV2UfUCI,UCxXy4JFL-E7Ukr6smHpttjg,time,1,0.8955,29,67.22,384,191.36032501171263,0.3512830840045267,early,,15,12,none,0
WfYYV2UfUCI,UCxXy4JFL-E7Ukr6smHpttjg,time,2,1.8955,29,83.47,384,191.36032501171263,0.43618580137397356,early,0.9001315722100491,15,12,none,0
WfYYV2UfUCI,UCxXy4JFL-E7Ukr6smHpttjg,time,3,2.8955,29,268.21,384,194.3420734430706,1.3800694852686461,early,1.2917056566230494,15,12,none,0
WfYYV2UfUCI,UCxXy4JFL-E7Ukr6smHpttjg,time,5,4.8955,29,373.26,384,194.3420734430706,1.9206151290019755,likely,1.164834254048944,15,12,none,0
WfYYV2UfUCI,UCxXy4JFL-E7Ukr6smHpttjg,time,7,6.8955,29,213.99,384,204.2986752066374,1.04744290286679,likely,1.0814203897527952,15,12,none,0
WfYYV2UfUCI,UCxXy4JFL-E7Ukr6smHpttjg,time,14,13.8955,29,393.47,384,218.06850149515765,1.8043266111288097,confirmed,0.9703752969567676,15,12,none,0
BPfC0E4pWHc,UCI8gcSTo1FowsRJdilsjsZw,time,0.5,0.7175,27,22862.08,29078,37801.7881900517,0.6047884358882104,early,,12,12,none,0
BPfC0E4pWHc,UCI8gcSTo1FowsRJdilsjsZw,time,1,0.7175,27,22862.08,29078,37801.7881900517,0.6047884358882104,early,,12,12,none,0
BPfC0E4pWHc,UCI8gcSTo1FowsRJdilsjsZw,time,2,1.7175,27,20629.51,29078,33952.37184663912,0.6076014149318997,early,0.7103311608533768,14,14,none,0
BPfC0E4pWHc,UCI8gcSTo1FowsRJdilsjsZw,time,3,2.7175,27,22038.33,29078,33348.45576056745,0.6608502092860652,early,0.5844161301471872,15,15,none,0
BPfC0E4pWHc,UCI8gcSTo1FowsRJdilsjsZw,time,5,4.7175,27,26796.05,29078,32358.62407826788,0.8280959887194638,likely,0.5821154754705822,15,15,none,0
BPfC0E4pWHc,UCI8gcSTo1FowsRJdilsjsZw,time,7,6.7175,27,28265.71,29078,31777.15405091768,0.8894978900713562,likely,0.5792554321038207,15,15,none,0
BPfC0E4pWHc,UCI8gcSTo1FowsRJdilsjsZw,time,14,15.7175,27,30646.17,29078,37362.52813155778,0.8202381728020188,confirmed,0.4891643713523215,15,15,none,0
N0K0m7dZBJI,UC8butISFwT-Wl7EV0hUK0BQ,time,3,3.9578,27,17115.52,15156,30085.537694692546,0.5688953311645121,likely,,3,3,none,0
N0K0m7dZBJI,UC8butISFwT-Wl7EV0hUK0BQ,time,5,4.9578,27,14871.03,15156,30758.63650545764,0.48347485557024705,likely,0.366479906648661,3,3,none,0
N0K0m7dZBJI,UC8butISFwT-Wl7EV0hUK0BQ,time,7,6.9578,27,15177.54,15156,31101.9981324521,0.48799233701857564,likely,0.3173072806163986,3,3,none,0
N0K0m7dZBJI,UC8butISFwT-Wl7EV0hUK0BQ,time,14,14.9578,27,16236.24,15156,34615.27720395298,0.469048407721352,confirmed,0.2528046149731904,3,3,none,0
t33396oOt-A,UCdwo4k1RQHTcq_-WS7Cazqg,time,5,6.9572,29,760.17,667,,,insufficient,,0,0,none,0
t33396oOt-A,UCdwo4k1RQHTcq_-WS7Cazqg,time,7,6.9572,29,760.17,667,,,insufficient,,0,0,none,0
t33396oOt-A,UCdwo4k1RQHTcq_-WS7Cazqg,time,14,13.9572,29,664.52,667,,,insufficient,0.09914304506618772,0,0,none,0
6dNLIhtyVvg,UCxkIzPnPzWLz4IeuxIROflg,time,1,0.8749,28,2338.35,6549,1834.4117744363268,1.2747154012871476,early,,15,13,none,0
6dNLIhtyVvg,UCxkIzPnPzWLz4IeuxIROflg,time,2,1.8749,28,2742.25,6549,1817.3626909203858,1.5089177080442155,early,0.7584796501235954,15,13,none,0
6dNLIhtyVvg,UCxkIzPnPzWLz4IeuxIROflg,time,3,2.8749,28,3183.48,6549,1810.537086630619,1.7583048852905385,early,0.8528164386824207,15,12,none,0
6dNLIhtyVvg,UCxkIzPnPzWLz4IeuxIROflg,time,5,4.8749,28,7072.28,6549,1900.5972093030198,3.721083928943819,likely,0.8281209571546763,15,11,none,0
6dNLIhtyVvg,UCxkIzPnPzWLz4IeuxIROflg,time,7,6.8749,28,5755.00,6549,1908.6011572388222,3.015298192032322,likely,0.8830713100927539,15,10,none,0
6dNLIhtyVvg,UCxkIzPnPzWLz4IeuxIROflg,time,14,13.8749,28,6431.78,6549,1846.642298720348,3.4829615689005644,confirmed,0.7918263347702984,15,8,none,0
wofvXUnbdBg,UCPAt6z5uX_c5Eo_cSNROzYw,time,7,8.7996,28,499.65,406,4125.140613763925,0.12112314008686408,confirmed,,15,15,none,0
wofvXUnbdBg,UCPAt6z5uX_c5Eo_cSNROzYw,time,14,13.7996,28,413.39,406,3835.1841945936994,0.1077878650782054,confirmed,0.018261022307738888,15,15,none,0
xPIOR7t7_Z8,UC6h1nurnE-9auq41a5oiPnA,time,3,3.9231,27,245.73,321,449.084326306141,0.5471810793428106,likely,,14,13,none,0
xPIOR7t7_Z8,UC6h1nurnE-9auq41a5oiPnA,time,5,4.9231,27,234.47,321,445.52722273143905,0.5262700492861457,likely,0.46762231578402075,15,14,none,0
xPIOR7t7_Z8,UC6h1nurnE-9auq41a5oiPnA,time,7,6.9231,27,239.76,321,445.52722273143905,0.5381580908511227,likely,0.4167784658750693,15,14,none,0
xPIOR7t7_Z8,UC6h1nurnE-9auq41a5oiPnA,time,14,12.9231,27,281.78,321,447.30577451879026,0.6299486931944598,confirmed,0.42455428951614893,15,13,none,0
cA8X2AWeVIo,UCIw43VFoz08rP1e_dzqJXpw,time,1,0.7761,28,42.48,59,83.30597412754943,0.5099247235570509,early,,4,4,none,0
cA8X2AWeVIo,UCIw43VFoz08rP1e_dzqJXpw,time,2,2.7761,28,40.75,59,93.71640954203524,0.4347726291924463,early,0.5916901579059876,4,4,none,0
cA8X2AWeVIo,UCIw43VFoz08rP1e_dzqJXpw,time,3,2.7761,28,40.75,59,93.71640954203524,0.4347726291924463,early,0.5916901579059876,4,4,none,0
cA8X2AWeVIo,UCIw43VFoz08rP1e_dzqJXpw,time,5,4.7761,28,37.46,59,96.84455019236675,0.3867984928647228,likely,0.4436972642152054,4,4,none,0
cA8X2AWeVIo,UCIw43VFoz08rP1e_dzqJXpw,time,7,6.7761,28,35.52,59,104.01526814837328,0.3414941384913423,likely,0.3789855599831562,4,4,none,0
cA8X2AWeVIo,UCIw43VFoz08rP1e_dzqJXpw,time,14,13.7761,28,56.10,59,122.99999999999994,0.45610771569698966,confirmed,0.39570551843682156,4,3,none,0
05TiKhSd0d4,UC3_BakzLfadvFrsnClMFWmQ,time,0.5,0.5659,27,2433.79,908,797.4518200424035,3.0519531501945814,early,,14,14,none,0
05TiKhSd0d4,UC3_BakzLfadvFrsnClMFWmQ,time,1,0.5659,27,2433.79,908,797.4518200424035,3.0519531501945814,early,,14,14,none,0
05TiKhSd0d4,UC3_BakzLfadvFrsnClMFWmQ,time,2,1.5659,27,1224.31,908,790.6280074286951,1.5485290536725205,early,0.20140083790550742,15,15,none,0
05TiKhSd0d4,UC3_BakzLfadvFrsnClMFWmQ,time,3,2.5659,27,1084.56,908,779.8568140305589,1.390717425481253,early,0.1590783097999724,15,15,none,0
05TiKhSd0d4,UC3_BakzLfadvFrsnClMFWmQ,time,5,4.5659,27,1003.68,908,758.4282736517113,1.3233746602738181,likely,0.11042976383163915,15,15,none,0
05TiKhSd0d4,UC3_BakzLfadvFrsnClMFWmQ,time,7,6.5659,27,978.57,908,744.5576836890617,1.3142990127009346,likely,0.09608128062571261,15,15,none,0
05TiKhSd0d4,UC3_BakzLfadvFrsnClMFWmQ,time,14,12.5659,27,867.10,908,709.0645264480594,1.2228727543041424,confirmed,0.07217388307500647,15,13,none,0
pG-GEyC5XJw,UCiMwMz3RMbW5mbx0iDcRQ2g,time,14,12.9686,28,1561.18,1527,1768.0668511179879,0.8829852701010289,confirmed,0.25065980068385374,15,12,none,0
pG39Zer2EVU,UCPAt6z5uX_c5Eo_cSNROzYw,time,7,8.8756,28,12036.91,9813,4125.140613763925,2.9179388206316577,confirmed,,15,15,none,0
pG39Zer2EVU,UCPAt6z5uX_c5Eo_cSNROzYw,time,14,13.8756,28,10003.95,9813,3835.1841945936994,2.6084663348925705,confirmed,0.029429268829547016,15,15,none,0
SOg-CUeEqdY,UCUpbDOT-OVNBlaQpb9pbd2w,heldout,14,14.6690,29,8289.43,8036,22608.783766116154,0.36664639715733666,confirmed,0.008046150686578376,15,15,none,0
yxlnqy72HHc,UCcqoA9k6BIY34CnAtrX6Gfg,time,14,14.9570,27,11287.20,10771,2404.022325754048,4.695129223702595,confirmed,0.17130649647288199,15,14,none,0
A1i-ZbNGw9M,UCwrJa8xO9xRzZUOf9Q1c7kw,time,14,12.8654,27,17469.51,18213,16720.06442733637,1.044823397309,confirmed,0.2670371017812713,15,14,none,0
i6r0a1H0UEQ,UCvIBHWtafirbX5GQmjXPIzw,heldout,5,4.8216,29,13220.56,12591,17297.50002482049,0.7643047730849758,likely,,15,11,none,0
i6r0a1H0UEQ,UCvIBHWtafirbX5GQmjXPIzw,heldout,7,7.8216,29,11518.56,12591,17307.70321243278,0.6655161135957569,confirmed,0.17946860543675688,15,11,none,0
i6r0a1H0UEQ,UCvIBHWtafirbX5GQmjXPIzw,heldout,14,13.8216,29,12311.17,12591,17267.86661668873,0.7129525204427313,confirmed,0.19852199007802973,15,10,none,0
DiDbiiIPcMM,UCglNXzBo6bmKc9otKf-OuGQ,time,14,13.7081,29,9061.43,9132,9064.553723840269,0.9996551770904165,confirmed,0.03243269153694945,15,15,none,0
Is-fFfhR_P4,UCdRpPAsQbIaVpn_vS2_omPw,time,7,8.2168,27,1072.30,875,357.50033793719956,2.999428471123985,confirmed,,15,13,none,0
Is-fFfhR_P4,UCdRpPAsQbIaVpn_vS2_omPw,time,14,12.2168,27,884.65,875,356.42987654579804,2.481965669992213,confirmed,0.012994037803095484,15,12,none,0
TCFUrwug74s,UCKsP3v2JeT2hWI_HzkxWiMA,time,1,0.9371,28,25208.12,31408,73508.99999999996,0.3429255862864905,early,,15,8,none,0
TCFUrwug74s,UCKsP3v2JeT2hWI_HzkxWiMA,time,2,1.9371,28,30197.33,31408,82115.54110937307,0.36774197594414576,early,0.8300207661021011,15,8,none,0
TCFUrwug74s,UCKsP3v2JeT2hWI_HzkxWiMA,time,3,2.9371,28,31356.10,31408,88781.01985832656,0.35318468738378705,early,0.7456234067166918,15,7,none,0
TCFUrwug74s,UCKsP3v2JeT2hWI_HzkxWiMA,time,5,4.9371,28,32669.17,31408,90113.80020265105,0.3625324205680772,likely,0.6249259301978956,15,7,none,0
TCFUrwug74s,UCKsP3v2JeT2hWI_HzkxWiMA,time,7,6.9371,28,35356.36,31408,91021.6736187325,0.3884389658772157,likely,0.5838417964009348,15,6,none,0
TCFUrwug74s,UCKsP3v2JeT2hWI_HzkxWiMA,time,14,13.9371,28,35049.87,31408,93241.00000000007,0.3759061781119364,confirmed,0.4849761894124866,15,4,none,0
P-bY4uFjSHw,UC5_SBQbLA9Kg7Jh5GpXoP3g,time,1,0.8328,28,7.96,57,728.7522972774998,0.01092958196830194,early,,8,7,none,0
P-bY4uFjSHw,UC5_SBQbLA9Kg7Jh5GpXoP3g,time,2,2.8328,28,59.91,57,347.2532714177308,0.17253196767800333,early,3.027530743451667,15,13,none,0
P-bY4uFjSHw,UC5_SBQbLA9Kg7Jh5GpXoP3g,time,3,2.8328,28,59.91,57,347.2532714177308,0.17253196767800333,early,3.027530743451667,15,13,none,0
P-bY4uFjSHw,UC5_SBQbLA9Kg7Jh5GpXoP3g,time,5,4.8328,28,55.94,57,331.05507476706794,0.16898513933040402,likely,1.98899093123687,15,12,none,0
P-bY4uFjSHw,UC5_SBQbLA9Kg7Jh5GpXoP3g,time,7,6.8328,28,52.27,57,348.0278083366004,0.15019678789237734,likely,1.6297012203176318,15,12,none,0
P-bY4uFjSHw,UC5_SBQbLA9Kg7Jh5GpXoP3g,time,14,13.8328,28,60.10,57,386.22261442164984,0.155602523081166,confirmed,1.2505712355293148,15,12,none,0
xNpDEbOUZEw,UCBRxDSTfr2aJVODDh4WG_7g,time,7,7.2612,28,334.78,277,2371.6656743166327,0.14115736414344227,confirmed,,10,10,none,0
xNpDEbOUZEw,UCBRxDSTfr2aJVODDh4WG_7g,time,14,12.2612,28,279.04,277,2323.280419713717,0.12010421182102182,confirmed,0.0315371904932965,15,15,none,0
UypKP0JmlGY,UCnpWedLQdHpZqhgTLdB9Yyg,time,1,0.8956,28,99091.91,122411,73610.47836908972,1.3461657827886593,early,,14,14,none,0
UypKP0JmlGY,UCnpWedLQdHpZqhgTLdB9Yyg,time,2,1.8956,28,96415.16,122411,72457.60333617691,1.3306423553090974,early,0.7096768722091544,15,15,none,0
UypKP0JmlGY,UCnpWedLQdHpZqhgTLdB9Yyg,time,3,2.8956,28,121493.00,122411,72748.54445351376,1.6700402345390277,early,0.7141415233391898,15,15,none,0
UypKP0JmlGY,UCnpWedLQdHpZqhgTLdB9Yyg,time,5,4.8956,28,127524.58,122411,72765.73109564738,1.7525362833223286,likely,0.6106921154179449,15,15,none,0
UypKP0JmlGY,UCnpWedLQdHpZqhgTLdB9Yyg,time,7,6.8956,28,127238.32,122411,73160.16389491287,1.739174836112732,likely,0.5660377181146632,15,15,none,0
UypKP0JmlGY,UCnpWedLQdHpZqhgTLdB9Yyg,time,14,12.8956,28,123851.62,122411,70852.99999999999,1.748008176272258,confirmed,0.4829786162752264,15,13,none,0
M8HbJzbEnHc,UC_UnVDztkvE1hw064XFTNSQ,time,0.5,0.4865,27,1148597.27,1404820,695213.0523057259,1.6521514807680393,early,,15,11,none,0
M8HbJzbEnHc,UC_UnVDztkvE1hw064XFTNSQ,time,1,1.4865,27,1659024.72,1404820,696484.8257101801,2.3819969418757876,early,1.0641453083306547,15,11,none,0
M8HbJzbEnHc,UC_UnVDztkvE1hw064XFTNSQ,time,2,2.4865,27,1509416.65,1404820,699858.5907320118,2.1567451921501823,early,0.8441404341798927,15,11,none,0
M8HbJzbEnHc,UC_UnVDztkvE1hw064XFTNSQ,time,3,3.4865,27,1464360.34,1404820,700069.4921787708,2.0917356845548603,likely,0.7558988321822954,15,11,none,0
M8HbJzbEnHc,UC_UnVDztkvE1hw064XFTNSQ,time,5,4.4865,27,1498887.85,1404820,701575.7149419466,2.1364591457415663,likely,0.7193728767399312,15,11,none,0
M8HbJzbEnHc,UC_UnVDztkvE1hw064XFTNSQ,time,7,7.4865,27,1587417.32,1404820,705949.1659106317,2.2486283732362247,confirmed,0.6171416180303716,15,10,none,0
M8HbJzbEnHc,UC_UnVDztkvE1hw064XFTNSQ,time,14,15.4865,27,1654426.62,1404820,708998.0000000002,2.3334714952728675,confirmed,0.5147008696136837,15,8,none,0
XQnJ4YfCFOg,UCAGgFGwq4HZKLZ4gXo9xLiw,time,5,4.8221,27,10385.54,8251,2731.764971340474,3.801770951895243,likely,,7,7,none,0
XQnJ4YfCFOg,UCAGgFGwq4HZKLZ4gXo9xLiw,time,7,6.8221,27,8599.33,8251,2711.687933296451,3.171210729224683,likely,0.08017992857088695,7,7,none,0
XQnJ4YfCFOg,UCAGgFGwq4HZKLZ4gXo9xLiw,time,14,15.8221,27,8450.65,8251,2454.1431355457653,3.443421719376638,confirmed,0.06426689143469397,7,7,none,0
KOwBCWfboD4,UCQheERIaSGDBrcRfNahTBcA,time,14,13.7498,27,16204.91,16789,18318.37854328347,0.8846255232146842,confirmed,0.2962003758880297,15,15,none,0
mwFwoyyUgKM,UCVbwsYKbh6Pz3RHXCXj4MdQ,heldout,1,0.9573,30,653.01,978,1994.641689071558,0.32738224139113786,early,,15,14,none,0
mwFwoyyUgKM,UCVbwsYKbh6Pz3RHXCXj4MdQ,heldout,2,1.9573,30,1379.13,978,2002.4367903283091,0.688723885319864,early,1.7583422810432128,15,14,none,0
mwFwoyyUgKM,UCVbwsYKbh6Pz3RHXCXj4MdQ,heldout,3,2.9573,30,1339.47,978,2007.813033015794,0.6671276701971314,early,1.1840055045087652,15,13,none,0
mwFwoyyUgKM,UCVbwsYKbh6Pz3RHXCXj4MdQ,heldout,5,4.9573,30,1327.72,978,2007.813033015794,0.6612782424646954,likely,0.864527090223329,15,13,none,0
mwFwoyyUgKM,UCVbwsYKbh6Pz3RHXCXj4MdQ,heldout,7,6.9573,30,1254.54,978,2102.9709835780122,0.5965578334755054,likely,0.740076860520016,15,13,none,0
mwFwoyyUgKM,UCVbwsYKbh6Pz3RHXCXj4MdQ,heldout,14,13.9573,30,1115.65,978,2184.313515087114,0.5107536434331792,confirmed,0.5779037910358814,15,12,none,0
wh0uup4o7Mg,UCat0LyGytYMwfZEPbO_rOrA,heldout,14,13.9999,29,3070.43,3163,2413.4410939452678,1.2722195182772256,confirmed,0.12099784724208529,15,15,none,0
wh0uup4o7Mg,UCat0LyGytYMwfZEPbO_rOrA,time,14,13.9999,29,3070.43,3163,2413.4410939452678,1.2722195182772256,confirmed,0.12099784724208529,15,15,none,0
WsoxkC31RRY,UCnp2wP2eA-YghOQr0j0wHrQ,heldout,1,1.0963,30,192.06,317,498.1967597017842,0.3855140353236065,early,,15,15,none,0
WsoxkC31RRY,UCnp2wP2eA-YghOQr0j0wHrQ,heldout,2,1.0963,30,192.06,317,498.1967597017842,0.3855140353236065,early,,15,15,none,0
WsoxkC31RRY,UCnp2wP2eA-YghOQr0j0wHrQ,heldout,14,13.0963,30,293.79,317,530.8977085242899,0.5533853680769383,confirmed,0.5586876383152217,15,15,none,0
gXVpAVwN8F0,UCXuqSBlHAE6Xw-yeJA0Tunw,time,0.5,0.6570,27,1531913.64,1052514,1510189.8013919946,1.0143848405295521,early,,15,15,none,0
gXVpAVwN8F0,UCXuqSBlHAE6Xw-yeJA0Tunw,time,1,0.6570,27,1531913.64,1052514,1510189.8013919946,1.0143848405295521,early,,15,15,none,0
gXVpAVwN8F0,UCXuqSBlHAE6Xw-yeJA0Tunw,time,2,1.6570,27,1343183.56,1052514,1505237.047269119,0.8923402180957123,early,0.6294327135051472,15,15,none,0
gXVpAVwN8F0,UCXuqSBlHAE6Xw-yeJA0Tunw,time,3,2.6570,27,1166837.03,1052514,1490600.0714786698,0.7827968408646391,early,0.46418311303300197,15,15,none,0
gXVpAVwN8F0,UCXuqSBlHAE6Xw-yeJA0Tunw,time,5,4.6570,27,1153975.24,1052514,1464398.5300822046,0.788019937697807,likely,0.35852594073450716,15,15,none,0
gXVpAVwN8F0,UCXuqSBlHAE6Xw-yeJA0Tunw,time,7,6.6570,27,1069357.13,1052514,1432669.5582790738,0.7464087757550159,likely,0.3224329335760399,15,14,none,0
gXVpAVwN8F0,UCXuqSBlHAE6Xw-yeJA0Tunw,time,14,12.6570,27,1066075.98,1052514,1344261.9197212886,0.7930567425491877,confirmed,0.2604434432190668,15,9,none,0
9ZsAWvf29qo,UCeKKrZ5GnBXRwnKlrixiREQ,time,5,6.4445,29,123638.83,107525,,,insufficient,,0,0,none,0
9ZsAWvf29qo,UCeKKrZ5GnBXRwnKlrixiREQ,time,7,7.4445,29,110381.76,107525,,,insufficient,0.17200408805883008,0,0,none,0
9ZsAWvf29qo,UCeKKrZ5GnBXRwnKlrixiREQ,time,14,13.4445,29,107901.06,107525,,,insufficient,0.0918827882102769,0,0,none,0
PqS_AMc-3iY,UCK09g6gYGMvU-0x1VCF1hgA,time,14,13.7498,29,61148.90,57945,38995.20509579711,1.5681132149426884,confirmed,0.23523921227533204,15,15,none,0
l2RSwUeFXWU,UCQq79zHGZJNzm3SPOfLNmrw,time,3,3.9638,29,282.19,363,517.3537922709841,0.5454558913608802,likely,,15,13,none,0
l2RSwUeFXWU,UCQq79zHGZJNzm3SPOfLNmrw,time,5,5.9638,29,252.40,363,521.590000168339,0.48390600521607474,likely,0.2845347087125033,15,13,none,0
l2RSwUeFXWU,UCQq79zHGZJNzm3SPOfLNmrw,time,7,6.9638,29,268.94,363,532.4449057442863,0.5051071313166324,likely,0.3697662189842424,15,12,none,0
l2RSwUeFXWU,UCQq79zHGZJNzm3SPOfLNmrw,time,14,13.9637,29,303.99,363,580,0.5241287659913892,confirmed,0.34336990371726595,15,10,none,0
_98yAEMZPsU,UC_Gz-8R2G8jBs20ro9AL9hA,heldout,7,8.8465,30,378.83,581,442.65008267504845,0.8558178045864372,confirmed,,15,15,none,0
_98yAEMZPsU,UC_Gz-8R2G8jBs20ro9AL9hA,heldout,14,13.8465,30,426.76,581,577.7358992250777,0.7386796785201717,confirmed,0.4694691454868906,15,15,none,0
9g_MPKyYHTQ,UCJP9OOLkOzsXbb_Bo_kqjTw,heldout,2,2.0207,30,28588.07,35517,24985.473105425528,1.1441876885927056,early,,15,13,none,0
9g_MPKyYHTQ,UCJP9OOLkOzsXbb_Bo_kqjTw,heldout,3,2.0207,30,28588.07,35517,24985.473105425528,1.1441876885927056,early,,15,13,none,0
9g_MPKyYHTQ,UCJP9OOLkOzsXbb_Bo_kqjTw,heldout,14,12.0207,30,40549.49,35517,25165.564902619706,1.6113086731941983,confirmed,0.5056670926544254,15,7,none,0
Zdy-qZO93Qg,UCx0irbDsRLjMvEXaW56cqlQ,heldout,14,14.9992,29,3403.18,3148,5759.515536617222,0.5908792084228042,confirmed,,15,13,none,0
QUIFZaKIB4M,UC1jY1bsRgYKlQ08IVIzwhVw,heldout,7,8.0196,31,34343.70,33699,,,insufficient,,0,0,none,0
QUIFZaKIB4M,UC1jY1bsRgYKlQ08IVIzwhVw,heldout,14,14.0196,31,34645.82,33699,,,insufficient,0.24744261614307245,0,0,none,0
PNQGAKbQAhI,UC7vGEKe2pHPYgpQxsmsk6Pw,time,5,5.7912,28,615.95,614,,,insufficient,,0,0,none,0
PNQGAKbQAhI,UC7vGEKe2pHPYgpQxsmsk6Pw,time,7,6.7912,28,512.38,614,,,insufficient,0.20597060953639304,0,0,none,0
PNQGAKbQAhI,UC7vGEKe2pHPYgpQxsmsk6Pw,time,14,13.7912,28,642.38,614,,,insufficient,0.304132163054214,0,0,none,0
exWKlZWo2kA,UCI3yTtc0kShZ-S_Qsd5VTSQ,time,1,0.8743,27,664125.85,2458836,457646.7878255846,1.4511755873391778,early,,14,14,none,0
exWKlZWo2kA,UCI3yTtc0kShZ-S_Qsd5VTSQ,time,2,1.8743,27,1088130.45,2458836,457646.7878255846,2.3776643461962115,early,1.103523594589508,14,14,none,0
exWKlZWo2kA,UCI3yTtc0kShZ-S_Qsd5VTSQ,time,3,2.8743,27,1242677.19,2458836,457646.7878255846,2.715363069122183,early,1.0214061697426728,14,14,none,0
exWKlZWo2kA,UCI3yTtc0kShZ-S_Qsd5VTSQ,time,5,4.8743,27,1839957.52,2458836,465286.043813016,3.9544653038510105,likely,1.1132173105588177,14,14,none,0
exWKlZWo2kA,UCI3yTtc0kShZ-S_Qsd5VTSQ,time,7,6.8743,27,2122967.47,2458836,465286.043813016,4.562714685391162,likely,1.0778860666443293,14,14,none,0
exWKlZWo2kA,UCI3yTtc0kShZ-S_Qsd5VTSQ,time,14,12.8743,27,2292813.53,2458836,473909.35215398704,4.8380845873634595,confirmed,0.9385215342906054,14,14,none,0
P7KdJhE9Yn8,UCZG-C5esGZyVfxO2qXa1Zmw,time,0.5,0.7118,28,120305.38,80993,45092.89287156237,2.6679454891602203,early,,15,13,none,0
P7KdJhE9Yn8,UCZG-C5esGZyVfxO2qXa1Zmw,time,1,0.7118,28,120305.38,80993,45092.89287156237,2.6679454891602203,early,,15,13,none,0
P7KdJhE9Yn8,UCZG-C5esGZyVfxO2qXa1Zmw,time,2,1.7118,28,101975.04,80993,44956.65627160762,2.268296838366202,early,0.5724980046147728,15,12,none,0
P7KdJhE9Yn8,UCZG-C5esGZyVfxO2qXa1Zmw,time,3,2.7118,28,109042.65,80993,44992.46936671628,2.423575613404744,early,0.5034866166137513,15,12,none,0
P7KdJhE9Yn8,UCZG-C5esGZyVfxO2qXa1Zmw,time,5,4.7118,28,83850.52,80993,44903.78224517936,1.8673375946713118,likely,0.38667059242574187,15,11,none,0
P7KdJhE9Yn8,UCZG-C5esGZyVfxO2qXa1Zmw,time,7,6.7118,28,87301.18,80993,45437.35784164968,1.9213524920173184,likely,0.34212617010120056,15,10,none,0
P7KdJhE9Yn8,UCZG-C5esGZyVfxO2qXa1Zmw,time,14,12.7118,28,82744.28,80993,47477.00000000003,1.7428288063918669,confirmed,0.2650261826963993,15,7,none,0
NYgLyDCvCe8,UCdOIkjWFRXVho4Ua_j9_q4A,time,1,0.8328,27,27189.71,18183,31709.799816681923,0.8574545305510186,early,,15,11,none,0
NYgLyDCvCe8,UCdOIkjWFRXVho4Ua_j9_q4A,time,2,1.8328,27,18743.01,18183,31709.799816681923,0.5910794191042223,early,0.4474806759069256,15,10,none,0
NYgLyDCvCe8,UCdOIkjWFRXVho4Ua_j9_q4A,time,3,2.8328,27,18505.69,18183,31709.799816681923,0.5835951716215846,early,0.34712432147482086,15,10,none,0
NYgLyDCvCe8,UCdOIkjWFRXVho4Ua_j9_q4A,time,5,4.8328,27,18845.09,18183,31751.85371288156,0.5935114764091262,likely,0.30152653351195036,15,9,none,0
NYgLyDCvCe8,UCdOIkjWFRXVho4Ua_j9_q4A,time,7,6.8328,27,18642.54,18183,32295.64459056136,0.5772462572154663,likely,0.28128306492235783,15,9,none,0
NYgLyDCvCe8,UCdOIkjWFRXVho4Ua_j9_q4A,time,14,12.8328,27,19379.28,18183,33329.96806529089,0.5814372403813177,confirmed,0.23909011261377766,15,9,none,0
v3AgDM0Oeok,UCS7BAYpqOSaYy-pZp6oO4PA,time,14,13.8945,29,13869.11,13571,13501.049234884103,1.0272617096534948,confirmed,0.011457514983478245,15,15,none,0
yKEz3es8ITs,UCE3qIUaYYSQfgZZZlFIenZw,time,14,12.6742,27,14766.80,15570,13602.25133367291,1.085614256620214,confirmed,0.5329464906834828,15,14,none,0
dsnVXpwNm8I,UCsvqVGtbbyHaMoevxPAq9Fg,time,14,13.9371,29,2482.23,2493,5485.4961588869755,0.45250847803737926,confirmed,0.43468008080012777,15,15,none,0
rlAfC7QjQec,UCsWLcxLC1B-MLCeIpYtPiMw,heldout,14,13.5485,29,26748.91,27247,32370.955537815684,0.8263244627062503,confirmed,,15,14,none,0
TaBgZnScmY4,UC4eYXhJI4-7wSWc8UNRwD4A,time,5,5.1245,28,278083.23,311773,,,insufficient,,1,1,none,0
TaBgZnScmY4,UC4eYXhJI4-7wSWc8UNRwD4A,time,7,6.1245,28,275318.94,311773,,,insufficient,0.39261641551364845,1,1,none,0
TaBgZnScmY4,UC4eYXhJI4-7wSWc8UNRwD4A,time,14,12.1245,28,286287.40,311773,,,insufficient,0.2936415386789254,1,1,none,0
xsDawRKgvbw,UCGER4yfUXubhNVPYoNzBSEA,time,1,0.8322,29,13264.31,9391,17024.29770852428,0.7791399227904389,early,,15,13,none,0
xsDawRKgvbw,UCGER4yfUXubhNVPYoNzBSEA,time,2,1.8322,29,11536.55,9391,17024.29770852428,0.6776517932826762,early,0.6638562642553163,15,13,none,0
xsDawRKgvbw,UCGER4yfUXubhNVPYoNzBSEA,time,3,2.8322,29,10804.10,9391,17024.29770852428,0.6346283446390055,early,0.48199577616680356,15,13,none,0
xsDawRKgvbw,UCGER4yfUXubhNVPYoNzBSEA,time,5,4.8322,29,9970.14,9391,17024.29770852428,0.5856419088145718,likely,0.3749461412010836,15,13,none,0
xsDawRKgvbw,UCGER4yfUXubhNVPYoNzBSEA,time,7,6.8322,29,9597.72,9391,17024.29770852428,0.5637659948025278,likely,0.31829477532670497,15,13,none,0
xsDawRKgvbw,UCGER4yfUXubhNVPYoNzBSEA,time,14,13.8322,29,10001.85,9391,17571.202383134743,0.569218246615216,confirmed,0.26754042864719607,15,12,none,0
7k4tQoOSd-8,UCIcCXe3iWo6lq-iWKV40Oug,heldout,14,12.8315,30,18816.66,20029,16836.77081352769,1.117593151771918,confirmed,,15,14,none,0
03wNsPlpKjM,UCR3rfDiOfD1hk0IEdIwusIw,heldout,14,14.6875,31,6522.67,6124,104157.15744218847,0.06262330511180571,confirmed,,15,14,none,0
8LUcoCag4Ds,UC-No2ITxJsNt50oJQ3fLmUA,time,14,13.7406,28,135088.94,134716,90307.51460238562,1.4958770214957096,confirmed,0.18538765717818081,15,12,none,0
oyEQHHlRgE0,UC9Nrmsn0jlFsbuzmeUVdIUw,time,2,2.8333,28,388.41,355,,,insufficient,,1,1,none,0
oyEQHHlRgE0,UC9Nrmsn0jlFsbuzmeUVdIUw,time,3,2.8333,28,388.41,355,,,insufficient,,1,1,none,0
oyEQHHlRgE0,UC9Nrmsn0jlFsbuzmeUVdIUw,time,5,5.8333,28,365.72,355,101.39362926165096,3.6069645050150316,likely,0.2555261287098042,15,13,none,0
oyEQHHlRgE0,UC9Nrmsn0jlFsbuzmeUVdIUw,time,7,6.8333,28,356.91,355,100.80048810015205,3.5407071543171944,likely,0.2598668746399945,15,13,none,0
oyEQHHlRgE0,UC9Nrmsn0jlFsbuzmeUVdIUw,time,14,13.8333,28,373.79,355,103.52360110815638,3.6106469832065753,confirmed,0.2290075029972622,15,11,none,0
GWHkgIyZ0JI,UCPCPE5MoI7DS1WiVB_-mzNw,time,7,7.9093,29,3719.06,2976,5588.6067530527935,0.6654712620329432,confirmed,,15,15,none,0
GWHkgIyZ0JI,UCPCPE5MoI7DS1WiVB_-mzNw,time,14,13.9093,29,3064.23,2976,5362.990926339463,0.571365141815233,confirmed,0.006561381888794407,15,15,none,0
Vvzhrntzo6I,UCPAt6z5uX_c5Eo_cSNROzYw,time,14,13.8316,29,2025.59,1984,10397.339866184282,0.19481838402925428,confirmed,0.03755753715138055,15,15,none,0
_K-lEOPTFXU,UC3KNWfcAsfHDqIzHExknhFQ,time,5,6.6374,28,130.89,172,,,insufficient,,0,0,none,0
_K-lEOPTFXU,UC3KNWfcAsfHDqIzHExknhFQ,time,7,6.6374,28,130.89,172,,,insufficient,,0,0,none,0
_K-lEOPTFXU,UC3KNWfcAsfHDqIzHExknhFQ,time,14,13.6374,28,153.17,172,,,insufficient,0.3548029485960391,0,0,none,0
hQcpJXeZz94,UC0Le_ilaOlp9HftXeiMglsg,heldout,14,15.4693,27,8440.32,8450,7270.266011395744,1.1609362166741517,confirmed,0.07560406077298881,15,10,none,0
hQcpJXeZz94,UC0Le_ilaOlp9HftXeiMglsg,time,14,15.4693,27,8440.32,8450,7270.266011395744,1.1609362166741517,confirmed,0.07560406077298881,15,10,none,0
9hrOmqGZ1RI,UCEh_IoMVGA7NPsx6-2H8Bqw,time,14,12.7716,27,1522.30,1521,1195.318589250118,1.2735475916329644,confirmed,0.03607151811077898,15,15,none,0
beVRNv-PkFQ,UCVaQfAPPHqD8vV_ywkaYXMQ,time,3,3.8342,29,3075.59,3270,,,insufficient,,0,0,none,0
beVRNv-PkFQ,UCVaQfAPPHqD8vV_ywkaYXMQ,time,5,4.8342,29,2271.98,3270,491.02794817219797,4.626981674923536,likely,0.1406829765630271,15,11,none,0
beVRNv-PkFQ,UCVaQfAPPHqD8vV_ywkaYXMQ,time,7,6.8342,29,2655.62,3270,491.02794817219797,5.408277164532489,likely,0.25579817772402086,15,10,none,0
beVRNv-PkFQ,UCVaQfAPPHqD8vV_ywkaYXMQ,time,14,14.8342,29,3169.36,3270,484.2181904810279,6.545307905738877,confirmed,0.31884640255441954,15,10,none,0
55cNdkFLO7Y,UC4wKN1tlnlNVMiRPOu7qyvQ,time,2,2.5833,29,1241.34,1903,2229.6625173654566,0.5567367635243164,early,,15,15,none,0
55cNdkFLO7Y,UC4wKN1tlnlNVMiRPOu7qyvQ,time,3,2.5833,29,1241.34,1903,2229.6625173654566,0.5567367635243164,early,,15,15,none,0
55cNdkFLO7Y,UC4wKN1tlnlNVMiRPOu7qyvQ,time,5,4.5833,29,1341.60,1903,2331.280147327629,0.5754773090405679,likely,0.4759099508272012,15,15,none,0
55cNdkFLO7Y,UC4wKN1tlnlNVMiRPOu7qyvQ,time,7,6.5833,29,1353.59,1903,2363.9327988171563,0.5726003490442374,likely,0.4128132577584704,15,15,none,0
55cNdkFLO7Y,UC4wKN1tlnlNVMiRPOu7qyvQ,time,14,13.5833,29,1557.39,1903,2300.8608225859884,0.6768719500369231,confirmed,0.3785294776277429,15,15,none,0
jqe3Bjx8TmU,UCDvZTWvHZPTxJ4K1yTD2a1g,time,14,13.8323,28,81215.27,78272,113073.24555197671,0.7182536776874807,confirmed,,15,14,none,0
xTiBF2Hq40I,UC2Kyj04yISmHr1V-UlJz4eg,heldout,1,1.8891,30,404210.20,583890,160791.9999999999,2.513870097816397,early,,15,13,none,0
xTiBF2Hq40I,UC2Kyj04yISmHr1V-UlJz4eg,heldout,2,1.8891,30,404210.20,583890,160791.9999999999,2.513870097816397,early,,15,13,none,0
xTiBF2Hq40I,UC2Kyj04yISmHr1V-UlJz4eg,heldout,3,2.8891,30,476484.91,583890,160791.9999999999,2.9633620398595473,early,0.7559661792919949,15,13,none,0
xTiBF2Hq40I,UC2Kyj04yISmHr1V-UlJz4eg,heldout,5,4.8891,30,534346.42,583890,160791.9999999999,3.3232152400790023,likely,0.659097157887143,15,13,none,0
xTiBF2Hq40I,UC2Kyj04yISmHr1V-UlJz4eg,heldout,7,6.8891,30,538049.27,583890,160791.9999999999,3.3462440229297443,likely,0.5905259202608807,15,13,none,0
xTiBF2Hq40I,UC2Kyj04yISmHr1V-UlJz4eg,heldout,14,13.8891,30,568876.39,583890,160791.9999999999,3.5379645356305875,confirmed,0.4246011812018384,15,13,none,0
ryw3VaWMPiw,UCDAbrXOj2yIrzj8QE4jC-Og,time,5,5.8321,28,3780.02,3528,,,insufficient,,1,1,none,0
ryw3VaWMPiw,UCDAbrXOj2yIrzj8QE4jC-Og,time,7,6.8321,28,3725.86,3528,,,insufficient,0.40218598353349233,1,1,none,0
ryw3VaWMPiw,UCDAbrXOj2yIrzj8QE4jC-Og,time,14,12.8321,28,3667.37,3528,,,insufficient,0.2331833115164213,1,1,none,0
Ar4s4H7Pkjw,UC5_SBQbLA9Kg7Jh5GpXoP3g,time,1,0.8330,28,10.62,49,770.4139739675793,0.013784723948111147,early,,12,11,none,0
Ar4s4H7Pkjw,UC5_SBQbLA9Kg7Jh5GpXoP3g,time,2,1.8330,28,12.21,49,770.4139739675793,0.015855015337050932,early,0.9312796179456354,12,11,none,0
Ar4s4H7Pkjw,UC5_SBQbLA9Kg7Jh5GpXoP3g,time,3,2.8330,28,17.12,49,726.9594287586469,0.02354711490477962,early,0.9396086142938477,15,13,none,0
Ar4s4H7Pkjw,UC5_SBQbLA9Kg7Jh5GpXoP3g,time,5,4.8330,28,12.36,49,682.6887710772129,0.018106677780766387,likely,0.5987884887513285,15,12,none,0
Ar4s4H7Pkjw,UC5_SBQbLA9Kg7Jh5GpXoP3g,time,7,6.8330,28,32.67,49,669.5486018028511,0.048794683060189775,likely,1.10812501964173,15,12,none,0
Ar4s4H7Pkjw,UC5_SBQbLA9Kg7Jh5GpXoP3g,time,14,13.8330,28,48.37,49,641.0143376337097,0.07545997791016275,confirmed,1.0092333609881885,15,12,none,0
Fxp9-97auQ0,UCAGgFGwq4HZKLZ4gXo9xLiw,time,5,6.0307,29,1651.24,1380,4795.071347794417,0.3443611368522908,likely,,4,4,none,0
Fxp9-97auQ0,UCAGgFGwq4HZKLZ4gXo9xLiw,time,7,7.0307,29,1476.65,1380,4725.613796872048,0.31247862267270193,confirmed,0.17560783118244175,4,4,none,0
Fxp9-97auQ0,UCAGgFGwq4HZKLZ4gXo9xLiw,time,14,14.0307,29,1422.05,1380,4332.219186130405,0.32824953395039025,confirmed,0.06268439000427038,4,4,none,0
7INb9mzVWSE,UC4cTmHcWEXfkRdCvFLe4KiQ,time,14,13.9687,30,4809.44,4718,3579.778883076403,1.343502175109896,confirmed,,15,13,none,0
esRuyVoxqp4,UCPAt6z5uX_c5Eo_cSNROzYw,time,14,14.7276,29,12486.33,12853,10338.683180790622,1.2077295988326302,confirmed,0.04384847473726444,15,15,none,0
5Q_l8m6rsqI,UC6unsgtxsnMeFG3OBRX-PQw,time,7,7.0832,27,1408.33,1206,,,insufficient,,0,0,none,0
5Q_l8m6rsqI,UC6unsgtxsnMeFG3OBRX-PQw,time,14,15.0832,27,1217.42,1206,8278.601174487454,0.14705657109007145,confirmed,0.07468557653618925,15,10,none,0
OUQhHT9onaQ,UCUpbDOT-OVNBlaQpb9pbd2w,time,3,3.5436,27,14399.80,9600,31000.734647529123,0.46449880371650876,likely,,15,15,none,0
OUQhHT9onaQ,UCUpbDOT-OVNBlaQpb9pbd2w,time,5,4.5436,27,10512.46,9600,29345.341207807407,0.358232580261083,likely,0.07362176898304698,15,15,none,0
OUQhHT9onaQ,UCUpbDOT-OVNBlaQpb9pbd2w,time,7,7.5436,27,10368.46,9600,27422.415955452358,0.3781015898039181,confirmed,0.05937288913084066,15,15,none,0
OUQhHT9onaQ,UCUpbDOT-OVNBlaQpb9pbd2w,time,14,15.5436,27,9875.80,9600,24815.789963072188,0.3979643249836272,confirmed,0.03928322246609968,15,15,none,0
-0jZnTfLpeM,UCBXQM4wXOpzZPcjXMqecArA,heldout,2,2.7083,30,3777.91,7592,7621.7748421888455,0.49567292680037633,early,,15,12,none,0
-0jZnTfLpeM,UCBXQM4wXOpzZPcjXMqecArA,heldout,3,2.7083,30,3777.91,7592,7621.7748421888455,0.49567292680037633,early,,15,12,none,0
-0jZnTfLpeM,UCBXQM4wXOpzZPcjXMqecArA,heldout,5,6.7083,30,7569.73,7592,8066.104803829858,0.9384621948775828,likely,0.9089005670608167,15,11,none,0
-0jZnTfLpeM,UCBXQM4wXOpzZPcjXMqecArA,heldout,7,6.7083,30,7569.73,7592,8066.104803829858,0.9384621948775828,likely,0.9089005670608167,15,11,none,0
-0jZnTfLpeM,UCBXQM4wXOpzZPcjXMqecArA,heldout,14,13.7083,30,7452.41,7592,8969.000000000007,0.830908077686921,confirmed,0.6561371399666819,15,8,none,0
VyF8SOSP2YM,UCX6b17PVsYBQ0ip5gyeme-Q,time,1,0.8326,29,45434.78,42652,71820.26741265065,0.6326177396778777,early,,15,10,none,0
VyF8SOSP2YM,UCX6b17PVsYBQ0ip5gyeme-Q,time,2,1.8326,29,38891.53,42652,71820.26741265065,0.5415118729575393,early,0.6273665430145818,15,10,none,0
VyF8SOSP2YM,UCX6b17PVsYBQ0ip5gyeme-Q,time,3,2.8326,29,39819.60,42652,71842.71817769483,0.5542607085674005,early,0.48259279980655484,15,9,none,0
VyF8SOSP2YM,UCX6b17PVsYBQ0ip5gyeme-Q,time,5,4.8326,29,41666.73,42652,71842.71817769483,0.5799714565796251,likely,0.4374227976542492,15,9,none,0
VyF8SOSP2YM,UCX6b17PVsYBQ0ip5gyeme-Q,time,7,6.8326,29,43049.49,42652,71799.32600077316,0.5995807054561394,likely,0.40612513742808637,15,9,none,0
VyF8SOSP2YM,UCX6b17PVsYBQ0ip5gyeme-Q,time,14,13.8326,29,46608.12,42652,71722.61936364158,0.6498384560148277,confirmed,0.37130054100862253,15,8,none,0
Z_qTdDy5LlQ,UCbJCFAtGMXQZm6WfSMMLzvw,time,14,13.9133,28,3654.73,3558,3260.085426214482,1.1210539601858898,confirmed,,15,15,none,0
JGyamfRGnHs,UC1HX8DWEmVTWj5WNaLd1a_Q,time,5,6.1150,29,81.81,84,,,insufficient,,0,0,none,0
JGyamfRGnHs,UC1HX8DWEmVTWj5WNaLd1a_Q,time,7,7.1150,29,86.26,84,,,insufficient,0.3430988245976747,0,0,none,0
JGyamfRGnHs,UC1HX8DWEmVTWj5WNaLd1a_Q,time,14,13.1150,29,86.17,84,,,insufficient,0.2473144987064785,0,0,none,0
1zfTDaO1cO8,UC2r2JPFr-m6Q0z2WRiCg7dA,time,7,7.0833,27,31277.84,27505,,,insufficient,,0,0,none,0
1zfTDaO1cO8,UC2r2JPFr-m6Q0z2WRiCg7dA,time,14,15.0833,27,27130.54,27505,28309.86649373492,0.9583423489125358,confirmed,0.07965905564927023,15,10,none,0
FMrZTjC31uc,UCI0vQvr9aFn27yR6Ej6n5UA,heldout,14,13.2660,30,871.02,807,1065.9999999999998,0.817090549675115,confirmed,,15,13,none,0
Oexn81_0-9E,UCBRpqrzuuqE8TZcWw75JSdw,time,5,6.5686,29,49308.03,42997,,,insufficient,,1,1,none,0
Oexn81_0-9E,UCBRpqrzuuqE8TZcWw75JSdw,time,7,6.5686,29,49308.03,42997,,,insufficient,,1,1,none,0
Oexn81_0-9E,UCBRpqrzuuqE8TZcWw75JSdw,time,14,13.5686,29,42819.59,42997,,,insufficient,0.08545692906204377,1,1,none,0
KxiPnflbwJI,UCU_W0oE_ock8bWKjALiGs8Q,heldout,14,14.7032,31,85035.12,99235,203837.52560978354,0.41717109071283326,confirmed,,15,14,none,0
Myd7c7yScbY,UC2qUDKqTsz00csykCYgdLuA,time,14,13.7497,28,2991.42,2928,5683.999999999995,0.5262872180757018,confirmed,0.26896372016232095,15,14,none,0
cC-J0ZCUH28,UC67dKTEwpAhKv2oYDATwR8g,time,1,0.9118,28,16534.12,13066,44619.73993133078,0.3705562594819342,early,,15,9,none,0
cC-J0ZCUH28,UC67dKTEwpAhKv2oYDATwR8g,time,2,1.9118,28,12830.97,13066,44658.999999999985,0.2873098344781385,early,0.3823567888667621,15,8,none,0
cC-J0ZCUH28,UC67dKTEwpAhKv2oYDATwR8g,time,3,2.9118,28,11463.33,13066,44658.999999999985,0.25668580486952436,early,0.359240500854155,15,8,none,0
cC-J0ZCUH28,UC67dKTEwpAhKv2oYDATwR8g,time,5,4.9118,28,11682.72,13066,44658.999999999985,0.2615983210853833,likely,0.31616340194607867,15,8,none,0
cC-J0ZCUH28,UC67dKTEwpAhKv2oYDATwR8g,time,7,6.9118,28,12801.40,13066,44658.999999999985,0.2866476250119484,likely,0.3023430323508245,15,8,none,0
cC-J0ZCUH28,UC67dKTEwpAhKv2oYDATwR8g,time,14,13.9118,28,13079.45,13066,44658.999999999985,0.2928738639526831,confirmed,0.27040166687735273,15,7,none,0
cq_KlaguVGM,UCZ7yH-kLdFj7HNo2Dcs6FnQ,time,3,3.9991,29,301.22,332,239.94452586020424,1.2553650284603024,likely,,12,11,none,0
cq_KlaguVGM,UCZ7yH-kLdFj7HNo2Dcs6FnQ,time,5,4.9991,29,218.99,332,239.94452586020424,0.9126516423404745,likely,0.05742341949424974,14,13,none,0
cq_KlaguVGM,UCZ7yH-kLdFj7HNo2Dcs6FnQ,time,7,6.9991,29,331.29,332,239.85319326836992,1.3812303245454267,likely,0.5058210507093229,15,13,none,0
cq_KlaguVGM,UCZ7yH-kLdFj7HNo2Dcs6FnQ,time,14,12.9991,29,332.06,332,237.91900036517112,1.3956671453081917,confirmed,0.39034198867041925,15,11,none,0
DJ18LeXxL4I,UC5lBPQsMMJEE5PTJMzf_sug,heldout,1,1.9432,30,2556.78,3533,3709.1744959535154,0.6893119464316989,early,,10,10,none,0
DJ18LeXxL4I,UC5lBPQsMMJEE5PTJMzf_sug,heldout,2,1.9432,30,2556.78,3533,3709.1744959535154,0.6893119464316989,early,,10,10,none,0
DJ18LeXxL4I,UC5lBPQsMMJEE5PTJMzf_sug,heldout,3,2.9432,30,1722.61,3533,6957.865780920647,0.24757740648101004,early,0.04222409249573834,15,15,none,0
DJ18LeXxL4I,UC5lBPQsMMJEE5PTJMzf_sug,heldout,5,4.9432,30,1860.24,3533,7257.179187781915,0.2563307875659489,likely,0.2502222577683959,15,13,none,0
DJ18LeXxL4I,UC5lBPQsMMJEE5PTJMzf_sug,heldout,7,5.9432,30,2195.63,3533,7257.179187781915,0.30254552515504535,likely,0.2565821825923143,15,13,none,0
DJ18LeXxL4I,UC5lBPQsMMJEE5PTJMzf_sug,heldout,14,13.9432,30,4691.13,3533,8616.76494014268,0.5444184847668301,confirmed,0.40112519260266766,15,8,none,0
2sChlIik85Y,UCkU_KcVKHrxgE4uhbIWaQtg,time,5,5.7500,27,133891.67,147691,54916.41869258036,2.4380991121861277,likely,,15,14,none,0
2sChlIik85Y,UCkU_KcVKHrxgE4uhbIWaQtg,time,7,6.7500,27,123443.16,147691,54691.351453594136,2.257087377770339,likely,0.2572149230222893,15,14,none,0
2sChlIik85Y,UCkU_KcVKHrxgE4uhbIWaQtg,time,14,12.7500,27,119587.78,147691,54446.77012572474,2.196416453636208,confirmed,0.15667412365941008,15,10,none,0
uJI5dkS5oo0,UCK_qwlvj4ZQobgDsalN_Pvg,time,0.5,0.7493,27,349.72,2410,2482.8950080028817,0.14085193198854043,early,,15,12,none,0
uJI5dkS5oo0,UCK_qwlvj4ZQobgDsalN_Pvg,time,1,0.7493,27,349.72,2410,2482.8950080028817,0.14085193198854043,early,,15,12,none,0
uJI5dkS5oo0,UCK_qwlvj4ZQobgDsalN_Pvg,time,2,1.7493,27,635.58,2410,2315.5519240971603,0.2744813778316974,early,1.9346261346238378,15,12,none,0
uJI5dkS5oo0,UCK_qwlvj4ZQobgDsalN_Pvg,time,3,2.7493,27,1127.63,2410,2236.925308783075,0.504100376587704,early,2.079193301031502,15,11,none,0
uJI5dkS5oo0,UCK_qwlvj4ZQobgDsalN_Pvg,time,5,4.7493,27,3766.00,2410,2187.3986179745452,1.7216785875308438,likely,2.076655716600163,15,11,none,0
uJI5dkS5oo0,UCK_qwlvj4ZQobgDsalN_Pvg,time,7,6.7493,27,4166.82,2410,2212.5983717412164,1.883225197855583,likely,1.7910842529937914,15,11,none,0
uJI5dkS5oo0,UCK_qwlvj4ZQobgDsalN_Pvg,time,14,15.7493,27,2806.10,2410,2527.3635204552243,1.1102875666066825,confirmed,1.2893240299292177,15,9,none,0
GdvrTH_SHxA,UCFNWnGcWFs8d_RjlLLXdh_A,heldout,3,3.8747,28,20554.16,35375,63152.35757978804,0.32546944578870574,likely,,15,15,none,0
GdvrTH_SHxA,UCFNWnGcWFs8d_RjlLLXdh_A,heldout,5,4.8747,28,22563.87,35375,63155.000000000015,0.35727768480814565,likely,0.6376023379176881,15,14,none,0
GdvrTH_SHxA,UCFNWnGcWFs8d_RjlLLXdh_A,heldout,7,6.8747,28,21793.01,35375,63155.000000000015,0.34507173653521206,likely,0.6212453276941451,15,14,none,0
GdvrTH_SHxA,UCFNWnGcWFs8d_RjlLLXdh_A,heldout,14,13.8747,28,30226.28,35375,63155.000000000015,0.47860477015406744,confirmed,0.5470849011337489,15,14,none,0
yatLOwL7Ncc,UCfQgsKhHjSyRLOp9mnffqVg,heldout,5,6.8322,30,584762.91,602280,334191.40339236066,1.749784402447336,likely,,15,12,none,0
yatLOwL7Ncc,UCfQgsKhHjSyRLOp9mnffqVg,heldout,7,6.8322,30,584762.91,602280,334191.40339236066,1.749784402447336,likely,,15,12,none,0
FnOHapHRqJs,UCLMtjmKyB2ORHx2A06crsmQ,time,3,3.8320,28,5851.56,5648,17503.385406898713,0.33430991795868675,likely,,10,10,none,0
FnOHapHRqJs,UCLMtjmKyB2ORHx2A06crsmQ,time,5,4.8320,28,4327.25,5648,15183.79687037352,0.28499129757903063,likely,0.14632295251167846,15,14,none,0
FnOHapHRqJs,UCLMtjmKyB2ORHx2A06crsmQ,time,7,6.8320,28,5060.79,5648,15291.85427918896,0.3309469182605354,likely,0.25909239871467,15,13,none,0
FnOHapHRqJs,UCLMtjmKyB2ORHx2A06crsmQ,time,14,13.8320,28,5446.77,5648,15552.51799252491,0.35021808320557263,confirmed,0.24660958058393562,15,12,none,0
Z2R6ZsTOqwI,UCjB9rCM_kqa-tQj1UcwauAg,time,14,13.2773,28,8462.02,8782,3411.237917666216,2.480629643355642,confirmed,0.10622938189019164,15,11,none,0
tSzmW88tRJ8,UCyNlnI6hQO3pVHswmGYvQxA,time,0.5,0.7083,29,16439.67,25112,10416.765675528826,1.578193631053591,early,,15,15,none,0
tSzmW88tRJ8,UCyNlnI6hQO3pVHswmGYvQxA,time,1,0.7083,29,16439.67,25112,10416.765675528826,1.578193631053591,early,,15,15,none,0
tSzmW88tRJ8,UCyNlnI6hQO3pVHswmGYvQxA,time,2,1.7083,29,14438.41,25112,10416.765675528826,1.3860740182338547,early,0.6485764744752703,15,15,none,0
tSzmW88tRJ8,UCyNlnI6hQO3pVHswmGYvQxA,time,3,2.7083,29,15255.05,25112,10409,1.4655635957138033,early,0.533085403334108,15,14,none,0
tSzmW88tRJ8,UCyNlnI6hQO3pVHswmGYvQxA,time,5,4.7083,29,14940.72,25112,10409,1.435365699566246,likely,0.4587171496553564,15,14,none,0
tSzmW88tRJ8,UCyNlnI6hQO3pVHswmGYvQxA,time,7,6.7083,29,15601.16,25112,10409,1.4988141880735288,likely,0.45538326127415546,15,14,none,0
tSzmW88tRJ8,UCyNlnI6hQO3pVHswmGYvQxA,time,14,13.7083,29,20558.67,25112,10409,1.9750862597992338,confirmed,0.4888716914057859,15,12,none,0
xIun4HFgHLQ,UCsga4ThrENksdN7RghkPJow,time,1,1.0155,27,5192.87,6008,8411.792434029549,0.6173324088446575,early,1.900206461468182,15,15,none,0
xIun4HFgHLQ,UCsga4ThrENksdN7RghkPJow,time,2,2.0155,27,6574.16,6008,8411.792434029549,0.781541080641496,early,1.3933604094339707,15,15,none,0
xIun4HFgHLQ,UCsga4ThrENksdN7RghkPJow,time,3,2.0155,27,6574.16,6008,8411.792434029549,0.781541080641496,early,1.3933604094339707,15,15,none,0
xIun4HFgHLQ,UCsga4ThrENksdN7RghkPJow,time,5,5.0155,27,7289.42,6008,8386.352147878237,0.8692007346539152,likely,1.0648637333421633,15,15,none,0
xIun4HFgHLQ,UCsga4ThrENksdN7RghkPJow,time,7,7.0155,27,7027.41,6008,8360.384585906948,0.8405600854745378,confirmed,0.9632858596036521,15,15,none,0
xIun4HFgHLQ,UCsga4ThrENksdN7RghkPJow,time,14,15.0155,27,6844.80,6008,8267.397553172292,0.8279263728319942,confirmed,0.7958109953470706,15,14,none,0
Y-cihfULrUc,UCDIaC10wqRZFutqWaJnm7QA,time,5,6.8424,29,52.86,49,,,insufficient,,0,0,none,0
Y-cihfULrUc,UCDIaC10wqRZFutqWaJnm7QA,time,7,6.8424,29,52.86,49,,,insufficient,,0,0,none,0
Y-cihfULrUc,UCDIaC10wqRZFutqWaJnm7QA,time,14,13.8424,29,49.97,49,,,insufficient,0.14260120267107104,0,0,none,0
HSOVWcT3sjw,UCLJs1QDIwWlaqdRJS9dZESw,time,1,0.8626,27,7853.45,10784,11655.482592380711,0.6737986603205159,early,,15,13,none,0
HSOVWcT3sjw,UCLJs1QDIwWlaqdRJS9dZESw,time,2,1.8626,27,6960.67,10784,11680.18656449137,0.5959378387649744,early,0.7167087276978742,15,13,none,0
HSOVWcT3sjw,UCLJs1QDIwWlaqdRJS9dZESw,time,3,2.8626,27,7563.96,10784,11751.711031342042,0.6436478057765502,early,0.6175424976479637,15,13,none,0
HSOVWcT3sjw,UCLJs1QDIwWlaqdRJS9dZESw,time,5,4.8626,27,9099.41,10784,11791.80262546527,0.7716722782441361,likely,0.6005226772916262,15,13,none,0
HSOVWcT3sjw,UCLJs1QDIwWlaqdRJS9dZESw,time,7,6.8626,27,12898.28,10784,11923.022979659929,1.0817960015588033,likely,0.6817657698280574,15,13,none,0
HSOVWcT3sjw,UCLJs1QDIwWlaqdRJS9dZESw,time,14,12.8626,27,14438.28,10784,12014,1.2017881696308257,confirmed,0.5677877971996527,15,12,none,0
yvfGX43b_9Q,UC3_BakzLfadvFrsnClMFWmQ,heldout,5,5.1172,30,1094.57,812,886.8363677124734,1.2342468052676345,likely,,15,15,none,0
yvfGX43b_9Q,UC3_BakzLfadvFrsnClMFWmQ,heldout,7,5.1172,30,1094.57,812,886.8363677124734,1.2342468052676345,likely,,15,15,none,0
yvfGX43b_9Q,UC3_BakzLfadvFrsnClMFWmQ,heldout,14,12.1172,30,838.14,812,803.5946225377019,1.0429895039507386,confirmed,0.009734600145479212,15,11,none,0
s9zMTn0QOMs,UCso1B56GyEtnhn2OPENKXoQ,time,14,15.1655,27,64.07,66,161.54241343831325,0.39664430966665043,confirmed,0.0792116390830274,15,15,none,0
q-r3HWRY4AU,UCV_zy48AlwwGpdJEka1ay7w,time,1,0.8751,29,156357.55,218729,76603.99999999994,2.041114648890329,early,,15,11,none,0
q-r3HWRY4AU,UCV_zy48AlwwGpdJEka1ay7w,time,2,1.8751,29,199754.75,218729,76603.99999999994,2.607628143029827,early,0.9588463282836301,15,11,none,0
q-r3HWRY4AU,UCV_zy48AlwwGpdJEka1ay7w,time,3,2.8751,29,189877.02,218729,76603.99999999994,2.4786828569612194,early,0.6954325598023908,15,10,none,0
q-r3HWRY4AU,UCV_zy48AlwwGpdJEka1ay7w,time,5,4.8751,29,202923.42,218729,76603.99999999994,2.648992541419459,likely,0.6141084880925852,15,10,none,0
q-r3HWRY4AU,UCV_zy48AlwwGpdJEka1ay7w,time,7,6.8751,29,195853.78,218729,76603.99999999994,2.5567043415482353,likely,0.5553157746826534,15,10,none,0
q-r3HWRY4AU,UCV_zy48AlwwGpdJEka1ay7w,time,14,13.8751,29,199470.11,218729,76603.99999999994,2.603912444414345,confirmed,0.46807062969505275,15,9,none,0
48un8_ywypI,UCrwbBzP11NhxRUCRKx_BgoQ,time,14,14.6458,27,391987.15,358954,523283.55040824396,0.7490912884438904,confirmed,,15,14,none,0
ITbUyiyQckY,UC4SVo0Ue36XCfOyb5Lh1viQ,time,7,7.9381,29,5192.84,5566,6346.746645828016,0.8181886166575333,confirmed,,15,13,none,0
ITbUyiyQckY,UC4SVo0Ue36XCfOyb5Lh1viQ,time,14,13.9381,29,5276.67,5566,6239.046777762687,0.845748796028637,confirmed,0.2598184340971155,15,10,none,0
br-iVypB4a0,UCAXUwGU47XVY-0lH9qhUr1Q,heldout,1,1.6664,32,93042.06,80172,83699.82380748309,1.1116159498190064,early,,15,9,none,0
br-iVypB4a0,UCAXUwGU47XVY-0lH9qhUr1Q,heldout,2,1.6664,32,93042.06,80172,83699.82380748309,1.1116159498190064,early,,15,9,none,0
br-iVypB4a0,UCAXUwGU47XVY-0lH9qhUr1Q,heldout,3,2.6664,32,76567.81,80172,85257.81135672645,0.8980738044167609,early,0.2944365323226374,15,8,none,0
br-iVypB4a0,UCAXUwGU47XVY-0lH9qhUr1Q,heldout,5,4.6664,32,94715.89,80172,85649.17202162732,1.1058587986470376,likely,0.2843590378599769,15,8,none,0
br-iVypB4a0,UCAXUwGU47XVY-0lH9qhUr1Q,heldout,7,6.6664,32,98467.91,80172,85302.7751275067,1.1543341554443853,likely,0.2622439497274931,15,7,none,0
br-iVypB4a0,UCAXUwGU47XVY-0lH9qhUr1Q,heldout,14,14.6664,32,79850.26,80172,85065.95097523424,0.9386864555411316,confirmed,0.22469416743551998,15,5,none,0
CMcLEHqNkLY,UC6BW8DqrAmBEIeCtMa4bfBw,time,14,15.2469,27,5374.02,5524,3673.3908742566805,1.462959510348203,confirmed,0.030238523350873243,15,15,none,0
fhjbxVgm208,UCso1B56GyEtnhn2OPENKXoQ,time,14,13.1738,27,101.95,94,173.29970723982453,0.5882945763197814,confirmed,,12,12,none,0
IAGruxbR07Y,UCPAt6z5uX_c5Eo_cSNROzYw,time,7,8.9789,29,3128.79,2585,10671.88826317231,0.2931805979879974,confirmed,,15,15,none,0
IAGruxbR07Y,UCPAt6z5uX_c5Eo_cSNROzYw,time,14,13.9789,29,2616.74,2585,10338.683180790622,0.25310141899058264,confirmed,0.04514020293965157,15,15,none,0
HNTPo3EoBio,UCmH99cCLXOXzaEFJKyGJXTw,time,5,5.8773,29,293.70,268,1704.6161724266992,0.17229662585728825,likely,,12,12,none,0
HNTPo3EoBio,UCmH99cCLXOXzaEFJKyGJXTw,time,7,6.8773,29,272.22,268,1443.9555471470424,0.18852082091742434,likely,0.3006954912012448,15,14,none,0
HNTPo3EoBio,UCmH99cCLXOXzaEFJKyGJXTw,time,14,13.8773,29,263.98,268,1434.506845609351,0.18402386479936506,confirmed,0.15264613631441115,15,12,none,0
xvhaNuD8CCg,UCdjEFkZWl9eBgV8azx1A_hg,time,5,6.8272,29,697.24,682,,,insufficient,,1,1,none,0
xvhaNuD8CCg,UCdjEFkZWl9eBgV8azx1A_hg,time,7,6.8272,29,697.24,682,,,insufficient,,1,1,none,0
xvhaNuD8CCg,UCdjEFkZWl9eBgV8azx1A_hg,time,14,13.8272,29,659.42,682,,,insufficient,0.14301132201481132,1,1,none,0
ufIJSwVSBzI,UChISHLovxnSLP0w81NEQj5w,time,14,15.3871,27,46904.88,45410,16867.91308385744,2.7807161544175565,confirmed,0.0014175226669792488,15,15,none,0
KLjXWukMylk,UC1lfnF3avRvtFm_wajLLhyg,time,1,0.7618,28,22599.24,17072,22371.266986080263,1.0101904713026244,early,,15,10,none,0
KLjXWukMylk,UC1lfnF3avRvtFm_wajLLhyg,time,2,1.7618,28,19714.68,17072,22182.99195091002,0.888729479896593,early,0.6498449798182215,15,9,none,0
KLjXWukMylk,UC1lfnF3avRvtFm_wajLLhyg,time,3,2.7618,28,18004.78,17072,21997.8895589228,0.818477399445787,early,0.5522592448849961,15,9,none,0
KLjXWukMylk,UC1lfnF3avRvtFm_wajLLhyg,time,5,4.7618,28,17201.66,17072,21656.917548547917,0.7942800963467329,likely,0.42215621036393797,15,8,none,0
KLjXWukMylk,UC1lfnF3avRvtFm_wajLLhyg,time,7,6.7618,28,17791.76,17072,21521.972939113995,0.8266787885208629,likely,0.38432018461623607,15,7,none,0
KLjXWukMylk,UC1lfnF3avRvtFm_wajLLhyg,time,14,13.7618,28,17470.60,17072,20914.270210027207,0.8353435149931226,confirmed,0.3069304759128464,15,5,none,0
4_gB3mJ3P8Q,UC8DqDLFZCni7Jkys3N3818w,time,5,4.8182,27,28.55,34,,,insufficient,,2,2,none,0
4_gB3mJ3P8Q,UC8DqDLFZCni7Jkys3N3818w,time,7,6.8182,27,34.37,34,,,insufficient,0.5900999404858832,2,2,none,0
4_gB3mJ3P8Q,UC8DqDLFZCni7Jkys3N3818w,time,14,12.8182,27,35.08,34,,,insufficient,0.4123422471021517,2,2,none,0
whvZomhSeEM,UCC_ycdL5_Rw9b6UEmtmUE3g,time,5,4.9882,28,18277.36,20797,,,insufficient,,2,2,none,0
whvZomhSeEM,UCC_ycdL5_Rw9b6UEmtmUE3g,time,7,6.9882,28,19022.55,20797,,,insufficient,0.3793970585423138,2,2,none,0
whvZomhSeEM,UCC_ycdL5_Rw9b6UEmtmUE3g,time,14,12.9882,28,20905.48,20797,,,insufficient,0.3362690231106134,2,2,none,0
eQH5AMqpuYU,UCXGR70CkW_pXb8n52LzCCRw,time,1,1.0825,28,305210.28,370931,385102.3591408273,0.7925432533947235,early,,15,12,none,0
eQH5AMqpuYU,UCXGR70CkW_pXb8n52LzCCRw,time,2,2.0825,28,354561.35,370931,385847.0502368612,0.9189168416710374,early,0.760248825036813,15,11,none,0
eQH5AMqpuYU,UCXGR70CkW_pXb8n52LzCCRw,time,3,3.0825,28,351251.29,370931,385516.4277551071,0.9111188692224417,likely,0.6248292540358318,15,11,none,0
eQH5AMqpuYU,UCXGR70CkW_pXb8n52LzCCRw,time,5,5.0825,28,358245.54,370931,379297.95739060116,0.9444963701216208,likely,0.5698287299158916,15,10,none,0
eQH5AMqpuYU,UCXGR70CkW_pXb8n52LzCCRw,time,7,7.0825,28,360166.20,370931,383133.6451395128,0.9400537069151264,confirmed,0.5404075792278089,15,10,none,0
eQH5AMqpuYU,UCXGR70CkW_pXb8n52LzCCRw,time,14,13.0825,28,368420.35,370931,382693.9284991701,0.9627023702148335,confirmed,0.47364283267717844,15,6,none,0
8Q-t16IzGt8,UC2OjGgjNiqyLr_1qkqAwsUQ,time,14,13.7498,28,1856.58,1891,10850.276957743426,0.17110856050151974,confirmed,0.17611249496056372,15,13,none,0
yesW-xqQ6ZM,UC6-X3epFE06GDWRHLQG_YMA,time,2,2.6429,27,53573.99,45206,183525.6355255142,0.29191558569728454,early,,12,11,none,0
yesW-xqQ6ZM,UC6-X3epFE06GDWRHLQG_YMA,time,3,2.6429,27,53573.99,45206,183525.6355255142,0.29191558569728454,early,,12,11,none,0
yesW-xqQ6ZM,UC6-X3epFE06GDWRHLQG_YMA,time,5,4.6429,27,42027.02,45206,183725.76610099222,0.22874863484149208,likely,0.19776856211931415,15,14,none,0
yesW-xqQ6ZM,UC6-X3epFE06GDWRHLQG_YMA,time,7,6.6429,27,43360.61,45206,186468.5528354672,0.23253577770888617,likely,0.2084010162731405,15,14,none,0
yesW-xqQ6ZM,UC6-X3epFE06GDWRHLQG_YMA,time,14,12.6429,27,46358.98,45206,193233.36602884537,0.23991186818114774,confirmed,0.1767102237423657,15,13,none,0
gp-61iLh08w,UCpXipTyhIY9kprpvVd-lu0A,heldout,14,14.9270,31,19941.76,19925,55209.86362081817,0.36119915176275263,confirmed,0.060798537066584536,15,14,none,0
fxx_E0ojKrc,UC8butISFwT-Wl7EV0hUK0BQ,time,5,4.9064,27,29915.21,36896,,,insufficient,,2,2,none,0
fxx_E0ojKrc,UC8butISFwT-Wl7EV0hUK0BQ,time,7,6.9064,27,31154.11,36896,,,insufficient,0.377012129490225,2,2,none,0
fxx_E0ojKrc,UC8butISFwT-Wl7EV0hUK0BQ,time,14,12.9064,27,35360.43,36896,,,insufficient,0.3715676938752246,2,2,none,0
inqWcd7tz4g,UC0QHWhjbe5fGJEPz3sVb6nw,time,1,0.8311,28,90996.99,124673,948779.1497731532,0.0959095589490381,early,,15,9,none,0
inqWcd7tz4g,UC0QHWhjbe5fGJEPz3sVb6nw,time,2,1.8311,28,100416.87,124673,949677.2396882357,0.10573788806880019,early,0.8354494288794263,15,8,none,0
inqWcd7tz4g,UC0QHWhjbe5fGJEPz3sVb6nw,time,3,2.8311,28,107069.68,124673,947269.4053565369,0.11302981377567396,early,0.7773888857316051,15,8,none,0
inqWcd7tz4g,UC0QHWhjbe5fGJEPz3sVb6nw,time,5,4.8311,28,109863.48,124673,946941.9421694484,0.11601923830347025,likely,0.6300078615157565,15,8,none,0
inqWcd7tz4g,UC0QHWhjbe5fGJEPz3sVb6nw,time,7,6.8311,28,110783.66,124673,949044.7269482838,0.11673176228955089,likely,0.5883556515898417,15,7,none,0
inqWcd7tz4g,UC0QHWhjbe5fGJEPz3sVb6nw,time,14,13.8311,28,133700.98,124673,956760.0000000006,0.13974348778194112,confirmed,0.528557407039857,15,5,none,0
u2a_FQa0f_8,UC3_BakzLfadvFrsnClMFWmQ,time,1,1.0898,29,1522.09,651,767.484127080043,1.9832203087923448,early,0.32227183965383405,15,15,none,0
u2a_FQa0f_8,UC3_BakzLfadvFrsnClMFWmQ,time,2,2.0898,29,930.19,651,755.7323216987036,1.2308407754806783,early,0.21337675680657572,15,15,none,0
u2a_FQa0f_8,UC3_BakzLfadvFrsnClMFWmQ,time,3,3.0898,29,799.74,651,745.9052607303363,1.0721723061030881,likely,0.1693148373580384,15,15,none,0
u2a_FQa0f_8,UC3_BakzLfadvFrsnClMFWmQ,time,5,5.0898,29,733.37,651,733.0544339876276,1.0004362167047056,likely,0.13013877011766542,15,15,none,0
u2a_FQa0f_8,UC3_BakzLfadvFrsnClMFWmQ,time,7,7.0898,29,711.39,651,722.015307925774,0.98528166260263,confirmed,0.11479601303497887,15,15,none,0
u2a_FQa0f_8,UC3_BakzLfadvFrsnClMFWmQ,time,14,14.0898,29,621.53,651,692.2685369360181,0.8978138334319361,confirmed,0.08873886769514851,15,11,none,0
TBUaBsCn3L0,UC50xPFPma-nCS5GZpAFukpQ,heldout,5,6.6619,30,1274488.81,1426967,770209.0000000001,1.6547311252785126,likely,,15,14,none,0
TBUaBsCn3L0,UC50xPFPma-nCS5GZpAFukpQ,heldout,7,6.6619,30,1274488.81,1426967,770209.0000000001,1.6547311252785126,likely,,15,14,none,0
TBUaBsCn3L0,UC50xPFPma-nCS5GZpAFukpQ,heldout,14,15.6619,30,1364328.80,1426967,770209.0000000001,1.7713747767588723,confirmed,0.2388368544111187,15,14,none,0
dr2nha4f97A,UCe43pe3w4L6w3tNMRkWiJBA,time,14,13.8671,27,21962.77,22040,31008.9288356158,0.7082726072332224,confirmed,0.15405223215478975,15,13,none,0
jJMP33L-Ma4,UC4XsiyKOEWxdW0jpNyKsNEw,time,1,1.1709,29,121.53,123,153.0964109625792,0.7938413159757739,early,1.638558147642072,15,12,none,0
jJMP33L-Ma4,UC4XsiyKOEWxdW0jpNyKsNEw,time,2,1.1709,29,121.53,123,153.0964109625792,0.7938413159757739,early,1.638558147642072,15,12,none,0
jJMP33L-Ma4,UC4XsiyKOEWxdW0jpNyKsNEw,time,3,3.1709,29,173.32,123,152.5157238809958,1.1363923157600142,likely,1.5031452905782867,15,12,none,0
jJMP33L-Ma4,UC4XsiyKOEWxdW0jpNyKsNEw,time,5,5.1709,29,152.91,123,153.06771373036707,0.9989822366668124,likely,1.1562709359789063,15,11,none,0
jJMP33L-Ma4,UC4XsiyKOEWxdW0jpNyKsNEw,time,7,7.1709,29,140.48,123,151.1965457533112,0.9291400813360562,confirmed,1.0137058147402382,15,11,none,0
jJMP33L-Ma4,UC4XsiyKOEWxdW0jpNyKsNEw,time,14,14.1709,29,158.57,123,147.27464241286827,1.076695617358137,confirmed,0.80355144855465,15,9,none,0
zB6DdxyXSIE,UCN3U77hj4a8bJ0jpwSxaZFw,time,14,13.9415,29,4683.67,4685,5722.664987101085,0.8184415786515273,confirmed,0.0634581881048552,15,15,none,0
hhqml53VRbQ,UCxa1v9wVMmjYUhUfQOJxbzw,time,14,14.6153,28,8097.37,7579,7185.445459434338,1.126912655882667,confirmed,,15,13,none,0
xESqfiTJmws,UCll3zdukvI1oWlG-F13UCZw,heldout,1,1.0299,27,2921.74,1985,4132.815784459424,0.7069612928156785,early,1.2962850039248857,15,15,none,0
xESqfiTJmws,UCll3zdukvI1oWlG-F13UCZw,time,1,1.0299,27,2921.74,1985,4132.815784459424,0.7069612928156785,early,1.2962850039248857,15,15,none,0
xESqfiTJmws,UCll3zdukvI1oWlG-F13UCZw,heldout,2,2.0299,27,2839.97,1985,4090.6318713420414,0.6942619718850435,early,0.9416161759243423,15,15,none,0
xESqfiTJmws,UCll3zdukvI1oWlG-F13UCZw,time,2,2.0299,27,2839.97,1985,4090.6318713420414,0.6942619718850435,early,0.9416161759243423,15,15,none,0
xESqfiTJmws,UCll3zdukvI1oWlG-F13UCZw,heldout,3,3.0299,27,2659.06,1985,4054.657037458553,0.6558029713961456,likely,0.8033146206582529,15,15,none,0
xESqfiTJmws,UCll3zdukvI1oWlG-F13UCZw,time,3,3.0299,27,2659.06,1985,4054.657037458553,0.6558029713961456,likely,0.8033146206582529,15,15,none,0
xESqfiTJmws,UCll3zdukvI1oWlG-F13UCZw,heldout,5,5.0299,27,2563.41,1985,4035.9966005482725,0.635136600203846,likely,0.6730107181139587,15,15,none,0
xESqfiTJmws,UCll3zdukvI1oWlG-F13UCZw,time,5,5.0299,27,2563.41,1985,4035.9966005482725,0.635136600203846,likely,0.6730107181139587,15,15,none,0
xESqfiTJmws,UCll3zdukvI1oWlG-F13UCZw,heldout,7,7.0299,27,2380.91,1985,4001.007932480587,0.5950768316953171,confirmed,0.6001108661702753,15,15,none,0
xESqfiTJmws,UCll3zdukvI1oWlG-F13UCZw,time,7,7.0299,27,2380.91,1985,4001.007932480587,0.5950768316953171,confirmed,0.6001108661702753,15,15,none,0
xESqfiTJmws,UCll3zdukvI1oWlG-F13UCZw,heldout,14,15.0299,27,2155.33,1985,3871.614425636249,0.5567006142593882,confirmed,0.4773006257549015,15,13,none,0
xESqfiTJmws,UCll3zdukvI1oWlG-F13UCZw,time,14,15.0299,27,2155.33,1985,3871.614425636249,0.5567006142593882,confirmed,0.4773006257549015,15,13,none,0
fb8BDVvqSHk,UCdt0GYPfoQdIZTiqH4CDBaw,time,5,6.9166,29,9400.22,8038,,,insufficient,,0,0,none,0
fb8BDVvqSHk,UCdt0GYPfoQdIZTiqH4CDBaw,time,7,6.9166,29,9400.22,8038,,,insufficient,,0,0,none,0
fb8BDVvqSHk,UCdt0GYPfoQdIZTiqH4CDBaw,time,14,13.9166,29,8063.10,8038,,,insufficient,0.06885255329483861,0,0,none,0
NtF5Yf3VxFs,UCzVyNPJzI9y01jZf3fq609w,time,14,12.6664,27,273.53,412,684.4144367098493,0.39965488635459073,confirmed,0.810567749451066,15,14,none,0
F_PuaNIvAkU,UC6QNjBn6KMq5-pe3OE11zZg,heldout,14,13.8330,30,11520.49,10811,11058.96727947581,1.0417332925915368,confirmed,,8,6,none,0
85ASDTMMTOo,UCdLlUhD9LUGm0-NTYDASPFA,heldout,14,13.0415,31,2785.41,2995,4610.845024098818,0.6040988296675668,confirmed,0.19962846934983028,15,13,none,0
HzA07cvOfh8,UCnwAlhoB5rVhh6y5P96RXAw,heldout,14,12.9579,30,122342.64,128904,53253.83765404683,2.2973488291535404,confirmed,,8,8,none,0
I9OUh7iTQ_I,UC-__rBmcQsAbJsdfe5R_xTA,time,14,12.6703,27,106.40,111,249.88652612282306,0.42578582025649386,confirmed,0.4312119985765911,15,15,none,0
sSJx-X9BEWY,UCAbcoKROFsRA_uA9aSprCwg,time,5,6.8740,29,2246.54,2975,,,insufficient,,1,1,none,0
sSJx-X9BEWY,UCAbcoKROFsRA_uA9aSprCwg,time,7,6.8740,29,2246.54,2975,,,insufficient,,1,1,none,0
sSJx-X9BEWY,UCAbcoKROFsRA_uA9aSprCwg,time,14,13.8740,29,2788.57,2975,,,insufficient,0.4555944889165782,1,1,none,0
P_Q77OpMFlg,UCnpWedLQdHpZqhgTLdB9Yyg,heldout,2,2.8956,30,71391.83,90986,64072.30461670688,1.114238503069374,early,,15,15,none,0
P_Q77OpMFlg,UCnpWedLQdHpZqhgTLdB9Yyg,heldout,3,2.8956,30,71391.83,90986,64072.30461670688,1.114238503069374,early,,15,15,none,0
P_Q77OpMFlg,UCnpWedLQdHpZqhgTLdB9Yyg,heldout,7,7.8956,30,77273.81,90986,66130.58434579268,1.168503303180672,confirmed,0.3658365908943555,15,15,none,0
P_Q77OpMFlg,UCnpWedLQdHpZqhgTLdB9Yyg,heldout,14,13.8956,30,87986.58,90986,69694.24229284629,1.2624656159169576,confirmed,0.38284915378719625,15,13,none,0
JKFzRL6UfCg,UCyapQzPW5tjyIVsOLSkZ6Vg,time,14,13.8330,28,161.79,159,100.78824017577125,1.6052690769951559,confirmed,,15,15,none,0
AK7M1WahKb4,UCDdUNivjRfrqIE71438HJqQ,time,5,5.5938,27,270.58,989,,,insufficient,,0,0,none,0
AK7M1WahKb4,UCDdUNivjRfrqIE71438HJqQ,time,7,7.5938,27,423.08,989,,,insufficient,0.9947540233838458,0,0,none,0
AK7M1WahKb4,UCDdUNivjRfrqIE71438HJqQ,time,14,13.5938,27,515.40,989,,,insufficient,0.9006096495263399,0,0,none,0
cPU-9hNsXYE,UCeYUHG6o0YguM-g23htdsSw,time,5,5.0826,28,651.25,771,731.9999999999998,0.8896919979212375,likely,0.12822343415856882,15,12,none,0
cPU-9hNsXYE,UCeYUHG6o0YguM-g23htdsSw,time,7,7.0826,28,664.11,771,731.9999999999998,0.9072529361717059,confirmed,0.17076190820439788,15,11,none,0
cPU-9hNsXYE,UCeYUHG6o0YguM-g23htdsSw,time,14,14.0826,28,734.37,771,731.9999999999998,1.0032429434869288,confirmed,0.1763630519154111,15,8,none,0
m6EfZ7WxuGA,UC6BW8DqrAmBEIeCtMa4bfBw,time,14,15.2826,27,2642.57,2751,3673.3908742566805,0.7193822053769913,confirmed,0.017314447660757102,15,15,none,0
VueWuPHSfJY,UCUpbDOT-OVNBlaQpb9pbd2w,time,5,5.8537,29,13153.94,9846,19674.4858201849,0.6685783633738692,likely,,15,15,none,0
VueWuPHSfJY,UCUpbDOT-OVNBlaQpb9pbd2w,time,7,6.8537,29,10668.63,9846,19254.992918114083,0.5540707105797077,likely,0.021977519740715632,15,15,none,0
VueWuPHSfJY,UCUpbDOT-OVNBlaQpb9pbd2w,time,14,13.8537,29,10124.86,9846,17538.285996052866,0.5773006757655582,confirmed,0.016334873006491092,15,15,none,0
euXpFbWr2Yw,UC3JhfsgFPLSLNEROQCdj-GQ,time,14,14.0407,29,2317.18,2427,4361.999999999997,0.5312185325291203,confirmed,,15,13,none,0
9XOZwFzp53g,UCaNycZiNY1X7T44Pipi7V4A,time,14,14.7499,29,2472.54,2518,4007.9999999999964,0.6169003884329772,confirmed,0.20391976271236079,15,14,none,0
HxAnH7rR-1E,UCmu7bw5BYIeR0VDw0hJKblw,time,14,14.4273,28,182.42,215,434.2953125351381,0.4200300822981639,confirmed,0.2992140870414048,15,13,none,0
pjSgFEvOGAY,UC6S0jAvcapqJ48ZzLfva12g,time,5,5.0406,27,167865.65,159660,,,insufficient,,1,1,none,0
pjSgFEvOGAY,UC6S0jAvcapqJ48ZzLfva12g,time,7,7.0406,27,144668.04,159660,63500.48681513632,2.2782194119976964,confirmed,0.2226725094735694,15,13,none,0
pjSgFEvOGAY,UC6S0jAvcapqJ48ZzLfva12g,time,14,12.0406,27,152770.40,159660,63789.241459231715,2.3949242034157745,confirmed,0.16922025955912237,15,11,none,0
XYX2zn-zQn0,UCKegeYEy0lJxpkjWRthaRMw,time,14,14.0076,28,50616.90,48958,15318.000000000002,3.3044066407182795,confirmed,1.183311822135831,15,13,none,0
pouxMfSKm0k,UC5Qbo0AR3CwpmEq751BIy0g,time,1,0.8956,28,904551.26,646895,978211.5869035306,0.9246989857205025,early,,15,11,none,0
pouxMfSKm0k,UC5Qbo0AR3CwpmEq751BIy0g,time,2,2.8956,28,696652.77,646895,977335.2676090766,0.7128083830111178,early,0.3857804693352276,15,9,none,0
pouxMfSKm0k,UC5Qbo0AR3CwpmEq751BIy0g,time,3,2.8956,28,696652.77,646895,977335.2676090766,0.7128083830111178,early,0.3857804693352276,15,9,none,0
pouxMfSKm0k,UC5Qbo0AR3CwpmEq751BIy0g,time,5,4.8956,28,556187.74,646895,975514.4863997839,0.5701481050235081,likely,0.2963108965293641,15,7,none,0
pouxMfSKm0k,UC5Qbo0AR3CwpmEq751BIy0g,time,7,6.8956,28,560491.06,646895,972350.9377279719,0.5764287751641007,likely,0.27065541176436725,15,7,none,0
pouxMfSKm0k,UC5Qbo0AR3CwpmEq751BIy0g,time,14,13.8956,28,620716.40,646895,973482.9999999998,0.6376242822455848,confirmed,0.22875649806769308,15,6,none,0
l3yj7-dimxU,UC7u2HaYBKDaLPcWmldxgGEA,heldout,0.5,0.6210,27,168026.10,139695,202707.77213565528,0.8289080212859371,early,,14,11,none,0
l3yj7-dimxU,UC7u2HaYBKDaLPcWmldxgGEA,time,0.5,0.6210,27,168026.10,139695,202707.77213565528,0.8289080212859371,early,,14,11,none,0
l3yj7-dimxU,UC7u2HaYBKDaLPcWmldxgGEA,heldout,1,0.6210,27,168026.10,139695,202707.77213565528,0.8289080212859371,early,,14,11,none,0
l3yj7-dimxU,UC7u2HaYBKDaLPcWmldxgGEA,time,1,0.6210,27,168026.10,139695,202707.77213565528,0.8289080212859371,early,,14,11,none,0
l3yj7-dimxU,UC7u2HaYBKDaLPcWmldxgGEA,heldout,2,1.6210,27,152244.01,139695,202707.77213565528,0.7510516846861883,early,0.6868783906028895,14,11,none,0
l3yj7-dimxU,UC7u2HaYBKDaLPcWmldxgGEA,time,2,1.6210,27,152244.01,139695,202707.77213565528,0.7510516846861883,early,0.6868783906028895,14,11,none,0
l3yj7-dimxU,UC7u2HaYBKDaLPcWmldxgGEA,heldout,3,2.6210,27,156400.13,139695,202707.77213565528,0.7715546956449831,early,0.5179394133915449,14,11,none,0
l3yj7-dimxU,UC7u2HaYBKDaLPcWmldxgGEA,time,3,2.6210,27,156400.13,139695,202707.77213565528,0.7715546956449831,early,0.5179394133915449,14,11,none,0
l3yj7-dimxU,UC7u2HaYBKDaLPcWmldxgGEA,heldout,5,4.6210,27,148250.14,139695,205668.17158570117,0.7208219802044636,likely,0.42124287835109736,14,11,none,0
l3yj7-dimxU,UC7u2HaYBKDaLPcWmldxgGEA,time,5,4.6210,27,148250.14,139695,205668.17158570117,0.7208219802044636,likely,0.42124287835109736,14,11,none,0
l3yj7-dimxU,UC7u2HaYBKDaLPcWmldxgGEA,heldout,7,7.6210,27,151275.91,139695,205668.17158570117,0.7355338939892253,confirmed,0.3790881623724124,14,11,none,0
l3yj7-dimxU,UC7u2HaYBKDaLPcWmldxgGEA,time,7,7.6210,27,151275.91,139695,205668.17158570117,0.7355338939892253,confirmed,0.3790881623724124,14,11,none,0
l3yj7-dimxU,UC7u2HaYBKDaLPcWmldxgGEA,heldout,14,15.6210,27,147315.15,139695,207888.69349220901,0.708625115009293,confirmed,0.31109904520897935,14,9,none,0
l3yj7-dimxU,UC7u2HaYBKDaLPcWmldxgGEA,time,14,15.6210,27,147315.15,139695,207888.69349220901,0.708625115009293,confirmed,0.31109904520897935,14,9,none,0
qIM9ZqWk13E,UCGpsgNbzdF7BECCVbB1COHw,time,14,13.7696,28,8488.89,8236,6790.353352668712,1.250139362237891,confirmed,0.00858747039514102,15,15,none,0
YBmAT6cu9Js,UCf5LdDDOm1hYgDcSP3KimNA,time,1,0.9992,29,3373.09,12905,11077.770215330049,0.30449143247658195,early,,15,10,none,0
YBmAT6cu9Js,UCf5LdDDOm1hYgDcSP3KimNA,time,2,1.9992,29,4130.68,12905,11047.794045671497,0.3738918900858147,early,0.9060831850071611,15,8,none,0
YBmAT6cu9Js,UCf5LdDDOm1hYgDcSP3KimNA,time,3,2.9992,29,8653.05,12905,11047.794045671497,0.7832374905682788,early,1.5247735423927635,15,8,none,0
YBmAT6cu9Js,UCf5LdDDOm1hYgDcSP3KimNA,time,5,4.9992,29,8162.14,12905,11013.289527769768,0.7411173817973394,likely,1.0340780987258502,15,8,none,0
YBmAT6cu9Js,UCf5LdDDOm1hYgDcSP3KimNA,time,7,6.9992,29,10475.17,12905,11013.289527769768,0.9511389252796115,likely,1.141993440740527,15,8,none,0
YBmAT6cu9Js,UCf5LdDDOm1hYgDcSP3KimNA,time,14,13.9992,29,15317.83,12905,10920.201212429434,1.4027062351749977,confirmed,1.084377704197616,15,7,none,0
rvtZs_nTqr0,UC68TLK0mAEzUyHx5x5k-S1Q,time,1,1.8748,27,2151523.33,1690548,1869064.1643342404,1.1511233088460997,early,,15,15,none,0
rvtZs_nTqr0,UC68TLK0mAEzUyHx5x5k-S1Q,time,2,1.8748,27,2151523.33,1690548,1869064.1643342404,1.1511233088460997,early,,15,15,none,0
rvtZs_nTqr0,UC68TLK0mAEzUyHx5x5k-S1Q,time,3,2.8748,27,1538068.42,1690548,1865753.0452263933,0.8243687052796657,early,0.2398859337546418,15,15,none,0
rvtZs_nTqr0,UC68TLK0mAEzUyHx5x5k-S1Q,time,5,4.8748,27,1536344.82,1690548,1859985.9992139833,0.8259980577447371,likely,0.21983896719312332,15,15,none,0
rvtZs_nTqr0,UC68TLK0mAEzUyHx5x5k-S1Q,time,7,6.8748,27,1539659.00,1690548,1864978.9999999993,0.8255637177628958,likely,0.19441630883555402,15,14,none,0
rvtZs_nTqr0,UC68TLK0mAEzUyHx5x5k-S1Q,time,14,12.8748,27,1646440.06,1690548,1864978.9999999993,0.8828196268172882,confirmed,0.17471157174035218,15,14,none,0
6QYxC0qd1Hw,UCLMv-CaznZ3x7LDn-1fjmVA,time,7,8.9998,29,61930.17,66077,2603.383498888109,23.788338617355173,confirmed,,15,15,none,0
6QYxC0qd1Hw,UCLMv-CaznZ3x7LDn-1fjmVA,time,14,13.9998,29,56532.66,66077,2722.641949028826,20.763899091880102,confirmed,0.138006192515894,15,13,none,0
3Q4FIzaQMd0,UCKLIIdKEpjAnn8E76KP7sQg,heldout,5,5.1042,30,12025.37,10035,9151.46643869595,1.3140372251606234,likely,,15,13,none,0
3Q4FIzaQMd0,UCKLIIdKEpjAnn8E76KP7sQg,heldout,7,6.1042,30,10000.12,10035,9151.46643869595,1.0927342030068925,likely,0.1844672338094158,15,13,none,0
3Q4FIzaQMd0,UCKLIIdKEpjAnn8E76KP7sQg,heldout,14,14.1042,30,10127.96,10035,9052.97952444944,1.1187438044361155,confirmed,0.11329260792662411,15,12,none,0
xnLGAHGPLwg,UC4FS7jCXHd1V9JRSbsQuAUg,time,2,2.5645,28,1783.53,2656,,,insufficient,,0,0,none,0
xnLGAHGPLwg,UC4FS7jCXHd1V9JRSbsQuAUg,time,3,2.5645,28,1783.53,2656,,,insufficient,,0,0,none,0
xnLGAHGPLwg,UC4FS7jCXHd1V9JRSbsQuAUg,time,5,5.5645,28,1712.72,2656,7907.82937307264,0.2165850859976245,likely,0.27412840210024475,15,15,none,0
xnLGAHGPLwg,UC4FS7jCXHd1V9JRSbsQuAUg,time,7,6.5645,28,1713.14,2656,7889.851114411204,0.217132620141621,likely,0.30574383001192557,15,15,none,0
xnLGAHGPLwg,UC4FS7jCXHd1V9JRSbsQuAUg,time,14,13.5645,28,2182.92,2656,7762.999999999997,0.28119485703457026,confirmed,0.3598791358651387,15,13,none,0
X17k-PWcaAk,UChjqM-6MiqlF3qUq4GMVhkg,time,14,14.7496,29,32362.88,30042,20682.202116619777,1.564769628376921,confirmed,,15,15,none,0
I1G0PGxQ9RY,UCll3zdukvI1oWlG-F13UCZw,time,1,0.8972,29,5507.37,2638,4471.041169555176,1.2317876631893703,early,,15,15,none,0
I1G0PGxQ9RY,UCll3zdukvI1oWlG-F13UCZw,time,2,1.8972,29,3555.57,2638,4460.849695955762,0.7970614629746613,early,0.15925470876276343,15,15,none,0
I1G0PGxQ9RY,UCll3zdukvI1oWlG-F13UCZw,time,3,2.8972,29,3073.34,2638,4460.979028947516,0.68893753424335,early,0.10324860847636445,15,15,none,0
I1G0PGxQ9RY,UCll3zdukvI1oWlG-F13UCZw,time,5,4.8972,29,2878.75,2638,4498.896255048706,0.6398792534233197,likely,0.08425069901128365,15,15,none,0
I1G0PGxQ9RY,UCll3zdukvI1oWlG-F13UCZw,time,7,6.8972,29,2800.47,2638,4512.098078417326,0.6206588302333838,likely,0.07335929570983812,15,15,none,0
I1G0PGxQ9RY,UCll3zdukvI1oWlG-F13UCZw,time,14,13.8972,29,2588.02,2638,4607.945571146881,0.561642108546422,confirmed,0.05720148520903392,15,13,none,0
ghMJA3J7JiE,UCWnlQMQ-ACfhpD68yWRsnJw,time,5,6.7915,28,20402.58,18343,34723.85278524222,0.587566830543643,likely,,6,6,none,0
ghMJA3J7JiE,UCWnlQMQ-ACfhpD68yWRsnJw,time,7,6.7915,28,20402.58,18343,34723.85278524222,0.587566830543643,likely,,6,6,none,0
ghMJA3J7JiE,UCWnlQMQ-ACfhpD68yWRsnJw,time,14,13.7915,28,18090.82,18343,61341.33377149062,0.29492053015939174,confirmed,0.11980382566987824,15,14,none,0
vUcrW80cgHo,UCGpsgNbzdF7BECCVbB1COHw,time,14,14.0083,29,1282.53,1246,6790.353352668712,0.18887545027236702,confirmed,0.0104157750174699,15,15,none,0
T2t5S3ek5V4,UCEuQ7YIThAps6wERHfsY7fQ,heldout,0.5,0.6262,28,9146.43,5824,8093.042625433215,1.130159218999474,early,,15,7,none,0
T2t5S3ek5V4,UCEuQ7YIThAps6wERHfsY7fQ,time,0.5,0.6262,28,9146.43,5824,8093.042625433215,1.130159218999474,early,,15,7,none,0
T2t5S3ek5V4,UCEuQ7YIThAps6wERHfsY7fQ,heldout,1,0.6262,28,9146.43,5824,8093.042625433215,1.130159218999474,early,,15,7,none,0
T2t5S3ek5V4,UCEuQ7YIThAps6wERHfsY7fQ,time,1,0.6262,28,9146.43,5824,8093.042625433215,1.130159218999474,early,,15,7,none,0
T2t5S3ek5V4,UCEuQ7YIThAps6wERHfsY7fQ,heldout,2,2.6262,28,5201.39,5824,8090.78955149013,0.6428774123450282,early,0.3580946920564462,15,6,none,0
T2t5S3ek5V4,UCEuQ7YIThAps6wERHfsY7fQ,time,2,2.6262,28,5201.39,5824,8090.78955149013,0.6428774123450282,early,0.3580946920564462,15,6,none,0
T2t5S3ek5V4,UCEuQ7YIThAps6wERHfsY7fQ,heldout,3,2.6262,28,5201.39,5824,8090.78955149013,0.6428774123450282,early,0.3580946920564462,15,6,none,0
T2t5S3ek5V4,UCEuQ7YIThAps6wERHfsY7fQ,time,3,2.6262,28,5201.39,5824,8090.78955149013,0.6428774123450282,early,0.3580946920564462,15,6,none,0
T2t5S3ek5V4,UCEuQ7YIThAps6wERHfsY7fQ,heldout,5,4.6262,28,6226.47,5824,8074.383392150403,0.771139026808631,likely,0.2744198846832429,15,6,none,0
T2t5S3ek5V4,UCEuQ7YIThAps6wERHfsY7fQ,time,5,4.6262,28,6226.47,5824,8074.383392150403,0.771139026808631,likely,0.2744198846832429,15,6,none,0
T2t5S3ek5V4,UCEuQ7YIThAps6wERHfsY7fQ,heldout,7,6.6262,28,6655.16,5824,8102.026019421604,0.8214194798987635,likely,0.27851494240966773,15,6,none,0
T2t5S3ek5V4,UCEuQ7YIThAps6wERHfsY7fQ,time,7,6.6262,28,6655.16,5824,8102.026019421604,0.8214194798987635,likely,0.27851494240966773,15,6,none,0
T2t5S3ek5V4,UCEuQ7YIThAps6wERHfsY7fQ,heldout,14,12.6262,28,6248.21,5824,8328.617380408623,0.7502102399338125,confirmed,0.2295565178211304,15,5,none,0
T2t5S3ek5V4,UCEuQ7YIThAps6wERHfsY7fQ,time,14,12.6262,28,6248.21,5824,8328.617380408623,0.7502102399338125,confirmed,0.2295565178211304,15,5,none,0
tRE5_bQoGYw,UCcjhYlL1WRBjKaJsMH_h7Lg,time,1,0.8333,27,132348.40,164611,182263.0000000001,0.7261396804453245,early,,15,11,none,0
tRE5_bQoGYw,UCcjhYlL1WRBjKaJsMH_h7Lg,time,2,1.8333,27,219443.91,164611,182263.0000000001,1.203995925224917,early,0.8943705774905404,15,10,none,0
tRE5_bQoGYw,UCcjhYlL1WRBjKaJsMH_h7Lg,time,3,2.8333,27,288409.06,164611,182263.0000000001,1.5823785177410976,early,0.7254569009803143,15,10,none,0
tRE5_bQoGYw,UCcjhYlL1WRBjKaJsMH_h7Lg,time,5,4.8333,27,159362.47,164611,200873.18404449202,0.7933486312667354,likely,0.6281409115296331,15,10,none,0
tRE5_bQoGYw,UCcjhYlL1WRBjKaJsMH_h7Lg,time,7,6.8333,27,160698.86,164611,216839.85192655853,0.7410946720645099,likely,0.5868897171801569,15,10,none,0
tRE5_bQoGYw,UCcjhYlL1WRBjKaJsMH_h7Lg,time,14,12.8333,27,184645.98,164611,279728.6116780824,0.660089708445277,confirmed,0.5037782241574691,15,9,none,0
5vhZQOJU_7Q,UC_A0CYW-gTE4qR3nWQnkaIg,time,5,6.6249,29,529.86,490,,,insufficient,,0,0,none,0
5vhZQOJU_7Q,UC_A0CYW-gTE4qR3nWQnkaIg,time,7,6.6249,29,529.86,490,,,insufficient,,0,0,none,0
5vhZQOJU_7Q,UC_A0CYW-gTE4qR3nWQnkaIg,time,14,13.6249,29,473.33,490,,,insufficient,0.12933440136747018,0,0,none,0
ToEkEqL1RAQ,UC5rR0BFgdu-oz7HDHb-f-uw,time,14,13.0126,28,2468.20,2413,2572.675160403299,0.9593916217006184,confirmed,0.34425300459933283,15,14,none,0
K9_gZJ0oM-0,UCgH_SmWw9WianYyOB5Y6tEA,heldout,14,12.6457,27,29167.51,27924,202.9656473659558,143.70660949856767,confirmed,-0.28734202106533535,15,15,none,0
K9_gZJ0oM-0,UCgH_SmWw9WianYyOB5Y6tEA,time,14,12.6457,27,29167.51,27924,202.9656473659558,143.70660949856767,confirmed,-0.28734202106533535,15,15,none,0
XKzB9HDuIA4,UC1R0kzpJLBJ8r5e1IVovIUg,time,1,1.0410,28,933.90,814,1737.9125219969803,0.5373692293633624,early,,15,8,none,0
XKzB9HDuIA4,UC1R0kzpJLBJ8r5e1IVovIUg,time,2,2.0410,28,713.80,814,1732.5790224751495,0.4119875694838048,early,0.36531299042663384,15,8,none,0
XKzB9HDuIA4,UC1R0kzpJLBJ8r5e1IVovIUg,time,3,3.0410,28,669.39,814,1726.8054140100685,0.3876448054589325,likely,0.301631665668722,15,8,none,0
XKzB9HDuIA4,UC1R0kzpJLBJ8r5e1IVovIUg,time,5,5.0410,28,675.96,814,1714.184407067701,0.3943341515447391,likely,0.3374156986151324,15,8,none,0
XKzB9HDuIA4,UC1R0kzpJLBJ8r5e1IVovIUg,time,7,7.0410,28,789.83,814,1723.8506217310266,0.45817560667062457,confirmed,0.3619853069172764,15,7,none,0
XKzB9HDuIA4,UC1R0kzpJLBJ8r5e1IVovIUg,time,14,12.0410,28,808.55,814,1756.9999999999995,0.4601871711301324,confirmed,0.3327068639784744,15,5,none,0
ijtin-5wYY8,UCUZng4iHwYU90FLdaEkiiMA,time,3,3.8325,29,17079.06,12370,12178.076424158007,1.4024430548552256,likely,,15,14,none,0
ijtin-5wYY8,UCUZng4iHwYU90FLdaEkiiMA,time,5,4.8325,29,12500.44,12370,12118.332533965904,1.0315311465325285,likely,0.09149870265190603,15,13,none,0
ijtin-5wYY8,UCUZng4iHwYU90FLdaEkiiMA,time,7,6.8325,29,12392.67,12370,12007.93421378589,1.0320403436204155,likely,0.09357692842536451,15,13,none,0
ijtin-5wYY8,UCUZng4iHwYU90FLdaEkiiMA,time,14,13.8325,29,12331.31,12370,11808.000000000004,1.0443185824610488,confirmed,0.09111426922118483,15,10,none,0
Koz8u_gbQcA,UChbcn2mOzPHEEHxPmU66Sdg,time,1,0.9188,29,2040.88,38266,1954.7357828155482,1.044069466716028,early,,15,6,none,0
Koz8u_gbQcA,UChbcn2mOzPHEEHxPmU66Sdg,time,2,1.9188,29,3720.63,38266,1931.6354951240849,1.9261572901445798,early,1.0773120682404025,15,6,none,0
Koz8u_gbQcA,UChbcn2mOzPHEEHxPmU66Sdg,time,3,2.9188,29,4215.75,38266,1920.3918568185284,2.195252928395832,early,0.9856677467684795,15,6,none,0
Koz8u_gbQcA,UChbcn2mOzPHEEHxPmU66Sdg,time,5,4.9188,29,5873.81,38266,1884.0688886591229,3.117617770083336,likely,0.9423163881888403,15,6,none,0
Koz8u_gbQcA,UChbcn2mOzPHEEHxPmU66Sdg,time,7,6.9188,29,8558.88,38266,1866.3156935576058,4.585979002318105,likely,1.1251766354374386,15,6,none,0
Koz8u_gbQcA,UChbcn2mOzPHEEHxPmU66Sdg,time,14,14.9188,29,31791.29,38266,1787.4041333278865,17.78629358337094,confirmed,1.5042234330571567,15,4,none,0
t1FEjEtAzsw,UC4ARIU_9FbVtMqvJtpZlDGA,time,5,5.8114,28,18656.72,20878,,,insufficient,,0,0,none,0
t1FEjEtAzsw,UC4ARIU_9FbVtMqvJtpZlDGA,time,7,6.8114,28,20168.98,20878,,,insufficient,0.48920022580189254,0,0,none,0
t1FEjEtAzsw,UC4ARIU_9FbVtMqvJtpZlDGA,time,14,12.8114,28,19288.09,20878,,,insufficient,0.322558910680906,0,0,none,0
0jMSYk576Tg,UCEjIjshJ8bvvCkGNk0pkYcA,time,0.5,0.7162,27,1105029.06,1272287,3648063.999999998,0.3029083545657169,early,,15,14,none,0
0jMSYk576Tg,UCEjIjshJ8bvvCkGNk0pkYcA,time,1,0.7162,27,1105029.06,1272287,3648063.999999998,0.3029083545657169,early,,15,14,none,0
0jMSYk576Tg,UCEjIjshJ8bvvCkGNk0pkYcA,time,2,1.7162,27,1186423.49,1272287,3648063.999999998,0.32522003083475637,early,0.733154929568402,15,14,none,0
0jMSYk576Tg,UCEjIjshJ8bvvCkGNk0pkYcA,time,3,2.7162,27,1074314.18,1272287,3648063.999999998,0.2944888527816627,early,0.595114583950338,15,14,none,0
0jMSYk576Tg,UCEjIjshJ8bvvCkGNk0pkYcA,time,5,4.7162,27,1050059.83,1272287,3648063.999999998,0.28784029776280123,likely,0.49700289206636233,15,13,none,0
0jMSYk576Tg,UCEjIjshJ8bvvCkGNk0pkYcA,time,7,6.7162,27,1191874.96,1272287,3648063.999999998,0.32671437729124714,likely,0.48821126180445423,15,13,none,0
0jMSYk576Tg,UCEjIjshJ8bvvCkGNk0pkYcA,time,14,12.7162,27,1333902.28,1272287,3648063.999999998,0.36564662139464543,confirmed,0.4557172224137732,15,13,none,0
00_HlYma2Qg,UCJHA_jMfCvEnv-3kRjTCQXw,time,1,0.9583,30,612468.07,547560,662092.0605271372,0.9250497056605111,early,,15,9,none,0
00_HlYma2Qg,UCJHA_jMfCvEnv-3kRjTCQXw,time,2,1.9583,30,622429.44,547560,670626.4043022257,0.9281314258047827,early,0.6319623709301831,15,9,none,0
00_HlYma2Qg,UCJHA_jMfCvEnv-3kRjTCQXw,time,3,2.9583,30,662983.29,547560,680171.0000000005,0.9747303058129586,early,0.48463343648243307,15,8,none,0
00_HlYma2Qg,UCJHA_jMfCvEnv-3kRjTCQXw,time,5,4.9583,30,619418.00,547560,680171.0000000005,0.9106798177038978,likely,0.38813643994116287,15,8,none,0
00_HlYma2Qg,UCJHA_jMfCvEnv-3kRjTCQXw,time,7,6.9583,30,598541.45,547560,680171.0000000005,0.8799867186624231,likely,0.34376646714871123,15,7,none,0
00_HlYma2Qg,UCJHA_jMfCvEnv-3kRjTCQXw,time,14,13.9583,30,592801.73,547560,680171.0000000005,0.8715480776393433,confirmed,0.285103008100027,15,5,none,0
NoVEbKJct5o,UC70SrI3VkT1MXALRtf0pcHg,time,1,0.9227,29,52490.50,29077,72179.72029935267,0.7272195227928863,early,,14,14,none,0
NoVEbKJct5o,UC70SrI3VkT1MXALRtf0pcHg,time,2,1.9227,29,35183.35,29077,73322.64218220135,0.4798429047316728,early,0.2505707710980111,15,15,none,0
NoVEbKJct5o,UC70SrI3VkT1MXALRtf0pcHg,time,3,3.9227,29,32341.54,29077,70842.36139339846,0.4565283052407428,likely,0.18440944832295267,15,15,none,0
NoVEbKJct5o,UC70SrI3VkT1MXALRtf0pcHg,time,5,4.9227,29,30095.72,29077,69767.5346811134,0.4313713498108111,likely,0.16712660375294605,15,15,none,0
NoVEbKJct5o,UC70SrI3VkT1MXALRtf0pcHg,time,7,6.9227,29,29568.25,29077,67938.30383145824,0.43522208730199097,likely,0.14617582984012278,15,15,none,0
NoVEbKJct5o,UC70SrI3VkT1MXALRtf0pcHg,time,14,13.9227,29,28869.87,29077,64729.45230707119,0.44600820570510835,confirmed,0.11957958532865179,15,15,none,0
45_D5IAIbkY,UCb_JYhqnSdEejiznUm3XNqQ,time,3,3.9871,27,556.46,7407,,,insufficient,,1,1,none,0
45_D5IAIbkY,UCb_JYhqnSdEejiznUm3XNqQ,time,5,4.9871,27,855.93,7407,,,insufficient,1.4679098422328203,1,1,none,0
45_D5IAIbkY,UCb_JYhqnSdEejiznUm3XNqQ,time,7,6.9871,27,1279.05,7407,,,insufficient,1.7035945344328673,1,1,none,0
45_D5IAIbkY,UCb_JYhqnSdEejiznUm3XNqQ,time,14,14.9871,27,2872.06,7407,,,insufficient,1.6017037660112705,1,1,none,0
NCIIbjtz_JA,UCQIcXQ2n0sa-7CD0NtqnrrA,heldout,2,2.7995,29,168358.65,163440,94151.4010785002,1.7881693353118593,early,,15,14,none,0
NCIIbjtz_JA,UCQIcXQ2n0sa-7CD0NtqnrrA,heldout,3,2.7995,29,168358.65,163440,94151.4010785002,1.7881693353118593,early,,15,14,none,0
NCIIbjtz_JA,UCQIcXQ2n0sa-7CD0NtqnrrA,heldout,5,4.7995,29,158341.41,163440,94190.74039289016,1.6810719771304552,likely,0.3465659296964192,15,14,none,0
NCIIbjtz_JA,UCQIcXQ2n0sa-7CD0NtqnrrA,heldout,7,6.7995,29,160868.58,163440,94190.74039289016,1.7079022906645267,likely,0.31258165285095363,15,13,none,0
NCIIbjtz_JA,UCQIcXQ2n0sa-7CD0NtqnrrA,heldout,14,14.7995,29,165747.75,163440,94769.24271310723,1.7489614747686386,confirmed,0.23340921255563588,15,13,none,0
BKxzB6x9p_Y,UCgCsMxVCJs0TSqAIlBxiT7g,heldout,5,6.8130,31,16644.51,15485,5320.2998458832835,3.128491237056738,likely,,15,14,none,0
BKxzB6x9p_Y,UCgCsMxVCJs0TSqAIlBxiT7g,heldout,7,6.8130,31,16644.51,15485,5320.2998458832835,3.128491237056738,likely,,15,14,none,0
zYwuhExmBC0,UCBhPkAuGks2UkizNMbtW6uw,time,5,5.3272,27,38.78,51,77.71974269161632,0.4989559664180155,likely,0.1735300124607411,6,6,none,0
zYwuhExmBC0,UCBhPkAuGks2UkizNMbtW6uw,time,7,7.3272,27,45.97,51,79.87305473631358,0.5755909142227857,confirmed,0.3158207253738163,6,6,none,0
zYwuhExmBC0,UCBhPkAuGks2UkizNMbtW6uw,time,14,15.3272,27,48.12,51,74.38820987315744,0.646907640947897,confirmed,0.2363299728595234,6,6,none,0
KihWWM1TE-w,UCfa9hkgsTHfK8bpDoiQZI5g,time,1,0.7756,29,2593.92,2235,2816.799945272815,0.9208752349731137,early,,14,14,none,0
KihWWM1TE-w,UCfa9hkgsTHfK8bpDoiQZI5g,time,2,1.7756,29,2298.32,2235,3230.838445366214,0.7113684427823364,early,0.6887863354205369,15,15,none,0
KihWWM1TE-w,UCfa9hkgsTHfK8bpDoiQZI5g,time,3,2.7756,29,2495.24,2235,3269.892004427119,0.763096760396602,early,0.5954185924919033,15,15,none,0
KihWWM1TE-w,UCfa9hkgsTHfK8bpDoiQZI5g,time,5,4.7756,29,2444.57,2235,3260.620229075039,0.7497248066501319,likely,0.49997745686213413,15,15,none,0
KihWWM1TE-w,UCfa9hkgsTHfK8bpDoiQZI5g,time,7,6.7756,29,2381.15,2235,3215.7559044305817,0.740463255812892,likely,0.4421230491574299,15,15,none,0
KihWWM1TE-w,UCfa9hkgsTHfK8bpDoiQZI5g,time,14,14.7756,29,2385.14,2235,3101.4432529529126,0.7690434501050385,confirmed,0.35487503798981807,15,10,none,0
_qt72Qp4V3I,UCAxo00B7pKkNnBryYwhE5xg,time,5,5.4679,28,493.58,804,,,insufficient,,0,0,none,0
_qt72Qp4V3I,UCAxo00B7pKkNnBryYwhE5xg,time,7,7.4679,28,569.11,804,,,insufficient,0.4879259424067494,0,0,none,0
_qt72Qp4V3I,UCAxo00B7pKkNnBryYwhE5xg,time,14,13.4679,28,705.35,804,,,insufficient,0.5318229769221983,0,0,none,0
WH8Nmk2R6hY,UCGbg3DjQdcqWwqOLHpYHXIg,time,0.5,0.7499,28,696009.89,761233,317669.0564264853,2.1909905071571294,early,,15,12,none,0
WH8Nmk2R6hY,UCGbg3DjQdcqWwqOLHpYHXIg,time,1,0.7499,28,696009.89,761233,317669.0564264853,2.1909905071571294,early,,15,12,none,0
WH8Nmk2R6hY,UCGbg3DjQdcqWwqOLHpYHXIg,time,2,1.7499,28,826771.30,761233,317669.0564264853,2.602618287166156,early,0.9683685796445236,15,12,none,0
WH8Nmk2R6hY,UCGbg3DjQdcqWwqOLHpYHXIg,time,3,2.7499,28,806899.47,761233,317873.94030277367,2.5384259868001067,early,0.7335357157239792,15,12,none,0
WH8Nmk2R6hY,UCGbg3DjQdcqWwqOLHpYHXIg,time,5,4.7499,28,809218.36,761233,317873.94030277367,2.545720993592359,likely,0.5817180386027612,15,11,none,0
WH8Nmk2R6hY,UCGbg3DjQdcqWwqOLHpYHXIg,time,7,6.7499,28,777324.94,761233,318137.78302814084,2.4433593799270663,likely,0.5165799041894736,15,11,none,0
WH8Nmk2R6hY,UCGbg3DjQdcqWwqOLHpYHXIg,time,14,13.7499,28,780448.50,761233,318228.5272940274,2.4524781094900696,confirmed,0.4388532277506458,15,10,none,0
uLZVd6VvUD0,UCxEQsjgRRfGWiJJu_PDygxw,time,14,13.4576,27,302878.85,294917,228075.17559674528,1.3279781638986767,confirmed,0.012455653003386757,15,13,none,0
BEbr83HMO4g,UC-mP1nlk0qOutA08zuQHORA,time,0.5,0.6979,27,729868.92,742201,1057137.6428134488,0.6904199546107829,early,,15,10,none,0
BEbr83HMO4g,UC-mP1nlk0qOutA08zuQHORA,time,1,0.6979,27,729868.92,742201,1057137.6428134488,0.6904199546107829,early,,15,10,none,0
BEbr83HMO4g,UC-mP1nlk0qOutA08zuQHORA,time,2,1.6979,27,796309.31,742201,1066068.5134399752,0.7469588468504399,early,0.761558873186274,15,10,none,0
BEbr83HMO4g,UC-mP1nlk0qOutA08zuQHORA,time,3,2.6979,27,724704.58,742201,1072265.0000000005,0.6758633215159419,early,0.6177940172299532,15,10,none,0
BEbr83HMO4g,UC-mP1nlk0qOutA08zuQHORA,time,5,4.6979,27,771063.11,742201,1077527.5495577035,0.7155855195320286,likely,0.5311381131701479,15,10,none,0
BEbr83HMO4g,UC-mP1nlk0qOutA08zuQHORA,time,7,6.6979,27,856330.90,742201,1076571.5805203468,0.7954240237601907,likely,0.4868541446419579,15,9,none,0
BEbr83HMO4g,UC-mP1nlk0qOutA08zuQHORA,time,14,15.6979,27,781595.65,742201,1072265.0000000005,0.7289202253213456,confirmed,0.37354070645941084,15,7,none,0
UQXMcNj8scw,UCS3lFRhXKfCZ8FvRqPjy9NA,time,3,3.9161,27,837.07,1043,704.1034939760108,1.1888435188665312,likely,,10,9,none,0
UQXMcNj8scw,UCS3lFRhXKfCZ8FvRqPjy9NA,time,5,4.9161,27,1154.30,1043,714.9999999999999,1.6144035959023604,likely,0.8587526868596904,15,13,none,0
UQXMcNj8scw,UCS3lFRhXKfCZ8FvRqPjy9NA,time,7,6.9161,27,1244.74,1043,722.0504918437804,1.723899788643797,likely,0.7700710824812119,15,13,none,0
UQXMcNj8scw,UCS3lFRhXKfCZ8FvRqPjy9NA,time,14,12.9161,27,1149.84,1043,745.0964368815537,1.5432059879172455,confirmed,0.5210287087998231,15,11,none,0
7YOJx3D-3RQ,UCV6KDgJskWaEckne5aPA0aQ,time,0.5,0.6645,29,138229.19,118975,370493.51528923394,0.3730947637105974,early,,15,9,none,0
7YOJx3D-3RQ,UCV6KDgJskWaEckne5aPA0aQ,time,1,0.6645,29,138229.19,118975,370493.51528923394,0.3730947637105974,early,,15,9,none,0
7YOJx3D-3RQ,UCV6KDgJskWaEckne5aPA0aQ,time,2,1.6645,29,124804.29,118975,367152.21298959415,0.3399252112951825,early,0.6940084491009896,15,9,none,0
7YOJx3D-3RQ,UCV6KDgJskWaEckne5aPA0aQ,time,3,2.6645,29,128396.68,118975,366652.00000000023,0.35018677979989243,early,0.5248417032626351,15,9,none,0
7YOJx3D-3RQ,UCV6KDgJskWaEckne5aPA0aQ,time,5,4.6645,29,107822.18,118975,366652.00000000023,0.294072260389627,likely,0.4081909288503271,15,8,none,0
7YOJx3D-3RQ,UCV6KDgJskWaEckne5aPA0aQ,time,7,6.6645,29,116669.96,118975,366652.00000000023,0.31820353439432136,likely,0.3725878422820024,15,8,none,0
7YOJx3D-3RQ,UCV6KDgJskWaEckne5aPA0aQ,time,14,13.6645,29,109373.91,118975,350314.3279901007,0.312216500845874,confirmed,0.3239756568630239,15,6,none,0
y7yC1YhfD_o,UCuVaqIpPgUyGP6AytqSfs0g,heldout,1,1.0821,28,4496.65,3171,3561.9997581593498,1.2623942194369768,early,,15,15,none,0
y7yC1YhfD_o,UCuVaqIpPgUyGP6AytqSfs0g,time,1,1.0821,28,4496.65,3171,3561.9997581593498,1.2623942194369768,early,,15,15,none,0
y7yC1YhfD_o,UCuVaqIpPgUyGP6AytqSfs0g,heldout,2,2.0821,28,3405.62,3171,3527.0376261578385,0.9655763109342661,early,0.34808240867547574,15,15,none,0
y7yC1YhfD_o,UCuVaqIpPgUyGP6AytqSfs0g,time,2,2.0821,28,3405.62,3171,3527.0376261578385,0.9655763109342661,early,0.34808240867547574,15,15,none,0
y7yC1YhfD_o,UCuVaqIpPgUyGP6AytqSfs0g,heldout,3,3.0821,28,2827.07,3171,3494.487683501882,0.8090087226867599,likely,0.28750570420878324,15,15,none,0
y7yC1YhfD_o,UCuVaqIpPgUyGP6AytqSfs0g,time,3,3.0821,28,2827.07,3171,3494.487683501882,0.8090087226867599,likely,0.28750570420878324,15,15,none,0
y7yC1YhfD_o,UCuVaqIpPgUyGP6AytqSfs0g,heldout,5,5.0821,28,3315.98,3171,3440.5426889434834,0.9637945796543593,likely,0.2969362322667488,15,15,none,0
y7yC1YhfD_o,UCuVaqIpPgUyGP6AytqSfs0g,time,5,5.0821,28,3315.98,3171,3440.5426889434834,0.9637945796543593,likely,0.2969362322667488,15,15,none,0
y7yC1YhfD_o,UCuVaqIpPgUyGP6AytqSfs0g,heldout,7,7.0821,28,3404.51,3171,3380.0664756119895,1.0072319168140196,confirmed,0.30013461008411807,15,15,none,0
y7yC1YhfD_o,UCuVaqIpPgUyGP6AytqSfs0g,time,7,7.0821,28,3404.51,3171,3380.0664756119895,1.0072319168140196,confirmed,0.30013461008411807,15,15,none,0
y7yC1YhfD_o,UCuVaqIpPgUyGP6AytqSfs0g,heldout,14,13.0821,28,3350.66,3171,3263.613007790604,1.0266704768114303,confirmed,0.24538927853980763,15,15,none,0
y7yC1YhfD_o,UCuVaqIpPgUyGP6AytqSfs0g,time,14,13.0821,28,3350.66,3171,3263.613007790604,1.0266704768114303,confirmed,0.24538927853980763,15,15,none,0
5M8J56xBoEw,UCOv0Sk_k3j2l8hOeo6cXa3w,heldout,1,0.9525,29,16190.81,13585,2443.9512832890964,6.624851114654411,early,,15,11,none,0
5M8J56xBoEw,UCOv0Sk_k3j2l8hOeo6cXa3w,time,1,0.9525,29,16190.81,13585,2443.9512832890964,6.624851114654411,early,,15,11,none,0
5M8J56xBoEw,UCOv0Sk_k3j2l8hOeo6cXa3w,heldout,2,1.9525,29,12968.97,13585,2438.6198783371847,5.318160301971518,early,0.46561163826054763,15,10,none,0
5M8J56xBoEw,UCOv0Sk_k3j2l8hOeo6cXa3w,time,2,1.9525,29,12968.97,13585,2438.6198783371847,5.318160301971518,early,0.46561163826054763,15,10,none,0
5M8J56xBoEw,UCOv0Sk_k3j2l8hOeo6cXa3w,heldout,3,2.9525,29,15571.24,13585,2439.394058995531,6.383238972571435,early,0.4938855374664398,15,10,none,0
5M8J56xBoEw,UCOv0Sk_k3j2l8hOeo6cXa3w,time,3,2.9525,29,15571.24,13585,2439.394058995531,6.383238972571435,early,0.4938855374664398,15,10,none,0
5M8J56xBoEw,UCOv0Sk_k3j2l8hOeo6cXa3w,heldout,5,4.9525,29,12936.64,13585,2438.311706106737,5.305572061800652,likely,0.40040752861286927,15,10,none,0
5M8J56xBoEw,UCOv0Sk_k3j2l8hOeo6cXa3w,time,5,4.9525,29,12936.64,13585,2438.311706106737,5.305572061800652,likely,0.40040752861286927,15,10,none,0
5M8J56xBoEw,UCOv0Sk_k3j2l8hOeo6cXa3w,heldout,7,6.9525,29,13011.56,13585,2434.9233581294843,5.343723263375884,likely,0.35814178378982614,15,10,none,0
5M8J56xBoEw,UCOv0Sk_k3j2l8hOeo6cXa3w,time,7,6.9525,29,13011.56,13585,2434.9233581294843,5.343723263375884,likely,0.35814178378982614,15,10,none,0
5M8J56xBoEw,UCOv0Sk_k3j2l8hOeo6cXa3w,heldout,14,12.9525,29,13432.59,13585,2420.999999999999,5.5483638712771555,confirmed,0.31076678503165445,15,9,none,0
5M8J56xBoEw,UCOv0Sk_k3j2l8hOeo6cXa3w,time,14,12.9525,29,13432.59,13585,2420.999999999999,5.5483638712771555,confirmed,0.31076678503165445,15,9,none,0
RELWFl0AiUI,UCdt0GYPfoQdIZTiqH4CDBaw,time,5,4.9166,27,22934.40,18807,,,insufficient,,1,1,none,0
RELWFl0AiUI,UCdt0GYPfoQdIZTiqH4CDBaw,time,7,6.9166,27,19275.66,18807,,,insufficient,0.13259510570412697,1,1,none,0
RELWFl0AiUI,UCdt0GYPfoQdIZTiqH4CDBaw,time,14,12.9166,27,18917.59,18807,,,insufficient,0.09565441122863953,1,1,none,0
uGyvilB0BjA,UCWGijuL19i21bgv_ow2i2YA,time,14,13.6873,28,965.21,892,1248.395823741486,0.7731623440256399,confirmed,,15,11,none,0
5xbH27shJQM,UCKmkpoEqg1sOMGEiIysP8Tw,time,3,3.9583,28,81173.49,54870,63147.61871671225,1.285456008599239,likely,,15,15,none,0
5xbH27shJQM,UCKmkpoEqg1sOMGEiIysP8Tw,time,5,4.9583,28,58538.77,54870,62661.14472956231,0.9342116756665666,likely,0.013059870388824137,15,15,none,0
5xbH27shJQM,UCKmkpoEqg1sOMGEiIysP8Tw,time,7,6.9583,28,56714.26,54870,63424.975138514885,0.8941944638272213,likely,0.01558661855957573,15,15,none,0
5xbH27shJQM,UCKmkpoEqg1sOMGEiIysP8Tw,time,14,15.9583,28,53776.39,54870,59479.749863716104,0.9041126193891589,confirmed,0.013123633616731427,15,13,none,0
83hJsRWVB0c,UCnmGIkw-KdI0W5siakKPKog,heldout,3,3.8748,30,3556401.26,3139671,3493921.4183302443,1.0178824412991587,likely,,15,15,none,0
83hJsRWVB0c,UCnmGIkw-KdI0W5siakKPKog,heldout,5,3.8748,30,3556401.26,3139671,3493921.4183302443,1.0178824412991587,likely,,15,15,none,0
59B9VDdR-yA,UC3JGnf8zOIQ06PGQ0Yb2_1Q,heldout,1,1.8745,27,10642.03,13413,20498.57092020647,0.5191595542263069,early,,15,14,none,0
59B9VDdR-yA,UC3JGnf8zOIQ06PGQ0Yb2_1Q,time,1,1.8745,27,10642.03,13413,20498.57092020647,0.5191595542263069,early,,15,14,none,0
59B9VDdR-yA,UC3JGnf8zOIQ06PGQ0Yb2_1Q,heldout,2,1.8745,27,10642.03,13413,20498.57092020647,0.5191595542263069,early,,15,14,none,0
59B9VDdR-yA,UC3JGnf8zOIQ06PGQ0Yb2_1Q,time,2,1.8745,27,10642.03,13413,20498.57092020647,0.5191595542263069,early,,15,14,none,0
59B9VDdR-yA,UC3JGnf8zOIQ06PGQ0Yb2_1Q,heldout,3,2.8745,27,8956.90,13413,20498.57092020647,0.4369526161839651,early,0.38943230006405816,15,14,none,0
59B9VDdR-yA,UC3JGnf8zOIQ06PGQ0Yb2_1Q,time,3,2.8745,27,8956.90,13413,20498.57092020647,0.4369526161839651,early,0.38943230006405816,15,14,none,0
59B9VDdR-yA,UC3JGnf8zOIQ06PGQ0Yb2_1Q,heldout,5,4.8745,27,10822.97,13413,21008.682676207754,0.5151665448168468,likely,0.4404945264532642,15,14,none,0
59B9VDdR-yA,UC3JGnf8zOIQ06PGQ0Yb2_1Q,time,5,4.8745,27,10822.97,13413,21008.682676207754,0.5151665448168468,likely,0.4404945264532642,15,14,none,0
59B9VDdR-yA,UC3JGnf8zOIQ06PGQ0Yb2_1Q,heldout,7,6.8745,27,13195.34,13413,21008.682676207754,0.6280897949298438,likely,0.518230749635529,15,14,none,0
59B9VDdR-yA,UC3JGnf8zOIQ06PGQ0Yb2_1Q,time,7,6.8745,27,13195.34,13413,21008.682676207754,0.6280897949298438,likely,0.518230749635529,15,14,none,0
59B9VDdR-yA,UC3JGnf8zOIQ06PGQ0Yb2_1Q,heldout,14,12.8745,27,13395.64,13413,21846.36323338162,0.6131749500137289,confirmed,0.44416288428496176,15,14,none,0
59B9VDdR-yA,UC3JGnf8zOIQ06PGQ0Yb2_1Q,time,14,12.8745,27,13395.64,13413,21846.36323338162,0.6131749500137289,confirmed,0.44416288428496176,15,14,none,0
yKDVB37AOic,UCtbLA0YM6EpwUQhFUyPQU9Q,heldout,1,1.9951,30,730326.52,886072,394074.4197261103,1.853270569440881,early,,15,15,none,0
yKDVB37AOic,UCtbLA0YM6EpwUQhFUyPQU9Q,heldout,2,1.9951,30,730326.52,886072,394074.4197261103,1.853270569440881,early,,15,15,none,0
yKDVB37AOic,UCtbLA0YM6EpwUQhFUyPQU9Q,heldout,7,7.9951,30,925093.76,886072,394778.36246021267,2.3433243889073387,confirmed,0.49431654261343566,15,14,none,0
yKDVB37AOic,UCtbLA0YM6EpwUQhFUyPQU9Q,heldout,14,13.9951,30,867200.96,886072,392017.73385884403,2.2121472680679033,confirmed,0.3978608550019892,15,14,none,0
wwm91eNl_yw,UCBWgT48azZkWSpw-iKMlBRw,time,5,5.1536,27,2866.20,2742,,,insufficient,0.21030773425716554,2,2,none,0
wwm91eNl_yw,UCBWgT48azZkWSpw-iKMlBRw,time,7,7.1536,27,2820.26,2742,,,insufficient,0.12594161325541894,2,2,none,0
wwm91eNl_yw,UCBWgT48azZkWSpw-iKMlBRw,time,14,15.1536,27,2795.52,2742,,,insufficient,0.09709049144100701,2,2,none,0
UBHsjUYB_Ik,UC3lJL1pUvQ2Ih2qZ-4ozrLw,time,5,6.9786,27,567.61,536,,,insufficient,,2,2,none,0
UBHsjUYB_Ik,UC3lJL1pUvQ2Ih2qZ-4ozrLw,time,7,6.9786,27,567.61,536,,,insufficient,,2,2,none,0
UBHsjUYB_Ik,UC3lJL1pUvQ2Ih2qZ-4ozrLw,time,14,14.9786,27,499.16,536,3290.477810335668,0.1516995421231162,confirmed,0.09870531998921535,12,12,none,0
kZ199uq-P0A,UC0AAvxmjMAqljjpc23e1f7g,time,5,6.8927,29,7336.17,7538,,,insufficient,,0,0,none,0
kZ199uq-P0A,UC0AAvxmjMAqljjpc23e1f7g,time,7,6.8927,29,7336.17,7538,,,insufficient,,0,0,none,0
kZ199uq-P0A,UC0AAvxmjMAqljjpc23e1f7g,time,14,13.8927,29,7626.83,7538,,,insufficient,0.24613766779696436,0,0,none,0
aZycIUtsObg,UCB0rRESYOIUs1Jd2RnJhOXg,heldout,5,6.8005,29,12.59,22,,,insufficient,,0,0,none,0
aZycIUtsObg,UCB0rRESYOIUs1Jd2RnJhOXg,time,5,6.8005,29,12.59,22,,,insufficient,,0,0,none,0
aZycIUtsObg,UCB0rRESYOIUs1Jd2RnJhOXg,heldout,7,6.8005,29,12.59,22,,,insufficient,,0,0,none,0
aZycIUtsObg,UCB0rRESYOIUs1Jd2RnJhOXg,time,7,6.8005,29,12.59,22,,,insufficient,,0,0,none,0
aZycIUtsObg,UCB0rRESYOIUs1Jd2RnJhOXg,heldout,14,13.8005,29,11.95,22,,,insufficient,0.14881178558122665,0,0,none,0
aZycIUtsObg,UCB0rRESYOIUs1Jd2RnJhOXg,time,14,13.8005,29,11.95,22,,,insufficient,0.14881178558122665,0,0,none,0
bLMOgtfs_qQ,UCXUSs6sOB2GIcdyvLKljUrg,time,14,12.7910,27,5379.63,5389,7150.096425706384,0.7523850480910895,confirmed,0.22014070245226464,15,13,none,0
hDL2UuulKhk,UC8DqDLFZCni7Jkys3N3818w,time,5,4.8183,27,55.75,59,,,insufficient,,1,1,none,0
hDL2UuulKhk,UC8DqDLFZCni7Jkys3N3818w,time,7,6.8183,27,59.62,59,,,insufficient,0.46225095429181856,1,1,none,0
hDL2UuulKhk,UC8DqDLFZCni7Jkys3N3818w,time,14,15.8183,27,54.32,59,,,insufficient,0.1869611110232646,1,1,none,0
E-tYxgNA_bg,UCUJXaEduMHGB3Iap3DusmAA,heldout,14,13.5572,30,10424.52,13246,15520.102100429556,0.6716783121971207,confirmed,0.7754614598566634,15,14,none,0
7A6G5yvp804,UCN8fW1T36q7P9KjaHEifPYQ,time,1,0.9919,27,4700.60,1657,1999.3071913481488,2.351116452140052,early,,15,9,none,0
7A6G5yvp804,UCN8fW1T36q7P9KjaHEifPYQ,time,2,1.9919,27,1570.59,1657,1999.3071913481488,0.7855694720736152,early,0.28584051531189153,15,9,none,0
7A6G5yvp804,UCN8fW1T36q7P9KjaHEifPYQ,time,3,2.9919,27,1345.33,1657,1996.0866969430144,0.6739852708258106,early,0.265988620839189,15,9,none,0
7A6G5yvp804,UCN8fW1T36q7P9KjaHEifPYQ,time,5,4.9919,27,1704.86,1657,1996.0866969430144,0.8541021444160322,likely,0.2816847428715296,15,8,none,0
7A6G5yvp804,UCN8fW1T36q7P9KjaHEifPYQ,time,7,6.9919,27,1551.71,1657,1991.8494320851994,0.7790281671589224,likely,0.2790480739665666,15,7,none,0
7A6G5yvp804,UCN8fW1T36q7P9KjaHEifPYQ,time,14,12.9919,27,1637.96,1657,1992.0142553332869,0.8222644700336483,confirmed,0.23441522838039242,15,6,none,0
j-Wbu2HVU9A,UCwrXi5ZknKThspJc-Gai04g,time,14,13.4791,27,52164.37,54900,14307.806052783279,3.645867784881702,confirmed,0.5252622966971123,15,12,none,0
kcCj7bp9dIE,UCBXQM4wXOpzZPcjXMqecArA,heldout,1,1.9160,31,1239.14,8838,7320.68287129161,0.16926567889284175,early,,15,13,none,0
kcCj7bp9dIE,UCBXQM4wXOpzZPcjXMqecArA,heldout,2,1.9160,31,1239.14,8838,7320.68287129161,0.16926567889284175,early,,15,13,none,0
kcCj7bp9dIE,UCBXQM4wXOpzZPcjXMqecArA,heldout,3,2.9160,31,1919.33,8838,7365.262116257189,0.2605926280374874,early,1.0251732968642477,15,11,none,0
kcCj7bp9dIE,UCBXQM4wXOpzZPcjXMqecArA,heldout,5,5.9160,31,5364.97,8838,7695.433103475392,0.6971629576763337,likely,1.699495998171247,15,10,none,0
kcCj7bp9dIE,UCBXQM4wXOpzZPcjXMqecArA,heldout,7,6.9160,31,5681.38,8838,7695.433103475392,0.7382800342514275,likely,1.6596380255798755,15,10,none,0
kcCj7bp9dIE,UCBXQM4wXOpzZPcjXMqecArA,heldout,14,13.9160,31,8549.26,8838,8416.33232403984,1.0157939802271154,confirmed,1.294663644502873,15,7,none,0
DYe6pWypaNo,UChISHLovxnSLP0w81NEQj5w,time,14,14.4508,27,2862.70,2778,17183.337489796322,0.16659745195481715,confirmed,0.010794663908141546,15,15,none,0
rt3DAL29AQU,UCMmfUj8CcXeqpqWkund3ELg,heldout,14,14.4791,32,54576.29,53367,39824.57885598425,1.3704173789186391,confirmed,0.021658093106452298,15,13,none,0
ibn_o8wN1zc,UCucqfNRyBkieAop_LDUqHEg,time,14,13.7012,28,40449.85,40082,48556.481120332275,0.8330474148433298,confirmed,0.06815074957437481,15,11,none,0
JjjJydJuxOQ,UC2RAGL6c9iQZ0H8PHCLZY_w,time,5,4.5206,27,2045.02,1658,,,insufficient,,0,0,none,0
JjjJydJuxOQ,UC2RAGL6c9iQZ0H8PHCLZY_w,time,7,6.5206,27,1588.80,1658,,,insufficient,-0.12944405690767866,0,0,none,0
JjjJydJuxOQ,UC2RAGL6c9iQZ0H8PHCLZY_w,time,14,12.5206,27,1576.04,1658,,,insufficient,0.0154803355208634,0,0,none,0
Nq3XKbu1aaI,UCn7fYS0P7nkqmAEREjdtkDg,time,2,2.0410,27,1784.89,1239,917.9676528857436,1.9443881540548942,early,,12,11,none,0
Nq3XKbu1aaI,UCn7fYS0P7nkqmAEREjdtkDg,time,3,3.0410,27,1464.81,1239,1494.3480623357918,0.9802331676911871,likely,0.320141535405236,15,14,none,0
Nq3XKbu1aaI,UCn7fYS0P7nkqmAEREjdtkDg,time,5,5.0410,27,1285.40,1239,1494.3480623357918,0.8601749849430943,likely,0.24127101403635226,15,14,none,0
Nq3XKbu1aaI,UCn7fYS0P7nkqmAEREjdtkDg,time,7,7.0410,27,1273.24,1239,1479.9737719028185,0.860314148652043,confirmed,0.19821685477148585,15,14,none,0
Nq3XKbu1aaI,UCn7fYS0P7nkqmAEREjdtkDg,time,14,15.0410,27,1317.74,1239,1462.4041864370856,0.9010810948296109,confirmed,0.1438047222085218,15,13,none,0
kN66McRztJU,UC1QvDo-qeCVKTlmDq1LjDuw,time,7,7.7633,27,941.41,846,,,insufficient,,0,0,none,0
kN66McRztJU,UC1QvDo-qeCVKTlmDq1LjDuw,time,14,13.7633,27,822.64,846,,,insufficient,0.11924811355083897,0,0,none,0
ifqjcDjXPu8,UCHQ4lSaKRap5HyrpitrTOhQ,time,5,5.8646,29,21410.16,19021,6937.974107080641,3.0859380140262314,likely,,10,10,none,0
ifqjcDjXPu8,UCHQ4lSaKRap5HyrpitrTOhQ,time,7,6.8646,29,19703.58,19021,6871.885446609529,2.8672736711863034,likely,0.2479498420447658,15,15,none,0
ifqjcDjXPu8,UCHQ4lSaKRap5HyrpitrTOhQ,time,14,14.8646,29,19754.22,19021,6700.86604013881,2.948010226223333,confirmed,0.17184453744298697,15,13,none,0
8MoN2775TUA,UC0yHbz4OxdQFwmVX2BBQqLg,time,14,13.8332,27,12778.26,11687,28792.967778663267,0.4437980473938405,confirmed,,15,13,none,0
dfE7KMC9l2Y,UC2lvPVVm0Mv53QK7vdnC-rw,time,14,12.9370,27,10801.29,10838,20968.03478919929,0.5151314717880693,confirmed,,13,12,none,0
GcdPwJvIfnk,UC6BW8DqrAmBEIeCtMa4bfBw,time,14,13.1835,27,4334.04,3938,3757.3586126153364,1.1534798568359415,confirmed,,15,15,none,0
zHW6Tb_NHis,UCQIcXQ2n0sa-7CD0NtqnrrA,time,1,0.7917,28,55558.24,38671,122721.99999999996,0.45271619441156935,early,,15,14,none,0
zHW6Tb_NHis,UCQIcXQ2n0sa-7CD0NtqnrrA,time,2,2.7917,28,39435.03,38671,122721.99999999996,0.3213362342037084,early,0.3960654380131874,15,14,none,0
zHW6Tb_NHis,UCQIcXQ2n0sa-7CD0NtqnrrA,time,3,2.7917,28,39435.03,38671,122721.99999999996,0.3213362342037084,early,0.3960654380131874,15,14,none,0
zHW6Tb_NHis,UCQIcXQ2n0sa-7CD0NtqnrrA,time,5,4.7917,28,38469.19,38671,122721.99999999996,0.31346612222485154,likely,0.3033961151705671,15,13,none,0
zHW6Tb_NHis,UCQIcXQ2n0sa-7CD0NtqnrrA,time,7,6.7917,28,38113.83,38671,122721.99999999996,0.31057043935698814,likely,0.278312920476394,15,13,none,0
zHW6Tb_NHis,UCQIcXQ2n0sa-7CD0NtqnrrA,time,14,12.7917,28,37457.68,38671,122721.99999999996,0.30522383884756954,confirmed,0.24027859785050337,15,12,none,0
95CPy2MANY0,UCh7mi5sI3BSzKReLzXpgimA,time,7,7.3450,29,70.48,57,55.142465217393585,1.2781364508180832,confirmed,,15,13,none,0
95CPy2MANY0,UCh7mi5sI3BSzKReLzXpgimA,time,14,14.3450,29,58.91,57,54.056373006478566,1.0897429262707428,confirmed,0.029057309359739342,15,10,none,0
DEN9s1yE8wI,UCihUiDJzjyo2ov_qGtW33lw,time,14,13.1894,28,6037.29,5468,22526.000000000015,0.26801423751415127,confirmed,,15,13,none,0
DQl1ozO_iwY,UCUpbDOT-OVNBlaQpb9pbd2w,time,5,5.7688,29,32682.24,25945,19674.4858201849,1.6611483917773744,likely,,15,15,none,0
DQl1ozO_iwY,UCUpbDOT-OVNBlaQpb9pbd2w,time,7,6.7688,29,26741.39,25945,19254.992918114083,1.3888028189229176,likely,0.08554498655315909,15,15,none,0
DQl1ozO_iwY,UCUpbDOT-OVNBlaQpb9pbd2w,time,14,14.7688,29,26047.47,25945,17223.11266392999,1.512355653242781,confirmed,0.0561065290448013,15,15,none,0
tAd-OOrdyMw,UCJVXj8BvHykEklEeKjFwaXQ,time,1,0.9052,28,216175.21,278089,64264,3.3638616898072358,early,,15,14,none,0
tAd-OOrdyMw,UCJVXj8BvHykEklEeKjFwaXQ,time,2,2.9052,28,225528.66,278089,64264,3.509408999305619,early,0.5986733240027938,15,14,none,0
tAd-OOrdyMw,UCJVXj8BvHykEklEeKjFwaXQ,time,3,2.9052,28,225528.66,278089,64264,3.509408999305619,early,0.5986733240027938,15,14,none,0
tAd-OOrdyMw,UCJVXj8BvHykEklEeKjFwaXQ,time,5,4.9052,28,226766.27,278089,64264,3.5286672710141396,likely,0.5270291572996352,15,14,none,0
tAd-OOrdyMw,UCJVXj8BvHykEklEeKjFwaXQ,time,7,6.9052,28,267786.07,278089,64264,4.166968565389409,likely,0.5423175891945872,15,14,none,0
tAd-OOrdyMw,UCJVXj8BvHykEklEeKjFwaXQ,time,14,13.9052,28,320313.26,278089,64264,4.984334336307429,confirmed,0.502092581404904,15,14,none,0
0YtOfmWnyR0,UCdR7eGozLjafYMTd2BFnJaQ,time,1,0.8807,29,26094.00,18817,52046.65022914756,0.5013579559739324,early,,15,14,none,0
0YtOfmWnyR0,UCdR7eGozLjafYMTd2BFnJaQ,time,2,1.8807,29,20100.64,18817,52046.65022914756,0.3862042349737422,early,0.35995222062586335,15,14,none,0
0YtOfmWnyR0,UCdR7eGozLjafYMTd2BFnJaQ,time,3,2.8807,29,16300.74,18817,52516.187901008234,0.31039466825763473,early,0.2583688704464603,15,14,none,0
0YtOfmWnyR0,UCdR7eGozLjafYMTd2BFnJaQ,time,5,4.8807,29,15503.51,18817,52516.187901008234,0.2952138853446164,likely,0.19616985117655963,15,14,none,0
0YtOfmWnyR0,UCdR7eGozLjafYMTd2BFnJaQ,time,7,6.8807,29,15605.47,18817,52516.187901008234,0.2971553365408499,likely,0.1862359387379663,15,14,none,0
0YtOfmWnyR0,UCdR7eGozLjafYMTd2BFnJaQ,time,14,13.8807,29,18185.48,18817,53770.06691109079,0.3382082763615353,confirmed,0.1798799184806752,15,13,none,0
nhB-cWIdaDA,UC8fQzKHIhSoZeSq3bwQx4mw,time,5,6.7953,27,419.10,350,,,insufficient,,2,2,none,0
nhB-cWIdaDA,UC8fQzKHIhSoZeSq3bwQx4mw,time,7,6.7953,27,419.10,350,,,insufficient,,2,2,none,0
nhB-cWIdaDA,UC8fQzKHIhSoZeSq3bwQx4mw,time,14,15.7953,27,356.55,350,,,insufficient,0.0461214565927574,2,2,none,0
_ddXXvJwi_g,UC8kGsMa0LygSX9nkBcBH1Sg,time,14,13.8326,27,9791.05,10144,13897.999999999996,0.7044938053463466,confirmed,0.0989233361016322,15,12,none,0
04xhEGQ_Yy4,UCJP9OOLkOzsXbb_Bo_kqjTw,time,1,0.7634,28,13742.21,8897,28556.387525968927,0.48123059920464295,early,,14,12,none,0
04xhEGQ_Yy4,UCJP9OOLkOzsXbb_Bo_kqjTw,time,2,2.7634,28,10081.42,8897,26922.00000000001,0.3744676690403799,early,0.4351899986919414,15,12,none,0
04xhEGQ_Yy4,UCJP9OOLkOzsXbb_Bo_kqjTw,time,3,2.7634,28,10081.42,8897,26922.00000000001,0.3744676690403799,early,0.4351899986919414,15,12,none,0
04xhEGQ_Yy4,UCJP9OOLkOzsXbb_Bo_kqjTw,time,5,4.7634,28,9102.16,8897,26922.00000000001,0.33809371125850657,likely,0.34084659533741113,15,11,none,0
04xhEGQ_Yy4,UCJP9OOLkOzsXbb_Bo_kqjTw,time,7,6.7634,28,9581.66,8897,26922.00000000001,0.3559046229236067,likely,0.30728827409163856,15,10,none,0
04xhEGQ_Yy4,UCJP9OOLkOzsXbb_Bo_kqjTw,time,14,12.7634,28,9432.40,8897,26922.00000000001,0.350360204949295,confirmed,0.24340532121641906,15,8,none,0
RNt__s1A9TI,UC0T6MVd3wQDB5ICAe45OxaQ,time,14,13.9162,29,6358.92,6407,9653.613665042374,0.6587082552152026,confirmed,0.08518751697779692,15,15,none,0
npqG2OZXxek,UCFY0YHhxiIQWYYsLgeUBcbg,time,14,13.8322,28,110303.30,118352,99894.77419809735,1.104194917745383,confirmed,0.4464088319320072,15,14,none,0
sZXnZ0uyikQ,UCsilEv_20FmmBr5CDzmTMgg,time,1,0.8539,29,15090.94,11369,31880.85715933868,0.47335428553084336,early,,15,9,none,0
sZXnZ0uyikQ,UCsilEv_20FmmBr5CDzmTMgg,time,2,1.8539,29,15832.58,11369,31814.600129756924,0.4976513625789386,early,0.7267445343702178,15,9,none,0
sZXnZ0uyikQ,UCsilEv_20FmmBr5CDzmTMgg,time,3,2.8539,29,13625.24,11369,31909.249601193147,0.42699964577897304,early,0.5271996318361853,15,8,none,0
sZXnZ0uyikQ,UCsilEv_20FmmBr5CDzmTMgg,time,5,4.8539,29,11475.21,11369,32479.366467607688,0.35330769070721746,likely,0.3910446811518644,15,8,none,0
sZXnZ0uyikQ,UCsilEv_20FmmBr5CDzmTMgg,time,7,6.8539,29,13119.03,11369,32579.362345922018,0.4026790005946324,likely,0.352849595183656,15,8,none,0
sZXnZ0uyikQ,UCsilEv_20FmmBr5CDzmTMgg,time,14,13.8539,29,11701.12,11369,33034.44395812374,0.35420968079113757,confirmed,0.29381966214203553,15,7,none,0
xtwQWnIobTU,UChpleBmo18P08aKCIgti38g,time,0.5,0.3038,28,85974.02,91569,95247.04817992571,0.9026423446649756,early,,14,9,none,0
xtwQWnIobTU,UChpleBmo18P08aKCIgti38g,time,1,0.3038,28,85974.02,91569,95247.04817992571,0.9026423446649756,early,,14,9,none,0
xtwQWnIobTU,UChpleBmo18P08aKCIgti38g,time,2,2.3038,28,90960.58,91569,96840.99999999996,0.9392776009182239,early,0.8016056846223243,15,9,none,0
xtwQWnIobTU,UChpleBmo18P08aKCIgti38g,time,3,3.3038,28,88037.46,91569,96840.99999999996,0.9090928368489226,likely,0.7208306459158182,15,9,none,0
xtwQWnIobTU,UChpleBmo18P08aKCIgti38g,time,5,5.3038,28,94133.11,91569,96840.99999999996,0.9720378004807018,likely,0.6362436561662246,15,8,none,0
xtwQWnIobTU,UChpleBmo18P08aKCIgti38g,time,7,7.3038,28,81320.31,91569,96840.99999999996,0.8397301466675927,confirmed,0.5935381791270847,15,8,none,0
xtwQWnIobTU,UChpleBmo18P08aKCIgti38g,time,14,13.3038,28,90793.09,91569,96840.99999999996,0.937548004357988,confirmed,0.5226654302502413,15,6,none,0
29KlQIDd750,UCRAoLjIeDYFOSuXFImfecqg,heldout,14,12.9166,30,168408.43,188070,211680.4752852926,0.7955784897119345,confirmed,0.1870414828433337,15,14,none,0
_-8J69gZAL4,UCEtxsMx4qsoitFwjBdLU_gA,time,5,5.4213,27,837.59,696,,,insufficient,,2,2,none,0
_-8J69gZAL4,UCEtxsMx4qsoitFwjBdLU_gA,time,7,7.4213,27,700.39,696,,,insufficient,0.12363516666347787,2,2,none,0
_-8J69gZAL4,UCEtxsMx4qsoitFwjBdLU_gA,time,14,12.4213,27,685.19,696,,,insufficient,0.09973702768113323,2,2,none,0
do0Jcw2xvOQ,UCwMbSEgxhmOB5dXcxRTKHJQ,heldout,1,0.8524,33,4832.07,5905,13659.98090089074,0.3537394770500102,early,,15,14,none,0
do0Jcw2xvOQ,UCwMbSEgxhmOB5dXcxRTKHJQ,heldout,2,2.8524,33,6058.99,5905,14513.297280209354,0.41747836380062653,early,0.870642994058637,15,13,none,0
do0Jcw2xvOQ,UCwMbSEgxhmOB5dXcxRTKHJQ,heldout,3,2.8524,33,6058.99,5905,14513.297280209354,0.41747836380062653,early,0.870642994058637,15,13,none,0
do0Jcw2xvOQ,UCwMbSEgxhmOB5dXcxRTKHJQ,heldout,5,4.8524,33,8305.73,5905,15305.536505299404,0.5426616914706376,likely,0.7779715296057778,15,13,none,0
do0Jcw2xvOQ,UCwMbSEgxhmOB5dXcxRTKHJQ,heldout,7,6.8524,33,8201.91,5905,15853.498489332256,0.5173562726561041,likely,0.7025931341813979,15,13,none,0
do0Jcw2xvOQ,UCwMbSEgxhmOB5dXcxRTKHJQ,heldout,14,14.8524,33,7266.26,5905,18690.005600151002,0.3887779721999359,confirmed,0.5348628377841966,15,12,none,0
nUzfPPY1S8k,UC_Gz-8R2G8jBs20ro9AL9hA,time,2,2.9387,29,337.68,2362,364.03849117782863,0.9275974992941166,early,,15,15,none,0
nUzfPPY1S8k,UC_Gz-8R2G8jBs20ro9AL9hA,time,3,2.9387,29,337.68,2362,364.03849117782863,0.9275974992941166,early,,15,15,none,0
nUzfPPY1S8k,UC_Gz-8R2G8jBs20ro9AL9hA,time,5,4.9387,29,611.65,2362,380.9161325479562,1.6057280220819874,likely,1.0513324167723648,15,15,none,0
nUzfPPY1S8k,UC_Gz-8R2G8jBs20ro9AL9hA,time,7,6.9387,29,748.15,2362,390.6527607885788,1.9151341184183261,likely,1.0922727626087778,15,15,none,0
nUzfPPY1S8k,UC_Gz-8R2G8jBs20ro9AL9hA,time,14,13.9387,29,1044.73,2362,429.144096984454,2.4344527137890934,confirmed,1.0157383684104546,15,14,none,0
UW4quI0Wv2k,UCcTiu6qN0sm433gR8wjoVCA,time,5,6.9583,30,6231.15,6327,,,insufficient,,0,0,none,0
UW4quI0Wv2k,UCcTiu6qN0sm433gR8wjoVCA,time,7,6.9583,30,6231.15,6327,,,insufficient,,0,0,none,0
UW4quI0Wv2k,UCcTiu6qN0sm433gR8wjoVCA,time,14,13.9583,30,5984.71,6327,,,insufficient,0.16923069009121125,0,0,none,0
EXIgjIBu4EU,UC4JX40jDee_tINbkjycV4Sg,time,3,3.9165,28,15305.04,29941,32583.101831769844,0.469723339860539,likely,,14,13,none,0
EXIgjIBu4EU,UC4JX40jDee_tINbkjycV4Sg,time,5,4.9165,28,13137.71,29941,32583.101831769844,0.4032060968244528,likely,0.29819909816346757,15,14,none,0
EXIgjIBu4EU,UC4JX40jDee_tINbkjycV4Sg,time,7,6.9165,28,16916.54,29941,32447.06718700935,0.5213579850204001,likely,0.509524101978584,15,13,none,0
EXIgjIBu4EU,UC4JX40jDee_tINbkjycV4Sg,time,14,13.9165,28,23375.38,29941,32400.000000000004,0.7214623921238305,confirmed,0.5840105291082437,15,9,none,0
kTQy6RUkczs,UCmlqW3C9C0_gA0LufzbHfKg,heldout,14,14.8567,28,1730.96,1591,70245.36301375522,0.024641560908907987,confirmed,,15,15,none,0
kzestjld8Ng,UCEh_IoMVGA7NPsx6-2H8Bqw,time,14,14.1689,29,1074.80,1064,1195.318589250118,0.8991782045473747,confirmed,0.04235900123329879,15,14,none,0
5j10v0wht2g,UCgCsMxVCJs0TSqAIlBxiT7g,time,1,0.8152,27,8352.59,6332,5756.593654036632,1.4509597904748783,early,,15,12,none,0
5j10v0wht2g,UCgCsMxVCJs0TSqAIlBxiT7g,time,2,1.8152,27,6746.22,6332,5756.593654036632,1.171912623346555,early,0.4901628745124599,15,12,none,0
5j10v0wht2g,UCgCsMxVCJs0TSqAIlBxiT7g,time,3,2.8152,27,5918.05,6332,5756.593654036632,1.0280479983143431,early,0.39731568449726806,15,12,none,0
5j10v0wht2g,UCgCsMxVCJs0TSqAIlBxiT7g,time,5,4.8152,27,5747.94,6332,5922.448149355424,0.9705344543807953,likely,0.3646602229160029,15,11,none,0
5j10v0wht2g,UCgCsMxVCJs0TSqAIlBxiT7g,time,7,6.8152,27,6587.91,6332,6070.928440460664,1.0851563887018962,likely,0.36804597748958073,15,11,none,0
5j10v0wht2g,UCgCsMxVCJs0TSqAIlBxiT7g,time,14,12.8152,27,6796.82,6332,6409.166369184882,1.0604837502683564,confirmed,0.31555830536648644,15,10,none,0
wWEAEWcrYsI,UCxa1v9wVMmjYUhUfQOJxbzw,time,14,13.0603,28,9323.00,10036,7185.445459434338,1.29748408018898,confirmed,,15,13,none,0
VW1VDN0dYLE,UCglNXzBo6bmKc9otKf-OuGQ,time,14,13.7079,28,22294.96,22046,6353.112464928772,3.5092968428663522,confirmed,0.04390671689144198,15,15,none,0
bVnaStHUmr0,UCLFgO1aEI66fh06p6u6-juw,time,1,0.7604,29,8915.44,15255,10877.806913066423,0.8195993018700327,early,,14,14,none,0
bVnaStHUmr0,UCLFgO1aEI66fh06p6u6-juw,time,2,1.7604,29,7925.65,15255,10757.127873716552,0.7367809402318224,early,0.691381600319062,15,15,none,0
bVnaStHUmr0,UCLFgO1aEI66fh06p6u6-juw,time,3,2.7604,29,8336.49,15255,10650.693307368387,0.7827184795764683,early,0.5544657073390035,15,15,none,0
bVnaStHUmr0,UCLFgO1aEI66fh06p6u6-juw,time,5,4.7604,29,8734.96,15255,10460.464324325963,0.8350451387803222,likely,0.5302283411471892,15,15,none,0
bVnaStHUmr0,UCLFgO1aEI66fh06p6u6-juw,time,7,6.7604,29,9815.06,15255,10461.201178323827,0.9382341243392758,likely,0.5085065180741737,15,15,none,0
bVnaStHUmr0,UCLFgO1aEI66fh06p6u6-juw,time,14,14.7604,29,13911.37,15255,11540.917641149263,1.2053955300219983,confirmed,0.5201822856082727,15,12,none,0
XVOvSJoWE6Y,UCrJhTwfygi-D-slK4gbZ8fA,time,2,2.9374,28,1846.94,3618,4778.93564319298,0.3864755418517225,early,,15,14,none,0
XVOvSJoWE6Y,UCrJhTwfygi-D-slK4gbZ8fA,time,3,2.9374,28,1846.94,3618,4778.93564319298,0.3864755418517225,early,,15,14,none,0
XVOvSJoWE6Y,UCrJhTwfygi-D-slK4gbZ8fA,time,5,5.9374,28,2115.76,3618,4829.46714442669,0.4380935137770915,likely,0.4754082700427144,15,14,none,0
XVOvSJoWE6Y,UCrJhTwfygi-D-slK4gbZ8fA,time,7,6.9374,28,2237.94,3618,4829.46714442669,0.4633933013857816,likely,0.47731988390879376,15,14,none,0
XVOvSJoWE6Y,UCrJhTwfygi-D-slK4gbZ8fA,time,14,13.9374,28,2929.05,3618,4954.472680409823,0.5911922505235816,confirmed,0.5143641157343967,15,13,none,0
V7hZlXGLflQ,UCdR7eGozLjafYMTd2BFnJaQ,heldout,7,7.8744,30,66598.18,80675,43327.50047561834,1.537088040654413,confirmed,,15,14,none,0
V7hZlXGLflQ,UCdR7eGozLjafYMTd2BFnJaQ,heldout,14,13.8744,30,75521.63,80675,44271.99855105021,1.7058555233150412,confirmed,0.3860531004034279,15,14,none,0
CF5S8GHVx6Q,UCQskSBnZDt7yLHc7ZdS5Fpw,time,1,0.7620,27,2878.00,2371,4059.544454628781,0.7089477266448323,early,,15,15,none,0
CF5S8GHVx6Q,UCQskSBnZDt7yLHc7ZdS5Fpw,time,2,1.7620,27,2348.47,2371,4059.544454628781,0.5785052771698269,early,0.5013379335689855,15,15,none,0
CF5S8GHVx6Q,UCQskSBnZDt7yLHc7ZdS5Fpw,time,3,2.7620,27,2715.27,2371,4059.544454628781,0.6688604612062906,early,0.5665990454600963,15,15,none,0
CF5S8GHVx6Q,UCQskSBnZDt7yLHc7ZdS5Fpw,time,5,4.7620,27,2543.07,2371,4059.544454628781,0.6264427087643881,likely,0.4433481456079866,15,15,none,0
CF5S8GHVx6Q,UCQskSBnZDt7yLHc7ZdS5Fpw,time,7,6.7620,27,2419.21,2371,4059.544454628781,0.5959306282628912,likely,0.38095191065153583,15,15,none,0
CF5S8GHVx6Q,UCQskSBnZDt7yLHc7ZdS5Fpw,time,14,13.7620,27,2308.75,2371,4122.683043079741,0.5600118461762931,confirmed,0.3027379922619772,15,15,none,0
X5T8UrpeLCY,UCuuq3lB_aWH9-bUubni59Rg,time,14,13.9166,28,203.15,198,459.3706748655653,0.4422306486855895,confirmed,0.1941913104696319,15,14,none,0
wiAAf15K6K0,UCnYMOamNKLGVlJgRUbamveA,heldout,14,13.8197,31,29740.96,26939,34966.768752106414,0.8505493036693142,confirmed,,15,14,none,0
rRKQh5Etff4,UCZDXM1926FRjQGNWNGSpBQQ,time,2,2.7907,27,11490.67,9157,8591.30810493369,1.3374765058032423,early,,15,14,none,0
rRKQh5Etff4,UCZDXM1926FRjQGNWNGSpBQQ,time,3,2.7907,27,11490.67,9157,8591.30810493369,1.3374765058032423,early,,15,14,none,0
rRKQh5Etff4,UCZDXM1926FRjQGNWNGSpBQQ,time,5,4.7907,27,8873.49,9157,8516.125254127166,1.0419627994345102,likely,0.16717246818839723,15,13,none,0
rRKQh5Etff4,UCZDXM1926FRjQGNWNGSpBQQ,time,7,7.7907,27,9411.88,9157,8421.725628459977,1.11757119916431,confirmed,0.19779716741605036,15,13,none,0
rRKQh5Etff4,UCZDXM1926FRjQGNWNGSpBQQ,time,14,15.7907,27,9743.49,9157,8370.000000000002,1.164096718135755,confirmed,0.14315223089807316,15,9,none,0
sHiM7k9dftk,UC8DqDLFZCni7Jkys3N3818w,time,5,4.8177,27,36.71,75,28.873794330409723,1.2714799946709936,likely,,5,5,none,0
sHiM7k9dftk,UC8DqDLFZCni7Jkys3N3818w,time,7,7.8177,27,58.81,75,30.831945152958195,1.907331534916529,confirmed,0.6917858522316284,5,5,none,0
sHiM7k9dftk,UC8DqDLFZCni7Jkys3N3818w,time,14,15.8177,27,62.05,75,37.027754181816846,1.6757886550701817,confirmed,0.5614416501784473,5,5,none,0
Gw8o6OvEAHY,UCAYLryveVTTC__-iYIvAP2g,time,5,6.9580,27,543.70,439,,,insufficient,,0,0,none,0
Gw8o6OvEAHY,UCAYLryveVTTC__-iYIvAP2g,time,7,6.9580,27,543.70,439,,,insufficient,,0,0,none,0
Gw8o6OvEAHY,UCAYLryveVTTC__-iYIvAP2g,time,14,13.9580,27,453.69,439,,,insufficient,0.025470690498029046,0,0,none,0
tPA5O84Lj10,UCN8fW1T36q7P9KjaHEifPYQ,heldout,7,7.0274,31,1793.45,1546,1819.377287099582,0.9857515464703877,confirmed,,15,14,none,0
cQHE-iQBMek,UCpv6LoMeHrG-NPDCRnBWFpA,heldout,14,12.9159,27,537.46,628,375.02112463754247,1.4331473762798987,confirmed,,10,10,none,0
cQHE-iQBMek,UCpv6LoMeHrG-NPDCRnBWFpA,time,14,12.9159,27,537.46,628,375.02112463754247,1.4331473762798987,confirmed,,10,10,none,0
miUNy3YKx60,UC-mP1nlk0qOutA08zuQHORA,heldout,0.5,0.6979,30,1247774.39,1190116,652398.1799615175,1.9125963615883323,early,,14,13,none,0
miUNy3YKx60,UC-mP1nlk0qOutA08zuQHORA,heldout,1,0.6979,30,1247774.39,1190116,652398.1799615175,1.9125963615883323,early,,14,13,none,0
miUNy3YKx60,UC-mP1nlk0qOutA08zuQHORA,heldout,7,7.6979,30,1144174.49,1190116,718015.1463177619,1.5935241634417465,confirmed,0.39900586362230234,15,13,none,0
miUNy3YKx60,UC-mP1nlk0qOutA08zuQHORA,heldout,14,13.6979,30,1272635.22,1190116,723381.9776432371,1.759285218061684,confirmed,0.36554310213871904,15,12,none,0
KOFmvoeC97U,UCMQ_mPIBPi4IMpYEmuyOMqQ,time,1,1.9579,28,5212.61,4791,3212.999999999998,1.6223507786540223,early,,15,14,none,0
KOFmvoeC97U,UCMQ_mPIBPi4IMpYEmuyOMqQ,time,2,1.9579,28,5212.61,4791,3212.999999999998,1.6223507786540223,early,,15,14,none,0
KOFmvoeC97U,UCMQ_mPIBPi4IMpYEmuyOMqQ,time,3,2.9579,28,4318.81,4791,3212.999999999998,1.3441666548394275,early,0.3452314067952375,15,14,none,0
KOFmvoeC97U,UCMQ_mPIBPi4IMpYEmuyOMqQ,time,5,4.9579,28,4535.48,4791,3212.999999999998,1.4116038136380287,likely,0.33323440473111965,15,14,none,0
KOFmvoeC97U,UCMQ_mPIBPi4IMpYEmuyOMqQ,time,7,6.9579,28,4933.56,4791,3212.999999999998,1.535498982462122,likely,0.33593093610612906,15,14,none,0
KOFmvoeC97U,UCMQ_mPIBPi4IMpYEmuyOMqQ,time,14,12.9579,28,4785.37,4791,3212.999999999998,1.4893778952498116,confirmed,0.27541969443631364,15,13,none,0
0jk1zGhHb-g,UCQ4FNww3XoNgqIlkBqEAVCg,heldout,1,0.8948,27,256498.59,543274,289095.0615300749,0.8872465349625532,early,,15,13,none,0
0jk1zGhHb-g,UCQ4FNww3XoNgqIlkBqEAVCg,time,1,0.8948,27,256498.59,543274,289095.0615300749,0.8872465349625532,early,,15,13,none,0
0jk1zGhHb-g,UCQ4FNww3XoNgqIlkBqEAVCg,heldout,2,1.8948,27,330955.26,543274,290418.2922046179,1.1395813162771227,early,0.9904327145359487,15,12,none,0
0jk1zGhHb-g,UCQ4FNww3XoNgqIlkBqEAVCg,time,2,1.8948,27,330955.26,543274,290418.2922046179,1.1395813162771227,early,0.9904327145359487,15,12,none,0
0jk1zGhHb-g,UCQ4FNww3XoNgqIlkBqEAVCg,heldout,3,2.8948,27,346798.29,543274,292691.74863959925,1.1848584417554393,early,0.8496629113426065,15,12,none,0
0jk1zGhHb-g,UCQ4FNww3XoNgqIlkBqEAVCg,time,3,2.8948,27,346798.29,543274,292691.74863959925,1.1848584417554393,early,0.8496629113426065,15,12,none,0
0jk1zGhHb-g,UCQ4FNww3XoNgqIlkBqEAVCg,heldout,5,4.8948,27,506695.59,543274,294473.82589132217,1.7206812594487209,likely,0.8361236794557674,15,12,none,0
0jk1zGhHb-g,UCQ4FNww3XoNgqIlkBqEAVCg,time,5,4.8948,27,506695.59,543274,294473.82589132217,1.7206812594487209,likely,0.8361236794557674,15,12,none,0
0jk1zGhHb-g,UCQ4FNww3XoNgqIlkBqEAVCg,heldout,7,6.8948,27,599124.41,543274,298013.3062664558,2.0103948193641625,likely,0.8480708159735377,15,12,none,0
0jk1zGhHb-g,UCQ4FNww3XoNgqIlkBqEAVCg,time,7,6.8948,27,599124.41,543274,298013.3062664558,2.0103948193641625,likely,0.8480708159735377,15,12,none,0
0jk1zGhHb-g,UCQ4FNww3XoNgqIlkBqEAVCg,heldout,14,12.8948,27,556561.12,543274,300209.00000000006,1.8539121878135159,confirmed,0.7033175882827499,15,11,none,0
0jk1zGhHb-g,UCQ4FNww3XoNgqIlkBqEAVCg,time,14,12.8948,27,556561.12,543274,300209.00000000006,1.8539121878135159,confirmed,0.7033175882827499,15,11,none,0
KC91DOOV4oU,UCI8gcSTo1FowsRJdilsjsZw,heldout,3,3.9996,30,113738.32,91789,45801.63845224852,2.4832805692011353,likely,,15,15,none,0
KC91DOOV4oU,UCI8gcSTo1FowsRJdilsjsZw,heldout,5,3.9996,30,113738.32,91789,45801.63845224852,2.4832805692011353,likely,,15,15,none,0
KC91DOOV4oU,UCI8gcSTo1FowsRJdilsjsZw,heldout,14,15.9996,30,96503.89,91789,47934.08388685508,2.0132624631055025,confirmed,0.17458916314389789,15,15,none,0
CmMMDqTJEMo,UCq33AlEZl8QBmxatFEwknew,time,7,8.3181,27,454.34,411,284.0897851662501,1.5992890178771038,confirmed,,15,15,none,0
CmMMDqTJEMo,UCq33AlEZl8QBmxatFEwknew,time,14,15.3181,27,391.68,411,286.9779265858005,1.36485596491578,confirmed,0.08684054414325762,15,11,none,0
3CxEfJbpGPU,UC8DqDLFZCni7Jkys3N3818w,heldout,5,4.8180,27,61.19,91,28.873794330409723,2.119133324451656,likely,,3,3,none,0
3CxEfJbpGPU,UC8DqDLFZCni7Jkys3N3818w,time,5,4.8180,27,61.19,91,28.873794330409723,2.119133324451656,likely,,3,3,none,0
3CxEfJbpGPU,UC8DqDLFZCni7Jkys3N3818w,heldout,7,6.8180,27,74.23,91,31.65493224237357,2.345022091550596,likely,0.6170554982731096,3,3,none,0
3CxEfJbpGPU,UC8DqDLFZCni7Jkys3N3818w,time,7,6.8180,27,74.23,91,31.65493224237357,2.345022091550596,likely,0.6170554982731096,3,3,none,0
3CxEfJbpGPU,UC8DqDLFZCni7Jkys3N3818w,heldout,14,12.8180,27,66.03,91,33.78768604503408,1.9542111843854346,confirmed,0.31314619826371304,3,3,none,0
3CxEfJbpGPU,UC8DqDLFZCni7Jkys3N3818w,time,14,12.8180,27,66.03,91,33.78768604503408,1.9542111843854346,confirmed,0.31314619826371304,3,3,none,0
nSOgKuGUta0,UCGWNHkr2WZcRbxqoet-nyeg,time,14,13.9017,28,980.73,938,2598.9944655019985,0.37734861665283254,confirmed,,15,15,none,0
9IMDTevhNX0,UCXxIurzUx2ztE6D5IzcyTcw,heldout,5,4.9582,31,20803.72,22872,19769.407619181296,1.0523189729394269,likely,,15,11,none,0
9IMDTevhNX0,UCXxIurzUx2ztE6D5IzcyTcw,heldout,7,7.9582,31,22449.02,22872,19776.01119646091,1.1351643033122398,confirmed,0.3567555252114585,15,11,none,0
9IMDTevhNX0,UCXxIurzUx2ztE6D5IzcyTcw,heldout,14,13.9582,31,22920.20,22872,19815.986234575073,1.1566518481949253,confirmed,0.3163044884431659,15,10,none,0
9VZ7hqx5p_I,UCSLClJLzdUMRMe0E4SPfc-w,heldout,1,1.7915,29,66562.21,74879,85817.94678417552,0.775621086395975,early,,15,11,none,0
9VZ7hqx5p_I,UCSLClJLzdUMRMe0E4SPfc-w,heldout,2,1.7915,29,66562.21,74879,85817.94678417552,0.775621086395975,early,,15,11,none,0
9VZ7hqx5p_I,UCSLClJLzdUMRMe0E4SPfc-w,heldout,3,3.7915,29,82490.86,74879,86099.1836597504,0.9580910274649381,likely,0.6601751777252439,15,10,none,0
9VZ7hqx5p_I,UCSLClJLzdUMRMe0E4SPfc-w,heldout,5,4.7915,29,78391.10,74879,85161.21992822806,0.9205022768579374,likely,0.6133533718601081,15,10,none,0
9VZ7hqx5p_I,UCSLClJLzdUMRMe0E4SPfc-w,heldout,7,6.7915,29,84187.34,74879,83985.02572302052,1.0024089709948238,likely,0.549081662313289,15,9,none,0
9VZ7hqx5p_I,UCSLClJLzdUMRMe0E4SPfc-w,heldout,14,13.7915,29,76464.06,74879,80146.85833259272,0.9540494359286361,confirmed,0.41348333355003875,15,6,none,0
V6LAU6acHh0,UCBXQM4wXOpzZPcjXMqecArA,time,0.5,0.7079,27,14814.82,14367,6157.856798307186,2.405840587907566,early,,15,11,none,0
V6LAU6acHh0,UCBXQM4wXOpzZPcjXMqecArA,time,1,0.7079,27,14814.82,14367,6157.856798307186,2.405840587907566,early,,15,11,none,0
V6LAU6acHh0,UCBXQM4wXOpzZPcjXMqecArA,time,2,1.7079,27,17271.90,14367,6140.7424562792885,2.812673646645179,early,0.9090658772272431,15,11,none,0
V6LAU6acHh0,UCBXQM4wXOpzZPcjXMqecArA,time,3,2.7079,27,16318.62,14367,6320.159919672114,2.581994028316073,early,0.6552126959204561,15,10,none,0
V6LAU6acHh0,UCBXQM4wXOpzZPcjXMqecArA,time,5,4.7079,27,17224.67,14367,6504.490401752537,2.6481197724280316,likely,0.5083322255428296,15,9,none,0
V6LAU6acHh0,UCBXQM4wXOpzZPcjXMqecArA,time,7,7.7079,27,18058.94,14367,7020.9672279834585,2.572144499467143,confirmed,0.43766144985799277,15,8,none,0
V6LAU6acHh0,UCBXQM4wXOpzZPcjXMqecArA,time,14,12.7079,27,17001.91,14367,7902.701995914579,2.151405052167189,confirmed,0.38289674825431824,15,6,none,0
_lib9MjpKBw,UCMekTeLUP4PllG4z53Qny2Q,heldout,14,13.7706,31,465.06,506,657.0000000000002,0.7078532817070743,confirmed,0.03173481879427923,15,9,none,0
tO96suFjNgA,UCnpWedLQdHpZqhgTLdB9Yyg,heldout,1,1.8954,27,55436.11,47060,68465.20478212649,0.8096975967225752,early,,15,15,none,0
tO96suFjNgA,UCnpWedLQdHpZqhgTLdB9Yyg,heldout,2,1.8954,27,55436.11,47060,68465.20478212649,0.8096975967225752,early,,15,15,none,0
tO96suFjNgA,UCnpWedLQdHpZqhgTLdB9Yyg,heldout,3,3.8954,27,52079.16,47060,69860.49629573972,0.7454736678291428,likely,0.43067252998805156,15,15,none,0
tO96suFjNgA,UCnpWedLQdHpZqhgTLdB9Yyg,heldout,5,4.8954,27,49909.63,47060,70210.32105902092,0.7108588765859777,likely,0.3761703703520478,15,15,none,0
tO96suFjNgA,UCnpWedLQdHpZqhgTLdB9Yyg,heldout,7,6.8954,27,49255.31,47060,70984.84796052071,0.693884855766761,likely,0.31569034540111546,15,15,none,0
tO96suFjNgA,UCnpWedLQdHpZqhgTLdB9Yyg,heldout,14,13.8954,27,53120.44,47060,73641,0.7213432533937649,confirmed,0.2448294936354677,15,11,none,0
YsQ3hsMVrK4,UCOCsRROSlsrA31YJgCah32A,heldout,14,12.5828,31,21035.21,37866,13479.855337915045,1.5604921337116588,confirmed,,15,12,none,0
rLmPiedNaTI,UCySH3WVP-5d4aJIfn8-WoPA,heldout,2,2.8933,27,117292.69,113948,110579.77947705527,1.060706499559438,early,,3,3,none,0
rLmPiedNaTI,UCySH3WVP-5d4aJIfn8-WoPA,time,2,2.8933,27,117292.69,113948,110579.77947705527,1.060706499559438,early,,3,3,none,0
rLmPiedNaTI,UCySH3WVP-5d4aJIfn8-WoPA,heldout,3,2.8933,27,117292.69,113948,110579.77947705527,1.060706499559438,early,,3,3,none,0
rLmPiedNaTI,UCySH3WVP-5d4aJIfn8-WoPA,time,3,2.8933,27,117292.69,113948,110579.77947705527,1.060706499559438,early,,3,3,none,0
rLmPiedNaTI,UCySH3WVP-5d4aJIfn8-WoPA,heldout,5,4.8933,27,196760.35,113948,111365.99999999997,1.7667901737309577,likely,0.8562841973105685,15,14,none,0
rLmPiedNaTI,UCySH3WVP-5d4aJIfn8-WoPA,time,5,4.8933,27,196760.35,113948,111365.99999999997,1.7667901737309577,likely,0.8562841973105685,15,14,none,0
rLmPiedNaTI,UCySH3WVP-5d4aJIfn8-WoPA,heldout,7,6.8933,27,154251.71,113948,111365.99999999997,1.3850880374124614,likely,0.5893363096555302,15,14,none,0
rLmPiedNaTI,UCySH3WVP-5d4aJIfn8-WoPA,time,7,6.8933,27,154251.71,113948,111365.99999999997,1.3850880374124614,likely,0.5893363096555302,15,14,none,0
rLmPiedNaTI,UCySH3WVP-5d4aJIfn8-WoPA,heldout,14,12.8933,27,132266.92,113948,110015.60555894708,1.2022559640128636,confirmed,0.33378954643007386,15,13,none,0
rLmPiedNaTI,UCySH3WVP-5d4aJIfn8-WoPA,time,14,12.8933,27,132266.92,113948,110015.60555894708,1.2022559640128636,confirmed,0.33378954643007386,15,13,none,0
dXAyP3i8m8c,UCmH99cCLXOXzaEFJKyGJXTw,time,3,3.8196,27,594.51,413,297.59011117330124,1.9977449591109895,likely,,12,12,none,0
dXAyP3i8m8c,UCmH99cCLXOXzaEFJKyGJXTw,time,5,4.8196,27,443.67,413,292.3607844596936,1.5175574464482626,likely,0.19440397926523345,15,14,none,0
dXAyP3i8m8c,UCmH99cCLXOXzaEFJKyGJXTw,time,7,6.8196,27,435.41,413,290.7932172318974,1.4973159069391517,likely,0.11259154206938105,15,13,none,0
dXAyP3i8m8c,UCmH99cCLXOXzaEFJKyGJXTw,time,14,12.8196,27,415.45,413,303.2430797433548,1.3700337315236633,confirmed,0.06600143317181281,15,12,none,0
jdKtPL6UmH8,UCebT5m6aSB3Yd8Adn92yeDQ,time,14,13.7071,29,25140.66,28497,19781.400239641105,1.270924202763402,confirmed,0.6806097784874877,15,13,none,0
k7gaVsF-sjo,UCYzrlZP_m1cV51q9GGDHCMg,time,0.5,0.4268,29,305.42,125,280.92292815107305,1.087188694253461,early,,12,12,none,0
k7gaVsF-sjo,UCYzrlZP_m1cV51q9GGDHCMg,time,1,1.4268,29,276.09,125,256.1268383486266,1.0779381864299622,early,0.3399945511943102,14,14,none,0
k7gaVsF-sjo,UCYzrlZP_m1cV51q9GGDHCMg,time,2,2.4268,29,172.42,125,240.99880895315533,0.7154296074591292,early,0.24512399734623574,15,15,none,0
k7gaVsF-sjo,UCYzrlZP_m1cV51q9GGDHCMg,time,3,3.4268,29,150.50,125,231.48573502063698,0.6501273243558269,likely,0.2044110091305405,15,15,none,0
k7gaVsF-sjo,UCYzrlZP_m1cV51q9GGDHCMg,time,5,5.4268,29,140.29,125,218.73692339258213,0.6413537957363696,likely,0.1646708652870389,15,15,none,0
k7gaVsF-sjo,UCYzrlZP_m1cV51q9GGDHCMg,time,7,7.4268,29,135.24,125,210.16290171716258,0.6435044879971096,confirmed,0.13954898510146727,15,15,none,0
k7gaVsF-sjo,UCYzrlZP_m1cV51q9GGDHCMg,time,14,13.4268,29,127.12,125,195.33062116991096,0.6507750375625061,confirmed,0.10711912955610538,15,15,none,0
sSwiiBpEc5E,UCstwpLSByklww1YojZN-KiQ,heldout,0.5,0.5487,30,21089.63,73039,119410.44059071803,0.17661459886242317,early,,15,14,none,0
sSwiiBpEc5E,UCstwpLSByklww1YojZN-KiQ,heldout,1,0.5487,30,21089.63,73039,119410.44059071803,0.17661459886242317,early,,15,14,none,0
sSwiiBpEc5E,UCstwpLSByklww1YojZN-KiQ,heldout,14,13.5487,30,88370.31,73039,117350.09047245982,0.7530485359761746,confirmed,1.0508316545581378,15,14,none,0
cON8atShXMU,UCw4T39MvmTCmYoSdpB2Rwuw,time,14,13.9159,29,524.71,568,565.1356043343471,0.9284637671329419,confirmed,0.21913430396405256,15,14,none,0
2OI0jFCOfWg,UCF2UdeyQbFenSvnJ4aZUzHw,time,5,6.6458,28,8934.55,10689,,,insufficient,,1,1,none,0
2OI0jFCOfWg,UCF2UdeyQbFenSvnJ4aZUzHw,time,7,6.6458,28,8934.55,10689,,,insufficient,,1,1,none,0
2OI0jFCOfWg,UCF2UdeyQbFenSvnJ4aZUzHw,time,14,13.6458,28,9336.85,10689,,,insufficient,0.24841536359732913,1,1,none,0
tQW6i__5hbU,UCJ1RVDuSiJncq6VQYiqpzLA,heldout,14,13.9988,30,980.76,1060,1135.2469414434179,0.8639169154593158,confirmed,0.07656143989770561,15,15,none,0
1vj4lHoEq8E,UC99GtVg2esxExp_J0uPxO-g,time,0.5,0.6257,29,139426.59,92452,157027.8209838065,0.887910106315908,early,,15,12,none,0
1vj4lHoEq8E,UC99GtVg2esxExp_J0uPxO-g,time,1,0.6257,29,139426.59,92452,157027.8209838065,0.887910106315908,early,,15,12,none,0
1vj4lHoEq8E,UC99GtVg2esxExp_J0uPxO-g,time,2,1.6257,29,115258.24,92452,157027.8209838065,0.7339988405239101,early,0.4971236068615114,15,12,none,0
1vj4lHoEq8E,UC99GtVg2esxExp_J0uPxO-g,time,3,2.6257,29,94060.43,92452,157121.99999999988,0.5986458308203741,early,0.38323271366252354,15,11,none,0
1vj4lHoEq8E,UC99GtVg2esxExp_J0uPxO-g,time,5,4.6257,29,98843.14,92452,157121.99999999988,0.6290852934378827,likely,0.3057272967126456,15,11,none,0
1vj4lHoEq8E,UC99GtVg2esxExp_J0uPxO-g,time,7,6.6257,29,97360.06,92452,157121.99999999988,0.6196462431422548,likely,0.27615560777884096,15,11,none,0
1vj4lHoEq8E,UC99GtVg2esxExp_J0uPxO-g,time,14,13.6257,29,98335.77,92452,157121.99999999988,0.625856130528606,confirmed,0.23360743016700208,15,10,none,0
UY4MJYq4Hko,UCbY9xX3_jW5c2fjlZVBI4cg,heldout,14,14.4942,29,8976.68,8746,43635.467738459585,0.20571989549806674,confirmed,0.010357201187730593,15,15,none,0
UY4MJYq4Hko,UCbY9xX3_jW5c2fjlZVBI4cg,time,14,14.4942,29,8976.68,8746,43635.467738459585,0.20571989549806674,confirmed,0.010357201187730593,15,15,none,0
VBJ63rblwBY,UCCZLVYAGIoGvaFUrTyyeaXA,time,5,6.0256,29,4386.10,3638,21245.864733441005,0.20644470187664807,likely,,4,4,none,0
VBJ63rblwBY,UCCZLVYAGIoGvaFUrTyyeaXA,time,7,7.0256,29,3886.80,3638,20891.98952480392,0.18604249002683088,confirmed,0.107045529694028,4,4,none,0
VBJ63rblwBY,UCCZLVYAGIoGvaFUrTyyeaXA,time,14,14.0256,29,3706.01,3638,19375.5476821024,0.19127244237837,confirmed,0.03758142607825731,4,4,none,0
iJer4OuSOn8,UCihbzGj7YwFNq-aL-6-Titw,heldout,14,14.0204,32,40.31,42,62.74949293886605,0.642318590521015,confirmed,0,15,14,none,0
pN7XXZavnaY,UCcTiu6qN0sm433gR8wjoVCA,time,3,3.9583,27,3302.30,2755,,,insufficient,,2,2,none,0
pN7XXZavnaY,UCcTiu6qN0sm433gR8wjoVCA,time,5,4.9583,27,2836.93,2755,,,insufficient,0.3048652418995958,2,2,none,0
pN7XXZavnaY,UCcTiu6qN0sm433gR8wjoVCA,time,7,6.9583,27,2521.20,2755,,,insufficient,0.20300281732999675,2,2,none,0
pN7XXZavnaY,UCcTiu6qN0sm433gR8wjoVCA,time,14,14.9583,27,2754.99,2755,,,insufficient,0.1683422994535728,2,2,none,0
zcMnpQee1rs,UCGpsgNbzdF7BECCVbB1COHw,heldout,14,14.2076,29,12457.40,12203,6790.353352668712,1.8345726652563354,confirmed,0.04400709089344457,15,15,none,0
zcMnpQee1rs,UCGpsgNbzdF7BECCVbB1COHw,time,14,14.2076,29,12457.40,12203,6790.353352668712,1.8345726652563354,confirmed,0.04400709089344457,15,15,none,0
jlSnIXTyo1w,UCEtxsMx4qsoitFwjBdLU_gA,time,5,4.8092,27,421.51,364,513.3609393755895,0.821085719335577,likely,,3,3,none,0
jlSnIXTyo1w,UCEtxsMx4qsoitFwjBdLU_gA,time,7,7.8092,27,359.54,364,473.6006950155303,0.759168092233859,confirmed,0.12822721615398364,3,3,none,0
jlSnIXTyo1w,UCEtxsMx4qsoitFwjBdLU_gA,time,14,12.8092,27,355.51,364,452.9330322253299,0.7849112493691941,confirmed,0.1201874555196194,3,3,none,0
xrYvmrObkfM,UCfa9hkgsTHfK8bpDoiQZI5g,time,0.5,0.7390,28,2442.59,2360,3230.838445366214,0.7560226707072376,early,,14,14,none,0
xrYvmrObkfM,UCfa9hkgsTHfK8bpDoiQZI5g,time,1,0.7390,28,2442.59,2360,3230.838445366214,0.7560226707072376,early,,14,14,none,0
xrYvmrObkfM,UCfa9hkgsTHfK8bpDoiQZI5g,time,2,2.7390,28,2407.23,2360,2760.053674928367,0.8721693005384824,early,0.6184127672511006,15,15,none,0
xrYvmrObkfM,UCfa9hkgsTHfK8bpDoiQZI5g,time,3,2.7390,28,2407.23,2360,2760.053674928367,0.8721693005384824,early,0.6184127672511006,15,15,none,0
xrYvmrObkfM,UCfa9hkgsTHfK8bpDoiQZI5g,time,5,4.7390,28,2364.10,2360,2728.1533999079647,0.8665567299050152,likely,0.5162301697138579,15,15,none,0
xrYvmrObkfM,UCfa9hkgsTHfK8bpDoiQZI5g,time,7,6.7390,28,2620.10,2360,2707.155329381627,0.9678416063425511,likely,0.48788538264236414,15,15,none,0
xrYvmrObkfM,UCfa9hkgsTHfK8bpDoiQZI5g,time,14,13.7390,28,2577.37,2360,2646.000000000001,0.9740619809584954,confirmed,0.41427779188054453,15,11,none,0
pwDJiJn0sSY,UC0yHbz4OxdQFwmVX2BBQqLg,time,14,12.6040,27,176956.21,172553,28681.398159954933,6.169720617974865,confirmed,0.01530758936787704,15,12,none,0
7ihpMAE7xac,UCUpbDOT-OVNBlaQpb9pbd2w,time,5,5.7579,29,109458.86,102919,19674.4858201849,5.563492539793243,likely,,15,15,none,0
7ihpMAE7xac,UCUpbDOT-OVNBlaQpb9pbd2w,time,7,6.7579,29,89970.30,102919,19254.992918114083,4.672569724271436,likely,0.11838971132928863,15,15,none,0
7ihpMAE7xac,UCUpbDOT-OVNBlaQpb9pbd2w,time,14,13.7579,29,96879.77,102919,17538.285996052866,5.523901796702737,confirmed,0.1310724462238176,15,15,none,0
132hnBjpudo,UCsLt8oYvDYGpSHcGhRBBkyw,time,14,14.1615,29,2912.58,2407,3056.847986196067,0.9528061058912295,confirmed,1.1271755370610022,15,15,none,0
wUtSgoZ7_w8,UCD4NnnbISbr4dvmmzQxC2bA,time,5,6.8319,29,23663.52,22495,,,insufficient,,0,0,none,0
wUtSgoZ7_w8,UCD4NnnbISbr4dvmmzQxC2bA,time,7,6.8319,29,23663.52,22495,,,insufficient,,0,0,none,0
wUtSgoZ7_w8,UCD4NnnbISbr4dvmmzQxC2bA,time,14,13.8319,29,22722.13,22495,,,insufficient,0.1668583869251947,0,0,none,0
zvfAco36cWc,UCmGyCEbHfY91NFwHgioNLMQ,time,7,8.9686,29,37649.95,31775,73020.84142895878,0.5156055049914149,confirmed,,15,15,none,0
zvfAco36cWc,UCmGyCEbHfY91NFwHgioNLMQ,time,14,13.9686,29,31855.55,31775,71001.09743495502,0.4486627770785938,confirmed,0.07363492194886549,15,15,none,0
xN7KiItharc,UC2OjGgjNiqyLr_1qkqAwsUQ,time,14,13.6661,28,3261.62,3245,10276.863128160907,0.3173748639680746,confirmed,0.06732929595310982,15,12,none,0
OcVAkuk8dfU,UCbAlVnKhbGLK78GsSemQXxw,heldout,5,6.6040,29,31333.21,27537,,,insufficient,,1,1,none,0
OcVAkuk8dfU,UCbAlVnKhbGLK78GsSemQXxw,time,5,6.6040,29,31333.21,27537,,,insufficient,,1,1,none,0
OcVAkuk8dfU,UCbAlVnKhbGLK78GsSemQXxw,heldout,7,6.6040,29,31333.21,27537,,,insufficient,,1,1,none,0
OcVAkuk8dfU,UCbAlVnKhbGLK78GsSemQXxw,time,7,6.6040,29,31333.21,27537,,,insufficient,,1,1,none,0
OcVAkuk8dfU,UCbAlVnKhbGLK78GsSemQXxw,heldout,14,13.6040,29,27009.63,27537,,,insufficient,0.07442059918068701,1,1,none,0
OcVAkuk8dfU,UCbAlVnKhbGLK78GsSemQXxw,time,14,13.6040,29,27009.63,27537,,,insufficient,0.07442059918068701,1,1,none,0
krH4kdFuZG0,UCnwlWgbcxwpsnB7LtOL1kPg,time,14,14.0824,29,14686.52,13332,7316.114786818903,2.007421325147198,confirmed,,15,15,none,0
9XW4OEaq-4E,UCll3zdukvI1oWlG-F13UCZw,time,1,1.0375,29,4475.04,2491,4460.849695955762,1.003181288764644,early,2.041380526829588,14,14,none,0
9XW4OEaq-4E,UCll3zdukvI1oWlG-F13UCZw,time,2,2.0375,29,4714.06,2491,4460.979028947516,1.0567319255542476,early,1.3105950112683802,15,15,none,0
9XW4OEaq-4E,UCll3zdukvI1oWlG-F13UCZw,time,3,3.0375,29,4281.59,2491,4481.391472947197,0.9554150871486838,likely,1.0661297834228605,15,15,none,0
9XW4OEaq-4E,UCll3zdukvI1oWlG-F13UCZw,time,5,5.0375,29,3856.36,2491,4504.338880722096,0.8561443333808508,likely,0.8412586262517099,15,15,none,0
9XW4OEaq-4E,UCll3zdukvI1oWlG-F13UCZw,time,7,7.0375,29,3502.27,2491,4556.336312834804,0.7686588316720526,confirmed,0.7413143046500147,15,15,none,0
9XW4OEaq-4E,UCll3zdukvI1oWlG-F13UCZw,time,14,14.0375,29,2853.19,2491,4607.945571146881,0.6191902260921405,confirmed,0.6001893259172645,15,14,none,0
PPaeqm6WnNU,UCeYUHG6o0YguM-g23htdsSw,time,1,1.9995,27,719.56,730,785.6557986775231,0.9158732655945271,early,,13,12,none,0
PPaeqm6WnNU,UCeYUHG6o0YguM-g23htdsSw,time,2,1.9995,27,719.56,730,785.6557986775231,0.9158732655945271,early,,13,12,none,0
PPaeqm6WnNU,UCeYUHG6o0YguM-g23htdsSw,time,3,2.9995,27,507.45,730,773.4840890158173,0.6560637789970158,early,0.2016625382576528,15,12,none,0
PPaeqm6WnNU,UCeYUHG6o0YguM-g23htdsSw,time,5,4.9995,27,711.73,730,758.5378349438047,0.9382883256278801,likely,0.4140462154560346,15,11,none,0
PPaeqm6WnNU,UCeYUHG6o0YguM-g23htdsSw,time,7,6.9995,27,701.53,730,748.6732328364897,0.9370335492976544,likely,0.36914970201461467,15,10,none,0
PPaeqm6WnNU,UCeYUHG6o0YguM-g23htdsSw,time,14,14.9995,27,714.00,730,741.0192229613765,0.9635386442266314,confirmed,0.30170705163439826,15,6,none,0
YVdQjqUXuDc,UCOT2iLov0V7Re7ku_3UBtcQ,time,2,2.5194,28,1491079.67,1156747,428025.88117366505,3.4836203402200066,early,,15,9,none,0
YVdQjqUXuDc,UCOT2iLov0V7Re7ku_3UBtcQ,time,3,2.5194,28,1491079.67,1156747,428025.88117366505,3.4836203402200066,early,,15,9,none,0
YVdQjqUXuDc,UCOT2iLov0V7Re7ku_3UBtcQ,time,5,4.5194,28,1117222.04,1156747,425789.32370746933,2.6238845667024937,likely,0.0903229577890468,15,9,none,0
YVdQjqUXuDc,UCOT2iLov0V7Re7ku_3UBtcQ,time,7,6.5194,28,1044715.29,1156747,424627.0000000001,2.46031289814675,likely,0.1162224306001673,15,8,none,0
YVdQjqUXuDc,UCOT2iLov0V7Re7ku_3UBtcQ,time,14,13.5194,28,1152825.06,1156747,424627.0000000001,2.7149122772461287,confirmed,0.11427293932502117,15,6,none,0
0TLvesx0Q68,UCEuQ7YIThAps6wERHfsY7fQ,heldout,14,14.9688,30,19862.77,20855,12270.207954977734,1.6187801051154351,confirmed,,10,8,none,0
DAOMt3ClIJg,UCw33382AK54Vd90P56EISig,time,7,8.7348,27,1125.16,994,2122.039906143784,0.5302239533170138,confirmed,,9,9,none,0
DAOMt3ClIJg,UCw33382AK54Vd90P56EISig,time,14,12.7348,27,1016.83,994,2124.999999999999,0.4785060279957928,confirmed,0.13337124859673144,15,12,none,0
K0nTFGpeByY,UC2cC48A261pBVKztLyzOAnA,time,0.5,0.5937,29,43496.36,24298,30353.999999999978,1.4329696787219226,early,,15,10,none,0
K0nTFGpeByY,UC2cC48A261pBVKztLyzOAnA,time,1,0.5937,29,43496.36,24298,30353.999999999978,1.4329696787219226,early,,15,10,none,0
K0nTFGpeByY,UC2cC48A261pBVKztLyzOAnA,time,2,1.5937,29,30824.07,24298,30353.999999999978,1.0154863739373867,early,0.5445240036442363,15,10,none,0
K0nTFGpeByY,UC2cC48A261pBVKztLyzOAnA,time,3,3.5937,29,27684.34,24298,30353.999999999978,0.9120491549933424,likely,0.3483447286047281,15,10,none,0
K0nTFGpeByY,UC2cC48A261pBVKztLyzOAnA,time,5,4.5937,29,26096.41,24298,30353.999999999978,0.8597355302965679,likely,0.3134381286694089,15,10,none,0
K0nTFGpeByY,UC2cC48A261pBVKztLyzOAnA,time,7,6.5937,29,24391.09,24298,30353.999999999978,0.8035543555434728,likely,0.27287356939284263,15,9,none,0
K0nTFGpeByY,UC2cC48A261pBVKztLyzOAnA,time,14,13.5937,29,24684.99,24298,31320.873267796655,0.7881323229487025,confirmed,0.2219130821047692,15,7,none,0
wt_l1417xbI,UCPAt6z5uX_c5Eo_cSNROzYw,time,7,7.9384,27,6330.58,6363,4125.140613763925,1.5346332358612753,confirmed,,15,15,none,0
wt_l1417xbI,UCPAt6z5uX_c5Eo_cSNROzYw,time,14,12.9384,27,5358.52,6363,3835.1841945936994,1.3972002010762374,confirmed,0.06831056380865931,15,15,none,0
C-JhnSwk_Dw,UCMekTeLUP4PllG4z53Qny2Q,heldout,5,4.6665,28,802.24,803,778.5288501654977,1.030450007115549,likely,,15,15,none,0
C-JhnSwk_Dw,UCMekTeLUP4PllG4z53Qny2Q,time,5,4.6665,28,802.24,803,778.5288501654977,1.030450007115549,likely,,15,15,none,0
C-JhnSwk_Dw,UCMekTeLUP4PllG4z53Qny2Q,heldout,7,6.6665,28,783.98,803,779.164688858732,1.006181599789434,likely,0.31019607944215016,15,15,none,0
C-JhnSwk_Dw,UCMekTeLUP4PllG4z53Qny2Q,time,7,6.6665,28,783.98,803,779.164688858732,1.006181599789434,likely,0.31019607944215016,15,15,none,0
C-JhnSwk_Dw,UCMekTeLUP4PllG4z53Qny2Q,heldout,14,12.6665,28,822.56,803,759.1816654162891,1.0834766615135853,confirmed,0.24960811298982033,15,11,none,0
C-JhnSwk_Dw,UCMekTeLUP4PllG4z53Qny2Q,time,14,12.6665,28,822.56,803,759.1816654162891,1.0834766615135853,confirmed,0.24960811298982033,15,11,none,0
SOBysPS6nJQ,UCg2EPgrZtxyZPdaprLgSqpQ,time,5,6.4419,28,94.39,79,,,insufficient,,0,0,none,0
SOBysPS6nJQ,UCg2EPgrZtxyZPdaprLgSqpQ,time,7,7.4419,28,82.46,79,,,insufficient,0,0,0,none,0
SOBysPS6nJQ,UCg2EPgrZtxyZPdaprLgSqpQ,time,14,14.4419,28,79.58,79,,,insufficient,0.036053035994912906,0,0,none,0
SzKo1wE0KeQ,UCl0dAq1S5Pv3cw53nFo_aWg,time,1,1.0310,27,4559.07,40641,,,insufficient,1.540991964137415,5,4,none,0
SzKo1wE0KeQ,UCl0dAq1S5Pv3cw53nFo_aWg,time,2,2.0310,27,6866.18,40641,,,insufficient,1.328279553282693,5,4,none,0
SzKo1wE0KeQ,UCl0dAq1S5Pv3cw53nFo_aWg,time,3,3.0310,27,7829.25,40641,,,insufficient,1.2472835968358955,5,4,none,0
SzKo1wE0KeQ,UCl0dAq1S5Pv3cw53nFo_aWg,time,5,5.0310,27,22668.26,40641,,,insufficient,1.642499294865835,5,4,none,0
SzKo1wE0KeQ,UCl0dAq1S5Pv3cw53nFo_aWg,time,7,7.0310,27,33051.02,40641,,,insufficient,1.6615398578027851,5,4,none,0
SzKo1wE0KeQ,UCl0dAq1S5Pv3cw53nFo_aWg,time,14,15.0310,27,39519.19,40641,,,insufficient,1.3730649239352364,5,4,none,0
7MfQaWYIT04,UCBhPkAuGks2UkizNMbtW6uw,time,5,5.3381,27,93.53,92,,,insufficient,0,2,2,none,0
7MfQaWYIT04,UCBhPkAuGks2UkizNMbtW6uw,time,7,7.3381,27,89.06,92,,,insufficient,-0.027513404528620566,2,2,none,0
7MfQaWYIT04,UCBhPkAuGks2UkizNMbtW6uw,time,14,15.3381,27,88.88,92,,,insufficient,0.042576966160196475,2,2,none,0
JPNjd7ZJvo8,UC_7aK9PpYTqt08ERh1MewlQ,time,1,0.9578,27,24456.67,20242,24380.870307098652,1.0031091857136587,early,,15,9,none,0
JPNjd7ZJvo8,UC_7aK9PpYTqt08ERh1MewlQ,time,2,1.9578,27,25810.28,20242,24623.999999999993,1.0481758036697781,early,0.7361955369140988,15,8,none,0
JPNjd7ZJvo8,UC_7aK9PpYTqt08ERh1MewlQ,time,3,3.9578,27,26386.69,20242,24623.999999999993,1.0715843449122466,likely,0.5472846650400811,15,8,none,0
JPNjd7ZJvo8,UC_7aK9PpYTqt08ERh1MewlQ,time,5,4.9578,27,23696.08,20242,24623.999999999993,0.9623164341612254,likely,0.4998100743484063,15,8,none,0
JPNjd7ZJvo8,UC_7aK9PpYTqt08ERh1MewlQ,time,7,6.9578,27,23497.15,20242,24623.999999999993,0.9542375390459519,likely,0.42689957446621224,15,8,none,0
JPNjd7ZJvo8,UC_7aK9PpYTqt08ERh1MewlQ,time,14,14.9578,27,20882.91,20242,24623.999999999993,0.8480715169975187,confirmed,0.3142093427336207,15,7,none,0
QSd5MPr_NTU,UCjtWf6u79u_FisPyhqlGeNQ,time,1,1.4806,28,139.24,128,204.90370983568977,0.6795622999922719,early,,15,14,none,0
QSd5MPr_NTU,UCjtWf6u79u_FisPyhqlGeNQ,time,2,2.4806,28,121.06,128,204.83059983895075,0.5910007878058252,early,0.5552089159203923,15,14,none,0
QSd5MPr_NTU,UCjtWf6u79u_FisPyhqlGeNQ,time,3,3.4806,28,151.34,128,205.8217072340068,0.7353097356150827,likely,0.6662135983937032,15,14,none,0
QSd5MPr_NTU,UCjtWf6u79u_FisPyhqlGeNQ,time,5,5.4806,28,129.03,128,204.83887484257866,0.6298929713773438,likely,0.4916683144037732,15,13,none,0
QSd5MPr_NTU,UCjtWf6u79u_FisPyhqlGeNQ,time,7,7.4806,28,144.34,128,203.99862453478318,0.7075491713748786,confirmed,0.4828156690438032,15,12,none,0
QSd5MPr_NTU,UCjtWf6u79u_FisPyhqlGeNQ,time,14,13.4806,28,135.63,128,206.00000000000003,0.6583902796097958,confirmed,0.3928709566308545,15,10,none,0
LzG_-tL2Fg0,UCV50reu_f_tl3ZfKqCgPRsA,time,5,6.1548,27,451.82,757,329.57529166812594,1.370929667802108,likely,,13,13,none,0
LzG_-tL2Fg0,UCV50reu_f_tl3ZfKqCgPRsA,time,7,7.1548,27,452.48,757,330.84324615471144,1.3676657036135529,confirmed,0.31289296303347086,13,13,none,0
LzG_-tL2Fg0,UCV50reu_f_tl3ZfKqCgPRsA,time,14,15.1548,27,688.89,757,327.47808367854975,2.1036195446992094,confirmed,0.5103285837710111,15,15,none,0
-9pjnS_1Kuw,UC3z8YEKBEjSPRb6L2RJPWUg,time,5,5.9167,27,5002.41,5046,,,insufficient,,0,0,none,0
-9pjnS_1Kuw,UC3z8YEKBEjSPRb6L2RJPWUg,time,7,6.9167,27,4163.88,5046,,,insufficient,0.2142622114736811,0,0,none,0
-9pjnS_1Kuw,UC3z8YEKBEjSPRb6L2RJPWUg,time,14,12.9167,27,4830.14,5046,,,insufficient,0.22840211589962997,0,0,none,0
--He8I3JOwU,UCaYGMFDjbnjrowLyhYir_jw,time,14,13.1823,27,3049.61,2995,2737.177981162679,1.1141441950362176,confirmed,0.2794634191808729,15,14,none,0
zcwbmpmvYVk,UCcvjK35lDPZTlkIrrwxpepg,time,1,0.9518,27,36506.15,63719,63436.193073653856,0.5754783362745826,early,,15,11,none,0
zcwbmpmvYVk,UCcvjK35lDPZTlkIrrwxpepg,time,2,1.9518,27,41205.37,63719,63851.997211332906,0.6453262169290584,early,0.694046791327494,15,11,none,0
zcwbmpmvYVk,UCcvjK35lDPZTlkIrrwxpepg,time,3,2.9518,27,51866.73,63719,63851.997211332906,0.8122961345886495,early,0.5857355328960173,15,10,none,0
zcwbmpmvYVk,UCcvjK35lDPZTlkIrrwxpepg,time,5,4.9518,27,57889.95,63719,64116.9485215933,0.9028806100052429,likely,0.6628646151432496,15,10,none,0
zcwbmpmvYVk,UCcvjK35lDPZTlkIrrwxpepg,time,7,6.9518,27,77034.00,63719,64116.9485215933,1.2014607416517047,likely,0.6624365288338419,15,10,none,0
zcwbmpmvYVk,UCcvjK35lDPZTlkIrrwxpepg,time,14,14.9518,27,81763.93,63719,64651.7477152664,1.2646824474326912,confirmed,0.6251958188147273,15,9,none,0
aCqm6Cwp6Ac,UCxmSA11SbI_3yBcHu6pKi_Q,time,14,12.8743,28,20599.15,38381,20527.538861818703,1.0034884176455527,confirmed,0.43612813157743663,15,12,none,0
yGv62b2BvDI,UCu28JGd1UDoQRlZZtG5Qrcw,time,14,13.7083,28,100093.99,94214,152797.2847108867,0.6550770304188926,confirmed,,15,14,none,0
OE5ZOvrWxxs,UCJS9pqu9BzkAMNTmzNMNhvg,time,14,13.5085,27,708.12,739,2486.999999999999,0.28472783056340645,confirmed,,15,11,none,0
b4m2MNXJzRk,UCmGyCEbHfY91NFwHgioNLMQ,time,5,6.9564,27,45123.30,41046,51160.19268693981,0.8820002354429427,likely,,15,15,none,0
b4m2MNXJzRk,UCmGyCEbHfY91NFwHgioNLMQ,time,7,6.9564,27,45123.30,41046,51160.19268693981,0.8820002354429427,likely,,15,15,none,0
b4m2MNXJzRk,UCmGyCEbHfY91NFwHgioNLMQ,time,14,14.9564,27,39178.69,41046,49164.04876700495,0.7968971053129751,confirmed,0.08016798801057104,15,15,none,0
bB_0_F7fLJw,UChFahjDeMBV67DSXiF5pwBA,time,14,13.7912,29,49071.97,50330,44987.03065137884,1.0908024969770533,confirmed,0.5907593535762363,15,14,none,0
LEd_b2vTbAM,UChpleBmo18P08aKCIgti38g,heldout,0.5,0.5018,28,198199.23,112331,95247.04817992571,2.080896268158765,early,,15,10,none,0
LEd_b2vTbAM,UChpleBmo18P08aKCIgti38g,time,0.5,0.5018,28,198199.23,112331,95247.04817992571,2.080896268158765,early,,15,10,none,0
LEd_b2vTbAM,UChpleBmo18P08aKCIgti38g,heldout,1,0.5018,28,198199.23,112331,95247.04817992571,2.080896268158765,early,,15,10,none,0
LEd_b2vTbAM,UChpleBmo18P08aKCIgti38g,time,1,0.5018,28,198199.23,112331,95247.04817992571,2.080896268158765,early,,15,10,none,0
LEd_b2vTbAM,UChpleBmo18P08aKCIgti38g,heldout,2,1.5018,28,203025.57,112331,95247.04817992571,2.131568109288754,early,0.9170470144256605,15,10,none,0
LEd_b2vTbAM,UChpleBmo18P08aKCIgti38g,time,2,1.5018,28,203025.57,112331,95247.04817992571,2.131568109288754,early,0.9170470144256605,15,10,none,0
LEd_b2vTbAM,UChpleBmo18P08aKCIgti38g,heldout,3,2.5018,28,169300.10,112331,95927.93779559188,1.764867553001478,early,0.6038803291594689,15,10,none,0
LEd_b2vTbAM,UChpleBmo18P08aKCIgti38g,time,3,2.5018,28,169300.10,112331,95927.93779559188,1.764867553001478,early,0.6038803291594689,15,10,none,0
LEd_b2vTbAM,UChpleBmo18P08aKCIgti38g,heldout,5,4.5018,28,156022.17,112331,96012.00000000003,1.625027766113577,likely,0.41235930922845965,15,9,none,0
LEd_b2vTbAM,UChpleBmo18P08aKCIgti38g,time,5,4.5018,28,156022.17,112331,96012.00000000003,1.625027766113577,likely,0.41235930922845965,15,9,none,0
LEd_b2vTbAM,UChpleBmo18P08aKCIgti38g,heldout,7,6.5018,28,127752.00,112331,96012.00000000003,1.3305837156565725,likely,0.34235397593565775,15,8,none,0
LEd_b2vTbAM,UChpleBmo18P08aKCIgti38g,time,7,6.5018,28,127752.00,112331,96012.00000000003,1.3305837156565725,likely,0.34235397593565775,15,8,none,0
LEd_b2vTbAM,UChpleBmo18P08aKCIgti38g,heldout,14,13.5018,28,119972.48,112331,96012.00000000003,1.2495571117273747,confirmed,0.25311227459627683,15,6,none,0
LEd_b2vTbAM,UChpleBmo18P08aKCIgti38g,time,14,13.5018,28,119972.48,112331,96012.00000000003,1.2495571117273747,confirmed,0.25311227459627683,15,6,none,0
z-8dW0G5qJs,UCZG-C5esGZyVfxO2qXa1Zmw,heldout,1,0.9815,31,96424.65,58558,51206.88388952516,1.8830407371695383,early,,15,14,none,0
z-8dW0G5qJs,UCZG-C5esGZyVfxO2qXa1Zmw,heldout,2,2.9815,31,70379.48,58558,46236.4129706234,1.5221655905422504,early,0.32126624475347343,15,12,none,0
z-8dW0G5qJs,UCZG-C5esGZyVfxO2qXa1Zmw,heldout,3,2.9815,31,70379.48,58558,46236.4129706234,1.5221655905422504,early,0.32126624475347343,15,12,none,0
z-8dW0G5qJs,UCZG-C5esGZyVfxO2qXa1Zmw,heldout,5,4.9815,31,70189.24,58558,45558.60784054169,1.5406361932254058,likely,0.27635698331448244,15,12,none,0
z-8dW0G5qJs,UCZG-C5esGZyVfxO2qXa1Zmw,heldout,7,6.9815,31,62391.16,58558,46790.92251107127,1.3334030172884166,likely,0.23960035947712854,15,10,none,0
z-8dW0G5qJs,UCZG-C5esGZyVfxO2qXa1Zmw,heldout,14,13.9815,31,59026.90,58558,47477.00000000003,1.2432735698604105,confirmed,0.1783592835138403,15,8,none,0
MW2vQA-hAkw,UCT6fVez_0DmaZ_WDaRhUw2A,heldout,14,13.6665,30,22217.62,26565,36372.932461070166,0.6108284349077276,confirmed,,15,15,none,0
4Nne92IjZ6M,UCNRMF4aKRFUCdzvJVBEMFdQ,time,7,8.4272,29,1950.77,1563,1467.9156501854095,1.3289418218225204,confirmed,,15,15,none,0
4Nne92IjZ6M,UCNRMF4aKRFUCdzvJVBEMFdQ,time,14,14.4272,29,1609.11,1563,1400.362931254402,1.1490637185038655,confirmed,0.009148546485747205,15,15,none,0
50YZV2_mXGo,UCPq1_RaAg4lKCMwBktZniOw,time,5,5.0313,29,3137.66,4295,4227.542586851231,0.7421936877590137,likely,0.09505610195579457,15,14,none,0
50YZV2_mXGo,UCPq1_RaAg4lKCMwBktZniOw,time,7,6.0313,29,3185.30,4295,4229.636470404274,0.7530919023919088,likely,0.20598857751395172,15,14,none,0
50YZV2_mXGo,UCPq1_RaAg4lKCMwBktZniOw,time,14,14.0313,29,4090.40,4295,4348.884177624042,0.9405620956597076,confirmed,0.2753532656162744,15,13,none,0
PAYHOr73Zr4,UC5_SBQbLA9Kg7Jh5GpXoP3g,time,1,0.8328,28,10.62,43,728.7522972774998,0.01457277595773592,early,,7,6,none,0
PAYHOr73Zr4,UC5_SBQbLA9Kg7Jh5GpXoP3g,time,2,2.8328,28,19.26,43,344.00049722288435,0.055981087252984715,early,1.099173416979131,15,13,none,0
PAYHOr73Zr4,UC5_SBQbLA9Kg7Jh5GpXoP3g,time,3,2.8328,28,19.26,43,344.00049722288435,0.055981087252984715,early,1.099173416979131,15,13,none,0
PAYHOr73Zr4,UC5_SBQbLA9Kg7Jh5GpXoP3g,time,5,4.8328,28,20.51,43,318.6950042274358,0.06436428341917057,likely,0.8738254748746151,15,12,none,0
PAYHOr73Zr4,UC5_SBQbLA9Kg7Jh5GpXoP3g,time,7,6.8328,28,22.87,43,317.6568211552343,0.07199369492424164,likely,0.8624908842099287,15,12,none,0
PAYHOr73Zr4,UC5_SBQbLA9Kg7Jh5GpXoP3g,time,14,12.8328,28,35.18,43,288.01458497212354,0.12214262189059648,confirmed,0.8864745909061443,15,12,none,0
KqKvhLW9hAs,UCSJeAFuGa9hxO821P7rylFg,heldout,14,13.9270,29,9784.00,9747,3235.8643863352995,3.0236119339356686,confirmed,,15,15,none,0
5xI9vz_RFMU,UCnwAlhoB5rVhh6y5P96RXAw,time,1,0.9582,27,32374.42,73201,60727.77899970775,0.533107335401692,early,,15,15,none,0
5xI9vz_RFMU,UCnwAlhoB5rVhh6y5P96RXAw,time,2,1.9582,27,31111.15,73201,64414.50615610536,0.48298354897877355,early,0.6986637364237717,15,15,none,0
5xI9vz_RFMU,UCnwAlhoB5rVhh6y5P96RXAw,time,3,2.9582,27,37749.45,73201,64414.50615610536,0.586039517947875,early,0.6595855500021032,15,15,none,0
5xI9vz_RFMU,UCnwAlhoB5rVhh6y5P96RXAw,time,5,5.9582,27,91754.62,73201,73934.58292352162,1.2410243177756937,likely,1.0209005824843713,15,13,none,0
5xI9vz_RFMU,UCnwAlhoB5rVhh6y5P96RXAw,time,7,6.9582,27,109582.62,73201,75686.41747980603,1.4478504960740868,likely,0.9432395618925354,15,13,none,0
5xI9vz_RFMU,UCnwAlhoB5rVhh6y5P96RXAw,time,14,14.9582,27,106554.45,73201,109867.99999999997,0.9698406330036988,confirmed,0.7617304596537494,15,8,none,0
0bwaO9dUfd0,UCYKuk74NJJUw0wkAPgov8mw,heldout,0.5,0.3924,30,2146.10,804,1223.4423773938436,1.7541478430725066,early,,4,4,none,0
0bwaO9dUfd0,UCYKuk74NJJUw0wkAPgov8mw,heldout,1,0.3924,30,2146.10,804,1223.4423773938436,1.7541478430725066,early,,4,4,none,0
0bwaO9dUfd0,UCYKuk74NJJUw0wkAPgov8mw,heldout,7,8.3924,30,833.43,804,1118.075987783162,0.7454189170333501,confirmed,0.18942423794148994,6,5,none,0
0bwaO9dUfd0,UCYKuk74NJJUw0wkAPgov8mw,heldout,14,14.3924,30,840.52,804,1108.0000000000002,0.7585920285843816,confirmed,0.16292287768124744,6,4,none,0
lTfkgBNNqN8,UCLBVA29QFjSo3c8NpGD89lw,time,5,4.7909,28,1586.79,2172,,,insufficient,,5,5,none,0
lTfkgBNNqN8,UCLBVA29QFjSo3c8NpGD89lw,time,7,6.7909,28,1656.78,2172,,,insufficient,0.3793199211944468,13,13,none,0
lTfkgBNNqN8,UCLBVA29QFjSo3c8NpGD89lw,time,14,13.7909,28,1891.78,2172,,,insufficient,0.348453892308343,13,13,none,0
rY7035hs9g0,UCat0LyGytYMwfZEPbO_rOrA,time,14,13.0462,28,727.56,714,2413.4410939452678,0.30146164283647486,confirmed,0.027802088364086364,15,15,none,0
mShn2vqGGEg,UCALhpooWFKJXRKWaU3vgSzA,heldout,14,13.4219,28,5001.56,5149,2713.717350346984,1.8430673364014687,confirmed,0.14889980967504307,15,11,none,0
mShn2vqGGEg,UCALhpooWFKJXRKWaU3vgSzA,time,14,13.4219,28,5001.56,5149,2713.717350346984,1.8430673364014687,confirmed,0.14889980967504307,15,11,none,0
cQwB_Kiv58M,UC1mTmeM4xNp6FjyLTr8kGww,time,14,14.5412,29,16255.38,16024,16033.336798401175,1.013849059346025,confirmed,0.04767162220908171,15,11,none,0
cBKAYlAVqXo,UChKlSK39lLg8eZHIX0iVzLA,heldout,14,13.7080,30,118763.27,128224,,,insufficient,,9,9,none,0
-PXFrev--9A,UCI8gcSTo1FowsRJdilsjsZw,time,0.5,0.7302,27,29709.29,108026,40327.29311038934,0.73670437383765,early,,12,12,none,0
-PXFrev--9A,UCI8gcSTo1FowsRJdilsjsZw,time,1,0.7302,27,29709.29,108026,40327.29311038934,0.73670437383765,early,,12,12,none,0
-PXFrev--9A,UCI8gcSTo1FowsRJdilsjsZw,time,2,2.7302,27,21526.82,108026,34826.34282553434,0.6181188367855057,early,0.4133214037301653,15,15,none,0
-PXFrev--9A,UCI8gcSTo1FowsRJdilsjsZw,time,3,2.7302,27,21526.82,108026,34826.34282553434,0.6181188367855057,early,0.4133214037301653,15,15,none,0
-PXFrev--9A,UCI8gcSTo1FowsRJdilsjsZw,time,5,4.7302,27,26657.17,108026,32806.545492769015,0.8125563337257694,likely,0.45144700655811887,15,15,none,0
-PXFrev--9A,UCI8gcSTo1FowsRJdilsjsZw,time,7,6.7302,27,31933.30,108026,31941.351395842164,0.9997478757111661,likely,0.48795467777474755,15,15,none,0
-PXFrev--9A,UCI8gcSTo1FowsRJdilsjsZw,time,14,12.7302,27,35232.98,108026,34228.32555820163,1.0293516651161687,confirmed,0.4782494752652352,15,15,none,0
QIOt6znpgTk,UC-ZEQgA6jc9SPIg7wq4QxTA,heldout,14,14.8338,30,48480.05,46205,24305.864293215476,1.994582392279109,confirmed,,15,15,none,0
C8olVyhCUlo,UCulsuEDrIn2sj18PiuV_mPg,time,1,0.9581,27,547.38,552,557.4786830432662,0.9818783566441601,early,,15,10,none,0
C8olVyhCUlo,UCulsuEDrIn2sj18PiuV_mPg,time,2,1.9581,27,425.11,552,556.0998129112222,0.7644457944336189,early,0.3917816232866048,15,10,none,0
C8olVyhCUlo,UCulsuEDrIn2sj18PiuV_mPg,time,3,2.9581,27,420.12,552,557.9999999999999,0.752898669162915,early,0.3899353069276913,15,9,none,0
C8olVyhCUlo,UCulsuEDrIn2sj18PiuV_mPg,time,5,4.9581,27,474.05,552,557.9999999999999,0.8495558467897524,likely,0.39281584094563854,15,9,none,0
C8olVyhCUlo,UCulsuEDrIn2sj18PiuV_mPg,time,7,6.9581,27,541.17,552,557.9999999999999,0.9698316020384731,likely,0.44242855894415556,15,9,none,0
C8olVyhCUlo,UCulsuEDrIn2sj18PiuV_mPg,time,14,12.9581,27,572.03,552,557.9999999999999,1.025146806817128,confirmed,0.38952082884985145,15,8,none,0
NfQDie3cBo4,UCuuq3lB_aWH9-bUubni59Rg,time,14,13.8745,29,752.05,717,459.3706748655653,1.6371329089168802,confirmed,0.2724422771149299,15,14,none,0
Irm4KHKNV8o,UCl69GToBX-RxXP4Dp9sQ7jw,time,14,13.9579,29,132768.49,127910,132971.59297729834,0.998472572135145,confirmed,0.20915564413119384,15,15,none,0
VkLUDVcd5DI,UCC6Xr08p6HfQXV-ZRNuajnQ,time,5,5.0497,27,163.17,621,,,insufficient,,0,0,none,0
VkLUDVcd5DI,UCC6Xr08p6HfQXV-ZRNuajnQ,time,7,7.0497,27,169.99,621,,,insufficient,0.3863347663526944,0,0,none,0
VkLUDVcd5DI,UCC6Xr08p6HfQXV-ZRNuajnQ,time,14,13.0497,27,255.80,621,,,insufficient,0.6180606812604726,0,0,none,0
2V82WCm22uA,UCmva4xZW0mDSkPbusltquyQ,time,1,1.0833,27,4156.56,4183,1799.2126105311775,2.310208957895375,early,0.6737904043026671,15,9,none,0
2V82WCm22uA,UCmva4xZW0mDSkPbusltquyQ,time,2,2.0833,27,2341.27,4183,1813.9744969493934,1.2906837173709684,early,0.479327962685824,15,9,none,0
2V82WCm22uA,UCmva4xZW0mDSkPbusltquyQ,time,3,3.0833,27,3515.45,4183,1812.1506792903883,1.939932244713525,likely,0.5900488356754204,15,9,none,0
2V82WCm22uA,UCmva4xZW0mDSkPbusltquyQ,time,5,5.0833,27,5740.36,4183,1860.0003552765797,3.086214620486611,likely,0.7243295720151728,15,8,none,0
2V82WCm22uA,UCmva4xZW0mDSkPbusltquyQ,time,7,7.0833,27,4386.37,4183,1882.264638241284,2.330370588918683,confirmed,0.6450973277123159,15,8,none,0
2V82WCm22uA,UCmva4xZW0mDSkPbusltquyQ,time,14,15.0833,27,4832.94,4183,1961.999999999999,2.4632708383668804,confirmed,0.5414175505417403,15,6,none,0
JYCkOIAVYCs,UCKU0u3VbuYn0wD3CUr-Yn6A,time,14,13.9579,30,14017.66,18180,6788.0685380623945,2.065044349132546,confirmed,0.33266442556561343,15,13,none,0
PFwcTjurk30,UCDEs0NoYs8QTTA6YLBrsqGg,heldout,1,1.7497,30,46569.62,182108,320679.3515043071,0.14522177088022298,early,,7,7,none,0
PFwcTjurk30,UCDEs0NoYs8QTTA6YLBrsqGg,heldout,2,1.7497,30,46569.62,182108,320679.3515043071,0.14522177088022298,early,,7,7,none,0
PFwcTjurk30,UCDEs0NoYs8QTTA6YLBrsqGg,heldout,3,2.7497,30,98630.61,182108,320679.3515043071,0.3075676911519513,early,1.983219205541785,7,7,none,0
PFwcTjurk30,UCDEs0NoYs8QTTA6YLBrsqGg,heldout,5,4.7497,30,145092.91,182108,321069.2740225708,0.45190529866724494,likely,1.5436661511599172,7,7,none,0
PFwcTjurk30,UCDEs0NoYs8QTTA6YLBrsqGg,heldout,7,6.7497,30,152232.68,182108,321069.2740225708,0.47414279953408084,likely,1.273097698947045,7,7,none,0
PFwcTjurk30,UCDEs0NoYs8QTTA6YLBrsqGg,heldout,14,13.7497,30,176154.31,182108,330018.7550530903,0.5337706092446508,confirmed,1.0237904512396665,7,7,none,0
2wUZfbPeuJQ,UClhLazRwMSdXeF-MBFUo4gg,time,14,13.7500,28,3271.20,3182,1895.0469294225486,1.7261827760746784,confirmed,0.2412009253554882,15,15,none,0
knMsCciLCpc,UCb4GVe1qSCpWJYxcCF_EmOA,heldout,1,1.8577,27,34378.20,26951,38558.26252044551,0.8915910476524186,early,,15,15,none,0
knMsCciLCpc,UCb4GVe1qSCpWJYxcCF_EmOA,time,1,1.8577,27,34378.20,26951,38558.26252044551,0.8915910476524186,early,,15,15,none,0
knMsCciLCpc,UCb4GVe1qSCpWJYxcCF_EmOA,heldout,2,1.8577,27,34378.20,26951,38558.26252044551,0.8915910476524186,early,,15,15,none,0
knMsCciLCpc,UCb4GVe1qSCpWJYxcCF_EmOA,time,2,1.8577,27,34378.20,26951,38558.26252044551,0.8915910476524186,early,,15,15,none,0
knMsCciLCpc,UCb4GVe1qSCpWJYxcCF_EmOA,heldout,3,2.8577,27,24820.51,26951,38665.173077028514,0.6419346512673356,early,0.27163806805045,15,15,none,0
knMsCciLCpc,UCb4GVe1qSCpWJYxcCF_EmOA,time,3,2.8577,27,24820.51,26951,38665.173077028514,0.6419346512673356,early,0.27163806805045,15,15,none,0
knMsCciLCpc,UCb4GVe1qSCpWJYxcCF_EmOA,heldout,5,4.8577,27,25187.93,26951,38846.05605421979,0.6484036683657057,likely,0.25473053620243746,15,15,none,0
knMsCciLCpc,UCb4GVe1qSCpWJYxcCF_EmOA,time,5,4.8577,27,25187.93,26951,38846.05605421979,0.6484036683657057,likely,0.25473053620243746,15,15,none,0
knMsCciLCpc,UCb4GVe1qSCpWJYxcCF_EmOA,heldout,7,7.8577,27,29041.18,26951,39208.4600936617,0.7406865525026,confirmed,0.23530873009257988,15,14,none,0
knMsCciLCpc,UCb4GVe1qSCpWJYxcCF_EmOA,time,7,7.8577,27,29041.18,26951,39208.4600936617,0.7406865525026,confirmed,0.23530873009257988,15,14,none,0
knMsCciLCpc,UCb4GVe1qSCpWJYxcCF_EmOA,heldout,14,15.8577,27,28245.15,26951,39668.26306037994,0.7120338857002685,confirmed,0.19499417709590927,15,14,none,0
knMsCciLCpc,UCb4GVe1qSCpWJYxcCF_EmOA,time,14,15.8577,27,28245.15,26951,39668.26306037994,0.7120338857002685,confirmed,0.19499417709590927,15,14,none,0
ia21rG1uDHU,UC1ZZZtwkaDu1SnZLBDkd1pA,heldout,2,2.5339,29,318.66,729,621.1051747013626,0.5130482153739659,early,,15,15,none,0
ia21rG1uDHU,UC1ZZZtwkaDu1SnZLBDkd1pA,time,2,2.5339,29,318.66,729,621.1051747013626,0.5130482153739659,early,,15,15,none,0
ia21rG1uDHU,UC1ZZZtwkaDu1SnZLBDkd1pA,heldout,3,2.5339,29,318.66,729,621.1051747013626,0.5130482153739659,early,,15,15,none,0
ia21rG1uDHU,UC1ZZZtwkaDu1SnZLBDkd1pA,time,3,2.5339,29,318.66,729,621.1051747013626,0.5130482153739659,early,,15,15,none,0
ia21rG1uDHU,UC1ZZZtwkaDu1SnZLBDkd1pA,heldout,5,4.5339,29,351.01,729,610.4645384612022,0.5749846827455471,likely,0.5130156895234638,15,15,none,0
ia21rG1uDHU,UC1ZZZtwkaDu1SnZLBDkd1pA,time,5,4.5339,29,351.01,729,610.4645384612022,0.5749846827455471,likely,0.5130156895234638,15,15,none,0
ia21rG1uDHU,UC1ZZZtwkaDu1SnZLBDkd1pA,heldout,7,6.5339,29,400.03,729,603.3813482524083,0.6629727448211022,likely,0.48878544832559057,15,15,none,0
ia21rG1uDHU,UC1ZZZtwkaDu1SnZLBDkd1pA,time,7,6.5339,29,400.03,729,603.3813482524083,0.6629727448211022,likely,0.48878544832559057,15,15,none,0
ia21rG1uDHU,UC1ZZZtwkaDu1SnZLBDkd1pA,heldout,14,13.5339,29,748.41,729,579.2150590055801,1.2921060921867733,confirmed,0.7626896354046917,15,15,none,0
ia21rG1uDHU,UC1ZZZtwkaDu1SnZLBDkd1pA,time,14,13.5339,29,748.41,729,579.2150590055801,1.2921060921867733,confirmed,0.7626896354046917,15,15,none,0
cgh4LUT8ZzE,UCrfKGpvbEQXcbe68dzXgJuA,time,14,12.9575,29,111924.35,117892,144271.9999999999,0.7757870217156433,confirmed,0.11071168376389114,15,11,none,0
-NNCca97v98,UCBJycsmduvYEL83R_U4JriQ,heldout,5,6.6774,31,2622745.83,2409319,3401574.526385154,0.7710387684328915,likely,,15,13,none,0
-NNCca97v98,UCBJycsmduvYEL83R_U4JriQ,heldout,7,6.6774,31,2622745.83,2409319,3401574.526385154,0.7710387684328915,likely,,15,13,none,0
jTdxmKB2EtM,UCiDJtJKMICpb9B1qf7qjEOA,time,1,0.9158,29,120550.02,108461,66312.68377868002,1.8179028475309191,early,,14,14,none,0
jTdxmKB2EtM,UCiDJtJKMICpb9B1qf7qjEOA,time,2,1.9158,29,107713.05,108461,83061.6448896445,1.296784461731078,early,0.5129646351100225,15,15,none,0
jTdxmKB2EtM,UCiDJtJKMICpb9B1qf7qjEOA,time,3,2.9158,29,94666.47,108461,81326.26333170962,1.1640331571579436,early,0.4159242223380188,15,15,none,0
jTdxmKB2EtM,UCiDJtJKMICpb9B1qf7qjEOA,time,5,4.9158,29,109182.84,108461,78582.46009908456,1.3894046617738756,likely,0.398526984215395,15,15,none,0
jTdxmKB2EtM,UCiDJtJKMICpb9B1qf7qjEOA,time,7,6.9158,29,107269.69,108461,77214.40709360049,1.3892444700182442,likely,0.3673498410866593,15,15,none,0
jTdxmKB2EtM,UCiDJtJKMICpb9B1qf7qjEOA,time,14,13.9158,29,108925.39,108461,78223.23888290033,1.3924939730598218,confirmed,0.3224933317900564,15,15,none,0
vMd0k2Kzy-M,UC0T6MVd3wQDB5ICAe45OxaQ,time,14,12.9368,28,5060.88,5204,9653.613665042374,0.5242474119598322,confirmed,0.10365174878870874,15,15,none,0
ngE3q-fnz1I,UC3w193M5tYPJqF0Hi-7U-2g,time,14,13.0822,28,183089.39,184295,285406.0295842959,0.6415049873940791,confirmed,0.18655655926307504,15,11,none,0
4PMVQt9hzn8,UCMrvLMUITAImCHMOhX88PYQ,time,1,0.8750,28,118197.26,127782,63414.00753143715,1.8638982724860331,early,,15,11,none,0
4PMVQt9hzn8,UCMrvLMUITAImCHMOhX88PYQ,time,2,1.8750,28,109748.50,127782,62908.7068292775,1.7445678049779807,early,0.5939544439875752,15,11,none,0
4PMVQt9hzn8,UCMrvLMUITAImCHMOhX88PYQ,time,3,2.8750,28,114890.42,127782,62455.195703874815,1.83956546734867,early,0.49447208706907547,15,11,none,0
4PMVQt9hzn8,UCMrvLMUITAImCHMOhX88PYQ,time,5,4.8750,28,107616.48,127782,61764,1.7423819961981808,likely,0.39803744562631344,15,11,none,0
4PMVQt9hzn8,UCMrvLMUITAImCHMOhX88PYQ,time,7,6.8750,28,111936.84,127782,61903.4449919982,1.8082489879641583,likely,0.4065752811758106,15,11,none,0
4PMVQt9hzn8,UCMrvLMUITAImCHMOhX88PYQ,time,14,12.8750,28,127575.65,127782,61828.078931538555,2.0633933855236264,confirmed,0.3713488365440743,15,9,none,0
GRKkObhgG0s,UCGyDjbX9F9ARt_8sgv5kGDg,time,2,2.7395,28,8618.00,7960,11885.739978456846,0.7250709315507201,early,,15,14,none,0
GRKkObhgG0s,UCGyDjbX9F9ARt_8sgv5kGDg,time,3,2.7395,28,8618.00,7960,11885.739978456846,0.7250709315507201,early,,15,14,none,0
GRKkObhgG0s,UCGyDjbX9F9ARt_8sgv5kGDg,time,5,4.7395,28,7874.64,7960,11843.1896231517,0.6649086385744862,likely,0.2747340865297837,15,14,none,0
GRKkObhgG0s,UCGyDjbX9F9ARt_8sgv5kGDg,time,7,6.7395,28,8133.80,7960,11750.381873839604,0.6922161984699023,likely,0.2921307111196857,15,14,none,0
GRKkObhgG0s,UCGyDjbX9F9ARt_8sgv5kGDg,time,14,12.7395,28,8306.13,7960,11658.999999999993,0.712422423876587,confirmed,0.23929932630574424,15,12,none,0
NPX47g74DuI,UC1cbIkRS5-QfXfgKij2n11Q,time,14,13.7913,29,215.99,226,446.4164986251145,0.4838404293867317,confirmed,0.1068224282031687,15,15,none,0
L-xgMQ-7lW0,UC4w1YQAJMWOz4qtxinq55LQ,time,1,0.8745,27,64160.66,56595,30751.63618649998,2.086414495502722,early,,15,11,none,0
L-xgMQ-7lW0,UC4w1YQAJMWOz4qtxinq55LQ,time,2,1.8745,27,58332.97,56595,30503.00896358379,1.9123676605002948,early,0.544559552849169,15,10,none,0
L-xgMQ-7lW0,UC4w1YQAJMWOz4qtxinq55LQ,time,3,2.8745,27,52504.88,56595,30471.97292251782,1.723054807345322,early,0.46628341637764364,15,10,none,0
L-xgMQ-7lW0,UC4w1YQAJMWOz4qtxinq55LQ,time,5,4.8745,27,59783.70,56595,30143.549048810077,1.983299873118235,likely,0.41821377668025717,15,10,none,0
L-xgMQ-7lW0,UC4w1YQAJMWOz4qtxinq55LQ,time,7,6.8745,27,58537.96,56595,30013.582115663747,1.9503821904027376,likely,0.3805297156359333,15,9,none,0
L-xgMQ-7lW0,UC4w1YQAJMWOz4qtxinq55LQ,time,14,12.8745,27,54233.34,56595,29405.938732012626,1.844299052409774,confirmed,0.3098280484860467,15,6,none,0
Vx_ytwoY3t0,UCeKKrZ5GnBXRwnKlrixiREQ,time,5,4.7612,27,44834.06,35730,,,insufficient,,2,2,none,0
Vx_ytwoY3t0,UCeKKrZ5GnBXRwnKlrixiREQ,time,7,6.7612,27,37551.85,35730,,,insufficient,0.11799478515740436,2,2,none,0
Vx_ytwoY3t0,UCeKKrZ5GnBXRwnKlrixiREQ,time,14,15.7612,27,36465.84,35730,,,insufficient,0.06345875068244211,2,2,none,0
tZFq9Qctf-8,UC5_SBQbLA9Kg7Jh5GpXoP3g,time,1,0.8320,28,103.54,192,,,insufficient,,1,1,none,0
tZFq9Qctf-8,UC5_SBQbLA9Kg7Jh5GpXoP3g,time,2,2.8320,28,246.07,192,116.84353498178271,2.105964483098694,early,1.465341656485472,15,15,none,0
tZFq9Qctf-8,UC5_SBQbLA9Kg7Jh5GpXoP3g,time,3,2.8320,28,246.07,192,116.84353498178271,2.105964483098694,early,1.465341656485472,15,15,none,0
tZFq9Qctf-8,UC5_SBQbLA9Kg7Jh5GpXoP3g,time,5,4.8320,28,261.07,192,101.65242419399627,2.5682530030076136,likely,1.1037600551771454,15,15,none,0
tZFq9Qctf-8,UC5_SBQbLA9Kg7Jh5GpXoP3g,time,7,6.8320,28,259.73,192,106.31027557836052,2.443129533273983,likely,0.967340924715741,15,15,none,0
tZFq9Qctf-8,UC5_SBQbLA9Kg7Jh5GpXoP3g,time,14,13.8320,28,216.54,192,134.38400559033946,1.6113840711242877,confirmed,0.7067674148782253,15,15,none,0
JSPKHozuELM,UCLKZ20yD2tNMBOkSDZo4FeQ,time,0.5,0.4997,27,6770.06,4882,4370.511527534241,1.5490314473082443,early,,13,13,none,0
JSPKHozuELM,UCLKZ20yD2tNMBOkSDZo4FeQ,time,1,1.4997,27,6393.26,4882,4354.040078355095,1.4683508858575198,early,0.4389774391908989,15,15,none,0
JSPKHozuELM,UCLKZ20yD2tNMBOkSDZo4FeQ,time,2,2.4997,27,4606.40,4882,4348.822532550444,1.0592283046477513,early,0.36689686833612545,15,15,none,0
JSPKHozuELM,UCLKZ20yD2tNMBOkSDZo4FeQ,time,3,3.4997,27,4266.99,4882,4297.374033910991,0.9929303202178903,likely,0.3267194019434756,15,15,none,0
JSPKHozuELM,UCLKZ20yD2tNMBOkSDZo4FeQ,time,5,5.4997,27,4406.71,4882,4287.382768324064,1.0278315487618939,likely,0.32393663794072797,15,14,none,0
JSPKHozuELM,UCLKZ20yD2tNMBOkSDZo4FeQ,time,7,7.4997,27,4767.81,4882,4239.545760454027,1.124604068522903,confirmed,0.31133894510483023,15,13,none,0
JSPKHozuELM,UCLKZ20yD2tNMBOkSDZo4FeQ,time,14,15.4997,27,4974.12,4882,4170.1041178929445,1.1928047247460685,confirmed,0.2904157000820808,15,9,none,0
ONaEai3s_Wk,UCaBqRxHEMomgFU-AkSfodCw,time,3,3.8749,27,83297.87,90090,141790.46228575954,0.587471568314586,likely,,15,14,none,0
ONaEai3s_Wk,UCaBqRxHEMomgFU-AkSfodCw,time,5,4.8749,27,79914.62,90090,141790.46228575954,0.5636106619221746,likely,0.49266884863717786,15,14,none,0
ONaEai3s_Wk,UCaBqRxHEMomgFU-AkSfodCw,time,7,7.8749,27,86159.03,90090,146687.39920947296,0.5873649146571449,confirmed,0.42841116179707583,15,14,none,0
ONaEai3s_Wk,UCaBqRxHEMomgFU-AkSfodCw,time,14,12.8749,27,89926.30,90090,154098.80165756558,0.5835626460592157,confirmed,0.3642972336237235,15,13,none,0
T0o7lz5w34o,UCGWNHkr2WZcRbxqoet-nyeg,time,14,12.7312,27,2088.89,1916,2824.75460027767,0.7394953988550022,confirmed,,15,15,none,0
uMZzus_nNvk,UCDdF3VYuCTZ9HuEnkGdPkCQ,time,5,5.7657,28,13720.94,14254,,,insufficient,,0,0,none,0
uMZzus_nNvk,UCDdF3VYuCTZ9HuEnkGdPkCQ,time,7,6.7657,28,20319.36,14254,,,insufficient,1.5175258964168286,0,0,none,0
uMZzus_nNvk,UCDdF3VYuCTZ9HuEnkGdPkCQ,time,14,13.7657,28,15673.26,14254,,,insufficient,0.36387537900952127,0,0,none,0
Mrl21JGKxg4,UCDr-9ViL8OpJsOXXrY1bbOw,time,14,12.8328,27,11997.27,11372,4549.535472043999,2.6370312331151964,confirmed,0.4826835460725906,15,14,none,0
c1NYw35eIjk,UCPjNBjflYl0-HQtUvOx0Ibw,time,7,7.7395,27,287253.43,269651,66264.87641494624,4.334927465082669,confirmed,,15,13,none,0
c1NYw35eIjk,UCPjNBjflYl0-HQtUvOx0Ibw,time,14,12.7395,27,266628.76,269651,66726.25015551539,3.9958600983270425,confirmed,0.1605553496434434,15,11,none,0
oeIcQIBkxig,UCPDis9pjXuqyI7RYLJ-TTSA,heldout,14,12.9571,29,1226139.17,1737993,1269107.2015651595,0.9661431069846463,confirmed,0.42886237516394254,15,13,none,0
oeIcQIBkxig,UCPDis9pjXuqyI7RYLJ-TTSA,time,14,12.9571,29,1226139.17,1737993,1269107.2015651595,0.9661431069846463,confirmed,0.42886237516394254,15,13,none,0
1SOp7omsRG8,UCiMwMz3RMbW5mbx0iDcRQ2g,time,14,13.7426,28,1100.64,1107,2027.2129687621732,0.5429331228077074,confirmed,0.09729439419790077,15,12,none,0
UknYGN61y98,UC1NVV2D3Jhv2ykmpTwooUwQ,time,5,6.8215,29,2746.19,2312,,,insufficient,,0,0,none,0
UknYGN61y98,UC1NVV2D3Jhv2ykmpTwooUwQ,time,7,6.8215,29,2746.19,2312,,,insufficient,,0,0,none,0
UknYGN61y98,UC1NVV2D3Jhv2ykmpTwooUwQ,time,14,13.8215,29,2361.47,2312,,,insufficient,0.07215915149947155,0,0,none,0
1pD7d-EsUwc,UCBXQM4wXOpzZPcjXMqecArA,heldout,1,0.9166,32,1858.20,4751,6098.755377059173,0.3046848444064084,early,,14,12,none,0
1pD7d-EsUwc,UCBXQM4wXOpzZPcjXMqecArA,heldout,2,1.9166,32,1722.44,4751,6692.659531807267,0.2573626162792946,early,0.6006117819155631,15,11,none,0
1pD7d-EsUwc,UCBXQM4wXOpzZPcjXMqecArA,heldout,3,2.9166,32,3325.13,4751,6752.523583076708,0.4924280626655689,early,0.9752988426035528,15,11,none,0
1pD7d-EsUwc,UCBXQM4wXOpzZPcjXMqecArA,heldout,5,4.9166,32,4003.68,4751,6848.046634618844,0.5846458136467394,likely,0.9051183700643737,15,11,none,0
1pD7d-EsUwc,UCBXQM4wXOpzZPcjXMqecArA,heldout,7,6.9166,32,4232.45,4751,7013.360565341962,0.6034841374026233,likely,0.8518207637927929,15,10,none,0
1pD7d-EsUwc,UCBXQM4wXOpzZPcjXMqecArA,heldout,14,13.9166,32,5351.76,4751,7591.999999999997,0.7049211854979384,confirmed,0.729358890724044,15,7,none,0
VcxzpuCa7Oc,UCGWNHkr2WZcRbxqoet-nyeg,time,14,14.4539,29,2610.84,2397,4051.092295944325,0.6444778481960781,confirmed,,15,15,none,0
qCpYiNuintI,UC_wSuaxwUYsJOBZDWwHIQZg,time,1,1.2152,28,54550.37,31659,59218.00000000002,0.9211787804371969,early,0.4437705499247436,15,8,none,0
qCpYiNuintI,UC_wSuaxwUYsJOBZDWwHIQZg,time,2,2.2152,28,39949.06,31659,59218.00000000002,0.6746101485276469,early,0.379625931797562,15,8,none,0
qCpYiNuintI,UC_wSuaxwUYsJOBZDWwHIQZg,time,3,3.2152,28,36736.47,31659,59218.00000000002,0.62035987142356,likely,0.32974934880041273,15,7,none,0
qCpYiNuintI,UC_wSuaxwUYsJOBZDWwHIQZg,time,5,5.2152,28,35713.39,31659,59218.00000000002,0.6030833143653239,likely,0.28536640919317746,15,7,none,0
qCpYiNuintI,UC_wSuaxwUYsJOBZDWwHIQZg,time,7,7.2152,28,34973.06,31659,59218.00000000002,0.5905816031657499,confirmed,0.26540227242704145,15,7,none,0
qCpYiNuintI,UC_wSuaxwUYsJOBZDWwHIQZg,time,14,13.2152,28,35366.92,31659,59218.00000000002,0.5972326581178641,confirmed,0.22268801645357342,15,6,none,0
bel9aSViPBc,UC2dSE9W3lGYbFi_CPmVtA-A,time,5,4.9536,30,13034.28,16780,,,insufficient,,14,14,none,0
bel9aSViPBc,UC2dSE9W3lGYbFi_CPmVtA-A,time,7,6.9536,30,13651.33,16780,,,insufficient,0.3992201328971587,15,15,none,0
bel9aSViPBc,UC2dSE9W3lGYbFi_CPmVtA-A,time,14,13.9536,30,16250.85,16780,,,insufficient,0.4034015365796074,15,15,none,0
FL1NY8tb71M,UCgDcCZDBaXtAQGSc-Chs0xw,time,5,5.8919,28,633.63,822,,,insufficient,,0,0,none,0
FL1NY8tb71M,UCgDcCZDBaXtAQGSc-Chs0xw,time,7,6.8919,28,833.10,822,,,insufficient,0.6659162814710936,0,0,none,0
FL1NY8tb71M,UCgDcCZDBaXtAQGSc-Chs0xw,time,14,12.8919,28,742.45,822,,,insufficient,0.44145128134242473,0,0,none,0
EkfrE8E1rkM,UCTQuKo8v0PaPCvk5aRxc_Yg,heldout,0.5,0.5750,30,13950.52,26202,8733.964405490586,1.5972726710654161,early,,14,12,none,0
EkfrE8E1rkM,UCTQuKo8v0PaPCvk5aRxc_Yg,heldout,1,0.5750,30,13950.52,26202,8733.964405490586,1.5972726710654161,early,,14,12,none,0
EkfrE8E1rkM,UCTQuKo8v0PaPCvk5aRxc_Yg,heldout,5,4.5750,30,22161.04,26202,7863.267046326758,2.81829939264515,likely,0.7887387622508011,15,13,none,0
EkfrE8E1rkM,UCTQuKo8v0PaPCvk5aRxc_Yg,heldout,7,6.5750,30,21626.18,26202,7940.305037454857,2.723595504348224,likely,0.7035340343566692,15,12,none,0
EkfrE8E1rkM,UCTQuKo8v0PaPCvk5aRxc_Yg,heldout,14,14.5750,30,23168.97,26202,9128.353162460478,2.53813229740391,confirmed,0.6234080664708519,15,11,none,0
qMXTd8DiwMU,UCPCPE5MoI7DS1WiVB_-mzNw,time,5,5.9031,27,3945.91,2952,5588.6067530527935,0.7060630474171685,likely,,15,15,none,0
qMXTd8DiwMU,UCPCPE5MoI7DS1WiVB_-mzNw,time,7,6.9031,27,3208.39,2952,5544.779846057347,0.578633408834934,likely,0.040642602826731045,15,15,none,0
qMXTd8DiwMU,UCPCPE5MoI7DS1WiVB_-mzNw,time,14,12.9031,27,3033.22,2952,5348.447877876177,0.5671219326993707,confirmed,0.016150067223440347,15,15,none,0
JbjefyhSta0,UC7r7A8qlvL8hoKJhfpbVb2w,time,14,13.9580,30,736.93,779,,,insufficient,,14,14,none,0
oBCjyy22-aw,UC6BW8DqrAmBEIeCtMa4bfBw,time,14,15.2758,27,16857.89,16427,3358.1654069748597,5.01997130711515,confirmed,0.01416273500810158,15,15,none,0
rRGF_9hoJ64,UCJ1RVDuSiJncq6VQYiqpzLA,time,14,14.9570,27,1055.17,1057,675.7296570327012,1.5615247339342455,confirmed,0.09009344262109582,15,15,none,0
WADuXiMZxq4,UCUHW94eEFW7hkUMVaZz4eDg,time,1,0.8594,29,639987.03,521608,653656.6028324397,0.9790875283996122,early,,11,9,none,0
WADuXiMZxq4,UCUHW94eEFW7hkUMVaZz4eDg,time,2,1.8594,29,524801.29,521608,656058.0560618662,0.7999311779329678,early,0.5350503867189569,11,9,none,0
WADuXiMZxq4,UCUHW94eEFW7hkUMVaZz4eDg,time,3,2.8594,29,452944.04,521608,658402.7169776461,0.687943751510129,early,0.40261199093355915,11,9,none,0
WADuXiMZxq4,UCUHW94eEFW7hkUMVaZz4eDg,time,5,4.8594,29,454108.48,521608,666064.2798522644,0.6817787617671105,likely,0.3314425792311118,11,9,none,0
WADuXiMZxq4,UCUHW94eEFW7hkUMVaZz4eDg,time,7,6.8594,29,465620.69,521608,668824.4137300829,0.6961777790506152,likely,0.32458237238776905,11,9,none,0
WADuXiMZxq4,UCUHW94eEFW7hkUMVaZz4eDg,time,14,13.8594,29,584062.95,521608,673881.0000000002,0.8667152722438759,confirmed,0.33516521616009187,11,8,none,0
B_LOi9tpdYc,UCPAt6z5uX_c5Eo_cSNROzYw,time,7,8.9165,28,2143.33,1855,4264.729725090203,0.5025722514813504,confirmed,,15,15,none,0
B_LOi9tpdYc,UCPAt6z5uX_c5Eo_cSNROzYw,time,14,13.9165,28,1952.17,1855,4006.022031705878,0.4873099090701648,confirmed,0.131597702503554,15,15,none,0
Ez-uqo8kIU0,UCJS9pqu9BzkAMNTmzNMNhvg,time,14,12.8110,27,2388.70,2412,2060.5491970356447,1.159252443787074,confirmed,0.3630879646497359,15,10,none,0
XGl-8BSbgFk,UCuVaqIpPgUyGP6AytqSfs0g,time,1,1.0826,29,2467.99,1687,3788.0174293196133,0.651526750179648,early,1.6555879967677434,15,15,none,0
XGl-8BSbgFk,UCuVaqIpPgUyGP6AytqSfs0g,time,2,2.0826,29,2750.89,1687,3825.508612563778,0.7190913649600843,early,1.1178975238451756,15,15,none,0
XGl-8BSbgFk,UCuVaqIpPgUyGP6AytqSfs0g,time,3,3.0826,29,2614.74,1687,3829.9600189359953,0.6827077852996964,likely,0.9462665042654352,15,15,none,0
XGl-8BSbgFk,UCuVaqIpPgUyGP6AytqSfs0g,time,5,5.0826,29,2515.59,1687,3869.2433665154854,0.6501497681101842,likely,0.7849748071638842,15,15,none,0
XGl-8BSbgFk,UCuVaqIpPgUyGP6AytqSfs0g,time,7,7.0826,29,2353.90,1687,3871.1267059522875,0.6080666819542977,confirmed,0.7067892914572402,15,15,none,0
XGl-8BSbgFk,UCuVaqIpPgUyGP6AytqSfs0g,time,14,14.0826,29,2002.64,1687,3922.108911206656,0.5106023648616392,confirmed,0.5653696927727041,15,14,none,0
8i9V9AedZYc,UCAGgFGwq4HZKLZ4gXo9xLiw,time,5,5.8347,28,3548.87,2756,2253.4655933837494,1.574850025231273,likely,,5,5,none,0
8i9V9AedZYc,UCAGgFGwq4HZKLZ4gXo9xLiw,time,7,6.8347,28,2908.23,2756,2227.2301995029184,1.3057592003227279,likely,0.09755331217584992,5,5,none,0
8i9V9AedZYc,UCAGgFGwq4HZKLZ4gXo9xLiw,time,14,13.8347,28,2799.66,2756,2054.70225309662,1.362561813708815,confirmed,0.04804072499897081,5,5,none,0
BZ0qajzteqA,UCbRP3c757lWg9M-U7TyEkXA,heldout,1,1.1903,29,197492.39,90897,76473.72759270566,2.5824867971206387,early,1.0853687802796534,15,15,none,0
BZ0qajzteqA,UCbRP3c757lWg9M-U7TyEkXA,time,1,1.1903,29,197492.39,90897,76473.72759270566,2.5824867971206387,early,1.0853687802796534,15,15,none,0
BZ0qajzteqA,UCbRP3c757lWg9M-U7TyEkXA,heldout,2,2.1903,29,148522.44,90897,76510.21657487824,1.941210500096573,early,0.7150452772876835,15,15,none,0
BZ0qajzteqA,UCbRP3c757lWg9M-U7TyEkXA,time,2,2.1903,29,148522.44,90897,76510.21657487824,1.941210500096573,early,0.7150452772876835,15,15,none,0
BZ0qajzteqA,UCbRP3c757lWg9M-U7TyEkXA,heldout,3,3.1903,29,141471.04,90897,76631.95906769665,1.846110243383419,likely,0.568593758309823,15,15,none,0
BZ0qajzteqA,UCbRP3c757lWg9M-U7TyEkXA,time,3,3.1903,29,141471.04,90897,76631.95906769665,1.846110243383419,likely,0.568593758309823,15,15,none,0
BZ0qajzteqA,UCbRP3c757lWg9M-U7TyEkXA,heldout,5,5.1903,29,121586.04,90897,76405.11185115714,1.5913337801828031,likely,0.4398325996221456,15,15,none,0
BZ0qajzteqA,UCbRP3c757lWg9M-U7TyEkXA,time,5,5.1903,29,121586.04,90897,76405.11185115714,1.5913337801828031,likely,0.4398325996221456,15,15,none,0
BZ0qajzteqA,UCbRP3c757lWg9M-U7TyEkXA,heldout,7,7.1903,29,112403.68,90897,76435.5559547124,1.4705680175068125,confirmed,0.38168396252011394,15,15,none,0
BZ0qajzteqA,UCbRP3c757lWg9M-U7TyEkXA,time,7,7.1903,29,112403.68,90897,76435.5559547124,1.4705680175068125,confirmed,0.38168396252011394,15,15,none,0
BZ0qajzteqA,UCbRP3c757lWg9M-U7TyEkXA,heldout,14,14.1903,29,97604.46,90897,75109.00000000001,1.299504251644454,confirmed,0.2940994207619625,15,9,none,0
BZ0qajzteqA,UCbRP3c757lWg9M-U7TyEkXA,time,14,14.1903,29,97604.46,90897,75109.00000000001,1.299504251644454,confirmed,0.2940994207619625,15,9,none,0
R0Dv446wBvc,UCnYMOamNKLGVlJgRUbamveA,time,1,0.9576,29,40433.82,26701,37851.38496650447,1.0682256297676795,early,,14,14,none,0
R0Dv446wBvc,UCnYMOamNKLGVlJgRUbamveA,time,2,1.9576,29,30606.20,26701,36414.863936389644,0.8404864998006278,early,0.3295032362949998,15,15,none,0
R0Dv446wBvc,UCnYMOamNKLGVlJgRUbamveA,time,3,2.9576,29,25189.91,26701,35237.642437408365,0.7148580315211919,early,0.2620044534696362,15,15,none,0
R0Dv446wBvc,UCnYMOamNKLGVlJgRUbamveA,time,5,4.9576,29,29304.22,26701,33679.853756383985,0.870081480641642,likely,0.27041385275593416,15,15,none,0
R0Dv446wBvc,UCnYMOamNKLGVlJgRUbamveA,time,7,6.9576,29,29283.15,26701,32558.077758593932,0.8994127003048216,likely,0.25858805720173655,15,15,none,0
R0Dv446wBvc,UCnYMOamNKLGVlJgRUbamveA,time,14,13.9576,29,28189.74,26701,30363.58302628672,0.9284063583112919,confirmed,0.21256991061412542,15,15,none,0
qoo6D4fviOM,UC2zZkTwX2DtWeBCMdhk6AQQ,time,5,6.8026,27,8174.37,55210,,,insufficient,,0,0,none,0
qoo6D4fviOM,UC2zZkTwX2DtWeBCMdhk6AQQ,time,7,6.8026,27,8174.37,55210,,,insufficient,,0,0,none,0
qoo6D4fviOM,UC2zZkTwX2DtWeBCMdhk6AQQ,time,14,12.8026,27,31862.40,55210,,,insufficient,2.3742341373340063,0,0,none,0
bWRuVIJr0-I,UCYO_YUHK7ZROCqJMtSOuOHQ,time,0.5,0.7332,29,448.69,7629,867.1570409897422,0.5174294977381966,early,,15,14,none,0
bWRuVIJr0-I,UCYO_YUHK7ZROCqJMtSOuOHQ,time,1,0.7332,29,448.69,7629,867.1570409897422,0.5174294977381966,early,,15,14,none,0
bWRuVIJr0-I,UCYO_YUHK7ZROCqJMtSOuOHQ,time,2,1.7332,29,373.54,7629,877.6207960803014,0.4256294815164009,early,0.5386896462114328,15,14,none,0
bWRuVIJr0-I,UCYO_YUHK7ZROCqJMtSOuOHQ,time,3,2.7332,29,317.89,7629,882.4991372056777,0.3602143760735234,early,0.3845274512715876,15,12,none,0
bWRuVIJr0-I,UCYO_YUHK7ZROCqJMtSOuOHQ,time,5,4.7332,29,425.93,7629,869.6353397134542,0.4897758768957151,likely,0.4989874885439563,15,11,none,0
bWRuVIJr0-I,UCYO_YUHK7ZROCqJMtSOuOHQ,time,7,6.7332,29,1983.09,7629,1877.334025578073,1.0563351914766552,likely,1.3184106745872144,15,11,none,0
bWRuVIJr0-I,UCYO_YUHK7ZROCqJMtSOuOHQ,time,14,13.7332,29,6830.64,7629,2612.7105693291496,2.6143886745661407,confirmed,1.5475163590354906,15,9,none,0
1tA3nI2pr28,UCjkvta4m0l5d8ehlt1TXHzA,time,14,12.8332,27,1561.41,1602,2074.820260805169,0.7525499982066232,confirmed,,15,15,none,0
Jg_KwMezX4I,UCammHPYWYI4q3WLbx-TP7GA,time,14,13.7081,29,44013.54,45561,4241.000000000001,10.378105221824763,confirmed,0.21058370580154953,15,11,none,0
2PJ8yXYa9JY,UCkU_KcVKHrxgE4uhbIWaQtg,heldout,5,6.7499,28,54459.33,63602,59429.000000000015,0.916376368026711,likely,,15,13,none,0
2PJ8yXYa9JY,UCkU_KcVKHrxgE4uhbIWaQtg,time,5,6.7499,28,54459.33,63602,59429.000000000015,0.916376368026711,likely,,15,13,none,0
2PJ8yXYa9JY,UCkU_KcVKHrxgE4uhbIWaQtg,heldout,7,6.7499,28,54459.33,63602,59429.000000000015,0.916376368026711,likely,,15,13,none,0
2PJ8yXYa9JY,UCkU_KcVKHrxgE4uhbIWaQtg,time,7,6.7499,28,54459.33,63602,59429.000000000015,0.916376368026711,likely,,15,13,none,0
2PJ8yXYa9JY,UCkU_KcVKHrxgE4uhbIWaQtg,heldout,14,13.7499,28,53198.65,63602,59429.000000000015,0.8951631179692762,confirmed,0.19225287461533253,15,9,none,0
2PJ8yXYa9JY,UCkU_KcVKHrxgE4uhbIWaQtg,time,14,13.7499,28,53198.65,63602,59429.000000000015,0.8951631179692762,confirmed,0.19225287461533253,15,9,none,0
sc_sIPA0Em8,UCLo67YCh8z836Mgl8-3-Zfw,time,14,14.1501,27,474.30,485,113.3666606989432,4.1837262584700765,confirmed,,15,15,none,0
Tt1UzjlEunc,UC3qB4xFJkl0EYoTVbhnn0OQ,time,5,6.9993,27,14362.73,22108,,,insufficient,,0,0,none,0
Tt1UzjlEunc,UC3qB4xFJkl0EYoTVbhnn0OQ,time,7,6.9993,27,14362.73,22108,,,insufficient,,0,0,none,0
Tt1UzjlEunc,UC3qB4xFJkl0EYoTVbhnn0OQ,time,14,12.9993,27,19209.12,22108,,,insufficient,0.5085104304057904,0,0,none,0
N02M5l1fAME,UC_AuoGXQt-y7eqjKaTsYmjg,time,14,13.7914,28,5299.22,5534,3704.000000000001,1.4306760823645799,confirmed,0.17145589778798886,15,11,none,0
uqMITME4vms,UCecPJBL6E1PVky1-gj6KH5g,time,0.5,0.5090,28,94612.22,59184,103216.04382109159,0.9166425920229849,early,,15,15,none,0
uqMITME4vms,UCecPJBL6E1PVky1-gj6KH5g,time,1,0.5090,28,94612.22,59184,103216.04382109159,0.9166425920229849,early,,15,15,none,0
uqMITME4vms,UCecPJBL6E1PVky1-gj6KH5g,time,2,2.5090,28,72684.78,59184,108515.2609205782,0.6698115846797222,early,0.4801679578455546,15,14,none,0
uqMITME4vms,UCecPJBL6E1PVky1-gj6KH5g,time,3,2.5090,28,72684.78,59184,108515.2609205782,0.6698115846797222,early,0.4801679578455546,15,14,none,0
uqMITME4vms,UCecPJBL6E1PVky1-gj6KH5g,time,5,4.5090,28,62194.55,59184,108189.6439434885,0.5748660173848861,likely,0.37822982955336554,15,12,none,0
uqMITME4vms,UCecPJBL6E1PVky1-gj6KH5g,time,7,6.5090,28,69774.27,59184,107938.60862252236,0.6464254854287096,likely,0.3419146577518669,15,11,none,0
uqMITME4vms,UCecPJBL6E1PVky1-gj6KH5g,time,14,13.5090,28,65792.44,59184,110157.00000000001,0.59726065815102,confirmed,0.2815738277328938,15,7,none,0
uh_a6XdQd_8,UCZ_ze60L9PratISNxDwFEVg,time,14,14.9570,27,1208.09,1242,738.712774515735,1.6353974009505408,confirmed,0.5584670188592723,15,13,none,0
SxOWwlp134U,UCj4p4EritSP1yXDj_Di3img,time,14,13.0410,28,92.34,86,106.7153242933855,0.8652918955517535,confirmed,0.18080509322830376,15,11,none,0
lKSk8hauUsA,UCO1SasMJdmlfrCS5pNJJFQA,time,1,1.0407,29,5468.96,23250,5090.569790902651,1.074331795902269,early,2.251880212400205,15,12,none,0
lKSk8hauUsA,UCO1SasMJdmlfrCS5pNJJFQA,time,2,2.0407,29,7246.55,23250,5077.044544825973,1.4273159476262018,early,1.6563592243168102,15,11,none,0
lKSk8hauUsA,UCO1SasMJdmlfrCS5pNJJFQA,time,3,3.0407,29,8877.72,23250,5015.523645324699,1.7700479951228307,likely,1.559855915320061,15,11,none,0
lKSk8hauUsA,UCO1SasMJdmlfrCS5pNJJFQA,time,5,5.0407,29,13463.71,23250,4935.315655587475,2.7280339569053265,likely,1.5182119242299756,15,11,none,0
lKSk8hauUsA,UCO1SasMJdmlfrCS5pNJJFQA,time,7,7.0407,29,23901.35,23250,4896.067414322448,4.881743555331935,confirmed,1.514964293264244,15,11,none,0
lKSk8hauUsA,UCO1SasMJdmlfrCS5pNJJFQA,time,14,14.0407,29,21226.75,23250,4727.602679651319,4.4899598537146845,confirmed,1.3156170787873607,15,10,none,0
BSECHrEhZjE,UCxkIzPnPzWLz4IeuxIROflg,heldout,1,0.8748,28,665.01,3675,1738.1740316739695,0.38259352632320315,early,,14,13,none,0
BSECHrEhZjE,UCxkIzPnPzWLz4IeuxIROflg,heldout,2,1.8748,28,1528.82,3675,1747.2644450330854,0.8749778362502464,early,1.8960416547614014,15,13,none,0
BSECHrEhZjE,UCxkIzPnPzWLz4IeuxIROflg,heldout,3,2.8748,28,1649.73,3675,1749.077689044581,0.9431986443438627,early,1.4100197421178384,15,13,none,0
BSECHrEhZjE,UCxkIzPnPzWLz4IeuxIROflg,heldout,5,4.8748,28,1801.38,3675,1749.077689044581,1.0299011317837499,likely,1.0936536491422084,15,13,none,0
BSECHrEhZjE,UCxkIzPnPzWLz4IeuxIROflg,heldout,7,6.8748,28,1965.13,3675,1765.1974836754496,1.1132608612056367,likely,1.0232601213128238,15,13,none,0
BSECHrEhZjE,UCxkIzPnPzWLz4IeuxIROflg,heldout,14,13.8748,28,2595.36,3675,1764.0000000000005,1.4712932599306436,confirmed,0.925626376012938,15,7,none,0
3aLI_fPUquo,UC5_SBQbLA9Kg7Jh5GpXoP3g,time,1,0.9591,29,626.60,533,770.4139739675793,0.8133312539374783,early,,15,14,none,0
3aLI_fPUquo,UC5_SBQbLA9Kg7Jh5GpXoP3g,time,2,1.9591,29,601.82,533,770.4139739675793,0.7811599141460972,early,0.6975895430827299,15,14,none,0
3aLI_fPUquo,UC5_SBQbLA9Kg7Jh5GpXoP3g,time,3,2.9591,29,802.47,533,770.4139739675793,1.0416066220036906,early,0.7931114686907164,15,13,none,0
3aLI_fPUquo,UC5_SBQbLA9Kg7Jh5GpXoP3g,time,5,4.9591,29,645.13,533,773.6015252784867,0.8339342885973225,likely,0.5191521794437729,15,12,none,0
3aLI_fPUquo,UC5_SBQbLA9Kg7Jh5GpXoP3g,time,7,6.9591,29,607.66,533,778.1164069660861,0.7809320664209317,likely,0.43313753589090315,15,12,none,0
3aLI_fPUquo,UC5_SBQbLA9Kg7Jh5GpXoP3g,time,14,13.9591,29,688.86,533,784.3413382218151,0.8782643583203152,confirmed,0.3285718653712617,15,12,none,0
-fwguGQLIgE,UCBhPkAuGks2UkizNMbtW6uw,time,5,5.3283,27,74.69,72,100.48633022584545,0.7432847191874465,likely,0.308780906475061,5,5,none,0
-fwguGQLIgE,UCBhPkAuGks2UkizNMbtW6uw,time,7,7.3283,27,81.19,72,94.84193820465603,0.8560553951113554,confirmed,0.33932257454738357,5,5,none,0
-fwguGQLIgE,UCBhPkAuGks2UkizNMbtW6uw,time,14,15.3283,27,73.87,72,90.79477544537106,0.8136142617395621,confirmed,0.1894646526717163,5,5,none,0
ynu_7PUh0Zs,UCH6Oc4MAJzzmK0SM805ZnjQ,time,2,2.9368,28,2041.94,2843,3933.9854222087015,0.519051425569286,early,,15,14,none,0
ynu_7PUh0Zs,UCH6Oc4MAJzzmK0SM805ZnjQ,time,3,2.9368,28,2041.94,2843,3933.9854222087015,0.519051425569286,early,,15,14,none,0
ynu_7PUh0Zs,UCH6Oc4MAJzzmK0SM805ZnjQ,time,5,5.9368,28,2235.07,2843,4018.8775300064667,0.5561436258476169,likely,0.3950116998787883,15,14,none,0
ynu_7PUh0Zs,UCH6Oc4MAJzzmK0SM805ZnjQ,time,7,6.9368,28,2211.16,2843,4018.8775300064667,0.5501928353218669,likely,0.43146116585731176,15,14,none,0
ynu_7PUh0Zs,UCH6Oc4MAJzzmK0SM805ZnjQ,time,14,13.9368,28,2762.84,2843,4268.277038066424,0.647297251628668,confirmed,0.45508601572857244,15,13,none,0
qzXgW1L9wso,UCmlqW3C9C0_gA0LufzbHfKg,time,14,13.8891,29,45431.48,58714,70245.36301375522,0.6467542077992963,confirmed,,15,15,none,0
J0ydlAqg6_8,UCn_zjOECM_3Raq5953rMm4Q,time,1,0.9163,27,13737.22,97069,159415.14983370245,0.08617263384616837,early,,10,10,none,0
J0ydlAqg6_8,UCn_zjOECM_3Raq5953rMm4Q,time,2,1.9163,27,24738.38,97069,165092.00000000006,0.14984602646635198,early,1.3486909465685875,10,9,none,0
J0ydlAqg6_8,UCn_zjOECM_3Raq5953rMm4Q,time,3,2.9163,27,27219.44,97069,165092.00000000006,0.1648743565575411,early,1.1177947553671475,10,9,none,0
J0ydlAqg6_8,UCn_zjOECM_3Raq5953rMm4Q,time,5,4.9163,27,33853.21,97069,165092.00000000006,0.20505662793714607,likely,1.0241890914294116,10,9,none,0
J0ydlAqg6_8,UCn_zjOECM_3Raq5953rMm4Q,time,7,6.9163,27,43531.69,97069,165092.00000000006,0.2636814032622913,likely,1.0845375506603667,10,9,none,0
J0ydlAqg6_8,UCn_zjOECM_3Raq5953rMm4Q,time,14,12.9163,27,71885.39,97069,165092.00000000006,0.4354262559191738,confirmed,1.046588324397775,10,9,none,0
C7D0C1dQbfE,UCfWlwgHS9mnVbIi4jNgIGtA,time,14,13.9283,29,7004.72,11100,3737.9134116276455,1.8739646739640552,confirmed,,15,14,none,0
--bqgsljOzA,UCMrvLMUITAImCHMOhX88PYQ,heldout,14,13.8750,30,53969.90,59192,91534.15638489649,0.5896149127138983,confirmed,,15,15,none,0
Vs6vJwmJL0Y,UC-ew9TfeD887qUSiWWAAj1w,heldout,14,14.5532,30,15671.08,18924,6888.25246570115,2.2750448641627075,confirmed,0.32412632882635367,15,14,none,0
kTAZhXttzeo,UCmGyCEbHfY91NFwHgioNLMQ,time,7,8.9784,28,10239.68,8664,116302.50025661413,0.08804349216847204,confirmed,,15,15,none,0
kTAZhXttzeo,UCmGyCEbHfY91NFwHgioNLMQ,time,14,13.9784,28,8704.88,8664,112986.11882783298,0.07704382140358049,confirmed,0.08534876378173596,15,15,none,0
tHf-gnrbr6g,UCI0vQvr9aFn27yR6Ej6n5UA,time,5,5.7907,27,1048.34,967,1111.6321174366776,0.943067802975261,likely,,15,13,none,0
tHf-gnrbr6g,UCI0vQvr9aFn27yR6Ej6n5UA,time,7,6.7907,27,970.30,967,1099.3056318420931,0.8826459706914969,likely,0.28695156755972306,15,13,none,0
tHf-gnrbr6g,UCI0vQvr9aFn27yR6Ej6n5UA,time,14,12.7907,27,967.94,967,1016.4978078751836,0.9522297734486044,confirmed,0.20419031868350568,15,12,none,0
3c7nytrk4-M,UCyO9K3_tU2OTrNljdHm7L_g,time,14,13.0046,27,2892.31,2801,3007.1458449393567,0.9618134852834268,confirmed,,15,15,none,0
Dv3Xce1uGJA,UCGWNHkr2WZcRbxqoet-nyeg,heldout,14,13.7024,27,2813.63,2622,2598.9944655019985,1.082585466306827,confirmed,,15,15,none,0
Dv3Xce1uGJA,UCGWNHkr2WZcRbxqoet-nyeg,time,14,13.7024,27,2813.63,2622,2598.9944655019985,1.082585466306827,confirmed,,15,15,none,0
0HG9SDtZkts,UCk7G9VbYTKntMsLmKuy942g,heldout,14,13.2335,30,13119.71,19685,,,insufficient,0.46407412509230833,2,1,none,0
Ch4LoBCDDZQ,UC6RxjqZyhTKshYyBJcIIvPQ,time,5,4.8747,27,1298.53,1262,,,insufficient,,2,2,none,0
Ch4LoBCDDZQ,UC6RxjqZyhTKshYyBJcIIvPQ,time,7,6.8747,27,1339.63,1262,,,insufficient,0.34311289368271614,2,2,none,0
Ch4LoBCDDZQ,UC6RxjqZyhTKshYyBJcIIvPQ,time,14,12.8747,27,1292.59,1262,,,insufficient,0.22124924120361472,2,2,none,0
f4PRRw5BGGQ,UCDNHPNeWScAC8h8IxtEBtkQ,heldout,1,1.0826,29,99994.60,73177,68592.82428058487,1.457799688918776,early,0.5024427414394159,15,12,none,0
f4PRRw5BGGQ,UCDNHPNeWScAC8h8IxtEBtkQ,heldout,2,2.0826,29,98556.10,73177,66493.9962079388,1.4821804454228975,early,0.613787095803507,15,11,none,0
f4PRRw5BGGQ,UCDNHPNeWScAC8h8IxtEBtkQ,heldout,3,3.0826,29,98642.81,73177,66349.04027077678,1.4867255527687329,likely,0.5291943938698227,15,10,none,0
f4PRRw5BGGQ,UCDNHPNeWScAC8h8IxtEBtkQ,heldout,5,5.0826,29,88792.48,73177,66349.04027077678,1.3382631642622775,likely,0.43931069322899075,15,10,none,0
f4PRRw5BGGQ,UCDNHPNeWScAC8h8IxtEBtkQ,heldout,7,7.0826,29,83755.05,73177,66349.04027077678,1.2623400069540684,confirmed,0.3926607915710882,15,10,none,0
f4PRRw5BGGQ,UCDNHPNeWScAC8h8IxtEBtkQ,heldout,14,14.0826,29,74813.35,73177,65549.99999999997,1.141317365685317,confirmed,0.3205560121372907,15,6,none,0
dxu6hxfKAI8,UCVKFs0cesQUEGtn8gQmhbHw,heldout,1,1.7563,30,52776.54,45811,65948.05280643502,0.8002744097054505,early,,15,13,none,0
dxu6hxfKAI8,UCVKFs0cesQUEGtn8gQmhbHw,heldout,2,1.7563,30,52776.54,45811,65948.05280643502,0.8002744097054505,early,,15,13,none,0
dxu6hxfKAI8,UCVKFs0cesQUEGtn8gQmhbHw,heldout,3,2.7563,30,54698.16,45811,65948.05280643502,0.8294128207816209,early,0.5579039748044718,15,13,none,0
dxu6hxfKAI8,UCVKFs0cesQUEGtn8gQmhbHw,heldout,5,4.7563,30,48061.70,45811,64098.733814377774,0.7498072834899137,likely,0.37875173654777666,15,13,none,0
dxu6hxfKAI8,UCVKFs0cesQUEGtn8gQmhbHw,heldout,7,6.7563,30,47959.56,45811,63680.1436856576,0.7531321625827124,likely,0.32784712428861323,15,13,none,0
dxu6hxfKAI8,UCVKFs0cesQUEGtn8gQmhbHw,heldout,14,13.7563,30,47818.93,45811,61430.99999999996,0.7784169922685598,confirmed,0.2587155495408163,15,12,none,0
drL2HoyAkSM,UCwMbSEgxhmOB5dXcxRTKHJQ,time,0.5,0.5082,27,3343.67,52273,6350.276811206712,0.526539480070894,early,,15,13,none,0
drL2HoyAkSM,UCwMbSEgxhmOB5dXcxRTKHJQ,time,1,0.5082,27,3343.67,52273,6350.276811206712,0.526539480070894,early,,15,13,none,0
drL2HoyAkSM,UCwMbSEgxhmOB5dXcxRTKHJQ,time,2,1.5082,27,33177.55,52273,6453.505166091739,5.141012675794992,early,5.022097139659823,15,12,none,0
drL2HoyAkSM,UCwMbSEgxhmOB5dXcxRTKHJQ,time,3,2.5082,27,46686.65,52273,6462.5013049119425,7.224238717463483,early,3.592921078425841,15,12,none,0
drL2HoyAkSM,UCwMbSEgxhmOB5dXcxRTKHJQ,time,5,4.5082,27,56806.78,52273,6480.734760491538,8.765484623081079,likely,2.5992180440662005,15,12,none,0
drL2HoyAkSM,UCwMbSEgxhmOB5dXcxRTKHJQ,time,7,6.5082,27,56835.08,52273,6806.449439598556,8.35018057860838,likely,2.1804045009124473,15,12,none,0
drL2HoyAkSM,UCwMbSEgxhmOB5dXcxRTKHJQ,time,14,15.5082,27,64687.72,52273,8874.558055028168,7.289120679325286,confirmed,1.5451074094353845,15,11,none,0
B-wgjETpX0M,UCdOIkjWFRXVho4Ua_j9_q4A,heldout,7,7.7830,29,23275.89,21539,37663,0.618004040486973,confirmed,,15,13,none,0
B-wgjETpX0M,UCdOIkjWFRXVho4Ua_j9_q4A,heldout,14,13.7830,29,21821.42,21539,37663,0.5793860497763722,confirmed,0.14901440678421968,15,11,none,0
oSW-__CBzoU,UCyHGVG2E0yo1NidXwG_JrpA,time,0.5,0.5029,28,909.89,824,1473.7393488173047,0.6173994450934738,early,,15,10,none,0
oSW-__CBzoU,UCyHGVG2E0yo1NidXwG_JrpA,time,1,0.5029,28,909.89,824,1473.7393488173047,0.6173994450934738,early,,15,10,none,0
oSW-__CBzoU,UCyHGVG2E0yo1NidXwG_JrpA,time,2,1.5029,28,1398.76,824,1453.8147673571937,0.9621292651865754,early,1.3520815374640665,15,10,none,0
oSW-__CBzoU,UCyHGVG2E0yo1NidXwG_JrpA,time,3,2.5029,28,1352.31,824,1415.7074437646875,0.9552157013536946,early,0.9370031614620382,15,10,none,0
oSW-__CBzoU,UCyHGVG2E0yo1NidXwG_JrpA,time,5,4.5029,28,1485.21,824,1363.9879781162895,1.0888726813390448,likely,0.6973139293802002,15,10,none,0
oSW-__CBzoU,UCyHGVG2E0yo1NidXwG_JrpA,time,7,6.5029,28,1088.91,824,1334.8049125717491,0.8157847103007654,likely,0.5802161569334403,15,10,none,0
oSW-__CBzoU,UCyHGVG2E0yo1NidXwG_JrpA,time,14,13.5029,28,915.76,824,1264.0211563335713,0.7244815203035031,confirmed,0.44986547409057936,15,7,none,0
1OsOF7jWWm0,UCUoJk48pujh29p8zLsnD5PQ,heldout,5,6.6648,29,13221.22,13750,10609.742770298177,1.2461392447383488,likely,,14,13,none,0
1OsOF7jWWm0,UCUoJk48pujh29p8zLsnD5PQ,heldout,7,6.6648,29,13221.22,13750,10609.742770298177,1.2461392447383488,likely,,14,13,none,0
9lgYN0cPEg8,UC6Oihk5E2X9kuvI4q4rWxtQ,time,14,14.5761,28,116518.12,116449,125449.0773383853,0.9288081126186434,confirmed,,15,14,none,0
l-whUD5pMpU,UCq_2n18CJaRVGxEfxtCfI-Q,time,3,3.4337,27,146501.32,146080,153732.26552397507,0.9529640438163943,likely,,15,15,none,0
l-whUD5pMpU,UCq_2n18CJaRVGxEfxtCfI-Q,time,5,5.4337,27,152546.86,146080,150582.17912406573,1.0130472478996684,likely,0.4668847722005633,15,15,none,0
l-whUD5pMpU,UCq_2n18CJaRVGxEfxtCfI-Q,time,7,7.4337,27,149074.90,146080,146812.0227743621,1.0154134478908137,confirmed,0.3737408100586999,15,15,none,0
l-whUD5pMpU,UCq_2n18CJaRVGxEfxtCfI-Q,time,14,15.4337,27,147178.14,146080,134974.74670367406,1.090412431827066,confirmed,0.26934849981435693,15,13,none,0
5LOmexHZ1kc,UCXGQTkyIfrJJ7ZT1A9MuJ0A,heldout,3,3.9581,30,99695.22,104600,,,insufficient,,1,1,none,0
5LOmexHZ1kc,UCXGQTkyIfrJJ7ZT1A9MuJ0A,heldout,5,4.9581,30,75088.17,104600,89587.99999999999,0.8381498195252941,likely,0.24952103578583484,15,12,none,0
5LOmexHZ1kc,UCXGQTkyIfrJJ7ZT1A9MuJ0A,heldout,7,6.9581,30,93898.72,104600,89587.99999999999,1.0481171328204353,likely,0.3444901499243684,15,12,none,0
5LOmexHZ1kc,UCXGQTkyIfrJJ7ZT1A9MuJ0A,heldout,14,13.9581,30,98627.22,104600,89587.99999999999,1.1008976225152234,confirmed,0.30563866860501787,15,9,none,0
VbqYiIrcyj8,UCLB2sZa0kqPmkw2Bes59ePA,heldout,7,7.7224,31,1369.32,1900,1667.0000000000002,0.8214264196071118,confirmed,,15,12,none,0
VbqYiIrcyj8,UCLB2sZa0kqPmkw2Bes59ePA,heldout,14,13.7224,31,2001.40,1900,1667.0000000000002,1.2005983357657752,confirmed,0.4965972921185993,15,12,none,0
G9WwukClfZo,UC_1mrs0pBzQdPqUSmbJEeNg,heldout,1,1.8766,30,17415.25,46953,36135.582217570496,0.4819418300983737,early,,15,14,none,0
G9WwukClfZo,UC_1mrs0pBzQdPqUSmbJEeNg,heldout,2,1.8766,30,17415.25,46953,36135.582217570496,0.4819418300983737,early,,15,14,none,0
G9WwukClfZo,UC_1mrs0pBzQdPqUSmbJEeNg,heldout,3,2.8766,30,12447.57,46953,38557.15311739552,0.3228342616396568,early,0.23943969935677117,15,13,none,0
G9WwukClfZo,UC_1mrs0pBzQdPqUSmbJEeNg,heldout,5,4.8766,30,21911.82,46953,38965.97139241302,0.5623321259686601,likely,0.5878678216479944,15,13,none,0
G9WwukClfZo,UC_1mrs0pBzQdPqUSmbJEeNg,heldout,7,6.8766,30,24422.17,46953,38965.97139241302,0.6267563132343306,likely,0.6406693639843691,15,13,none,0
G9WwukClfZo,UC_1mrs0pBzQdPqUSmbJEeNg,heldout,14,13.8766,30,31148.18,46953,40911.82859461653,0.7613490107980163,confirmed,0.5907300080305831,15,13,none,0
3udh47o3XTg,UCCZLVYAGIoGvaFUrTyyeaXA,time,5,6.9162,29,6031.04,5098,38835.728390937235,0.1552961631090678,likely,,3,3,none,0
3udh47o3XTg,UCCZLVYAGIoGvaFUrTyyeaXA,time,7,6.9162,29,6031.04,5098,38835.728390937235,0.1552961631090678,likely,,3,3,none,0
3udh47o3XTg,UCCZLVYAGIoGvaFUrTyyeaXA,time,14,13.9162,29,5158.03,5098,36060.51543069918,0.14303810421824587,confirmed,0.06422423128490964,3,3,none,0
WKsmIp2ggNE,UCEx34P7EmFhvM5FlgKxa2cg,time,5,6.6245,29,16034.11,13616,,,insufficient,,0,0,none,0
WKsmIp2ggNE,UCEx34P7EmFhvM5FlgKxa2cg,time,7,6.6245,29,16034.11,13616,,,insufficient,,0,0,none,0
WKsmIp2ggNE,UCEx34P7EmFhvM5FlgKxa2cg,time,14,13.6245,29,13513.60,13616,,,insufficient,0.03996725680715844,0,0,none,0
F2wvE-mrT6M,UC5alq-VmYnfQZt7YaNgdcGw,time,5,4.9687,28,2909.80,4072,,,insufficient,,1,1,none,0
F2wvE-mrT6M,UC5alq-VmYnfQZt7YaNgdcGw,time,7,6.9687,28,2781.44,4072,,,insufficient,0.24799524660060526,1,1,none,0
F2wvE-mrT6M,UC5alq-VmYnfQZt7YaNgdcGw,time,14,12.9687,28,3046.25,4072,,,insufficient,0.28291737439255454,1,1,none,0
TTqHFSBJm60,UCnYMOamNKLGVlJgRUbamveA,heldout,0.5,0.6665,31,37363.62,23707,38831.54502735482,0.962197558713648,early,,10,10,none,0
TTqHFSBJm60,UCnYMOamNKLGVlJgRUbamveA,heldout,1,0.6665,31,37363.62,23707,38831.54502735482,0.962197558713648,early,,10,10,none,0
TTqHFSBJm60,UCnYMOamNKLGVlJgRUbamveA,heldout,3,3.6665,31,31182.52,23707,34204.17686802447,0.9116581930780774,likely,0.4456169473590545,15,15,none,0
TTqHFSBJm60,UCnYMOamNKLGVlJgRUbamveA,heldout,5,4.6665,31,31680.88,23707,33658.30364001708,0.941249996005916,likely,0.3955017760108893,15,15,none,0
TTqHFSBJm60,UCnYMOamNKLGVlJgRUbamveA,heldout,7,6.6665,31,27974.09,23707,33159.417378168066,0.8436244018108594,likely,0.3253472254758605,15,15,none,0
TTqHFSBJm60,UCnYMOamNKLGVlJgRUbamveA,heldout,14,13.6665,31,26366.54,23707,30720.96496414306,0.858258999505954,confirmed,0.23693231277482,15,15,none,0
u6TQNollK7c,UCvJJ_dzjViJCoLf5uKUTwoA,time,7,8.8321,28,58381.02,49951,365403.9257172548,0.15977118221929829,confirmed,,14,13,none,0
u6TQNollK7c,UCvJJ_dzjViJCoLf5uKUTwoA,time,14,13.8321,28,49663.20,49951,368991.0000000002,0.13459189682282993,confirmed,0.0859239036030165,15,9,none,0
hVlAOIUA71Y,UCGq-a57w-aPwyi3pW7XLiHw,time,7,8.2079,27,1614691.29,1578695,2716146.364509539,0.5944787487352787,confirmed,,15,14,none,0
hVlAOIUA71Y,UCGq-a57w-aPwyi3pW7XLiHw,time,14,13.2079,27,1517913.78,1578695,2705992.1277699177,0.5609453791996408,confirmed,0.19675380662689218,15,12,none,0
YqeEsJahLeA,UCq33AlEZl8QBmxatFEwknew,time,14,14.3193,29,245.96,259,346.61690368615245,0.7096158776788494,confirmed,0.12738966477096095,15,11,none,0
k7b_5N8Zg64,UCBhPkAuGks2UkizNMbtW6uw,time,3,3.9992,27,99500.22,120047,102.21599093254079,973.4310671693132,likely,,8,8,none,0
k7b_5N8Zg64,UCBhPkAuGks2UkizNMbtW6uw,time,5,4.9992,27,71568.43,120047,100.48633022584545,712.2205170509734,likely,-0.0011360284430178024,8,8,none,0
k7b_5N8Zg64,UCBhPkAuGks2UkizNMbtW6uw,time,7,6.9992,27,68806.77,120047,94.84193820465603,725.4888180543569,likely,-0.006211991834791114,8,8,none,0
k7b_5N8Zg64,UCBhPkAuGks2UkizNMbtW6uw,time,14,14.9992,27,64739.40,120047,90.79477544537106,713.0299870930065,confirmed,-0.001631490730503033,8,8,none,0
RecYAjxdcEg,UC0cd_-e49hZpWLH3UIwoWRA,time,5,5.9161,28,7795.28,7223,,,insufficient,,1,1,none,0
RecYAjxdcEg,UC0cd_-e49hZpWLH3UIwoWRA,time,7,6.9161,28,7242.15,7223,,,insufficient,0.3197733739957174,1,1,none,0
RecYAjxdcEg,UC0cd_-e49hZpWLH3UIwoWRA,time,14,13.9161,28,7223.15,7223,,,insufficient,0.1928561733992365,1,1,none,0
fErFL7gbTAM,UCzOgdLi9p2UIdhukecTSygg,time,0.5,0.4766,28,2786.92,1203,4036.320563822483,0.6904612921211692,early,,12,8,none,0
fErFL7gbTAM,UCzOgdLi9p2UIdhukecTSygg,time,1,1.4766,28,2855.59,1203,4030.65671124387,0.7084666477106513,early,0.42971905091167967,12,8,none,0
fErFL7gbTAM,UCzOgdLi9p2UIdhukecTSygg,time,2,2.4766,28,2112.82,1203,4020.0299255711834,0.5255742974485462,early,0.2942213328037129,12,8,none,0
fErFL7gbTAM,UCzOgdLi9p2UIdhukecTSygg,time,3,3.4766,28,1417.89,1203,3998.3685431637823,0.35461680440839755,likely,0.23749842796236278,12,7,none,0
fErFL7gbTAM,UCzOgdLi9p2UIdhukecTSygg,time,5,5.4766,28,1309.35,1203,4081.4758990804685,0.3208036559585184,likely,0.18289922583953064,12,6,none,0
fErFL7gbTAM,UCzOgdLi9p2UIdhukecTSygg,time,7,7.4766,28,1256.04,1203,4073.1539940916273,0.30836957772964874,confirmed,0.16363656316424485,12,6,none,0
fErFL7gbTAM,UCzOgdLi9p2UIdhukecTSygg,time,14,13.4766,28,1244.43,1203,4134.073868270111,0.3010186944347285,confirmed,0.13272057855187672,12,4,none,0
Y_qcWAmmwVU,UCI8gcSTo1FowsRJdilsjsZw,time,1,0.8075,29,46876.43,24615,36327.29268620559,1.2903915805320267,early,,13,13,none,0
Y_qcWAmmwVU,UCI8gcSTo1FowsRJdilsjsZw,time,2,1.8075,29,38903.63,24615,38683.73810831251,1.005684427874957,early,0.550157814913589,14,14,none,0
Y_qcWAmmwVU,UCI8gcSTo1FowsRJdilsjsZw,time,3,2.8075,29,32504.49,24615,35063.99552066204,0.9270046723379075,early,0.3671681967372295,15,15,none,0
Y_qcWAmmwVU,UCI8gcSTo1FowsRJdilsjsZw,time,5,4.8075,29,30653.79,24615,34968.79809897574,0.8766039695179805,likely,0.25597717121092356,15,15,none,0
Y_qcWAmmwVU,UCI8gcSTo1FowsRJdilsjsZw,time,7,6.8075,29,26466.51,24615,34467.56410964329,0.7678671096123568,likely,0.21182668702033539,15,15,none,0
Y_qcWAmmwVU,UCI8gcSTo1FowsRJdilsjsZw,time,14,13.8075,29,26520.02,24615,34756.26675996813,0.7630284624273234,confirmed,0.15405135965751157,15,15,none,0
5EsD-Q0OqIQ,UC5efErrEnb4krh7dwJdj3RA,time,14,14.9479,29,944.72,987,1839.3608251172318,0.5136142561047397,confirmed,0.35629695251132565,15,12,none,0
SI5YJfEsFvw,UC0gk8Jjvjf-HXFnAfCimsnQ,time,5,6.7103,29,39.02,39,,,insufficient,,0,0,none,0
SI5YJfEsFvw,UC0gk8Jjvjf-HXFnAfCimsnQ,time,7,6.7103,29,39.02,39,,,insufficient,,0,0,none,0
SI5YJfEsFvw,UC0gk8Jjvjf-HXFnAfCimsnQ,time,14,13.7103,29,38.02,39,,,insufficient,0.18786840994994872,0,0,none,0
VKoewh7wlb8,UCthfI4-SrAfqxLVngitqA4Q,time,14,13.8327,29,1256.78,1500,264.1149404216316,4.758441343300034,confirmed,0.31857161213586893,15,15,none,0
l8hwq9IDRtw,UCFs23bEpTlHJt1RVN0UWI3Q,time,14,13.8539,29,2793.01,2695,2798.620367873127,0.997995504386286,confirmed,0.15495447931077455,15,15,none,0
d8FyWx5J5i4,UCg2EPgrZtxyZPdaprLgSqpQ,time,5,6.4119,29,167.39,165,,,insufficient,,1,1,none,0
d8FyWx5J5i4,UCg2EPgrZtxyZPdaprLgSqpQ,time,7,7.4119,29,148.43,165,,,insufficient,0.11793267675304299,1,1,none,0
d8FyWx5J5i4,UCg2EPgrZtxyZPdaprLgSqpQ,time,14,14.4119,29,167.30,165,,,insufficient,0.20026317977093536,1,1,none,0
1oHvbl9pP5E,UC_DDXSh__21IGWlL2-38clw,time,5,6.8333,27,25540.04,28013,,,insufficient,,0,0,none,0
1oHvbl9pP5E,UC_DDXSh__21IGWlL2-38clw,time,7,6.8333,27,25540.04,28013,,,insufficient,,0,0,none,0
1oHvbl9pP5E,UC_DDXSh__21IGWlL2-38clw,time,14,12.8333,27,26979.82,28013,,,insufficient,0.30291629381740404,0,0,none,0
KKj7tYu25s0,UCgBc9iNvvjWDInV6fBeTGXQ,time,5,5.5634,29,22973.84,24052,19280.522946275072,1.191556712781715,likely,,15,15,none,0
KKj7tYu25s0,UCgBc9iNvvjWDInV6fBeTGXQ,time,7,6.5634,29,22756.02,24052,19285.67721549513,1.1799441226352545,likely,0.42199645980910677,15,15,none,0
KKj7tYu25s0,UCgBc9iNvvjWDInV6fBeTGXQ,time,14,13.5634,29,25719.12,24052,19502.438576259832,1.3187642868055127,confirmed,0.3310255592551695,15,15,none,0
mfIMmkLiP-Q,UCwSozl89jl2zUDzQ4jGJD3g,time,7,7.4460,27,131795.58,111669,28172.236123774575,4.678208115951493,confirmed,,8,8,none,0
mfIMmkLiP-Q,UCwSozl89jl2zUDzQ4jGJD3g,time,14,15.4460,27,112225.08,111669,26856.85369555773,4.1786385335519745,confirmed,0.054484691351132694,15,13,none,0
7BBb7EP1SRY,UCq_2n18CJaRVGxEfxtCfI-Q,heldout,5,4.5178,28,114268.19,94699,120879.76961990216,0.9453044677203892,likely,,15,15,none,0
7BBb7EP1SRY,UCq_2n18CJaRVGxEfxtCfI-Q,time,5,4.5178,28,114268.19,94699,120879.76961990216,0.9453044677203892,likely,,15,15,none,0
7BBb7EP1SRY,UCq_2n18CJaRVGxEfxtCfI-Q,heldout,7,6.5178,28,97009.41,94699,119302.64890991263,0.813137134938672,likely,0.15734705427683482,15,15,none,0
7BBb7EP1SRY,UCq_2n18CJaRVGxEfxtCfI-Q,time,7,6.5178,28,97009.41,94699,119302.64890991263,0.813137134938672,likely,0.15734705427683482,15,15,none,0
7BBb7EP1SRY,UCq_2n18CJaRVGxEfxtCfI-Q,heldout,14,13.5178,28,95355.82,94699,113179.86851673306,0.8425157484333243,confirmed,0.09657696372369177,15,13,none,0
7BBb7EP1SRY,UCq_2n18CJaRVGxEfxtCfI-Q,time,14,13.5178,28,95355.82,94699,113179.86851673306,0.8425157484333243,confirmed,0.09657696372369177,15,13,none,0
YDmXlsE8E5Y,UC3lJL1pUvQ2Ih2qZ-4ozrLw,time,5,6.9786,27,79.29,115,376.5727940219639,0.21055568906946662,likely,,3,3,none,0
YDmXlsE8E5Y,UC3lJL1pUvQ2Ih2qZ-4ozrLw,time,7,6.9786,27,79.29,115,376.5727940219639,0.21055568906946662,likely,,3,3,none,0
YDmXlsE8E5Y,UC3lJL1pUvQ2Ih2qZ-4ozrLw,time,14,14.9786,27,83.93,115,3290.477810335668,0.025508224459193332,confirmed,0.25105308630068474,12,12,none,0
RS61P0tsIts,UCfQgsKhHjSyRLOp9mnffqVg,heldout,1,1.8328,30,1092955.44,893913,535007.5784277455,2.0428784189787623,early,,15,15,none,0
RS61P0tsIts,UCfQgsKhHjSyRLOp9mnffqVg,heldout,2,1.8328,30,1092955.44,893913,535007.5784277455,2.0428784189787623,early,,15,15,none,0
RS61P0tsIts,UCfQgsKhHjSyRLOp9mnffqVg,heldout,3,2.8328,30,896312.19,893913,535605.9104164194,1.673454634400429,early,0.2986617461989453,15,15,none,0
RS61P0tsIts,UCfQgsKhHjSyRLOp9mnffqVg,heldout,5,4.8328,30,906584.08,893913,537485.1781748262,1.6867145734301374,likely,0.25689641380538314,15,12,none,0
RS61P0tsIts,UCfQgsKhHjSyRLOp9mnffqVg,heldout,7,7.8328,30,822669.61,893913,539557.6073964894,1.524711347711647,confirmed,0.2167063438589566,15,11,none,0
RS61P0tsIts,UCfQgsKhHjSyRLOp9mnffqVg,heldout,14,13.8328,30,887573.12,893913,545316.9999999999,1.6276278128484098,confirmed,0.18838958034153877,15,7,none,0
LzZOssOIV8w,UCiLSEwYKrRPY-wC758azVqA,time,7,8.9995,27,4313.10,4869,4125.1816884494965,1.0455538237057753,confirmed,,15,15,none,0
LzZOssOIV8w,UCiLSEwYKrRPY-wC758azVqA,time,14,14.9995,27,4386.96,4869,4188.51315376869,1.0473796132484616,confirmed,0.2859569952505778,15,14,none,0
bC3FBWE1oMU,UCsLt8oYvDYGpSHcGhRBBkyw,time,14,15.1611,27,6985.13,5507,3007.4457617197495,2.322613743828599,confirmed,1.2342642005775522,15,15,none,0
OSrqPK1EUyo,UC6gi5tigsPyfEnFXFPeYH0Q,time,5,4.8451,29,135.97,225,192.1285494748328,0.7077138941746749,likely,,15,15,none,0
OSrqPK1EUyo,UC6gi5tigsPyfEnFXFPeYH0Q,time,7,6.8451,29,164.96,225,198.68358665776228,0.830259438734492,likely,0.6195381269740975,15,15,none,0
OSrqPK1EUyo,UC6gi5tigsPyfEnFXFPeYH0Q,time,14,13.8451,29,166.03,225,247.56429922426142,0.6706454304896305,confirmed,0.3762137851435802,15,13,none,0
I8-FADDae8M,UC6QNjBn6KMq5-pe3OE11zZg,heldout,0.5,0.5816,30,5971.52,5805,10308.006055800668,0.5793092840835606,early,,11,9,none,0
I8-FADDae8M,UC6QNjBn6KMq5-pe3OE11zZg,heldout,1,0.5816,30,5971.52,5805,10308.006055800668,0.5793092840835606,early,,11,9,none,0
I8-FADDae8M,UC6QNjBn6KMq5-pe3OE11zZg,heldout,14,12.5816,30,6060.69,5805,9619.54230231923,0.6300392890713759,confirmed,0.49040237982786644,13,9,none,0
nyaUwkTo7cg,UCP0f9FXZ4g-MxAqSUreHpCw,time,1,0.8131,27,117740.66,299625,113803.00000000003,1.0346007017765437,early,,15,13,none,0
nyaUwkTo7cg,UCP0f9FXZ4g-MxAqSUreHpCw,time,2,1.8131,27,179681.47,299625,113803.00000000003,1.5788816967504413,early,1.1415912352754618,15,13,none,0
nyaUwkTo7cg,UCP0f9FXZ4g-MxAqSUreHpCw,time,3,2.8131,27,195844.72,299625,113803.00000000003,1.720909973957293,early,0.9747143065854387,15,13,none,0
nyaUwkTo7cg,UCP0f9FXZ4g-MxAqSUreHpCw,time,5,4.8131,27,229270.92,299625,113803.00000000003,2.014629860343469,likely,0.8752431834960138,15,13,none,0
nyaUwkTo7cg,UCP0f9FXZ4g-MxAqSUreHpCw,time,7,7.8131,27,257004.63,299625,113803.00000000003,2.2583290877610565,confirmed,0.7853982034733646,15,13,none,0
nyaUwkTo7cg,UCP0f9FXZ4g-MxAqSUreHpCw,time,14,12.8131,27,284533.98,299625,113803.00000000003,2.5002326584835144,confirmed,0.7659414858445253,15,12,none,0
hN5vkxH2BBI,UCs7_DmeDzs0C8HkwucWRNTA,time,3,3.0407,29,10090.80,11089,,,insufficient,,1,1,none,0
hN5vkxH2BBI,UCs7_DmeDzs0C8HkwucWRNTA,time,5,5.0407,29,10365.13,11089,14172.548201817903,0.7313529021385085,likely,0.39844328407360396,15,13,none,0
hN5vkxH2BBI,UCs7_DmeDzs0C8HkwucWRNTA,time,7,7.0407,29,10939.08,11089,14168.29939780562,0.7720811969609456,confirmed,0.4412439198386009,15,11,none,0
hN5vkxH2BBI,UCs7_DmeDzs0C8HkwucWRNTA,time,14,12.0407,29,11150.76,11089,13911.6820549092,0.8015392256134204,confirmed,0.34512232903378365,15,9,none,0
tkMof3D6vtw,UCtOV5M-T3GcsJAq8QKaf0lg,heldout,14,13.6241,29,2199.22,2187,3182.0000000000027,0.6911424273633167,confirmed,0.032872483056834004,15,11,none,0
GArdnanmozA,UCx1m6AboILQKMNXbsLjjI4Q,heldout,7,8.2082,30,67004.70,70400,58441.62307328347,1.146523582390773,confirmed,,15,14,none,0
hUq_3jjCB3o,UCfWCrexzFjIqqYZYgvVTPvw,time,5,5.1504,27,221.63,180,,,insufficient,,1,1,none,0
hUq_3jjCB3o,UCfWCrexzFjIqqYZYgvVTPvw,time,7,7.1504,27,175.92,180,,,insufficient,-0.06597906779144735,1,1,none,0
hUq_3jjCB3o,UCfWCrexzFjIqqYZYgvVTPvw,time,14,13.1504,27,180.86,180,,,insufficient,0.08525397968056261,1,1,none,0
Og8ONzA93CA,UCNovoA9w0KnxyDP5bGrOYzg,heldout,14,13.8955,30,5914.28,6221,8393.629289116856,0.7046156170916056,confirmed,,13,11,none,0
eJubwlD0ujo,UCO2x-p9gg9TLKneXlibGR7w,time,1,0.8741,28,316983.67,326943,316258.4000873267,1.0022932750724645,early,,15,13,none,0
eJubwlD0ujo,UCO2x-p9gg9TLKneXlibGR7w,time,2,1.8741,28,398462.41,326943,320071.00000000023,1.2449188223972318,early,0.8118022923680186,15,12,none,0
eJubwlD0ujo,UCO2x-p9gg9TLKneXlibGR7w,time,3,2.8741,28,429834.44,326943,320071.00000000023,1.3429346614645454,early,0.6376726081561381,15,12,none,0
eJubwlD0ujo,UCO2x-p9gg9TLKneXlibGR7w,time,5,4.8741,28,326045.97,326943,320071.00000000023,1.0186676518534337,likely,0.5046826276391309,15,11,none,0
eJubwlD0ujo,UCO2x-p9gg9TLKneXlibGR7w,time,7,6.8741,28,359160.94,326943,320071.00000000023,1.1221289632264466,likely,0.4754661655963303,15,11,none,0
eJubwlD0ujo,UCO2x-p9gg9TLKneXlibGR7w,time,14,13.8741,28,358214.65,326943,320071.00000000023,1.1191724540104098,confirmed,0.3902054598872732,15,11,none,0
M5f3XQODM4E,UCGDy78008pRm0Y-HYq9jOwg,time,5,6.6041,29,625.51,2443,,,insufficient,,0,0,none,0
M5f3XQODM4E,UCGDy78008pRm0Y-HYq9jOwg,time,7,6.6041,29,625.51,2443,,,insufficient,,0,0,none,0
M5f3XQODM4E,UCGDy78008pRm0Y-HYq9jOwg,time,14,13.6041,29,1319.53,2443,,,insufficient,1.1343693752359603,0,0,none,0
C0pFsBgpFIg,UCq33AlEZl8QBmxatFEwknew,heldout,14,14.3166,29,225.96,227,342.6088896807885,0.6595309891037326,confirmed,0.1799203544341972,15,12,none,0
h90hvDOpPn4,UC8mv1jxVbta9thZUP1uHeug,time,5,5.5758,27,390.24,420,,,insufficient,,2,2,none,0
h90hvDOpPn4,UC8mv1jxVbta9thZUP1uHeug,time,7,6.5758,27,323.26,420,,,insufficient,0.17022607872920253,2,2,none,0
h90hvDOpPn4,UC8mv1jxVbta9thZUP1uHeug,time,14,12.5758,27,445.47,420,,,insufficient,0.3908416220201675,2,2,none,0
rdlM8qh_4mA,UC1226ElkVkwZyh74jipyw1Q,time,5,6.9571,30,100.69,112,,,insufficient,,0,0,none,0
rdlM8qh_4mA,UC1226ElkVkwZyh74jipyw1Q,time,7,6.9571,30,100.69,112,,,insufficient,,0,0,none,0
rdlM8qh_4mA,UC1226ElkVkwZyh74jipyw1Q,time,14,13.9571,30,104.08,112,,,insufficient,0.23857971724563273,0,0,none,0
OIU8pKY9j5A,UCFWjEwhX6cSAKBQ28pufG3w,time,14,13.9551,30,75912.15,81082,14614,5.194481285395201,confirmed,0.42272122251592925,15,11,none,0
TBWsUPEDlvk,UCfzP_CiebRdveD9rRZv5Ndw,time,1,0.9161,27,24956.04,19411,21133.82915222494,1.1808572679070297,early,,15,15,none,0
TBWsUPEDlvk,UCfzP_CiebRdveD9rRZv5Ndw,time,2,1.9161,27,22391.72,19411,21160.263223818838,1.0581968916831423,early,0.5229466992082309,15,15,none,0
TBWsUPEDlvk,UCfzP_CiebRdveD9rRZv5Ndw,time,3,2.9161,27,19728.72,19411,21462.751226984088,0.9192072158189543,early,0.4252852634090344,15,15,none,0
TBWsUPEDlvk,UCfzP_CiebRdveD9rRZv5Ndw,time,5,4.9161,27,19953.81,19411,21856.527158842313,0.91294501295048,likely,0.35408428822270765,15,15,none,0
TBWsUPEDlvk,UCfzP_CiebRdveD9rRZv5Ndw,time,7,7.9161,27,20561.36,19411,21594.875261536938,0.952140627507267,confirmed,0.3197202106615467,15,15,none,0
TBWsUPEDlvk,UCfzP_CiebRdveD9rRZv5Ndw,time,14,15.9161,27,19927.55,19411,21639.21103520278,0.9208998880513731,confirmed,0.2600297534561507,15,12,none,0
0OyZqtutPtY,UC1CL9_o8c7sXfiMWJuTLp-Q,time,5,5.4827,27,1953.92,1681,,,insufficient,,0,0,none,0
0OyZqtutPtY,UC1CL9_o8c7sXfiMWJuTLp-Q,time,7,7.4827,27,1644.88,1681,,,insufficient,0.14964041315432672,0,0,none,0
0OyZqtutPtY,UC1CL9_o8c7sXfiMWJuTLp-Q,time,14,13.4827,27,1647.34,1681,,,insufficient,0.12899510722201896,0,0,none,0
g8aK5P-FtZE,UCAv4LHSCXRoegzvAbwbZGoA,time,5,4.9159,27,2153.80,2411,,,insufficient,,0,0,none,0
g8aK5P-FtZE,UCAv4LHSCXRoegzvAbwbZGoA,time,7,6.9159,27,2221.31,2411,,,insufficient,0.344171977574471,0,0,none,0
g8aK5P-FtZE,UCAv4LHSCXRoegzvAbwbZGoA,time,14,15.9159,27,2418.43,2411,,,insufficient,0.2956532504489649,0,0,none,0
vBi3NOSMdEQ,UC1R0kzpJLBJ8r5e1IVovIUg,heldout,5,5.8740,29,1106.81,969,2170.187726564441,0.5100076938275849,likely,,15,13,none,0
vBi3NOSMdEQ,UC1R0kzpJLBJ8r5e1IVovIUg,heldout,7,5.8740,29,1106.81,969,2170.187726564441,0.5100076938275849,likely,,15,13,none,0
vBi3NOSMdEQ,UC1R0kzpJLBJ8r5e1IVovIUg,heldout,14,16.8740,29,1004.88,969,2479.1960680295224,0.40532310145182127,confirmed,0.1337723755534766,15,12,none,0
_iKa95XBl8I,UC41S9MSkeQ1TWo1URYLeRuw,heldout,3,3.6600,30,2918.64,2298,4937.511988508507,0.5911162477678773,likely,,15,13,none,0
_iKa95XBl8I,UC41S9MSkeQ1TWo1URYLeRuw,heldout,5,3.6600,30,2918.64,2298,4937.511988508507,0.5911162477678773,likely,,15,13,none,0
_iKa95XBl8I,UC41S9MSkeQ1TWo1URYLeRuw,heldout,14,13.6600,30,2343.26,2298,4612.131478653899,0.5080646335312488,confirmed,0.13821501541236483,15,13,none,0
B1o1D1J0uEM,UC58njGoJSZKIthLSbQIS-1g,time,5,5.9581,28,97.90,92,,,insufficient,,1,1,none,0
B1o1D1J0uEM,UC58njGoJSZKIthLSbQIS-1g,time,7,6.9581,28,96.41,92,,,insufficient,0.40263211536960475,1,1,none,0
B1o1D1J0uEM,UC58njGoJSZKIthLSbQIS-1g,time,14,13.9581,28,96.24,92,,,insufficient,0.23215705334498044,1,1,none,0
mRv0WbPMJdU,UCGwAh9NT7iHZlw4zrBueyIw,heldout,14,13.9369,30,210429.65,331877,5961.373000279595,35.298857125439866,confirmed,,15,9,none,0
kvw13R5Z5kQ,UC9KBMJwxMFC-7G6prUCpFhg,time,14,12.9157,27,33326.00,32942,79295.19689091302,0.4202776861082317,confirmed,0.32959391030709795,15,15,none,0
wVTJ41WT3_I,UCJ1RVDuSiJncq6VQYiqpzLA,time,14,12.9987,28,618.13,619,1050.1518251451378,0.5886141169391507,confirmed,0.20851365577819034,15,15,none,0
OlAmyf8_4O4,UC8butISFwT-Wl7EV0hUK0BQ,time,5,6.9053,29,26291.41,32516,,,insufficient,,1,1,none,0
OlAmyf8_4O4,UC8butISFwT-Wl7EV0hUK0BQ,time,7,6.9053,29,26291.41,32516,,,insufficient,,1,1,none,0
OlAmyf8_4O4,UC8butISFwT-Wl7EV0hUK0BQ,time,14,13.9053,29,30677.74,32516,,,insufficient,0.35941840355559707,1,1,none,0
RtiPa7UBzek,UCFKE7WVJfvaHW5q283SxchA,time,14,13.9161,29,244014.17,252545,324721.9979315828,0.7514556331015381,confirmed,0.1958247431445207,15,15,none,0
fyxoI-3cpEo,UC29ju8bIPH5as8OGnQzwJyA,time,5,6.8284,28,45167.35,46681,,,insufficient,,0,0,none,0
fyxoI-3cpEo,UC29ju8bIPH5as8OGnQzwJyA,time,7,6.8284,28,45167.35,46681,,,insufficient,,0,0,none,0
fyxoI-3cpEo,UC29ju8bIPH5as8OGnQzwJyA,time,14,13.8284,28,47708.23,46681,,,insufficient,0.2695041148332749,0,0,none,0
xohCD96GmcQ,UCD4NnnbISbr4dvmmzQxC2bA,time,5,5.8319,28,36989.83,45023,,,insufficient,,1,1,none,0
xohCD96GmcQ,UCD4NnnbISbr4dvmmzQxC2bA,time,7,6.8319,28,40307.71,45023,,,insufficient,0.5488490129811764,1,1,none,0
xohCD96GmcQ,UCD4NnnbISbr4dvmmzQxC2bA,time,14,12.8319,28,41821.48,45023,,,insufficient,0.38804556244222005,1,1,none,0
jqIWEE0q2UQ,UC4MndkrWaqQF1uZ5-kO3t6Q,time,5,6.7370,28,26.43,98,,,insufficient,,1,1,none,0
jqIWEE0q2UQ,UC4MndkrWaqQF1uZ5-kO3t6Q,time,7,6.7370,28,26.43,98,,,insufficient,,1,1,none,0
jqIWEE0q2UQ,UC4MndkrWaqQF1uZ5-kO3t6Q,time,14,13.7370,28,60.78,98,,,insufficient,1.2829679012714383,1,1,none,0
BHaekyT6NyI,UCVNsLoYc5c6BhatQ5aO1T9g,time,7,7.0281,27,59.15,69,66.28053788727941,0.8924568045908831,confirmed,,15,15,none,0
BHaekyT6NyI,UCVNsLoYc5c6BhatQ5aO1T9g,time,14,13.0281,27,60.43,69,64.44301234725545,0.9377689733133735,confirmed,0.2487587000828974,15,10,none,0
kG86csxVVAE,UCPAt6z5uX_c5Eo_cSNROzYw,time,14,13.5460,27,1338.34,1300,10448.291748335078,0.12809158013192237,confirmed,0.0048064067289848526,15,15,none,0
I5f-PqC43UU,UCE_--R1P5-kfBzHTca0dsnw,time,14,12.8330,27,453286.46,477484,418858.05799976044,1.0821958759323507,confirmed,,14,13,none,0
MXHfBRFiaJY,UCKjyzU_ElNwSXr4b0UzUjdw,time,1,0.9995,27,1891.81,2216,5296.368649673989,0.3571898560746107,early,,15,13,none,0
MXHfBRFiaJY,UCKjyzU_ElNwSXr4b0UzUjdw,time,2,1.9995,27,1755.30,2216,5317.417561051057,0.33010350324841836,early,0.6241947629894202,15,12,none,0
MXHfBRFiaJY,UCKjyzU_ElNwSXr4b0UzUjdw,time,3,2.9995,27,1848.21,2216,5311.631166812633,0.3479549126348858,early,0.5250500697240729,15,12,none,0
MXHfBRFiaJY,UCKjyzU_ElNwSXr4b0UzUjdw,time,5,5.9995,27,2572.68,2216,5333.178106718952,0.4823915547217851,likely,0.5970533262058781,15,12,none,0
MXHfBRFiaJY,UCKjyzU_ElNwSXr4b0UzUjdw,time,7,6.9995,27,2314.92,2216,5333.178106718952,0.4340607998585784,likely,0.5477316894460854,15,12,none,0
MXHfBRFiaJY,UCKjyzU_ElNwSXr4b0UzUjdw,time,14,14.9995,27,2714.17,2216,5375.000000000005,0.5049626581502135,confirmed,0.45359532985708967,15,11,none,0
LKpq24P0uqM,UCuxbOHa_nj8k6qotTzJrWZA,heldout,3,3.0624,29,3781.08,3546,9197.936602212656,0.4110789541611822,likely,,15,14,none,0
LKpq24P0uqM,UCuxbOHa_nj8k6qotTzJrWZA,heldout,5,4.0624,29,4442.43,3546,9142.426887580077,0.48591363978385943,likely,0.7192098909525977,15,14,none,0
LKpq24P0uqM,UCuxbOHa_nj8k6qotTzJrWZA,heldout,7,7.0624,29,3859.06,3546,9015.345064983945,0.4280546024749257,confirmed,0.3549775722019005,15,13,none,0
LKpq24P0uqM,UCuxbOHa_nj8k6qotTzJrWZA,heldout,14,14.0624,29,3834.09,3546,8712.0604139141,0.44008944632211366,confirmed,0.24129612336350253,15,10,none,0
d68lO7Hjj9s,UCat0LyGytYMwfZEPbO_rOrA,time,14,13.8897,29,5073.26,4909,2168.6390104594266,2.3393764498023724,confirmed,0.136165798084678,15,15,none,0
yuQ8KP559BQ,UCDNHPNeWScAC8h8IxtEBtkQ,heldout,14,12.0820,31,55239.86,53127,68247.28584601692,0.8094074548354835,confirmed,,15,12,none,0
z9ri8lnSRRQ,UCkqcY4CAuBFNFho6JgygCnA,heldout,14,14.1386,29,39621.27,35487,40640.98287425905,0.9749091315419075,confirmed,0.5888130181996698,15,13,none,0
z9ri8lnSRRQ,UCkqcY4CAuBFNFho6JgygCnA,time,14,14.1386,29,39621.27,35487,40640.98287425905,0.9749091315419075,confirmed,0.5888130181996698,15,13,none,0
r_Vv6aliR7E,UCUpbDOT-OVNBlaQpb9pbd2w,time,5,5.4686,27,10011.76,8914,30818.557609759362,0.324861260467097,likely,0.04494102660283735,15,15,none,0
r_Vv6aliR7E,UCUpbDOT-OVNBlaQpb9pbd2w,time,7,7.4686,27,9701.05,8914,29294.27958024661,0.33115855734876903,confirmed,0.028949042727549102,15,15,none,0
r_Vv6aliR7E,UCUpbDOT-OVNBlaQpb9pbd2w,time,14,13.4686,27,9178.21,8914,26673.70739023746,0.3440920138393055,confirmed,0.019746872723911818,15,15,none,0
O_MY-4kIxwo,UCnjOBqS_4w-AsjyDr4bQEUg,time,1,0.9162,29,1697.35,3370,9511.000000000005,0.1784614172470959,early,,15,8,none,0
O_MY-4kIxwo,UCnjOBqS_4w-AsjyDr4bQEUg,time,2,1.9162,29,1370.50,3370,9511.000000000005,0.14409609496200954,early,0.47755790744591015,15,8,none,0
O_MY-4kIxwo,UCnjOBqS_4w-AsjyDr4bQEUg,time,3,2.9162,29,1375.18,3370,9511.000000000005,0.14458884209856443,early,0.45967286717037514,15,7,none,0
O_MY-4kIxwo,UCnjOBqS_4w-AsjyDr4bQEUg,time,5,4.9162,29,2010.84,3370,9511.000000000005,0.2114221103589526,likely,0.4976571473193282,15,6,none,0
O_MY-4kIxwo,UCnjOBqS_4w-AsjyDr4bQEUg,time,7,6.9162,29,2544.37,3370,9511.000000000005,0.2675188022188807,likely,0.5646442854225616,15,6,none,0
O_MY-4kIxwo,UCnjOBqS_4w-AsjyDr4bQEUg,time,14,13.9162,29,3148.19,3370,9511.000000000005,0.33100554136776006,confirmed,0.5688757335018597,15,4,none,0
MB5zIxsVf0w,UCSCydFbXzl_kheTt4XbRLhg,heldout,5,6.9162,30,1067.26,995,2178.4314764989026,0.4899224266582776,likely,,15,11,none,0
MB5zIxsVf0w,UCSCydFbXzl_kheTt4XbRLhg,heldout,7,6.9162,30,1067.26,995,2178.4314764989026,0.4899224266582776,likely,,15,11,none,0
MB5zIxsVf0w,UCSCydFbXzl_kheTt4XbRLhg,heldout,14,13.9162,30,1024.83,995,2212.550695676088,0.46318832116374414,confirmed,0.18094253556056622,15,9,none,0
ht12QquRuII,UC70SrI3VkT1MXALRtf0pcHg,heldout,5,4.9223,30,27057.08,21961,65153.3275505405,0.41528311813136837,likely,,15,15,none,0
ht12QquRuII,UC70SrI3VkT1MXALRtf0pcHg,heldout,14,12.9223,30,22040.72,21961,57673.87759322569,0.3821613154978915,confirmed,0.08108021991445358,15,15,none,0
Szs1lg_TfSM,UCCS6ZRelvETSbA53xFEsa6w,heldout,14,13.8745,31,19103.43,22193,23368.000000000004,0.8175040447609923,confirmed,0.31524337125137963,15,14,none,0
r4wYdFIrT_E,UCPCPE5MoI7DS1WiVB_-mzNw,time,7,7.8079,29,11013.70,8787,4346.329429988356,2.5340221965087903,confirmed,,15,15,none,0
r4wYdFIrT_E,UCPCPE5MoI7DS1WiVB_-mzNw,time,14,13.8079,29,9063.49,8787,4084.1588464944302,2.2191827816425955,confirmed,0.004174729505259625,15,15,none,0
KSVCqyh_W-w,UCMmfUj8CcXeqpqWkund3ELg,time,5,5.8329,27,62733.42,91898,55943.90920635512,1.1213628578766393,likely,,15,13,none,0
KSVCqyh_W-w,UCMmfUj8CcXeqpqWkund3ELg,time,7,6.8329,27,68627.04,91898,56773.26474929768,1.2087914320961617,likely,0.5774229078259431,15,13,none,0
KSVCqyh_W-w,UCMmfUj8CcXeqpqWkund3ELg,time,14,12.8329,27,74629.53,91898,56477.34690927292,1.3214063666814433,confirmed,0.46021819035978095,15,9,none,0
bgyAfecwuGY,UCq_2n18CJaRVGxEfxtCfI-Q,time,5,5.7707,29,174770.31,132138,82524.82046556231,2.1177908168750172,likely,,15,15,none,0
bgyAfecwuGY,UCq_2n18CJaRVGxEfxtCfI-Q,time,7,6.7707,29,142108.36,132138,82136.1258941032,1.730156629788611,likely,0.04010055201285231,15,15,none,0
bgyAfecwuGY,UCq_2n18CJaRVGxEfxtCfI-Q,time,14,13.7707,29,135227.97,132138,80728.00000000004,1.6751061010406536,confirmed,0.022884018995626396,15,12,none,0
cNjQrPiLMbw,UCnBTvMFhuvbE_dhw2mo0NaQ,time,14,13.9575,29,15854.62,15256,15131.89799182501,1.0477614654069376,confirmed,0.26768976891002644,15,14,none,0
f24r-FG39wA,UCcilAnkcu67nJwNlgqVKdXw,time,14,15.4522,27,6749.57,7051,9250.999999999995,0.7296038355777974,confirmed,0.10047440629776427,15,9,none,0
v2wc7Pde8Ms,UCObA5o3mcc1felIMAv6cukw,heldout,5,5.0135,29,54999.64,60606,64804.95239951957,0.8486950711981333,likely,0.14159815943147644,15,14,none,0
v2wc7Pde8Ms,UCObA5o3mcc1felIMAv6cukw,time,5,5.0135,29,54999.64,60606,64804.95239951957,0.8486950711981333,likely,0.14159815943147644,15,14,none,0
v2wc7Pde8Ms,UCObA5o3mcc1felIMAv6cukw,heldout,7,7.0135,29,56650.49,60606,64804.95239951957,0.8741691409225252,confirmed,0.19609180238433044,15,14,none,0
v2wc7Pde8Ms,UCObA5o3mcc1felIMAv6cukw,time,7,7.0135,29,56650.49,60606,64804.95239951957,0.8741691409225252,confirmed,0.19609180238433044,15,14,none,0
v2wc7Pde8Ms,UCObA5o3mcc1felIMAv6cukw,heldout,14,14.0135,29,62421.78,60606,64073.07973155572,0.9742278068306155,confirmed,0.18328191479432765,15,14,none,0
v2wc7Pde8Ms,UCObA5o3mcc1felIMAv6cukw,time,14,14.0135,29,62421.78,60606,64073.07973155572,0.9742278068306155,confirmed,0.18328191479432765,15,14,none,0
oEEL1fIq-d8,UC5RR3esc7XkvLyLsmQKbfYg,time,14,13.6662,28,436.71,432,970.9002438694723,0.4498025795770684,confirmed,0.14160471944429762,15,14,none,0
bsjVhpK8d9U,UCP35tS1rd6DJthNZK1fSPIA,time,14,14.4258,29,25194.82,24517,15397.325952160263,1.6363115680105524,confirmed,0.2917993423888025,15,14,none,0
-as-rFACUM4,UCmW0I6tx3Co4B6T2euHj6iw,time,14,13.9174,28,2987.33,2895,3130,0.9544192901482424,confirmed,0.3619805115523876,15,14,none,0
QF80WBMDOns,UCh39IWu1XUSScEOuXCJ3J1A,heldout,1,1.2035,27,5889.57,2444,1620.444569360415,3.6345415993986006,early,0.10981702270447634,14,12,none,0
QF80WBMDOns,UCh39IWu1XUSScEOuXCJ3J1A,time,1,1.2035,27,5889.57,2444,1620.444569360415,3.6345415993986006,early,0.10981702270447634,14,12,none,0
QF80WBMDOns,UCh39IWu1XUSScEOuXCJ3J1A,heldout,2,2.2035,27,3216.53,2444,4980.257278841191,0.645856507100264,early,0.09441120994275948,15,13,none,0
QF80WBMDOns,UCh39IWu1XUSScEOuXCJ3J1A,time,2,2.2035,27,3216.53,2444,4980.257278841191,0.645856507100264,early,0.09441120994275948,15,13,none,0
QF80WBMDOns,UCh39IWu1XUSScEOuXCJ3J1A,heldout,3,3.2035,27,2804.68,2444,4362.978322244458,0.6428368637643723,likely,0.08641051242460905,15,13,none,0
QF80WBMDOns,UCh39IWu1XUSScEOuXCJ3J1A,time,3,3.2035,27,2804.68,2444,4362.978322244458,0.6428368637643723,likely,0.08641051242460905,15,13,none,0
QF80WBMDOns,UCh39IWu1XUSScEOuXCJ3J1A,heldout,5,4.2035,27,2614.14,2444,4058.1559424315155,0.644170064900696,likely,0.08493075960387104,15,13,none,0
QF80WBMDOns,UCh39IWu1XUSScEOuXCJ3J1A,time,5,4.2035,27,2614.14,2444,4058.1559424315155,0.644170064900696,likely,0.08493075960387104,15,13,none,0
QF80WBMDOns,UCh39IWu1XUSScEOuXCJ3J1A,heldout,7,7.2035,27,2614.65,2444,3648.5701062866083,0.7166245459175893,confirmed,0.08397824390268253,15,13,none,0
QF80WBMDOns,UCh39IWu1XUSScEOuXCJ3J1A,time,7,7.2035,27,2614.65,2444,3648.5701062866083,0.7166245459175893,confirmed,0.08397824390268253,15,13,none,0
QF80WBMDOns,UCh39IWu1XUSScEOuXCJ3J1A,heldout,14,15.2035,27,2483.19,2444,3261.129665151803,0.7614505444515545,confirmed,0.06824990090040245,15,13,none,0
QF80WBMDOns,UCh39IWu1XUSScEOuXCJ3J1A,time,14,15.2035,27,2483.19,2444,3261.129665151803,0.7614505444515545,confirmed,0.06824990090040245,15,13,none,0
9o3eNg61At0,UCtW1WA-bJ4s6l-ZCCT35QBg,heldout,14,14.3480,31,2188.63,2111,6146.000000000002,0.35610608127558135,confirmed,,15,14,none,0
J6J3zaXm3wM,UCbY9xX3_jW5c2fjlZVBI4cg,time,14,13.0569,28,69196.74,67138,26741.636270823503,2.587602898378599,confirmed,0.004250692852370821,15,15,none,0
-m33dn_3sNQ,UCQHX6ViZmPsWiYSFAyS0a3Q,time,0.5,0.6812,27,647274.96,552139,385551.1689938578,1.6788302468875196,early,,14,14,none,0
-m33dn_3sNQ,UCQHX6ViZmPsWiYSFAyS0a3Q,time,1,0.6812,27,647274.96,552139,385551.1689938578,1.6788302468875196,early,,14,14,none,0
-m33dn_3sNQ,UCQHX6ViZmPsWiYSFAyS0a3Q,time,2,1.6812,27,560638.78,552139,430449.31540619483,1.3024501495613003,early,0.6105967326530748,15,15,none,0
-m33dn_3sNQ,UCQHX6ViZmPsWiYSFAyS0a3Q,time,3,2.6812,27,581703.15,552139,427041.37851432257,1.362170446520364,early,0.4863519552939565,15,15,none,0
-m33dn_3sNQ,UCQHX6ViZmPsWiYSFAyS0a3Q,time,5,4.6812,27,545235.75,552139,423998.84677137254,1.285936874857306,likely,0.39212590562621313,15,15,none,0
-m33dn_3sNQ,UCQHX6ViZmPsWiYSFAyS0a3Q,time,7,6.6812,27,553126.85,552139,412660.4853669963,1.3403920925725428,likely,0.3826539995426525,15,15,none,0
-m33dn_3sNQ,UCQHX6ViZmPsWiYSFAyS0a3Q,time,14,13.6812,27,499481.81,552139,382652.8458651108,1.3053131921707022,confirmed,0.3118765377811666,15,11,none,0
Oq494uiCdnI,UCic4iGbudp-7bELJppHBNfw,time,7,7.8329,29,526.08,444,779.4992699897437,0.6748945800670628,confirmed,,15,14,none,0
Oq494uiCdnI,UCic4iGbudp-7bELJppHBNfw,time,14,14.8329,29,449.56,444,772.9227563760477,0.5816333074730189,confirmed,0.06830713134328338,15,12,none,0
SqtF-D4tPuI,UCwSozl89jl2zUDzQ4jGJD3g,time,14,14.7228,28,58681.47,57821,26851.709220073037,2.1853903647096407,confirmed,0.1537513550895494,15,14,none,0
nhrMhcCE1kA,UCFF20WbbyKSiYQe0J6a7HTQ,time,5,4.9990,28,12206.21,15011,,,insufficient,,0,0,none,0
nhrMhcCE1kA,UCFF20WbbyKSiYQe0J6a7HTQ,time,7,6.9990,28,18096.14,15011,,,insufficient,0.7308927427808377,0,0,none,0
nhrMhcCE1kA,UCFF20WbbyKSiYQe0J6a7HTQ,time,14,12.9990,28,15579.73,15011,,,insufficient,0.4661070598212876,0,0,none,0
PQmxLKP_Fjw,UCCiQOYmPsqoLL7j27Zr0C8A,time,5,5.8328,28,592.84,512,,,insufficient,,0,0,none,0
PQmxLKP_Fjw,UCCiQOYmPsqoLL7j27Zr0C8A,time,7,6.8328,28,484.89,512,,,insufficient,0.0834832210135947,0,0,none,0
PQmxLKP_Fjw,UCCiQOYmPsqoLL7j27Zr0C8A,time,14,13.8328,28,488.83,512,,,insufficient,0.10508616739510539,0,0,none,0
-gjZLwLAoGI,UC_AuoGXQt-y7eqjKaTsYmjg,heldout,14,13.7292,30,2580.92,2558,4213.366564173453,0.6125550014954011,confirmed,,15,13,none,0
BButao-i5jk,UCT_8YwHmACxpUootXe7yKjA,time,1,1.8745,28,34239.90,53728,24451.35506176798,1.4003271528841414,early,,15,14,none,0
BButao-i5jk,UCT_8YwHmACxpUootXe7yKjA,time,2,1.8745,28,34239.90,53728,24451.35506176798,1.4003271528841414,early,,15,14,none,0
BButao-i5jk,UCT_8YwHmACxpUootXe7yKjA,time,3,2.8745,28,28612.80,53728,24478.34805056799,1.1689023937561953,early,0.36547415014737455,15,14,none,0
BButao-i5jk,UCT_8YwHmACxpUootXe7yKjA,time,5,4.8745,28,29132.95,53728,24357.89835775084,1.1960368996447557,likely,0.2951722005732087,15,14,none,0
BButao-i5jk,UCT_8YwHmACxpUootXe7yKjA,time,7,6.8745,28,33745.84,53728,24719.821606794103,1.365132940550829,likely,0.3700842976383877,15,13,none,0
BButao-i5jk,UCT_8YwHmACxpUootXe7yKjA,time,14,13.8745,28,46808.17,53728,25628.416043376983,1.8264166633311099,confirmed,0.4755723748634673,15,11,none,0
JSYpmQtUnGo,UCLKZ20yD2tNMBOkSDZo4FeQ,time,0.5,0.4997,28,8418.03,23730,4521.223853177978,1.8618929636086823,early,,14,14,none,0
JSYpmQtUnGo,UCLKZ20yD2tNMBOkSDZo4FeQ,time,1,1.4997,28,8974.09,23730,4672.688726645531,1.9205408597360523,early,0.6762611866456713,14,14,none,0
JSYpmQtUnGo,UCLKZ20yD2tNMBOkSDZo4FeQ,time,2,2.4997,28,11074.87,23730,4354.040078355095,2.543583768715731,early,0.8505155215388314,15,15,none,0
JSYpmQtUnGo,UCLKZ20yD2tNMBOkSDZo4FeQ,time,3,3.4997,28,18154.01,23730,4348.822532550444,4.174465929119673,likely,0.9344126855378027,15,14,none,0
JSYpmQtUnGo,UCLKZ20yD2tNMBOkSDZo4FeQ,time,5,5.4997,28,22455.99,23730,4253.1773564788755,5.27981476042144,likely,0.8865498531885992,15,14,none,0
JSYpmQtUnGo,UCLKZ20yD2tNMBOkSDZo4FeQ,time,7,7.4997,28,21868.25,23730,4270.065693776079,5.121290537624088,confirmed,0.8906920158249549,15,12,none,0
JSYpmQtUnGo,UCLKZ20yD2tNMBOkSDZo4FeQ,time,14,13.4997,28,22029.74,23730,4200.200963408894,5.2449245443013215,confirmed,0.8190666739007031,15,10,none,0
ts0Q_HNo_LA,UCAuUUnT6oDeKwE6v1NGQxug,heldout,5,4.8737,27,23311.05,22087,24026.818864327655,0.9702094706400934,likely,,3,3,none,0
ts0Q_HNo_LA,UCAuUUnT6oDeKwE6v1NGQxug,time,5,4.8737,27,23311.05,22087,24026.818864327655,0.9702094706400934,likely,,3,3,none,0
ts0Q_HNo_LA,UCAuUUnT6oDeKwE6v1NGQxug,heldout,7,6.8737,27,22562.45,22087,24250.506908369694,0.9303906889530609,likely,0.28713899972647905,3,3,none,0
ts0Q_HNo_LA,UCAuUUnT6oDeKwE6v1NGQxug,time,7,6.8737,27,22562.45,22087,24250.506908369694,0.9303906889530609,likely,0.28713899972647905,3,3,none,0
ts0Q_HNo_LA,UCAuUUnT6oDeKwE6v1NGQxug,heldout,14,15.8737,27,22681.94,22087,23516.3929022521,0.964516109135172,confirmed,0.18677227561389362,3,3,none,0
ts0Q_HNo_LA,UCAuUUnT6oDeKwE6v1NGQxug,time,14,15.8737,27,22681.94,22087,23516.3929022521,0.964516109135172,confirmed,0.18677227561389362,3,3,none,0
36xSpAR47YI,UC4wKN1tlnlNVMiRPOu7qyvQ,heldout,14,13.7708,30,8971.09,9389,1627.3149441925798,5.51281939261716,confirmed,0.14759115536078043,15,15,none,0
NiURKoONLVY,UCbRP3c757lWg9M-U7TyEkXA,time,1,0.7684,27,644797.86,334700,78074.9384478917,8.258704715241342,early,,14,14,none,0
NiURKoONLVY,UCbRP3c757lWg9M-U7TyEkXA,time,2,1.7684,27,450822.45,334700,77709.4857313864,5.801382472504296,early,0.35078447482092895,15,15,none,0
NiURKoONLVY,UCbRP3c757lWg9M-U7TyEkXA,time,3,2.7684,27,368501.80,334700,77478.44832350223,4.756184619031249,early,0.26277314001105784,15,15,none,0
NiURKoONLVY,UCbRP3c757lWg9M-U7TyEkXA,time,5,4.7684,27,366795.45,334700,77047.01167632556,4.760670746860879,likely,0.23749564763490724,15,15,none,0
NiURKoONLVY,UCbRP3c757lWg9M-U7TyEkXA,time,7,6.7684,27,364184.70,334700,76607.21070215106,4.7539219834763315,likely,0.20965804006234467,15,15,none,0
NiURKoONLVY,UCbRP3c757lWg9M-U7TyEkXA,time,14,12.7684,27,361899.37,334700,75630.78755142304,4.785079972697226,confirmed,0.1543826639285481,15,11,none,0
dP1_AJO04kc,UC1NVV2D3Jhv2ykmpTwooUwQ,time,5,4.9125,27,3304.12,2659,,,insufficient,,1,1,none,0
dP1_AJO04kc,UC1NVV2D3Jhv2ykmpTwooUwQ,time,7,6.9125,27,2744.40,2659,,,insufficient,0.09197148025629374,1,1,none,0
dP1_AJO04kc,UC1NVV2D3Jhv2ykmpTwooUwQ,time,14,12.9125,27,2699.41,2659,,,insufficient,0.0844026569503418,1,1,none,0
HSUsmLth0OY,UCxkIzPnPzWLz4IeuxIROflg,heldout,14,14.8746,30,2839.22,3210,1403.8145027089954,2.022500675809057,confirmed,0.326768876956087,15,11,none,0
R2JtYN2wY0Y,UCGxjDWAN1KwrkXYVi8CXtjQ,time,1,0.9993,29,6275.62,5905,25985.753566616084,0.2415023567068401,early,,15,10,none,0
R2JtYN2wY0Y,UCGxjDWAN1KwrkXYVi8CXtjQ,time,2,1.9993,29,5629.06,5905,25772.000000000007,0.21841764834035082,early,0.5407296702582337,15,9,none,0
R2JtYN2wY0Y,UCGxjDWAN1KwrkXYVi8CXtjQ,time,3,2.9993,29,4112.25,5905,25772.000000000007,0.15956251138069566,early,0.4164483829184875,15,8,none,0
R2JtYN2wY0Y,UCGxjDWAN1KwrkXYVi8CXtjQ,time,5,4.9993,29,4050.99,5905,25772.000000000007,0.15718582225623065,likely,0.2990646311976412,15,7,none,0
R2JtYN2wY0Y,UCGxjDWAN1KwrkXYVi8CXtjQ,time,7,6.9993,29,4670.34,5905,25772.000000000007,0.1812174132874112,likely,0.2863298430583539,15,6,none,0
R2JtYN2wY0Y,UCGxjDWAN1KwrkXYVi8CXtjQ,time,14,12.9993,29,5110.10,5905,25772.000000000007,0.19828092331496314,confirmed,0.2804723625015545,15,4,none,0
kVEjOXPOFOo,UCnwlWgbcxwpsnB7LtOL1kPg,time,14,12.9977,27,7233.00,6650,7106.748920500009,1.0177649411469516,confirmed,,15,15,none,0
MMLKDSc0fQI,UCFYLFu6j4hxl5vEnpl7hw3w,time,5,6.8663,27,31617.65,48562,,,insufficient,,0,0,none,0
MMLKDSc0fQI,UCFYLFu6j4hxl5vEnpl7hw3w,time,7,6.8663,27,31617.65,48562,,,insufficient,,0,0,none,0
MMLKDSc0fQI,UCFYLFu6j4hxl5vEnpl7hw3w,time,14,13.8663,27,30441.75,48562,,,insufficient,0.17163367852808648,0,0,none,0
QHKbpUjmbfU,UCAbq1eKey19tt-FfaIO1RMA,time,0.5,0.5413,27,6779.60,17689,9507.905695637231,0.7130491478598883,early,,15,11,none,0
QHKbpUjmbfU,UCAbq1eKey19tt-FfaIO1RMA,time,1,0.5413,27,6779.60,17689,9507.905695637231,0.7130491478598883,early,,15,11,none,0
QHKbpUjmbfU,UCAbq1eKey19tt-FfaIO1RMA,time,2,1.5413,27,8961.87,17689,9493.516646225478,0.9439984859405994,early,1.0772457050067448,15,11,none,0
QHKbpUjmbfU,UCAbq1eKey19tt-FfaIO1RMA,time,3,2.5413,27,10294.22,17689,9487.287678962863,1.0850535621505646,early,0.9788864291975291,15,11,none,0
QHKbpUjmbfU,UCAbq1eKey19tt-FfaIO1RMA,time,5,4.5413,27,12781.20,17689,9451.607580717333,1.3522778272926728,likely,0.9129625887107901,15,11,none,0
QHKbpUjmbfU,UCAbq1eKey19tt-FfaIO1RMA,time,7,6.5413,27,14885.82,17689,9478.0645066283,1.5705545635338887,likely,0.9134524151056703,15,10,none,0
QHKbpUjmbfU,UCAbq1eKey19tt-FfaIO1RMA,time,14,12.5413,27,17078.57,17689,9479,1.8017264884138091,confirmed,0.8396216075107938,15,8,none,0
07Ps865aPxE,UCnwlWgbcxwpsnB7LtOL1kPg,time,14,14.7396,28,9586.74,9742,7106.748920500009,1.348963460374181,confirmed,,15,15,none,0
mLadV3Cotw8,UC6jMh17EfL9dCLgIa43EpnQ,heldout,1,1.3889,30,240.08,339,300.41937770465586,0.7991405409881596,early,,15,13,none,0
mLadV3Cotw8,UC6jMh17EfL9dCLgIa43EpnQ,heldout,2,2.3889,30,368.09,339,308.2313711322064,1.1942137464163283,early,1.1595526111724874,15,13,none,0
mLadV3Cotw8,UC6jMh17EfL9dCLgIa43EpnQ,heldout,3,2.3889,30,368.09,339,308.2313711322064,1.1942137464163283,early,1.1595526111724874,15,13,none,0
mLadV3Cotw8,UC6jMh17EfL9dCLgIa43EpnQ,heldout,5,5.3889,30,488.57,339,265.656212124088,1.8391147367896943,likely,0.9791023422721682,15,12,none,0
mLadV3Cotw8,UC6jMh17EfL9dCLgIa43EpnQ,heldout,7,7.3889,30,439.42,339,252.52335910929423,1.7401045214466808,confirmed,0.7878012652973471,15,12,none,0
mLadV3Cotw8,UC6jMh17EfL9dCLgIa43EpnQ,heldout,14,14.3889,30,349.65,339,229.79753929673163,1.5215362137063695,confirmed,0.5697050647798785,15,11,none,0
MuzOJIgJBSc,UCFBpVaKCC0ajGps1vf0AgBg,time,5,4.7498,27,93834.31,117114,,,insufficient,,0,0,none,0
MuzOJIgJBSc,UCFBpVaKCC0ajGps1vf0AgBg,time,7,6.7498,27,110996.74,117114,,,insufficient,0.5261103352798752,0,0,none,0
MuzOJIgJBSc,UCFBpVaKCC0ajGps1vf0AgBg,time,14,12.7498,27,112845.17,117114,,,insufficient,0.3847378429928544,0,0,none,0
FXrcFeuYtq8,UCBJycsmduvYEL83R_U4JriQ,heldout,7,7.7625,29,5895907.56,5850631,3391993.9999999995,1.738183368227855,confirmed,,15,11,none,0
FXrcFeuYtq8,UCBJycsmduvYEL83R_U4JriQ,heldout,14,13.7625,29,5989154.30,5850631,3391993.9999999995,1.7656736138512723,confirmed,0.1461955948867363,15,10,none,0
QCXmhhMlb2A,UCPb5icVxZvFpmORSjDKrrnw,time,1,0.7923,28,16970.67,12909,18972.19512753004,0.8945022085777036,early,,15,13,none,0
QCXmhhMlb2A,UCPb5icVxZvFpmORSjDKrrnw,time,2,2.7923,28,18945.99,12909,18871.828060360756,1.0039300306791752,early,0.6956269182540485,15,12,none,0
QCXmhhMlb2A,UCPb5icVxZvFpmORSjDKrrnw,time,3,2.7923,28,18945.99,12909,18871.828060360756,1.0039300306791752,early,0.6956269182540485,15,12,none,0
QCXmhhMlb2A,UCPb5icVxZvFpmORSjDKrrnw,time,5,4.7923,28,15892.14,12909,18760.871570134048,0.8470897523238701,likely,0.4649473647065772,15,12,none,0
QCXmhhMlb2A,UCPb5icVxZvFpmORSjDKrrnw,time,7,6.7923,28,15627.32,12909,18647.33168555438,0.8380460370069862,likely,0.39428079173974684,15,12,none,0
QCXmhhMlb2A,UCPb5icVxZvFpmORSjDKrrnw,time,14,12.7923,28,13936.05,12909,18354.246485874333,0.7592822976222153,confirmed,0.31123105782267124,15,11,none,0
kDwpXldLRug,UCLVGBWZrAniy5r767EXaR8A,heldout,1,0.7706,30,1144.30,1030,1262.7699511696246,0.90618165272083,early,,5,4,none,0
kDwpXldLRug,UCLVGBWZrAniy5r767EXaR8A,heldout,7,7.7706,30,1044.05,1030,597.6467176866931,1.746938482980249,confirmed,0.40426099862109915,15,14,none,0
kDwpXldLRug,UCLVGBWZrAniy5r767EXaR8A,heldout,14,13.7706,30,1013.17,1030,581.6860794511534,1.7417768391619486,confirmed,0.3465668384345594,15,13,none,0
nLy2Oo7_hnk,UCHqH3S3G4wvIvGoRz4xWGqQ,heldout,3,3.9370,28,2292.43,2134,1525.8530717917365,1.5023905666187656,likely,,15,15,none,0
nLy2Oo7_hnk,UCHqH3S3G4wvIvGoRz4xWGqQ,heldout,5,3.9370,28,2292.43,2134,1525.8530717917365,1.5023905666187656,likely,,15,15,none,0
RBuvKF56k4E,UCKegeYEy0lJxpkjWRthaRMw,time,14,13.0411,27,7194.91,7235,15318.000000000002,0.4697028428065248,confirmed,0.15828064949052142,15,13,none,0
wAbfSBIODyA,UCfa9hkgsTHfK8bpDoiQZI5g,heldout,1,1.9270,30,2040.94,1788,3005.9447005686816,0.6789669340332108,early,,15,15,none,0
wAbfSBIODyA,UCfa9hkgsTHfK8bpDoiQZI5g,heldout,2,1.9270,30,2040.94,1788,3005.9447005686816,0.6789669340332108,early,,15,15,none,0
wAbfSBIODyA,UCfa9hkgsTHfK8bpDoiQZI5g,heldout,3,2.9270,30,1749.09,1788,3005.9447005686816,0.5818766439543055,early,0.4570720180540113,15,15,none,0
wAbfSBIODyA,UCfa9hkgsTHfK8bpDoiQZI5g,heldout,5,4.9270,30,1775.82,1788,2921.6850038586217,0.6078061241412791,likely,0.3307364514695318,15,15,none,0
wAbfSBIODyA,UCfa9hkgsTHfK8bpDoiQZI5g,heldout,7,6.9270,30,1792.99,1788,2897.8707977036483,0.6187280608649045,likely,0.3065169431546615,15,15,none,0
wAbfSBIODyA,UCfa9hkgsTHfK8bpDoiQZI5g,heldout,14,13.9270,30,1805.79,1788,2816.799945272815,0.6410785154416293,confirmed,0.23561726198728355,15,12,none,0
ZUgWZps-O9I,UChbcn2mOzPHEEHxPmU66Sdg,time,1,0.8302,27,800.58,845,2001.276414606903,0.4000364585157145,early,,15,7,none,0
ZUgWZps-O9I,UChbcn2mOzPHEEHxPmU66Sdg,time,2,1.8302,27,821.62,845,1939.9531653891163,0.42352703206185893,early,0.6753141252213717,15,7,none,0
ZUgWZps-O9I,UChbcn2mOzPHEEHxPmU66Sdg,time,3,2.8302,27,836.25,845,1892.9039549681802,0.4417839871296173,early,0.48925504841940765,15,7,none,0
ZUgWZps-O9I,UChbcn2mOzPHEEHxPmU66Sdg,time,5,4.8302,27,907.10,845,1872.6024848567563,0.48440492467682045,likely,0.4247015064567429,15,7,none,0
ZUgWZps-O9I,UChbcn2mOzPHEEHxPmU66Sdg,time,7,7.8302,27,850.44,845,1849.9476688170305,0.4597119530562714,confirmed,0.37848104186080855,15,6,none,0
ZUgWZps-O9I,UChbcn2mOzPHEEHxPmU66Sdg,time,14,12.8302,27,811.00,845,1787.4041333278865,0.453729316461441,confirmed,0.3166679781279554,15,5,none,0
FvuTO_ZvuDM,UCGxjDWAN1KwrkXYVi8CXtjQ,heldout,5,6.9997,30,34178.83,47092,14537.802137128481,2.351031294445595,likely,,15,12,none,0
FvuTO_ZvuDM,UCGxjDWAN1KwrkXYVi8CXtjQ,heldout,7,6.9997,30,34178.83,47092,14537.802137128481,2.351031294445595,likely,,15,12,none,0
FvuTO_ZvuDM,UCGxjDWAN1KwrkXYVi8CXtjQ,heldout,14,14.9997,30,43198.81,47092,14412.073511456496,2.997404489469381,confirmed,0.44412059575934965,15,10,none,0
-Z2KjOUcvTA,UC7cs8q-gJRlGwj4A8OmCmXg,time,1,1.8945,27,4233.26,3147,3964.482061004766,1.067797063426305,early,,15,13,none,0
-Z2KjOUcvTA,UC7cs8q-gJRlGwj4A8OmCmXg,time,2,1.8945,27,4233.26,3147,3964.482061004766,1.067797063426305,early,,15,13,none,0
-Z2KjOUcvTA,UC7cs8q-gJRlGwj4A8OmCmXg,time,3,2.8945,27,3002.44,3147,3902.9632872878383,0.7692722779413066,early,0.21469250896617528,15,13,none,0
-Z2KjOUcvTA,UC7cs8q-gJRlGwj4A8OmCmXg,time,5,4.8945,27,3081.77,3147,3805.1110348912584,0.8099023661000082,likely,0.24805437090242616,15,13,none,0
-Z2KjOUcvTA,UC7cs8q-gJRlGwj4A8OmCmXg,time,7,6.8945,27,3583.57,3147,3742.3837393992308,0.9575630168265123,likely,0.26739394896232355,15,13,none,0
-Z2KjOUcvTA,UC7cs8q-gJRlGwj4A8OmCmXg,time,14,12.8945,27,3316.63,3147,3603.0035669852527,0.9205186906632031,confirmed,0.19031959720609926,15,10,none,0
lKDHTZKQ7p0,UCEcOWDGI1Q1ReD4xrtUorWQ,time,5,6.7812,29,5380.36,5483,,,insufficient,,0,0,none,0
lKDHTZKQ7p0,UCEcOWDGI1Q1ReD4xrtUorWQ,time,7,6.7812,29,5380.36,5483,,,insufficient,,0,0,none,0
lKDHTZKQ7p0,UCEcOWDGI1Q1ReD4xrtUorWQ,time,14,13.7812,29,5326.38,5483,,,insufficient,0.21361203489688785,0,0,none,0
GYtTNEFt49E,UCk9dtbM-wjpLk134r55OUbg,time,14,15.4893,27,8687.31,8620,11834.571643153806,0.734062347463911,confirmed,0.10860786064644944,15,12,none,0
c_TD7otfvIY,UCtW1WA-bJ4s6l-ZCCT35QBg,time,1,0.8024,27,2498.34,986,7209.228052602901,0.3465477576286597,early,,14,8,none,0
c_TD7otfvIY,UCtW1WA-bJ4s6l-ZCCT35QBg,time,2,1.8024,27,1634.62,986,7213.573418429648,0.22660370487478795,early,0.004810454255521696,14,8,none,0
c_TD7otfvIY,UCtW1WA-bJ4s6l-ZCCT35QBg,time,3,2.8024,27,1209.58,986,5536.639764986266,0.2184690952426868,early,0.014160306857907144,15,9,none,0
c_TD7otfvIY,UCtW1WA-bJ4s6l-ZCCT35QBg,time,5,4.8024,27,1200.23,986,5539.980488207621,0.21664896752456897,likely,0.010838362536278668,15,9,none,0
c_TD7otfvIY,UCtW1WA-bJ4s6l-ZCCT35QBg,time,7,7.8024,27,1062.62,986,5581.177771373991,0.1903934094335696,confirmed,0.012604824082297773,15,8,none,0
c_TD7otfvIY,UCtW1WA-bJ4s6l-ZCCT35QBg,time,14,12.8024,27,980.80,986,5640.79738186483,0.17387640633691792,confirmed,0.013388486117550369,15,7,none,0
ioD2hN8pJVE,UCpXipTyhIY9kprpvVd-lu0A,time,5,5.9270,29,62262.96,54015,56725.50697511807,1.0976183723441966,likely,,15,15,none,0
ioD2hN8pJVE,UCpXipTyhIY9kprpvVd-lu0A,time,7,6.9270,29,51727.95,54015,56361.439516534454,0.9177896425123422,likely,0.20051025835262357,15,15,none,0
ioD2hN8pJVE,UCpXipTyhIY9kprpvVd-lu0A,time,14,14.9270,29,56416.42,54015,53850.00000000002,1.0476587381157232,confirmed,0.15115251914792685,15,13,none,0
eaSBkX-Yg4s,UC7ZddA__ewP3AtDefjl_tWg,heldout,1,1.0825,28,130227.53,161427,111570.5822453694,1.167221055702796,early,,15,12,none,0
eaSBkX-Yg4s,UC7ZddA__ewP3AtDefjl_tWg,time,1,1.0825,28,130227.53,161427,111570.5822453694,1.167221055702796,early,,15,12,none,0
eaSBkX-Yg4s,UC7ZddA__ewP3AtDefjl_tWg,heldout,2,2.0825,28,148809.53,161427,111546.43009126972,1.33405911716476,early,0.7706044282015128,15,12,none,0
eaSBkX-Yg4s,UC7ZddA__ewP3AtDefjl_tWg,time,2,2.0825,28,148809.53,161427,111546.43009126972,1.33405911716476,early,0.7706044282015128,15,12,none,0
eaSBkX-Yg4s,UC7ZddA__ewP3AtDefjl_tWg,heldout,3,3.0825,28,133844.13,161427,111649.84339862535,1.1987847410566042,likely,0.6240004286060331,15,11,none,0
eaSBkX-Yg4s,UC7ZddA__ewP3AtDefjl_tWg,time,3,3.0825,28,133844.13,161427,111649.84339862535,1.1987847410566042,likely,0.6240004286060331,15,11,none,0
eaSBkX-Yg4s,UC7ZddA__ewP3AtDefjl_tWg,heldout,5,5.0825,28,151242.79,161427,111437.38361925253,1.3571997371303322,likely,0.5578008227837794,15,11,none,0
eaSBkX-Yg4s,UC7ZddA__ewP3AtDefjl_tWg,time,5,5.0825,28,151242.79,161427,111437.38361925253,1.3571997371303322,likely,0.5578008227837794,15,11,none,0
eaSBkX-Yg4s,UC7ZddA__ewP3AtDefjl_tWg,heldout,7,7.0825,28,153616.39,161427,111648.00000000009,1.3758991583720257,confirmed,0.5284800024526999,15,9,none,0
eaSBkX-Yg4s,UC7ZddA__ewP3AtDefjl_tWg,time,7,7.0825,28,153616.39,161427,111648.00000000009,1.3758991583720257,confirmed,0.5284800024526999,15,9,none,0
eaSBkX-Yg4s,UC7ZddA__ewP3AtDefjl_tWg,heldout,14,13.0825,28,153710.92,161427,111648.00000000009,1.3767458052920196,confirmed,0.47524696627547475,15,6,none,0
eaSBkX-Yg4s,UC7ZddA__ewP3AtDefjl_tWg,time,14,13.0825,28,153710.92,161427,111648.00000000009,1.3767458052920196,confirmed,0.47524696627547475,15,6,none,0
E72ce8S3JE4,UCBQza5Ie61SqzFNl2lkdNAQ,time,1,0.9791,27,19991.24,22408,32393.40399194605,0.6171391284133362,early,,15,14,none,0
E72ce8S3JE4,UCBQza5Ie61SqzFNl2lkdNAQ,time,2,1.9791,27,23033.28,22408,32383.084943230206,0.7112749650726369,early,0.7495147453561586,15,14,none,0
E72ce8S3JE4,UCBQza5Ie61SqzFNl2lkdNAQ,time,3,2.9791,27,20721.44,22408,32383.084943230206,0.6398848332928769,early,0.6059423429697601,15,14,none,0
E72ce8S3JE4,UCBQza5Ie61SqzFNl2lkdNAQ,time,5,4.9791,27,25471.85,22408,32383.084943230206,0.7865788744860768,likely,0.6176984660637255,15,14,none,0
E72ce8S3JE4,UCBQza5Ie61SqzFNl2lkdNAQ,time,7,6.9791,27,26048.93,22408,32352.378976005177,0.8051627424979166,likely,0.5476762377335561,15,13,none,0
E72ce8S3JE4,UCBQza5Ie61SqzFNl2lkdNAQ,time,14,14.9791,27,24182.26,22408,32232.54477525043,0.7502434484188634,confirmed,0.4288838901296368,15,13,none,0
Nvx3MWoXnzI,UCEdGrVhYNUONApiHxV40oyw,time,14,12.8533,27,8575.70,8562,11506.765637365637,0.7452745112228659,confirmed,0.07581303202732577,15,14,none,0
-EsdeUBBVNM,UC_gSotrFVZ_PiAxo3fTQVuQ,heldout,1,0.7912,31,1707551.58,2134452,1286455.6587906978,1.327330306581169,early,,15,14,none,0
-EsdeUBBVNM,UC_gSotrFVZ_PiAxo3fTQVuQ,heldout,2,1.7912,31,1181724.56,2134452,1278182.488611443,0.9245350844900171,early,0.3313789401534652,15,14,none,0
-EsdeUBBVNM,UC_gSotrFVZ_PiAxo3fTQVuQ,heldout,3,2.7912,31,1641586.96,2134452,1277961.6175175458,1.2845354187422877,early,0.5982573126075461,15,14,none,0
-EsdeUBBVNM,UC_gSotrFVZ_PiAxo3fTQVuQ,heldout,5,4.7912,31,1941132.70,2134452,1277662.3736644657,1.5192845475182823,likely,0.570555629422199,15,14,none,0
-EsdeUBBVNM,UC_gSotrFVZ_PiAxo3fTQVuQ,heldout,7,7.7912,31,2054549.64,2134452,1276743.1236569434,1.6092114405125244,confirmed,0.5300407249193487,15,14,none,0
-EsdeUBBVNM,UC_gSotrFVZ_PiAxo3fTQVuQ,heldout,14,14.7912,31,2052263.44,2134452,1276156.784263938,1.6081593280742321,confirmed,0.46127064858259054,15,12,none,0
X-MwP-HotfE,UCzQUP1qoWDoEbmsQxvdjxgQ,time,14,13.7912,29,639609.91,647794,638000.8366736697,1.002522057234218,confirmed,0.08079920319707673,15,11,none,0
GRD0iWXan5s,UCU_n6cNknf6JlgnoVWEyTWw,time,14,14.0130,28,848.48,873,2201.008320014688,0.385493960624983,confirmed,0.11606570203081758,15,13,none,0
2Fn5cwmern8,UCLMv-CaznZ3x7LDn-1fjmVA,time,5,7.0000,27,2603.97,2787,2603.383498888109,1.0002250208163037,likely,,15,15,none,0
2Fn5cwmern8,UCLMv-CaznZ3x7LDn-1fjmVA,time,7,7.0000,27,2603.97,2787,2603.383498888109,1.0002250208163037,likely,,15,15,none,0
2Fn5cwmern8,UCLMv-CaznZ3x7LDn-1fjmVA,time,14,15.0000,27,2849.29,2787,2816.003356014542,1.0118197778214826,confirmed,0.29929752462893916,15,13,none,0
F9w5QpdToos,UCjrb6YumTXFixchqoGyULkg,time,14,13.9163,28,245704.87,243827,40113.360482576165,6.125262750856366,confirmed,0.4352303236433653,15,14,none,0
gwLQ0oySpaE,UCSCydFbXzl_kheTt4XbRLhg,time,1,0.8325,29,2129.30,1494,1967.9480026311196,1.0819893414428052,early,,15,8,none,0
gwLQ0oySpaE,UCSCydFbXzl_kheTt4XbRLhg,time,2,1.8325,29,1524.36,1494,2079.9581885401644,0.7328809507289967,early,0.4153329150952488,15,8,none,0
gwLQ0oySpaE,UCSCydFbXzl_kheTt4XbRLhg,time,3,2.8325,29,1457.81,1494,2096,0.6955188822296686,early,0.3535093078367082,15,8,none,0
gwLQ0oySpaE,UCSCydFbXzl_kheTt4XbRLhg,time,5,4.8325,29,1500.24,1494,2095.94098632148,0.7157824928223678,likely,0.3224938458539053,15,6,none,0
gwLQ0oySpaE,UCSCydFbXzl_kheTt4XbRLhg,time,7,6.8325,29,1464.82,1494,2072.8496159521196,0.7066682494782611,likely,0.2882290619573237,15,6,none,0
gwLQ0oySpaE,UCSCydFbXzl_kheTt4XbRLhg,time,14,13.8325,29,1496.28,1494,2096,0.7138736729957204,confirmed,0.2605785192327099,15,4,none,0
PvTK8TOkDAc,UCN9rUqSA8Wu6dutv0H6fBCA,time,14,13.6838,29,21432.33,22342,15177.897132807344,1.4120750649296858,confirmed,0.22611068786208946,15,15,none,0
MzV8Et4sLEk,UC1lfnF3avRvtFm_wajLLhyg,heldout,14,12.7990,28,27987.84,25971,29713.26480705977,0.9419308945975315,confirmed,,15,14,none,0
DBGOm-ntqtM,UCxkIzPnPzWLz4IeuxIROflg,heldout,5,6.8747,30,1259.82,1197,1744.9224417561595,0.7219935548917676,likely,,15,11,none,0
DBGOm-ntqtM,UCxkIzPnPzWLz4IeuxIROflg,heldout,7,6.8747,30,1259.82,1197,1744.9224417561595,0.7219935548917676,likely,,15,11,none,0
DBGOm-ntqtM,UCxkIzPnPzWLz4IeuxIROflg,heldout,14,13.8747,30,1300.25,1197,1723.1123025400238,0.75459293681077,confirmed,0.13392699659682003,15,7,none,0
17z6QWnlgmk,UC2EvrwxrEaP5BF5uUZ56uIw,time,5,6.8080,29,40.27,52,,,insufficient,,0,0,none,0
17z6QWnlgmk,UC2EvrwxrEaP5BF5uUZ56uIw,time,7,6.8080,29,40.27,52,,,insufficient,,0,0,none,0
17z6QWnlgmk,UC2EvrwxrEaP5BF5uUZ56uIw,time,14,13.8080,29,47.94,52,,,insufficient,0.38723174310029324,0,0,none,0
OCluUTaAB9g,UCq6YaxJHA-t4bYBHHvaoZ8w,heldout,5,5.5830,31,8627.43,6898,9292.519204346454,0.9284270495114396,likely,,13,12,none,0
OCluUTaAB9g,UCq6YaxJHA-t4bYBHHvaoZ8w,heldout,7,5.5830,31,8627.43,6898,9292.519204346454,0.9284270495114396,likely,,13,12,none,0
lakqZvIoAkY,UCRix1GJvSBNDpEFY561eSzw,heldout,2,2.8333,31,109056.76,109982,94254.93261185651,1.1570403207659654,early,,15,12,none,0
lakqZvIoAkY,UCRix1GJvSBNDpEFY561eSzw,heldout,3,2.8333,31,109056.76,109982,94254.93261185651,1.1570403207659654,early,,15,12,none,0
lakqZvIoAkY,UCRix1GJvSBNDpEFY561eSzw,heldout,5,4.8333,31,93273.40,109982,94103.9864468886,0.9911737574158276,likely,0.31245184205949533,15,12,none,0
lakqZvIoAkY,UCRix1GJvSBNDpEFY561eSzw,heldout,7,6.8333,31,99143.24,109982,94143.83333954655,1.053103879175355,likely,0.30219998782161045,15,12,none,0
lakqZvIoAkY,UCRix1GJvSBNDpEFY561eSzw,heldout,14,13.8333,31,109294.56,109982,93991,1.1628194707518877,confirmed,0.2783331130787343,15,11,none,0
LY_jiwPgGp8,UCGpsgNbzdF7BECCVbB1COHw,time,7,8.6267,27,17887.97,14499,5460.637712707359,3.275802902463988,confirmed,,8,8,none,0
LY_jiwPgGp8,UCGpsgNbzdF7BECCVbB1COHw,time,14,12.6267,27,14828.17,14499,9130.250504430434,1.6240701354543337,confirmed,0.027205114742351374,15,15,none,0
WVXFrCAOdik,UC3D0x-dmWYAZUIHroYc-zTw,heldout,1,1.1618,30,6983.85,4026,3686.418643023607,1.8944806464732824,early,0.09344876276025829,13,10,none,0
WVXFrCAOdik,UC3D0x-dmWYAZUIHroYc-zTw,heldout,2,2.1618,30,4781.33,4026,3677.2801646829703,1.3002356358197655,early,0.18392773701197143,13,10,none,0
WVXFrCAOdik,UC3D0x-dmWYAZUIHroYc-zTw,heldout,3,3.1618,30,4299.69,4026,3662.138798027583,1.1740912777651038,likely,0.1807414870634546,13,10,none,0
WVXFrCAOdik,UC3D0x-dmWYAZUIHroYc-zTw,heldout,5,5.1618,30,4121.95,4026,3662.138798027583,1.125558326526873,likely,0.16485036596928426,13,10,none,0
WVXFrCAOdik,UC3D0x-dmWYAZUIHroYc-zTw,heldout,7,7.1618,30,4055.02,4026,3639.1057362737006,1.1142913591729633,confirmed,0.1514778270392661,13,10,none,0
WVXFrCAOdik,UC3D0x-dmWYAZUIHroYc-zTw,heldout,14,14.1618,30,4198.75,4026,3670.0000000000023,1.1440735174267396,confirmed,0.1332066636743239,13,9,none,0
hqNiOsuUM4E,UC9vUu4vlIlMC0dHQCTvQPbg,time,3,3.9583,27,94909.03,93115,26147.390148687016,3.629770491144451,likely,,3,3,none,0
hqNiOsuUM4E,UC9vUu4vlIlMC0dHQCTvQPbg,time,5,4.9583,27,81821.56,93115,25670.178352074166,3.1874167544387624,likely,0.32401638763152785,3,3,none,0
hqNiOsuUM4E,UC9vUu4vlIlMC0dHQCTvQPbg,time,7,6.9583,27,82760.83,93115,24943.647663859552,3.3179119780561073,likely,0.2818352301444638,3,3,none,0
hqNiOsuUM4E,UC9vUu4vlIlMC0dHQCTvQPbg,time,14,14.9583,27,95500.39,93115,23126.33846759359,4.1295073958371775,confirmed,0.3032505276722446,3,3,none,0
bCdUMEAP-zc,UCGWNHkr2WZcRbxqoet-nyeg,time,14,13.8783,28,5154.08,4877,2598.9944655019985,1.9831055548613834,confirmed,,15,15,none,0
JxxrvNLxIy4,UC2cC48A261pBVKztLyzOAnA,time,0.5,0.6145,27,55048.48,49701,30353.999999999978,1.8135494333743474,early,,14,9,none,0
JxxrvNLxIy4,UC2cC48A261pBVKztLyzOAnA,time,1,0.6145,27,55048.48,49701,30353.999999999978,1.8135494333743474,early,,14,9,none,0
JxxrvNLxIy4,UC2cC48A261pBVKztLyzOAnA,time,2,1.6145,27,47661.10,49701,29685.3218741567,1.6055443535184895,early,0.590392736620074,15,10,none,0
JxxrvNLxIy4,UC2cC48A261pBVKztLyzOAnA,time,3,2.6145,27,49502.32,49701,29728.393292298828,1.6651527569486133,early,0.4737234316556866,15,10,none,0
JxxrvNLxIy4,UC2cC48A261pBVKztLyzOAnA,time,5,4.6145,27,45368.90,49701,29977.233022260953,1.5134453645513242,likely,0.42681188153679017,15,9,none,0
JxxrvNLxIy4,UC2cC48A261pBVKztLyzOAnA,time,7,6.6145,27,47174.16,49701,30353.999999999978,1.5541333228557896,likely,0.4009103947351121,15,9,none,0
JxxrvNLxIy4,UC2cC48A261pBVKztLyzOAnA,time,14,15.6145,27,49098.48,49701,30353.999999999978,1.6175292407171566,confirmed,0.32687881274612673,15,6,none,0
B0jru4K6-WI,UCEaIzMzCEkTy547iHSs2xUg,time,2,2.9581,29,6312.89,5407,10181.38905202953,0.6200425505040411,early,,15,13,none,0
B0jru4K6-WI,UCEaIzMzCEkTy547iHSs2xUg,time,3,2.9581,29,6312.89,5407,10181.38905202953,0.6200425505040411,early,,15,13,none,0
B0jru4K6-WI,UCEaIzMzCEkTy547iHSs2xUg,time,5,4.9581,29,4871.29,5407,10122.86852935035,0.4812166353386049,likely,0.1713112135381175,15,13,none,0
B0jru4K6-WI,UCEaIzMzCEkTy547iHSs2xUg,time,7,6.9581,29,5112.76,5407,10108.229736741812,0.5058018038595692,likely,0.2220474067191789,15,12,none,0
B0jru4K6-WI,UCEaIzMzCEkTy547iHSs2xUg,time,14,13.9581,29,5570.81,5407,10033.000000000007,0.5552488952131203,confirmed,0.19024785218355317,15,10,none,0
3NJv_7PxGws,UC8kGsMa0LygSX9nkBcBH1Sg,time,7,8.8333,28,4635.29,4065,10859.569388085707,0.42683938519841386,confirmed,,15,12,none,0
3NJv_7PxGws,UC8kGsMa0LygSX9nkBcBH1Sg,time,14,13.8333,28,3955.07,4065,10521.978097930316,0.37588688614108684,confirmed,0.09329478015344346,15,11,none,0
oE5KnBISNeU,UCQ_bmgSrYsQS0LboA_tZpEw,heldout,7,7.9989,30,254397.36,231880,193854.14133822167,1.312313238060364,confirmed,,15,15,none,0
l1fA8Gyb_Po,UC3-yU9goxlunhnRS8tmeeHg,time,5,4.9909,27,33.99,63,,,insufficient,,0,0,none,0
l1fA8Gyb_Po,UC3-yU9goxlunhnRS8tmeeHg,time,7,6.9909,27,53.91,63,,,insufficient,0.9637928507110132,0,0,none,0
l1fA8Gyb_Po,UC3-yU9goxlunhnRS8tmeeHg,time,14,15.9909,27,60.78,63,,,insufficient,0.6257700368052259,0,0,none,0
y4BY4pLx_JI,UCDHK7RywWc4z8J5K3MKkvRw,time,14,13.6913,29,8640.84,8529,10174.854757606397,0.8492349653012616,confirmed,0.17691071739576086,15,15,none,0
FG_h7a3uFJ0,UCUpbDOT-OVNBlaQpb9pbd2w,time,5,5.5422,28,31122.64,23187,31625.753815279677,0.9840916778502878,likely,,15,15,none,0
FG_h7a3uFJ0,UCUpbDOT-OVNBlaQpb9pbd2w,time,7,6.5422,28,25241.65,23187,30846.700371910305,0.8182932035036433,likely,0.02085528538485119,15,15,none,0
FG_h7a3uFJ0,UCUpbDOT-OVNBlaQpb9pbd2w,time,14,13.5422,28,23880.29,23187,28182.017820977206,0.8473592696977366,confirmed,0.01186705132160876,15,15,none,0
b3_g_DPu6v4,UCJ1RVDuSiJncq6VQYiqpzLA,time,14,13.9991,28,1732.40,1804,1138.5652497498868,1.5215665939763154,confirmed,0.22476164853700162,15,15,none,0
C4jXKfGDeWE,UCBRpqrzuuqE8TZcWw75JSdw,time,5,5.9581,29,29289.74,24129,,,insufficient,,2,2,none,0
C4jXKfGDeWE,UCBRpqrzuuqE8TZcWw75JSdw,time,7,6.9581,29,26874.34,24129,,,insufficient,0.22876736852286864,2,2,none,0
C4jXKfGDeWE,UCBRpqrzuuqE8TZcWw75JSdw,time,14,13.9581,29,24295.75,24129,,,insufficient,0.11423002596749547,2,2,none,0
AkErVPPN9rg,UC2cfzvGC8CJNWtvaynN7TeA,heldout,3,3.9580,27,10839.09,10068,,,insufficient,,1,1,none,0
AkErVPPN9rg,UC2cfzvGC8CJNWtvaynN7TeA,time,3,3.9580,27,10839.09,10068,,,insufficient,,1,1,none,0
AkErVPPN9rg,UC2cfzvGC8CJNWtvaynN7TeA,heldout,5,4.9580,27,12066.10,10068,,,insufficient,0.7234859180757437,1,1,none,0
AkErVPPN9rg,UC2cfzvGC8CJNWtvaynN7TeA,time,5,4.9580,27,12066.10,10068,,,insufficient,0.7234859180757437,1,1,none,0
AkErVPPN9rg,UC2cfzvGC8CJNWtvaynN7TeA,heldout,7,6.9580,27,11761.57,10068,,,insufficient,0.4739970135898579,1,1,none,0
AkErVPPN9rg,UC2cfzvGC8CJNWtvaynN7TeA,time,7,6.9580,27,11761.57,10068,,,insufficient,0.4739970135898579,1,1,none,0
AkErVPPN9rg,UC2cfzvGC8CJNWtvaynN7TeA,heldout,14,14.9580,27,10718.96,10068,,,insufficient,0.2883933529733385,1,1,none,0
AkErVPPN9rg,UC2cfzvGC8CJNWtvaynN7TeA,time,14,14.9580,27,10718.96,10068,,,insufficient,0.2883933529733385,1,1,none,0
dMl8COIdEcc,UC4wKN1tlnlNVMiRPOu7qyvQ,time,0.5,0.5828,27,2487.87,1550,2229.6625173654566,1.1158055083440983,early,,14,14,none,0
dMl8COIdEcc,UC4wKN1tlnlNVMiRPOu7qyvQ,time,1,0.5828,27,2487.87,1550,2229.6625173654566,1.1158055083440983,early,,14,14,none,0
dMl8COIdEcc,UC4wKN1tlnlNVMiRPOu7qyvQ,time,2,1.5828,27,1848.68,1550,2250.9495280688866,0.8212905101539693,early,0.6384164221885154,15,15,none,0
dMl8COIdEcc,UC4wKN1tlnlNVMiRPOu7qyvQ,time,3,2.5828,27,1606.25,1550,2331.280147327629,0.6889987377136146,early,0.4688722308875025,15,15,none,0
dMl8COIdEcc,UC4wKN1tlnlNVMiRPOu7qyvQ,time,5,4.5828,27,1816.08,1550,2363.9327988171563,0.7682467214927027,likely,0.40869481265363317,15,15,none,0
dMl8COIdEcc,UC4wKN1tlnlNVMiRPOu7qyvQ,time,7,6.5828,27,1734.17,1550,2356.054613703503,0.7360468809899657,likely,0.3564930579815311,15,15,none,0
dMl8COIdEcc,UC4wKN1tlnlNVMiRPOu7qyvQ,time,14,12.5828,27,1650.71,1550,2298.644688715051,0.7181217946369439,confirmed,0.2951946154526008,15,15,none,0
Fyj8OhfrsbI,UCfYfK0tzHZTpNFrc_NDKfTA,time,7,7.8749,29,1617.25,1429,1684.8371466387534,0.9598880168579699,confirmed,,15,15,none,0
Fyj8OhfrsbI,UCfYfK0tzHZTpNFrc_NDKfTA,time,14,14.8749,29,1390.01,1429,1677.121966387912,0.8288076342365895,confirmed,0.07847714215467459,15,12,none,0
FA9ozJB26eA,UCiBwt71hOgx2qnga5OOpRaA,time,14,12.8540,27,3090.22,3130,3660.727391295995,0.8441554249670106,confirmed,0.3375610841940095,15,14,none,0
ll_c_EYp3Is,UCXuqSBlHAE6Xw-yeJA0Tunw,heldout,1,0.7909,31,1200189.07,811714,1472330.9456105717,0.8151625658581857,early,,14,14,none,0
ll_c_EYp3Is,UCXuqSBlHAE6Xw-yeJA0Tunw,heldout,2,2.7909,31,1076566.58,811714,1531291.2353312406,0.7030449591982231,early,0.5057828675821164,15,15,none,0
ll_c_EYp3Is,UCXuqSBlHAE6Xw-yeJA0Tunw,heldout,3,2.7909,31,1076566.58,811714,1531291.2353312406,0.7030449591982231,early,0.5057828675821164,15,15,none,0
ll_c_EYp3Is,UCXuqSBlHAE6Xw-yeJA0Tunw,heldout,5,4.7909,31,1010577.70,811714,1521518.075148446,0.6641903996148941,likely,0.4065130365719247,15,15,none,0
ll_c_EYp3Is,UCXuqSBlHAE6Xw-yeJA0Tunw,heldout,7,6.7909,31,965703.75,811714,1510189.8013919946,0.6394585269557391,likely,0.35447398483643855,15,15,none,0
ll_c_EYp3Is,UCXuqSBlHAE6Xw-yeJA0Tunw,heldout,14,13.7909,31,849607.34,811714,1429158.845062527,0.5944806935615116,confirmed,0.26729387559032763,15,11,none,0
HccuMt_GNmk,UC3lJL1pUvQ2Ih2qZ-4ozrLw,time,5,6.9788,27,104.46,115,,,insufficient,,1,1,none,0
HccuMt_GNmk,UC3lJL1pUvQ2Ih2qZ-4ozrLw,time,7,6.9788,27,104.46,115,,,insufficient,,1,1,none,0
HccuMt_GNmk,UC3lJL1pUvQ2Ih2qZ-4ozrLw,time,14,14.9788,27,108.55,115,3605.2990924356727,0.03010983447039076,confirmed,0.22444344155127957,12,12,none,0
Br_Dz5FZELU,UC70SrI3VkT1MXALRtf0pcHg,heldout,1,0.9236,30,87949.92,55831,75940.10903666515,1.1581484497610899,early,,13,13,none,0
Br_Dz5FZELU,UC70SrI3VkT1MXALRtf0pcHg,heldout,2,1.9236,30,59161.00,55831,69406.89364054085,0.8523792895187294,early,0.25916358771289294,15,15,none,0
Br_Dz5FZELU,UC70SrI3VkT1MXALRtf0pcHg,heldout,3,2.9236,30,63469.95,55831,68413.35542444544,0.9277420275269324,early,0.29859191756496933,15,15,none,0
Br_Dz5FZELU,UC70SrI3VkT1MXALRtf0pcHg,heldout,5,4.9236,30,65568.77,55831,66860.10731515358,0.9806859084668548,likely,0.29270824974591747,15,15,none,0
Br_Dz5FZELU,UC70SrI3VkT1MXALRtf0pcHg,heldout,7,6.9236,30,62631.38,55831,65046.449631150324,0.9628716891812373,likely,0.24426820739287194,15,15,none,0
Br_Dz5FZELU,UC70SrI3VkT1MXALRtf0pcHg,heldout,14,13.9236,30,58395.76,55831,60954.6864460023,0.95801913650931,confirmed,0.18716002020021094,15,15,none,0
Ak0TudcBVqU,UCNh7tqEn68tf0oOfq4NsFsg,time,2,2.7081,28,540.61,599,,,insufficient,,0,0,none,0
Ak0TudcBVqU,UCNh7tqEn68tf0oOfq4NsFsg,time,3,2.7081,28,540.61,599,,,insufficient,,0,0,none,0
Ak0TudcBVqU,UCNh7tqEn68tf0oOfq4NsFsg,time,5,4.7081,28,432.27,599,781.5419025309127,0.5530973777369872,likely,0.24492740545778882,12,12,none,0
Ak0TudcBVqU,UCNh7tqEn68tf0oOfq4NsFsg,time,7,6.7081,28,492.41,599,825.8581815029851,0.5962378762080534,likely,0.24179005056564104,15,15,none,0
Ak0TudcBVqU,UCNh7tqEn68tf0oOfq4NsFsg,time,14,13.7081,28,481.25,599,820.1703787793717,0.5867730309917775,confirmed,0.18992013705015126,15,15,none,0
HvKOs2PsmNI,UCJS9pqu9BzkAMNTmzNMNhvg,time,14,13.8102,27,1937.07,1875,2486.999999999999,0.7788798870498193,confirmed,,15,11,none,0
AO_B7T47oEU,UCraEIu_mORQKKo8eV9pk6Cw,time,14,13.8748,27,446.59,435,687.4102658111822,0.6496715947140781,confirmed,,6,6,none,0
8DKli8l_BTk,UCuehmJAqhHdlv1lTIwxTYpQ,time,14,13.6586,27,42338.59,38669,46124.01568262424,0.9179294560014848,confirmed,,15,14,none,0
NjClGJvFyFk,UCz4GCx3ieKlpkMnIpQG8u4w,time,3,3.7497,27,22103.06,18274,31233.858810686725,0.7076633549121546,likely,,11,11,none,0
NjClGJvFyFk,UCz4GCx3ieKlpkMnIpQG8u4w,time,5,4.7497,27,16376.03,18274,31341.871868168797,0.5224968487021516,likely,0.15388105169752322,14,14,none,0
NjClGJvFyFk,UCz4GCx3ieKlpkMnIpQG8u4w,time,7,6.7497,27,16873.21,18274,31912.325238915146,0.5287364723989881,likely,0.19598552312932008,15,14,none,0
NjClGJvFyFk,UCz4GCx3ieKlpkMnIpQG8u4w,time,14,13.7497,27,18082.33,18274,33748.47859147056,0.5357967797296234,confirmed,0.156383183572682,15,13,none,0
2unhG4BAVF4,UCq33AlEZl8QBmxatFEwknew,time,14,13.3085,27,192.28,200,314.8398613212407,0.6107367487147668,confirmed,0.21411176751531963,15,12,none,0
-P0Lx1-jIXo,UCSPh1bFTdDalKnZPgQoOYUg,time,3,3.7035,28,5983.14,4708,8635.294154827798,0.6928704364609226,likely,,14,14,none,0
-P0Lx1-jIXo,UCSPh1bFTdDalKnZPgQoOYUg,time,5,4.7035,28,4469.82,4708,8635.294154827798,0.5176220693739421,likely,0.1955712077673893,15,15,none,0
-P0Lx1-jIXo,UCSPh1bFTdDalKnZPgQoOYUg,time,7,6.7035,28,4590.49,4708,8649.978346732334,0.5306937639152925,likely,0.20467170462560136,15,15,none,0
-P0Lx1-jIXo,UCSPh1bFTdDalKnZPgQoOYUg,time,14,13.7035,28,4882.07,4708,8757.000000000004,0.557504294592753,confirmed,0.15319387827426886,15,12,none,0
r2eMRo8RwUY,UCDFwzav9y6jSFwZDr5EPHuA,heldout,14,14.9791,31,543531.32,555839,397684.0000000002,1.3667417391441552,confirmed,0.2227513718146585,15,13,none,0
fiwcP1bUdN4,UCB1t-8MBhxyDVabeUcTj0Zw,time,5,5.7650,27,31100.89,24560,,,insufficient,,2,2,none,0
fiwcP1bUdN4,UCB1t-8MBhxyDVabeUcTj0Zw,time,7,6.7650,27,25436.26,24560,,,insufficient,0.08229945923682946,2,2,none,0
fiwcP1bUdN4,UCB1t-8MBhxyDVabeUcTj0Zw,time,14,13.7650,27,24747.37,24560,,,insufficient,0.05873678817553228,2,2,none,0
Skp_PGCiRQ4,UCWqjZ2W4pOOErFealWwBSXA,time,5,4.8720,28,2673.21,2571,2104.438921727123,1.2702722593102713,likely,,15,13,none,0
Skp_PGCiRQ4,UCWqjZ2W4pOOErFealWwBSXA,time,7,6.8720,28,2599.96,2571,2104.438921727123,1.235465770895573,likely,0.3036407800164732,15,13,none,0
Skp_PGCiRQ4,UCWqjZ2W4pOOErFealWwBSXA,time,14,13.8720,28,2573.57,2571,2077.5564334766364,1.238747326052643,confirmed,0.20065740532778817,15,9,none,0
bxM5rVQ4tv4,UCpTaewGuthzN4CuYKmgXneQ,heldout,14,13.9159,29,58740.56,66024,84575.04308225581,0.694537731109312,confirmed,,14,14,none,0
goalHozbzbc,UCcCzzSbdw5-qmdF_NuTtb2w,heldout,1,1.3744,29,4494.25,4319,5853.332240623181,0.7678100177032777,early,,15,11,none,0
goalHozbzbc,UCcCzzSbdw5-qmdF_NuTtb2w,heldout,2,1.3744,29,4494.25,4319,5853.332240623181,0.7678100177032777,early,,15,11,none,0
goalHozbzbc,UCcCzzSbdw5-qmdF_NuTtb2w,heldout,3,3.3744,29,4707.42,4319,5867.302729012669,0.8023140330734917,likely,0.5532952741025294,15,10,none,0
goalHozbzbc,UCcCzzSbdw5-qmdF_NuTtb2w,heldout,5,5.3744,29,4479.50,4319,5871.16539440262,0.7629654390534725,likely,0.5352867069035613,15,9,none,0
goalHozbzbc,UCcCzzSbdw5-qmdF_NuTtb2w,heldout,7,7.3744,29,4708.20,4319,5887.418594489454,0.7997057662048523,confirmed,0.4792781941330749,15,9,none,0
goalHozbzbc,UCcCzzSbdw5-qmdF_NuTtb2w,heldout,14,14.3744,29,4542.14,4319,5869.501040311037,0.7738548647605993,confirmed,0.3922414180225839,15,7,none,0
XSFzUR8Hh6U,UC4jbIZiyl9OUq4YpzQDOS9w,time,5,4.8955,27,10032.02,9781,,,insufficient,,0,0,none,0
XSFzUR8Hh6U,UC4jbIZiyl9OUq4YpzQDOS9w,time,7,6.8955,27,10690.43,9781,,,insufficient,0.4551093670036319,0,0,none,0
XSFzUR8Hh6U,UC4jbIZiyl9OUq4YpzQDOS9w,time,14,12.8955,27,10405.61,9781,,,insufficient,0.269774246143592,0,0,none,0
DIo6IFV78oo,UCQHX6ViZmPsWiYSFAyS0a3Q,time,0.5,0.7118,27,439182.47,244315,430449.31540619483,1.0202884675321504,early,,14,14,none,0
DIo6IFV78oo,UCQHX6ViZmPsWiYSFAyS0a3Q,time,1,0.7118,27,439182.47,244315,430449.31540619483,1.0202884675321504,early,,14,14,none,0
DIo6IFV78oo,UCQHX6ViZmPsWiYSFAyS0a3Q,time,2,1.7118,27,321873.50,244315,471035.75109409925,0.6833313613091487,early,0.4441216177951249,15,15,none,0
DIo6IFV78oo,UCQHX6ViZmPsWiYSFAyS0a3Q,time,3,2.7118,27,294548.55,244315,444653.8631107891,0.6624221107449404,early,0.3103677613383705,15,15,none,0
DIo6IFV78oo,UCQHX6ViZmPsWiYSFAyS0a3Q,time,5,4.7118,27,251785.73,244315,419122.5519646291,0.6007448802742656,likely,0.23949674435587695,15,15,none,0
DIo6IFV78oo,UCQHX6ViZmPsWiYSFAyS0a3Q,time,7,6.7118,27,250683.61,244315,407081.2608143183,0.6158072986595334,likely,0.21315560043086504,15,15,none,0
DIo6IFV78oo,UCQHX6ViZmPsWiYSFAyS0a3Q,time,14,12.7118,27,239447.44,244315,382652.8458651108,0.6257563340387563,confirmed,0.16998467362593872,15,12,none,0
M7FK_G8XTIY,UC7-Z34pbJ0ZAOJRmUCEz0Cg,time,0.5,0.6246,28,68886.27,63066,327083.99999999977,0.21060726442289796,early,,15,11,none,0
M7FK_G8XTIY,UC7-Z34pbJ0ZAOJRmUCEz0Cg,time,1,0.6246,28,68886.27,63066,327083.99999999977,0.21060726442289796,early,,15,11,none,0
M7FK_G8XTIY,UC7-Z34pbJ0ZAOJRmUCEz0Cg,time,2,1.6246,28,86785.01,63066,327083.99999999977,0.26532942288593736,early,1.0351444718352298,15,11,none,0
M7FK_G8XTIY,UC7-Z34pbJ0ZAOJRmUCEz0Cg,time,3,2.6246,28,88134.25,63066,327083.99999999977,0.2694544776039608,early,0.8195226852983379,15,10,none,0
M7FK_G8XTIY,UC7-Z34pbJ0ZAOJRmUCEz0Cg,time,5,4.6246,28,85007.63,63066,327083.99999999977,0.2598954124449777,likely,0.5940327512506721,15,10,none,0
M7FK_G8XTIY,UC7-Z34pbJ0ZAOJRmUCEz0Cg,time,7,6.6246,28,81834.74,63066,327083.99999999977,0.2501948865300764,likely,0.5031615066999793,15,10,none,0
M7FK_G8XTIY,UC7-Z34pbJ0ZAOJRmUCEz0Cg,time,14,13.6246,28,77555.24,63066,327083.99999999977,0.2371110671260088,confirmed,0.38139014402581817,15,9,none,0
PgV3iLwSVlo,UCGpsgNbzdF7BECCVbB1COHw,time,14,12.9297,27,15384.17,14911,6790.353352668712,2.265592226232438,confirmed,0.0038794518366698956,15,15,none,0
xaG3KqnpqDg,UCXUyg1vYSupswhi0zNeD-5w,time,5,4.8454,28,3561.11,3824,3159.760007372848,1.1270184514781671,likely,,13,13,none,0
xaG3KqnpqDg,UCXUyg1vYSupswhi0zNeD-5w,time,7,6.8454,28,4258.69,3824,3159.760007372848,1.3477889214908143,likely,0.5707803738372246,14,14,none,0
xaG3KqnpqDg,UCXUyg1vYSupswhi0zNeD-5w,time,14,13.8454,28,4163.56,3824,3226.058826646872,1.2906019970413862,confirmed,0.32965478313782703,14,14,none,0
fzsT5LPKiC8,UC1LJVKQ0hp7sKyfAbKoDHMw,heldout,14,13.0608,30,62.06,60,70.75546170400551,0.8770672689360342,confirmed,,15,12,none,0
eWJcg6j_7CE,UCsLt8oYvDYGpSHcGhRBBkyw,time,14,13.8704,27,5356.62,4956,2659.736692228512,2.013966584852067,confirmed,0.7457472023952023,15,15,none,0
Yk75K20y_1k,UCUpbDOT-OVNBlaQpb9pbd2w,time,3,3.9628,28,71120.73,66269,31625.753815279677,2.2488233175356367,likely,,15,15,none,0
Yk75K20y_1k,UCUpbDOT-OVNBlaQpb9pbd2w,time,5,4.9628,28,60616.05,66269,30818.557609759362,1.9668684453755891,likely,0.26196092306355545,15,15,none,0
Yk75K20y_1k,UCUpbDOT-OVNBlaQpb9pbd2w,time,7,7.9628,28,55952.30,66269,28752.022000309174,1.9460299294603582,confirmed,0.21325567902921133,15,15,none,0
Yk75K20y_1k,UCUpbDOT-OVNBlaQpb9pbd2w,time,14,12.9628,28,67399.20,66269,26673.70739023746,2.5268028551437847,confirmed,0.2847165258425396,15,15,none,0
SY2iM_XZM3Y,UC675NhQ4EU5TzwCMwYp5XCw,time,5,4.9452,27,4468.04,3747,,,insufficient,,1,1,none,0
SY2iM_XZM3Y,UC675NhQ4EU5TzwCMwYp5XCw,time,7,6.9452,27,3783.44,3747,,,insufficient,0.15894311812873732,1,1,none,0
SY2iM_XZM3Y,UC675NhQ4EU5TzwCMwYp5XCw,time,14,12.9452,27,3751.48,3747,,,insufficient,0.11678047284424764,1,1,none,0
bUdsiDvYlcc,UCFbNIlppjAuEX4znoulh0Cw,time,3,3.8326,29,27033.52,23119,,,insufficient,,0,0,none,0
bUdsiDvYlcc,UCFbNIlppjAuEX4znoulh0Cw,time,5,4.8326,29,20030.35,23119,26679.066848921946,0.7507891621686476,likely,0.156689769529702,15,14,none,0
bUdsiDvYlcc,UCFbNIlppjAuEX4znoulh0Cw,time,7,6.8326,29,20520.31,23119,26533.714015343336,0.773367534968497,likely,0.18694035506627346,15,14,none,0
bUdsiDvYlcc,UCFbNIlppjAuEX4znoulh0Cw,time,14,14.8326,29,23257.71,23119,26354.81278402032,0.8824842142326672,confirmed,0.19174710003017048,15,13,none,0
BcJmDvnYF8Y,UCzV_hd9M_7UBEVrGLUJu-2Q,heldout,14,13.0831,28,5845.28,5932,8625.907663604203,0.6776426022055342,confirmed,0.10765585643048586,15,10,none,0
BcJmDvnYF8Y,UCzV_hd9M_7UBEVrGLUJu-2Q,time,14,13.0831,28,5845.28,5932,8625.907663604203,0.6776426022055342,confirmed,0.10765585643048586,15,10,none,0
CAdfrc55Dfg,UCEf_Bc-KVd7onSeifS3py9g,time,1,1.1248,28,121832.03,59103,356803.6424136754,0.34145399595138487,early,1.2519868634513494,14,14,none,0
CAdfrc55Dfg,UCEf_Bc-KVd7onSeifS3py9g,time,2,2.1248,28,106888.74,59103,303251.51425636315,0.35247553688436234,early,0.8127045772908867,15,13,none,0
CAdfrc55Dfg,UCEf_Bc-KVd7onSeifS3py9g,time,3,3.1248,28,125244.00,59103,303236.00000000006,0.41302484179322074,likely,0.6558427195198578,15,12,none,0
CAdfrc55Dfg,UCEf_Bc-KVd7onSeifS3py9g,time,5,5.1248,28,122045.63,59103,303236.00000000006,0.40247736165226905,likely,0.5159170506070613,15,12,none,0
CAdfrc55Dfg,UCEf_Bc-KVd7onSeifS3py9g,time,7,7.1248,28,69305.54,59103,303236.00000000006,0.228553150321393,confirmed,0.45079844838934424,15,11,none,0
CAdfrc55Dfg,UCEf_Bc-KVd7onSeifS3py9g,time,14,14.1248,28,64965.83,59103,303236.00000000006,0.21424182718929174,confirmed,0.3542826778196137,15,8,none,0
nOgoGX589mc,UCrzFIb07hYMhMguR1G0ZtOw,heldout,1,0.9843,30,8186.64,29876,10712.404740623206,0.764220197554037,early,,14,13,none,0
nOgoGX589mc,UCrzFIb07hYMhMguR1G0ZtOw,heldout,14,13.9843,30,18788.43,29876,8052.690507789886,2.3331861305245596,confirmed,0.6900332956677627,15,13,none,0
qHfWSj4ix3E,UCdjEFkZWl9eBgV8azx1A_hg,heldout,5,4.8300,27,348.09,333,610.1238696913797,0.5705209216602956,likely,,3,3,none,0
qHfWSj4ix3E,UCdjEFkZWl9eBgV8azx1A_hg,time,5,4.8300,27,348.09,333,610.1238696913797,0.5705209216602956,likely,,3,3,none,0
qHfWSj4ix3E,UCdjEFkZWl9eBgV8azx1A_hg,heldout,7,6.8300,27,300.17,333,598.2058563800392,0.5017813452082724,likely,0.2179887157503787,3,3,none,0
qHfWSj4ix3E,UCdjEFkZWl9eBgV8azx1A_hg,time,7,6.8300,27,300.17,333,598.2058563800392,0.5017813452082724,likely,0.2179887157503787,3,3,none,0
qHfWSj4ix3E,UCdjEFkZWl9eBgV8azx1A_hg,heldout,14,12.8300,27,326.99,333,590.1365285558016,0.5540953388199913,confirmed,0.187461614395613,3,3,none,0
qHfWSj4ix3E,UCdjEFkZWl9eBgV8azx1A_hg,time,14,12.8300,27,326.99,333,590.1365285558016,0.5540953388199913,confirmed,0.187461614395613,3,3,none,0
rK-bzOq9yS4,UCt_t6FwNsqr3WWoL6dFqG9w,time,1,0.9571,28,16418.89,21859,,,insufficient,,4,3,none,0
rK-bzOq9yS4,UCt_t6FwNsqr3WWoL6dFqG9w,time,2,1.9571,28,28279.45,21859,,,insufficient,1.2642040352463793,4,3,none,0
rK-bzOq9yS4,UCt_t6FwNsqr3WWoL6dFqG9w,time,3,2.9571,28,31237.84,21859,,,insufficient,1.07708126780176,4,3,none,0
rK-bzOq9yS4,UCt_t6FwNsqr3WWoL6dFqG9w,time,5,4.9571,28,37724.49,21859,,,insufficient,0.9743164842114239,4,3,none,0
rK-bzOq9yS4,UCt_t6FwNsqr3WWoL6dFqG9w,time,7,7.9571,28,33583.55,21859,,,insufficient,0.7236521994649432,4,3,none,0
rK-bzOq9yS4,UCt_t6FwNsqr3WWoL6dFqG9w,time,14,12.9571,28,26116.21,21859,,,insufficient,0.5750561432790973,4,3,none,0
eCx_AycNMHE,UCB5Nin2VBUeNLqamqEVh-2A,heldout,0.5,0.4967,30,3747.71,2179,46042.75606349365,0.08139633666057246,early,,13,12,none,0
eCx_AycNMHE,UCB5Nin2VBUeNLqamqEVh-2A,heldout,1,0.4967,30,3747.71,2179,46042.75606349365,0.08139633666057246,early,,13,12,none,0
eCx_AycNMHE,UCB5Nin2VBUeNLqamqEVh-2A,heldout,5,5.4967,30,2346.29,2179,45006.834549880834,0.05213196567340728,likely,0.29707716966095854,15,14,none,0
eCx_AycNMHE,UCB5Nin2VBUeNLqamqEVh-2A,heldout,7,6.4967,30,2290.24,2179,45116.94737612967,0.0507623283630651,likely,0.294405882175522,15,14,none,0
eCx_AycNMHE,UCB5Nin2VBUeNLqamqEVh-2A,heldout,14,14.4967,30,2322.18,2179,46247.220222050775,0.0502123329889957,confirmed,0.24221510364367183,15,13,none,0
7IdJ0_taonw,UC9vUu4vlIlMC0dHQCTvQPbg,heldout,5,6.8245,29,60304.10,58053,,,insufficient,,0,0,none,0
7IdJ0_taonw,UC9vUu4vlIlMC0dHQCTvQPbg,time,5,6.8245,29,60304.10,58053,,,insufficient,,0,0,none,0
7IdJ0_taonw,UC9vUu4vlIlMC0dHQCTvQPbg,heldout,7,6.8245,29,60304.10,58053,,,insufficient,,0,0,none,0
7IdJ0_taonw,UC9vUu4vlIlMC0dHQCTvQPbg,time,7,6.8245,29,60304.10,58053,,,insufficient,,0,0,none,0
7IdJ0_taonw,UC9vUu4vlIlMC0dHQCTvQPbg,heldout,14,13.8245,29,57089.96,58053,,,insufficient,0.14455661842970122,0,0,none,0
7IdJ0_taonw,UC9vUu4vlIlMC0dHQCTvQPbg,time,14,13.8245,29,57089.96,58053,,,insufficient,0.14455661842970122,0,0,none,0
4CPVvLT3XkQ,UCPAt6z5uX_c5Eo_cSNROzYw,time,14,13.7065,29,571.51,564,10448.291748335078,0.05469856665092901,confirmed,0.017136326176671168,15,15,none,0
27foEj8ujSI,UCuwpzP90g1LuGk6JUNms_AQ,time,14,13.9582,28,14784.53,24204,6395.6612145605,2.3116494515044095,confirmed,1.3568194510159461,15,13,none,0
b7q6_A4CnR0,UCAHNAm34YmE_4k6iq9Ig0vg,time,5,5.6244,28,31352.43,31910,,,insufficient,,0,0,none,0
b7q6_A4CnR0,UCAHNAm34YmE_4k6iq9Ig0vg,time,7,6.6244,28,29020.61,31910,,,insufficient,0.2809451999146414,0,0,none,0
b7q6_A4CnR0,UCAHNAm34YmE_4k6iq9Ig0vg,time,14,13.6244,28,32196.06,31910,,,insufficient,0.2794248110964557,0,0,none,0
xf59x78d1mU,UCWzNlC-0FQVelSKLlUoj71g,time,14,13.9569,30,5115.29,4874,2443.0936463323605,2.0937775173071347,confirmed,,11,11,none,0
TonjxDPHQ2s,UCEDEjunbQbKAQBlAGyKqpjQ,heldout,14,11.9895,28,4365.07,4277,3474.9738526890355,1.2561435882352137,confirmed,,15,15,none,0
WtyDkr9lM3g,UCc2lUKVOTXKlQR7Fm7h1JfQ,time,5,6.9061,29,28868.95,25872,,,insufficient,,0,0,none,0
WtyDkr9lM3g,UCc2lUKVOTXKlQR7Fm7h1JfQ,time,7,6.9061,29,28868.95,25872,,,insufficient,,0,0,none,0
WtyDkr9lM3g,UCc2lUKVOTXKlQR7Fm7h1JfQ,time,14,13.9061,29,25477.00,25872,,,insufficient,0.1136400903170104,0,0,none,0
pFxmj3nAKew,UCyO9K3_tU2OTrNljdHm7L_g,time,14,14.0406,29,3686.87,3815,3007.1458449393567,1.226035810550943,confirmed,,15,15,none,0
VsOfwiULBlI,UCdjEFkZWl9eBgV8azx1A_hg,time,5,5.8245,28,409.28,367,,,insufficient,,2,2,none,0
VsOfwiULBlI,UCdjEFkZWl9eBgV8azx1A_hg,time,7,7.8245,28,348.55,367,,,insufficient,0.20151365551350972,2,2,none,0
VsOfwiULBlI,UCdjEFkZWl9eBgV8azx1A_hg,time,14,13.8245,28,362.84,367,,,insufficient,0.13410151159902534,2,2,none,0
FAouX9NYR9s,UCNq_6MwbXuGnrHqQVkRJIYQ,time,1,0.8270,29,3342.63,4792,3028.27595008996,1.1038054046356773,early,,14,11,none,0
FAouX9NYR9s,UCNq_6MwbXuGnrHqQVkRJIYQ,time,2,1.8270,29,2825.77,4792,3933.002019093508,0.7184767840147533,early,0.5972351798836739,15,12,none,0
FAouX9NYR9s,UCNq_6MwbXuGnrHqQVkRJIYQ,time,3,2.8270,29,2949.96,4792,3790.6167851277337,0.7782274080800876,early,0.49095399043197996,15,12,none,0
FAouX9NYR9s,UCNq_6MwbXuGnrHqQVkRJIYQ,time,5,4.8270,29,3808.80,4792,3789.4203567761747,1.0051148408335737,likely,0.579295108259293,15,12,none,0
FAouX9NYR9s,UCNq_6MwbXuGnrHqQVkRJIYQ,time,7,6.8270,29,5434.72,4792,3672.8325492833733,1.4797088985298656,likely,0.6679228387490966,15,12,none,0
FAouX9NYR9s,UCNq_6MwbXuGnrHqQVkRJIYQ,time,14,12.8270,29,5083.93,4792,3760.70311883333,1.3518569347578955,confirmed,0.5939652506985635,15,11,none,0
2IAJQ1GPJ2s,UCso1B56GyEtnhn2OPENKXoQ,time,14,14.1651,27,84.22,79,179.03077010654954,0.47042539547812073,confirmed,,12,12,none,0
-yPZYhydW9g,UCKmkpoEqg1sOMGEiIysP8Tw,time,5,5.8643,29,99920.42,73845,59176.689535157115,1.688509732261151,likely,,15,15,none,0
-yPZYhydW9g,UCKmkpoEqg1sOMGEiIysP8Tw,time,7,6.8643,29,80844.29,73845,58615.85784180486,1.3792222227328679,likely,0.004101290892917423,15,15,none,0
-yPZYhydW9g,UCKmkpoEqg1sOMGEiIysP8Tw,time,14,13.8643,29,76194.33,73845,60023.160206007364,1.2694155411527914,confirmed,0.004237701750607326,15,14,none,0
5WIsNsq1Zuw,UC1iFTPspSKcb4vb1N7czmRQ,time,5,4.7778,27,140.05,128,,,insufficient,,0,0,none,0
5WIsNsq1Zuw,UC1iFTPspSKcb4vb1N7czmRQ,time,7,6.7778,27,117.65,128,,,insufficient,0.12817354059013605,0,0,none,0
5WIsNsq1Zuw,UC1iFTPspSKcb4vb1N7czmRQ,time,14,12.7778,27,126.02,128,,,insufficient,0.13677314997927523,0,0,none,0
RCoAYrh84zY,UCsjrTadAFqgr29SsPPN6QRA,time,14,12.7371,27,2241.60,2321,1675.5838315336014,1.3378047118370047,confirmed,0.2755922408669756,15,15,none,0
4N5mpIOx4Ak,UC5_SBQbLA9Kg7Jh5GpXoP3g,time,1,1.8332,28,338.29,484,770.4139739675793,0.4390979365052128,early,,14,13,none,0
4N5mpIOx4Ak,UC5_SBQbLA9Kg7Jh5GpXoP3g,time,2,1.8332,28,338.29,484,770.4139739675793,0.4390979365052128,early,,14,13,none,0
4N5mpIOx4Ak,UC5_SBQbLA9Kg7Jh5GpXoP3g,time,3,2.8332,28,287.08,484,729,0.39380008580496495,early,0.41189981851622753,15,13,none,0
4N5mpIOx4Ak,UC5_SBQbLA9Kg7Jh5GpXoP3g,time,5,4.8332,28,247.50,484,729,0.339505537941044,likely,0.25119426616758683,15,12,none,0
4N5mpIOx4Ak,UC5_SBQbLA9Kg7Jh5GpXoP3g,time,7,6.8332,28,348.86,484,729,0.47855017667183714,likely,0.4113004194506441,15,12,none,0
4N5mpIOx4Ak,UC5_SBQbLA9Kg7Jh5GpXoP3g,time,14,12.8332,28,464.20,484,729,0.636764983240749,confirmed,0.40313568914158615,15,12,none,0
gTjQShtWe7A,UCekqigelo-rjhHWL1NEL4yw,time,14,12.7910,27,234.93,225,252.72699776792186,0.9295849179091105,confirmed,,15,11,none,0
KHqS3pnLVwg,UC5_SBQbLA9Kg7Jh5GpXoP3g,time,1,1.8329,28,91.58,262,770.4139739675793,0.11887181706494711,early,,10,9,none,0
KHqS3pnLVwg,UC5_SBQbLA9Kg7Jh5GpXoP3g,time,2,1.8329,28,91.58,262,770.4139739675793,0.11887181706494711,early,,10,9,none,0
KHqS3pnLVwg,UC5_SBQbLA9Kg7Jh5GpXoP3g,time,3,2.8329,28,457.90,262,516.616214390456,0.886346696730667,early,4.876087035858724,15,13,none,0
KHqS3pnLVwg,UC5_SBQbLA9Kg7Jh5GpXoP3g,time,5,4.8329,28,432.63,262,516.616214390456,0.8374279680943388,likely,2.15297241914428,15,12,none,0
KHqS3pnLVwg,UC5_SBQbLA9Kg7Jh5GpXoP3g,time,7,6.8329,28,388.78,262,519.3767596917385,0.7485469716998346,likely,1.5539729051931297,15,12,none,0
KHqS3pnLVwg,UC5_SBQbLA9Kg7Jh5GpXoP3g,time,14,13.8329,28,356.19,262,518.47446346971,0.686988362353518,confirmed,0.9671928304441784,15,12,none,0
Hs2Ywndv3NM,UC0Fh1HN4RvOw2hMk9n5PysA,time,7,7.9579,27,181.23,164,453.44007731538846,0.39968510238213284,confirmed,,4,4,none,0
Hs2Ywndv3NM,UC0Fh1HN4RvOw2hMk9n5PysA,time,14,14.9579,27,160.19,164,435.0949383944197,0.3681660794341372,confirmed,0.12748434227329816,15,13,none,0
BOAOyymkuJc,UCUpbDOT-OVNBlaQpb9pbd2w,time,5,4.6757,28,62378.53,46783,30395.060342293662,2.0522589582417194,likely,,15,15,none,0
BOAOyymkuJc,UCUpbDOT-OVNBlaQpb9pbd2w,time,7,6.6757,28,50887.91,46783,28560.608658553785,1.781751710231557,likely,0.029188656987064947,15,15,none,0
BOAOyymkuJc,UCUpbDOT-OVNBlaQpb9pbd2w,time,14,13.6757,28,48183.28,46783,25474.729443887118,1.8914146151602895,confirmed,0.017002047311104797,15,15,none,0
QmiqqkebDWc,UCglNXzBo6bmKc9otKf-OuGQ,time,14,13.5829,29,2136.17,2136,9064.553723840269,0.23566232334008794,confirmed,0.047753407772770255,15,15,none,0
Kw9OC2uaFs0,UCuK2Mf5As9OKfWU7XV6yzCg,time,1,0.8330,29,12948.37,11656,5268.07301536989,2.457894306264435,early,,15,12,none,0
Kw9OC2uaFs0,UCuK2Mf5As9OKfWU7XV6yzCg,time,2,1.8330,29,21641.48,11656,5244.612060257249,4.126421792652584,early,1.3605989483858616,15,12,none,0
Kw9OC2uaFs0,UCuK2Mf5As9OKfWU7XV6yzCg,time,3,3.8330,29,17775.73,11656,5184.7099628979395,3.4284904622247545,likely,0.7510019860597746,15,11,none,0
Kw9OC2uaFs0,UCuK2Mf5As9OKfWU7XV6yzCg,time,5,4.8330,29,15966.07,11656,5157.477586799261,3.0957125358373756,likely,0.6486085302916049,15,11,none,0
Kw9OC2uaFs0,UCuK2Mf5As9OKfWU7XV6yzCg,time,7,6.8330,29,15330.72,11656,5104.024623632542,3.0036523108266806,likely,0.5338006017689935,15,11,none,0
Kw9OC2uaFs0,UCuK2Mf5As9OKfWU7XV6yzCg,time,14,13.8330,29,12761.94,11656,4996.810333261627,2.5540176473452663,confirmed,0.395695213139707,15,10,none,0
c-EKgO6KjPo,UC3lJL1pUvQ2Ih2qZ-4ozrLw,time,5,6.9574,27,2300.66,2331,319.9036881765332,7.1917124715865235,likely,,8,8,none,0
c-EKgO6KjPo,UC3lJL1pUvQ2Ih2qZ-4ozrLw,time,7,6.9574,27,2300.66,2331,319.9036881765332,7.1917124715865235,likely,,8,8,none,0
c-EKgO6KjPo,UC3lJL1pUvQ2Ih2qZ-4ozrLw,time,14,14.9574,27,2284.60,2331,515.8493441348695,4.428808365952742,confirmed,0.20140596516962064,12,12,none,0
DhBc-n1yzV0,UCuTaETsuCOkJ0H_GAztWt0Q,time,14,13.0384,28,114356.09,115270,145603.05765249292,0.7853962138405143,confirmed,0.10869229461569163,15,11,none,0
nGt7P7saaZs,UCEf_Bc-KVd7onSeifS3py9g,time,0.5,0.3745,29,81653.37,38248,415692.17964340304,0.19642748458537498,early,,13,12,none,0
nGt7P7saaZs,UCEf_Bc-KVd7onSeifS3py9g,time,1,1.3745,29,60597.91,38248,356803.6424136754,0.1698354643980709,early,0.4175916980486847,15,14,none,0
nGt7P7saaZs,UCEf_Bc-KVd7onSeifS3py9g,time,2,2.3745,29,42349.02,38248,359728.54927590606,0.11772493874566069,early,0.3166650675682967,15,12,none,0
nGt7P7saaZs,UCEf_Bc-KVd7onSeifS3py9g,time,3,3.3745,29,53749.58,38248,360133.08076714515,0.1492492030951465,likely,0.31532363263608815,15,11,none,0
nGt7P7saaZs,UCEf_Bc-KVd7onSeifS3py9g,time,5,5.3745,29,48680.57,38248,363015.9734306304,0.1341003587133014,likely,0.3099584737103437,15,11,none,0
nGt7P7saaZs,UCEf_Bc-KVd7onSeifS3py9g,time,7,7.3745,29,41506.57,38248,366815.3613438988,0.11315384810398803,confirmed,0.30791315645183215,15,10,none,0
nGt7P7saaZs,UCEf_Bc-KVd7onSeifS3py9g,time,14,14.3745,29,39829.16,38248,368426.9999999997,0.1081059796342019,confirmed,0.2526895009599474,15,7,none,0
ao5GfJe0egI,UCGbg3DjQdcqWwqOLHpYHXIg,time,1,0.8333,27,416824.84,312243,347080.60096355947,1.200945354461131,early,,15,12,none,0
ao5GfJe0egI,UCGbg3DjQdcqWwqOLHpYHXIg,time,2,1.8333,27,357143.51,312243,347198.70948818384,1.0286429759141213,early,0.6297718240665423,15,12,none,0
ao5GfJe0egI,UCGbg3DjQdcqWwqOLHpYHXIg,time,3,2.8333,27,370358.75,312243,348684.9999999999,1.0621585371422533,early,0.5013137223863006,15,11,none,0
ao5GfJe0egI,UCGbg3DjQdcqWwqOLHpYHXIg,time,5,4.8333,27,355538.95,312243,348684.9999999999,1.0196565669441466,likely,0.42332304789097075,15,11,none,0
ao5GfJe0egI,UCGbg3DjQdcqWwqOLHpYHXIg,time,7,6.8333,27,351176.99,312243,348684.9999999999,1.00714683009287,likely,0.3905258044293536,15,11,none,0
ao5GfJe0egI,UCGbg3DjQdcqWwqOLHpYHXIg,time,14,12.8333,27,329467.28,312243,348684.9999999999,0.9448851403547973,confirmed,0.3115208165894154,15,10,none,0
kbs1XMHabz8,UCSJhfA8s9mLYTfavcV5yoHA,heldout,14,14.1458,27,1896.77,1861,1068.6596760511836,1.7749058295781304,confirmed,0.20026268587898374,15,13,none,0
x-vaVjdk264,UCcilAnkcu67nJwNlgqVKdXw,time,14,12.6153,27,16939.54,17398,9029.681565567138,1.8759839604608053,confirmed,0.10655602058171713,15,11,none,0
TN0nLnLc9Go,UCLFgO1aEI66fh06p6u6-juw,heldout,1,1.7123,29,2924.97,2327,12148.00755420527,0.2407776999066936,early,,15,15,none,0
TN0nLnLc9Go,UCLFgO1aEI66fh06p6u6-juw,heldout,2,1.7123,29,2924.97,2327,12148.00755420527,0.2407776999066936,early,,15,15,none,0
TN0nLnLc9Go,UCLFgO1aEI66fh06p6u6-juw,heldout,3,2.7123,29,2049.72,2327,12185.398959477796,0.1682111333810235,early,0.16464976114117175,15,15,none,0
TN0nLnLc9Go,UCLFgO1aEI66fh06p6u6-juw,heldout,5,5.7123,29,2146.52,2327,12522.104846809287,0.17141820400439897,likely,0.20355227275948698,15,15,none,0
TN0nLnLc9Go,UCLFgO1aEI66fh06p6u6-juw,heldout,7,6.7123,29,2104.48,2327,12522.104846809287,0.16806106931729936,likely,0.19263566330724707,15,15,none,0
TN0nLnLc9Go,UCLFgO1aEI66fh06p6u6-juw,heldout,14,13.7123,29,2400.08,2327,13380.00000000001,0.17937848013186897,confirmed,0.1800661607507116,15,13,none,0
7axXvMi_ckE,UCnnOksyxFnRBGHK1ZyLRJGA,time,14,14.0415,28,28131.08,27521,26481.28851842119,1.0623002926962595,confirmed,0.13533960777847387,15,13,none,0
iTc7OQzk5-4,UCSLClJLzdUMRMe0E4SPfc-w,time,0.5,0.5097,29,14415.01,7445,84714.26524970712,0.17016035962510742,early,,15,11,none,0
iTc7OQzk5-4,UCSLClJLzdUMRMe0E4SPfc-w,time,1,0.5097,29,14415.01,7445,84714.26524970712,0.17016035962510742,early,,15,11,none,0
iTc7OQzk5-4,UCSLClJLzdUMRMe0E4SPfc-w,time,2,1.5097,29,10507.58,7445,83985.02572302052,0.12511251727546022,early,0.57727635019195,15,11,none,0
iTc7OQzk5-4,UCSLClJLzdUMRMe0E4SPfc-w,time,3,2.5097,29,8150.45,7445,83451.44810470077,0.09766697666110558,early,0.39389777633155165,15,10,none,0
iTc7OQzk5-4,UCSLClJLzdUMRMe0E4SPfc-w,time,5,4.5097,29,7760.60,7445,82403.28628084602,0.09417823467514749,likely,0.2927545992063861,15,8,none,0
iTc7OQzk5-4,UCSLClJLzdUMRMe0E4SPfc-w,time,7,6.5097,29,8066.10,7445,81165.26507347952,0.09937871460927807,likely,0.25415778801095124,15,8,none,0
iTc7OQzk5-4,UCSLClJLzdUMRMe0E4SPfc-w,time,14,13.5097,29,7454.34,7445,78406.12911516379,0.09507346321467058,confirmed,0.20491003703196475,15,5,none,0
gO0rrW6YhKo,UC3DkFux8Iv-aYnTRWzwaiBA,heldout,1,1.6561,29,109199.48,117801,133229.9040288721,0.8196318860022651,early,,15,13,none,0
gO0rrW6YhKo,UC3DkFux8Iv-aYnTRWzwaiBA,heldout,2,1.6561,29,109199.48,117801,133229.9040288721,0.8196318860022651,early,,15,13,none,0
gO0rrW6YhKo,UC3DkFux8Iv-aYnTRWzwaiBA,heldout,3,3.6561,29,121404.44,117801,133269.62520110593,0.9109686052636584,likely,0.509290749238471,15,13,none,0
gO0rrW6YhKo,UC3DkFux8Iv-aYnTRWzwaiBA,heldout,5,4.6561,29,119553.28,117801,132892.28281837903,0.8996254375901881,likely,0.46937667401270183,15,13,none,0
gO0rrW6YhKo,UC3DkFux8Iv-aYnTRWzwaiBA,heldout,7,6.6561,29,117679.76,117801,132557.29228641748,0.8877652847453805,likely,0.4366723321739446,15,13,none,0
gO0rrW6YhKo,UC3DkFux8Iv-aYnTRWzwaiBA,heldout,14,14.6561,29,113055.00,117801,131049.13592144373,0.8626916484175632,confirmed,0.3145973304096778,15,13,none,0
ZdhSeoqPJ1g,UCAuUUnT6oDeKwE6v1NGQxug,time,5,5.8742,28,16352.00,14189,,,insufficient,,2,2,none,0
ZdhSeoqPJ1g,UCAuUUnT6oDeKwE6v1NGQxug,time,7,6.8742,28,15195.68,14189,,,insufficient,0.3198873546008719,2,2,none,0
ZdhSeoqPJ1g,UCAuUUnT6oDeKwE6v1NGQxug,time,14,12.8742,28,14565.81,14189,,,insufficient,0.15490092335274633,2,2,none,0
heZ39fuLFJ4,UCqhmd5fM8oJrJnahTxaMUUA,time,14,14.9990,27,11832.54,11715,12091.336908979803,0.9785968402002039,confirmed,0.13701283385649388,15,13,none,0
CJDJ4eWvGKg,UCsvqVGtbbyHaMoevxPAq9Fg,time,7,8.8957,28,2593.90,2660,5549.831281880138,0.46738372196949085,confirmed,,15,15,none,0
CJDJ4eWvGKg,UCsvqVGtbbyHaMoevxPAq9Fg,time,14,13.8957,28,2534.81,2660,5480.405218394991,0.4625231429467688,confirmed,0.23078260867888042,15,15,none,0
atrWZ7Lkc3M,UCyNlnI6hQO3pVHswmGYvQxA,heldout,14,14.1591,30,10532.01,10409,27257.376067531484,0.38639120074971284,confirmed,,15,15,none,0
nf4FKyRwD1s,UCCZLVYAGIoGvaFUrTyyeaXA,time,5,4.9164,27,28536.45,27321,11187.442952987421,2.55075739645864,likely,,7,7,none,0
nf4FKyRwD1s,UCCZLVYAGIoGvaFUrTyyeaXA,time,7,6.9164,27,33551.27,27321,10724.727338595676,3.1284031053265644,likely,0.5184184675707033,7,7,none,0
nf4FKyRwD1s,UCCZLVYAGIoGvaFUrTyyeaXA,time,14,12.9164,27,29014.39,27321,9774.8405285268,2.9682725019995027,confirmed,0.24708804529902667,7,7,none,0
s_VVK_0dQno,UCGpsgNbzdF7BECCVbB1COHw,time,14,13.5525,28,8973.58,8814,6790.353352668712,1.321519367215925,confirmed,0.025015243293959582,15,15,none,0
wmnIc2Qtd3o,UCQVakLjtBUGlQOThqRZ7uhw,time,14,13.7792,29,7304.52,7119,2949.754982699165,2.476313368564022,confirmed,0.24884788409971134,15,12,none,0
Q4NKhkbmTgs,UC8T8KJwCworH4Hpr5YjEzZA,time,5,5.0624,27,25433.73,31566,,,insufficient,1.34111822350763,1,1,none,0
Q4NKhkbmTgs,UC8T8KJwCworH4Hpr5YjEzZA,time,7,7.0624,27,29021.13,31566,,,insufficient,1.0875441564585402,1,1,none,0
Q4NKhkbmTgs,UC8T8KJwCworH4Hpr5YjEzZA,time,14,15.0624,27,33696.06,31566,,,insufficient,0.7881889741235288,1,1,none,0
dvuKqGfX52M,UC_wSuaxwUYsJOBZDWwHIQZg,time,0.5,0.6179,27,35149.36,48122,59218.00000000002,0.5935587070043581,early,,14,8,none,0
dvuKqGfX52M,UC_wSuaxwUYsJOBZDWwHIQZg,time,1,0.6179,27,35149.36,48122,59218.00000000002,0.5935587070043581,early,,14,8,none,0
dvuKqGfX52M,UC_wSuaxwUYsJOBZDWwHIQZg,time,2,1.6179,27,55152.77,48122,58771.00000000004,0.938435147419837,early,1.0997300332629942,15,9,none,0
dvuKqGfX52M,UC_wSuaxwUYsJOBZDWwHIQZg,time,3,2.6179,27,46998.95,48122,58771.00000000004,0.7996962641179838,early,0.8720066513822954,15,8,none,0
dvuKqGfX52M,UC_wSuaxwUYsJOBZDWwHIQZg,time,5,4.6179,27,49571.60,48122,58771.00000000004,0.8434705036871064,likely,0.7110452593320682,15,8,none,0
dvuKqGfX52M,UC_wSuaxwUYsJOBZDWwHIQZg,time,7,6.6179,27,49442.31,48122,58771.00000000004,0.8412705796975406,likely,0.6450591635567768,15,8,none,0
dvuKqGfX52M,UC_wSuaxwUYsJOBZDWwHIQZg,time,14,12.6179,27,54530.85,48122,58771.00000000004,0.9278530267696238,confirmed,0.5308266420339941,15,7,none,0
_YeH0nwcoPM,UC6y_DbpezOinlzHv8O092zw,time,14,13.8604,28,82799.97,87150,62157.612659753824,1.3320969706073416,confirmed,0.359361834184744,15,15,none,0
y_xPfoRBHFc,UCHu2KNu6TtJ0p4hpSW7Yv7Q,time,1,0.9601,27,231506.54,240942,223300.99999999988,1.036746563018668,early,,15,10,none,0
y_xPfoRBHFc,UCHu2KNu6TtJ0p4hpSW7Yv7Q,time,2,1.9601,27,213058.61,240942,223300.99999999988,0.9541319120458182,early,0.5943325058399139,15,10,none,0
y_xPfoRBHFc,UCHu2KNu6TtJ0p4hpSW7Yv7Q,time,3,2.9601,27,239093.68,240942,223300.99999999988,1.0707237102983604,early,0.5168532135540463,15,10,none,0
y_xPfoRBHFc,UCHu2KNu6TtJ0p4hpSW7Yv7Q,time,5,4.9601,27,266729.79,240942,223300.99999999988,1.1944854468841188,likely,0.5009939802132106,15,10,none,0
y_xPfoRBHFc,UCHu2KNu6TtJ0p4hpSW7Yv7Q,time,7,6.9601,27,232586.35,240942,223300.99999999988,1.0415822270680086,likely,0.459480692780974,15,10,none,0
y_xPfoRBHFc,UCHu2KNu6TtJ0p4hpSW7Yv7Q,time,14,14.9601,27,271152.64,240942,223300.99999999988,1.2142920800510622,confirmed,0.39642196174338407,15,8,none,0
UP0URKAlH3Q,UC1CVzH-XVr3E-kTT6D8hhfg,time,1,0.9160,27,55155.36,45540,39797.8109387273,1.3858892870008135,early,,15,9,none,0
UP0URKAlH3Q,UC1CVzH-XVr3E-kTT6D8hhfg,time,2,1.9160,27,89387.98,45540,40026.69690724928,2.2332090325110547,early,1.0974849797068134,15,9,none,0
UP0URKAlH3Q,UC1CVzH-XVr3E-kTT6D8hhfg,time,3,2.9160,27,67479.49,45540,40341.88310485002,1.6726906010998461,early,0.7166108647170492,15,8,none,0
UP0URKAlH3Q,UC1CVzH-XVr3E-kTT6D8hhfg,time,5,4.9160,27,50784.53,45540,40334.13196259341,1.2590957104592475,likely,0.48815212584497564,15,8,none,0
UP0URKAlH3Q,UC1CVzH-XVr3E-kTT6D8hhfg,time,7,6.9160,27,50299.08,45540,40803.19734601323,1.2327240390380618,likely,0.4030683058885334,15,7,none,0
UP0URKAlH3Q,UC1CVzH-XVr3E-kTT6D8hhfg,time,14,15.9160,27,49609.35,45540,41234.99999999997,1.203088341157218,confirmed,0.30147454442989685,15,4,none,0
zRCWtTeaPjE,UCXB4UyUjSe-TPiM8IW_i1xg,heldout,1,0.9101,28,31613.38,27302,17845.000000000015,1.7715539026980416,early,,15,11,none,0
zRCWtTeaPjE,UCXB4UyUjSe-TPiM8IW_i1xg,time,1,0.9101,28,31613.38,27302,17845.000000000015,1.7715539026980416,early,,15,11,none,0
zRCWtTeaPjE,UCXB4UyUjSe-TPiM8IW_i1xg,heldout,2,1.9101,28,27389.63,27302,17845.000000000015,1.5348630277573867,early,0.6906635755811942,15,11,none,0
zRCWtTeaPjE,UCXB4UyUjSe-TPiM8IW_i1xg,time,2,1.9101,28,27389.63,27302,17845.000000000015,1.5348630277573867,early,0.6906635755811942,15,11,none,0
zRCWtTeaPjE,UCXB4UyUjSe-TPiM8IW_i1xg,heldout,3,2.9101,28,29855.94,27302,17845.000000000015,1.6730703232763255,early,0.568230517078459,15,11,none,0
zRCWtTeaPjE,UCXB4UyUjSe-TPiM8IW_i1xg,time,3,2.9101,28,29855.94,27302,17845.000000000015,1.6730703232763255,early,0.568230517078459,15,11,none,0
zRCWtTeaPjE,UCXB4UyUjSe-TPiM8IW_i1xg,heldout,5,4.9101,28,29997.98,27302,17845.000000000015,1.6810301630193003,likely,0.43906080359233696,15,11,none,0
zRCWtTeaPjE,UCXB4UyUjSe-TPiM8IW_i1xg,time,5,4.9101,28,29997.98,27302,17845.000000000015,1.6810301630193003,likely,0.43906080359233696,15,11,none,0
zRCWtTeaPjE,UCXB4UyUjSe-TPiM8IW_i1xg,heldout,7,6.9101,28,27517.81,27302,17845.000000000015,1.5420460244756222,likely,0.39878326802100156,15,10,none,0
zRCWtTeaPjE,UCXB4UyUjSe-TPiM8IW_i1xg,time,7,6.9101,28,27517.81,27302,17845.000000000015,1.5420460244756222,likely,0.39878326802100156,15,10,none,0
zRCWtTeaPjE,UCXB4UyUjSe-TPiM8IW_i1xg,heldout,14,13.9101,28,27642.49,27302,17845.000000000015,1.549032884280385,confirmed,0.3215617088661752,15,9,none,0
zRCWtTeaPjE,UCXB4UyUjSe-TPiM8IW_i1xg,time,14,13.9101,28,27642.49,27302,17845.000000000015,1.549032884280385,confirmed,0.3215617088661752,15,9,none,0
Nz3MAyQ1ZH4,UCbRP3c757lWg9M-U7TyEkXA,time,1,1.4041,28,66741.49,31444,78074.9384478917,0.8548388489953498,early,,15,15,none,0
Nz3MAyQ1ZH4,UCbRP3c757lWg9M-U7TyEkXA,time,2,2.4041,28,41625.11,31444,78189.51088882294,0.532361765713181,early,0.09451105130802764,15,15,none,0
Nz3MAyQ1ZH4,UCbRP3c757lWg9M-U7TyEkXA,time,3,3.4041,28,36288.00,31444,78483.63905624977,0.4623638816491694,likely,0.07980522243756416,15,15,none,0
Nz3MAyQ1ZH4,UCbRP3c757lWg9M-U7TyEkXA,time,5,5.4041,28,34104.75,31444,78518.89594849486,0.4343508843064594,likely,0.07439552179369138,15,15,none,0
Nz3MAyQ1ZH4,UCbRP3c757lWg9M-U7TyEkXA,time,7,6.4041,28,33404.47,31444,78393.02338427286,0.42611534627553976,likely,0.07892736490202346,15,15,none,0
Nz3MAyQ1ZH4,UCbRP3c757lWg9M-U7TyEkXA,time,14,13.4041,28,31470.81,31444,75630.78755142304,0.41611112941338085,confirmed,0.06027861975615791,15,10,none,0
XzWtkEVq6M8,UCc99RaVe8PKgly2T3QNBWLw,time,5,6.9199,29,57.89,58,,,insufficient,,1,1,none,0
XzWtkEVq6M8,UCc99RaVe8PKgly2T3QNBWLw,time,7,6.9199,29,57.89,58,,,insufficient,,1,1,none,0
XzWtkEVq6M8,UCc99RaVe8PKgly2T3QNBWLw,time,14,13.9199,29,55.40,58,,,insufficient,0.16292600691019613,1,1,none,0
5NnV6CZardk,UCTJdHk01ygktpSPfVTQRE6Q,heldout,5,5.6475,30,5770.65,7182,7124.878460128319,0.8099301029096083,likely,,15,15,none,0
5NnV6CZardk,UCTJdHk01ygktpSPfVTQRE6Q,heldout,7,5.6475,30,5770.65,7182,7124.878460128319,0.8099301029096083,likely,,15,15,none,0
5NnV6CZardk,UCTJdHk01ygktpSPfVTQRE6Q,heldout,14,13.6475,30,5972.76,7182,7219.1417048579315,0.8273505673780687,confirmed,0.2900635669492158,15,14,none,0
FXseY7Dwbcw,UC1226ElkVkwZyh74jipyw1Q,time,3,3.9997,27,103.05,78,,,insufficient,,1,1,none,0
FXseY7Dwbcw,UC1226ElkVkwZyh74jipyw1Q,time,5,4.9997,27,74.14,78,,,insufficient,0,1,1,none,0
FXseY7Dwbcw,UC1226ElkVkwZyh74jipyw1Q,time,7,6.9997,27,75.87,78,,,insufficient,0.12705535357283262,1,1,none,0
FXseY7Dwbcw,UC1226ElkVkwZyh74jipyw1Q,time,14,14.9997,27,76.48,78,,,insufficient,0.11148458698092781,1,1,none,0
7suxIkUAbMQ,UCAGgFGwq4HZKLZ4gXo9xLiw,time,5,6.8292,29,9406.51,7816,2253.4655933837494,4.174241134487403,likely,,3,3,none,0
7suxIkUAbMQ,UCAGgFGwq4HZKLZ4gXo9xLiw,time,7,6.8292,29,9406.51,7816,2253.4655933837494,4.174241134487403,likely,,3,3,none,0
7suxIkUAbMQ,UCAGgFGwq4HZKLZ4gXo9xLiw,time,14,13.8292,29,7933.92,7816,2068.393839317541,3.8357863618318335,confirmed,0.04195551546858062,3,3,none,0
_qIeV6OXqNg,UCPAt6z5uX_c5Eo_cSNROzYw,time,7,8.9991,29,16099.55,13109,10671.88826317231,1.5085946136212642,confirmed,,15,15,none,0
_qIeV6OXqNg,UCPAt6z5uX_c5Eo_cSNROzYw,time,14,13.9991,29,13341.01,13109,10338.683180790622,1.2903974003749727,confirmed,0.0224533876964395,15,15,none,0
DN7U1eQ9o-s,UCM3hWnv_tshvTS660fhHH7A,heldout,1,0.8123,28,16012.22,35784,48504.82019205621,0.3301160675914428,early,,15,12,none,0
DN7U1eQ9o-s,UCM3hWnv_tshvTS660fhHH7A,time,1,0.8123,28,16012.22,35784,48504.82019205621,0.3301160675914428,early,,15,12,none,0
DN7U1eQ9o-s,UCM3hWnv_tshvTS660fhHH7A,heldout,2,1.8123,28,28058.59,35784,49126.18012174926,0.5711534924759188,early,1.4558127051154066,15,11,none,0
DN7U1eQ9o-s,UCM3hWnv_tshvTS660fhHH7A,time,2,1.8123,28,28058.59,35784,49126.18012174926,0.5711534924759188,early,1.4558127051154066,15,11,none,0
DN7U1eQ9o-s,UCM3hWnv_tshvTS660fhHH7A,heldout,3,2.8123,28,29421.21,35784,49458.370318484085,0.5948682447117334,early,1.10825990804727,15,11,none,0
DN7U1eQ9o-s,UCM3hWnv_tshvTS660fhHH7A,time,3,2.8123,28,29421.21,35784,49458.370318484085,0.5948682447117334,early,1.10825990804727,15,11,none,0
DN7U1eQ9o-s,UCM3hWnv_tshvTS660fhHH7A,heldout,5,4.8123,28,28601.36,35784,50657.8029738512,0.5645993565299163,likely,0.7979448937393159,15,11,none,0
DN7U1eQ9o-s,UCM3hWnv_tshvTS660fhHH7A,time,5,4.8123,28,28601.36,35784,50657.8029738512,0.5645993565299163,likely,0.7979448937393159,15,11,none,0
DN7U1eQ9o-s,UCM3hWnv_tshvTS660fhHH7A,heldout,7,6.8123,28,29534.71,35784,51645.964857909334,0.5718687021305251,likely,0.722585931553116,15,11,none,0
DN7U1eQ9o-s,UCM3hWnv_tshvTS660fhHH7A,time,7,6.8123,28,29534.71,35784,51645.964857909334,0.5718687021305251,likely,0.722585931553116,15,11,none,0
DN7U1eQ9o-s,UCM3hWnv_tshvTS660fhHH7A,heldout,14,13.8123,28,32152.95,35784,54240.925274771,0.5927803209069017,confirmed,0.6502904045058684,15,11,none,0
DN7U1eQ9o-s,UCM3hWnv_tshvTS660fhHH7A,time,14,13.8123,28,32152.95,35784,54240.925274771,0.5927803209069017,confirmed,0.6502904045058684,15,11,none,0
CBzAfzULudA,UCfWAnFA6cNSwOE3Bpfd42ww,time,7,8.5846,27,2392.53,2261,,,insufficient,,10,9,none,0
CBzAfzULudA,UCfWAnFA6cNSwOE3Bpfd42ww,time,14,12.5846,27,2206.38,2261,,,insufficient,0.18965637302549843,10,9,none,0
yO4Y45LGVvE,UCsvqVGtbbyHaMoevxPAq9Fg,time,7,7.9368,27,1522.86,1549,2943.7224185809782,0.517325500313037,confirmed,,15,15,none,0
yO4Y45LGVvE,UCsvqVGtbbyHaMoevxPAq9Fg,time,14,12.9368,27,1528.72,1549,3039.215894812135,0.5029989522503118,confirmed,0.2729043147463805,15,15,none,0
uTrWqhNtejU,UC0ArlFuFYMpEewyRBzdLHiw,heldout,14,13.8330,31,2800.69,2923,4557.44422825274,0.6145313368927298,confirmed,0.10612758563801293,15,15,none,0
EGp2RzokJA8,UCwsa-MpLNx4pnsM1PiQwhyQ,heldout,5,6.9581,30,239016.44,344777,488583.81780009274,0.48920253644528133,likely,,15,14,none,0
EGp2RzokJA8,UCwsa-MpLNx4pnsM1PiQwhyQ,heldout,7,6.9581,30,239016.44,344777,488583.81780009274,0.48920253644528133,likely,,15,14,none,0
EGp2RzokJA8,UCwsa-MpLNx4pnsM1PiQwhyQ,heldout,14,16.9581,30,321272.11,344777,508701.0583452373,0.6315538369033771,confirmed,0.4538885449441436,15,13,none,0
8FGXMjxj_Vc,UCsLt8oYvDYGpSHcGhRBBkyw,time,14,13.8540,29,5870.76,5404,2659.736692228512,2.2072692877953153,confirmed,1.0062892517664888,15,15,none,0
OjN2Ab_EqCQ,UCLFgO1aEI66fh06p6u6-juw,heldout,5,5.7913,30,8048.19,8866,14230.412050431625,0.5655623499693211,likely,,15,15,none,0
OjN2Ab_EqCQ,UCLFgO1aEI66fh06p6u6-juw,heldout,7,5.7913,30,8048.19,8866,14230.412050431625,0.5655623499693211,likely,,15,15,none,0
OjN2Ab_EqCQ,UCLFgO1aEI66fh06p6u6-juw,heldout,14,12.7913,30,7894.30,8866,14657.680140787903,0.5385774279657076,confirmed,0.24763932827387808,15,15,none,0
P9ln2d3lFso,UCgsTVmZXTKrnfXtxATXxUzQ,time,1,1.1904,29,32554.48,18372,20490.999999999993,1.588721020224182,early,1.331349329008504,15,9,none,0
P9ln2d3lFso,UCgsTVmZXTKrnfXtxATXxUzQ,time,2,2.1904,29,30256.37,18372,20490.999999999993,1.4765687447783777,early,0.9164964609698473,15,8,none,0
P9ln2d3lFso,UCgsTVmZXTKrnfXtxATXxUzQ,time,3,3.1904,29,27556.69,18372,20490.999999999993,1.3448192341004856,likely,0.7594505216762042,15,8,none,0
P9ln2d3lFso,UCgsTVmZXTKrnfXtxATXxUzQ,time,5,5.1904,29,25383.78,18372,20490.999999999993,1.2387768666544163,likely,0.6087890668788546,15,8,none,0
P9ln2d3lFso,UCgsTVmZXTKrnfXtxATXxUzQ,time,7,7.1904,29,21974.21,18372,20490.999999999993,1.0723833758070802,confirmed,0.5355658588523997,15,7,none,0
P9ln2d3lFso,UCgsTVmZXTKrnfXtxATXxUzQ,time,14,14.1904,29,20477.97,18372,20490.999999999993,0.999364168600006,confirmed,0.42335302585621226,15,7,none,0
2FNiAUEvla8,UCLO5pk4z1AbAEDpRieuJdzA,time,14,13.9596,29,161482.78,167033,288202.4718392677,0.5603101688161176,confirmed,0.23642429830634426,15,15,none,0
EKBqqNFkIz8,UCuTaETsuCOkJ0H_GAztWt0Q,time,14,13.8652,29,130182.59,135946,154289.95146861812,0.843752843866824,confirmed,0.10253310401900291,15,11,none,0
xGFLq5S44jU,UCGpsgNbzdF7BECCVbB1COHw,time,14,12.7077,28,3524.12,3629,7193.42277019801,0.48990841507426575,confirmed,0.12662498908706074,15,15,none,0
-6SlSsNIrLE,UC6jZvmJ7QJ_LAH-DpMpLf2Q,heldout,14,13.7083,29,1881.67,1905,2420.4524002568496,0.7774025945379094,confirmed,,15,11,none,0
-6SlSsNIrLE,UC6jZvmJ7QJ_LAH-DpMpLf2Q,time,14,13.7083,29,1881.67,1905,2420.4524002568496,0.7774025945379094,confirmed,,15,11,none,0
xLyCu8-W57g,UC3lJL1pUvQ2Ih2qZ-4ozrLw,time,5,6.9782,27,507.20,519,235.51892644473588,2.1535482402651103,likely,,7,7,none,0
xLyCu8-W57g,UC3lJL1pUvQ2Ih2qZ-4ozrLw,time,7,6.9782,27,507.20,519,235.51892644473588,2.1535482402651103,likely,,7,7,none,0
xLyCu8-W57g,UC3lJL1pUvQ2Ih2qZ-4ozrLw,time,14,14.9782,27,525.99,519,530.1154745057987,0.9922139051401707,confirmed,0.2214455540205495,12,12,none,0
gPAkelGm3-8,UCEf_Bc-KVd7onSeifS3py9g,heldout,1,0.8741,27,108205.24,68684,159060.93743566808,0.6802753928167965,early,,14,14,none,0
gPAkelGm3-8,UCEf_Bc-KVd7onSeifS3py9g,time,1,0.8741,27,108205.24,68684,159060.93743566808,0.6802753928167965,early,,14,14,none,0
gPAkelGm3-8,UCEf_Bc-KVd7onSeifS3py9g,heldout,2,1.8741,27,74273.58,68684,154231.51713578173,0.4815719874981311,early,0.3788341092113952,15,14,none,0
gPAkelGm3-8,UCEf_Bc-KVd7onSeifS3py9g,time,2,1.8741,27,74273.58,68684,154231.51713578173,0.4815719874981311,early,0.3788341092113952,15,14,none,0
gPAkelGm3-8,UCEf_Bc-KVd7onSeifS3py9g,heldout,3,2.8741,27,73577.84,68684,150876.09547854975,0.4876706457938564,early,0.35364327149266,15,14,none,0
gPAkelGm3-8,UCEf_Bc-KVd7onSeifS3py9g,time,3,2.8741,27,73577.84,68684,150876.09547854975,0.4876706457938564,early,0.35364327149266,15,14,none,0
gPAkelGm3-8,UCEf_Bc-KVd7onSeifS3py9g,heldout,5,4.8741,27,82380.44,68684,145331.9413242798,0.566843342994188,likely,0.3065430967216738,15,14,none,0
gPAkelGm3-8,UCEf_Bc-KVd7onSeifS3py9g,time,5,4.8741,27,82380.44,68684,145331.9413242798,0.566843342994188,likely,0.3065430967216738,15,14,none,0
gPAkelGm3-8,UCEf_Bc-KVd7onSeifS3py9g,heldout,7,6.8741,27,77586.16,68684,141049.29711573865,0.5500641301557595,likely,0.2604748720376393,15,13,none,0
gPAkelGm3-8,UCEf_Bc-KVd7onSeifS3py9g,time,7,6.8741,27,77586.16,68684,141049.29711573865,0.5500641301557595,likely,0.2604748720376393,15,13,none,0
gPAkelGm3-8,UCEf_Bc-KVd7onSeifS3py9g,heldout,14,12.8741,27,70475.68,68684,133127.91596910285,0.5293831868913366,confirmed,0.19793303014127814,15,10,none,0
gPAkelGm3-8,UCEf_Bc-KVd7onSeifS3py9g,time,14,12.8741,27,70475.68,68684,133127.91596910285,0.5293831868913366,confirmed,0.19793303014127814,15,10,none,0
eDkmf_mF3Ek,UCm5dQhtBpw1S3ajLVPKWs0A,time,14,14.9939,27,3955.04,3686,5558.510916659001,0.7115295337411125,confirmed,,14,14,none,0
4OGMeeXQoew,UCUpbDOT-OVNBlaQpb9pbd2w,time,5,4.8821,28,13480.27,10069,31625.753815279677,0.42624338740039996,likely,,15,15,none,0
4OGMeeXQoew,UCUpbDOT-OVNBlaQpb9pbd2w,time,7,6.8821,28,10973.19,10069,29949.19882814024,0.36639358149368667,likely,0.02267055870593109,15,15,none,0
4OGMeeXQoew,UCUpbDOT-OVNBlaQpb9pbd2w,time,14,13.8821,28,10372.90,10069,26673.70739023746,0.388880930402557,confirmed,0.013283580758654705,15,15,none,0
s0P6_ZLlD0I,UCc8cHxAZ3jwWkrrDyaLwDUw,time,5,5.6040,28,2896.20,2579,,,insufficient,,2,2,none,0
s0P6_ZLlD0I,UCc8cHxAZ3jwWkrrDyaLwDUw,time,7,6.6040,28,2883.51,2579,,,insufficient,0.4608432822004859,2,2,none,0
s0P6_ZLlD0I,UCc8cHxAZ3jwWkrrDyaLwDUw,time,14,13.6040,28,2647.44,2579,,,insufficient,0.16965996934503708,2,2,none,0
CMoPkNzVq-s,UCgaO4TQKdcTrLoWTD3zqbaA,time,5,4.9580,27,198.52,171,,,insufficient,,0,0,none,0
CMoPkNzVq-s,UCgaO4TQKdcTrLoWTD3zqbaA,time,7,6.9580,27,168.23,171,,,insufficient,0.16179857482166488,0,0,none,0
CMoPkNzVq-s,UCgaO4TQKdcTrLoWTD3zqbaA,time,14,15.9580,27,167.42,171,,,insufficient,0.09941630725205802,0,0,none,0
jEkAjbvfw4M,UC2cfzvGC8CJNWtvaynN7TeA,time,5,6.8906,29,19359.23,18043,,,insufficient,,0,0,none,0
jEkAjbvfw4M,UC2cfzvGC8CJNWtvaynN7TeA,time,7,6.8906,29,19359.23,18043,,,insufficient,,0,0,none,0
jEkAjbvfw4M,UC2cfzvGC8CJNWtvaynN7TeA,time,14,13.8906,29,17045.98,18043,,,insufficient,0.10990917346447693,0,0,none,0
p5hXu1P_HKU,UCtak3C1t8k3u8CVzVGYvemA,time,7,7.8322,27,28876.50,25851,23390.000000000007,1.234565918498082,confirmed,,15,11,none,0
p5hXu1P_HKU,UCtak3C1t8k3u8CVzVGYvemA,time,14,12.8322,27,26732.95,25851,23390.000000000007,1.1429220069919928,confirmed,0.1560769365423734,15,10,none,0
mrEek21gC9E,UCYzrlZP_m1cV51q9GGDHCMg,heldout,5,4.7745,30,121.02,89,,,insufficient,,2,2,none,0
mrEek21gC9E,UCYzrlZP_m1cV51q9GGDHCMg,heldout,7,7.7745,30,97.86,89,204.21195870943922,0.47919398783289585,confirmed,0,15,15,none,0
mrEek21gC9E,UCYzrlZP_m1cV51q9GGDHCMg,heldout,14,14.7745,30,91.98,89,191.0473614981156,0.48144321232054543,confirmed,0,15,15,none,0
aO3YexGG9Bk,UCfQgsKhHjSyRLOp9mnffqVg,time,1,0.8333,27,439278.05,313345,536706.6643068735,0.8184695310779586,early,,15,15,none,0
aO3YexGG9Bk,UCfQgsKhHjSyRLOp9mnffqVg,time,2,1.8333,27,344828.09,313345,537485.1781748262,0.6415583278647324,early,0.5090310283092413,15,14,none,0
aO3YexGG9Bk,UCfQgsKhHjSyRLOp9mnffqVg,time,3,2.8333,27,312241.10,313345,539800.0449682754,0.5784384421335708,early,0.4044581492719506,15,13,none,0
aO3YexGG9Bk,UCfQgsKhHjSyRLOp9mnffqVg,time,5,4.8333,27,318233.29,313345,539557.6073964894,0.589804099536243,likely,0.3466110533244221,15,13,none,0
aO3YexGG9Bk,UCfQgsKhHjSyRLOp9mnffqVg,time,7,6.8333,27,320698.28,313345,540866.3803229185,0.5929343913706966,likely,0.33019953703643434,15,11,none,0
aO3YexGG9Bk,UCfQgsKhHjSyRLOp9mnffqVg,time,14,12.8333,27,331882.01,313345,545448.9999999997,0.6084565332865319,confirmed,0.2830671105246832,15,8,none,0
TnGji_u53UQ,UClozNP-QPyVatzpGKC25s0A,time,1,0.9577,28,80260.24,73511,59594.253482010994,1.3467782347822714,early,,15,13,none,0
TnGji_u53UQ,UClozNP-QPyVatzpGKC25s0A,time,2,1.9577,28,73828.01,73511,60068.94323239315,1.229054646023054,early,0.5925253600366882,15,13,none,0
TnGji_u53UQ,UClozNP-QPyVatzpGKC25s0A,time,3,2.9577,28,64800.32,73511,60500.55328324091,1.0710698250383885,early,0.46181823343783435,15,13,none,0
TnGji_u53UQ,UClozNP-QPyVatzpGKC25s0A,time,5,4.9577,28,66578.37,73511,60981.72479237449,1.0917757318705195,likely,0.3917538436605056,15,13,none,0
TnGji_u53UQ,UClozNP-QPyVatzpGKC25s0A,time,7,7.9577,28,71736.40,73511,61923.99999999998,1.158458719464333,confirmed,0.3456211346195749,15,12,none,0
TnGji_u53UQ,UClozNP-QPyVatzpGKC25s0A,time,14,15.9577,28,78733.45,73511,61923.99999999998,1.2714528560408942,confirmed,0.31019075358462245,15,12,none,0
zabuTOuSrtA,UC46snQOXkyWD_-4IZHnJ6Jg,heldout,1,1.7861,29,1263.44,1947,331.4630718899078,3.8116982947554483,early,,14,13,none,0
zabuTOuSrtA,UC46snQOXkyWD_-4IZHnJ6Jg,heldout,2,1.7861,29,1263.44,1947,331.4630718899078,3.8116982947554483,early,,14,13,none,0
zabuTOuSrtA,UC46snQOXkyWD_-4IZHnJ6Jg,heldout,3,3.7861,29,2884.35,1947,340.4689537191325,8.471694105169608,likely,1.2755961268137102,14,13,none,0
zabuTOuSrtA,UC46snQOXkyWD_-4IZHnJ6Jg,heldout,5,4.7861,29,2784.12,1947,339.5409924798577,8.199645996374686,likely,1.0842085234853347,14,13,none,0
zabuTOuSrtA,UC46snQOXkyWD_-4IZHnJ6Jg,heldout,7,6.7861,29,2731.25,1947,339.9883351581497,8.033353340621822,likely,0.8811832573911873,14,13,none,0
zabuTOuSrtA,UC46snQOXkyWD_-4IZHnJ6Jg,heldout,14,13.7861,29,2507.88,1947,345.99999999999983,7.248193705277121,confirmed,0.6270020069044775,14,12,none,0
Xj9vnLxzueo,UCDnwlb3IQDPJtFysPUJbDFQ,time,5,5.9992,27,46378.70,58756,,,insufficient,,0,0,none,0
Xj9vnLxzueo,UCDnwlb3IQDPJtFysPUJbDFQ,time,7,6.9992,27,45476.52,58756,,,insufficient,0.37235752297831964,0,0,none,0
Xj9vnLxzueo,UCDnwlb3IQDPJtFysPUJbDFQ,time,14,14.9992,27,56714.89,58756,30071.110412897302,1.8860256376989064,confirmed,0.4259463126949632,15,14,none,0
qg1CxJhHCgk,UC7dR3zb454qbmuzTR2_ABhQ,time,5,6.9369,29,158429.32,180068,,,insufficient,,0,0,none,0
qg1CxJhHCgk,UC7dR3zb454qbmuzTR2_ABhQ,time,7,6.9369,29,158429.32,180068,,,insufficient,,0,0,none,0
qg1CxJhHCgk,UC7dR3zb454qbmuzTR2_ABhQ,time,14,13.9369,29,163281.21,180068,,,insufficient,0.23341529697977845,0,0,none,0
duFpO13-pTA,UCRQc4NTDrz0Qncp7zx3YM1g,time,14,15.0204,27,10296.07,9710,8820.000000000004,1.1673544347312486,confirmed,0.328947167579876,15,10,none,0
5UgGiXN-s9U,UCTJdHk01ygktpSPfVTQRE6Q,heldout,5,5.7178,30,3321.80,3275,6345.535922898123,0.5234856556790816,likely,,15,14,none,0
5UgGiXN-s9U,UCTJdHk01ygktpSPfVTQRE6Q,heldout,7,6.7178,30,3057.28,3275,6345.535922898123,0.48180085068898815,likely,0.2436144295710165,15,14,none,0
5UgGiXN-s9U,UCTJdHk01ygktpSPfVTQRE6Q,heldout,14,13.7178,30,3314.84,3275,7061.50444387745,0.469424497850424,confirmed,0.24561863712213433,15,14,none,0
eb6ToL9StIQ,UC5_SBQbLA9Kg7Jh5GpXoP3g,time,1,0.8325,28,225.67,368,728.7522972774998,0.3096714891018883,early,,6,5,none,0
eb6ToL9StIQ,UC5_SBQbLA9Kg7Jh5GpXoP3g,time,2,2.8325,28,455.76,368,332.6315095848385,1.3701689025832595,early,1.2450305728510958,15,13,none,0
eb6ToL9StIQ,UC5_SBQbLA9Kg7Jh5GpXoP3g,time,3,2.8325,28,455.76,368,332.6315095848385,1.3701689025832595,early,1.2450305728510958,15,13,none,0
eb6ToL9StIQ,UC5_SBQbLA9Kg7Jh5GpXoP3g,time,5,4.8325,28,440.09,368,298.0828581623282,1.4763948111814438,likely,0.8820179102986322,15,12,none,0
eb6ToL9StIQ,UC5_SBQbLA9Kg7Jh5GpXoP3g,time,7,6.8325,28,432.88,368,301.20599973829167,1.4371657834486442,likely,0.7827803567857428,15,12,none,0
eb6ToL9StIQ,UC5_SBQbLA9Kg7Jh5GpXoP3g,time,14,12.8325,28,435.34,368,273.6227190190131,1.5910168255845227,confirmed,0.6189314358884468,15,12,none,0
Q4aaynNs59Q,UCbRP3c757lWg9M-U7TyEkXA,heldout,14,13.0616,30,110896.05,110171,72590.28093753163,1.5276982717570162,confirmed,0.0397246955422401,15,11,none,0
SYMxa_0QdhQ,UCI4uVUontY0y9hiGFlJ-lBA,heldout,7,7.8328,29,3289.89,3371,767.0710147866731,4.28889468626081,confirmed,,15,10,none,0
SYMxa_0QdhQ,UCI4uVUontY0y9hiGFlJ-lBA,heldout,14,13.8328,29,3277.62,3371,755.3339289690608,4.339297958179947,confirmed,0.2566756837975821,15,10,none,0
UnMSrVoENuw,UCEPWaN-XiZqEQAPiwvBa3ng,heldout,3,3.9994,30,51260.96,55503,27954.999999999978,1.8336954560346566,likely,,15,9,none,0
UnMSrVoENuw,UCEPWaN-XiZqEQAPiwvBa3ng,heldout,5,4.9994,30,46066.51,55503,27954.999999999978,1.6478808570378103,likely,0.41913256490656514,15,9,none,0
UnMSrVoENuw,UCEPWaN-XiZqEQAPiwvBa3ng,heldout,7,6.9994,30,48384.82,55503,27954.999999999978,1.7308109748399352,likely,0.37524269452768916,15,9,none,0
UnMSrVoENuw,UCEPWaN-XiZqEQAPiwvBa3ng,heldout,14,13.9994,30,53763.70,55503,27954.999999999978,1.9232229721789402,confirmed,0.3065587364346622,15,7,none,0
TVVa_4DmoXk,UCGIMKh92vaL0_Yc0u4GYhHA,time,2,2.6245,27,3595.59,3226,13647.952407917739,0.26345280217385797,early,,12,11,none,0
TVVa_4DmoXk,UCGIMKh92vaL0_Yc0u4GYhHA,time,3,2.6245,27,3595.59,3226,13647.952407917739,0.26345280217385797,early,,12,11,none,0
TVVa_4DmoXk,UCGIMKh92vaL0_Yc0u4GYhHA,time,5,4.6245,27,3448.62,3226,9788.442092337473,0.35231504849578804,likely,0.3781686286198482,15,12,none,0
TVVa_4DmoXk,UCGIMKh92vaL0_Yc0u4GYhHA,time,7,6.6245,27,3363.38,3226,9742.371874287,0.3452317427367559,likely,0.27372271909957413,15,11,none,0
TVVa_4DmoXk,UCGIMKh92vaL0_Yc0u4GYhHA,time,14,12.6245,27,3212.34,3226,9670.999999999996,0.33216237727263986,confirmed,0.20033810177454814,15,8,none,0
71x1nlEsfKk,UC6QNjBn6KMq5-pe3OE11zZg,heldout,1,0.8332,31,34501.54,22671,10308.006055800668,3.34706273388318,early,,10,8,none,0
71x1nlEsfKk,UC6QNjBn6KMq5-pe3OE11zZg,heldout,2,1.8332,31,19893.23,22671,10796.591402333172,1.8425475968303158,early,0.1263811930128522,15,12,none,0
71x1nlEsfKk,UC6QNjBn6KMq5-pe3OE11zZg,heldout,3,2.8332,31,19045.73,22671,10811.000000000007,1.7616989591357766,early,0.2225204869583923,15,11,none,0
71x1nlEsfKk,UC6QNjBn6KMq5-pe3OE11zZg,heldout,5,4.8332,31,19511.40,22671,10811.000000000007,1.8047732498856006,likely,0.23751622255216712,15,11,none,0
71x1nlEsfKk,UC6QNjBn6KMq5-pe3OE11zZg,heldout,7,7.8332,31,22683.43,22671,10811.000000000007,2.098180610385687,confirmed,0.23312518169733937,15,11,none,0
71x1nlEsfKk,UC6QNjBn6KMq5-pe3OE11zZg,heldout,14,14.8332,31,21536.05,22671,10811.000000000007,1.99204956455411,confirmed,0.21382690861938897,15,8,none,0
4J9tru21CxU,UC63fON8nPB6FfHOJi_wCZXw,time,5,6.6514,29,3678.78,3369,,,insufficient,,0,0,none,0
4J9tru21CxU,UC63fON8nPB6FfHOJi_wCZXw,time,7,6.6514,29,3678.78,3369,,,insufficient,,0,0,none,0
4J9tru21CxU,UC63fON8nPB6FfHOJi_wCZXw,time,14,13.6514,29,3277.12,3369,,,insufficient,0.1253552500044941,0,0,none,0
IzLM1lYvkAk,UCjgpFI5dU-D1-kh9H1muoxQ,time,1,0.8868,28,1063604.88,1730866,1094748.006896446,0.9715522387044732,early,,15,14,none,0
IzLM1lYvkAk,UCjgpFI5dU-D1-kh9H1muoxQ,time,2,1.8868,28,1877758.64,1730866,1100876.6805877117,1.705693900103892,early,1.2850789265217164,15,14,none,0
IzLM1lYvkAk,UCjgpFI5dU-D1-kh9H1muoxQ,time,3,2.8868,28,1960036.99,1730866,1105292.9667889772,1.7733189769330977,early,1.0051299571027645,15,14,none,0
IzLM1lYvkAk,UCjgpFI5dU-D1-kh9H1muoxQ,time,5,4.8868,28,1539179.64,1730866,1114066.3716186923,1.3815870196284314,likely,0.7121024951311627,15,14,none,0
IzLM1lYvkAk,UCjgpFI5dU-D1-kh9H1muoxQ,time,7,6.8868,28,1495637.19,1730866,1117119.4111440505,1.3388337697159614,likely,0.6281673247722022,15,14,none,0
IzLM1lYvkAk,UCjgpFI5dU-D1-kh9H1muoxQ,time,14,13.8868,28,1612830.41,1730866,1163010.7508513732,1.3867717109034932,confirmed,0.5112260220975589,15,14,none,0
nMPiGLlVhYw,UCpXipTyhIY9kprpvVd-lu0A,heldout,7,8.8437,30,147341.37,174167,54346.97031963815,2.7111238716424664,confirmed,,15,15,none,0
nMPiGLlVhYw,UCpXipTyhIY9kprpvVd-lu0A,heldout,14,13.8437,30,156837.87,174167,53115.14261012394,2.952790205810845,confirmed,0.33135788441678854,15,15,none,0
CaRsHjDHr5Y,UCtiGeFDbY7iVDODlLKQ5onw,time,14,14.6555,29,211.66,247,362.51140213546626,0.5838705124639769,confirmed,,15,15,none,0
Ofk4yMt9oM8,UC1KoulyXR8gBGyxv7r6pWQg,time,5,4.8853,27,11665.04,11873,,,insufficient,,0,0,none,0
Ofk4yMt9oM8,UC1KoulyXR8gBGyxv7r6pWQg,time,7,6.8853,27,12384.01,11873,20827.47312929899,0.5945994948014479,likely,0.44157890608293493,15,14,none,0
Ofk4yMt9oM8,UC1KoulyXR8gBGyxv7r6pWQg,time,14,12.8853,27,11960.07,11873,20840.999999999996,0.5738722025685689,confirmed,0.25596283157407673,15,9,none,0
EFlH4g1rwDE,UC4vxRjQ0R7vWWKjlpFpt4Tg,time,14,13.5159,27,3129.46,3564,2739.6886470945074,1.142268836568772,confirmed,,15,15,none,0
79nQJwvCbfY,UC682ktH2UsgNdCjl83TpDWg,time,14,13.0188,28,85.05,81,76.82633071491884,1.107086191154529,confirmed,0.24480258746288894,15,15,none,0
fxJJc90d7yg,UCB5Nin2VBUeNLqamqEVh-2A,time,1,0.9687,30,82212.07,75478,47206,1.7415598014949518,early,,15,12,none,0
fxJJc90d7yg,UCB5Nin2VBUeNLqamqEVh-2A,time,2,1.9687,30,95404.81,75478,47206,2.021031437725313,early,0.8618720206472141,15,12,none,0
fxJJc90d7yg,UCB5Nin2VBUeNLqamqEVh-2A,time,3,2.9687,30,96752.53,75478,47206,2.049581234356127,early,0.6441561175003803,15,12,none,0
fxJJc90d7yg,UCB5Nin2VBUeNLqamqEVh-2A,time,5,4.9687,30,82893.33,75478,47206,1.755991323472622,likely,0.5018456582227352,15,11,none,0
fxJJc90d7yg,UCB5Nin2VBUeNLqamqEVh-2A,time,7,6.9687,30,82406.53,75478,47206,1.745679226859795,likely,0.4579240611591777,15,11,none,0
fxJJc90d7yg,UCB5Nin2VBUeNLqamqEVh-2A,time,14,13.9687,30,80020.43,75478,47206,1.695132663096823,confirmed,0.35569006875055115,15,9,none,0
ne3HBunM_WM,UCLFgO1aEI66fh06p6u6-juw,time,0.5,0.7153,27,16867.13,13027,9595.050860822264,1.7578985493900172,early,,14,14,none,0
ne3HBunM_WM,UCLFgO1aEI66fh06p6u6-juw,time,1,0.7153,27,16867.13,13027,9595.050860822264,1.7578985493900172,early,,14,14,none,0
ne3HBunM_WM,UCLFgO1aEI66fh06p6u6-juw,time,2,1.7153,27,14125.39,13027,9648.437018013734,1.4640085714443265,early,0.5471103437336977,15,15,none,0
ne3HBunM_WM,UCLFgO1aEI66fh06p6u6-juw,time,3,2.7153,27,15124.67,13027,9915.483479519951,1.5253584400341327,early,0.49029210855766364,15,15,none,0
ne3HBunM_WM,UCLFgO1aEI66fh06p6u6-juw,time,5,4.7153,27,15219.59,13027,10227.03285259095,1.4881721470840625,likely,0.4538500001774023,15,15,none,0
ne3HBunM_WM,UCLFgO1aEI66fh06p6u6-juw,time,7,6.7153,27,14741.05,13027,10239.255507697439,1.4396604137109674,likely,0.4015640410953655,15,15,none,0
ne3HBunM_WM,UCLFgO1aEI66fh06p6u6-juw,time,14,12.7153,27,13637.75,13027,11034.864822963013,1.235878754607658,confirmed,0.31900518738604583,15,14,none,0
7cH0HHWHgb4,UCI8gcSTo1FowsRJdilsjsZw,heldout,3,3.8438,29,42351.25,29004,39298.20707325674,1.0776890155809835,likely,,15,15,none,0
7cH0HHWHgb4,UCI8gcSTo1FowsRJdilsjsZw,heldout,5,4.8438,29,30953.41,29004,39931.21462448205,0.7751682524070956,likely,0.08409921593869246,15,15,none,0
7cH0HHWHgb4,UCI8gcSTo1FowsRJdilsjsZw,heldout,7,6.8438,29,30619.39,29004,40131.206098981726,0.7629820537322703,likely,0.08624684310420062,15,15,none,0
7cH0HHWHgb4,UCI8gcSTo1FowsRJdilsjsZw,heldout,14,13.8438,29,29528.18,29004,40451.0514072427,0.7299732284218807,confirmed,0.060041132185981054,15,15,none,0
YfY-F-oTkrY,UCcCzzSbdw5-qmdF_NuTtb2w,heldout,0.5,0.3955,30,3515.86,5901,2683.755502804811,1.310053254076334,early,,12,11,none,0
YfY-F-oTkrY,UCcCzzSbdw5-qmdF_NuTtb2w,heldout,1,0.3955,30,3515.86,5901,2683.755502804811,1.310053254076334,early,,12,11,none,0
YfY-F-oTkrY,UCcCzzSbdw5-qmdF_NuTtb2w,heldout,5,5.3955,30,7971.93,5901,3238.0758832328356,2.461935133174484,likely,1.0495548665100196,15,13,none,0
YfY-F-oTkrY,UCcCzzSbdw5-qmdF_NuTtb2w,heldout,7,6.3955,30,7280.60,5901,3234.7001460354227,2.25078089004499,likely,0.9831226119555855,15,12,none,0
YfY-F-oTkrY,UCcCzzSbdw5-qmdF_NuTtb2w,heldout,14,14.3955,30,6615.52,5901,3198.437396283127,2.068359345489613,confirmed,0.7547220565027144,15,10,none,0
dl1-_VhkoNg,UCoNdHj3AnsFD8IjLCxm4EFw,heldout,7,8.8716,30,2509.58,2201,3249.7647555012218,0.7722334349522829,confirmed,,12,12,none,0
ZAZ02djukoo,UCmu7bw5BYIeR0VDw0hJKblw,time,14,14.4272,29,365.95,400,429.5989958054753,0.8518486276557962,confirmed,0.3094150854746538,15,13,none,0
-8wBUYMP3Hs,UCUpbDOT-OVNBlaQpb9pbd2w,heldout,5,6.6954,30,56030.02,57247,16945.438699595503,3.3064956464708444,likely,,15,15,none,0
-8wBUYMP3Hs,UCUpbDOT-OVNBlaQpb9pbd2w,heldout,7,6.6954,30,56030.02,57247,16945.438699595503,3.3064956464708444,likely,,15,15,none,0
-8wBUYMP3Hs,UCUpbDOT-OVNBlaQpb9pbd2w,heldout,14,13.6954,30,54387.12,57247,15358.833927555657,3.5410968106294756,confirmed,0.1814566450725109,15,15,none,0
hqOrDZVlh_Y,UCV8a3gTVi7eZmOBlPQdz3hw,heldout,14,13.0127,28,70.15,82,229.46227926047402,0.3057261510439567,confirmed,0.33307433772796835,15,15,none,0
-EDf2lkat54,UCSsmYEY9if7WUzdkESl3feA,time,14,13.9737,29,3925.10,3997,2752.287104885363,1.4261241381253906,confirmed,0.10322001667010518,15,15,none,0
7KQVpKPZphU,UCpXipTyhIY9kprpvVd-lu0A,time,5,4.9271,28,86675.38,288733,59876.74490388738,1.4475633159905927,likely,,15,15,none,0
7KQVpKPZphU,UCpXipTyhIY9kprpvVd-lu0A,time,7,6.9271,28,157112.01,288733,59336.340410110046,2.647821037640866,likely,1.4147086845249632,15,15,none,0
7KQVpKPZphU,UCpXipTyhIY9kprpvVd-lu0A,time,14,13.9271,28,205093.99,288733,57025.88601245382,3.596506928295797,confirmed,1.0095288764922898,15,14,none,0
B3RR7emh-QI,UCm7zU1B8rHqZT8_DVEZaUqA,time,14,13.5614,28,22708.54,20804,50439.21072470015,0.450215985700072,confirmed,,15,13,none,0
k5jTp7zm3Xo,UC9_p50tH3WmMslWRWKnM7dQ,heldout,1,1.7484,29,144486.01,134838,194503.99999999997,0.7428433776025543,early,,15,12,none,0
k5jTp7zm3Xo,UC9_p50tH3WmMslWRWKnM7dQ,heldout,2,1.7484,29,144486.01,134838,194503.99999999997,0.7428433776025543,early,,15,12,none,0
k5jTp7zm3Xo,UC9_p50tH3WmMslWRWKnM7dQ,heldout,3,3.7484,29,171837.72,134838,194503.99999999997,0.88346627308526,likely,0.56750233570719,15,11,none,0
k5jTp7zm3Xo,UC9_p50tH3WmMslWRWKnM7dQ,heldout,5,4.7484,29,153218.36,134838,194503.99999999997,0.7877388395534018,likely,0.4833485362675006,15,11,none,0
k5jTp7zm3Xo,UC9_p50tH3WmMslWRWKnM7dQ,heldout,7,6.7484,29,148056.22,134838,194503.99999999997,0.7611988547642307,likely,0.39741011631464646,15,11,none,0
k5jTp7zm3Xo,UC9_p50tH3WmMslWRWKnM7dQ,heldout,14,13.7484,29,138075.93,134838,194503.99999999997,0.7098873369913214,confirmed,0.2959090794573545,15,10,none,0
FWib1vMXO0Y,UCeYda7MUy54yNYJya8txkJA,time,5,4.9479,27,6861.15,6661,,,insufficient,,0,0,none,0
FWib1vMXO0Y,UCeYda7MUy54yNYJya8txkJA,time,7,6.9479,27,7302.02,6661,,,insufficient,0.4541596287615017,0,0,none,0
FWib1vMXO0Y,UCeYda7MUy54yNYJya8txkJA,time,14,12.9479,27,6415.99,6661,,,insufficient,0.1846471113670972,0,0,none,0
oGCnQTMpgBo,UCuVaqIpPgUyGP6AytqSfs0g,heldout,1,0.0824,30,3579.66,2608,2899.328642343974,1.2346513555813055,early,,9,9,none,0
oGCnQTMpgBo,UCuVaqIpPgUyGP6AytqSfs0g,heldout,14,12.0824,30,3008.83,2608,2152.4598204762233,1.397854345306286,confirmed,1.2712382789561703,15,15,none,0
SJVCfPGsy30,UCbRP3c757lWg9M-U7TyEkXA,time,0.5,0.3436,27,303644.53,116032,81872.46519294503,3.7087502919092903,early,,13,13,none,0
SJVCfPGsy30,UCbRP3c757lWg9M-U7TyEkXA,time,1,1.3436,27,236915.49,116032,78189.51088882294,3.0300162161791815,early,0.5003588100009261,14,14,none,0
SJVCfPGsy30,UCbRP3c757lWg9M-U7TyEkXA,time,2,2.3436,27,167368.89,116032,80282.4256783892,2.084751293973167,early,0.37874322917317665,15,15,none,0
SJVCfPGsy30,UCbRP3c757lWg9M-U7TyEkXA,time,3,3.3436,27,152289.78,116032,79324.28807871434,1.9198379362794982,likely,0.3200134559253079,15,15,none,0
SJVCfPGsy30,UCbRP3c757lWg9M-U7TyEkXA,time,5,5.3436,27,145553.98,116032,78393.02338427286,1.856721079400797,likely,0.26680032085282934,15,15,none,0
SJVCfPGsy30,UCbRP3c757lWg9M-U7TyEkXA,time,7,7.3436,27,137900.84,116032,78108.55538205811,1.765502330224778,confirmed,0.2313593772921118,15,15,none,0
SJVCfPGsy30,UCbRP3c757lWg9M-U7TyEkXA,time,14,15.3436,27,122996.19,116032,75109.00000000001,1.6375692052352695,confirmed,0.1731427608770014,15,10,none,0
DpWXwnRGhyg,UCnmGIkw-KdI0W5siakKPKog,heldout,1,0.8750,30,4479943.33,3205224,3293143.1725664875,1.3603852279617088,early,,11,11,none,0
DpWXwnRGhyg,UCnmGIkw-KdI0W5siakKPKog,heldout,14,13.8750,30,3159054.62,3205224,3335457.917145976,0.9471127201386556,confirmed,0.21420089678625953,15,15,none,0
A-pqjLgFCqw,UCcjhYlL1WRBjKaJsMH_h7Lg,time,1,0.8333,29,81115.13,129949,205606.3767061729,0.39451661588687537,early,,15,11,none,0
A-pqjLgFCqw,UCcjhYlL1WRBjKaJsMH_h7Lg,time,2,1.8333,29,89848.92,129949,205606.3767061729,0.4369948094138442,early,0.8448871918989961,15,11,none,0
A-pqjLgFCqw,UCcjhYlL1WRBjKaJsMH_h7Lg,time,3,2.8333,29,86165.03,129949,207777.76998497595,0.41469803720222986,early,0.6394104098610408,15,11,none,0
A-pqjLgFCqw,UCcjhYlL1WRBjKaJsMH_h7Lg,time,5,4.8333,29,77286.91,129949,208943,0.36989472702785947,likely,0.5189576010695509,15,10,none,0
A-pqjLgFCqw,UCcjhYlL1WRBjKaJsMH_h7Lg,time,7,6.8333,29,84731.15,129949,208943,0.4055228022620212,likely,0.48327786341528384,15,10,none,0
A-pqjLgFCqw,UCcjhYlL1WRBjKaJsMH_h7Lg,time,14,13.8333,29,118942.24,129949,266573.3369865022,0.44618956780715735,confirmed,0.5107673406728097,15,9,none,0
q88zqIWLFok,UCsLt8oYvDYGpSHcGhRBBkyw,time,14,13.2828,28,3127.86,2747,3056.847986196067,1.0232309050223203,confirmed,0.9043555428191642,15,15,none,0
T2kshJxxzfI,UCglNXzBo6bmKc9otKf-OuGQ,time,14,12.5878,27,4614.42,4562,9713.244572518512,0.47506522909715954,confirmed,0.05226263282001512,15,15,none,0
V8GyMt6n10Q,UC8wwEsUeTG9cpzvWT5Dsdqw,heldout,14,13.0410,31,54570.53,67840,23711.65242896424,2.301422467166756,confirmed,,15,15,none,0
BdrqCvjZebQ,UCNq_6MwbXuGnrHqQVkRJIYQ,heldout,2,2.3848,31,10262.62,8863,,,insufficient,,1,1,none,0
BdrqCvjZebQ,UCNq_6MwbXuGnrHqQVkRJIYQ,heldout,3,3.3848,31,10321.61,8863,,,insufficient,0.551152995350039,2,2,none,0
BdrqCvjZebQ,UCNq_6MwbXuGnrHqQVkRJIYQ,heldout,5,5.3848,31,9771.33,8863,5129.810684316966,1.9048138756566066,likely,0.39224170072676606,8,8,none,0
BdrqCvjZebQ,UCNq_6MwbXuGnrHqQVkRJIYQ,heldout,7,7.3848,31,9807.49,8863,5221.296698615414,1.8783633943372642,confirmed,0.37715954369124866,15,14,none,0
BdrqCvjZebQ,UCNq_6MwbXuGnrHqQVkRJIYQ,heldout,14,14.3848,31,9262.98,8863,6274.000000000004,1.4764079456179697,confirmed,0.2710371203910332,15,12,none,0
nsD0FVDOdRU,UCecPJBL6E1PVky1-gj6KH5g,heldout,0.5,0.4307,30,9881.49,3779,105889.99725018797,0.0933184239437298,early,,14,14,none,0
nsD0FVDOdRU,UCecPJBL6E1PVky1-gj6KH5g,heldout,1,1.4307,30,8133.82,3779,108763.55236907663,0.07478441888944376,early,0.16396154781291147,15,14,none,0
nsD0FVDOdRU,UCecPJBL6E1PVky1-gj6KH5g,heldout,2,2.4307,30,5104.43,3779,109515.37923186595,0.046609278020752,early,0.14403697746427316,15,14,none,0
nsD0FVDOdRU,UCecPJBL6E1PVky1-gj6KH5g,heldout,3,3.4307,30,4476.30,3779,109357.67761408015,0.04093264891726197,likely,0.13032434059363487,15,13,none,0
nsD0FVDOdRU,UCecPJBL6E1PVky1-gj6KH5g,heldout,5,5.4307,30,4172.14,3779,108699.57341806786,0.03838225784861148,likely,0.10884045088640193,15,12,none,0
nsD0FVDOdRU,UCecPJBL6E1PVky1-gj6KH5g,heldout,7,7.4307,30,4338.60,3779,123342.38692723608,0.03517528800360072,confirmed,0.09759236133636705,15,11,none,0
nsD0FVDOdRU,UCecPJBL6E1PVky1-gj6KH5g,heldout,14,14.4307,30,3996.65,3779,126697.99999999997,0.03154468068045686,confirmed,0.0781045609601622,15,7,none,0
6CTotaUoZUo,UChzLnWVsl3puKQwc5PoO6Zg,time,14,13.8332,29,2225.20,2069,20340.47169738086,0.10939753456669064,confirmed,,14,14,none,0
RPhkTFlwaOk,UCXGR70CkW_pXb8n52LzCCRw,heldout,5,4.0828,30,411826.69,440398,296905.6443237071,1.3870625084087302,likely,,15,12,none,0
RPhkTFlwaOk,UCXGR70CkW_pXb8n52LzCCRw,heldout,14,14.0828,30,436906.85,440398,310113.0000000002,1.4088633838997042,confirmed,0.233384811874524,15,11,none,0
VXU4LSAQDSc,UC4SVo0Ue36XCfOyb5Lh1viQ,time,7,7.7572,29,26280.08,51119,6346.746645828016,4.14071655463547,confirmed,,15,13,none,0
VXU4LSAQDSc,UC4SVo0Ue36XCfOyb5Lh1viQ,time,14,13.7572,29,35952.68,51119,6239.046777762687,5.76252716535483,confirmed,0.5887292806573078,15,10,none,0
3d6lsn49-jE,UC9TwYQOO9mAxoF4v8ZioySg,time,5,4.8021,28,34365.57,62838,42006.31980625637,0.8181048599738053,likely,,15,14,none,0
3d6lsn49-jE,UC9TwYQOO9mAxoF4v8ZioySg,time,7,6.8021,28,40409.44,62838,43677.15121229491,0.9251848258864851,likely,0.5101132485612294,15,13,none,0
3d6lsn49-jE,UC9TwYQOO9mAxoF4v8ZioySg,time,14,12.8021,28,49712.73,62838,46290.633260266084,1.0739264127221377,confirmed,0.5081372211323978,15,11,none,0
PDgM-SD3Fx4,UCacg8HOfIUfFSUl2qk5m1sA,heldout,14,13.5418,30,14729.90,15296,5596.417934222186,2.632022998188036,confirmed,0.2539262172481562,15,11,none,0
IQ4oQw0UfC4,UCbQUXtMwQM9QWQ15yDDN1BA,time,5,5.0412,27,5718.61,6553,5446.128991216181,1.0500324181732104,likely,0.7470966177204172,15,14,none,0
IQ4oQw0UfC4,UCbQUXtMwQM9QWQ15yDDN1BA,time,7,7.0412,27,5983.88,6553,5531.891276988198,1.081706895062987,confirmed,0.637041772004671,15,14,none,0
IQ4oQw0UfC4,UCbQUXtMwQM9QWQ15yDDN1BA,time,14,12.0412,27,6036.63,6553,5588.3030487306605,1.0802264749901684,confirmed,0.4925035948806169,15,13,none,0
OctFgftg2Xk,UCMIjEnXruVHtvgSVf6TgfUg,time,14,13.6114,28,55843.32,59545,75857.73186824544,0.7361586308627478,confirmed,0.10364098881709265,15,14,none,0
4MBtrq-N56k,UC_mmaVYaFmlfdxuKb6U69Yw,time,1,0.8262,27,653461.08,848932,656943.0000000003,0.9946998165512534,early,,15,12,none,0
4MBtrq-N56k,UC_mmaVYaFmlfdxuKb6U69Yw,time,2,1.8262,27,702411.14,848932,656943.0000000003,1.0692116976640393,early,0.7734710712893791,15,12,none,0
4MBtrq-N56k,UC_mmaVYaFmlfdxuKb6U69Yw,time,3,2.8262,27,637520.99,848932,656943.0000000003,0.970435772082183,early,0.6263531831947474,15,12,none,0
4MBtrq-N56k,UC_mmaVYaFmlfdxuKb6U69Yw,time,5,4.8262,27,632739.35,848932,656943.0000000003,0.9631571540392087,likely,0.5316569361339788,15,11,none,0
4MBtrq-N56k,UC_mmaVYaFmlfdxuKb6U69Yw,time,7,6.8262,27,715186.28,848932,656943.0000000003,1.0886580488417883,likely,0.5143399821875168,15,11,none,0
4MBtrq-N56k,UC_mmaVYaFmlfdxuKb6U69Yw,time,14,12.8262,27,899935.60,848932,656943.0000000003,1.3698838428547835,confirmed,0.49781732758401354,15,11,none,0
N4-K3TmP8BQ,UCll3zdukvI1oWlG-F13UCZw,heldout,14,12.9994,29,3519.54,3216,1165.3294416920905,3.020206382787312,confirmed,,15,9,none,0
Xnj1zy1Cz5Q,UCBv7HEHuVlNAELGi5XJd85Q,time,5,4.7916,27,399106.50,540286,,,insufficient,,0,0,none,0
Xnj1zy1Cz5Q,UCBv7HEHuVlNAELGi5XJd85Q,time,7,7.7916,27,497939.51,540286,,,insufficient,0.5039048235777105,0,0,none,0
Xnj1zy1Cz5Q,UCBv7HEHuVlNAELGi5XJd85Q,time,14,12.7916,27,506814.09,540286,,,insufficient,0.4493341924862352,0,0,none,0
gHlNf7G1Grk,UCgxSTAUCx4JbT5J0ako61Ww,time,14,14.6671,29,4045.91,3783,2155.795977695308,1.8767612241127156,confirmed,,15,15,none,0
G4AT7BIpheg,UC1vGihnPBNE1wHdNzfe5eBg,time,14,12.9062,27,487.59,463,774.7532912200056,0.6293526900622441,confirmed,,9,9,none,0
NPA1LOrrc78,UC6RxjqZyhTKshYyBJcIIvPQ,heldout,5,5.8540,28,949.08,1115,,,insufficient,,1,1,none,0
NPA1LOrrc78,UC6RxjqZyhTKshYyBJcIIvPQ,time,5,5.8540,28,949.08,1115,,,insufficient,,1,1,none,0
NPA1LOrrc78,UC6RxjqZyhTKshYyBJcIIvPQ,heldout,7,6.8540,28,1039.24,1115,,,insufficient,0.5861058783294735,1,1,none,0
NPA1LOrrc78,UC6RxjqZyhTKshYyBJcIIvPQ,time,7,6.8540,28,1039.24,1115,,,insufficient,0.5861058783294735,1,1,none,0
NPA1LOrrc78,UC6RxjqZyhTKshYyBJcIIvPQ,heldout,14,13.8540,28,1102.57,1115,,,insufficient,0.3889737689731428,1,1,none,0
NPA1LOrrc78,UC6RxjqZyhTKshYyBJcIIvPQ,time,14,13.8540,28,1102.57,1115,,,insufficient,0.3889737689731428,1,1,none,0
BgM4zMJYfzw,UC7Hi_moNiYG88AgbyiJU9UQ,heldout,5,4.5680,30,5962.37,7049,15025.606653344052,0.39681420284257707,likely,,7,7,none,0
i9BQS6oSHGU,UC-OJ-24roEfQ_-PCnLJSckg,time,1,0.8382,28,271395.32,270292,200403.99999999994,1.3542410471090087,early,,15,11,none,0
i9BQS6oSHGU,UC-OJ-24roEfQ_-PCnLJSckg,time,2,1.8382,28,225311.11,270292,200403.99999999994,1.124284495777246,early,0.5584884748658091,15,11,none,0
i9BQS6oSHGU,UC-OJ-24roEfQ_-PCnLJSckg,time,3,2.8382,28,229142.67,270292,200403.99999999994,1.143403673969014,early,0.48985974683233663,15,10,none,0
i9BQS6oSHGU,UC-OJ-24roEfQ_-PCnLJSckg,time,5,4.8382,28,233791.40,270292,200403.99999999994,1.1666004876497995,likely,0.4023835405738438,15,10,none,0
i9BQS6oSHGU,UC-OJ-24roEfQ_-PCnLJSckg,time,7,6.8382,28,230746.92,270292,200403.99999999994,1.1514087566380693,likely,0.3973740861496844,15,10,none,0
i9BQS6oSHGU,UC-OJ-24roEfQ_-PCnLJSckg,time,14,13.8382,28,256933.32,270292,200403.99999999994,1.2820767947747875,confirmed,0.3630421205938333,15,9,none,0
UbJjs2hZz1Q,UCGpsgNbzdF7BECCVbB1COHw,time,14,13.0014,29,3388.73,3348,6865.080924765993,0.4936189925194592,confirmed,0.038116684907735315,15,15,none,0
9RpBrRCw3lU,UCDAbrXOj2yIrzj8QE4jC-Og,time,5,4.8330,27,23160.12,41502,,,insufficient,,2,2,none,0
9RpBrRCw3lU,UCDAbrXOj2yIrzj8QE4jC-Og,time,7,6.8330,27,38498.81,41502,,,insufficient,1.1014958831703288,2,2,none,0
9RpBrRCw3lU,UCDAbrXOj2yIrzj8QE4jC-Og,time,14,12.8330,27,40253.17,41502,,,insufficient,0.7225075569395704,2,2,none,0
yPTbywOkXIo,UC8uU_wruBMHeeRma49dtZKA,time,1,0.9569,30,8750.82,9082,13139.999999999998,0.6659678638972678,early,,15,12,none,0
yPTbywOkXIo,UC8uU_wruBMHeeRma49dtZKA,time,2,1.9569,30,15656.27,9082,13139.999999999998,1.1914970148556472,early,1.3562179889536143,15,12,none,0
yPTbywOkXIo,UC8uU_wruBMHeeRma49dtZKA,time,3,2.9569,30,14723.45,9082,13139.999999999998,1.1205057318668061,early,0.9024512377633082,15,12,none,0
yPTbywOkXIo,UC8uU_wruBMHeeRma49dtZKA,time,5,4.9569,30,11460.40,9082,13139.999999999998,0.8721766580414373,likely,0.638189683879243,15,12,none,0
yPTbywOkXIo,UC8uU_wruBMHeeRma49dtZKA,time,7,6.9569,30,10189.49,9082,13139.999999999998,0.7754561310815588,likely,0.5364989312682618,15,12,none,0
yPTbywOkXIo,UC8uU_wruBMHeeRma49dtZKA,time,14,13.9569,30,10379.97,9082,13139.999999999998,0.7899517860378258,confirmed,0.41908861263366126,15,12,none,0
3wT9uNRk3AM,UCdJ9oJ2GUF8Vmb-G63ldGWg,time,5,5.7329,28,492846.99,740388,,,insufficient,,0,0,none,0
3wT9uNRk3AM,UCdJ9oJ2GUF8Vmb-G63ldGWg,time,7,7.7329,28,720206.16,740388,144889.77351105277,4.970717690549443,confirmed,0.7531234031340762,15,15,none,0
3wT9uNRk3AM,UCdJ9oJ2GUF8Vmb-G63ldGWg,time,14,13.7329,28,602772.35,740388,144447.49054866107,4.172951359654548,confirmed,0.44988211897732944,15,15,none,0
AQvBKGxeYxI,UC0Hk4EE6iUXv21AdUdJ6vlg,time,5,6.8332,29,208.92,229,,,insufficient,,0,0,none,0
AQvBKGxeYxI,UC0Hk4EE6iUXv21AdUdJ6vlg,time,7,6.8332,29,208.92,229,,,insufficient,,0,0,none,0
AQvBKGxeYxI,UC0Hk4EE6iUXv21AdUdJ6vlg,time,14,13.8332,29,217.11,229,,,insufficient,0.2441204382270235,0,0,none,0
xvK48fvAj5E,UCjG94SagJZoyPggcBhUdFCA,time,14,13.4991,28,126835.19,127315,139163.92861617557,0.9114085158054555,confirmed,0.07141146203677819,15,14,none,0
a4I9uRjMvjk,UC6jZvmJ7QJ_LAH-DpMpLf2Q,time,14,13.7083,28,3694.63,3466,2367,1.5608895884621903,confirmed,,15,11,none,0
k2RJtNwcyxc,UCXV8h3I9pnfZuDpg6xEM_8w,time,14,13.9572,28,5072.08,5243,6883.540305216618,0.7368411962437655,confirmed,,15,14,none,0
CMIa443BdKs,UCUpbDOT-OVNBlaQpb9pbd2w,heldout,3,3.7806,27,33232.27,21947,30395.060342293662,1.093344383041244,likely,,15,15,none,0
CMIa443BdKs,UCUpbDOT-OVNBlaQpb9pbd2w,time,3,3.7806,27,33232.27,21947,30395.060342293662,1.093344383041244,likely,,15,15,none,0
CMIa443BdKs,UCUpbDOT-OVNBlaQpb9pbd2w,heldout,5,4.7806,27,24181.96,21947,29345.341207807407,0.8240476474661476,likely,0.059935695482520174,15,15,none,0
CMIa443BdKs,UCUpbDOT-OVNBlaQpb9pbd2w,time,5,4.7806,27,24181.96,21947,29345.341207807407,0.8240476474661476,likely,0.059935695482520174,15,15,none,0
CMIa443BdKs,UCUpbDOT-OVNBlaQpb9pbd2w,heldout,7,6.7806,27,23697.92,21947,27950.319070457634,0.8478587056046296,likely,0.05708410249371007,15,15,none,0
CMIa443BdKs,UCUpbDOT-OVNBlaQpb9pbd2w,time,7,6.7806,27,23697.92,21947,27950.319070457634,0.8478587056046296,likely,0.05708410249371007,15,15,none,0
CMIa443BdKs,UCUpbDOT-OVNBlaQpb9pbd2w,heldout,14,12.7806,27,22529.55,21947,25474.729443887118,0.8843883621923581,confirmed,0.03702552236202488,15,15,none,0
CMIa443BdKs,UCUpbDOT-OVNBlaQpb9pbd2w,time,14,12.7806,27,22529.55,21947,25474.729443887118,0.8843883621923581,confirmed,0.03702552236202488,15,15,none,0
3j3ypZ79v-Q,UCq_2n18CJaRVGxEfxtCfI-Q,time,5,5.5830,29,408867.94,329269,99241.99701659796,4.119908389510053,likely,,15,15,none,0
3j3ypZ79v-Q,UCq_2n18CJaRVGxEfxtCfI-Q,time,7,6.5830,29,335916.08,329269,98475.25559552605,3.4111724964373296,likely,0.11226204066184221,15,15,none,0
3j3ypZ79v-Q,UCq_2n18CJaRVGxEfxtCfI-Q,time,14,13.5830,29,327181.83,329269,94514.87683518748,3.4616966706563614,confirmed,0.06473103522879772,15,13,none,0
F1fnfyGSnBQ,UCuR-ZdVJtF3muYhYUQ-he-Q,time,14,13.8748,29,7521.90,8170,14367.86327787576,0.5235225238698552,confirmed,0.21006862596975853,12,12,none,0
F7Y-94Q6Vtc,UCboCCtnsCslt0ZT9W47thcA,time,5,6.7777,29,697.24,679,,,insufficient,,0,0,none,0
F7Y-94Q6Vtc,UCboCCtnsCslt0ZT9W47thcA,time,7,6.7777,29,697.24,679,,,insufficient,,0,0,none,0
F7Y-94Q6Vtc,UCboCCtnsCslt0ZT9W47thcA,time,14,13.7777,29,669.19,679,,,insufficient,0.16527299136165458,0,0,none,0
Cxp9oHq1INk,UCYO_YUHK7ZROCqJMtSOuOHQ,heldout,2,2.7487,30,4080.28,30175,1753,2.3275990077146527,early,,15,12,none,0
Cxp9oHq1INk,UCYO_YUHK7ZROCqJMtSOuOHQ,heldout,3,2.7487,30,4080.28,30175,1753,2.3275990077146527,early,,15,12,none,0
Cxp9oHq1INk,UCYO_YUHK7ZROCqJMtSOuOHQ,heldout,5,4.7487,30,312.51,30175,1753,0.17827206863696934,likely,0.16808022867760966,15,10,none,0
Cxp9oHq1INk,UCYO_YUHK7ZROCqJMtSOuOHQ,heldout,7,6.7487,30,304.57,30175,1753,0.17374022427958857,likely,0.11396879703950244,15,9,none,0
Cxp9oHq1INk,UCYO_YUHK7ZROCqJMtSOuOHQ,heldout,14,13.7487,30,22622.98,30175,2627.7921745285303,8.609118882652439,confirmed,2.8602051180635018,15,7,none,0
oYoV1baxwE0,UCsvqVGtbbyHaMoevxPAq9Fg,time,14,13.8323,29,1381.84,1574,5485.4961588869755,0.2519078462785572,confirmed,0.21738660272810123,15,15,none,0
DvMA-1sBhpU,UCll3zdukvI1oWlG-F13UCZw,heldout,1,1.0299,31,12911.36,13701,1461.945237573455,8.831628626353748,early,,15,15,none,0
DvMA-1sBhpU,UCll3zdukvI1oWlG-F13UCZw,heldout,2,1.0299,31,12911.36,13701,1461.945237573455,8.831628626353748,early,,15,15,none,0
DvMA-1sBhpU,UCll3zdukvI1oWlG-F13UCZw,heldout,14,16.0299,31,15266.56,13701,1302.20553990977,11.723620750196945,confirmed,0.42858182805120565,15,13,none,0
HN7aZm8FtVw,UC_2su4ftsi4r6aGkAQ8MyVQ,time,5,6.0556,29,528.60,628,,,insufficient,,0,0,none,0
HN7aZm8FtVw,UC_2su4ftsi4r6aGkAQ8MyVQ,time,7,7.0556,29,624.09,628,,,insufficient,0.5872836715417449,0,0,none,0
HN7aZm8FtVw,UC_2su4ftsi4r6aGkAQ8MyVQ,time,14,14.0556,29,639.56,628,,,insufficient,0.3485724098178214,0,0,none,0
RpgJH0T822Q,UCEh_IoMVGA7NPsx6-2H8Bqw,time,14,13.3952,28,2838.93,2849,1195.318589250118,2.375040892203498,confirmed,0.1218804953583285,15,15,none,0
qXBhnJnKZnA,UC_Gz-8R2G8jBs20ro9AL9hA,time,1,1.9088,28,231.75,351,362.8895109504007,0.638637244725338,early,,15,15,none,0
qXBhnJnKZnA,UC_Gz-8R2G8jBs20ro9AL9hA,time,2,1.9088,28,231.75,351,362.8895109504007,0.638637244725338,early,,15,15,none,0
qXBhnJnKZnA,UC_Gz-8R2G8jBs20ro9AL9hA,time,3,2.9088,28,283.33,351,374.9002163580735,0.7557414214028575,early,0.8836999237166134,15,15,none,0
qXBhnJnKZnA,UC_Gz-8R2G8jBs20ro9AL9hA,time,5,4.9088,28,292.03,351,383.9393633556403,0.7606251995245267,likely,0.5947032525692858,15,15,none,0
qXBhnJnKZnA,UC_Gz-8R2G8jBs20ro9AL9hA,time,7,6.9088,28,288.68,351,405.3003586261612,0.7122572417180391,likely,0.5267041845337986,15,15,none,0
qXBhnJnKZnA,UC_Gz-8R2G8jBs20ro9AL9hA,time,14,12.9088,28,299.32,351,429.144096984454,0.6974763140906262,confirmed,0.46325861432618237,15,15,none,0
SQRsGneCnAM,UC0Fh1HN4RvOw2hMk9n5PysA,time,14,13.9572,29,214.96,237,436.3287946633571,0.49265803040721673,confirmed,0.10869414950837014,15,15,none,0
6AF193yWyzQ,UCOCsRROSlsrA31YJgCah32A,time,0.5,0.5313,28,8411.67,4692,13601.002883042185,0.6184596910470833,early,,15,12,none,0
6AF193yWyzQ,UCOCsRROSlsrA31YJgCah32A,time,1,0.5313,28,8411.67,4692,13601.002883042185,0.6184596910470833,early,,15,12,none,0
6AF193yWyzQ,UCOCsRROSlsrA31YJgCah32A,time,2,1.5313,28,5225.49,4692,14044.814469464756,0.3720583700538708,early,0.39458518958024,15,11,none,0
6AF193yWyzQ,UCOCsRROSlsrA31YJgCah32A,time,3,2.5313,28,5427.68,4692,14607.722711592625,0.3715623018844322,early,0.3205233836273409,15,11,none,0
6AF193yWyzQ,UCOCsRROSlsrA31YJgCah32A,time,5,4.5313,28,3841.20,4692,16110.24878907691,0.23843179053989472,likely,0.25445825553680157,15,10,none,0
6AF193yWyzQ,UCOCsRROSlsrA31YJgCah32A,time,7,6.5313,28,5075.04,4692,16021.661867743973,0.3167614413100878,likely,0.25183637437304124,15,10,none,0
6AF193yWyzQ,UCOCsRROSlsrA31YJgCah32A,time,14,13.5313,28,5601.96,4692,15921.000000000007,0.35185971212919825,confirmed,0.2240097786762254,15,7,none,0
sUMw8uxKjHo,UC2cC48A261pBVKztLyzOAnA,heldout,3,3.5520,29,59813.96,51343,31760.188260652674,1.8832999626591647,likely,,15,12,none,0
sUMw8uxKjHo,UC2cC48A261pBVKztLyzOAnA,heldout,5,4.5520,29,44780.31,51343,31760.188260652674,1.409950961100673,likely,0.2005548119344517,15,12,none,0
sUMw8uxKjHo,UC2cC48A261pBVKztLyzOAnA,heldout,7,6.5520,29,46004.95,51343,31521.251346344237,1.4594900227919552,likely,0.20434455216266245,15,11,none,0
sUMw8uxKjHo,UC2cC48A261pBVKztLyzOAnA,heldout,14,13.5520,29,49942.25,51343,31095.22819288652,1.6061067103737459,confirmed,0.18020996238617618,15,9,none,0
eNslRSeP7Cw,UCGc8ZVCsrR3dAuhvUbkbToQ,heldout,2,2.8742,31,96977.92,100301,186693.69184234654,0.5194493506873322,early,,15,14,none,0
eNslRSeP7Cw,UCGc8ZVCsrR3dAuhvUbkbToQ,heldout,3,2.8742,31,96977.92,100301,186693.69184234654,0.5194493506873322,early,,15,14,none,0
eNslRSeP7Cw,UCGc8ZVCsrR3dAuhvUbkbToQ,heldout,5,5.8742,31,96075.75,100301,187419.34097158586,0.5126245104453317,likely,0.346263991133961,15,14,none,0
eNslRSeP7Cw,UCGc8ZVCsrR3dAuhvUbkbToQ,heldout,7,6.8742,31,93218.75,100301,187843.52557286894,0.4962574503138656,likely,0.3253854504158417,15,14,none,0
eNslRSeP7Cw,UCGc8ZVCsrR3dAuhvUbkbToQ,heldout,14,13.8742,31,99783.27,100301,188255.26031164086,0.5300424030474347,confirmed,0.2800740670077501,15,14,none,0
y4qqtqd10EI,UCdRpPAsQbIaVpn_vS2_omPw,heldout,14,14.8737,29,240.47,223,418.9592133487206,0.573974812176106,confirmed,,15,13,none,0
xRg8IH2F5Xo,UCfkYw-BU8gjwP4yAL2M8Iiw,time,14,13.7906,28,1375.23,1345,290.7932172318974,4.72925090193618,confirmed,,15,15,none,0
iulluNrzRGk,UC675NhQ4EU5TzwCMwYp5XCw,heldout,5,6.8326,29,12264.71,10388,,,insufficient,,0,0,none,0
iulluNrzRGk,UC675NhQ4EU5TzwCMwYp5XCw,time,5,6.8326,29,12264.71,10388,,,insufficient,,0,0,none,0
iulluNrzRGk,UC675NhQ4EU5TzwCMwYp5XCw,heldout,7,6.8326,29,12264.71,10388,,,insufficient,,0,0,none,0
iulluNrzRGk,UC675NhQ4EU5TzwCMwYp5XCw,time,7,6.8326,29,12264.71,10388,,,insufficient,,0,0,none,0
iulluNrzRGk,UC675NhQ4EU5TzwCMwYp5XCw,heldout,14,13.8326,29,10600.26,10388,,,insufficient,0.08019359732440534,0,0,none,0
iulluNrzRGk,UC675NhQ4EU5TzwCMwYp5XCw,time,14,13.8326,29,10600.26,10388,,,insufficient,0.08019359732440534,0,0,none,0
KyCD4IVPaCE,UCLwDLGL3Ejqu-xJp57CptRg,time,3,3.8927,28,50916.93,116400,4573.113994098834,11.13397433657119,likely,,14,13,none,0
KyCD4IVPaCE,UCLwDLGL3Ejqu-xJp57CptRg,time,5,4.8927,28,48017.31,116400,4573.113994098834,10.499914617632017,likely,0.40198835110035475,15,14,none,0
KyCD4IVPaCE,UCLwDLGL3Ejqu-xJp57CptRg,time,7,6.8927,28,89895.91,116400,4461.105185850999,20.15103912916593,likely,1.126181288243491,15,13,none,0
KyCD4IVPaCE,UCLwDLGL3Ejqu-xJp57CptRg,time,14,12.8927,28,121072.29,116400,4276.723313543065,28.30959244306583,confirmed,1.0452825584822434,15,11,none,0
PAikDF8fksE,UCnmGIkw-KdI0W5siakKPKog,heldout,1,0.8745,29,3897074.04,3249831,3204901.9442894086,1.2159729412842137,early,,6,6,none,0
PAikDF8fksE,UCnmGIkw-KdI0W5siakKPKog,heldout,7,8.8745,29,3409861.99,3249831,3171563.518459493,1.0751359607930446,confirmed,0.3320492666315341,15,15,none,0
PAikDF8fksE,UCnmGIkw-KdI0W5siakKPKog,heldout,14,14.8745,29,3392935.60,3249831,3183242.941902243,1.0658739098974765,confirmed,0.29241638621176086,15,15,none,0
y-w3vnh_f4Q,UCFK6NCbuCIVzA6Yj1G_ZqCg,time,5,6.7908,28,6549.57,5848,,,insufficient,,0,0,none,0
y-w3vnh_f4Q,UCFK6NCbuCIVzA6Yj1G_ZqCg,time,7,6.7908,28,6549.57,5848,,,insufficient,,0,0,none,0
y-w3vnh_f4Q,UCFK6NCbuCIVzA6Yj1G_ZqCg,time,14,13.7908,28,6178.08,5848,,,insufficient,0.13844984130487048,0,0,none,0
cirBprnMyA4,UCJquYOG5EL82sKTfH9aMA9Q,time,1,1.8261,28,297956.25,318055,443058.4830153235,0.6724986946109885,early,,15,8,none,0
cirBprnMyA4,UCJquYOG5EL82sKTfH9aMA9Q,time,2,1.8261,28,297956.25,318055,443058.4830153235,0.6724986946109885,early,,15,8,none,0
cirBprnMyA4,UCJquYOG5EL82sKTfH9aMA9Q,time,3,2.8261,28,235774.87,318055,447390.63068541,0.5270000221691026,early,0.43822139178122416,15,7,none,0
cirBprnMyA4,UCJquYOG5EL82sKTfH9aMA9Q,time,5,4.8261,28,331799.32,318055,452234.14674001816,0.733689229388173,likely,0.5624840041816765,15,7,none,0
cirBprnMyA4,UCJquYOG5EL82sKTfH9aMA9Q,time,7,6.8261,28,338699.63,318055,459472.5791190562,0.737148736456377,likely,0.53007041466436,15,6,none,0
cirBprnMyA4,UCJquYOG5EL82sKTfH9aMA9Q,time,14,13.8261,28,348338.77,318055,468355.72018095764,0.743748290246247,confirmed,0.39897363760491267,15,4,none,0
x3d6HUw2T6s,UCBMdHddhf5YV3-za06jC-0Q,time,5,5.1620,27,453.94,605,,,insufficient,0.20222506013095645,1,1,none,0
x3d6HUw2T6s,UCBMdHddhf5YV3-za06jC-0Q,time,7,7.1620,27,461.80,605,,,insufficient,0.19558928418518656,1,1,none,0
x3d6HUw2T6s,UCBMdHddhf5YV3-za06jC-0Q,time,14,15.1620,27,589.78,605,,,insufficient,0.2773568256278208,1,1,none,0
65VnyQkpBMU,UCPf9IYnKY-IKwgo58z0SOUQ,heldout,5,6.7909,31,2899.73,2450,2076.9999999999995,1.396115502944349,likely,,15,12,none,0
65VnyQkpBMU,UCPf9IYnKY-IKwgo58z0SOUQ,heldout,7,6.7909,31,2899.73,2450,2076.9999999999995,1.396115502944349,likely,,15,12,none,0
p6ELIoDO24k,UCeW11HsUiXwnRbPqNlh6fHw,heldout,14,14.4501,29,44000.84,45501,21878.45572806521,2.0111493364242947,confirmed,,15,15,none,0
p6ELIoDO24k,UCeW11HsUiXwnRbPqNlh6fHw,time,14,14.4501,29,44000.84,45501,21878.45572806521,2.0111493364242947,confirmed,,15,15,none,0
IPCFGcc9Vks,UCPAt6z5uX_c5Eo_cSNROzYw,time,7,7.6246,27,767.72,687,4125.140613763925,0.18610860315613875,confirmed,,15,15,none,0
IPCFGcc9Vks,UCPAt6z5uX_c5Eo_cSNROzYw,time,14,12.6246,27,667.62,687,3835.1841945936994,0.1740774021013017,confirmed,0.1254010971821285,15,15,none,0
eGpNMBKzPPY,UCsvqVGtbbyHaMoevxPAq9Fg,time,7,7.2849,27,2817.93,2289,2943.7224185809782,0.9572659464470163,confirmed,,15,15,none,0
eGpNMBKzPPY,UCsvqVGtbbyHaMoevxPAq9Fg,time,14,12.2849,27,2337.70,2289,3039.215894812135,0.7691785318356759,confirmed,0.021643819210017963,15,15,none,0
aZklQpFa2kE,UC2D2CMWXMOVWx7giW1n3LIg,time,5,5.0000,28,49417.68,53490,,,insufficient,,1,1,none,0
aZklQpFa2kE,UC2D2CMWXMOVWx7giW1n3LIg,time,7,7.0000,28,57365.84,53490,,,insufficient,0.48044159710689055,1,1,none,0
aZklQpFa2kE,UC2D2CMWXMOVWx7giW1n3LIg,time,14,13.0000,28,53242.29,53490,,,insufficient,0.3178070503429221,1,1,none,0
w2FbEhhhVMw,UCfXzRcRPMHw_AF7EdRtyiJQ,time,5,6.8853,29,12176.61,21941,,,insufficient,,0,0,none,0
w2FbEhhhVMw,UCfXzRcRPMHw_AF7EdRtyiJQ,time,7,6.8853,29,12176.61,21941,,,insufficient,,0,0,none,0
w2FbEhhhVMw,UCfXzRcRPMHw_AF7EdRtyiJQ,time,14,13.8853,29,20926.28,21941,,,insufficient,0.8425411034433423,0,0,none,0
_R0xPffklXQ,UCMOqf8ab-42UUQIdVoKwjlQ,time,1,0.9576,30,906769.58,841233,920615.0000000002,0.9849606801093866,early,,15,13,none,0
_R0xPffklXQ,UCMOqf8ab-42UUQIdVoKwjlQ,time,2,1.9576,30,850000.11,841233,920615.0000000002,0.9232959598656798,early,0.6382703935650051,15,13,none,0
_R0xPffklXQ,UCMOqf8ab-42UUQIdVoKwjlQ,time,3,2.9576,30,887175.77,841233,920615.0000000002,0.9636772940010477,early,0.5192065928444513,15,13,none,0
_R0xPffklXQ,UCMOqf8ab-42UUQIdVoKwjlQ,time,5,4.9576,30,854144.15,841233,920615.0000000002,0.9277973435253606,likely,0.42119649413995225,15,13,none,0
_R0xPffklXQ,UCMOqf8ab-42UUQIdVoKwjlQ,time,7,6.9576,30,812034.00,841233,920615.0000000002,0.8820560165634906,likely,0.3761637497197774,15,13,none,0
_R0xPffklXQ,UCMOqf8ab-42UUQIdVoKwjlQ,time,14,13.9576,30,882007.83,841233,920615.0000000002,0.958063714685387,confirmed,0.3399930125072674,15,12,none,0
BvCFmUZBigA,UCWQCCIq-BBbXCdtjwZvW9jA,time,1,0.9164,27,2122.28,5334,22241.679376718595,0.09541920516028846,early,,15,15,none,0
BvCFmUZBigA,UCWQCCIq-BBbXCdtjwZvW9jA,time,2,1.9164,27,2795.18,5334,22241.679376718595,0.12567315813742402,early,1.0485757872931176,15,15,none,0
BvCFmUZBigA,UCWQCCIq-BBbXCdtjwZvW9jA,time,3,2.9164,27,4024.82,5334,22241.679376718595,0.18095855076864348,early,1.0564983017191203,15,15,none,0
BvCFmUZBigA,UCWQCCIq-BBbXCdtjwZvW9jA,time,5,4.9164,27,4710.43,5334,22324.382034830418,0.21099949180336253,likely,0.9313918876662997,15,15,none,0
BvCFmUZBigA,UCWQCCIq-BBbXCdtjwZvW9jA,time,7,6.9164,27,5016.54,5334,22324.382034830418,0.22471133699839477,likely,0.8779105090130339,15,15,none,0
BvCFmUZBigA,UCWQCCIq-BBbXCdtjwZvW9jA,time,14,12.9164,27,4969.12,5334,22392.856278643452,0.2219065103217091,confirmed,0.7517396925403275,15,15,none,0
YpuPWI8X0os,UCfYfK0tzHZTpNFrc_NDKfTA,heldout,5,6.8749,28,1029.51,945,1663.512624254163,0.6188744795131651,likely,,15,15,none,0
YpuPWI8X0os,UCfYfK0tzHZTpNFrc_NDKfTA,time,5,6.8749,28,1029.51,945,1663.512624254163,0.6188744795131651,likely,,15,15,none,0
YpuPWI8X0os,UCfYfK0tzHZTpNFrc_NDKfTA,heldout,7,6.8749,28,1029.51,945,1663.512624254163,0.6188744795131651,likely,,15,15,none,0
YpuPWI8X0os,UCfYfK0tzHZTpNFrc_NDKfTA,time,7,6.8749,28,1029.51,945,1663.512624254163,0.6188744795131651,likely,,15,15,none,0
YpuPWI8X0os,UCfYfK0tzHZTpNFrc_NDKfTA,heldout,14,13.8749,28,969.03,945,1663.4219295591063,0.5825496297185471,confirmed,0.13617100713358282,15,12,none,0
YpuPWI8X0os,UCfYfK0tzHZTpNFrc_NDKfTA,time,14,13.8749,28,969.03,945,1663.4219295591063,0.5825496297185471,confirmed,0.13617100713358282,15,12,none,0
kvDkxSfNR6Q,UCCKbBnHLdT9S4O-MNKPK2lA,time,0.5,0.3020,28,4865.30,4865,6653.506785384822,0.7312389846921505,early,,15,11,none,0
kvDkxSfNR6Q,UCCKbBnHLdT9S4O-MNKPK2lA,time,1,1.3020,28,5089.64,4865,6805.62841429881,0.7478572933217598,early,1.0030415173966911,15,11,none,0
kvDkxSfNR6Q,UCCKbBnHLdT9S4O-MNKPK2lA,time,2,2.3020,28,5726.76,4865,6805.62841429881,0.8414747074748292,early,0.9181434710456762,15,11,none,0
kvDkxSfNR6Q,UCCKbBnHLdT9S4O-MNKPK2lA,time,3,3.3020,28,5439.54,4865,6805.62841429881,0.7992705535862118,likely,0.7937659458343291,15,11,none,0
kvDkxSfNR6Q,UCCKbBnHLdT9S4O-MNKPK2lA,time,5,5.3020,28,5313.78,4865,6992.376351970668,0.7599393379837704,likely,0.669245718616957,15,11,none,0
kvDkxSfNR6Q,UCCKbBnHLdT9S4O-MNKPK2lA,time,7,7.3020,28,5363.91,4865,6992.376351970668,0.7671089265756524,confirmed,0.6378545631409875,15,11,none,0
kvDkxSfNR6Q,UCCKbBnHLdT9S4O-MNKPK2lA,time,14,13.3020,28,6111.67,4865,7240.4843263061475,0.8440961699955766,confirmed,0.5660899021494814,15,10,none,0
48TlRDENkfc,UC4XsiyKOEWxdW0jpNyKsNEw,heldout,14,11.3080,32,55.41,83,133.24549329991103,0.4158362268433398,confirmed,,11,11,none,0
0tAnnZ0U0fA,UCGpsgNbzdF7BECCVbB1COHw,time,14,13.0633,27,6255.90,6086,9130.250504430434,0.6851837388474623,confirmed,0.24960776907929683,15,15,none,0
xx0jNSWZVMg,UCUnFheTbVpASikm0YPb8pSw,time,14,12.7222,27,3759.01,3438,5568.137117786108,0.6750931438246338,confirmed,0.333607003542118,15,14,none,0
R8pdxfklTbk,UCJ1RVDuSiJncq6VQYiqpzLA,time,14,14.9994,27,535.57,528,1048.8787129414245,0.5106133281159673,confirmed,0.15604502570757575,15,15,none,0
bqnalgrmMfQ,UCuxbOHa_nj8k6qotTzJrWZA,time,1,0.8853,28,19213.39,15470,18374.256000408186,1.0456688227524333,early,,15,15,none,0
bqnalgrmMfQ,UCuxbOHa_nj8k6qotTzJrWZA,time,2,1.8853,28,18038.93,15470,18572.354082644742,0.971278660335113,early,0.6226611591717072,15,15,none,0
bqnalgrmMfQ,UCuxbOHa_nj8k6qotTzJrWZA,time,3,2.8853,28,19507.23,15470,18779.111576971212,1.0387730006904388,early,0.556630881868293,15,15,none,0
bqnalgrmMfQ,UCuxbOHa_nj8k6qotTzJrWZA,time,5,4.8853,28,16096.97,15470,19108.577998576657,0.84239511652173,likely,0.39171383290409434,15,15,none,0
bqnalgrmMfQ,UCuxbOHa_nj8k6qotTzJrWZA,time,7,7.8853,28,15990.72,15470,19376.92599795579,0.8252456902404246,confirmed,0.3405129309345007,15,13,none,0
bqnalgrmMfQ,UCuxbOHa_nj8k6qotTzJrWZA,time,14,13.8853,28,17512.84,15470,19475.99999999999,0.8992013147185999,confirmed,0.2822644957576425,15,7,none,0
htSyiCxOvZw,UCnpWedLQdHpZqhgTLdB9Yyg,time,1,0.8955,27,60348.23,62005,72457.60333617691,0.832876456485496,early,,14,14,none,0
htSyiCxOvZw,UCnpWedLQdHpZqhgTLdB9Yyg,time,2,1.8955,27,72664.56,62005,76545.02009538612,0.9493048030208902,early,0.8275647317444582,15,15,none,0
htSyiCxOvZw,UCnpWedLQdHpZqhgTLdB9Yyg,time,3,2.8955,27,70442.99,62005,76143.42615705007,0.9251355448226527,early,0.645902482203796,15,15,none,0
htSyiCxOvZw,UCnpWedLQdHpZqhgTLdB9Yyg,time,5,4.8955,27,72259.09,62005,75389.90556326564,0.9584716796287734,likely,0.5471022126441946,15,15,none,0
htSyiCxOvZw,UCnpWedLQdHpZqhgTLdB9Yyg,time,7,6.8955,27,70125.41,62005,74307.54141052485,0.9437186529814634,likely,0.49603375596108823,15,15,none,0
htSyiCxOvZw,UCnpWedLQdHpZqhgTLdB9Yyg,time,14,12.8955,27,63748.31,62005,73433.99999999994,0.8681034757247742,confirmed,0.40418452583751213,15,13,none,0
XmcXlQXwGms,UCammHPYWYI4q3WLbx-TP7GA,time,14,15.0242,27,4626.83,4515,5019.8556441611545,0.9217050599846331,confirmed,0.026832942841098363,15,9,none,0
Im51hMdp690,UC4lGf3Jn2331jdjMlsJyj5Q,time,14,12.8105,28,186602.62,191665,193530.99999999985,0.9642001382784551,confirmed,0.22150716016510805,15,11,none,0
VjonF-qVnlU,UCYzz2SkhAaM0FDKuGk-IPZg,heldout,14,14.1121,31,91076.84,87311,10905.803419956857,8.351227393176025,confirmed,,15,14,none,0
CSBM2b8LYKA,UCsvqVGtbbyHaMoevxPAq9Fg,time,14,14.7643,29,7753.06,7779,5480.405218394991,1.4146874286324465,confirmed,0.05115787693451971,15,15,none,0
t-CYeO6OXrs,UCJnGicTZoqdAFpVU1Jee4Zw,heldout,0.5,0.4993,30,165.43,359,663.9999999999998,0.24914727715559193,early,,14,13,none,0
t-CYeO6OXrs,UCJnGicTZoqdAFpVU1Jee4Zw,heldout,1,0.4993,30,165.43,359,663.9999999999998,0.24914727715559193,early,,14,13,none,0
t-CYeO6OXrs,UCJnGicTZoqdAFpVU1Jee4Zw,heldout,3,3.4993,30,539.21,359,496.5074100259856,1.0860071791772514,likely,1.4360957371199046,15,13,none,0
t-CYeO6OXrs,UCJnGicTZoqdAFpVU1Jee4Zw,heldout,5,5.4993,30,531.46,359,493.6551381040492,1.0765859491078769,likely,1.1599002412616277,15,13,none,0
t-CYeO6OXrs,UCJnGicTZoqdAFpVU1Jee4Zw,heldout,7,6.4993,30,473.72,359,493.6551381040492,0.9596192459085083,likely,1.0675872012647174,15,13,none,0
t-CYeO6OXrs,UCJnGicTZoqdAFpVU1Jee4Zw,heldout,14,14.4993,30,389.31,359,492.9999999999999,0.789684014889172,confirmed,0.7738854980599889,15,12,none,0
9bwg8D7bhLs,UC682ktH2UsgNdCjl83TpDWg,time,14,13.8900,28,261.47,264,71.87357644551147,3.6378716369454835,confirmed,0.017602444438233902,15,15,none,0
gt3EQcfzroE,UCLVGBWZrAniy5r767EXaR8A,time,1,0.8190,29,1124.01,972,699.6883016519926,1.6064432493676808,early,,15,10,none,0
gt3EQcfzroE,UCLVGBWZrAniy5r767EXaR8A,time,2,1.8190,29,1371.36,972,691.871654983755,1.9821047862270365,early,0.8825904210221929,15,10,none,0
gt3EQcfzroE,UCLVGBWZrAniy5r767EXaR8A,time,3,2.8190,29,1349.49,972,684.1117913056402,1.9726093590269678,early,0.6297731412173835,15,8,none,0
gt3EQcfzroE,UCLVGBWZrAniy5r767EXaR8A,time,5,4.8190,29,1063.00,972,666.0658985282696,1.595935559498775,likely,0.43829179630589454,15,7,none,0
gt3EQcfzroE,UCLVGBWZrAniy5r767EXaR8A,time,7,6.8190,29,1131.58,972,652.519692780141,1.7341774981293667,likely,0.37136992494439,15,4,none,0
gt3EQcfzroE,UCLVGBWZrAniy5r767EXaR8A,time,14,13.8190,29,966.36,972,626.4749136112562,1.5425294945643986,confirmed,0.2872043172204474,15,2,none,0
0TDI7Rg0Nns,UCWyL3FzhX0CaxgkOMTQMa0A,time,14,13.7916,29,103466.14,111319,11554.02905365653,8.954983614406723,confirmed,,15,14,none,0
I6xMyAVTW5w,UCPAt6z5uX_c5Eo_cSNROzYw,time,14,13.6634,27,13802.97,13577,10397.339866184282,1.3275481311707753,confirmed,0.02714809367208523,15,15,none,0
K5yfMcVaXIE,UCkr6cLAnZiz5NH0NzjNK8rg,time,0.5,0.6676,27,97525.60,78829,113059.59001384178,0.8626035202352774,early,,14,14,none,0
K5yfMcVaXIE,UCkr6cLAnZiz5NH0NzjNK8rg,time,1,0.6676,27,97525.60,78829,113059.59001384178,0.8626035202352774,early,,14,14,none,0
K5yfMcVaXIE,UCkr6cLAnZiz5NH0NzjNK8rg,time,2,1.6676,27,105828.08,78829,85992.51576341671,1.2306661419593228,early,0.7391369498329331,15,15,none,0
K5yfMcVaXIE,UCkr6cLAnZiz5NH0NzjNK8rg,time,3,2.6676,27,107986.54,78829,85241.96768744808,1.26682363907947,early,0.6510576405190718,15,14,none,0
K5yfMcVaXIE,UCkr6cLAnZiz5NH0NzjNK8rg,time,5,4.6676,27,91939.06,78829,84567.20340243161,1.0871715779671067,likely,0.4822968395743337,15,12,none,0
K5yfMcVaXIE,UCkr6cLAnZiz5NH0NzjNK8rg,time,7,6.6676,27,86860.56,78829,83120.17652523657,1.044999749587964,likely,0.408176148446961,15,12,none,0
K5yfMcVaXIE,UCkr6cLAnZiz5NH0NzjNK8rg,time,14,12.6676,27,77801.66,78829,81322.50589034506,0.9567051773095439,confirmed,0.3197058013055096,15,8,none,0
fF0dX46BMt4,UCglNXzBo6bmKc9otKf-OuGQ,time,14,13.5873,28,11088.05,10819,6353.112464928772,1.7452948513008433,confirmed,0.012019768276899457,15,15,none,0
oOUEPF8MEPY,UCAC8Y3gJMuhGsjNWyufUNAQ,time,5,6.5886,27,69.22,86,,,insufficient,,0,0,none,0
oOUEPF8MEPY,UCAC8Y3gJMuhGsjNWyufUNAQ,time,7,6.5886,27,69.22,86,,,insufficient,,0,0,none,0
oOUEPF8MEPY,UCAC8Y3gJMuhGsjNWyufUNAQ,time,14,13.5886,27,80.68,86,,,insufficient,0.34696278890055754,0,0,none,0
5CoF0aXKFY8,UCGWNHkr2WZcRbxqoet-nyeg,time,14,13.4850,28,5022.21,5850,2598.9944655019985,1.932366023356652,confirmed,,15,15,none,0
WEqgNna8vkE,UC-No2ITxJsNt50oJQ3fLmUA,time,14,12.7512,27,139073.45,142055,101984.71415289148,1.3636695665163958,confirmed,0.24526367573997837,15,12,none,0
YQPOeISbBJA,UCOSiQnmt9TJRTxIjyl0iO0A,time,1,0.7950,29,1677.95,1201,2364.9999999999995,0.7094930846477119,early,,15,12,none,0
YQPOeISbBJA,UCOSiQnmt9TJRTxIjyl0iO0A,time,2,1.7950,29,1903.49,1201,2364.9999999999995,0.8048594238111768,early,0.8844563249859738,15,12,none,0
YQPOeISbBJA,UCOSiQnmt9TJRTxIjyl0iO0A,time,3,2.7950,29,1649.37,1201,2364.9999999999995,0.6974084352197467,early,0.6288389080672864,15,11,none,0
YQPOeISbBJA,UCOSiQnmt9TJRTxIjyl0iO0A,time,5,4.7950,29,1498.37,1201,2334.0143627270454,0.6419725029078615,likely,0.4571974058459822,15,10,none,0
YQPOeISbBJA,UCOSiQnmt9TJRTxIjyl0iO0A,time,7,6.7950,29,1401.80,1201,2257.911632277427,0.6208370868926095,likely,0.3804722944995025,15,9,none,0
YQPOeISbBJA,UCOSiQnmt9TJRTxIjyl0iO0A,time,14,13.7950,29,1248.90,1201,2154.352586087635,0.5797120893088398,confirmed,0.2891369575374355,15,7,none,0
M0qewX3Rhf0,UC9Lfb5wvuqFXaEiEJtJYAYg,heldout,7,7.9140,31,81153.48,77645,,,insufficient,,11,11,none,0
M0qewX3Rhf0,UC9Lfb5wvuqFXaEiEJtJYAYg,heldout,14,13.9140,31,77464.49,77645,,,insufficient,0.195508786696212,11,10,none,0
LffevT1SA9c,UCicLtkURhSq2fNDCzpb8NVw,time,0.5,0.7269,28,6260.46,10779,326.30315044091526,19.18601445968038,early,,6,5,none,0
LffevT1SA9c,UCicLtkURhSq2fNDCzpb8NVw,time,1,0.7269,28,6260.46,10779,326.30315044091526,19.18601445968038,early,,6,5,none,0
LffevT1SA9c,UCicLtkURhSq2fNDCzpb8NVw,time,2,1.7269,28,9717.69,10779,334.66460879232125,29.037086842897097,early,1.1348474875694232,6,5,none,0
LffevT1SA9c,UCicLtkURhSq2fNDCzpb8NVw,time,3,2.7269,28,8096.83,10779,335.8675331155698,24.1072265882673,early,0.8689929550575324,6,5,none,0
LffevT1SA9c,UCicLtkURhSq2fNDCzpb8NVw,time,5,4.7269,28,10944.39,10779,344.59818914536334,31.75986352956361,likely,0.7606346172569652,6,5,none,0
LffevT1SA9c,UCicLtkURhSq2fNDCzpb8NVw,time,7,6.7269,28,10637.49,10779,346.2925550523448,30.71820613195441,likely,0.677963183208298,6,5,none,0
LffevT1SA9c,UCicLtkURhSq2fNDCzpb8NVw,time,14,13.7269,28,12199.67,10779,356,34.268722843171716,confirmed,0.5998428769847646,6,4,none,0
-vhggYpUPl0,UCS7BAYpqOSaYy-pZp6oO4PA,time,7,7.0126,27,4495.59,3600,14006.360519785365,0.3209678409610731,confirmed,,15,15,none,0
-vhggYpUPl0,UCS7BAYpqOSaYy-pZp6oO4PA,time,14,15.0126,27,3704.97,3600,13128.747224109258,0.2822032291839155,confirmed,0.005246978222034944,15,15,none,0
1XNzw_yWzBM,UCSiKFGDpfCICQDfmxxjDvsg,time,7,7.6168,27,8533.07,8421,19770.260823134617,0.43161116091324453,confirmed,,15,15,none,0
1XNzw_yWzBM,UCSiKFGDpfCICQDfmxxjDvsg,time,14,12.6168,27,8085.72,8421,19936.764385848423,0.4055681497385219,confirmed,0.2038869485562333,15,15,none,0
OrA8YDUwSbw,UCc99RaVe8PKgly2T3QNBWLw,time,5,4.6198,27,54.39,47,,,insufficient,,2,2,none,0
OrA8YDUwSbw,UCc99RaVe8PKgly2T3QNBWLw,time,7,6.6198,27,42.88,47,,,insufficient,-0.0831585446673127,2,2,none,0
OrA8YDUwSbw,UCc99RaVe8PKgly2T3QNBWLw,time,14,15.6198,27,51.06,47,,,insufficient,0.14873098677436522,2,2,none,0
Kg0hwDOxX5k,UCGWNHkr2WZcRbxqoet-nyeg,time,14,12.9017,27,1058.30,1161,2629.280303593857,0.40250504643715695,confirmed,,15,15,none,0
EaM3EBLILKg,UCnmGIkw-KdI0W5siakKPKog,heldout,2,2.8747,31,3093039.25,2877921,3441091.04858892,0.8988542316257783,early,,15,15,none,0
EaM3EBLILKg,UCnmGIkw-KdI0W5siakKPKog,heldout,3,2.8747,31,3093039.25,2877921,3441091.04858892,0.8988542316257783,early,,15,15,none,0
bsWiHfc65O4,UCYPHQSj2QrRNfIiHNzbB6IA,time,2,2.0684,28,5113.56,3910,3630.2158277116737,1.4086095223006134,early,,15,14,none,0
bsWiHfc65O4,UCYPHQSj2QrRNfIiHNzbB6IA,time,3,3.0684,28,5280.59,3910,3614.495017040607,1.4609495140962099,likely,0.5993709782111344,15,14,none,0
bsWiHfc65O4,UCYPHQSj2QrRNfIiHNzbB6IA,time,5,5.0684,28,4499.43,3910,3650.288776357751,1.2326218855100077,likely,0.35861440049231574,15,14,none,0
bsWiHfc65O4,UCYPHQSj2QrRNfIiHNzbB6IA,time,7,7.0684,28,4366.34,3910,3612.341007583735,1.208728517075449,confirmed,0.28644690449787025,15,13,none,0
bsWiHfc65O4,UCYPHQSj2QrRNfIiHNzbB6IA,time,14,13.0684,28,4122.71,3910,3502.9155614201572,1.1769353582243216,confirmed,0.2148643894542821,15,13,none,0
4nIQEyyRHkY,UCBRxDSTfr2aJVODDh4WG_7g,time,5,6.8945,27,436.72,351,332.5335711649773,1.3133163466229474,likely,,11,11,none,0
4nIQEyyRHkY,UCBRxDSTfr2aJVODDh4WG_7g,time,7,6.8945,27,436.72,351,332.5335711649773,1.3133163466229474,likely,,11,11,none,0
4nIQEyyRHkY,UCBRxDSTfr2aJVODDh4WG_7g,time,14,12.8945,27,361.71,351,493.5481209899176,0.7328829987779536,confirmed,0.015227257958343426,15,15,none,0
PaAHkIYF9rY,UCt3B6rUXb__X2eMyY7jzgIg,heldout,0.5,0.6674,31,14679.42,37702,48104.49019248397,0.30515690896424724,early,,14,14,none,0
PaAHkIYF9rY,UCt3B6rUXb__X2eMyY7jzgIg,heldout,1,0.6674,31,14679.42,37702,48104.49019248397,0.30515690896424724,early,,14,14,none,0
PaAHkIYF9rY,UCt3B6rUXb__X2eMyY7jzgIg,heldout,3,3.6674,31,41320.22,37702,8190.756273417776,5.044738402298015,likely,1.2150371139162164,15,15,none,0
PaAHkIYF9rY,UCt3B6rUXb__X2eMyY7jzgIg,heldout,5,4.6674,31,38720.28,37702,9944.097788256351,3.8937955352289046,likely,1.081541206875377,15,15,none,0
PaAHkIYF9rY,UCt3B6rUXb__X2eMyY7jzgIg,heldout,7,6.6674,31,37450.09,37702,10476.651120675564,3.5746244325615177,likely,0.9322060739747879,15,15,none,0
PaAHkIYF9rY,UCt3B6rUXb__X2eMyY7jzgIg,heldout,14,13.6674,31,34787.64,37702,11402.000764391401,3.0510121768284475,confirmed,0.7372903156581654,15,15,none,0
lBUSrUegBvE,UC58njGoJSZKIthLSbQIS-1g,time,5,6.9573,30,218.99,202,,,insufficient,,0,0,none,0
lBUSrUegBvE,UC58njGoJSZKIthLSbQIS-1g,time,7,6.9573,30,218.99,202,,,insufficient,,0,0,none,0
lBUSrUegBvE,UC58njGoJSZKIthLSbQIS-1g,time,14,13.9573,30,194.29,202,,,insufficient,0.12261975459529706,0,0,none,0
PmCCkltcTHg,UCArVi6FH57DfXJWn1Gc8iAQ,time,5,5.8327,28,13962.97,12069,,,insufficient,,0,0,none,0
PmCCkltcTHg,UCArVi6FH57DfXJWn1Gc8iAQ,time,7,6.8327,28,12853.42,12069,,,insufficient,0.2488207258213505,0,0,none,0
PmCCkltcTHg,UCArVi6FH57DfXJWn1Gc8iAQ,time,14,12.8327,28,12373.55,12069,,,insufficient,0.14689273727700028,0,0,none,0
oPa8EGD92Ws,UCigUBIf-zt_DA6xyOQtq2WA,time,14,13.8322,28,473208.48,471181,304969.6510484933,1.551657623042114,confirmed,0.06887244148951284,15,13,none,0
hz3IaC6LWEA,UCh7mi5sI3BSzKReLzXpgimA,time,5,5.3565,27,73.42,55,58.84400020931798,1.2477891282295006,likely,,15,13,none,0
hz3IaC6LWEA,UCh7mi5sI3BSzKReLzXpgimA,time,7,7.3565,27,59.37,55,58.12153400510578,1.0215490318013856,confirmed,0,15,13,none,0
hz3IaC6LWEA,UCh7mi5sI3BSzKReLzXpgimA,time,14,15.3565,27,56.84,55,56.00000000000002,1.015011045019251,confirmed,0.019414034813485755,15,8,none,0
w3b5Tp6BUyo,UCHZ-NWzcaa4lFT9NjP4T4pg,time,1,0.9615,29,7343.96,6668,31555.387048915338,0.23273251944765153,early,,14,11,none,0
w3b5Tp6BUyo,UCHZ-NWzcaa4lFT9NjP4T4pg,time,2,1.9615,29,8497.52,6668,31555.387048915338,0.26928893011954147,early,0.7543594499177407,14,11,none,0
w3b5Tp6BUyo,UCHZ-NWzcaa4lFT9NjP4T4pg,time,3,2.9615,29,8837.71,6668,31555.387048915338,0.28006977212285067,early,0.705263318948779,14,11,none,0
w3b5Tp6BUyo,UCHZ-NWzcaa4lFT9NjP4T4pg,time,5,4.9615,29,7382.26,6668,31555.387048915338,0.23394617174537288,likely,0.4979900257108352,14,11,none,0
w3b5Tp6BUyo,UCHZ-NWzcaa4lFT9NjP4T4pg,time,7,6.9615,29,7244.93,6668,32678.715323422693,0.22170194360710943,likely,0.44564304955709094,14,11,none,0
w3b5Tp6BUyo,UCHZ-NWzcaa4lFT9NjP4T4pg,time,14,12.9615,29,8540.87,6668,33097.41842440368,0.25805251999104273,confirmed,0.3487452814529026,14,11,none,0
sn0bYSz64hk,UCztm4C-jD0jpHlDFhRyEltw,time,2,2.9654,29,13643.59,17170,,,insufficient,,0,0,none,0
sn0bYSz64hk,UCztm4C-jD0jpHlDFhRyEltw,time,3,2.9654,29,13643.59,17170,,,insufficient,,0,0,none,0
sn0bYSz64hk,UCztm4C-jD0jpHlDFhRyEltw,time,5,5.9654,29,15581.69,17170,2878.580530033463,5.41297771402116,likely,0.4725677166296383,15,14,none,0
sn0bYSz64hk,UCztm4C-jD0jpHlDFhRyEltw,time,7,6.9654,29,16803.82,17170,2918.5239396109555,5.7576418714816135,likely,0.5031454035778693,15,14,none,0
sn0bYSz64hk,UCztm4C-jD0jpHlDFhRyEltw,time,14,12.9654,29,16918.47,17170,3045.4067864810886,5.555406740843704,confirmed,0.412732910299768,15,13,none,0
i52UraXAjbc,UCk9dtbM-wjpLk134r55OUbg,time,14,13.9573,30,12704.39,12851,10899.39007477942,1.1656060463194045,confirmed,0.0860738788767657,15,13,none,0
IdENz7Spr74,UCMyOj6fhvKFMjxUCp3b_3gA,heldout,7,7.8330,30,18036367.66,21205314,14343664.454628788,1.257444895790546,confirmed,,15,14,none,0
bwZ6QXB1Mqk,UCGpsgNbzdF7BECCVbB1COHw,time,14,13.5791,27,4766.34,4634,7131.892516578167,0.6683140861083924,confirmed,0.01083615380308569,15,15,none,0
6O61LmfGReQ,UC0ArlFuFYMpEewyRBzdLHiw,time,7,7.2905,28,2642.98,2259,4572.076333590722,0.5780710144577292,confirmed,,15,15,none,0
6O61LmfGReQ,UC0ArlFuFYMpEewyRBzdLHiw,time,14,13.2905,28,2270.52,2259,4558.000000000001,0.4981404878168596,confirmed,0.08293225087785737,15,13,none,0
xbGoesUi48A,UCiDJtJKMICpb9B1qf7qjEOA,time,1,0.9155,27,1320710.86,1394708,104711.24085493482,12.612885238784573,early,,14,14,none,0
xbGoesUi48A,UCiDJtJKMICpb9B1qf7qjEOA,time,2,1.9155,27,1626158.76,1394708,106844.56157811564,15.219855275368374,early,0.8878286534168593,15,15,none,0
xbGoesUi48A,UCiDJtJKMICpb9B1qf7qjEOA,time,3,2.9155,27,1531831.03,1394708,107553.30184086671,14.242529071126633,early,0.6418312691427404,15,15,none,0
xbGoesUi48A,UCiDJtJKMICpb9B1qf7qjEOA,time,5,4.9155,27,1324799.01,1394708,106717.86261327943,12.414032471390625,likely,0.48906126201366035,15,15,none,0
xbGoesUi48A,UCiDJtJKMICpb9B1qf7qjEOA,time,7,6.9155,27,1317473.17,1394708,107683.93653282756,12.234630471634429,likely,0.44785010662348046,15,15,none,0
xbGoesUi48A,UCiDJtJKMICpb9B1qf7qjEOA,time,14,12.9155,27,1394993.02,1394708,107978.3927592512,12.919186760888204,confirmed,0.3904051924581173,15,15,none,0
P7zpRpVSqaw,UCGpsgNbzdF7BECCVbB1COHw,time,14,14.4789,27,6363.05,6207,7131.892516578167,0.8921964068016853,confirmed,0.012518384646585397,15,15,none,0
mtO2By_vc70,UC8DqDLFZCni7Jkys3N3818w,time,5,4.8185,27,17.68,24,,,insufficient,,0,0,none,0
mtO2By_vc70,UC8DqDLFZCni7Jkys3N3818w,time,7,7.8185,27,15.39,24,,,insufficient,0.17822633292632953,0,0,none,0
mtO2By_vc70,UC8DqDLFZCni7Jkys3N3818w,time,14,12.8185,27,19.03,24,,,insufficient,0.3101447074846745,0,0,none,0
If1JnWnvptE,UChISHLovxnSLP0w81NEQj5w,time,14,13.7848,29,5958.61,5388,19800.947979839962,0.3009254369941322,confirmed,,15,15,none,0
OrNqEcNkoF0,UCAuUUnT6oDeKwE6v1NGQxug,heldout,5,6.8745,29,47931.16,60994,,,insufficient,,1,1,none,0
OrNqEcNkoF0,UCAuUUnT6oDeKwE6v1NGQxug,time,5,6.8745,29,47931.16,60994,,,insufficient,,1,1,none,0
OrNqEcNkoF0,UCAuUUnT6oDeKwE6v1NGQxug,heldout,7,6.8745,29,47931.16,60994,,,insufficient,,1,1,none,0
OrNqEcNkoF0,UCAuUUnT6oDeKwE6v1NGQxug,time,7,6.8745,29,47931.16,60994,,,insufficient,,1,1,none,0
OrNqEcNkoF0,UCAuUUnT6oDeKwE6v1NGQxug,heldout,14,13.8745,29,58668.64,60994,,,insufficient,0.43360756572434633,1,1,none,0
OrNqEcNkoF0,UCAuUUnT6oDeKwE6v1NGQxug,time,14,13.8745,29,58668.64,60994,,,insufficient,0.43360756572434633,1,1,none,0
ffqgKG8Z3GY,UC12VbrdMMeYbqnz4_BuJbog,time,14,13.9664,30,1649.08,1572,2548,0.6472064648523679,confirmed,0.162857011964863,15,14,none,0
03V2ZnXyEDA,UCzQUP1qoWDoEbmsQxvdjxgQ,time,7,8.7917,28,993505.54,865881,680060.3035736446,1.4609080020031373,confirmed,,15,14,none,0
03V2ZnXyEDA,UCzQUP1qoWDoEbmsQxvdjxgQ,time,14,13.7917,28,847796.43,865881,669352.9563855542,1.2665909958837673,confirmed,0.0932156141578069,15,11,none,0
hgpodyPrvC4,UCq3o7OGsNqJ8bap2b18p6VA,heldout,1,0.0103,30,3527.56,501,738.0876146573155,4.779327782562174,early,,15,14,none,0
hgpodyPrvC4,UCq3o7OGsNqJ8bap2b18p6VA,heldout,14,15.0103,30,516.67,501,812.1761338858962,0.6361513856521641,confirmed,0.7597713000845998,15,14,none,0
LeXGFF2d0QQ,UCDHA7Bp6nAGdCWYdxlnXNhg,heldout,1,1.7913,27,65414.65,173146,55871.99999999996,1.1707948394513106,early,,15,14,none,0
LeXGFF2d0QQ,UCDHA7Bp6nAGdCWYdxlnXNhg,heldout,2,1.7913,27,65414.65,173146,55871.99999999996,1.1707948394513106,early,,15,14,none,0
LeXGFF2d0QQ,UCDHA7Bp6nAGdCWYdxlnXNhg,heldout,3,2.7913,27,102753.86,173146,55871.99999999996,1.8390939494354452,early,1.0330077564662083,15,14,none,0
LeXGFF2d0QQ,UCDHA7Bp6nAGdCWYdxlnXNhg,heldout,5,4.7913,27,124134.65,173146,55871.99999999996,2.221768475619102,likely,0.8808277035650734,15,14,none,0
LeXGFF2d0QQ,UCDHA7Bp6nAGdCWYdxlnXNhg,heldout,7,6.7913,27,130449.69,173146,55871.99999999996,2.334795377819713,likely,0.8036013661812748,15,14,none,0
LeXGFF2d0QQ,UCDHA7Bp6nAGdCWYdxlnXNhg,heldout,14,13.7913,27,136401.35,173146,55871.99999999996,2.4413184994883754,confirmed,0.6741202806909238,15,14,none,0
MGSJ-Hv7VIE,UCRvyCd-JyXV_W6zwPpMgWTg,time,14,13.7188,28,9047.07,8471,9941.223169989804,0.9100557937546538,confirmed,,15,15,none,0
7bYJ9xpX44s,UCYzrlZP_m1cV51q9GGDHCMg,time,0.5,0.6191,29,584.10,544,208.49727966924357,2.801460616448672,early,,13,13,none,0
7bYJ9xpX44s,UCYzrlZP_m1cV51q9GGDHCMg,time,1,0.6191,29,584.10,544,208.49727966924357,2.801460616448672,early,,13,13,none,0
7bYJ9xpX44s,UCYzrlZP_m1cV51q9GGDHCMg,time,2,1.6191,29,939.87,544,201.28242575679022,4.669394435036991,early,1.1527012362015423,15,15,none,0
7bYJ9xpX44s,UCYzrlZP_m1cV51q9GGDHCMg,time,3,2.6191,29,746.15,544,196.41828986410394,3.7988047487099417,early,0.815687059483859,15,15,none,0
7bYJ9xpX44s,UCYzrlZP_m1cV51q9GGDHCMg,time,5,4.6191,29,750.94,544,188.5479999006575,3.982776034452976,likely,0.6369656651160267,15,15,none,0
7bYJ9xpX44s,UCYzrlZP_m1cV51q9GGDHCMg,time,7,6.6191,29,690.08,544,184.62946549032307,3.737638301597074,likely,0.5326545367584494,15,15,none,0
7bYJ9xpX44s,UCYzrlZP_m1cV51q9GGDHCMg,time,14,13.6191,29,620.85,544,179.35866845059354,3.4615036311251006,confirmed,0.40043079072187804,15,15,none,0
qZSJNxKTGrE,UC3viByea5zDX2-zr1qFgU2g,time,3,3.9660,27,5903.87,3728,,,insufficient,,0,0,none,0
qZSJNxKTGrE,UC3viByea5zDX2-zr1qFgU2g,time,5,4.9660,27,4248.55,3728,,,insufficient,0.0014634851065829628,0,0,none,0
qZSJNxKTGrE,UC3viByea5zDX2-zr1qFgU2g,time,7,6.9660,27,4094.61,3728,,,insufficient,0,0,0,none,0
qZSJNxKTGrE,UC3viByea5zDX2-zr1qFgU2g,time,14,14.9660,27,3850.69,3728,,,insufficient,0.0004597475421206431,0,0,none,0
Zru8Wo0HKKc,UCCZLVYAGIoGvaFUrTyyeaXA,heldout,7,7.9162,30,39722.80,33731,,,insufficient,,1,1,none,0
Zru8Wo0HKKc,UCCZLVYAGIoGvaFUrTyyeaXA,heldout,14,13.9162,30,33839.80,33731,,,insufficient,0.07144890246292156,1,1,none,0
HDiDqaUU5oM,UC41S9MSkeQ1TWo1URYLeRuw,heldout,14,14.6699,31,4429.34,4206,5570.741051388543,0.7951078169254443,confirmed,,15,13,none,0
B_G7af8LBow,UCS7BAYpqOSaYy-pZp6oO4PA,time,7,7.9572,28,10249.75,8455,14522.906754574857,0.7057641391816061,confirmed,,15,15,none,0
B_G7af8LBow,UCS7BAYpqOSaYy-pZp6oO4PA,time,14,12.9572,28,8583.97,8455,14081.062272000938,0.60961074503183,confirmed,0.044408033516557095,15,15,none,0
CFNRa5pyEUM,UCN-pFscDli0Md5_mKOHRPVw,heldout,1,0.0671,30,1825.63,340,210.0755457402326,8.690333818843289,early,,9,9,none,0
CFNRa5pyEUM,UCN-pFscDli0Md5_mKOHRPVw,heldout,7,7.0671,30,261.18,340,220.21699873567178,1.1860345166111925,confirmed,0.650166861238359,9,9,none,0
CFNRa5pyEUM,UCN-pFscDli0Md5_mKOHRPVw,heldout,14,14.0671,30,308.99,340,221.67543614236618,1.3938716741020776,confirmed,0.5912344830169131,9,9,none,0
0SSjtMeaAP4,UC41S9MSkeQ1TWo1URYLeRuw,heldout,1,0.9108,29,7994.57,4413,4608.2814529448,1.7348276804645624,early,,14,12,none,0
0SSjtMeaAP4,UC41S9MSkeQ1TWo1URYLeRuw,heldout,7,8.9108,29,4671.85,4413,4612.131478653899,1.0129489920672863,confirmed,0.1480543488579785,15,13,none,0
0SSjtMeaAP4,UC41S9MSkeQ1TWo1URYLeRuw,heldout,14,14.9108,29,4449.07,4413,5307.443650086792,0.8382698950446172,confirmed,0.12116486963529438,15,12,none,0
smwzRFwPef0,UCiDJtJKMICpb9B1qf7qjEOA,heldout,5,6.9156,30,100415.80,86738,110207.12877649293,0.9111552381494186,likely,,15,15,none,0
smwzRFwPef0,UCiDJtJKMICpb9B1qf7qjEOA,heldout,7,6.9156,30,100415.80,86738,110207.12877649293,0.9111552381494186,likely,,15,15,none,0
smwzRFwPef0,UCiDJtJKMICpb9B1qf7qjEOA,heldout,14,13.9156,30,85711.52,86738,107615.66976968921,0.7964594658942679,confirmed,0.061115795868169225,15,15,none,0
vjy0Vig52aw,UCbpMy0Fg74eXXkvxJrtEn3w,time,5,5.8332,28,935321.78,1092272,,,insufficient,,0,0,none,0
vjy0Vig52aw,UCbpMy0Fg74eXXkvxJrtEn3w,time,7,6.8332,28,777507.99,1092272,353441.15701427124,2.1998229977568173,likely,0.20215735569599294,6,6,none,0
vjy0Vig52aw,UCbpMy0Fg74eXXkvxJrtEn3w,time,14,13.8332,28,1046884.03,1092272,500054.8056723515,2.093538589205448,confirmed,0.3401406505548216,15,14,none,0
hZfPm_TIg-Q,UCfiZzwbPTOw8MCQfyxES43A,time,5,4.6152,27,2108.93,5110,,,insufficient,,1,1,none,0
hZfPm_TIg-Q,UCfiZzwbPTOw8MCQfyxES43A,time,7,7.6152,27,3582.31,5110,,,insufficient,0.8091791400087844,1,1,none,0
hZfPm_TIg-Q,UCfiZzwbPTOw8MCQfyxES43A,time,14,12.6152,27,3593.87,5110,,,insufficient,0.6821633532137911,1,1,none,0
x5tSZAVLnbw,UCYzrlZP_m1cV51q9GGDHCMg,time,0.5,0.5695,28,1151.67,735,256.1268383486266,4.496497569288469,early,,13,13,none,0
x5tSZAVLnbw,UCYzrlZP_m1cV51q9GGDHCMg,time,1,0.5695,28,1151.67,735,256.1268383486266,4.496497569288469,early,,13,13,none,0
x5tSZAVLnbw,UCYzrlZP_m1cV51q9GGDHCMg,time,2,1.5695,28,1192.99,735,240.99880895315533,4.950194774647246,early,0.9771384888175095,15,15,none,0
x5tSZAVLnbw,UCYzrlZP_m1cV51q9GGDHCMg,time,3,2.5695,28,1108.67,735,231.48573502063698,4.789380671443356,early,0.674340769981352,15,15,none,0
x5tSZAVLnbw,UCYzrlZP_m1cV51q9GGDHCMg,time,5,4.5695,28,897.64,735,218.73692339258213,4.103726197611722,likely,0.45849803395096517,15,15,none,0
x5tSZAVLnbw,UCYzrlZP_m1cV51q9GGDHCMg,time,7,6.5695,28,847.42,735,210.16290171716258,4.032206094850504,likely,0.3893879234692175,15,15,none,0
x5tSZAVLnbw,UCYzrlZP_m1cV51q9GGDHCMg,time,14,12.5695,28,795.70,735,195.33062116991096,4.073588936856579,confirmed,0.3129409437413774,15,15,none,0
4sIxpzkFyRU,UCBhPkAuGks2UkizNMbtW6uw,time,5,5.3321,27,44.48,50,109.83356884343391,0.4049898779150337,likely,0,3,3,none,0
4sIxpzkFyRU,UCBhPkAuGks2UkizNMbtW6uw,time,7,7.3321,27,46.18,50,101.0647014635819,0.45693278278311145,confirmed,0.16602250292495402,3,3,none,0
4sIxpzkFyRU,UCBhPkAuGks2UkizNMbtW6uw,time,14,15.3321,27,53.23,50,94.07069663284199,0.5658641999893875,confirmed,0.20391299632806553,3,3,none,0
VahbUHjhkXA,UCammHPYWYI4q3WLbx-TP7GA,time,14,12.7271,28,3968.51,4136,5010.803800382373,0.7919904264181541,confirmed,0.1218870367358644,15,11,none,0
55UluWQkFpk,UCnYMOamNKLGVlJgRUbamveA,time,1,0.9582,28,79518.40,45739,32294.135653986377,2.46231716774329,early,,15,15,none,0
55UluWQkFpk,UCnYMOamNKLGVlJgRUbamveA,time,2,1.9582,28,60454.19,45739,31589.9082897657,1.9137183685553023,early,0.34014949293268454,15,15,none,0
55UluWQkFpk,UCnYMOamNKLGVlJgRUbamveA,time,3,2.9582,28,49558.94,45739,31309.67858421491,1.5828632787059638,early,0.2626210342822195,15,15,none,0
55UluWQkFpk,UCnYMOamNKLGVlJgRUbamveA,time,5,4.9582,28,47783.38,45739,30798.96772357565,1.5514603870047616,likely,0.21116069848621652,15,15,none,0
55UluWQkFpk,UCnYMOamNKLGVlJgRUbamveA,time,7,6.9582,28,47456.32,45739,30350.53712770097,1.5636071286713598,likely,0.18880520803838072,15,15,none,0
55UluWQkFpk,UCnYMOamNKLGVlJgRUbamveA,time,14,15.9582,28,45849.00,45739,28965.88909928552,1.5828616620801816,confirmed,0.13892868211926415,15,13,none,0
oK0K65dF9hE,UCI8gcSTo1FowsRJdilsjsZw,time,1,0.9260,29,29844.01,34711,36327.29268620559,0.8215313461642937,early,,14,14,none,0
oK0K65dF9hE,UCI8gcSTo1FowsRJdilsjsZw,time,2,1.9260,29,27638.60,34711,35467.44757195385,0.7792665732205284,early,0.6008392025641305,15,15,none,0
oK0K65dF9hE,UCI8gcSTo1FowsRJdilsjsZw,time,3,2.9260,29,24118.94,34711,35063.99552066204,0.6878549597895731,early,0.4578189679845896,15,15,none,0
oK0K65dF9hE,UCI8gcSTo1FowsRJdilsjsZw,time,5,4.9260,29,28079.23,34711,34968.79809897574,0.8029796522042209,likely,0.43367764800574465,15,15,none,0
oK0K65dF9hE,UCI8gcSTo1FowsRJdilsjsZw,time,7,6.9260,29,28633.41,34711,34467.56410964329,0.8307350302822174,likely,0.4216191991497639,15,15,none,0
oK0K65dF9hE,UCI8gcSTo1FowsRJdilsjsZw,time,14,14.9260,29,36445.46,34711,34756.26675996813,1.0486009692956506,confirmed,0.4351638647406399,15,15,none,0
dxZ-_3KHV68,UCPDis9pjXuqyI7RYLJ-TTSA,time,7,8.9573,27,1466830.14,1448837,1137593.322798715,1.2894152129429401,confirmed,,8,7,none,0
dxZ-_3KHV68,UCPDis9pjXuqyI7RYLJ-TTSA,time,14,14.9573,27,1387931.78,1448837,1345259.736169282,1.0317203041764123,confirmed,0.19477415408753915,15,11,none,0
5wNrmU0MPkc,UCfAgm2ONoRBLFdN2--VC8xg,time,5,5.2028,27,108.78,90,,,insufficient,,1,1,none,0
5wNrmU0MPkc,UCfAgm2ONoRBLFdN2--VC8xg,time,7,7.2028,27,90.16,90,,,insufficient,0.08835350973442209,1,1,none,0
5wNrmU0MPkc,UCfAgm2ONoRBLFdN2--VC8xg,time,14,13.2028,27,88.88,90,,,insufficient,0.08729747883750334,1,1,none,0
e6HJ7TYvh7s,UCznv7Vf9nBdJYvBagFdAHWw,time,7,7.7643,29,39703.92,39847,37713.359611641084,1.052781427880225,confirmed,,15,14,none,0
e6HJ7TYvh7s,UCznv7Vf9nBdJYvBagFdAHWw,time,14,13.7643,29,39844.15,39847,37604.581342733734,1.0595556440968392,confirmed,0.2319186260518023,15,13,none,0
MRPyuTso1-A,UCmu7bw5BYIeR0VDw0hJKblw,time,14,14.4277,28,336.73,346,434.2953125351381,0.7753539207806465,confirmed,0.41858042241517257,15,13,none,0
NPO57Y5ZJes,UCB1t-8MBhxyDVabeUcTj0Zw,time,5,6.9578,29,11624.10,10470,,,insufficient,,1,1,none,0
NPO57Y5ZJes,UCB1t-8MBhxyDVabeUcTj0Zw,time,7,6.9578,29,11624.10,10470,,,insufficient,,1,1,none,0
NPO57Y5ZJes,UCB1t-8MBhxyDVabeUcTj0Zw,time,14,13.9578,29,10353.26,10470,,,insufficient,0.12878699922417305,1,1,none,0
_Zsmf18o8i4,UCUpbDOT-OVNBlaQpb9pbd2w,time,5,4.7446,28,14342.33,11035,30395.060342293662,0.4718638828915698,likely,,15,15,none,0
_Zsmf18o8i4,UCUpbDOT-OVNBlaQpb9pbd2w,time,7,6.7446,28,11811.03,11035,28560.608658553785,0.41354256236349735,likely,0.06100684774109259,15,15,none,0
_Zsmf18o8i4,UCUpbDOT-OVNBlaQpb9pbd2w,time,14,13.7446,28,11318.52,11035,25474.729443887118,0.4443037313179223,confirmed,0.03987374036646668,15,15,none,0
96aNewh1ZUM,UCUpbDOT-OVNBlaQpb9pbd2w,time,5,4.6984,27,25411.82,19014,30395.060342293662,0.8360508254987247,likely,,15,15,none,0
96aNewh1ZUM,UCUpbDOT-OVNBlaQpb9pbd2w,time,7,6.6984,27,20664.35,19014,28560.608658553785,0.7235262443734471,likely,0.01862371398406485,15,15,none,0
96aNewh1ZUM,UCUpbDOT-OVNBlaQpb9pbd2w,time,14,13.6984,27,19588.31,19014,25474.729443887118,0.7689310558254108,confirmed,0.014859119168241152,15,15,none,0
nv7R32VmKFU,UCOkISdoa50NuCsMYwy4uW9g,time,14,14.1041,28,2426.11,2386,2413.734111713871,1.005127868395046,confirmed,0.3485642116417452,15,14,none,0
2H5xTcswgt4,UCLFgO1aEI66fh06p6u6-juw,time,0.5,0.7302,27,7457.86,8142,10373.721758761823,0.7189180331968393,early,,14,14,none,0
2H5xTcswgt4,UCLFgO1aEI66fh06p6u6-juw,time,1,0.7302,27,7457.86,8142,10373.721758761823,0.7189180331968393,early,,14,14,none,0
2H5xTcswgt4,UCLFgO1aEI66fh06p6u6-juw,time,2,2.7302,27,7031.01,8142,10306.30618281909,0.682205048177825,early,0.5584724796494611,15,15,none,0
2H5xTcswgt4,UCLFgO1aEI66fh06p6u6-juw,time,3,2.7302,27,7031.01,8142,10306.30618281909,0.682205048177825,early,0.5584724796494611,15,15,none,0
2H5xTcswgt4,UCLFgO1aEI66fh06p6u6-juw,time,5,4.7302,27,7136.70,8142,10275.778407843503,0.694516271346637,likely,0.5052110875027955,15,15,none,0
2H5xTcswgt4,UCLFgO1aEI66fh06p6u6-juw,time,7,7.7302,27,7652.15,8142,10494.661425669037,0.729147206264139,confirmed,0.472178003979238,15,15,none,0
2H5xTcswgt4,UCLFgO1aEI66fh06p6u6-juw,time,14,13.7302,27,8331.57,8142,11540.917641149263,0.7219156849172409,confirmed,0.4254049107774444,15,13,none,0
Plmb7c0pNdo,UCrzFIb07hYMhMguR1G0ZtOw,time,1,0.9994,29,12071.63,16968,7518.3378834468895,1.605624974979605,early,,15,11,none,0
Plmb7c0pNdo,UCrzFIb07hYMhMguR1G0ZtOw,time,2,1.9994,29,11752.13,16968,7518.14716088817,1.563167964818031,early,0.5369160488546397,15,10,none,0
Plmb7c0pNdo,UCrzFIb07hYMhMguR1G0ZtOw,time,3,2.9994,29,11592.44,16968,7503.958244013486,1.5448434897999543,early,0.46686964855378,15,10,none,0
Plmb7c0pNdo,UCrzFIb07hYMhMguR1G0ZtOw,time,5,4.9994,29,10687.45,16968,7489.024021133558,1.42708212530707,likely,0.36040459930271856,15,10,none,0
Plmb7c0pNdo,UCrzFIb07hYMhMguR1G0ZtOw,time,7,6.9994,29,11970.98,16968,7500.000000000001,1.5961308835494301,likely,0.3629369190237464,15,9,none,0
Plmb7c0pNdo,UCrzFIb07hYMhMguR1G0ZtOw,time,14,13.9994,29,18951.55,16968,7500.000000000001,2.5268734816301492,confirmed,0.4615301836160251,15,5,none,0
iiZgsKwiA9A,UCBn-uKDGsRBfcB0lQeOB_gA,time,7,7.3328,28,750.10,845,,,insufficient,,0,0,none,0
iiZgsKwiA9A,UCBn-uKDGsRBfcB0lQeOB_gA,time,14,14.3328,28,865.22,845,,,insufficient,0.35488764475112244,0,0,none,0
ndrlQAvs6ns,UCEh_IoMVGA7NPsx6-2H8Bqw,time,14,13.2451,28,1224.66,1260,1195.318589250118,1.0245443965275374,confirmed,0.11643284043466028,15,15,none,0
OQERqMUsBHs,UC9PgszLOAWhQC6orYejcJlw,time,5,5.7913,28,5543.58,4945,,,insufficient,,0,0,none,0
OQERqMUsBHs,UC9PgszLOAWhQC6orYejcJlw,time,7,6.7913,28,4603.68,4945,,,insufficient,0.19381321504891105,0,0,none,0
OQERqMUsBHs,UC9PgszLOAWhQC6orYejcJlw,time,14,13.7913,28,4989.61,4945,,,insufficient,0.15309993892840718,0,0,none,0
6DmPXKSCPHo,UCfQgsKhHjSyRLOp9mnffqVg,time,1,0.8332,29,414907.94,407068,535007.5784277455,0.7755178659073455,early,,14,14,none,0
6DmPXKSCPHo,UCfQgsKhHjSyRLOp9mnffqVg,time,2,1.8332,29,451410.71,407068,540144.3214867435,0.8357224032370761,early,0.8036415748802785,15,15,none,0
6DmPXKSCPHo,UCfQgsKhHjSyRLOp9mnffqVg,time,3,2.8332,29,396663.93,407068,545316.9999999999,0.7274006393093001,early,0.6005743321232692,15,14,none,0
6DmPXKSCPHo,UCfQgsKhHjSyRLOp9mnffqVg,time,5,4.8332,29,379737.67,407068,545316.9999999999,0.6963613360255844,likely,0.48418339022031154,15,12,none,0
6DmPXKSCPHo,UCfQgsKhHjSyRLOp9mnffqVg,time,7,6.8332,29,377190.76,407068,545316.9999999999,0.6916908161524827,likely,0.4428980027678408,15,12,none,0
6DmPXKSCPHo,UCfQgsKhHjSyRLOp9mnffqVg,time,14,13.8332,29,440451.35,407068,545448.9999999997,0.8075023424246401,confirmed,0.4050934273919602,15,8,none,0
WnViBFk4NHo,UCyQxAUfkTCfJdDO1nyr_a9w,time,14,13.5833,29,6621.42,6890,2039.9177760377022,3.245922655603925,confirmed,0.1257996908893237,15,13,none,0
3uL_sJwNLvw,UC82CC3slHM06qAeH1KpWOGg,time,7,8.9243,27,1464.97,1687,1044.971922432853,1.401921610207032,confirmed,,7,7,none,0
3uL_sJwNLvw,UC82CC3slHM06qAeH1KpWOGg,time,14,12.9243,27,1521.14,1687,1127.6695500550702,1.3489258724995081,confirmed,0.3285727426624272,15,14,none,0
bGaWTL43qDM,UCsv09iEutfmPwHGm40og7dg,time,1,1.0825,27,7031.86,21047,8063.041074588937,0.8721106800475353,early,,15,15,none,0
bGaWTL43qDM,UCsv09iEutfmPwHGm40og7dg,time,2,2.0825,27,5501.03,21047,7976.18412658204,0.6896814872012675,early,0.43072779477398015,15,14,none,0
bGaWTL43qDM,UCsv09iEutfmPwHGm40og7dg,time,3,3.0825,27,5420.92,21047,7883.5329714337595,0.687625156327246,likely,0.4142600361228898,15,14,none,0
bGaWTL43qDM,UCsv09iEutfmPwHGm40og7dg,time,5,4.0825,27,6225.19,21047,7894.746403454726,0.7885224831159997,likely,0.478044864755385,15,14,none,0
bGaWTL43qDM,UCsv09iEutfmPwHGm40og7dg,time,7,7.0825,27,7865.79,21047,7932.794304108774,0.9915536716387492,confirmed,0.4938039746637247,15,14,none,0
bGaWTL43qDM,UCsv09iEutfmPwHGm40og7dg,time,14,15.0825,27,15843.83,21047,8004.029271683982,1.979481401316724,confirmed,0.44513417893273755,15,11,none,0
h6oSGYIQSxo,UCbY9xX3_jW5c2fjlZVBI4cg,time,14,14.3587,28,4126.63,4218,35719.67534967435,0.1155281749969178,confirmed,0.12701405104408298,15,15,none,0
qUcZDThLY64,UCI0vQvr9aFn27yR6Ej6n5UA,time,5,6.0884,28,1086.14,939,1065.9999999999998,1.0188939007159834,likely,,15,13,none,0
qUcZDThLY64,UCI0vQvr9aFn27yR6Ej6n5UA,time,7,7.0884,28,965.38,939,1065.9999999999998,0.9056071360812388,confirmed,0.13057296281037717,15,13,none,0
qUcZDThLY64,UCI0vQvr9aFn27yR6Ej6n5UA,time,14,13.0884,28,937.35,939,1016.4978078751836,0.9221401811593877,confirmed,0.07239523215598995,15,12,none,0
nlGkzIPWmnk,UCUoJk48pujh29p8zLsnD5PQ,heldout,0.5,0.6627,30,5737.42,13929,13371.12980678332,0.4290904961381924,early,,15,14,none,0
nlGkzIPWmnk,UCUoJk48pujh29p8zLsnD5PQ,heldout,1,0.6627,30,5737.42,13929,13371.12980678332,0.4290904961381924,early,,15,14,none,0
nlGkzIPWmnk,UCUoJk48pujh29p8zLsnD5PQ,heldout,14,15.6627,30,12859.69,13929,13588.559094142474,0.9463614874200333,confirmed,0.6714047317661743,15,14,none,0
fe1HAmp1K4k,UCb_JYhqnSdEejiznUm3XNqQ,time,5,4.6640,27,248.83,217,,,insufficient,,0,0,none,0
fe1HAmp1K4k,UCb_JYhqnSdEejiznUm3XNqQ,time,7,6.6640,27,205.61,217,,,insufficient,0.07150153213371303,0,0,none,0
fe1HAmp1K4k,UCb_JYhqnSdEejiznUm3XNqQ,time,14,12.6640,27,205.66,217,,,insufficient,0.09517942212995009,0,0,none,0
zJ_F9w0ql9Q,UC7vAK04m8gUbeJ4oheQ8rCQ,time,5,6.8320,27,10047.12,12474,,,insufficient,,0,0,none,0
zJ_F9w0ql9Q,UC7vAK04m8gUbeJ4oheQ8rCQ,time,7,6.8320,27,10047.12,12474,,,insufficient,,0,0,none,0
zJ_F9w0ql9Q,UC7vAK04m8gUbeJ4oheQ8rCQ,time,14,12.8320,27,14110.83,12474,,,insufficient,0.5863541450603502,0,0,none,0
FNWYh0OjLKI,UCbNBM6s09xhYD4i_mjnEoLA,time,5,6.8493,29,2405.12,2239,,,insufficient,,0,0,none,0
FNWYh0OjLKI,UCbNBM6s09xhYD4i_mjnEoLA,time,7,6.8493,29,2405.12,2239,,,insufficient,,0,0,none,0
FNWYh0OjLKI,UCbNBM6s09xhYD4i_mjnEoLA,time,14,13.8493,29,2270.48,2239,,,insufficient,0.14044418866225986,0,0,none,0
I1eNLPGrkqU,UC2tGWbH6jrsIqTqafdxjyjQ,time,2,2.6665,28,860.85,739,508.509202312406,1.6928882255997035,early,,10,9,none,0
I1eNLPGrkqU,UC2tGWbH6jrsIqTqafdxjyjQ,time,3,2.6665,28,860.85,739,508.509202312406,1.6928882255997035,early,,10,9,none,0
I1eNLPGrkqU,UC2tGWbH6jrsIqTqafdxjyjQ,time,5,4.6665,28,639.85,739,508.509202312406,1.2582840800989292,likely,0.07491227604147513,15,14,none,0
I1eNLPGrkqU,UC2tGWbH6jrsIqTqafdxjyjQ,time,7,6.6665,28,636.62,739,507.3622313953668,1.2547666113224538,likely,0.08702775621714634,15,14,none,0
I1eNLPGrkqU,UC2tGWbH6jrsIqTqafdxjyjQ,time,14,13.6665,28,715.91,739,508.90423233494676,1.4067594806576367,confirmed,0.13966051000942492,15,13,none,0
2zr4OUlTipk,UCXlDgfWY2JbsYEam2m68Hyw,heldout,14,13.8750,30,55859.02,61022,68090.00000000003,0.8203704396465308,confirmed,0.39093314405207613,15,13,none,0
ZE2XupnAcoE,UCEDLeLo3HNQZiJOTR2svg2A,time,5,5.4662,27,7743.61,8650,,,insufficient,,0,0,none,0
ZE2XupnAcoE,UCEDLeLo3HNQZiJOTR2svg2A,time,7,6.4662,27,8483.01,8650,,,insufficient,0.5582288369499724,0,0,none,0
ZE2XupnAcoE,UCEDLeLo3HNQZiJOTR2svg2A,time,14,13.4662,27,8715.29,8650,,,insufficient,0.3342679228803372,0,0,none,0
JqR-SLQDMwI,UCzJCrbhgN4ahgRq0BnI9g6w,time,14,13.9579,29,1733.52,1897,3507.4101137729385,0.494245587523978,confirmed,0.272647386206668,15,14,none,0
K0QsFljy_J8,UCUpbDOT-OVNBlaQpb9pbd2w,time,3,3.5942,27,15324.07,10094,31625.753815279677,0.4845439510331795,likely,,15,15,none,0
K0QsFljy_J8,UCUpbDOT-OVNBlaQpb9pbd2w,time,5,4.5942,27,11194.51,10094,30818.557609759362,0.36323915145643165,likely,0.07767711885485067,15,15,none,0
K0QsFljy_J8,UCUpbDOT-OVNBlaQpb9pbd2w,time,7,6.5942,27,10987.49,10094,29294.27958024661,0.3750728169087894,likely,0.0661981641389263,15,15,none,0
K0QsFljy_J8,UCUpbDOT-OVNBlaQpb9pbd2w,time,14,12.5942,27,10386.33,10094,26673.70739023746,0.389384611990206,confirmed,0.035911285785637334,15,15,none,0
VZdQ7CnU2Jc,UC4lvPJb78E_MUOAug4w0_Bg,time,5,4.7912,27,811.75,773,,,insufficient,,0,0,none,0
VZdQ7CnU2Jc,UC4lvPJb78E_MUOAug4w0_Bg,time,7,6.7912,27,776.72,773,,,insufficient,0.2449672630436551,0,0,none,0
VZdQ7CnU2Jc,UC4lvPJb78E_MUOAug4w0_Bg,time,14,12.7912,27,768.05,773,,,insufficient,0.19489992539369386,0,0,none,0
IooTBRwce2s,UC5_SBQbLA9Kg7Jh5GpXoP3g,time,1,0.8330,28,135.40,279,770.4139739675793,0.17575523033841714,early,,13,12,none,0
IooTBRwce2s,UC5_SBQbLA9Kg7Jh5GpXoP3g,time,2,1.8330,28,206.13,279,770.4139739675793,0.26756098102532794,early,1.1461095666331158,13,12,none,0
IooTBRwce2s,UC5_SBQbLA9Kg7Jh5GpXoP3g,time,3,2.8330,28,453.62,279,726.9594287586469,0.62399854497666,early,1.9313867921371966,15,13,none,0
IooTBRwce2s,UC5_SBQbLA9Kg7Jh5GpXoP3g,time,5,4.8330,28,449.41,279,682.6887710772129,0.6582968727801516,likely,1.3415791040673866,15,12,none,0
IooTBRwce2s,UC5_SBQbLA9Kg7Jh5GpXoP3g,time,7,6.8330,28,410.01,279,669.5486018028511,0.6123732724053816,likely,1.097250113924207,15,12,none,0
IooTBRwce2s,UC5_SBQbLA9Kg7Jh5GpXoP3g,time,14,13.8330,28,376.71,279,641.0143376337097,0.5876731613003583,confirmed,0.7734744853597995,15,12,none,0
e51VEA_0KgQ,UCYzrlZP_m1cV51q9GGDHCMg,time,0.5,0.4383,27,146.35,110,282.62404260598737,0.5178090165888143,early,,14,14,none,0
e51VEA_0KgQ,UCYzrlZP_m1cV51q9GGDHCMg,time,1,1.4383,27,168.05,110,275.57158856447427,0.6098383134886873,early,0.7953994674282167,15,15,none,0
e51VEA_0KgQ,UCYzrlZP_m1cV51q9GGDHCMg,time,2,2.4383,27,133.16,110,269.62362573399304,0.49387567612524413,early,0.591099920111178,15,15,none,0
e51VEA_0KgQ,UCYzrlZP_m1cV51q9GGDHCMg,time,3,3.4383,27,133.64,110,264.4167710044115,0.5054319404724488,likely,0.5130115813155475,15,15,none,0
e51VEA_0KgQ,UCYzrlZP_m1cV51q9GGDHCMg,time,5,5.4383,27,129.03,110,256.7935259634107,0.5024525717465639,likely,0.46967223766553046,15,15,none,0
e51VEA_0KgQ,UCYzrlZP_m1cV51q9GGDHCMg,time,7,7.4383,27,123.05,110,249.58586808200224,0.49303080853013787,confirmed,0.4216639183564349,15,15,none,0
e51VEA_0KgQ,UCYzrlZP_m1cV51q9GGDHCMg,time,14,15.4383,27,120.43,110,234.06619720378922,0.5145068567120639,confirmed,0.33088146494302173,15,15,none,0
Iz8KyTqsGDM,UCsqg_qOYNGPqY52SsJ_gMxQ,heldout,0.5,0.5216,30,206.79,660,396.6333542866514,0.521368759848901,early,,13,9,none,0
Iz8KyTqsGDM,UCsqg_qOYNGPqY52SsJ_gMxQ,heldout,1,0.5216,30,206.79,660,396.6333542866514,0.521368759848901,early,,13,9,none,0
Iz8KyTqsGDM,UCsqg_qOYNGPqY52SsJ_gMxQ,heldout,7,7.5216,30,726.92,660,457.0628481387532,1.5904085530441312,confirmed,1.1165891002725707,15,8,none,0
Iz8KyTqsGDM,UCsqg_qOYNGPqY52SsJ_gMxQ,heldout,14,13.5216,30,754.23,660,492.5209598828485,1.5313634725094232,confirmed,0.9217971144752019,15,8,none,0
XYbB1O2GznI,UCkr6cLAnZiz5NH0NzjNK8rg,time,1,0.8253,29,33543.09,16582,113163.83979802669,0.29641176057447916,early,,15,15,none,0
XYbB1O2GznI,UCkr6cLAnZiz5NH0NzjNK8rg,time,2,1.8253,29,20697.37,16582,113059.59001384178,0.1830659958384524,early,0.281129801798898,15,15,none,0
XYbB1O2GznI,UCkr6cLAnZiz5NH0NzjNK8rg,time,3,2.8253,29,18141.51,16582,113519.72814605573,0.15980933686404367,early,0.19417594936549157,15,14,none,0
XYbB1O2GznI,UCkr6cLAnZiz5NH0NzjNK8rg,time,5,4.8253,29,17139.06,16582,114857.80283678681,0.1492197951488,likely,0.14947074676237898,15,12,none,0
XYbB1O2GznI,UCkr6cLAnZiz5NH0NzjNK8rg,time,7,6.8253,29,16830.33,16582,114286.3418791566,0.14726457051854414,likely,0.13184602976166263,15,11,none,0
XYbB1O2GznI,UCkr6cLAnZiz5NH0NzjNK8rg,time,14,13.8253,29,15962.07,16582,112565.18690929443,0.1418029354798667,confirmed,0.11189860470731292,15,7,none,0
5_hQX0gwRS8,UCQ_bmgSrYsQS0LboA_tZpEw,heldout,1,1.9998,30,332080.27,392887,214786.3982823679,1.5460954378808494,early,,14,14,none,0
5_hQX0gwRS8,UCQ_bmgSrYsQS0LboA_tZpEw,heldout,2,1.9998,30,332080.27,392887,214786.3982823679,1.5460954378808494,early,,14,14,none,0
5_hQX0gwRS8,UCQ_bmgSrYsQS0LboA_tZpEw,heldout,3,2.9998,30,234265.06,392887,212865.68871605,1.1005299205991586,early,0.20275954183345804,15,14,none,0
5_hQX0gwRS8,UCQ_bmgSrYsQS0LboA_tZpEw,heldout,5,4.9998,30,349055.71,392887,210835.79205072124,1.655580907193722,likely,0.5017920702408103,15,14,none,0
5_hQX0gwRS8,UCQ_bmgSrYsQS0LboA_tZpEw,heldout,7,5.9998,30,373236.40,392887,210835.79205072124,1.7702705831047347,likely,0.48954933285436436,15,14,none,0
5_hQX0gwRS8,UCQ_bmgSrYsQS0LboA_tZpEw,heldout,14,13.9998,30,390475.36,392887,205422.97645013864,1.9008358806113232,confirmed,0.40937900575730224,15,13,none,0
565DJot1eIk,UC5lBPQsMMJEE5PTJMzf_sug,heldout,0.5,0.2896,31,2373.72,16155,4483.253716135081,0.5294626398385266,early,,13,13,none,0
565DJot1eIk,UC5lBPQsMMJEE5PTJMzf_sug,heldout,1,0.2896,31,2373.72,16155,4483.253716135081,0.5294626398385266,early,,13,13,none,0
565DJot1eIk,UC5lBPQsMMJEE5PTJMzf_sug,heldout,14,14.2896,31,9491.22,16155,8323.381172725816,1.140308577732236,confirmed,1.0320396559216198,15,13,none,0
qoLS2ooaX1Q,UCMPaviJxybo1RTdzvYcU91A,time,14,14.1666,29,602.78,565,2138.6368904604014,0.28185155592084665,confirmed,0.6615062814949844,15,12,none,0
kLThO45wVzQ,UCBkJ5fBcFWc_gsyxOAj_qnA,time,14,14.3287,29,48.57,47,53.96449281454304,0.9000898490358722,confirmed,0,15,13,none,0
ezdqs2r1DeQ,UCRte954rw0oeMWFroy_ClAw,heldout,1,1.7910,30,7950.68,10441,26960.924473546478,0.29489654106829033,early,,13,13,none,0
ezdqs2r1DeQ,UCRte954rw0oeMWFroy_ClAw,heldout,2,1.7910,30,7950.68,10441,26960.924473546478,0.29489654106829033,early,,13,13,none,0
ezdqs2r1DeQ,UCRte954rw0oeMWFroy_ClAw,heldout,5,5.7910,30,10984.49,10441,19241.295890354806,0.5708812007031558,likely,0.5774832252551212,15,15,none,0
ezdqs2r1DeQ,UCRte954rw0oeMWFroy_ClAw,heldout,7,6.7910,30,10584.86,10441,19161.200500972045,0.5524113290579623,likely,0.5779983885539868,15,15,none,0
ezdqs2r1DeQ,UCRte954rw0oeMWFroy_ClAw,heldout,14,13.7910,30,10671.59,10441,18647.61933626078,0.5722762454386295,confirmed,0.4669547297451839,15,14,none,0
N5xhOqlvRh4,UCR-DXc1voovS8nhAvccRZhg,time,1,0.8745,27,589296.15,561157,203127.95619253663,2.9011080614990483,early,,15,12,none,0
N5xhOqlvRh4,UCR-DXc1voovS8nhAvccRZhg,time,2,1.8745,27,715998.21,561157,203535.4417869733,3.517806052199059,early,0.841192699816055,15,12,none,0
N5xhOqlvRh4,UCR-DXc1voovS8nhAvccRZhg,time,3,2.8745,27,633734.93,561157,204260.19574188962,3.1025865273187954,early,0.6335818161493845,15,12,none,0
N5xhOqlvRh4,UCR-DXc1voovS8nhAvccRZhg,time,5,4.8745,27,604019.15,561157,204644.0000000001,2.9515604963749897,likely,0.5016720143864317,15,11,none,0
N5xhOqlvRh4,UCR-DXc1voovS8nhAvccRZhg,time,7,6.8745,27,546624.17,561157,204644.0000000001,2.671097960645046,likely,0.4390180372763486,15,10,none,0
N5xhOqlvRh4,UCR-DXc1voovS8nhAvccRZhg,time,14,12.8745,27,565038.34,561157,204644.0000000001,2.761079451899913,confirmed,0.3474444587019615,15,10,none,0