video_id,channel_id,split,t,day,truth_day,est30,actual30,baseline,score,confidence,q,n_baseline,priors_derived,coverage,changed
UFUIy5U5tVs,UC8kGsMa0LygSX9nkBcBH1Sg,time,5,6.8327,27,18128.01,25606,,,insufficient,,0,0,none,0
UFUIy5U5tVs,UC8kGsMa0LygSX9nkBcBH1Sg,time,7,6.8327,27,18128.01,25606,,,insufficient,,0,0,none,0
UFUIy5U5tVs,UC8kGsMa0LygSX9nkBcBH1Sg,time,14,12.8327,27,20423.36,25606,10535.88683043082,1.9384569763731598,confirmed,0.3435186189196919,15,11,none,0
eXwUnRlQc1M,UCg_6LRcTUvdlwjnimkKxKxA,time,5,5.3938,28,67.86,69,,,insufficient,,2,2,none,0
eXwUnRlQc1M,UCg_6LRcTUvdlwjnimkKxKxA,time,7,7.3938,28,58.42,69,,,insufficient,0.21409360694790153,2,2,none,0
eXwUnRlQc1M,UCg_6LRcTUvdlwjnimkKxKxA,time,14,13.3938,28,64.22,69,,,insufficient,0.20396836567794635,2,2,none,0
Dart_BYcL7E,UCYzrlZP_m1cV51q9GGDHCMg,time,0.5,0.3528,27,548.84,161,283.55458343799563,1.935563055694205,early,,13,13,none,0
Dart_BYcL7E,UCYzrlZP_m1cV51q9GGDHCMg,time,1,1.3528,27,363.70,161,291.71621040753905,1.2467623677285435,early,0.12381219650425268,14,14,none,0
Dart_BYcL7E,UCYzrlZP_m1cV51q9GGDHCMg,time,2,2.3528,27,220.23,161,270.35153134885593,0.8146097391008742,early,0.0827681072437968,15,15,none,0
Dart_BYcL7E,UCYzrlZP_m1cV51q9GGDHCMg,time,3,3.3528,27,192.35,161,265.0422820054636,0.7257495302557097,likely,0.06989244320409319,15,15,none,0
Dart_BYcL7E,UCYzrlZP_m1cV51q9GGDHCMg,time,5,5.3528,27,178.14,161,257.2527725942344,0.6924863668510894,likely,0.06536252750858144,15,15,none,0
Dart_BYcL7E,UCYzrlZP_m1cV51q9GGDHCMg,time,7,7.3528,27,173.06,161,249.91061138173217,0.6924706561420854,confirmed,0.059045276121689264,15,15,none,0
Dart_BYcL7E,UCYzrlZP_m1cV51q9GGDHCMg,time,14,15.3528,27,166.88,161,234.20981428781656,0.7125301976352388,confirmed,0.05322388141933424,15,15,none,0
ezdqs2r1DeQ,UCRte954rw0oeMWFroy_ClAw,heldout,1,1.7910,30,7938.93,10441,26960.924473546478,0.29446074099587805,early,,13,13,none,0
ezdqs2r1DeQ,UCRte954rw0oeMWFroy_ClAw,heldout,2,1.7910,30,7938.93,10441,26960.924473546478,0.29446074099587805,early,,13,13,none,0
ezdqs2r1DeQ,UCRte954rw0oeMWFroy_ClAw,heldout,5,5.7910,30,11088.55,10441,19264.593495792556,0.5755922580495183,likely,0.5774832252551212,15,15,none,0
ezdqs2r1DeQ,UCRte954rw0oeMWFroy_ClAw,heldout,7,6.7910,30,10640.29,10441,19182.580914152983,0.5546848507981889,likely,0.5779983885539868,15,15,none,0
ezdqs2r1DeQ,UCRte954rw0oeMWFroy_ClAw,heldout,14,13.7910,30,10674.92,10441,18659.38986092971,0.5720939073893154,confirmed,0.4669547297451839,15,14,none,0
K_mlC_aeDSU,UChpleBmo18P08aKCIgti38g,time,0.5,0.5029,27,326732.43,202087,96012.00000000003,3.4030374437181936,early,,14,9,none,0
K_mlC_aeDSU,UChpleBmo18P08aKCIgti38g,time,1,0.5029,27,326732.43,202087,96012.00000000003,3.4030374437181936,early,,14,9,none,0
K_mlC_aeDSU,UChpleBmo18P08aKCIgti38g,time,2,1.5029,27,332603.26,202087,96012.00000000003,3.464184310347616,early,0.8435823831337811,15,9,none,0
K_mlC_aeDSU,UChpleBmo18P08aKCIgti38g,time,3,2.5029,27,285040.99,202087,96012.00000000003,2.9688058683109384,early,0.5991569090993978,15,9,none,0
K_mlC_aeDSU,UChpleBmo18P08aKCIgti38g,time,5,4.5029,27,280038.26,202087,96012.00000000003,2.916700594554836,likely,0.45240092004809673,15,8,none,0
K_mlC_aeDSU,UChpleBmo18P08aKCIgti38g,time,7,6.5029,27,234561.04,202087,96012.00000000003,2.44303874321085,likely,0.3860952934626793,15,8,none,0
K_mlC_aeDSU,UChpleBmo18P08aKCIgti38g,time,14,12.5029,27,216456.42,202087,96012.00000000003,2.25447259787715,confirmed,0.2875113158604974,15,6,none,0
WYcTU11_1UA,UCGznz4NfW5iymkvn1l40qyA,time,1,0.8747,28,48933.41,59519,39455.4646057841,1.240218894080057,early,,15,10,none,0
WYcTU11_1UA,UCGznz4NfW5iymkvn1l40qyA,time,2,2.8747,28,56694.26,59519,44523.629659279286,1.273352212536574,early,0.6407695252541551,15,9,none,0
WYcTU11_1UA,UCGznz4NfW5iymkvn1l40qyA,time,3,2.8747,28,56694.26,59519,44523.629659279286,1.273352212536574,early,0.6407695252541551,15,9,none,0
WYcTU11_1UA,UCGznz4NfW5iymkvn1l40qyA,time,5,4.8747,28,76503.12,59519,48031.45846621301,1.5927712071137794,likely,0.5332585786713783,15,9,none,0
WYcTU11_1UA,UCGznz4NfW5iymkvn1l40qyA,time,7,6.8747,28,60521.12,59519,51653.600188798795,1.1716728999563686,likely,0.5352288689099132,15,9,none,0
WYcTU11_1UA,UCGznz4NfW5iymkvn1l40qyA,time,14,13.8747,28,64827.20,59519,58247.803692628826,1.112955285877747,confirmed,0.45931227350443515,15,8,none,0
YZuCKWqal5c,UC6BW8DqrAmBEIeCtMa4bfBw,time,14,15.2267,27,1995.32,2048,3677.3270362195167,0.5426014720120766,confirmed,0.1027204386099998,15,15,none,0
7XFJ8cEwtgM,UCcCzzSbdw5-qmdF_NuTtb2w,heldout,0.5,0.3958,27,4305.35,2878,4313.222610362205,0.9981746723385735,early,,15,9,none,0
7XFJ8cEwtgM,UCcCzzSbdw5-qmdF_NuTtb2w,time,0.5,0.3958,27,4305.35,2878,4313.222610362205,0.9981746723385735,early,,15,9,none,0
7XFJ8cEwtgM,UCcCzzSbdw5-qmdF_NuTtb2w,heldout,1,1.3958,27,4650.44,2878,4316.225340570076,1.077431235276824,early,0.7350102837947212,15,9,none,0
7XFJ8cEwtgM,UCcCzzSbdw5-qmdF_NuTtb2w,time,1,1.3958,27,4650.44,2878,4316.225340570076,1.077431235276824,early,0.7350102837947212,15,9,none,0
7XFJ8cEwtgM,UCcCzzSbdw5-qmdF_NuTtb2w,heldout,2,2.3958,27,2836.29,2878,4335.000000000003,0.6542758618283019,early,0.62674639198877,15,8,none,0
7XFJ8cEwtgM,UCcCzzSbdw5-qmdF_NuTtb2w,time,2,2.3958,27,2836.29,2878,4335.000000000003,0.6542758618283019,early,0.62674639198877,15,8,none,0
7XFJ8cEwtgM,UCcCzzSbdw5-qmdF_NuTtb2w,heldout,3,3.3958,27,3180.24,2878,4335.000000000003,0.7336182895876846,likely,0.5556647227596817,15,8,none,0
7XFJ8cEwtgM,UCcCzzSbdw5-qmdF_NuTtb2w,time,3,3.3958,27,3180.24,2878,4335.000000000003,0.7336182895876846,likely,0.5556647227596817,15,8,none,0
7XFJ8cEwtgM,UCcCzzSbdw5-qmdF_NuTtb2w,heldout,5,5.3958,27,2935.16,2878,4335.000000000003,0.6770838374400007,likely,0.5098366827397262,15,8,none,0
7XFJ8cEwtgM,UCcCzzSbdw5-qmdF_NuTtb2w,time,5,5.3958,27,2935.16,2878,4335.000000000003,0.6770838374400007,likely,0.5098366827397262,15,8,none,0
7XFJ8cEwtgM,UCcCzzSbdw5-qmdF_NuTtb2w,heldout,7,7.3958,27,2767.95,2878,4335.000000000003,0.6385116796024399,confirmed,0.46394855065825336,15,7,none,0
7XFJ8cEwtgM,UCcCzzSbdw5-qmdF_NuTtb2w,time,7,7.3958,27,2767.95,2878,4335.000000000003,0.6385116796024399,confirmed,0.46394855065825336,15,7,none,0
7XFJ8cEwtgM,UCcCzzSbdw5-qmdF_NuTtb2w,heldout,14,15.3958,27,3065.35,2878,4335.000000000003,0.707116476193135,confirmed,0.4083092177397341,15,4,none,0
7XFJ8cEwtgM,UCcCzzSbdw5-qmdF_NuTtb2w,time,14,15.3958,27,3065.35,2878,4335.000000000003,0.707116476193135,confirmed,0.4083092177397341,15,4,none,0
M2zC_6OwJJI,UCBhPkAuGks2UkizNMbtW6uw,time,5,5.3314,27,85.65,87,52.20866550652826,1.6404589394363478,likely,0.23746535863665064,4,4,none,0
M2zC_6OwJJI,UCBhPkAuGks2UkizNMbtW6uw,time,7,7.3314,27,83.77,87,52.58570962570833,1.5930605114591876,confirmed,0.12111376145487257,4,4,none,0
M2zC_6OwJJI,UCBhPkAuGks2UkizNMbtW6uw,time,14,15.3314,27,86.03,87,53.663195619712155,1.6031865096913671,confirmed,0.1270011250565764,4,4,none,0
dTvXLJdH4IE,UC6ITJIW6jgrrP5irR7WoHrw,time,5,6.9573,27,11735.09,13487,12630.88642535498,0.9290788318819709,likely,,15,14,none,0
dTvXLJdH4IE,UC6ITJIW6jgrrP5irR7WoHrw,time,7,6.9573,27,11735.09,13487,12630.88642535498,0.9290788318819709,likely,,15,14,none,0
dTvXLJdH4IE,UC6ITJIW6jgrrP5irR7WoHrw,time,14,14.9573,27,14025.19,13487,13069.999999999989,1.0730826119954597,confirmed,0.36563553588902953,15,12,none,0
gY0u23USApk,UC6BW8DqrAmBEIeCtMa4bfBw,time,14,15.2591,27,64.21,66,3677.3270362195167,0.01746184145180055,confirmed,0.723816998239705,15,15,none,0
OUbmZFIsn64,UC3KNWfcAsfHDqIzHExknhFQ,time,5,6.6373,28,349.83,450,132.84780999209428,2.633313489066767,likely,,3,3,none,0
OUbmZFIsn64,UC3KNWfcAsfHDqIzHExknhFQ,time,7,6.6373,28,349.83,450,132.84780999209428,2.633313489066767,likely,,3,3,none,0
OUbmZFIsn64,UC3KNWfcAsfHDqIzHExknhFQ,time,14,13.6373,28,401.42,450,146.07012619262494,2.748145106966493,confirmed,0.3285222787671126,3,3,none,0
QbEPCbNW_dY,UCPfe6kkX-LqgAovxwxHQXdQ,time,14,12.5830,27,521.51,503,895.9999999999999,0.5820388943248533,confirmed,,15,14,none,0
q6tYDSHlLME,UC6BW8DqrAmBEIeCtMa4bfBw,time,14,13.3193,28,19335.70,17990,3838.4592807856893,5.037359319382746,confirmed,,15,15,none,0
9J1f3fCsOMg,UCKmkpoEqg1sOMGEiIysP8Tw,time,5,4.8672,28,29718.03,62370,63211.747971292745,0.4701345755319543,likely,,15,15,none,0
9J1f3fCsOMg,UCKmkpoEqg1sOMGEiIysP8Tw,time,7,6.8672,28,55143.31,62370,62294.41028034686,0.885204850309661,likely,1.5032486701247105,15,15,none,0
9J1f3fCsOMg,UCKmkpoEqg1sOMGEiIysP8Tw,time,14,12.8672,28,72559.32,62370,60210.16910010102,1.2051007479023128,confirmed,1.1250662398039655,15,15,none,0
DWi0YY8sNN0,UC6gi5tigsPyfEnFXFPeYH0Q,time,2,2.8845,27,197.52,348,165.85676729349677,1.1908845032663435,early,,15,15,none,0
DWi0YY8sNN0,UC6gi5tigsPyfEnFXFPeYH0Q,time,3,2.8845,27,197.52,348,165.85676729349677,1.1908845032663435,early,,15,15,none,0
DWi0YY8sNN0,UC6gi5tigsPyfEnFXFPeYH0Q,time,5,4.8845,27,211.57,348,165.18125033154064,1.2808498618360553,likely,0.5059968546266025,15,15,none,0
DWi0YY8sNN0,UC6gi5tigsPyfEnFXFPeYH0Q,time,7,6.8845,27,263.93,348,175.29699404171737,1.5056412921510696,likely,0.6102353325564189,15,15,none,0
DWi0YY8sNN0,UC6gi5tigsPyfEnFXFPeYH0Q,time,14,12.8845,27,312.25,348,192.01898690375612,1.6261463403991474,confirmed,0.5441625533748485,15,14,none,0
8rnAL2zvSLY,UCGwAh9NT7iHZlw4zrBueyIw,time,1,1.0035,28,3213.09,2375,4441.831170102436,0.7233709820508716,early,,15,15,none,0
8rnAL2zvSLY,UCGwAh9NT7iHZlw4zrBueyIw,time,2,2.0035,28,2163.19,2375,4420.409240154045,0.48936417605075083,early,0.27811852214874755,15,15,none,0
8rnAL2zvSLY,UCGwAh9NT7iHZlw4zrBueyIw,time,3,3.0035,28,1746.77,2375,4418.736581060715,0.3953102873515918,likely,0.21211523277807678,15,14,none,0
8rnAL2zvSLY,UCGwAh9NT7iHZlw4zrBueyIw,time,5,5.0035,28,2316.03,2375,4391.114872401373,0.5274358212838667,likely,0.2815665937892263,15,13,none,0
8rnAL2zvSLY,UCGwAh9NT7iHZlw4zrBueyIw,time,7,7.0035,28,2298.08,2375,4365.089679809913,0.5264684026342598,confirmed,0.2847754389914665,15,12,none,0
8rnAL2zvSLY,UCGwAh9NT7iHZlw4zrBueyIw,time,14,13.0035,28,2356.72,2375,4353.80639395658,0.5413010402233353,confirmed,0.25022722181715806,15,9,none,0
3y0y_Papw2s,UCG7J20LhUeLl6y_Emi7OJrA,time,0.5,0.6628,27,442409.47,673311,502250.99999999977,0.8808533453729277,early,,15,13,none,0
3y0y_Papw2s,UCG7J20LhUeLl6y_Emi7OJrA,time,1,0.6628,27,442409.47,673311,502250.99999999977,0.8808533453729277,early,,15,13,none,0
3y0y_Papw2s,UCG7J20LhUeLl6y_Emi7OJrA,time,2,1.6628,27,543474.42,673311,502250.99999999977,1.0820773368417311,early,0.9795672374720487,15,13,none,0
3y0y_Papw2s,UCG7J20LhUeLl6y_Emi7OJrA,time,3,2.6628,27,538323.85,673311,502250.99999999977,1.0718223566465486,early,0.7558135072906633,15,13,none,0
3y0y_Papw2s,UCG7J20LhUeLl6y_Emi7OJrA,time,5,4.6628,27,625066.92,673311,502250.99999999977,1.2445309706989702,likely,0.7160492238930285,15,13,none,0
3y0y_Papw2s,UCG7J20LhUeLl6y_Emi7OJrA,time,7,6.6628,27,821830.56,673311,502250.99999999977,1.6362945205809831,likely,0.7048886713369048,15,13,none,0
3y0y_Papw2s,UCG7J20LhUeLl6y_Emi7OJrA,time,14,12.6628,27,750698.51,673311,502250.99999999977,1.49466802839816,confirmed,0.5834237838163475,15,13,none,0
EGp2RzokJA8,UCwsa-MpLNx4pnsM1PiQwhyQ,heldout,5,6.9581,30,239844.41,344777,488583.81780009274,0.4908971636802024,likely,,15,14,none,0
EGp2RzokJA8,UCwsa-MpLNx4pnsM1PiQwhyQ,heldout,7,6.9581,30,239844.41,344777,488583.81780009274,0.4908971636802024,likely,,15,14,none,0
EGp2RzokJA8,UCwsa-MpLNx4pnsM1PiQwhyQ,heldout,14,16.9581,30,321578.74,344777,508924.90875059477,0.6318785532439708,confirmed,0.4538885449441436,15,13,none,0
PgPtHrhg44o,UCBhPkAuGks2UkizNMbtW6uw,time,5,5.3915,27,37.68,44,,,insufficient,0,1,1,none,0
PgPtHrhg44o,UCBhPkAuGks2UkizNMbtW6uw,time,7,6.3915,27,35.27,44,,,insufficient,-0.09753106240495744,1,1,none,0
PgPtHrhg44o,UCBhPkAuGks2UkizNMbtW6uw,time,14,15.3915,27,39.39,44,,,insufficient,0.12687640247661572,1,1,none,0
l18lG5RIHIs,UCtW1WA-bJ4s6l-ZCCT35QBg,time,1,0.8068,27,2849.04,1164,7226.186970869325,0.39426590582508136,early,,15,10,none,0
l18lG5RIHIs,UCtW1WA-bJ4s6l-ZCCT35QBg,time,2,1.8068,27,1910.21,1164,7228.373614090901,0.2642657619109705,early,0.024879591686155042,15,9,none,0
l18lG5RIHIs,UCtW1WA-bJ4s6l-ZCCT35QBg,time,3,2.8068,27,1414.74,1164,7209.792303972871,0.19622520413615666,early,0.01714103253659809,15,9,none,0
l18lG5RIHIs,UCtW1WA-bJ4s6l-ZCCT35QBg,time,5,4.8068,27,1408.53,1164,7150.099400542393,0.1969941452191648,likely,0.020978013063351546,15,9,none,0
l18lG5RIHIs,UCtW1WA-bJ4s6l-ZCCT35QBg,time,7,6.8068,27,1249.54,1164,7222.511105667791,0.17300569447775754,likely,0.024043797497888007,15,8,none,0
l18lG5RIHIs,UCtW1WA-bJ4s6l-ZCCT35QBg,time,14,15.8068,27,1172.69,1164,7175.637489795588,0.16342630290241425,confirmed,0.025994982761377374,15,7,none,0
OQERqMUsBHs,UC9PgszLOAWhQC6orYejcJlw,time,5,5.7913,28,5533.45,4945,,,insufficient,,0,0,none,0
OQERqMUsBHs,UC9PgszLOAWhQC6orYejcJlw,time,7,6.7913,28,4615.19,4945,,,insufficient,0.19381321504891105,0,0,none,0
OQERqMUsBHs,UC9PgszLOAWhQC6orYejcJlw,time,14,13.7913,28,4998.98,4945,,,insufficient,0.15309993892840718,0,0,none,0
BEbH8PlL8cc,UCWyL3FzhX0CaxgkOMTQMa0A,time,14,12.7915,27,6540.51,6558,15350.96086436519,0.4260654156003734,confirmed,0.12905574663911393,15,15,none,0
hoxbK3cI1I0,UCMIjEnXruVHtvgSVf6TgfUg,heldout,14,14.6353,31,77238.49,74192,50593.49719774138,1.5266486293446628,confirmed,,4,4,none,0
Qi07yb1S6Ps,UC70SrI3VkT1MXALRtf0pcHg,time,1,0.8477,27,73044.24,43042,72085.42186484177,1.0133010838184482,early,,13,13,none,0
Qi07yb1S6Ps,UC70SrI3VkT1MXALRtf0pcHg,time,2,1.8477,27,52244.77,43042,71010.51270379155,0.7357328846191478,early,0.40854482753585764,15,15,none,0
Qi07yb1S6Ps,UC70SrI3VkT1MXALRtf0pcHg,time,3,2.8477,27,48531.81,43042,69912.02165166705,0.6941840864105826,early,0.32659594299305594,15,15,none,0
Qi07yb1S6Ps,UC70SrI3VkT1MXALRtf0pcHg,time,5,4.8477,27,49005.03,43042,68043.02459353233,0.7202065129726704,likely,0.2776748201906878,15,15,none,0
Qi07yb1S6Ps,UC70SrI3VkT1MXALRtf0pcHg,time,7,7.8477,27,49871.86,43042,66721.61194437278,0.7474618154602372,confirmed,0.25313896298030836,15,15,none,0
Qi07yb1S6Ps,UC70SrI3VkT1MXALRtf0pcHg,time,14,12.8477,27,46115.13,43042,63975.76087315142,0.7208219819879641,confirmed,0.20708054055906772,15,15,none,0
_h9AyLOG-f4,UC6XTIVq86zJPKNeiPay1czQ,time,5,5.9445,28,766.84,1005,,,insufficient,,0,0,none,0
_h9AyLOG-f4,UC6XTIVq86zJPKNeiPay1czQ,time,7,6.9445,28,636.01,1005,,,insufficient,0.15622259181439874,0,0,none,0
_h9AyLOG-f4,UC6XTIVq86zJPKNeiPay1czQ,time,14,13.9445,28,779.90,1005,,,insufficient,0.27582952058633803,0,0,none,0
rHIUKM0SDhE,UCloEmVCpDUoPHyi5qU940TQ,time,0.5,0.5012,28,641.60,1853,492.46672658844534,1.3028227503548193,early,,15,12,none,0
rHIUKM0SDhE,UCloEmVCpDUoPHyi5qU940TQ,time,1,0.5012,28,641.60,1853,492.46672658844534,1.3028227503548193,early,,15,12,none,0
rHIUKM0SDhE,UCloEmVCpDUoPHyi5qU940TQ,time,2,2.5012,28,1085.03,1853,499.8084864753494,2.170896201661212,early,1.0347322303231368,15,12,none,0
rHIUKM0SDhE,UCloEmVCpDUoPHyi5qU940TQ,time,3,2.5012,28,1085.03,1853,499.8084864753494,2.170896201661212,early,1.0347322303231368,15,12,none,0
rHIUKM0SDhE,UCloEmVCpDUoPHyi5qU940TQ,time,5,4.5012,28,1292.05,1853,515.0000000000001,2.508830594009141,likely,0.8372768326751117,15,11,none,0
rHIUKM0SDhE,UCloEmVCpDUoPHyi5qU940TQ,time,7,6.5012,28,1450.18,1853,515.0000000000001,2.815879097887403,likely,0.7991641838211357,15,11,none,0
rHIUKM0SDhE,UCloEmVCpDUoPHyi5qU940TQ,time,14,13.5012,28,1640.50,1853,515.0000000000001,3.1854444001471567,confirmed,0.7789856523121829,15,9,none,0
cBKAYlAVqXo,UChKlSK39lLg8eZHIX0iVzLA,heldout,14,13.7080,30,118915.77,128224,,,insufficient,,9,9,none,0
8RlLlCWFt1g,UCq_2n18CJaRVGxEfxtCfI-Q,time,3,3.8443,27,171523.75,126419,121148.3101405764,1.415816298753524,likely,,15,15,none,0
8RlLlCWFt1g,UCq_2n18CJaRVGxEfxtCfI-Q,time,5,4.8443,27,127297.62,126419,120340.54197997462,1.057811576558549,likely,0.18441903000502852,15,15,none,0
8RlLlCWFt1g,UCq_2n18CJaRVGxEfxtCfI-Q,time,7,6.8443,27,129380.68,126419,118466.6933933085,1.0921270346047154,likely,0.1788611614198124,15,15,none,0
8RlLlCWFt1g,UCq_2n18CJaRVGxEfxtCfI-Q,time,14,12.8443,27,127610.50,126419,113271.90706069712,1.1265855859699714,confirmed,0.12753415046658526,15,14,none,0
FqmKVqaLsWM,UCKU0u3VbuYn0wD3CUr-Yn6A,time,5,6.9579,27,3898.65,3651,8500.454396553778,0.45863973924553797,likely,,15,14,none,0
FqmKVqaLsWM,UCKU0u3VbuYn0wD3CUr-Yn6A,time,7,6.9579,27,3898.65,3651,8500.454396553778,0.45863973924553797,likely,,15,14,none,0
FqmKVqaLsWM,UCKU0u3VbuYn0wD3CUr-Yn6A,time,14,14.9579,27,3721.21,3651,8696.224666621576,0.42791091810595405,confirmed,0.14680934302265683,15,12,none,0
uMZzus_nNvk,UCDdF3VYuCTZ9HuEnkGdPkCQ,time,5,5.7657,28,13695.86,14254,,,insufficient,,0,0,none,0
uMZzus_nNvk,UCDdF3VYuCTZ9HuEnkGdPkCQ,time,7,6.7657,28,20156.56,14254,,,insufficient,1.5175258964168286,0,0,none,0
uMZzus_nNvk,UCDdF3VYuCTZ9HuEnkGdPkCQ,time,14,13.7657,28,15688.22,14254,,,insufficient,0.36387537900952127,0,0,none,0
ljwFexdPqIc,UC6BW8DqrAmBEIeCtMa4bfBw,time,14,15.3006,27,5236.92,5259,3677.3270362195167,1.4241110204663932,confirmed,0.3084366919686509,15,15,none,0
F1fnfyGSnBQ,UCuR-ZdVJtF3muYhYUQ-he-Q,time,14,13.8748,29,7536.02,8170,14367.86327787576,0.524505311538392,confirmed,0.21006862596975853,12,12,none,0
S2KmStTbL6c,UCQHX6ViZmPsWiYSFAyS0a3Q,heldout,0.5,0.6840,29,556044.01,359637,394037.71845089155,1.4111441339325093,early,,15,15,none,0
S2KmStTbL6c,UCQHX6ViZmPsWiYSFAyS0a3Q,time,0.5,0.6840,29,556044.01,359637,394037.71845089155,1.4111441339325093,early,,15,15,none,0
S2KmStTbL6c,UCQHX6ViZmPsWiYSFAyS0a3Q,heldout,1,0.6840,29,556044.01,359637,394037.71845089155,1.4111441339325093,early,,15,15,none,0
S2KmStTbL6c,UCQHX6ViZmPsWiYSFAyS0a3Q,time,1,0.6840,29,556044.01,359637,394037.71845089155,1.4111441339325093,early,,15,15,none,0
S2KmStTbL6c,UCQHX6ViZmPsWiYSFAyS0a3Q,heldout,2,1.6840,29,472275.74,359637,386633.2230699661,1.2215084235889788,early,0.6935915642148051,15,15,none,0
S2KmStTbL6c,UCQHX6ViZmPsWiYSFAyS0a3Q,time,2,1.6840,29,472275.74,359637,386633.2230699661,1.2215084235889788,early,0.6935915642148051,15,15,none,0
S2KmStTbL6c,UCQHX6ViZmPsWiYSFAyS0a3Q,heldout,3,2.6840,29,415720.02,359637,379887.0325193303,1.0943253862970235,early,0.4567851875424036,15,15,none,0
S2KmStTbL6c,UCQHX6ViZmPsWiYSFAyS0a3Q,time,3,2.6840,29,415720.02,359637,379887.0325193303,1.0943253862970235,early,0.4567851875424036,15,15,none,0
S2KmStTbL6c,UCQHX6ViZmPsWiYSFAyS0a3Q,heldout,5,4.6840,29,408734.27,359637,368663.3516152705,1.1086924399809377,likely,0.3380855207142953,15,15,none,0
S2KmStTbL6c,UCQHX6ViZmPsWiYSFAyS0a3Q,time,5,4.6840,29,408734.27,359637,368663.3516152705,1.1086924399809377,likely,0.3380855207142953,15,15,none,0
S2KmStTbL6c,UCQHX6ViZmPsWiYSFAyS0a3Q,heldout,7,6.6840,29,395924.03,359637,360478.37415595684,1.0983294900190859,likely,0.28884503043787624,15,15,none,0
S2KmStTbL6c,UCQHX6ViZmPsWiYSFAyS0a3Q,time,7,6.6840,29,395924.03,359637,360478.37415595684,1.0983294900190859,likely,0.28884503043787624,15,15,none,0
S2KmStTbL6c,UCQHX6ViZmPsWiYSFAyS0a3Q,heldout,14,13.6840,29,358375.49,359637,347793.2827831912,1.0304267147389068,confirmed,0.2247725361226347,15,10,none,0
S2KmStTbL6c,UCQHX6ViZmPsWiYSFAyS0a3Q,time,14,13.6840,29,358375.49,359637,347793.2827831912,1.0304267147389068,confirmed,0.2247725361226347,15,10,none,0
pmeeqaXIppU,UCDdUNivjRfrqIE71438HJqQ,time,5,4.7187,27,595.83,724,,,insufficient,,1,1,none,0
pmeeqaXIppU,UCDdUNivjRfrqIE71438HJqQ,time,7,6.7187,27,567.15,724,,,insufficient,0.241675261944235,1,1,none,0
pmeeqaXIppU,UCDdUNivjRfrqIE71438HJqQ,time,14,15.7187,27,671.51,724,,,insufficient,0.2927845393801671,1,1,none,0
x10KBEAONDw,UCJMoh2CdnIesjxN9cmGhrLA,time,14,13.7812,29,12129.73,11371,9026.999999999993,1.343716161511425,confirmed,0.2855798639458989,12,11,none,0
Z_BrzVJGfI4,UC2EHd4fvq9t8WrKPgqhoYIQ,time,2,2.6874,27,6729.89,5660,8419.88631461523,0.7992849593628718,early,,14,13,none,0
Z_BrzVJGfI4,UC2EHd4fvq9t8WrKPgqhoYIQ,time,3,2.6874,27,6729.89,5660,8419.88631461523,0.7992849593628718,early,,14,13,none,0
Z_BrzVJGfI4,UC2EHd4fvq9t8WrKPgqhoYIQ,time,5,4.6874,27,5222.13,5660,8388.51051786321,0.6225339511440228,likely,0.18265576450426982,15,14,none,0
Z_BrzVJGfI4,UC2EHd4fvq9t8WrKPgqhoYIQ,time,7,7.6874,27,5417.64,5660,8385.843618335088,0.6460456135070239,confirmed,0.17652447113743794,15,13,none,0
Z_BrzVJGfI4,UC2EHd4fvq9t8WrKPgqhoYIQ,time,14,12.6874,27,5661.81,5660,8319.999999999995,0.6805061267120343,confirmed,0.15860916670505815,15,11,none,0
X4R_LwlFucY,UC8NbcMmeW4gKRd2lE9APpVA,time,5,6.7828,29,149.03,216,,,insufficient,,0,0,none,0
X4R_LwlFucY,UC8NbcMmeW4gKRd2lE9APpVA,time,7,6.7828,29,149.03,216,,,insufficient,,0,0,none,0
X4R_LwlFucY,UC8NbcMmeW4gKRd2lE9APpVA,time,14,13.7828,29,177.89,216,,,insufficient,0.3946643565077296,0,0,none,0
lMAbWZMYF60,UCLKZ20yD2tNMBOkSDZo4FeQ,time,0.5,0.4994,29,5307.76,2955,4789.554478831649,1.1081940555229401,early,,14,14,none,0
lMAbWZMYF60,UCLKZ20yD2tNMBOkSDZo4FeQ,time,1,1.4994,29,5315.81,2955,4533.681378914024,1.1725156249825683,early,0.4776946249797405,15,15,none,0
lMAbWZMYF60,UCLKZ20yD2tNMBOkSDZo4FeQ,time,2,1.4994,29,5315.81,2955,4533.681378914024,1.1725156249825683,early,0.4776946249797405,15,15,none,0
lMAbWZMYF60,UCLKZ20yD2tNMBOkSDZo4FeQ,time,3,3.4994,29,3382.92,2955,4746.734196453384,0.7126833098450118,likely,0.32568966529086907,15,14,none,0
lMAbWZMYF60,UCLKZ20yD2tNMBOkSDZo4FeQ,time,5,5.4994,29,3920.12,2955,5086.266926340979,0.770725783768179,likely,0.279739156610858,15,13,none,0
lMAbWZMYF60,UCLKZ20yD2tNMBOkSDZo4FeQ,time,7,7.4994,29,3639.53,2955,5111.294611041776,0.7120563813311711,confirmed,0.2577587942171029,15,12,none,0
lMAbWZMYF60,UCLKZ20yD2tNMBOkSDZo4FeQ,time,14,14.4994,29,3162.06,2955,4923.512444052364,0.6422369630114707,confirmed,0.2114096541762862,15,9,none,0
wOl2MRYQZMQ,UCxiI1Gr_bfs_N0fWoDw2yAg,time,7,7.9155,27,3827.92,3635,3649.067987718506,1.0490137373206874,confirmed,,15,14,none,0
wOl2MRYQZMQ,UCxiI1Gr_bfs_N0fWoDw2yAg,time,14,12.9155,27,3748.64,3635,3630.637021540471,1.0325018563247013,confirmed,0.22811366299495608,15,12,none,0
4N5mpIOx4Ak,UC5_SBQbLA9Kg7Jh5GpXoP3g,time,1,1.8332,28,337.79,484,770.4139739675793,0.4384490346502374,early,,14,13,none,0
4N5mpIOx4Ak,UC5_SBQbLA9Kg7Jh5GpXoP3g,time,2,1.8332,28,337.79,484,770.4139739675793,0.4384490346502374,early,,14,13,none,0
4N5mpIOx4Ak,UC5_SBQbLA9Kg7Jh5GpXoP3g,time,3,2.8332,28,280.43,484,730.2521596129934,0.3840151834337642,early,0.41189981851622753,15,14,none,0
4N5mpIOx4Ak,UC5_SBQbLA9Kg7Jh5GpXoP3g,time,5,4.8332,28,247.80,484,729,0.3399217070696136,likely,0.25119426616758683,15,12,none,0
4N5mpIOx4Ak,UC5_SBQbLA9Kg7Jh5GpXoP3g,time,7,6.8332,28,350.15,484,729,0.4803089005798318,likely,0.4113004194506441,15,12,none,0
4N5mpIOx4Ak,UC5_SBQbLA9Kg7Jh5GpXoP3g,time,14,12.8332,28,464.25,484,729,0.6368276837807866,confirmed,0.40313568914158615,15,12,none,0
jdKtPL6UmH8,UCebT5m6aSB3Yd8Adn92yeDQ,time,14,13.7071,29,24996.45,28497,19781.400239641105,1.2636337933099304,confirmed,0.6806097784874877,15,13,none,0
bHJnf2McbZI,UCh7mi5sI3BSzKReLzXpgimA,time,5,6.3531,28,161.65,136,55.142465217393585,2.9315748410208613,likely,,15,13,none,0
bHJnf2McbZI,UCh7mi5sI3BSzKReLzXpgimA,time,7,7.3531,28,141.09,136,55.142465217393585,2.5586460438891536,confirmed,0,15,13,none,0
bHJnf2McbZI,UCh7mi5sI3BSzKReLzXpgimA,time,14,13.3531,28,137.86,136,54.056373006478566,2.550276251994409,confirmed,0.05729113217633714,15,10,none,0
Vs6vJwmJL0Y,UC-ew9TfeD887qUSiWWAAj1w,heldout,14,14.5532,30,15645.96,18924,6888.25246570115,2.271397696114073,confirmed,0.32412632882635367,15,14,none,0
IhhDzzHwAOg,UCnwlWgbcxwpsnB7LtOL1kPg,time,14,15.0571,27,11448.49,11842,6963.768553039034,1.6440078245569187,confirmed,0.0838993500736106,15,15,none,0
xuAULcvEHN4,UC4cTmHcWEXfkRdCvFLe4KiQ,time,14,13.9686,29,6235.39,6225,3772.783187628365,1.652730311196403,confirmed,0.15226815539016092,15,12,none,0
wSvPCnvvnpc,UCNcpeWJ-c3jMX_9fQ4b9v1Q,time,1,1.5410,27,416.17,2239,1213.2004689231326,0.34303385854697427,early,,15,15,none,0
wSvPCnvvnpc,UCNcpeWJ-c3jMX_9fQ4b9v1Q,time,2,1.5410,27,416.17,2239,1213.2004689231326,0.34303385854697427,early,,15,15,none,0
wSvPCnvvnpc,UCNcpeWJ-c3jMX_9fQ4b9v1Q,time,3,2.5410,27,1000.74,2239,1221.7492505098633,0.8191017943311838,early,2.2014491982201747,15,15,none,0
wSvPCnvvnpc,UCNcpeWJ-c3jMX_9fQ4b9v1Q,time,5,4.5410,27,2930.91,2239,1236.6107517606756,2.3701175336399833,likely,2.532431824600222,15,15,none,0
wSvPCnvvnpc,UCNcpeWJ-c3jMX_9fQ4b9v1Q,time,7,6.5410,27,3621.67,2239,1563.117648325256,2.316950607445583,likely,2.1187978776804743,15,15,none,0
wSvPCnvvnpc,UCNcpeWJ-c3jMX_9fQ4b9v1Q,time,14,12.5410,27,2732.20,2239,1795.781094954299,1.5214527093713566,confirmed,1.35988348846303,15,15,none,0
uGe5GXwbcHo,UCrrG7mvA6j0Z6oGwRgLayVw,time,14,13.8519,28,10161.62,10225,13536.869988328599,0.7506621875749301,confirmed,,15,14,none,0
hJ-rRXWhElI,UCJVXj8BvHykEklEeKjFwaXQ,heldout,1,1.9791,30,1137911.98,1212819,,,insufficient,,3,3,none,0
hJ-rRXWhElI,UCJVXj8BvHykEklEeKjFwaXQ,heldout,2,1.9791,30,1137911.98,1212819,,,insufficient,,3,3,none,0
hJ-rRXWhElI,UCJVXj8BvHykEklEeKjFwaXQ,heldout,3,2.9791,30,1707910.08,1212819,,,insufficient,0.8956508455376436,4,4,none,0
hJ-rRXWhElI,UCJVXj8BvHykEklEeKjFwaXQ,heldout,5,4.9791,30,1429607.29,1212819,59038.996454375694,24.214627241705728,likely,0.5850518532625706,9,9,none,0
hJ-rRXWhElI,UCJVXj8BvHykEklEeKjFwaXQ,heldout,7,6.9791,30,1355314.16,1212819,59304.71568522766,22.853396147057225,likely,0.4824721469841248,15,15,none,0
hJ-rRXWhElI,UCJVXj8BvHykEklEeKjFwaXQ,heldout,14,13.9791,30,1252656.36,1212819,64264,19.49234964137781,confirmed,0.3484204520524728,15,14,none,0
ilkOBHdBYrw,UCLI5Dd7feZbOShyDS-dHjQg,time,0.5,0.7284,27,6271.03,4499,4585.839270590398,1.3674760934399413,early,,15,12,none,0
ilkOBHdBYrw,UCLI5Dd7feZbOShyDS-dHjQg,time,1,0.7284,27,6271.03,4499,4585.839270590398,1.3674760934399413,early,,15,12,none,0
ilkOBHdBYrw,UCLI5Dd7feZbOShyDS-dHjQg,time,2,1.7284,27,4964.60,4499,4349.417771193531,1.1414407912559938,early,0.5541603048998682,15,12,none,0
ilkOBHdBYrw,UCLI5Dd7feZbOShyDS-dHjQg,time,3,2.7284,27,4016.57,4499,4252.612923615401,0.944494898684327,early,0.4276340174218347,15,11,none,0
ilkOBHdBYrw,UCLI5Dd7feZbOShyDS-dHjQg,time,5,4.7284,27,4509.90,4499,4077.7120139031726,1.1059888454208002,likely,0.3631986218167126,15,11,none,0
ilkOBHdBYrw,UCLI5Dd7feZbOShyDS-dHjQg,time,7,6.7284,27,5177.06,4499,3974.3539317327222,1.3026156849988655,likely,0.3528369144325147,15,11,none,0
ilkOBHdBYrw,UCLI5Dd7feZbOShyDS-dHjQg,time,14,12.7284,27,4648.75,4499,3783.9999999999995,1.2285271646233413,confirmed,0.293323124297636,15,10,none,0
TTqHFSBJm60,UCnYMOamNKLGVlJgRUbamveA,heldout,0.5,0.6665,31,36817.75,23707,38764.78630022511,0.9497730257464598,early,,10,10,none,0
TTqHFSBJm60,UCnYMOamNKLGVlJgRUbamveA,heldout,1,0.6665,31,36817.75,23707,38764.78630022511,0.9497730257464598,early,,10,10,none,0
TTqHFSBJm60,UCnYMOamNKLGVlJgRUbamveA,heldout,3,3.6665,31,30459.94,23707,34284.72692754978,0.8884406055705355,likely,0.4456169473590545,15,15,none,0
TTqHFSBJm60,UCnYMOamNKLGVlJgRUbamveA,heldout,5,4.6665,31,31576.83,23707,33727.43998721128,0.9362356665367303,likely,0.3955017760108893,15,15,none,0
TTqHFSBJm60,UCnYMOamNKLGVlJgRUbamveA,heldout,7,6.6665,31,27783.09,23707,33218.42552900282,0.8363758338789453,likely,0.3253472254758605,15,15,none,0
TTqHFSBJm60,UCnYMOamNKLGVlJgRUbamveA,heldout,14,13.6665,31,26324.28,23707,30744.664344133336,0.8562225837296884,confirmed,0.23693231277482,15,15,none,0
Z0YTMT4yZYk,UCAv6BKSKYopVNODaEROEcqA,time,5,5.1576,27,86565.95,76350,,,insufficient,0.8357644327061353,1,1,none,0
Z0YTMT4yZYk,UCAv6BKSKYopVNODaEROEcqA,time,7,7.1576,27,71727.97,76350,,,insufficient,0.5195981632025811,1,1,none,0
Z0YTMT4yZYk,UCAv6BKSKYopVNODaEROEcqA,time,14,12.1576,27,67725.61,76350,,,insufficient,0.37046684683088493,1,1,none,0
jep3NQ65vd0,UCxEQsjgRRfGWiJJu_PDygxw,time,14,13.4478,28,428209.80,423852,254046.6053251597,1.685556095756893,confirmed,0.04724752168206766,15,13,none,0
rhAxQ9bV0ls,UCbAlVnKhbGLK78GsSemQXxw,time,5,4.5118,27,91810.19,334589,8095.51128659617,11.340876630036984,likely,,4,4,none,0
rhAxQ9bV0ls,UCbAlVnKhbGLK78GsSemQXxw,time,7,6.5118,27,185750.16,334589,7894.553232418898,23.528901388794583,likely,1.7036921679369317,4,4,none,0
rhAxQ9bV0ls,UCbAlVnKhbGLK78GsSemQXxw,time,14,12.5118,27,271041.40,334589,7456.248221531956,36.350908772328324,confirmed,1.2910167940538402,4,4,none,0
NnbBFh66TQQ,UCLasRuEwYys3CeBhn3NXFXw,time,14,13.3075,28,10551.06,11017,288.46176747463835,36.57698276890369,confirmed,0.7860174724270109,15,15,none,0
ogHrw4K_MMk,UCSJhfA8s9mLYTfavcV5yoHA,time,3,3.2278,27,1424.03,1173,683.6985752933546,2.082830837135741,likely,,13,12,none,0
ogHrw4K_MMk,UCSJhfA8s9mLYTfavcV5yoHA,time,5,5.2278,27,1083.71,1173,1075.9008498451165,1.0072578377281936,likely,0.1541368411079905,15,14,none,0
ogHrw4K_MMk,UCSJhfA8s9mLYTfavcV5yoHA,time,7,7.2278,27,1108.88,1173,1068.9678263420892,1.0373367543494192,confirmed,0.17726944523989113,15,13,none,0
ogHrw4K_MMk,UCSJhfA8s9mLYTfavcV5yoHA,time,14,13.2278,27,1183.08,1173,1052.0000000000005,1.124601924275132,confirmed,0.16107935206997537,15,9,none,0
miUNy3YKx60,UC-mP1nlk0qOutA08zuQHORA,heldout,0.5,0.6979,30,1229544.84,1190116,652546.9991561301,1.884224182305039,early,,14,13,none,0
miUNy3YKx60,UC-mP1nlk0qOutA08zuQHORA,heldout,1,0.6979,30,1229544.84,1190116,652546.9991561301,1.884224182305039,early,,14,13,none,0
miUNy3YKx60,UC-mP1nlk0qOutA08zuQHORA,heldout,7,7.6979,30,1148379.45,1190116,718015.1463177619,1.599380537926243,confirmed,0.39900586362230234,15,13,none,0
miUNy3YKx60,UC-mP1nlk0qOutA08zuQHORA,heldout,14,13.6979,30,1272760.53,1190116,723381.9776432371,1.7594584501585417,confirmed,0.36554310213871904,15,12,none,0
b8xXe5ppOcU,UCayab18rVcu2PA685_WZXig,time,14,12.9834,28,1309.33,1280,495.78206775067974,2.640947883419712,confirmed,0.20317749626716988,15,12,none,0
2RIW9Un55aI,UCVS6ejD9NLZvjsvhcbiDzjw,time,7,7.7961,29,27510.27,24391,44839.832718943995,0.6135230756208199,confirmed,,15,14,none,0
2RIW9Un55aI,UCVS6ejD9NLZvjsvhcbiDzjw,time,14,13.7961,29,23965.64,24391,44721.59134070162,0.535885311709497,confirmed,0.11462510866107437,15,13,none,0
7C3JQ_NPWGk,UCfCAy6CkaliVqbwqKT2VSYw,time,1,1.9687,27,5671.47,5354,12503.465815558207,0.45359157968816227,early,,15,14,none,0
7C3JQ_NPWGk,UCfCAy6CkaliVqbwqKT2VSYw,time,2,1.9687,27,5671.47,5354,12503.465815558207,0.45359157968816227,early,,15,14,none,0
7C3JQ_NPWGk,UCfCAy6CkaliVqbwqKT2VSYw,time,3,3.9687,27,5142.09,5354,13127.825737537145,0.39169398972331587,likely,0.4128323125196047,15,14,none,0
7C3JQ_NPWGk,UCfCAy6CkaliVqbwqKT2VSYw,time,5,4.9687,27,5071.82,5354,13471.974995707757,0.37647155181610736,likely,0.3858792396036994,15,14,none,0
7C3JQ_NPWGk,UCfCAy6CkaliVqbwqKT2VSYw,time,7,6.9687,27,5449.53,5354,14022.291955814862,0.3886334991323806,likely,0.34679277468066294,15,14,none,0
7C3JQ_NPWGk,UCfCAy6CkaliVqbwqKT2VSYw,time,14,14.9687,27,5498.38,5354,18865.878220533843,0.2914455890445569,confirmed,0.28646595843539324,15,13,none,0
q-r3HWRY4AU,UCV_zy48AlwwGpdJEka1ay7w,time,1,0.8751,29,156868.25,219831,76603.99999999994,2.047781404999968,early,,15,11,none,0
q-r3HWRY4AU,UCV_zy48AlwwGpdJEka1ay7w,time,2,1.8751,29,198820.74,219831,76603.99999999994,2.595435479444297,early,0.9588463282836301,15,11,none,0
q-r3HWRY4AU,UCV_zy48AlwwGpdJEka1ay7w,time,3,2.8751,29,189092.45,219831,76603.99999999994,2.4684409696056497,early,0.6954325598023908,15,10,none,0
q-r3HWRY4AU,UCV_zy48AlwwGpdJEka1ay7w,time,5,4.8751,29,204845.73,219831,76603.99999999994,2.674086606219323,likely,0.6141084880925852,15,10,none,0
q-r3HWRY4AU,UCV_zy48AlwwGpdJEka1ay7w,time,7,6.8751,29,196539.16,219831,76603.99999999994,2.5656514094550853,likely,0.5553157746826534,15,10,none,0
q-r3HWRY4AU,UCV_zy48AlwwGpdJEka1ay7w,time,14,13.8751,29,199468.42,219831,76603.99999999994,2.6038903741948527,confirmed,0.46807062969505275,15,9,none,0
QgOcUQVBY2w,UCAYLryveVTTC__-iYIvAP2g,time,5,4.9577,28,44.79,42,,,insufficient,,1,1,none,0
QgOcUQVBY2w,UCAYLryveVTTC__-iYIvAP2g,time,7,6.9577,28,43.26,42,,,insufficient,0.3006039920152785,1,1,none,0
QgOcUQVBY2w,UCAYLryveVTTC__-iYIvAP2g,time,14,15.9577,28,44.62,42,,,insufficient,0.20751138652566067,1,1,none,0
RyMOM9S_gdw,UCix7wE05YbRdOVUPNHy0KTg,heldout,1,1.9162,30,974.17,826,1288.8333747461222,0.7558548848519911,early,,15,14,none,0
RyMOM9S_gdw,UCix7wE05YbRdOVUPNHy0KTg,heldout,2,1.9162,30,974.17,826,1288.8333747461222,0.7558548848519911,early,,15,14,none,0
RyMOM9S_gdw,UCix7wE05YbRdOVUPNHy0KTg,heldout,3,2.9162,30,779.73,826,1288.8333747461222,0.6049861981527647,early,0.2983568775019356,15,14,none,0
RyMOM9S_gdw,UCix7wE05YbRdOVUPNHy0KTg,heldout,5,4.9162,30,709.15,826,1278.7248486821613,0.5545761508221229,likely,0.2454884030665956,15,14,none,0
RyMOM9S_gdw,UCix7wE05YbRdOVUPNHy0KTg,heldout,7,6.9162,30,791.85,826,1274.990050247905,0.6210602618991579,likely,0.2333735402422511,15,14,none,0
RyMOM9S_gdw,UCix7wE05YbRdOVUPNHy0KTg,heldout,14,13.9162,30,772.75,826,1277.9999999999998,0.6046536114801669,confirmed,0.20799083669202825,15,12,none,0
h2apnrnZp3s,UC5_SBQbLA9Kg7Jh5GpXoP3g,time,1,0.8324,28,28.78,123,728.9047630945834,0.03948139003459327,early,,4,3,none,0
h2apnrnZp3s,UC5_SBQbLA9Kg7Jh5GpXoP3g,time,2,2.8324,28,49.71,123,333.9158046431383,0.14887776086805216,early,0.9996338163514447,15,14,none,0
h2apnrnZp3s,UC5_SBQbLA9Kg7Jh5GpXoP3g,time,3,2.8324,28,49.71,123,333.9158046431383,0.14887776086805216,early,0.9996338163514447,15,14,none,0
h2apnrnZp3s,UC5_SBQbLA9Kg7Jh5GpXoP3g,time,5,4.8324,28,40.55,123,297.667706458147,0.13624102606393854,likely,0.7429568188729567,15,12,none,0
h2apnrnZp3s,UC5_SBQbLA9Kg7Jh5GpXoP3g,time,7,6.8324,28,71.30,123,302.1346438596361,0.23598427546823314,likely,0.9543216468287559,15,12,none,0
h2apnrnZp3s,UC5_SBQbLA9Kg7Jh5GpXoP3g,time,14,13.8324,28,104.84,123,270.23551815510245,0.3879632457717088,confirmed,0.8984197624994906,15,12,none,0
cwhCl8VdYh0,UCrfKGpvbEQXcbe68dzXgJuA,time,7,7.9573,27,169969.35,142190,145233.67038139206,1.170316459303561,confirmed,,15,15,none,0
cwhCl8VdYh0,UCrfKGpvbEQXcbe68dzXgJuA,time,14,11.9573,27,142573.87,142190,144271.9999999999,0.9882296354430429,confirmed,0.05902532875307639,15,10,none,0
sWvYbdypK_Q,UC1mTmeM4xNp6FjyLTr8kGww,time,14,12.5409,27,14789.23,14732,16394.11562544743,0.9021060499463167,confirmed,0.054945511795983726,15,11,none,0
7QhK_0leZ7k,UCycGV6fAhD_-7GPmCkkESdw,time,1,0.8125,27,38897.63,401771,1778.9999999999995,21.864882205435944,early,,15,14,none,0
7QhK_0leZ7k,UCycGV6fAhD_-7GPmCkkESdw,time,2,1.8125,27,148939.60,401771,1778.9999999999995,83.7209691463329,early,3.3535284913142855,15,14,none,0
7QhK_0leZ7k,UCycGV6fAhD_-7GPmCkkESdw,time,3,2.8125,27,205769.25,401771,1778.9999999999995,115.66568382100044,early,2.497053454176277,15,14,none,0
7QhK_0leZ7k,UCycGV6fAhD_-7GPmCkkESdw,time,5,4.8125,27,374377.58,401771,1778.9999999999995,210.44270741347557,likely,2.2521654111267413,15,14,none,0
7QhK_0leZ7k,UCycGV6fAhD_-7GPmCkkESdw,time,7,6.8125,27,460405.35,401771,1778.9999999999995,258.8000854060977,likely,2.0192588372659888,15,14,none,0
7QhK_0leZ7k,UCycGV6fAhD_-7GPmCkkESdw,time,14,12.8125,27,491209.64,401771,1778.9999999999995,276.11559053022864,confirmed,1.5191197816272541,15,13,none,0
1dM4ZdSD2Dw,UC8fQzKHIhSoZeSq3bwQx4mw,time,5,6.7962,27,252.58,223,,,insufficient,,1,1,none,0
1dM4ZdSD2Dw,UC8fQzKHIhSoZeSq3bwQx4mw,time,7,6.7962,27,252.58,223,,,insufficient,,1,1,none,0
1dM4ZdSD2Dw,UC8fQzKHIhSoZeSq3bwQx4mw,time,14,12.7963,27,219.74,223,,,insufficient,0.1020911136282714,1,1,none,0
JGyamfRGnHs,UC1HX8DWEmVTWj5WNaLd1a_Q,time,5,6.1150,29,82.09,84,,,insufficient,,0,0,none,0
JGyamfRGnHs,UC1HX8DWEmVTWj5WNaLd1a_Q,time,7,7.1150,29,86.58,84,,,insufficient,0.3430988245976747,0,0,none,0
JGyamfRGnHs,UC1HX8DWEmVTWj5WNaLd1a_Q,time,14,13.1150,29,86.03,84,,,insufficient,0.2473144987064785,0,0,none,0
C0pFsBgpFIg,UCq33AlEZl8QBmxatFEwknew,heldout,14,14.3166,29,226.39,227,342.86453990415123,0.6602764104383385,confirmed,0.1799203544341972,15,12,none,0
jcBex0QObBs,UCdwo4k1RQHTcq_-WS7Cazqg,time,5,4.9572,27,553.75,461,,,insufficient,,1,1,none,0
jcBex0QObBs,UCdwo4k1RQHTcq_-WS7Cazqg,time,7,6.9572,27,469.57,461,,,insufficient,0.1491397103886086,1,1,none,0
jcBex0QObBs,UCdwo4k1RQHTcq_-WS7Cazqg,time,14,15.9572,27,470.59,461,,,insufficient,0.10212345877978361,1,1,none,0
2ElucWj2yR0,UCGpsgNbzdF7BECCVbB1COHw,time,7,7.9591,27,7203.72,6166,4584.159747264998,1.571436975024877,confirmed,,10,10,none,0
2ElucWj2yR0,UCGpsgNbzdF7BECCVbB1COHw,time,14,14.9591,27,6182.91,6166,6222.486911201289,0.9936397222911969,confirmed,0.07749293113042105,15,15,none,0
aWwMLpA5Gas,UCS7BAYpqOSaYy-pZp6oO4PA,time,7,7.8006,27,22968.80,18267,14025.338215438878,1.6376644367730613,confirmed,,15,15,none,0
aWwMLpA5Gas,UCS7BAYpqOSaYy-pZp6oO4PA,time,14,12.8006,27,18875.24,18267,13408.33055459429,1.407724685236738,confirmed,0.0028091963878159455,15,15,none,0
hyAzuvVa7rs,UCqg4NBVlXBMRNvMGQ63cYfg,time,14,13.8959,29,4662.32,4677,5010.999999999999,0.9304167856197388,confirmed,0.04806848609351684,15,14,none,0
PyuikiggdYs,UC45mrEqnoknLzwvYJgJ9Teg,time,0.5,0.6875,29,8178.23,24764,1256.8934326754643,6.506704057378937,early,,15,14,none,0
PyuikiggdYs,UC45mrEqnoknLzwvYJgJ9Teg,time,1,0.6875,29,8178.23,24764,1256.8934326754643,6.506704057378937,early,,15,14,none,0
PyuikiggdYs,UC45mrEqnoknLzwvYJgJ9Teg,time,2,1.6875,29,9166.99,24764,1256.8934326754643,7.293370639689604,early,0.7942918095501517,15,14,none,0
PyuikiggdYs,UC45mrEqnoknLzwvYJgJ9Teg,time,3,2.6875,29,9682.71,24764,1312.5378694517872,7.377093089700284,early,0.7285630717589601,15,13,none,0
PyuikiggdYs,UC45mrEqnoknLzwvYJgJ9Teg,time,5,4.6875,29,12011.95,24764,1441.1374369102034,8.335046024180679,likely,0.7420286757805977,15,13,none,0
PyuikiggdYs,UC45mrEqnoknLzwvYJgJ9Teg,time,7,6.6875,29,16184.88,24764,1452.9999999999995,11.138939215891702,likely,0.7660603819208838,15,12,none,0
PyuikiggdYs,UC45mrEqnoknLzwvYJgJ9Teg,time,14,13.6875,29,22207.95,24764,1452.9999999999995,15.28420773054855,confirmed,0.7760155882946546,15,10,none,0
fhjbxVgm208,UCso1B56GyEtnhn2OPENKXoQ,time,14,13.1738,27,102.08,94,173.47108507870823,0.5884680535347123,confirmed,,12,12,none,0
nTAQplce_-U,UC3_BakzLfadvFrsnClMFWmQ,heldout,1,0.0744,30,20813.48,859,898.4205509675229,23.16674838233572,early,,13,13,none,0
nTAQplce_-U,UC3_BakzLfadvFrsnClMFWmQ,heldout,5,5.0744,30,956.95,859,830.947318677976,1.1516412743457674,likely,0.1976895173341406,15,15,none,0
nTAQplce_-U,UC3_BakzLfadvFrsnClMFWmQ,heldout,7,6.0744,30,925.90,859,807.2566358699866,1.146975342319901,likely,0.1829689210070614,15,15,none,0
nTAQplce_-U,UC3_BakzLfadvFrsnClMFWmQ,heldout,14,14.0744,30,867.19,859,777.9999999999998,1.1146375784272133,confirmed,0.13548756350950267,15,11,none,0
1MXUF1ucd1s,UC0Le_ilaOlp9HftXeiMglsg,time,14,13.6388,27,9285.04,8705,7404.890230616435,1.2539066490817459,confirmed,,15,13,none,0
3k2S5QkmgUM,UCEQWOzx3JDV65lGMrtonBrg,time,1,0.8905,28,4195.81,3404,4601.443489450566,0.9118457091166539,early,,15,14,none,0
3k2S5QkmgUM,UCEQWOzx3JDV65lGMrtonBrg,time,2,2.8905,28,3989.06,3404,4441.027628607665,0.8982284999592877,early,0.48551125029982667,15,14,none,0
3k2S5QkmgUM,UCEQWOzx3JDV65lGMrtonBrg,time,3,2.8905,28,3989.06,3404,4441.027628607665,0.8982284999592877,early,0.48551125029982667,15,14,none,0
3k2S5QkmgUM,UCEQWOzx3JDV65lGMrtonBrg,time,5,4.8905,28,3393.11,3404,4302.524256954705,0.7886316758601755,likely,0.3731082256892527,15,14,none,0
3k2S5QkmgUM,UCEQWOzx3JDV65lGMrtonBrg,time,7,6.8905,28,3575.32,3404,4255.531405982822,0.8401582391209378,likely,0.33886437622538834,15,14,none,0
3k2S5QkmgUM,UCEQWOzx3JDV65lGMrtonBrg,time,14,13.8905,28,3518.47,3404,4385.603569476919,0.8022771765713289,confirmed,0.2868597141701407,15,14,none,0
CEZht9HDU7o,UCc11676iKpKrJMYqNYHqNig,time,7,8.2083,28,4329.30,4383,3063.364614430178,1.4132510473638356,confirmed,,15,15,none,0
CEZht9HDU7o,UCc11676iKpKrJMYqNYHqNig,time,14,13.2083,28,4243.62,4383,3080.7796629944237,1.377448816201083,confirmed,0.236320513102774,15,13,none,0
qTLTy6v2Vrw,UCq6YaxJHA-t4bYBHHvaoZ8w,time,0.5,0.5826,29,9550.28,5941,10450.000000000004,0.9139020702378207,early,,15,12,none,0
qTLTy6v2Vrw,UCq6YaxJHA-t4bYBHHvaoZ8w,time,1,0.5826,29,9550.28,5941,10450.000000000004,0.9139020702378207,early,,15,12,none,0
qTLTy6v2Vrw,UCq6YaxJHA-t4bYBHHvaoZ8w,time,2,1.5826,29,6529.00,5941,10450.000000000004,0.6247850122250792,early,0.7083290929807017,15,12,none,0
qTLTy6v2Vrw,UCq6YaxJHA-t4bYBHHvaoZ8w,time,3,2.5826,29,7563.08,5941,10450.000000000004,0.7237399094107123,early,0.5439863403467281,15,11,none,0
qTLTy6v2Vrw,UCq6YaxJHA-t4bYBHHvaoZ8w,time,5,4.5826,29,7581.32,5941,10450.000000000004,0.7254853248297226,likely,0.41314560150670343,15,11,none,0
qTLTy6v2Vrw,UCq6YaxJHA-t4bYBHHvaoZ8w,time,7,6.5826,29,6247.98,5941,10450.000000000004,0.5978928954180235,likely,0.34805341820131325,15,9,none,0
qTLTy6v2Vrw,UCq6YaxJHA-t4bYBHHvaoZ8w,time,14,13.5826,29,6018.44,5941,10450.000000000004,0.575927741756629,confirmed,0.26621972939329364,15,7,none,0
oyEQHHlRgE0,UC9Nrmsn0jlFsbuzmeUVdIUw,time,2,2.8333,28,390.25,355,,,insufficient,,1,1,none,0
oyEQHHlRgE0,UC9Nrmsn0jlFsbuzmeUVdIUw,time,3,2.8333,28,390.25,355,,,insufficient,,1,1,none,0
oyEQHHlRgE0,UC9Nrmsn0jlFsbuzmeUVdIUw,time,5,5.8333,28,324.31,355,101.57183944159206,3.1929470471147408,likely,0.2555261287098042,15,13,none,0
oyEQHHlRgE0,UC9Nrmsn0jlFsbuzmeUVdIUw,time,7,6.8333,28,354.47,355,100.92949182955428,3.512036756362497,likely,0.2598668746399945,15,13,none,0
oyEQHHlRgE0,UC9Nrmsn0jlFsbuzmeUVdIUw,time,14,13.8333,28,373.19,355,103.59544648253205,3.6023586490533774,confirmed,0.2290075029972622,15,10,none,0
7dcTwB-_iNA,UCGpsgNbzdF7BECCVbB1COHw,time,14,13.9487,27,2141.47,2129,6807.611906603235,0.3145705172885627,confirmed,0.06432593819403862,15,15,none,0
OmbfAWoTStM,UCDNHPNeWScAC8h8IxtEBtkQ,time,1,1.0827,27,92818.37,54122,72731.69563491557,1.2761749675170169,early,1.0671087028626518,15,13,none,0
OmbfAWoTStM,UCDNHPNeWScAC8h8IxtEBtkQ,time,2,2.0827,27,86423.80,54122,71486.98954255636,1.2089444751133454,early,0.7641506081005934,15,12,none,0
OmbfAWoTStM,UCDNHPNeWScAC8h8IxtEBtkQ,time,3,3.0827,27,79005.69,54122,70324.43154903571,1.1234458252779103,likely,0.6441469597690266,15,12,none,0
OmbfAWoTStM,UCDNHPNeWScAC8h8IxtEBtkQ,time,5,5.0827,27,69739.64,54122,69112,1.009081484149405,likely,0.5421701701185461,15,11,none,0
OmbfAWoTStM,UCDNHPNeWScAC8h8IxtEBtkQ,time,7,7.0827,27,63659.34,54122,69112,0.92110399356518,confirmed,0.47713845515631514,15,10,none,0
OmbfAWoTStM,UCDNHPNeWScAC8h8IxtEBtkQ,time,14,15.0827,27,58739.21,54122,69112,0.8499133881242596,confirmed,0.374553224786271,15,7,none,0
vd9UpxLInes,UCzr30osBdTmuFUS8IfXtXmg,time,1,0.9986,28,163985.70,294526,77089.93642064765,2.127199869170683,early,,15,9,none,0
vd9UpxLInes,UCzr30osBdTmuFUS8IfXtXmg,time,2,1.9986,28,137899.20,294526,76659.59719133154,1.7988511184387461,early,0.5685574351355862,15,9,none,0
vd9UpxLInes,UCzr30osBdTmuFUS8IfXtXmg,time,3,2.9986,28,137640.88,294526,76111.78703535824,1.8084043041845033,early,0.5056246786652104,15,8,none,0
vd9UpxLInes,UCzr30osBdTmuFUS8IfXtXmg,time,5,4.9986,28,178315.10,294526,75150.03224411745,2.3727880726422317,likely,0.5141559010511653,15,8,none,0
vd9UpxLInes,UCzr30osBdTmuFUS8IfXtXmg,time,7,6.9986,28,245139.53,294526,74239.1575726963,3.3020246113041556,likely,0.6115186105925348,15,7,none,0
vd9UpxLInes,UCzr30osBdTmuFUS8IfXtXmg,time,14,13.9986,28,341578.56,294526,72037.81407407657,4.741656411453175,confirmed,0.666695269474657,15,5,none,0
EmloRnMIZdw,UCgJCa5JyZUFkw2evyuvLbJA,heldout,1,0.8370,31,6503.87,17988,11571.494609000529,0.5620593859498703,early,,14,12,none,0
EmloRnMIZdw,UCgJCa5JyZUFkw2evyuvLbJA,heldout,14,15.8370,31,18814.38,17988,11100.15864117723,1.6949649818842492,confirmed,0.8095770334226832,15,13,none,0
tNeSpSkidyc,UCfuz9Iw2mqdDIYQxCABWAnw,time,5,4.0681,27,133.01,155,,,insufficient,,0,0,none,0
tNeSpSkidyc,UCfuz9Iw2mqdDIYQxCABWAnw,time,7,7.0681,27,111.33,155,,,insufficient,0.06485242759640664,0,0,none,0
tNeSpSkidyc,UCfuz9Iw2mqdDIYQxCABWAnw,time,14,15.0681,27,141.90,155,,,insufficient,0.22465362733357203,0,0,none,0
9p9m04q4Nq0,UCUUe2Q6fFgu5Dzk_y2OyPYw,time,14,12.7697,27,509396.13,521934,361389.2872821657,1.4095496154469849,confirmed,0.11604497989176821,15,12,none,0
PaAHkIYF9rY,UCt3B6rUXb__X2eMyY7jzgIg,heldout,0.5,0.6674,31,14464.96,37702,48104.49019248397,0.30069867275387646,early,,14,14,none,0
PaAHkIYF9rY,UCt3B6rUXb__X2eMyY7jzgIg,heldout,1,0.6674,31,14464.96,37702,48104.49019248397,0.30069867275387646,early,,14,14,none,0
PaAHkIYF9rY,UCt3B6rUXb__X2eMyY7jzgIg,heldout,3,3.6674,31,41739.16,37702,8205.554300626385,5.086696284395982,likely,1.2150371139162164,15,15,none,0
PaAHkIYF9rY,UCt3B6rUXb__X2eMyY7jzgIg,heldout,5,4.6674,31,37893.82,37702,9959.532587498905,3.8047788921187533,likely,1.081541206875377,15,15,none,0
PaAHkIYF9rY,UCt3B6rUXb__X2eMyY7jzgIg,heldout,7,6.6674,31,37150.03,37702,10490.44649606644,3.5413204687488515,likely,0.9322060739747879,15,15,none,0
PaAHkIYF9rY,UCt3B6rUXb__X2eMyY7jzgIg,heldout,14,13.6674,31,34588.09,37702,11409.067254364287,3.0316317586254034,confirmed,0.7372903156581654,15,15,none,0
K-Rr8zuF2bk,UClZT1TPdg5Hrx2HPmkALofw,time,14,13.6267,27,3670.21,4710,585.0000000000002,6.273859841677868,confirmed,1.0909134542317531,15,12,none,0
MMLKDSc0fQI,UCFYLFu6j4hxl5vEnpl7hw3w,time,5,6.8663,27,31727.18,48562,,,insufficient,,0,0,none,0
MMLKDSc0fQI,UCFYLFu6j4hxl5vEnpl7hw3w,time,7,6.8663,27,31727.18,48562,,,insufficient,,0,0,none,0
MMLKDSc0fQI,UCFYLFu6j4hxl5vEnpl7hw3w,time,14,13.8663,27,30498.90,48562,,,insufficient,0.17163367852808648,0,0,none,0
w-psE8_l0s8,UCBhPkAuGks2UkizNMbtW6uw,time,5,5.0827,27,64341.97,97584,77.65527738087235,828.5589132776198,likely,-0.0011856761612808893,7,7,none,0
w-psE8_l0s8,UCBhPkAuGks2UkizNMbtW6uw,time,7,7.0827,27,61880.11,97584,80.13821345503138,772.1673517950468,confirmed,-0.008316642507182991,7,7,none,0
w-psE8_l0s8,UCBhPkAuGks2UkizNMbtW6uw,time,14,15.0827,27,58208.50,97584,74.47397952162497,781.5950972915156,confirmed,-0.0030708973210745697,7,7,none,0
0etReI-mcpY,UCeHFOIlukVFTT8-lhB_Zqfw,heldout,14,13.8542,29,1803.46,1964,1302.053504986741,1.3850922378794321,confirmed,0.1739394539572278,13,13,none,0
Gvmr8lEUDyI,UCUpbDOT-OVNBlaQpb9pbd2w,time,3,3.4446,27,30234.32,20005,30388.637020634073,0.9949219732414308,likely,,15,15,none,0
Gvmr8lEUDyI,UCUpbDOT-OVNBlaQpb9pbd2w,time,5,5.4446,27,22121.84,20005,28192.3245335627,0.7846758162394211,likely,0.05487818494335951,15,15,none,0
Gvmr8lEUDyI,UCUpbDOT-OVNBlaQpb9pbd2w,time,7,7.4446,27,21495.29,20005,26755.763182526207,0.803389142630929,confirmed,0.042109021108471284,15,15,none,0
Gvmr8lEUDyI,UCUpbDOT-OVNBlaQpb9pbd2w,time,14,15.4446,27,20582.41,20005,23842.283612267303,0.8632732317477766,confirmed,0.03448574488195714,15,15,none,0
Q7qr0nxCGGY,UCEM2sO7E5KSMIqonVgb98ug,time,14,13.7431,29,2733.46,2872,2838.4403463801805,0.9630130477624457,confirmed,0.6920136701175084,8,8,none,0
tZFq9Qctf-8,UC5_SBQbLA9Kg7Jh5GpXoP3g,time,1,0.8320,28,102.03,192,,,insufficient,,1,1,none,0
tZFq9Qctf-8,UC5_SBQbLA9Kg7Jh5GpXoP3g,time,2,2.8320,28,248.56,192,117.29403116877714,2.1191460817896046,early,1.465341656485472,15,15,none,0
tZFq9Qctf-8,UC5_SBQbLA9Kg7Jh5GpXoP3g,time,3,2.8320,28,248.56,192,117.29403116877714,2.1191460817896046,early,1.465341656485472,15,15,none,0
tZFq9Qctf-8,UC5_SBQbLA9Kg7Jh5GpXoP3g,time,5,4.8320,28,255.50,192,101.5109362603578,2.516938260600636,likely,1.1037600551771454,15,15,none,0
tZFq9Qctf-8,UC5_SBQbLA9Kg7Jh5GpXoP3g,time,7,6.8320,28,257.65,192,106.63788322200244,2.4161090012076283,likely,0.967340924715741,15,15,none,0
tZFq9Qctf-8,UC5_SBQbLA9Kg7Jh5GpXoP3g,time,14,13.8320,28,215.30,192,134.56163481648156,1.6000257604874293,confirmed,0.7067674148782253,15,15,none,0
c8BwMOA8Kp0,UCZEEC1w4jP1cV2dibuDFwIQ,time,3,3.8645,27,45688.38,55674,12147.000000000007,3.761288936019182,likely,,15,14,none,0
c8BwMOA8Kp0,UCZEEC1w4jP1cV2dibuDFwIQ,time,5,4.8645,27,60802.75,55674,12147.000000000007,5.005577821116104,likely,0.8010764519308526,15,13,none,0
c8BwMOA8Kp0,UCZEEC1w4jP1cV2dibuDFwIQ,time,7,6.8645,27,65206.20,55674,12147.000000000007,5.368090824911445,likely,0.7047498448231112,15,12,none,0
c8BwMOA8Kp0,UCZEEC1w4jP1cV2dibuDFwIQ,time,14,15.8645,27,57073.30,55674,12147.000000000007,4.698551088006446,confirmed,0.4269070271531053,15,8,none,0
W8iV_m3QQ-4,UCWK4FbIkCfSNoscMXWbCxAg,time,3,3.7911,27,78167.06,66963,51025.16938415516,1.5319313671447516,likely,,4,4,none,0
W8iV_m3QQ-4,UCWK4FbIkCfSNoscMXWbCxAg,time,5,4.7911,27,66294.32,66963,50822.87909498033,1.304418900400735,likely,0.3066402110562041,15,14,none,0
W8iV_m3QQ-4,UCWK4FbIkCfSNoscMXWbCxAg,time,7,6.7911,27,67044.93,66963,50995.50311493284,1.3147224879148052,likely,0.264101252720809,15,13,none,0
W8iV_m3QQ-4,UCWK4FbIkCfSNoscMXWbCxAg,time,14,15.7911,27,68505.52,66963,51164.942359870416,1.3389151862206403,confirmed,0.19847531190883344,15,12,none,0
N1CGq7zSjjM,UC3KEoMzNz8eYnwBC34RaKCQ,time,0.5,0.6246,27,275187.36,231830,482383.7550936138,0.570473931800527,early,,12,12,none,0
N1CGq7zSjjM,UC3KEoMzNz8eYnwBC34RaKCQ,time,1,0.6246,27,275187.36,231830,482383.7550936138,0.570473931800527,early,,12,12,none,0
N1CGq7zSjjM,UC3KEoMzNz8eYnwBC34RaKCQ,time,2,1.6246,27,319162.81,231830,482383.7550936138,0.661636724176984,early,0.8417556533261605,12,12,none,0
N1CGq7zSjjM,UC3KEoMzNz8eYnwBC34RaKCQ,time,3,2.6246,27,278340.40,231830,482383.7550936138,0.5770103194692989,early,0.6168302889322819,12,12,none,0
N1CGq7zSjjM,UC3KEoMzNz8eYnwBC34RaKCQ,time,5,4.6246,27,263500.26,231830,481799.6189793835,0.5469084119966497,likely,0.4784639163804531,12,12,none,0
N1CGq7zSjjM,UC3KEoMzNz8eYnwBC34RaKCQ,time,7,6.6246,27,258225.07,231830,481054.14769113384,0.5367900367788017,likely,0.42463006841676787,12,12,none,0
N1CGq7zSjjM,UC3KEoMzNz8eYnwBC34RaKCQ,time,14,12.6246,27,255026.96,231830,479554.3483026957,0.5317999171874145,confirmed,0.3424972284112842,12,12,none,0
b3EugpoXF5I,UC8jRs1LfVO5vsrSk-YRu5ZA,time,5,6.9687,27,2000.47,1602,,,insufficient,,0,0,none,0
b3EugpoXF5I,UC8jRs1LfVO5vsrSk-YRu5ZA,time,7,6.9687,27,2000.47,1602,,,insufficient,,0,0,none,0
b3EugpoXF5I,UC8jRs1LfVO5vsrSk-YRu5ZA,time,14,12.9687,27,1650.16,1602,2772.0153227456603,0.5952918343499572,confirmed,0.00897524472848579,15,11,none,0
kc6NOjS1ThE,UCn5hg2riwFTCNif80JbaA8A,time,14,14.7340,29,87460.45,85421,43450.413798984446,2.0128796020835527,confirmed,0.058312067387431554,15,13,none,0
xl2B9ssZc-s,UC9_p50tH3WmMslWRWKnM7dQ,time,0.5,0.7014,27,251471.53,216822,180266.99744931114,1.3949948132921859,early,,15,11,none,0
xl2B9ssZc-s,UC9_p50tH3WmMslWRWKnM7dQ,time,1,0.7014,27,251471.53,216822,180266.99744931114,1.3949948132921859,early,,15,11,none,0
xl2B9ssZc-s,UC9_p50tH3WmMslWRWKnM7dQ,time,2,1.7014,27,213148.24,216822,180266.99744931114,1.1824029864140368,early,0.6948708774144369,15,11,none,0
xl2B9ssZc-s,UC9_p50tH3WmMslWRWKnM7dQ,time,3,2.7014,27,237462.65,216822,180189.83186508418,1.3178470918830234,early,0.5484468481355881,15,10,none,0
xl2B9ssZc-s,UC9_p50tH3WmMslWRWKnM7dQ,time,5,4.7014,27,213674.22,216822,180189.83186508418,1.1858284054431205,likely,0.45057898427625476,15,10,none,0
xl2B9ssZc-s,UC9_p50tH3WmMslWRWKnM7dQ,time,7,6.7014,27,224864.51,216822,179871.70694304717,1.2501383188391386,likely,0.40287404314562464,15,10,none,0
xl2B9ssZc-s,UC9_p50tH3WmMslWRWKnM7dQ,time,14,15.7014,27,219186.83,216822,179350.04339232642,1.2221175334848362,confirmed,0.3239736779898151,15,9,none,0
fErFL7gbTAM,UCzOgdLi9p2UIdhukecTSygg,time,0.5,0.4766,28,2689.18,1203,4043.942468003199,0.6649899444768163,early,,12,8,none,0
fErFL7gbTAM,UCzOgdLi9p2UIdhukecTSygg,time,1,1.4766,28,2861.80,1203,4037.2160587259677,0.7088549219453087,early,0.42971905091167967,12,8,none,0
fErFL7gbTAM,UCzOgdLi9p2UIdhukecTSygg,time,2,2.4766,28,2089.73,1203,4025.6035990015835,0.5191092481848637,early,0.2942213328037129,12,8,none,0
fErFL7gbTAM,UCzOgdLi9p2UIdhukecTSygg,time,3,3.4766,28,1433.23,1203,4003.2795373918407,0.3580135214550445,likely,0.23749842796236278,12,7,none,0
fErFL7gbTAM,UCzOgdLi9p2UIdhukecTSygg,time,5,5.4766,28,1310.96,1203,4085.728908723493,0.320862552576244,likely,0.18289922583953064,12,6,none,0
fErFL7gbTAM,UCzOgdLi9p2UIdhukecTSygg,time,7,7.4766,28,1257.00,1203,4076.7265728717784,0.308335659672617,confirmed,0.16363656316424485,12,6,none,0
fErFL7gbTAM,UCzOgdLi9p2UIdhukecTSygg,time,14,13.4766,28,1245.40,1203,4135.6949420457395,0.3011341616960555,confirmed,0.13272057855187672,12,4,none,0
dQn0XPnK8AA,UCeHIseom2u9zxGM_yIEBhDQ,time,5,5.9395,28,157.44,164,,,insufficient,,0,0,none,0
dQn0XPnK8AA,UCeHIseom2u9zxGM_yIEBhDQ,time,7,6.9395,28,156.61,164,,,insufficient,0.4352549668784232,0,0,none,0
dQn0XPnK8AA,UCeHIseom2u9zxGM_yIEBhDQ,time,14,13.9395,28,155.31,164,,,insufficient,0.23590108508846655,0,0,none,0
WO8ZKMmPaws,UCtbLA0YM6EpwUQhFUyPQU9Q,heldout,1,1.0314,27,821038.88,1125397,390662.04884052894,2.1016602126428126,early,,15,13,none,0
WO8ZKMmPaws,UCtbLA0YM6EpwUQhFUyPQU9Q,time,1,1.0314,27,821038.88,1125397,390662.04884052894,2.1016602126428126,early,,15,13,none,0
WO8ZKMmPaws,UCtbLA0YM6EpwUQhFUyPQU9Q,heldout,2,2.0314,27,944830.11,1125397,390662.04884052894,2.4185357077105682,early,0.78258470194413,15,13,none,0
WO8ZKMmPaws,UCtbLA0YM6EpwUQhFUyPQU9Q,time,2,2.0314,27,944830.11,1125397,390662.04884052894,2.4185357077105682,early,0.78258470194413,15,13,none,0
WO8ZKMmPaws,UCtbLA0YM6EpwUQhFUyPQU9Q,heldout,3,3.0314,27,930353.72,1125397,390703.3203791148,2.3812280896611826,likely,0.6463193630286928,15,13,none,0
WO8ZKMmPaws,UCtbLA0YM6EpwUQhFUyPQU9Q,time,3,3.0314,27,930353.72,1125397,390703.3203791148,2.3812280896611826,likely,0.6463193630286928,15,13,none,0
WO8ZKMmPaws,UCtbLA0YM6EpwUQhFUyPQU9Q,heldout,5,5.0314,27,973533.90,1125397,390703.3203791148,2.491747188087602,likely,0.5558022755502803,15,13,none,0
WO8ZKMmPaws,UCtbLA0YM6EpwUQhFUyPQU9Q,time,5,5.0314,27,973533.90,1125397,390703.3203791148,2.491747188087602,likely,0.5558022755502803,15,13,none,0
WO8ZKMmPaws,UCtbLA0YM6EpwUQhFUyPQU9Q,heldout,7,7.0314,27,1001032.54,1125397,390199.64140119764,2.5654368502656104,confirmed,0.5332280854685236,15,12,none,0
WO8ZKMmPaws,UCtbLA0YM6EpwUQhFUyPQU9Q,time,7,7.0314,27,1001032.54,1125397,390199.64140119764,2.5654368502656104,confirmed,0.5332280854685236,15,12,none,0
WO8ZKMmPaws,UCtbLA0YM6EpwUQhFUyPQU9Q,heldout,14,13.0314,27,1158094.26,1125397,389235.5386961076,2.9753045253679384,confirmed,0.5060701619579088,15,12,none,0
WO8ZKMmPaws,UCtbLA0YM6EpwUQhFUyPQU9Q,time,14,13.0314,27,1158094.26,1125397,389235.5386961076,2.9753045253679384,confirmed,0.5060701619579088,15,12,none,0
qMojhcFHm7g,UCbprhISv-0ReKPPyhf7-Dtw,time,5,6.9573,30,1225.04,2633,,,insufficient,,0,0,none,0
qMojhcFHm7g,UCbprhISv-0ReKPPyhf7-Dtw,time,7,6.9573,30,1225.04,2633,,,insufficient,,0,0,none,0
qMojhcFHm7g,UCbprhISv-0ReKPPyhf7-Dtw,time,14,13.9573,30,2120.28,2633,,,insufficient,0.8740627499501797,0,0,none,0
reGN99ayQ14,UCaDa57ymCY9-MrSs-JdQ3kg,heldout,3,3.0354,29,466.71,1994,726.3858472609309,0.6425122341304587,likely,,15,12,none,0
reGN99ayQ14,UCaDa57ymCY9-MrSs-JdQ3kg,heldout,5,4.0354,29,1032.44,1994,731.9773794085143,1.4104786885779679,likely,0.9800955755523976,15,11,none,0
reGN99ayQ14,UCaDa57ymCY9-MrSs-JdQ3kg,heldout,7,7.0354,29,1535.16,1994,746.9034678700496,2.055361495331873,confirmed,1.0113280061375616,15,11,none,0
reGN99ayQ14,UCaDa57ymCY9-MrSs-JdQ3kg,heldout,14,14.0354,29,1301.30,1994,819.7293825755382,1.5874733922680566,confirmed,0.9148385012501182,15,9,none,0
k5eG-OUAY_Y,UC5i1U95Udd4RYblltKRV9-A,time,5,4.9989,28,192.73,343,,,insufficient,,0,0,none,0
k5eG-OUAY_Y,UC5i1U95Udd4RYblltKRV9-A,time,7,6.9989,28,230.77,343,,,insufficient,0.5636124622484014,0,0,none,0
k5eG-OUAY_Y,UC5i1U95Udd4RYblltKRV9-A,time,14,15.9989,28,324.84,343,,,insufficient,0.5732997577883058,0,0,none,0
EHFWNNJCFTw,UCkr6cLAnZiz5NH0NzjNK8rg,time,0.5,0.6595,27,42212.35,24890,113647.08112154993,0.3714336289656862,early,,14,14,none,0
EHFWNNJCFTw,UCkr6cLAnZiz5NH0NzjNK8rg,time,1,0.6595,27,42212.35,24890,113647.08112154993,0.3714336289656862,early,,14,14,none,0
EHFWNNJCFTw,UCkr6cLAnZiz5NH0NzjNK8rg,time,2,1.6595,27,34469.17,24890,102331.40844630093,0.3368386330119693,early,0.6020428959546252,15,15,none,0
EHFWNNJCFTw,UCkr6cLAnZiz5NH0NzjNK8rg,time,3,2.6595,27,31096.04,24890,97197.22612320987,0.31992719736872566,early,0.4334518991713218,15,14,none,0
EHFWNNJCFTw,UCkr6cLAnZiz5NH0NzjNK8rg,time,5,4.6595,27,29877.70,24890,88940.04079996634,0.3359307628303733,likely,0.30440421753880775,15,13,none,0
EHFWNNJCFTw,UCkr6cLAnZiz5NH0NzjNK8rg,time,7,6.6595,27,28523.27,24890,85916.51007204474,0.33198817960853705,likely,0.25243545816920543,15,13,none,0
EHFWNNJCFTw,UCkr6cLAnZiz5NH0NzjNK8rg,time,14,12.6595,27,25666.22,24890,81360.2874025682,0.31546369578419486,confirmed,0.1954094218271255,15,8,none,0
TAXPyRnWwI0,UCyaN6mg5u8Cjy2ZI4ikWaug,time,1,1.6045,28,58002.37,80115,57792.777010472106,1.003626550072618,early,,15,11,none,0
TAXPyRnWwI0,UCyaN6mg5u8Cjy2ZI4ikWaug,time,2,1.6045,28,58002.37,80115,57792.777010472106,1.003626550072618,early,,15,11,none,0
TAXPyRnWwI0,UCyaN6mg5u8Cjy2ZI4ikWaug,time,3,2.6045,28,60740.78,80115,57646.66646906673,1.0536737877454987,early,0.5906499968858365,15,10,none,0
TAXPyRnWwI0,UCyaN6mg5u8Cjy2ZI4ikWaug,time,5,4.6045,28,63943.26,80115,57445.82338211959,1.1131054341121955,likely,0.5184473924670454,15,9,none,0
TAXPyRnWwI0,UCyaN6mg5u8Cjy2ZI4ikWaug,time,7,6.6045,28,80459.92,80115,59388.08000211726,1.3548159148717185,likely,0.5858762597044879,15,9,none,0
TAXPyRnWwI0,UCyaN6mg5u8Cjy2ZI4ikWaug,time,14,13.6045,28,92450.36,80115,59285.12276105512,1.5594192355694196,confirmed,0.4766380987304037,15,8,none,0
l9dDuZfnauM,UCe1Ka1W1V_TfRSwE_luacEg,time,14,12.7883,27,8220.95,8248,4877.482345217342,1.6854894848651931,confirmed,,15,13,none,0
cD9lXJF81eo,UCOYiZJJ25t0ZAH7Y_pKPC0w,heldout,5,5.9574,28,3323.87,3490,27393.080375154175,0.1213397570057698,likely,,8,8,none,0
cD9lXJF81eo,UCOYiZJJ25t0ZAH7Y_pKPC0w,time,5,5.9574,28,3323.87,3490,27393.080375154175,0.1213397570057698,likely,,8,8,none,0
cD9lXJF81eo,UCOYiZJJ25t0ZAH7Y_pKPC0w,heldout,7,6.9574,28,2756.77,3490,27393.080375154175,0.10063736084728328,likely,0.15645182075990058,8,8,none,0
cD9lXJF81eo,UCOYiZJJ25t0ZAH7Y_pKPC0w,time,7,6.9574,28,2756.77,3490,27393.080375154175,0.10063736084728328,likely,0.15645182075990058,8,8,none,0
cD9lXJF81eo,UCOYiZJJ25t0ZAH7Y_pKPC0w,heldout,14,12.9574,28,3075.79,3490,42125.773211475884,0.07301452936183228,confirmed,0.20566211813395938,8,7,none,0
cD9lXJF81eo,UCOYiZJJ25t0ZAH7Y_pKPC0w,time,14,12.9574,28,3075.79,3490,42125.773211475884,0.07301452936183228,confirmed,0.20566211813395938,8,7,none,0
Z9CC0_NTf5g,UC0T6MVd3wQDB5ICAe45OxaQ,time,14,15.9159,27,15003.79,14771,9512.999999999998,1.577188363472729,confirmed,0.07633489594673869,15,13,none,0
If1JnWnvptE,UChISHLovxnSLP0w81NEQj5w,time,14,13.7848,29,5966.26,5388,19815.73431123286,0.30108701399930127,confirmed,,15,15,none,0
UNMoQwNxRnk,UCxajFuHT9KGibttgRbvA4XQ,time,1,0.9992,27,1524.65,1655,10640.228297726253,0.1432913797822336,early,,15,13,none,0
UNMoQwNxRnk,UCxajFuHT9KGibttgRbvA4XQ,time,2,1.9992,27,1288.19,1655,10635.615346321656,0.12112053428892085,early,0.5803594146646771,15,13,none,0
UNMoQwNxRnk,UCxajFuHT9KGibttgRbvA4XQ,time,3,2.9992,27,1458.19,1655,10483.762271828638,0.13909049587890732,early,0.5139734783695518,15,13,none,0
UNMoQwNxRnk,UCxajFuHT9KGibttgRbvA4XQ,time,5,4.9992,27,1768.80,1655,10269.940486657528,0.1722310330991812,likely,0.5305774247940558,15,13,none,0
UNMoQwNxRnk,UCxajFuHT9KGibttgRbvA4XQ,time,7,7.9992,27,1772.92,1655,9975.243980107512,0.17773204917070784,confirmed,0.4696196404033468,15,12,none,0
UNMoQwNxRnk,UCxajFuHT9KGibttgRbvA4XQ,time,14,14.9992,27,1857.98,1655,9549.95988504455,0.1945536408523332,confirmed,0.425604239360328,15,10,none,0
vORhopSp7l8,UCjNrOMGm7_ODMMBS-71xBcA,time,1,0.7920,27,1161.59,2693,2193.9999999999995,0.5294401642046767,early,,15,12,none,0
vORhopSp7l8,UCjNrOMGm7_ODMMBS-71xBcA,time,2,1.7920,27,1877.58,2693,2193.9999999999995,0.85578069870694,early,1.3779873139052479,15,12,none,0
vORhopSp7l8,UCjNrOMGm7_ODMMBS-71xBcA,time,3,2.7920,27,2159.26,2693,2193.9999999999995,0.9841648106775525,early,1.0818692220554682,15,11,none,0
vORhopSp7l8,UCjNrOMGm7_ODMMBS-71xBcA,time,5,4.7920,27,2195.45,2693,2193.9999999999995,1.0006595959426152,likely,0.849635665149818,15,11,none,0
vORhopSp7l8,UCjNrOMGm7_ODMMBS-71xBcA,time,7,7.7920,27,2651.03,2693,2193.9999999999995,1.208307832736106,confirmed,0.8199770270946191,15,10,none,0
vORhopSp7l8,UCjNrOMGm7_ODMMBS-71xBcA,time,14,12.7920,27,2587.20,2693,2193.9999999999995,1.1792141102885403,confirmed,0.7426265167384082,15,9,none,0
WnapZ9yDtaQ,UCihUiDJzjyo2ov_qGtW33lw,time,14,13.9371,28,308514.58,279739,22526.000000000015,13.695932493228517,confirmed,,15,12,none,0
ZAS2aGNVRf4,UCZB32syI0FFtThd6xkPTRrg,time,14,13.7079,28,39352.68,40964,27330.247926485314,1.4398949119437288,confirmed,,14,14,none,0
MRPyuTso1-A,UCmu7bw5BYIeR0VDw0hJKblw,time,14,14.4277,28,337.05,346,434.52107516469067,0.7756907047182134,confirmed,0.41858042241517257,15,13,none,0
yU2u7D8RuG4,UCGWNHkr2WZcRbxqoet-nyeg,time,14,12.8786,27,4488.29,4140,2602.211854340116,1.7247971811930136,confirmed,,15,15,none,0
umeNwM4IfCQ,UClZT1TPdg5Hrx2HPmkALofw,time,14,14.9692,27,782.55,807,763.7152770971636,1.0246662461938985,confirmed,0.16419852439380495,15,11,none,0
VrpFPoFgRz8,UCEBpSZhI1X8WaP-kY_2LLcg,time,2,2.1784,27,918.18,898,796.6892288796444,1.1524997823233658,early,,15,14,none,0
VrpFPoFgRz8,UCEBpSZhI1X8WaP-kY_2LLcg,time,3,3.1784,27,656.27,898,796.5642910347384,0.823872798396317,likely,0.21637430642172906,15,14,none,0
VrpFPoFgRz8,UCEBpSZhI1X8WaP-kY_2LLcg,time,5,5.1784,27,753.32,898,796.1388800519692,0.9462113222875365,likely,0.2758289759007345,15,14,none,0
VrpFPoFgRz8,UCEBpSZhI1X8WaP-kY_2LLcg,time,7,6.1784,27,760.60,898,801.0228300135411,0.9495414750593286,likely,0.3093083922848592,15,14,none,0
VrpFPoFgRz8,UCEBpSZhI1X8WaP-kY_2LLcg,time,14,15.1784,27,893.86,898,811.0721955026884,1.1020761956463325,confirmed,0.2987373194592619,15,13,none,0
aTU0C7Vnu5w,UCHXLx_WGu4zQAq4fLVurzfA,heldout,3,3.8333,29,786.88,852,4068.289210928271,0.19341773136035467,likely,,15,14,none,0
aTU0C7Vnu5w,UCHXLx_WGu4zQAq4fLVurzfA,heldout,5,3.8333,29,786.88,852,4068.289210928271,0.19341773136035467,likely,,15,14,none,0
aTU0C7Vnu5w,UCHXLx_WGu4zQAq4fLVurzfA,heldout,7,8.8333,29,870.91,852,3981.857169863117,0.2187186885028856,confirmed,0.4581839169558994,15,14,none,0
aTU0C7Vnu5w,UCHXLx_WGu4zQAq4fLVurzfA,heldout,14,14.8333,29,869.55,852,3971.2091242485335,0.21896414265490785,confirmed,0.3439793506009257,15,13,none,0
z3h5rxz-IKw,UC0wN7fS1ATmM4ZTafhB9oBg,time,14,12.8321,27,5103.47,5015,5867.004474556714,0.8698589400306626,confirmed,0.13105924971484573,15,14,none,0
CX_oTA7ZnC4,UCctXZhXmG-kf3tlIXgVZUlw,time,5,6.7081,27,23283.27,22804,,,insufficient,,0,0,none,0
CX_oTA7ZnC4,UCctXZhXmG-kf3tlIXgVZUlw,time,7,6.7081,27,23283.27,22804,,,insufficient,,0,0,none,0
CX_oTA7ZnC4,UCctXZhXmG-kf3tlIXgVZUlw,time,14,12.7081,27,22535.14,22804,,,insufficient,0.20161073720042855,0,0,none,0
AAXWxPfNSzA,UCeHILuUwWmHDQqbocxUvVoA,heldout,14,14.6768,31,4187.59,4008,9130.868865106888,0.45861890067204125,confirmed,,15,13,none,0
YRMiL_vw8pg,UCP4k407eomZThGHo_9sgMkg,time,7,7.9786,27,27202.12,29440,170092.52198595222,0.1599254236592012,confirmed,,15,15,none,0
YRMiL_vw8pg,UCP4k407eomZThGHo_9sgMkg,time,14,14.9786,27,30561.90,29440,175565.25945136056,0.1740771477123985,confirmed,0.3341508824408208,15,13,none,0
G8hsdLJhVs8,UCcCzzSbdw5-qmdF_NuTtb2w,heldout,14,12.3957,30,1998.37,1942,3385.0414476558844,0.5903531445375816,confirmed,,12,11,none,0
j4EIPhX4gnQ,UCziz6FiCnkyQ810X7qXFMZw,time,1,0.9515,28,82389.07,86713,53687.588739197075,1.5346017647335632,early,,15,12,none,0
j4EIPhX4gnQ,UCziz6FiCnkyQ810X7qXFMZw,time,2,1.9515,28,95819.76,86713,53839.723784829504,1.779722407256156,early,0.7827920587840047,15,12,none,0
j4EIPhX4gnQ,UCziz6FiCnkyQ810X7qXFMZw,time,3,2.9515,28,96194.48,86713,54118.464460055184,1.7774798125704891,early,0.6703199496612454,15,12,none,0
j4EIPhX4gnQ,UCziz6FiCnkyQ810X7qXFMZw,time,5,4.9515,28,102370.61,86713,54363.41015783129,1.8830792974811947,likely,0.5844099223453681,15,12,none,0
j4EIPhX4gnQ,UCziz6FiCnkyQ810X7qXFMZw,time,7,6.9515,28,100040.81,86713,54952.23220067558,1.820504896426147,likely,0.5337174621261497,15,12,none,0
j4EIPhX4gnQ,UCziz6FiCnkyQ810X7qXFMZw,time,14,12.9515,28,99450.75,86713,56861.999999999956,1.7489843390273003,confirmed,0.4329816056281049,15,11,none,0
5Uxx3qPjIOg,UCqLbTAc5Mn2cJDu1-FZ2W3g,time,1,1.0415,27,70035.28,49761,101125.64386696523,0.6925571185452525,early,1.5282487541254475,15,11,none,0
5Uxx3qPjIOg,UCqLbTAc5Mn2cJDu1-FZ2W3g,time,2,2.0415,27,73965.62,49761,100599.64482217663,0.735247337379168,early,1.1334081454851066,15,10,none,0
5Uxx3qPjIOg,UCqLbTAc5Mn2cJDu1-FZ2W3g,time,3,3.0415,27,76442.48,49761,99726.85975724072,0.7665184211070455,likely,0.9367506977877472,15,10,none,0
5Uxx3qPjIOg,UCqLbTAc5Mn2cJDu1-FZ2W3g,time,5,5.0415,27,73630.52,49761,99193.07963190349,0.7422948895448043,likely,0.7713854469383369,15,10,none,0
5Uxx3qPjIOg,UCqLbTAc5Mn2cJDu1-FZ2W3g,time,7,7.0415,27,67915.56,49761,98041.36357426234,0.6927235579471385,confirmed,0.6820932070315167,15,10,none,0
5Uxx3qPjIOg,UCqLbTAc5Mn2cJDu1-FZ2W3g,time,14,15.0415,27,58499.90,49761,98614.65022874143,0.5932171768519633,confirmed,0.5447637065946962,15,8,none,0
0f6_pRAIJjI,UCg5WjzrwxRRUUDf7WHKPzsA,time,1,0.9375,27,18991.93,29578,38586.57030247478,0.4921900385663191,early,,15,11,none,0
0f6_pRAIJjI,UCg5WjzrwxRRUUDf7WHKPzsA,time,2,1.9375,27,27626.79,29578,38586.57030247478,0.7159690685813749,early,0.9899939116531613,15,11,none,0
0f6_pRAIJjI,UCg5WjzrwxRRUUDf7WHKPzsA,time,3,2.9375,27,32388.01,29578,38586.57030247478,0.8393595739407054,early,0.8025894961587687,15,10,none,0
0f6_pRAIJjI,UCg5WjzrwxRRUUDf7WHKPzsA,time,5,4.9375,27,26742.61,29578,38586.57030247478,0.6930548221841221,likely,0.6935900691260188,15,10,none,0
0f6_pRAIJjI,UCg5WjzrwxRRUUDf7WHKPzsA,time,7,6.9375,27,26900.58,29578,38586.57030247478,0.6971487749339809,likely,0.6408726276642518,15,10,none,0
0f6_pRAIJjI,UCg5WjzrwxRRUUDf7WHKPzsA,time,14,12.9375,27,31352.52,29578,39305.1052245646,0.797670423164278,confirmed,0.5562138327916234,15,9,none,0
bB_0_F7fLJw,UChFahjDeMBV67DSXiF5pwBA,time,14,13.7912,29,48790.47,50330,44987.03065137884,1.0845453206493536,confirmed,0.5907593535762363,15,14,none,0
HZy-Nz-a1MU,UCcQD9RunHRdJCWZFQRiuZCQ,time,2,2.7913,27,12684.05,10721,9554.17709087792,1.3275918692315596,early,,14,13,none,0
HZy-Nz-a1MU,UCcQD9RunHRdJCWZFQRiuZCQ,time,3,2.7913,27,12684.05,10721,9554.17709087792,1.3275918692315596,early,,14,13,none,0
HZy-Nz-a1MU,UCcQD9RunHRdJCWZFQRiuZCQ,time,5,4.7913,27,10151.93,10721,8810.945554537122,1.152194869102524,likely,0.2599362408141453,15,14,none,0
HZy-Nz-a1MU,UCcQD9RunHRdJCWZFQRiuZCQ,time,7,7.7913,27,11638.57,10721,8810.945554537122,1.3209216861847386,confirmed,0.2328935981902907,15,14,none,0
HZy-Nz-a1MU,UCcQD9RunHRdJCWZFQRiuZCQ,time,14,12.7913,27,11135.33,10721,8826.063244729614,1.261641794730972,confirmed,0.19407665096813273,15,13,none,0
NglpqOIQzlg,UCUpbDOT-OVNBlaQpb9pbd2w,time,5,5.6945,29,60459.41,54178,28450.865283448577,2.1250465165037205,likely,,15,15,none,0
NglpqOIQzlg,UCUpbDOT-OVNBlaQpb9pbd2w,time,7,6.6945,29,55576.99,54178,28018.343502408483,1.983593033603713,likely,0.27010480516733243,15,15,none,0
NglpqOIQzlg,UCUpbDOT-OVNBlaQpb9pbd2w,time,14,13.6945,29,57219.99,54178,25178.54643773524,2.272569237164781,confirmed,0.21073862063088206,15,15,none,0
P-bY4uFjSHw,UC5_SBQbLA9Kg7Jh5GpXoP3g,time,1,0.8328,28,7.85,57,728.9047630945834,0.010767651827616347,early,,8,7,none,0
P-bY4uFjSHw,UC5_SBQbLA9Kg7Jh5GpXoP3g,time,2,2.8328,28,60.52,57,348.5933235451148,0.17361127793973047,early,3.027530743451667,15,14,none,0
P-bY4uFjSHw,UC5_SBQbLA9Kg7Jh5GpXoP3g,time,3,2.8328,28,60.52,57,348.5933235451148,0.17361127793973047,early,3.027530743451667,15,14,none,0
P-bY4uFjSHw,UC5_SBQbLA9Kg7Jh5GpXoP3g,time,5,4.8328,28,54.75,57,330.5941944854411,0.16560879315722443,likely,1.98899093123687,15,12,none,0
P-bY4uFjSHw,UC5_SBQbLA9Kg7Jh5GpXoP3g,time,7,6.8328,28,51.85,57,349.1011054812489,0.1485352969890652,likely,1.6297012203176318,15,12,none,0
P-bY4uFjSHw,UC5_SBQbLA9Kg7Jh5GpXoP3g,time,14,13.8328,28,59.70,57,386.82415626073816,0.15433726040578286,confirmed,1.2505712355293148,15,12,none,0
BcJmDvnYF8Y,UCzV_hd9M_7UBEVrGLUJu-2Q,heldout,14,13.0831,28,5862.62,5932,8636.054986573288,0.6788541705666041,confirmed,0.10765585643048586,15,10,none,0
BcJmDvnYF8Y,UCzV_hd9M_7UBEVrGLUJu-2Q,time,14,13.0831,28,5862.62,5932,8636.054986573288,0.6788541705666041,confirmed,0.10765585643048586,15,10,none,0
VJJ3cdhNMQc,UCfyehHM_eo4g5JUyWmms2LA,time,5,5.8327,28,531139.18,473348,,,insufficient,,1,1,none,0
VJJ3cdhNMQc,UCfyehHM_eo4g5JUyWmms2LA,time,7,7.8327,28,451218.11,473348,397517.9381310075,1.1350886666368356,confirmed,0.17530650293520508,15,12,none,0
VJJ3cdhNMQc,UCfyehHM_eo4g5JUyWmms2LA,time,14,13.8327,28,477156.14,473348,391566.99999999977,1.21858108568292,confirmed,0.14651840464672053,15,9,none,0
xIskeMTcuYg,UCBWgT48azZkWSpw-iKMlBRw,time,5,5.6824,28,1383.02,1362,,,insufficient,,1,1,none,0
xIskeMTcuYg,UCBWgT48azZkWSpw-iKMlBRw,time,7,6.6824,28,1835.95,1362,,,insufficient,0.7604460837091803,1,1,none,0
xIskeMTcuYg,UCBWgT48azZkWSpw-iKMlBRw,time,14,13.6824,28,1465.94,1362,,,insufficient,0.3210631794297695,1,1,none,0
xGFLq5S44jU,UCGpsgNbzdF7BECCVbB1COHw,time,14,12.7077,28,3534.57,3629,7201.946676882771,0.4907801239679811,confirmed,0.12662498908706074,15,15,none,0
cBIZ6tCBAbw,UCbJ8oD5Gmh6CKv0GPpXpK8w,time,7,8.8562,27,17789.55,15364,77109.0717458646,0.23070627292196444,confirmed,,11,11,none,0
cBIZ6tCBAbw,UCbJ8oD5Gmh6CKv0GPpXpK8w,time,14,12.8562,27,16070.10,15364,83347.4625757188,0.19280846032617288,confirmed,0.13820829716136301,13,12,none,0
Y-3_H7jdOUk,UChh5m7TLxLv5qsvppqIXsWA,time,14,12.8474,27,3859.74,3745,349.9257522135485,11.030156931122205,confirmed,0.39827251603387326,15,14,none,0
zMrE7h-n6p0,UC3lJL1pUvQ2Ih2qZ-4ozrLw,time,5,6.9783,27,320.78,465,236.32328429983818,1.357389224199333,likely,,6,6,none,0
zMrE7h-n6p0,UC3lJL1pUvQ2Ih2qZ-4ozrLw,time,7,6.9783,27,320.78,465,236.32328429983818,1.357389224199333,likely,,6,6,none,0
zMrE7h-n6p0,UC3lJL1pUvQ2Ih2qZ-4ozrLw,time,14,14.9783,27,449.49,465,550.5227637324704,0.8164790655752541,confirmed,0.490133511030205,12,12,none,0
Sj8VlTGFBIs,UCpjlh0e319ksmoOD7bQFSiw,time,14,13.0826,28,11745.00,11681,43907.73219116527,0.26749274931496525,confirmed,,15,14,none,0
7yZK9SGBunA,UC710HJmp-YgNbE5BnFBRoeg,time,5,6.9251,27,90233.39,83420,,,insufficient,,0,0,none,0
7yZK9SGBunA,UC710HJmp-YgNbE5BnFBRoeg,time,7,6.9251,27,90233.39,83420,,,insufficient,,0,0,none,0
7yZK9SGBunA,UC710HJmp-YgNbE5BnFBRoeg,time,14,12.9251,27,78558.72,83420,,,insufficient,0.10466701482134899,0,0,none,0
dw9UTRj424o,UC9kUnVpufVjhTZHhxaKuHaA,time,14,14.9991,27,28702.85,49841,5443.186771690987,5.273170023183244,confirmed,,15,12,none,0
noyn12MBQKs,UCFs23bEpTlHJt1RVN0UWI3Q,time,7,7.8538,27,2259.37,2009,2901.5693183242693,0.7786720468025237,confirmed,,15,15,none,0
noyn12MBQKs,UCFs23bEpTlHJt1RVN0UWI3Q,time,14,12.8538,27,1959.04,2009,2848.348855851783,0.6877824876520015,confirmed,0.12266845025590875,15,15,none,0
WsxWpt-1WoI,UC8DqDLFZCni7Jkys3N3818w,time,5,4.8174,27,42.07,95,37.07432030189505,1.1348636971490806,likely,,6,6,none,0
WsxWpt-1WoI,UC8DqDLFZCni7Jkys3N3818w,time,7,6.8174,27,51.13,95,45.98779318130368,1.1117874643772498,likely,0.5987507004677219,6,6,none,0
WsxWpt-1WoI,UC8DqDLFZCni7Jkys3N3818w,time,14,12.8174,27,78.06,95,48.10104892849238,1.6228906634909928,confirmed,0.8012540060098736,6,6,none,0
_Zsmf18o8i4,UCUpbDOT-OVNBlaQpb9pbd2w,time,5,4.7446,28,14316.12,11035,30388.637020634073,0.4711010877064655,likely,,15,15,none,0
_Zsmf18o8i4,UCUpbDOT-OVNBlaQpb9pbd2w,time,7,6.7446,28,11840.54,11035,28652.83633532266,0.4132415179235509,likely,0.06100684774109259,15,15,none,0
_Zsmf18o8i4,UCUpbDOT-OVNBlaQpb9pbd2w,time,14,13.7446,28,11352.09,11035,25506.04122048512,0.44507465762993986,confirmed,0.03987374036646668,15,15,none,0
HNOpULzRT3M,UC6BW8DqrAmBEIeCtMa4bfBw,time,14,13.2522,28,2343.45,2189,3838.4592807856893,0.610518930479534,confirmed,,15,15,none,0
7QL71cJ83AY,UCcTiu6qN0sm433gR8wjoVCA,time,5,6.5236,29,1511.72,1334,,,insufficient,,1,1,none,0
7QL71cJ83AY,UCcTiu6qN0sm433gR8wjoVCA,time,7,6.5236,29,1511.72,1334,,,insufficient,,1,1,none,0
7QL71cJ83AY,UCcTiu6qN0sm433gR8wjoVCA,time,14,13.5236,29,1322.61,1334,,,insufficient,0.0971701752395135,1,1,none,0
WYkluiEAKpQ,UCaipqYFk8bhIs1Gyqmm_Yxg,time,1,1.0205,27,25444.60,28152,43185.040138405326,0.5891994948894346,early,1.711919632423187,15,14,none,0
WYkluiEAKpQ,UCaipqYFk8bhIs1Gyqmm_Yxg,time,2,2.0205,27,33615.16,28152,43356.49558124714,0.7753200426223713,early,1.3786183766697686,15,13,none,0
WYkluiEAKpQ,UCaipqYFk8bhIs1Gyqmm_Yxg,time,3,3.0205,27,34444.37,28152,43131.296755060444,0.798593503853529,likely,1.1526833334773334,15,13,none,0
WYkluiEAKpQ,UCaipqYFk8bhIs1Gyqmm_Yxg,time,5,5.0205,27,36348.06,28152,42957.72035153587,0.846135774263903,likely,1.0160994610884817,15,13,none,0
WYkluiEAKpQ,UCaipqYFk8bhIs1Gyqmm_Yxg,time,7,6.0205,27,34565.44,28152,42861.26500137805,0.806449442044342,likely,0.9707020948399918,15,13,none,0
WYkluiEAKpQ,UCaipqYFk8bhIs1Gyqmm_Yxg,time,14,15.0205,27,35384.98,28152,45367.5827682522,0.7799617521589075,confirmed,0.7519344374108748,15,12,none,0
Fsj9i8V8ay4,UC3_BakzLfadvFrsnClMFWmQ,heldout,2,2.1321,30,1216.78,679,881.8190893805036,1.379852912285933,early,,15,15,none,0
Fsj9i8V8ay4,UC3_BakzLfadvFrsnClMFWmQ,heldout,3,3.1321,30,825.99,679,831.798293458282,0.993019642739796,likely,0.027570881982250148,15,15,none,0
Fsj9i8V8ay4,UC3_BakzLfadvFrsnClMFWmQ,heldout,5,4.1321,30,757.11,679,804.5361914515225,0.9410541985969331,likely,0.033879969366759154,15,15,none,0
Fsj9i8V8ay4,UC3_BakzLfadvFrsnClMFWmQ,heldout,7,7.1321,30,735.21,679,781.6258273269625,0.9406181438899887,confirmed,0.023839202010271583,15,15,none,0
Fsj9i8V8ay4,UC3_BakzLfadvFrsnClMFWmQ,heldout,14,14.1321,30,648.32,679,738,0.8784794588837616,confirmed,0.0210685610722473,15,12,none,0
Xu4lfpvm2PA,UCbAlVnKhbGLK78GsSemQXxw,time,5,5.0132,27,1465.12,1378,11982.590772922216,0.12227076299572882,likely,0.05166586905711488,5,5,none,0
Xu4lfpvm2PA,UCbAlVnKhbGLK78GsSemQXxw,time,7,7.0132,27,1435.15,1378,11935.438227216922,0.12024278705922962,confirmed,0.05137912570080928,5,5,none,0
Xu4lfpvm2PA,UCbAlVnKhbGLK78GsSemQXxw,time,14,15.0132,27,1389.99,1378,12252.267966051848,0.11344746078023381,confirmed,0.04616371770795855,5,5,none,0
eDvE6T0Togo,UCll3zdukvI1oWlG-F13UCZw,heldout,1,1.0299,28,2230.38,1828,5888.500853185223,0.3787682307013033,early,,15,15,none,0
eDvE6T0Togo,UCll3zdukvI1oWlG-F13UCZw,heldout,2,1.0299,28,2230.38,1828,5888.500853185223,0.3787682307013033,early,,15,15,none,0
eDvE6T0Togo,UCll3zdukvI1oWlG-F13UCZw,heldout,3,3.0299,28,2541.16,1828,5818.015969642325,0.4367751456333729,likely,0.6539337851596654,15,15,none,0
eDvE6T0Togo,UCll3zdukvI1oWlG-F13UCZw,heldout,5,5.0299,28,2151.68,1828,5969.216221887396,0.3604622806900254,likely,0.4766900772246321,15,15,none,0
eDvE6T0Togo,UCll3zdukvI1oWlG-F13UCZw,heldout,7,7.0299,28,2123.79,1828,5937.463998658986,0.3576930699325006,confirmed,0.42794241463409816,15,15,none,0
eDvE6T0Togo,UCll3zdukvI1oWlG-F13UCZw,heldout,14,14.0299,28,1988.85,1828,5879.735267781912,0.3382543404699405,confirmed,0.3264091113286893,15,15,none,0
HDiDqaUU5oM,UC41S9MSkeQ1TWo1URYLeRuw,heldout,14,14.6699,31,4435.03,4206,5570.741051388543,0.7961288015989927,confirmed,,15,13,none,0
YyBrLCsE1Fo,UCJ1RVDuSiJncq6VQYiqpzLA,time,14,12.9992,28,515.09,503,1139.440127438116,0.452054257678065,confirmed,0.22913631728126402,15,15,none,0
2ezqMROXaqs,UC8qhCPBiqf3qje6CdDBjdgQ,time,5,5.0719,27,328.88,350,,,insufficient,0.11699238649176086,0,0,none,0
2ezqMROXaqs,UC8qhCPBiqf3qje6CdDBjdgQ,time,7,7.0719,27,331.78,350,,,insufficient,0.14032095162727634,0,0,none,0
2ezqMROXaqs,UC8qhCPBiqf3qje6CdDBjdgQ,time,14,15.0719,27,331.69,350,,,insufficient,0.10960548233780264,0,0,none,0
JIAnC9Cf7yg,UCHYoe8kQ-7Gn9ASOlmI0k6Q,time,7,7.6215,29,507196.57,546433,415983.40080893785,1.219271168037199,confirmed,,15,14,none,0
JIAnC9Cf7yg,UCHYoe8kQ-7Gn9ASOlmI0k6Q,time,14,13.6215,29,490589.06,546433,411589.54994409066,1.191937609009733,confirmed,0.21853406530474834,15,13,none,0
GRD0iWXan5s,UCU_n6cNknf6JlgnoVWEyTWw,time,14,14.0130,28,850.99,873,2201.4617841533814,0.3865578479802932,confirmed,0.11606570203081758,15,13,none,0
luJysbhW8jU,UCI0vQvr9aFn27yR6Ej6n5UA,time,5,6.2452,28,1102.53,937,956.1984992012156,1.1530373623615977,likely,,15,13,none,0
luJysbhW8jU,UCI0vQvr9aFn27yR6Ej6n5UA,time,7,7.2452,28,968.89,937,956.3096130080862,1.0131570548314146,confirmed,0.05297604121728289,15,13,none,0
luJysbhW8jU,UCI0vQvr9aFn27yR6Ej6n5UA,time,14,12.2452,28,927.70,937,957.9999999999998,0.9683670749752749,confirmed,0.0412538318769563,15,12,none,0
GwuxefNfx4U,UC2E4tXgSUeD5S9W6fGPoTsA,time,5,5.3953,28,527.96,510,,,insufficient,,1,1,none,0
GwuxefNfx4U,UC2E4tXgSUeD5S9W6fGPoTsA,time,7,7.3953,28,548.77,510,,,insufficient,0.3767916267068624,1,1,none,0
GwuxefNfx4U,UC2E4tXgSUeD5S9W6fGPoTsA,time,14,13.3953,28,528.50,510,,,insufficient,0.24097877361668893,1,1,none,0
ItYKt9t-Rj8,UCzUd3H_e_qWqs4dR4GxVHOQ,time,7,7.8360,27,6732.65,5990,4450.000000000001,1.5129544940337902,confirmed,,15,13,none,0
ItYKt9t-Rj8,UCzUd3H_e_qWqs4dR4GxVHOQ,time,14,12.8360,27,6175.53,5990,4450.000000000001,1.387759913769602,confirmed,0.1390497307335701,15,10,none,0
dBUnU7MwTDw,UCx0irbDsRLjMvEXaW56cqlQ,time,5,6.9994,27,6798.32,6501,5349,1.2709514943129154,likely,,15,13,none,0
dBUnU7MwTDw,UCx0irbDsRLjMvEXaW56cqlQ,time,7,6.9994,27,6798.32,6501,5349,1.2709514943129154,likely,,15,13,none,0
dBUnU7MwTDw,UCx0irbDsRLjMvEXaW56cqlQ,time,14,14.9994,27,7014.59,6501,5349,1.3113839436477503,confirmed,0.22188279332471433,15,11,none,0
B-ZXQcDEDAc,UCnSg7AKhnTGnac-3zGdv5Qg,time,14,13.9165,28,493.86,580,2192.9126171586176,0.22520710689635298,confirmed,0.2887996897175076,15,13,none,0
An1ZXDxgCZY,UC3_BakzLfadvFrsnClMFWmQ,time,1,0.0949,28,20393.72,686,768.137409982902,26.549566339931893,early,,14,14,none,0
An1ZXDxgCZY,UC3_BakzLfadvFrsnClMFWmQ,time,2,2.0949,28,949.02,686,791.4154859454322,1.1991447210498047,early,0.11206532219370448,15,15,none,0
An1ZXDxgCZY,UC3_BakzLfadvFrsnClMFWmQ,time,3,3.0949,28,823.48,686,781.2183858702529,1.0540939942646215,likely,0.08827857366159819,15,15,none,0
An1ZXDxgCZY,UC3_BakzLfadvFrsnClMFWmQ,time,5,5.0949,28,760.54,686,759.3954077858538,1.0015046179802007,likely,0.07752896400905994,15,15,none,0
An1ZXDxgCZY,UC3_BakzLfadvFrsnClMFWmQ,time,7,7.0949,28,739.62,686,745.501203102714,0.9921117443083753,confirmed,0.07027014821725358,15,15,none,0
An1ZXDxgCZY,UC3_BakzLfadvFrsnClMFWmQ,time,14,13.0949,28,654.83,686,709.6009880364259,0.9228075506713361,confirmed,0.059656994235581,15,12,none,0
STAUQ68Lui4,UC6BW8DqrAmBEIeCtMa4bfBw,time,14,14.3850,29,2525.42,2437,3989.4424689930324,0.6330269648359372,confirmed,,15,15,none,0
i3ZNdFRWNLI,UCUpbDOT-OVNBlaQpb9pbd2w,heldout,14,14.3912,30,65293.19,63397,26643.20320935653,2.4506508956349036,confirmed,0.05554188748623538,15,15,none,0
OjN2Ab_EqCQ,UCLFgO1aEI66fh06p6u6-juw,heldout,5,5.7913,30,8033.48,8958,14243.813794713002,0.5639976051608059,likely,,15,15,none,0
OjN2Ab_EqCQ,UCLFgO1aEI66fh06p6u6-juw,heldout,7,5.7913,30,8033.48,8958,14243.813794713002,0.5639976051608059,likely,,15,15,none,0
OjN2Ab_EqCQ,UCLFgO1aEI66fh06p6u6-juw,heldout,14,12.7913,30,7881.64,8958,14663.208426210569,0.5375112965937957,confirmed,0.24763932827387808,15,15,none,0
CoorirSMGto,UCuoxrRDDgk3UUnxR4tlkJYQ,time,3,3.9010,28,14216.39,19156,7415.0000000000055,1.9172476957564435,likely,,11,9,none,0
CoorirSMGto,UCuoxrRDDgk3UUnxR4tlkJYQ,time,5,4.9010,28,12179.24,19156,8784.35012521924,1.386470223941572,likely,0.3673407910109432,15,13,none,0
CoorirSMGto,UCuoxrRDDgk3UUnxR4tlkJYQ,time,7,6.9010,28,15815.34,19156,8786.491584312404,1.7999602655405875,likely,0.5207795446037765,15,13,none,0
CoorirSMGto,UCuoxrRDDgk3UUnxR4tlkJYQ,time,14,13.9010,28,21163.82,19156,8810.257850874425,2.4021790626003394,confirmed,0.569305401571943,15,11,none,0
zvCZANVXaKw,UCx6yJsJ8qmJu7ja-hTQglRA,time,1,0.9868,27,9810.29,21937,10434.894429168244,0.9401424254640679,early,,15,13,none,0
zvCZANVXaKw,UCx6yJsJ8qmJu7ja-hTQglRA,time,2,1.9868,27,15438.41,21937,10739.605811843023,1.4375214325646921,early,1.230401510389345,15,13,none,0
zvCZANVXaKw,UCx6yJsJ8qmJu7ja-hTQglRA,time,3,2.9868,27,19143.69,21937,10739.605811843023,1.782531737123964,early,1.1154012386588983,15,13,none,0
zvCZANVXaKw,UCx6yJsJ8qmJu7ja-hTQglRA,time,5,4.9868,27,29495.28,21937,11004.048904501817,2.6804021088310743,likely,1.249551566670998,15,13,none,0
zvCZANVXaKw,UCx6yJsJ8qmJu7ja-hTQglRA,time,7,7.9868,27,30585.66,21937,11270.896596155202,2.7136848468471615,confirmed,1.0160600742994543,15,13,none,0
zvCZANVXaKw,UCx6yJsJ8qmJu7ja-hTQglRA,time,14,14.9868,27,27629.78,21937,11601.099635342642,2.3816516718271474,confirmed,0.7819879872905935,15,12,none,0
npqG2OZXxek,UCFY0YHhxiIQWYYsLgeUBcbg,time,14,13.8322,28,110408.58,118352,99894.77419809735,1.105248787905238,confirmed,0.4464088319320072,15,14,none,0
Y_qcWAmmwVU,UCI8gcSTo1FowsRJdilsjsZw,time,1,0.8075,29,46191.58,24615,36263.7893750629,1.2737660641520638,early,,13,13,none,0
Y_qcWAmmwVU,UCI8gcSTo1FowsRJdilsjsZw,time,2,1.8075,29,36178.72,24615,38806.79213017661,0.932278015146498,early,0.550157814913589,14,14,none,0
Y_qcWAmmwVU,UCI8gcSTo1FowsRJdilsjsZw,time,3,2.8075,29,31751.28,24615,35146.95138351869,0.9033864577968258,early,0.3671681967372295,15,15,none,0
Y_qcWAmmwVU,UCI8gcSTo1FowsRJdilsjsZw,time,5,4.8075,29,27182.95,24615,35031.34219576493,0.7759609353990976,likely,0.25597717121092356,15,15,none,0
Y_qcWAmmwVU,UCI8gcSTo1FowsRJdilsjsZw,time,7,6.8075,29,26532.65,24615,34512.416152176695,0.768785507081128,likely,0.21182668702033539,15,15,none,0
Y_qcWAmmwVU,UCI8gcSTo1FowsRJdilsjsZw,time,14,13.8075,29,26569.81,24615,34780.70540309282,0.7639237169137723,confirmed,0.15405135965751157,15,15,none,0
pFxmj3nAKew,UCyO9K3_tU2OTrNljdHm7L_g,time,14,14.0406,29,3691.60,3815,3010.193097235506,1.226367419125475,confirmed,,15,14,none,0
0VgQWEBi1zs,UCqvXGJXKeLCm6zg-JagDdzQ,time,1,1.8284,27,8814.19,6262,7407.501085441263,1.1899012387882248,early,,15,15,none,0
0VgQWEBi1zs,UCqvXGJXKeLCm6zg-JagDdzQ,time,2,1.8284,27,8814.19,6262,7407.501085441263,1.1899012387882248,early,,15,15,none,0
0VgQWEBi1zs,UCqvXGJXKeLCm6zg-JagDdzQ,time,3,2.8284,27,6389.18,6262,7407.501085441263,0.8625284554216253,early,0.24199740528636682,15,15,none,0
0VgQWEBi1zs,UCqvXGJXKeLCm6zg-JagDdzQ,time,5,4.8284,27,6190.51,6262,7360.81675257837,0.8410079375135664,likely,0.19063766850621844,15,15,none,0
0VgQWEBi1zs,UCqvXGJXKeLCm6zg-JagDdzQ,time,7,6.8284,27,6439.44,6262,7360.81675257837,0.8748265717764828,likely,0.20886092970390252,15,15,none,0
0VgQWEBi1zs,UCqvXGJXKeLCm6zg-JagDdzQ,time,14,12.8284,27,6652.25,6262,7282.2907429031,0.9134827477607892,confirmed,0.16245046635070964,15,13,none,0
U65_yCel5iM,UCnwlWgbcxwpsnB7LtOL1kPg,time,14,12.7395,27,4571.51,4154,7343.455302705155,0.6225280417559066,confirmed,,15,15,none,0
ygqu_w6P5Mk,UCUct4nBOq47nXbHtq7p8eUA,time,7,7.7187,28,21054.20,19330,14327.554050171533,1.4694905250175492,confirmed,,12,11,none,0
ygqu_w6P5Mk,UCUct4nBOq47nXbHtq7p8eUA,time,14,12.7187,28,17940.29,19330,13342.12501573209,1.3446348696558714,confirmed,0.08272429394867672,15,14,none,0
ijtin-5wYY8,UCUZng4iHwYU90FLdaEkiiMA,time,3,3.8325,29,17160.02,12370,12186.713562190045,1.4080925845391314,likely,,15,14,none,0
ijtin-5wYY8,UCUZng4iHwYU90FLdaEkiiMA,time,5,4.8325,29,12515.76,12370,12125.864188032527,1.0321541140719266,likely,0.09149870265190603,15,14,none,0
ijtin-5wYY8,UCUZng4iHwYU90FLdaEkiiMA,time,7,6.8325,29,12423.64,12370,12013.337811259713,1.0341539128803874,likely,0.09357692842536451,15,13,none,0
ijtin-5wYY8,UCUZng4iHwYU90FLdaEkiiMA,time,14,13.8325,29,12367.89,12370,11808.000000000004,1.0474164461158388,confirmed,0.09111426922118483,15,10,none,0
HvKOs2PsmNI,UCJS9pqu9BzkAMNTmzNMNhvg,time,14,13.8102,27,1939.56,1875,2486.999999999999,0.7798800337095364,confirmed,,15,11,none,0
h2eURoPn7uU,UCzaZ1sPWEuZN-I8_XT6AH8g,time,14,14.9159,29,15802.92,17385,14163.497158570128,1.1157495306689762,confirmed,0.3534579725517043,15,14,none,0
k1L27EjTYEo,UCvnSyOfwtn7J14CYRbCaveQ,time,14,12.8323,27,33128.43,32633,29095.929320404717,1.1385931240269578,confirmed,0.35460157580830465,15,13,none,0
tjWNpax8ndw,UCka3KDW7ykrJd6aCd7TI6fA,time,14,14.9987,27,396.12,483,565.5247335498314,0.7004526312841247,confirmed,,15,14,none,0
jZTtx24pQ6c,UCoNTMWgGuXtGPLv9UeJZwBw,heldout,5,6.6667,31,455892.81,533130,332846.8867318904,1.3696772484363429,likely,,15,15,none,0
jZTtx24pQ6c,UCoNTMWgGuXtGPLv9UeJZwBw,heldout,7,6.6667,31,455892.81,533130,332846.8867318904,1.3696772484363429,likely,,15,15,none,0
jZTtx24pQ6c,UCoNTMWgGuXtGPLv9UeJZwBw,heldout,14,13.6667,31,474258.20,533130,333192.83796828095,1.4233745326927223,confirmed,0.24970490768879883,15,14,none,0
RHb2kwaeTi4,UC2OjGgjNiqyLr_1qkqAwsUQ,time,14,13.7650,29,15949.11,15476,10351.959100966189,1.5406851436357765,confirmed,0.012052241101526648,15,13,none,0
gt3EQcfzroE,UCLVGBWZrAniy5r767EXaR8A,time,1,0.8190,29,1113.04,972,701.9440774798749,1.5856464369189684,early,,15,10,none,0
gt3EQcfzroE,UCLVGBWZrAniy5r767EXaR8A,time,2,1.8190,29,1365.62,972,694.0065109741483,1.967738006770675,early,0.8825904210221929,15,10,none,0
gt3EQcfzroE,UCLVGBWZrAniy5r767EXaR8A,time,3,2.8190,29,1335.60,972,685.9659505184344,1.9470359352795974,early,0.6297731412173835,15,8,none,0
gt3EQcfzroE,UCLVGBWZrAniy5r767EXaR8A,time,5,4.8190,29,1060.48,972,667.4462489179411,1.5888570003494573,likely,0.43829179630589454,15,5,none,0
gt3EQcfzroE,UCLVGBWZrAniy5r767EXaR8A,time,7,6.8190,29,1012.83,972,653.5262732298178,1.5497971265473707,likely,0.37136992494439,15,3,none,0
gt3EQcfzroE,UCLVGBWZrAniy5r767EXaR8A,time,14,13.8190,29,962.92,972,627.0077995176074,1.5357407108614882,confirmed,0.2872043172204474,15,2,none,0
7IdJ0_taonw,UC9vUu4vlIlMC0dHQCTvQPbg,heldout,5,6.8245,29,60513.00,58053,,,insufficient,,0,0,none,0
7IdJ0_taonw,UC9vUu4vlIlMC0dHQCTvQPbg,time,5,6.8245,29,60513.00,58053,,,insufficient,,0,0,none,0
7IdJ0_taonw,UC9vUu4vlIlMC0dHQCTvQPbg,heldout,7,6.8245,29,60513.00,58053,,,insufficient,,0,0,none,0
7IdJ0_taonw,UC9vUu4vlIlMC0dHQCTvQPbg,time,7,6.8245,29,60513.00,58053,,,insufficient,,0,0,none,0
7IdJ0_taonw,UC9vUu4vlIlMC0dHQCTvQPbg,heldout,14,13.8245,29,57197.13,58053,,,insufficient,0.14455661842970122,0,0,none,0
7IdJ0_taonw,UC9vUu4vlIlMC0dHQCTvQPbg,time,14,13.8245,29,57197.13,58053,,,insufficient,0.14455661842970122,0,0,none,0
rMrvu2Ka40w,UCUccYwZMnNshyTFTtUTqijA,time,14,14.9888,27,16.64,16,21.79095526404256,0.7637955938490907,confirmed,,13,13,none,0
v9DQJaDntz4,UCfk2tHbUwraPERg3Q4fQM5w,time,5,5.9368,28,21.72,19,,,insufficient,,0,0,none,0
v9DQJaDntz4,UCfk2tHbUwraPERg3Q4fQM5w,time,7,7.9368,28,20.43,19,,,insufficient,0.2393037083228545,0,0,none,0
v9DQJaDntz4,UCfk2tHbUwraPERg3Q4fQM5w,time,14,13.9368,28,19.59,19,,,insufficient,0.15356553190967512,0,0,none,0
Wjyut4PVTKg,UC-b3c7kxa5vU-bnmaROgvog,time,5,4.9371,27,8752.81,11234,,,insufficient,,1,1,none,0
Wjyut4PVTKg,UC-b3c7kxa5vU-bnmaROgvog,time,7,6.9371,27,10370.83,11234,,,insufficient,0.5223211292406602,1,1,none,0
Wjyut4PVTKg,UC-b3c7kxa5vU-bnmaROgvog,time,14,12.9371,27,10822.01,11234,,,insufficient,0.4223124870945328,1,1,none,0
2NcuCTnkGk8,UCtKKlsOLiQWeu_slHMhjvRw,time,14,13.5937,27,240.53,247,328.6361709211022,0.7319171607921049,confirmed,0.1552605722186277,15,12,none,0
z_P7yAHeC4I,UCrzsbcwbAhyxizIs2szrQRA,time,1,1.8737,27,10475.14,14535,9302.923487080776,1.1260049197088413,early,,15,15,none,0
z_P7yAHeC4I,UCrzsbcwbAhyxizIs2szrQRA,time,2,1.8737,27,10475.14,14535,9302.923487080776,1.1260049197088413,early,,15,15,none,0
z_P7yAHeC4I,UCrzsbcwbAhyxizIs2szrQRA,time,3,2.8737,27,8679.59,14535,9302.923487080776,0.932995528695273,early,0.4105044519723122,15,15,none,0
z_P7yAHeC4I,UCrzsbcwbAhyxizIs2szrQRA,time,5,4.8737,27,10592.45,14535,9434.933784788329,1.1226838030989128,likely,0.43492943337114787,15,15,none,0
z_P7yAHeC4I,UCrzsbcwbAhyxizIs2szrQRA,time,7,6.8737,27,13518.69,14535,9434.933784788329,1.4328337920760494,likely,0.5511874263598306,15,15,none,0
z_P7yAHeC4I,UCrzsbcwbAhyxizIs2szrQRA,time,14,12.8737,27,15611.29,14535,9745.785898550208,1.6018502487165966,confirmed,0.5033847286778148,15,14,none,0
L1CPbmWfrhA,UCsRJksZpHms1C3xBEleSkFw,time,14,14.6061,29,83.22,81,217.1488606116312,0.38323561932488576,confirmed,,8,6,none,0
UIjuml-y59I,UCAub01nC6godaiC7iI9kasw,heldout,0.5,0.6664,28,25105.03,20060,10321.97217017019,2.4321933299393006,early,,15,13,none,0
UIjuml-y59I,UCAub01nC6godaiC7iI9kasw,time,0.5,0.6664,28,25105.03,20060,10321.97217017019,2.4321933299393006,early,,15,13,none,0
UIjuml-y59I,UCAub01nC6godaiC7iI9kasw,heldout,1,0.6664,28,25105.03,20060,10321.97217017019,2.4321933299393006,early,,15,13,none,0
UIjuml-y59I,UCAub01nC6godaiC7iI9kasw,time,1,0.6664,28,25105.03,20060,10321.97217017019,2.4321933299393006,early,,15,13,none,0
UIjuml-y59I,UCAub01nC6godaiC7iI9kasw,heldout,2,2.6664,28,18697.02,20060,10247.396995122916,1.8245627059004195,early,0.44855540114408765,15,12,none,0
UIjuml-y59I,UCAub01nC6godaiC7iI9kasw,time,2,2.6664,28,18697.02,20060,10247.396995122916,1.8245627059004195,early,0.44855540114408765,15,12,none,0
UIjuml-y59I,UCAub01nC6godaiC7iI9kasw,heldout,3,2.6664,28,18697.02,20060,10247.396995122916,1.8245627059004195,early,0.44855540114408765,15,12,none,0
UIjuml-y59I,UCAub01nC6godaiC7iI9kasw,time,3,2.6664,28,18697.02,20060,10247.396995122916,1.8245627059004195,early,0.44855540114408765,15,12,none,0
UIjuml-y59I,UCAub01nC6godaiC7iI9kasw,heldout,5,4.6664,28,18993.50,20060,10222.113868261178,1.8580790789819217,likely,0.35957262681277624,15,12,none,0
UIjuml-y59I,UCAub01nC6godaiC7iI9kasw,time,5,4.6664,28,18993.50,20060,10222.113868261178,1.8580790789819217,likely,0.35957262681277624,15,12,none,0
UIjuml-y59I,UCAub01nC6godaiC7iI9kasw,heldout,7,6.6664,28,23316.07,20060,10208.776662036998,2.28392363902651,likely,0.336450432066204,15,12,none,0
UIjuml-y59I,UCAub01nC6godaiC7iI9kasw,time,7,6.6664,28,23316.07,20060,10208.776662036998,2.28392363902651,likely,0.336450432066204,15,12,none,0
UIjuml-y59I,UCAub01nC6godaiC7iI9kasw,heldout,14,12.6664,28,19635.75,20060,10185.322122825422,1.927847524295825,confirmed,0.28445006888393387,15,11,none,0
UIjuml-y59I,UCAub01nC6godaiC7iI9kasw,time,14,12.6664,28,19635.75,20060,10185.322122825422,1.927847524295825,confirmed,0.28445006888393387,15,11,none,0
Iz8KyTqsGDM,UCsqg_qOYNGPqY52SsJ_gMxQ,heldout,0.5,0.5216,30,199.54,660,396.7848103000632,0.5028914581061842,early,,13,9,none,0
Iz8KyTqsGDM,UCsqg_qOYNGPqY52SsJ_gMxQ,heldout,1,0.5216,30,199.54,660,396.7848103000632,0.5028914581061842,early,,13,9,none,0
Iz8KyTqsGDM,UCsqg_qOYNGPqY52SsJ_gMxQ,heldout,7,7.5216,30,721.09,660,457.4242606443928,1.5764192550030525,confirmed,1.1165891002725707,15,8,none,0
Iz8KyTqsGDM,UCsqg_qOYNGPqY52SsJ_gMxQ,heldout,14,13.5216,30,749.26,660,492.67026556678763,1.520816055655802,confirmed,0.9217971144752019,15,8,none,0
nv7R32VmKFU,UCOkISdoa50NuCsMYwy4uW9g,time,14,14.1041,28,2428.43,2386,2413.734111713871,1.006087186582729,confirmed,0.3485642116417452,15,14,none,0
i6r0a1H0UEQ,UCvIBHWtafirbX5GQmjXPIzw,heldout,5,4.8216,29,13196.40,12591,17297.50002482049,0.7629079725796737,likely,,15,11,none,0
i6r0a1H0UEQ,UCvIBHWtafirbX5GQmjXPIzw,heldout,7,7.8216,29,11547.34,12591,17307.70321243278,0.6671791558441853,confirmed,0.17946860543675688,15,11,none,0
i6r0a1H0UEQ,UCvIBHWtafirbX5GQmjXPIzw,heldout,14,13.8216,29,12326.37,12591,17267.86661668873,0.7138327540570473,confirmed,0.19852199007802973,15,10,none,0
Lzz0TA7RBlA,UC-BlDCX__nCLs_ZF9meYQbw,time,5,5.5973,27,5694.96,4730,,,insufficient,,0,0,none,0
Lzz0TA7RBlA,UC-BlDCX__nCLs_ZF9meYQbw,time,7,6.5973,27,4721.01,4730,,,insufficient,0.14540987260307178,0,0,none,0
Lzz0TA7RBlA,UC-BlDCX__nCLs_ZF9meYQbw,time,14,13.5973,27,4743.17,4730,,,insufficient,0.10916180588518645,0,0,none,0
kzestjld8Ng,UCEh_IoMVGA7NPsx6-2H8Bqw,time,14,14.1689,29,1077.99,1064,1195.7636777302005,0.9015098382608803,confirmed,0.04235900123329879,15,14,none,0
ipwaK2kBFm8,UCsvqVGtbbyHaMoevxPAq9Fg,time,7,8.0202,27,1274.29,1036,3493.0225370168,0.3648102000756105,confirmed,,15,15,none,0
ipwaK2kBFm8,UCsvqVGtbbyHaMoevxPAq9Fg,time,14,13.0202,27,1063.48,1036,3232.62988404715,0.32898330999765596,confirmed,0.03788397580575466,15,15,none,0
Fp_LZ3oxGP8,UCso1B56GyEtnhn2OPENKXoQ,time,14,14.6461,28,129.82,117,179.2004512600983,0.7244508420338225,confirmed,,12,12,none,0
M8-hIfEm6iM,UCgYej_4CT6jSRViJrJbDXHw,time,14,13.0829,28,1199.27,1282,2197.5550313919675,0.5457278127485125,confirmed,0.11384224921841664,15,14,none,0
sOseXZeEYyI,UCwrXi5ZknKThspJc-Gai04g,time,14,13.5624,29,8062.80,8420,38443.06300376155,0.2097335984969212,confirmed,0.19631433260915604,15,13,none,0
BSGJH9b_N3A,UC7geKfz2-IH0rsgRBtHTm0g,time,2,2.8124,27,2946.82,4359,7827.3389187897665,0.3764772561138832,early,,12,12,none,0
BSGJH9b_N3A,UC7geKfz2-IH0rsgRBtHTm0g,time,3,2.8124,27,2946.82,4359,7827.3389187897665,0.3764772561138832,early,,12,12,none,0
BSGJH9b_N3A,UC7geKfz2-IH0rsgRBtHTm0g,time,5,4.8124,27,6467.72,4359,6611.121952240681,0.9783086761684867,likely,1.5414266474096807,15,14,none,0
BSGJH9b_N3A,UC7geKfz2-IH0rsgRBtHTm0g,time,7,6.8124,27,5998.84,4359,6713.472718672399,0.8935525543646907,likely,0.9668783139381695,15,13,none,0
BSGJH9b_N3A,UC7geKfz2-IH0rsgRBtHTm0g,time,14,12.8124,27,5058.97,4359,6838.000000000005,0.7398317330536135,confirmed,0.6024983167265485,15,12,none,0
-P0Lx1-jIXo,UCSPh1bFTdDalKnZPgQoOYUg,time,3,3.7035,28,6011.50,4708,8642.001140058059,0.6956146687977816,likely,,14,14,none,0
-P0Lx1-jIXo,UCSPh1bFTdDalKnZPgQoOYUg,time,5,4.7035,28,4475.30,4708,8642.001140058059,0.517854360827522,likely,0.1955712077673893,15,15,none,0
-P0Lx1-jIXo,UCSPh1bFTdDalKnZPgQoOYUg,time,7,6.7035,28,4601.96,4708,8654.55936228122,0.5317382940265372,likely,0.20467170462560136,15,15,none,0
-P0Lx1-jIXo,UCSPh1bFTdDalKnZPgQoOYUg,time,14,13.7035,28,4891.23,4708,8757.000000000004,0.5585508748656168,confirmed,0.15319387827426886,15,12,none,0
eCx_AycNMHE,UCB5Nin2VBUeNLqamqEVh-2A,heldout,0.5,0.4967,30,3616.27,2179,46228.31140572931,0.07822637413838915,early,,13,12,none,0
eCx_AycNMHE,UCB5Nin2VBUeNLqamqEVh-2A,heldout,1,0.4967,30,3616.27,2179,46228.31140572931,0.07822637413838915,early,,13,12,none,0
eCx_AycNMHE,UCB5Nin2VBUeNLqamqEVh-2A,heldout,5,5.4967,30,2322.40,2179,45041.85956716654,0.051561026343277534,likely,0.29707716966095854,15,14,none,0
eCx_AycNMHE,UCB5Nin2VBUeNLqamqEVh-2A,heldout,7,6.4967,30,2274.60,2179,45148.85518143541,0.050380096442888496,likely,0.294405882175522,15,14,none,0
eCx_AycNMHE,UCB5Nin2VBUeNLqamqEVh-2A,heldout,14,14.4967,30,2318.46,2179,46250.71037115844,0.05012805361028354,confirmed,0.24221510364367183,15,13,none,0
8jMVUrVXE5I,UC1AK451J7bKkJRq2qkJEv4w,time,0.5,0.5831,29,297.77,364,198,1.503912207086239,early,,12,7,none,0
8jMVUrVXE5I,UC1AK451J7bKkJRq2qkJEv4w,time,1,0.5831,29,297.77,364,198,1.503912207086239,early,,12,7,none,0
8jMVUrVXE5I,UC1AK451J7bKkJRq2qkJEv4w,time,2,1.5831,29,217.11,364,198,1.096519759310457,early,0.6751684091526956,12,7,none,0
8jMVUrVXE5I,UC1AK451J7bKkJRq2qkJEv4w,time,3,2.5831,29,229.88,364,198,1.160995263374254,early,0.6354244055631983,12,7,none,0
8jMVUrVXE5I,UC1AK451J7bKkJRq2qkJEv4w,time,5,4.5831,29,286.76,364,198,1.4482760279864315,likely,0.6315111352917163,12,6,none,0
8jMVUrVXE5I,UC1AK451J7bKkJRq2qkJEv4w,time,7,6.5831,29,307.94,364,198,1.555235954065191,likely,0.570272461621927,12,5,none,0
8jMVUrVXE5I,UC1AK451J7bKkJRq2qkJEv4w,time,14,13.5831,29,355.29,364,198,1.7943871070766542,confirmed,0.494765471283767,12,5,none,0
GcdPwJvIfnk,UC6BW8DqrAmBEIeCtMa4bfBw,time,14,13.1835,27,4339.60,3938,3761.3558617490953,1.1537336267108844,confirmed,,15,15,none,0
pZOUOiV2DM0,UCeYUHG6o0YguM-g23htdsSw,heldout,5,6.0824,30,777.96,848,712.2043699602677,1.092328518168106,likely,,12,11,none,0
pZOUOiV2DM0,UCeYUHG6o0YguM-g23htdsSw,heldout,7,7.0824,30,691.12,848,731.9999999999998,0.9441540903581228,confirmed,0.1340100383663657,15,12,none,0
pZOUOiV2DM0,UCeYUHG6o0YguM-g23htdsSw,heldout,14,14.0824,30,771.67,848,731.9999999999998,1.0541931068806774,confirmed,0.1860104089258037,15,9,none,0
inqWcd7tz4g,UC0QHWhjbe5fGJEPz3sVb6nw,time,1,0.8311,28,89667.56,123982,949659.1126899023,0.09442078136573566,early,,15,9,none,0
inqWcd7tz4g,UC0QHWhjbe5fGJEPz3sVb6nw,time,2,1.8311,28,99947.34,123982,950483.4688831669,0.1051542115157658,early,0.8354494288794263,15,9,none,0
inqWcd7tz4g,UC0QHWhjbe5fGJEPz3sVb6nw,time,3,2.8311,28,106627.27,123982,948003.0506919422,0.1124756653194988,early,0.7773888857316051,15,8,none,0
inqWcd7tz4g,UC0QHWhjbe5fGJEPz3sVb6nw,time,5,4.8311,28,110904.23,123982,947523.6662976336,0.11704639170247812,likely,0.6300078615157565,15,8,none,0
inqWcd7tz4g,UC0QHWhjbe5fGJEPz3sVb6nw,time,7,6.8311,28,111363.73,123982,949465.5478805449,0.11729096613181768,likely,0.5883556515898417,15,7,none,0
inqWcd7tz4g,UC0QHWhjbe5fGJEPz3sVb6nw,time,14,13.8311,28,132765.55,123982,956760.0000000006,0.1387657861584261,confirmed,0.528557407039857,15,5,none,0
pOWnUoNDGdo,UCnwAlhoB5rVhh6y5P96RXAw,time,1,0.9570,29,6375.60,93184,75204.5264203898,0.08477684721514625,early,,15,15,none,0
pOWnUoNDGdo,UCnwAlhoB5rVhh6y5P96RXAw,time,2,1.9570,29,4741.97,93184,79737.21576136649,0.059469960105444405,early,0.3225929981382566,15,15,none,0
pOWnUoNDGdo,UCnwAlhoB5rVhh6y5P96RXAw,time,3,2.9570,29,6137.63,93184,83984.87696669903,0.07308020553932947,early,0.5154162602380031,15,15,none,0
pOWnUoNDGdo,UCnwAlhoB5rVhh6y5P96RXAw,time,5,4.9570,29,6149.43,93184,84793.00000000001,0.07252281825771355,likely,0.4660674666141018,15,14,none,0
pOWnUoNDGdo,UCnwAlhoB5rVhh6y5P96RXAw,time,7,6.9570,29,10467.89,93184,84793.00000000001,0.12345234211140609,likely,0.5499764184657119,15,12,none,0
pOWnUoNDGdo,UCnwAlhoB5rVhh6y5P96RXAw,time,14,13.9570,29,17947.36,93184,104714.6676121161,0.1713929595355598,confirmed,0.7669114107171454,15,9,none,0
v1xUWEU2HFA,UCS7BAYpqOSaYy-pZp6oO4PA,time,14,13.9570,30,10279.28,10556,14164.214083883471,0.7257220513912009,confirmed,0.08005127770583496,15,15,none,0
Jjlgh9ysvYE,UCJP9OOLkOzsXbb_Bo_kqjTw,heldout,2,2.9477,31,6201.05,5730,26587.367744999796,0.2332331169117536,early,,15,11,none,0
Jjlgh9ysvYE,UCJP9OOLkOzsXbb_Bo_kqjTw,heldout,3,2.9477,31,6201.05,5730,26587.367744999796,0.2332331169117536,early,,15,11,none,0
Jjlgh9ysvYE,UCJP9OOLkOzsXbb_Bo_kqjTw,heldout,5,5.9477,31,6134.87,5730,26922.00000000001,0.22787571004460974,likely,0.37528872904528193,15,10,none,0
Jjlgh9ysvYE,UCJP9OOLkOzsXbb_Bo_kqjTw,heldout,7,6.9477,31,6255.50,5730,26922.00000000001,0.23235654668530792,likely,0.33255690408398014,15,10,none,0
Jjlgh9ysvYE,UCJP9OOLkOzsXbb_Bo_kqjTw,heldout,14,13.9477,31,5725.35,5730,26922.00000000001,0.2126641793650872,confirmed,0.2280346295349058,15,6,none,0
eI1SB9ZG1VA,UCat0LyGytYMwfZEPbO_rOrA,heldout,14,12.7924,27,260.17,254,2169.2569894482476,0.11993479704866382,confirmed,0.025481593312747873,15,15,none,0
eI1SB9ZG1VA,UCat0LyGytYMwfZEPbO_rOrA,time,14,12.7924,27,260.17,254,2169.2569894482476,0.11993479704866382,confirmed,0.025481593312747873,15,15,none,0
Dd9XvEzvGQM,UCbAlVnKhbGLK78GsSemQXxw,heldout,5,5.6595,27,8313.07,7001,,,insufficient,,2,2,none,0
Dd9XvEzvGQM,UCbAlVnKhbGLK78GsSemQXxw,time,5,5.6595,27,8313.07,7001,,,insufficient,,2,2,none,0
Dd9XvEzvGQM,UCbAlVnKhbGLK78GsSemQXxw,heldout,7,6.6595,27,6892.47,7001,,,insufficient,0.1478355370416324,2,2,none,0
Dd9XvEzvGQM,UCbAlVnKhbGLK78GsSemQXxw,time,7,6.6595,27,6892.47,7001,,,insufficient,0.1478355370416324,2,2,none,0
Dd9XvEzvGQM,UCbAlVnKhbGLK78GsSemQXxw,heldout,14,13.6595,27,6933.36,7001,,,insufficient,0.11163562324977228,2,2,none,0
Dd9XvEzvGQM,UCbAlVnKhbGLK78GsSemQXxw,time,14,13.6595,27,6933.36,7001,,,insufficient,0.11163562324977228,2,2,none,0
ckCPYDABQNI,UChISHLovxnSLP0w81NEQj5w,time,14,13.3211,28,5963.17,5763,17197.318170573202,0.3467497337360193,confirmed,0,15,15,none,0
dnmJ7alN1Yo,UCglNXzBo6bmKc9otKf-OuGQ,time,14,12.7136,27,2204.89,2399,9725.02407162249,0.226723824258058,confirmed,0.37448848475798535,15,15,none,0
KC91DOOV4oU,UCI8gcSTo1FowsRJdilsjsZw,heldout,3,3.9996,30,114277.49,91789,45752.96846611087,2.4977065442488326,likely,,15,15,none,0
KC91DOOV4oU,UCI8gcSTo1FowsRJdilsjsZw,heldout,5,3.9996,30,114277.49,91789,45752.96846611087,2.4977065442488326,likely,,15,15,none,0
KC91DOOV4oU,UCI8gcSTo1FowsRJdilsjsZw,heldout,14,15.9996,30,96685.05,91789,47956.61659968616,2.0160941597345543,confirmed,0.17458916314389789,15,15,none,0
qIM9ZqWk13E,UCGpsgNbzdF7BECCVbB1COHw,time,14,13.7696,28,8514.07,8236,6798.74242148894,1.2523006307558142,confirmed,0.00858747039514102,15,15,none,0
71RtGmmLIHI,UCGpsgNbzdF7BECCVbB1COHw,time,7,8.1501,27,3719.31,2949,5474.163440159935,0.6794300224619586,confirmed,,9,9,none,0
71RtGmmLIHI,UCGpsgNbzdF7BECCVbB1COHw,time,14,15.1501,27,3053.62,2949,6634.1371637871725,0.460289199556465,confirmed,0.0005975421414577302,15,15,none,0
3m6Fm0nXaMQ,UCacg8HOfIUfFSUl2qk5m1sA,time,3,3.4928,28,10297.92,9090,6158.999999999998,1.6720123470875232,likely,,15,12,none,0
3m6Fm0nXaMQ,UCacg8HOfIUfFSUl2qk5m1sA,time,5,5.4928,28,7963.95,9090,6158.999999999998,1.293059271202864,likely,0.20581962165105697,15,12,none,0
3m6Fm0nXaMQ,UCacg8HOfIUfFSUl2qk5m1sA,time,7,7.4928,28,9019.11,9090,6158.999999999998,1.4643789558664384,confirmed,0.23447552845452355,15,11,none,0
3m6Fm0nXaMQ,UCacg8HOfIUfFSUl2qk5m1sA,time,14,13.4928,28,8778.96,9090,6158.999999999998,1.4253877812196045,confirmed,0.1889175880903962,15,8,none,0
uGuOxIClhGY,UCUynOuMTPXvUrTpcFWQ_qDA,time,1,0.9583,27,1722.80,2167,1072.7316894841927,1.6059935394522236,early,,6,4,none,0
uGuOxIClhGY,UCUynOuMTPXvUrTpcFWQ_qDA,time,2,1.9583,27,2159.24,2167,1074.6077718420204,2.0093288044701403,early,0.7601624600711199,6,4,none,0
uGuOxIClhGY,UCUynOuMTPXvUrTpcFWQ_qDA,time,3,2.9583,27,1880.46,2167,1090.2361018903102,1.7248208239880678,early,0.6565150975588808,6,3,none,0
uGuOxIClhGY,UCUynOuMTPXvUrTpcFWQ_qDA,time,5,4.9583,27,2219.58,2167,1165.5923558132636,1.9042522985799772,likely,0.6689274601256019,6,3,none,0
uGuOxIClhGY,UCUynOuMTPXvUrTpcFWQ_qDA,time,7,7.9583,27,2308.69,2167,1221,1.8908155277135765,confirmed,0.5772277181333612,6,2,none,0
uGuOxIClhGY,UCUynOuMTPXvUrTpcFWQ_qDA,time,14,14.9583,27,2382.55,2167,1221,1.9513131883395771,confirmed,0.4993171058043164,6,2,none,0
WTdlAEFKyhY,UC3JhfsgFPLSLNEROQCdj-GQ,time,14,12.6247,27,61923.95,202552,4061.13839503579,15.247927842393494,confirmed,,15,13,none,0
DvDSkyDHb9o,UCgdHSFcXvkN6O3NXvif0-pA,time,5,4.9480,27,3307.58,3599,,,insufficient,,1,1,none,0
DvDSkyDHb9o,UCgdHSFcXvkN6O3NXvif0-pA,time,7,6.9480,27,3421.24,3599,,,insufficient,0.33690599856772396,1,1,none,0
DvDSkyDHb9o,UCgdHSFcXvkN6O3NXvif0-pA,time,14,12.9480,27,3508.41,3599,,,insufficient,0.29738384076470975,1,1,none,0
oE5KnBISNeU,UCQ_bmgSrYsQS0LboA_tZpEw,heldout,7,7.9989,30,255278.60,231880,193854.14133822167,1.3168591706512378,confirmed,,15,15,none,0
0Cld8TsNlAY,UCLdTYHvdML-EXsPeiiYJLqA,heldout,1,0.8750,28,60653.73,56024,102321.37967869424,0.5927767114287789,early,,15,9,none,0
0Cld8TsNlAY,UCLdTYHvdML-EXsPeiiYJLqA,time,1,0.8750,28,60653.73,56024,102321.37967869424,0.5927767114287789,early,,15,9,none,0
0Cld8TsNlAY,UCLdTYHvdML-EXsPeiiYJLqA,heldout,2,2.8750,28,63637.81,56024,100906.94261001093,0.6306583731760083,early,0.6184439513095313,15,7,none,0
0Cld8TsNlAY,UCLdTYHvdML-EXsPeiiYJLqA,time,2,2.8750,28,63637.81,56024,100906.94261001093,0.6306583731760083,early,0.6184439513095313,15,7,none,0
0Cld8TsNlAY,UCLdTYHvdML-EXsPeiiYJLqA,heldout,3,2.8750,28,63637.81,56024,100906.94261001093,0.6306583731760083,early,0.6184439513095313,15,7,none,0
0Cld8TsNlAY,UCLdTYHvdML-EXsPeiiYJLqA,time,3,2.8750,28,63637.81,56024,100906.94261001093,0.6306583731760083,early,0.6184439513095313,15,7,none,0
0Cld8TsNlAY,UCLdTYHvdML-EXsPeiiYJLqA,heldout,5,4.8750,28,72848.46,56024,100255.32276348834,0.726629318606808,likely,0.5408433764671293,15,7,none,0
0Cld8TsNlAY,UCLdTYHvdML-EXsPeiiYJLqA,time,5,4.8750,28,72848.46,56024,100255.32276348834,0.726629318606808,likely,0.5408433764671293,15,7,none,0
0Cld8TsNlAY,UCLdTYHvdML-EXsPeiiYJLqA,heldout,7,7.8750,28,65556.09,56024,99608.05832069658,0.6581404475027763,confirmed,0.46004230232011223,15,7,none,0
0Cld8TsNlAY,UCLdTYHvdML-EXsPeiiYJLqA,time,7,7.8750,28,65556.09,56024,99608.05832069658,0.6581404475027763,confirmed,0.46004230232011223,15,7,none,0
0Cld8TsNlAY,UCLdTYHvdML-EXsPeiiYJLqA,heldout,14,13.8750,28,61917.25,56024,98041.00000000009,0.631544490176208,confirmed,0.36732444357291527,15,4,none,0
0Cld8TsNlAY,UCLdTYHvdML-EXsPeiiYJLqA,time,14,13.8750,28,61917.25,56024,98041.00000000009,0.631544490176208,confirmed,0.36732444357291527,15,4,none,0
1OsOF7jWWm0,UCUoJk48pujh29p8zLsnD5PQ,heldout,5,6.6648,29,13267.02,13750,10609.742770298177,1.2504559466058054,likely,,14,13,none,0
1OsOF7jWWm0,UCUoJk48pujh29p8zLsnD5PQ,heldout,7,6.6648,29,13267.02,13750,10609.742770298177,1.2504559466058054,likely,,14,13,none,0
ibn_o8wN1zc,UCucqfNRyBkieAop_LDUqHEg,time,14,13.7012,28,40569.84,40082,48610.75593487751,0.8345856922695473,confirmed,0.06815074957437481,15,11,none,0
v9HMCzFl-sY,UCs07L46sXZqkJbUSXTJa_0Q,time,14,13.9783,29,36598.68,41949,11508.126697251902,3.1802469588944025,confirmed,,15,15,none,0
atrWZ7Lkc3M,UCyNlnI6hQO3pVHswmGYvQxA,heldout,14,14.1591,30,10545.53,10409,27257.376067531484,0.38688735923987194,confirmed,,15,15,none,0
E6z36buJS6M,UCtW1WA-bJ4s6l-ZCCT35QBg,time,1,0.9558,30,8242.28,9211,6146.000000000002,1.3410801989392116,early,,15,11,none,0
E6z36buJS6M,UCtW1WA-bJ4s6l-ZCCT35QBg,time,2,1.9558,30,9811.35,9211,6146.000000000002,1.5963803536769698,early,0.8405069204972979,15,11,none,0
E6z36buJS6M,UCtW1WA-bJ4s6l-ZCCT35QBg,time,3,2.9558,30,9949.96,9211,6146.000000000002,1.6189333627798645,early,0.6903534788346104,15,10,none,0
E6z36buJS6M,UCtW1WA-bJ4s6l-ZCCT35QBg,time,5,4.9558,30,11102.14,9211,6146.000000000002,1.8064007318468798,likely,0.5678201623989142,15,9,none,0
E6z36buJS6M,UCtW1WA-bJ4s6l-ZCCT35QBg,time,7,6.9558,30,9631.53,9211,6146.000000000002,1.5671221196569445,likely,0.5070138083161154,15,9,none,0
E6z36buJS6M,UCtW1WA-bJ4s6l-ZCCT35QBg,time,14,13.9558,30,9867.68,9211,6146.000000000002,1.6055452741939464,confirmed,0.4527719180115395,15,8,none,0
FYyjcU387fQ,UCPa0bvFsR1mbBpk5mIPFGLA,heldout,14,14.9164,30,86580.12,96398,66658.23871385978,1.298866051041778,confirmed,,15,14,none,0
UGiNrxKce3M,UCGwAh9NT7iHZlw4zrBueyIw,heldout,5,5.0236,30,3798.36,3921,4629.842279239074,0.820408060408133,likely,0.3920587762787168,15,12,none,0
UGiNrxKce3M,UCGwAh9NT7iHZlw4zrBueyIw,heldout,7,7.0236,30,3928.69,3921,4574.815274334289,0.8587651502029352,confirmed,0.3585432690667857,15,10,none,0
UGiNrxKce3M,UCGwAh9NT7iHZlw4zrBueyIw,heldout,14,14.0236,30,4051.25,3921,4399.698902839602,0.9208022695194394,confirmed,0.2573387986236179,15,8,none,0
YCGq-Q-yenc,UCcBbwZNe1l1wjvWkea0ZMGA,time,7,8.8775,27,1038.12,1114,2162.6451650079775,0.48002487486893075,confirmed,,15,15,none,0
YCGq-Q-yenc,UCcBbwZNe1l1wjvWkea0ZMGA,time,14,12.8775,27,1081.38,1114,2237.0825547759187,0.483389157683629,confirmed,0.3440262185097811,15,14,none,0
Dv1rzmU_fdw,UC41S9MSkeQ1TWo1URYLeRuw,heldout,5,4.5899,30,3919.70,3388,9847.315686349555,0.3980471654977384,likely,,14,14,none,0
Dv1rzmU_fdw,UC41S9MSkeQ1TWo1URYLeRuw,heldout,7,7.5899,30,3374.04,3388,9847.315686349555,0.342635129485572,confirmed,0.13541438993936228,14,14,none,0
Dv1rzmU_fdw,UC41S9MSkeQ1TWo1URYLeRuw,heldout,14,13.5899,30,3228.22,3388,9566.432954291742,0.33745257571402815,confirmed,0.09875614062579988,14,12,none,0
WNuzqJz6m6g,UC8DqDLFZCni7Jkys3N3818w,time,5,4.8179,27,16.29,35,56.29583802611012,0.28930781488792573,likely,,4,4,none,0
WNuzqJz6m6g,UC8DqDLFZCni7Jkys3N3818w,time,7,6.8179,27,19.35,35,59.69245057355463,0.3240941900769995,likely,0.521701308471672,4,4,none,0
WNuzqJz6m6g,UC8DqDLFZCni7Jkys3N3818w,time,14,15.8179,27,28.96,35,54.51281205859844,0.5312285036192685,confirmed,0.6128915764715054,4,4,none,0
BapqrOH3dHE,UCT6fVez_0DmaZ_WDaRhUw2A,heldout,1,1.6665,30,129676.72,283549,22346.5270753082,5.802991960032483,early,,14,14,none,0
BapqrOH3dHE,UCT6fVez_0DmaZ_WDaRhUw2A,heldout,2,1.6665,30,129676.72,283549,22346.5270753082,5.802991960032483,early,,14,14,none,0
BapqrOH3dHE,UCT6fVez_0DmaZ_WDaRhUw2A,heldout,3,2.6665,30,109488.63,283549,17963.759181446792,6.094973401096928,early,0.4439653300593665,15,15,none,0
BapqrOH3dHE,UCT6fVez_0DmaZ_WDaRhUw2A,heldout,5,4.6665,30,304917.13,283549,18124.48147841342,16.82349549533936,likely,1.1639004661092116,15,15,none,0
BapqrOH3dHE,UCT6fVez_0DmaZ_WDaRhUw2A,heldout,7,6.6665,30,332567.82,283549,18124.48147841342,18.349094339387324,likely,1.0255081867559113,15,15,none,0
BapqrOH3dHE,UCT6fVez_0DmaZ_WDaRhUw2A,heldout,14,13.6665,30,321593.35,283549,18445.84462447441,17.434460447693766,confirmed,0.7115660902567784,15,14,none,0
9qhKEF1iRq8,UCHQ4lSaKRap5HyrpitrTOhQ,time,3,3.8748,27,7564.55,6529,9308.697710695038,0.8126328930296006,likely,,10,10,none,0
9qhKEF1iRq8,UCHQ4lSaKRap5HyrpitrTOhQ,time,5,4.8748,27,6357.93,6529,9289.704812887921,0.6844063396462899,likely,0.2631438017588026,15,15,none,0
9qhKEF1iRq8,UCHQ4lSaKRap5HyrpitrTOhQ,time,7,6.8748,27,6373.22,6529,9276.806134379904,0.6870054110455827,likely,0.23046169053425217,15,15,none,0
9qhKEF1iRq8,UCHQ4lSaKRap5HyrpitrTOhQ,time,14,12.8748,27,6122.20,6529,9222.543197642288,0.6638299563067865,confirmed,0.1618424779834339,15,15,none,0
3wT9uNRk3AM,UCdJ9oJ2GUF8Vmb-G63ldGWg,time,5,5.7329,28,491946.29,740388,,,insufficient,,0,0,none,0
3wT9uNRk3AM,UCdJ9oJ2GUF8Vmb-G63ldGWg,time,7,7.7329,28,714435.68,740388,144889.77351105277,4.930890970613143,confirmed,0.7531234031340762,15,15,none,0
3wT9uNRk3AM,UCdJ9oJ2GUF8Vmb-G63ldGWg,time,14,13.7329,28,603347.65,740388,144447.49054866107,4.1769341246952045,confirmed,0.44988211897732944,15,15,none,0
cHh37cWjqLA,UC1jY1bsRgYKlQ08IVIzwhVw,time,5,5.0662,27,423.46,371,,,insufficient,,1,1,none,0
cHh37cWjqLA,UC1jY1bsRgYKlQ08IVIzwhVw,time,7,7.0662,27,359.34,371,,,insufficient,0.15404150454293847,1,1,none,0
cHh37cWjqLA,UC1jY1bsRgYKlQ08IVIzwhVw,time,14,13.0662,27,380.94,371,,,insufficient,0.1366516943388021,1,1,none,0
z48MYcN-lZI,UCjB9rCM_kqa-tQj1UcwauAg,heldout,14,14.5410,31,3238.89,4058,3104.811984865446,1.0431840725773507,confirmed,,15,13,none,0
hfBJTpewWos,UCftwRNsjfRo08xYE31tkiyw,time,5,4.8332,27,418580.93,625427,,,insufficient,,0,0,none,0
hfBJTpewWos,UCftwRNsjfRo08xYE31tkiyw,time,7,6.8332,27,502018.42,625427,,,insufficient,0.5555860680845954,0,0,none,0
hfBJTpewWos,UCftwRNsjfRo08xYE31tkiyw,time,14,12.8332,27,550693.50,625427,,,insufficient,0.4892571410156532,0,0,none,0
1NFKwdr6PLw,UCFs23bEpTlHJt1RVN0UWI3Q,time,7,8.8542,28,2659.72,2506,2901.5693183242693,0.9166480327367886,confirmed,,15,15,none,0
1NFKwdr6PLw,UCFs23bEpTlHJt1RVN0UWI3Q,time,14,13.8542,28,2471.74,2506,2848.348855851783,0.8677786743357926,confirmed,0.18380218512385335,15,14,none,0
lKtHyIX7d5g,UCAbcoKROFsRA_uA9aSprCwg,time,5,4.8739,27,1898.77,2991,,,insufficient,,2,2,none,0
lKtHyIX7d5g,UCAbcoKROFsRA_uA9aSprCwg,time,7,6.8739,27,2782.28,2991,,,insufficient,0.6989658947083227,2,2,none,0
lKtHyIX7d5g,UCAbcoKROFsRA_uA9aSprCwg,time,14,15.8739,27,3138.88,2991,,,insufficient,0.5474818818055095,2,2,none,0
JFEi0ZoNTJY,UC2NH07Y5tx_PQvqaQGzxKxQ,time,5,6.9580,27,4472.01,4797,3306.9416243334817,1.352311036145842,likely,,10,10,none,0
JFEi0ZoNTJY,UC2NH07Y5tx_PQvqaQGzxKxQ,time,7,6.9580,27,4472.01,4797,3306.9416243334817,1.352311036145842,likely,,10,10,none,0
JFEi0ZoNTJY,UC2NH07Y5tx_PQvqaQGzxKxQ,time,14,12.9580,27,4662.61,4797,3720.7943428375793,1.2531234784751157,confirmed,0.29228299601822194,15,11,none,0
WFstpTquNiE,UC4cTmHcWEXfkRdCvFLe4KiQ,time,14,12.9160,27,6444.75,6803,4439.46664794267,1.4516957404791928,confirmed,0.3009328738609096,15,13,none,0
Nj1MZxYhQIs,UCClMPKqtJ1LbRBCDP948g5Q,time,5,6.0700,27,5292.91,4648,3543.937999754708,1.4935120797006824,likely,,15,14,none,0
Nj1MZxYhQIs,UCClMPKqtJ1LbRBCDP948g5Q,time,7,7.0700,27,4661.48,4648,3543.937999754708,1.315339883547395,confirmed,0.06822846154455915,15,14,none,0
Nj1MZxYhQIs,UCClMPKqtJ1LbRBCDP948g5Q,time,14,15.0700,27,4697.56,4648,3983.0061846726794,1.1794007753491196,confirmed,0.09526770477153909,15,11,none,0
FBUPqwhKwmg,UC1LJVKQ0hp7sKyfAbKoDHMw,time,5,5.0546,27,130.29,115,78.73091053570171,1.654935859453373,likely,,15,13,none,0
FBUPqwhKwmg,UC1LJVKQ0hp7sKyfAbKoDHMw,time,7,7.0546,27,112.43,115,80.64032356590964,1.3942296980416269,confirmed,0.21240245802721594,15,12,none,0
FBUPqwhKwmg,UC1LJVKQ0hp7sKyfAbKoDHMw,time,14,13.0546,27,116.74,115,82.68057622639611,1.4119964413239938,confirmed,0.1723990726150383,15,8,none,0
LKpq24P0uqM,UCuxbOHa_nj8k6qotTzJrWZA,heldout,3,3.0624,29,3799.00,3546,9206.359259803687,0.412649782063213,likely,,15,14,none,0
LKpq24P0uqM,UCuxbOHa_nj8k6qotTzJrWZA,heldout,5,4.0624,29,4488.62,3546,9150.086538543197,0.49055457110938866,likely,0.7192098909525977,15,14,none,0
LKpq24P0uqM,UCuxbOHa_nj8k6qotTzJrWZA,heldout,7,7.0624,29,3873.24,3546,9020.765971052811,0.4293695707333025,confirmed,0.3549775722019005,15,13,none,0
LKpq24P0uqM,UCuxbOHa_nj8k6qotTzJrWZA,heldout,14,14.0624,29,3824.26,3546,8714.45849452871,0.4388404560329899,confirmed,0.24129612336350253,15,10,none,0
ALaaOEQcRwM,UCCYBgzNZ3JIK2w_zvPKvgfQ,heldout,5,4.0104,27,95.01,101,,,insufficient,,0,0,none,0
ALaaOEQcRwM,UCCYBgzNZ3JIK2w_zvPKvgfQ,time,5,4.0104,27,95.01,101,,,insufficient,,0,0,none,0
ALaaOEQcRwM,UCCYBgzNZ3JIK2w_zvPKvgfQ,heldout,7,7.0104,27,94.93,101,,,insufficient,0.25777079155012106,0,0,none,0
ALaaOEQcRwM,UCCYBgzNZ3JIK2w_zvPKvgfQ,time,7,7.0104,27,94.93,101,,,insufficient,0.25777079155012106,0,0,none,0
ALaaOEQcRwM,UCCYBgzNZ3JIK2w_zvPKvgfQ,heldout,14,15.0104,27,103.91,101,,,insufficient,0.24455407418425862,0,0,none,0
ALaaOEQcRwM,UCCYBgzNZ3JIK2w_zvPKvgfQ,time,14,15.0104,27,103.91,101,,,insufficient,0.24455407418425862,0,0,none,0
zHW6Tb_NHis,UCQIcXQ2n0sa-7CD0NtqnrrA,time,1,0.7917,28,54746.55,38912,122721.99999999996,0.4461021684083652,early,,15,14,none,0
zHW6Tb_NHis,UCQIcXQ2n0sa-7CD0NtqnrrA,time,2,2.7917,28,38521.22,38912,122721.99999999996,0.3138900947837878,early,0.3960654380131874,15,14,none,0
zHW6Tb_NHis,UCQIcXQ2n0sa-7CD0NtqnrrA,time,3,2.7917,28,38521.22,38912,122721.99999999996,0.3138900947837878,early,0.3960654380131874,15,14,none,0
zHW6Tb_NHis,UCQIcXQ2n0sa-7CD0NtqnrrA,time,5,4.7917,28,38077.49,38912,122721.99999999996,0.31027437370253264,likely,0.3033961151705671,15,13,none,0
zHW6Tb_NHis,UCQIcXQ2n0sa-7CD0NtqnrrA,time,7,6.7917,28,37853.59,38912,122721.99999999996,0.3084498845290509,likely,0.278312920476394,15,13,none,0
zHW6Tb_NHis,UCQIcXQ2n0sa-7CD0NtqnrrA,time,14,12.7917,28,37373.64,38912,122721.99999999996,0.30453906462202024,confirmed,0.24027859785050337,15,12,none,0
yvfGX43b_9Q,UC3_BakzLfadvFrsnClMFWmQ,heldout,5,5.1172,30,1092.57,812,887.9669768586441,1.2304225251249628,likely,,15,15,none,0
yvfGX43b_9Q,UC3_BakzLfadvFrsnClMFWmQ,heldout,7,5.1172,30,1092.57,812,887.9669768586441,1.2304225251249628,likely,,15,15,none,0
yvfGX43b_9Q,UC3_BakzLfadvFrsnClMFWmQ,heldout,14,12.1172,30,840.63,812,804.5387775175293,1.0448558087832973,confirmed,0.009734600145479212,15,11,none,0
rxg-jB71Luc,UC2d_Fhm3BJ5I24BCIiumJjA,time,5,4.7908,27,2345.30,2374,,,insufficient,,0,0,none,0
rxg-jB71Luc,UC2d_Fhm3BJ5I24BCIiumJjA,time,7,6.7908,27,2034.78,2374,,,insufficient,0.22265698491524707,0,0,none,0
rxg-jB71Luc,UC2d_Fhm3BJ5I24BCIiumJjA,time,14,15.7908,27,2481.59,2374,,,insufficient,0.23577099621328476,0,0,none,0
jqIWEE0q2UQ,UC4MndkrWaqQF1uZ5-kO3t6Q,time,5,6.7370,28,26.52,98,,,insufficient,,1,1,none,0
jqIWEE0q2UQ,UC4MndkrWaqQF1uZ5-kO3t6Q,time,7,6.7370,28,26.52,98,,,insufficient,,1,1,none,0
jqIWEE0q2UQ,UC4MndkrWaqQF1uZ5-kO3t6Q,time,14,13.7370,28,60.44,98,,,insufficient,1.2829679012714383,1,1,none,0
sML5oQkUglo,UCGb34D3ThpmjLNn-FLv2_yQ,heldout,7,8.5409,28,2510.69,2229,2868.651570316498,0.8752170563757222,confirmed,,15,14,none,0
sML5oQkUglo,UCGb34D3ThpmjLNn-FLv2_yQ,time,7,8.5409,28,2510.69,2229,2868.651570316498,0.8752170563757222,confirmed,,15,14,none,0
sML5oQkUglo,UCGb34D3ThpmjLNn-FLv2_yQ,heldout,14,13.5409,28,2161.17,2229,2868.999999999999,0.7532827106043464,confirmed,0.11305729445495878,15,10,none,0
sML5oQkUglo,UCGb34D3ThpmjLNn-FLv2_yQ,time,14,13.5409,28,2161.17,2229,2868.999999999999,0.7532827106043464,confirmed,0.11305729445495878,15,10,none,0
HALEYgzuJgQ,UC1J4DKcJXENzC-FkyMU6dow,time,14,13.6637,28,53263.21,51771,62446.90543130385,0.852935870886671,confirmed,0.002811625061717758,15,12,none,0
pXPs6wB3yJk,UCUpbDOT-OVNBlaQpb9pbd2w,time,3,3.8056,27,8687.53,5677,31638.981781280865,0.27458309142244924,likely,,15,15,none,0
pXPs6wB3yJk,UCUpbDOT-OVNBlaQpb9pbd2w,time,5,4.8056,27,6304.70,5677,30879.5902374279,0.20417046220779209,likely,0.0645873932952077,15,15,none,0
pXPs6wB3yJk,UCUpbDOT-OVNBlaQpb9pbd2w,time,7,6.8056,27,6173.79,5677,29379.265022894935,0.21014113081640384,likely,0.05482992149554204,15,15,none,0
pXPs6wB3yJk,UCUpbDOT-OVNBlaQpb9pbd2w,time,14,12.8056,27,5850.18,5677,26706.949870493743,0.21905098095106953,confirmed,0.03244944789091011,15,15,none,0
TcOMMjmKiYA,UCkLxJCuQZ4hStBfs8TCnT9Q,time,14,13.8538,28,4022.78,4145,14713.958936755269,0.2733987921561477,confirmed,0.08766063269516813,15,15,none,0
eoonc29MGA8,UClIZqOLqUCro7bKztUjYCNA,heldout,5,6.1043,31,2964.08,3321,3303.741868500283,0.8971894881168602,likely,,7,7,none,0
eoonc29MGA8,UClIZqOLqUCro7bKztUjYCNA,heldout,7,6.1043,31,2964.08,3321,3303.741868500283,0.8971894881168602,likely,,7,7,none,0
eoonc29MGA8,UClIZqOLqUCro7bKztUjYCNA,heldout,14,14.1043,31,3225.73,3321,3281.6401838854244,0.9829625486814442,confirmed,0.2745400515837956,7,7,none,0
tgy5EinyiP4,UCPCPE5MoI7DS1WiVB_-mzNw,time,5,6.8814,28,3046.17,2420,5599.952980417156,0.5439639479669096,likely,,15,15,none,0
tgy5EinyiP4,UCPCPE5MoI7DS1WiVB_-mzNw,time,7,6.8814,28,3046.17,2420,5599.952980417156,0.5439639479669096,likely,,15,15,none,0
tgy5EinyiP4,UCPCPE5MoI7DS1WiVB_-mzNw,time,14,12.8814,28,2504.26,2420,5368.353012009986,0.4664857182077873,confirmed,0.0029273483138728138,15,15,none,0
Pc4O99PeSCs,UC9BNGVGr_lvbn3d23ckuVOA,time,5,5.9373,28,39855.22,45323,,,insufficient,,0,0,none,0
Pc4O99PeSCs,UC9BNGVGr_lvbn3d23ckuVOA,time,7,6.9373,28,43553.32,45323,,,insufficient,0.5254333914727246,0,0,none,0
Pc4O99PeSCs,UC9BNGVGr_lvbn3d23ckuVOA,time,14,13.9373,28,44922.97,45323,,,insufficient,0.3492576503140063,0,0,none,0
cLb9w_PnL9k,UCLhu5JoRWPgEGDoUFfQHTPQ,time,3,3.7707,27,9413.88,7387,6823.135172337899,1.379699988977448,likely,,12,12,none,0
cLb9w_PnL9k,UCLhu5JoRWPgEGDoUFfQHTPQ,time,5,4.7707,27,7962.71,7387,6188.909447744156,1.2866098462322584,likely,0.29141211295419267,15,15,none,0
cLb9w_PnL9k,UCLhu5JoRWPgEGDoUFfQHTPQ,time,7,6.7707,27,7940.09,7387,6022.101366354824,1.3184907764495353,likely,0.2288240397652,15,15,none,0
cLb9w_PnL9k,UCLhu5JoRWPgEGDoUFfQHTPQ,time,14,12.7707,27,7618.74,7387,6023.999999999995,1.2647307993359407,confirmed,0.1596763731651343,15,12,none,0
Vug4adDs3yA,UCnSg7AKhnTGnac-3zGdv5Qg,time,14,13.9160,28,898.81,1014,1639.0000000000002,0.5483896018050269,confirmed,0.36199888597514596,15,13,none,0
JnWDfW6QTt0,UCX5nh607M8hSBLiMB9MgbIQ,time,0.5,0.7187,29,7147.45,6496,9189.764419816524,0.7777622395643796,early,,15,9,none,0
JnWDfW6QTt0,UCX5nh607M8hSBLiMB9MgbIQ,time,1,0.7187,29,7147.45,6496,9189.764419816524,0.7777622395643796,early,,15,9,none,0
JnWDfW6QTt0,UCX5nh607M8hSBLiMB9MgbIQ,time,2,1.7187,29,7785.05,6496,9249.13937227105,0.8417055328641742,early,0.7435108519441548,15,9,none,0
JnWDfW6QTt0,UCX5nh607M8hSBLiMB9MgbIQ,time,3,3.7187,29,7601.32,6496,9181.687120171562,0.8278779387033598,likely,0.5094079975146137,15,8,none,0
JnWDfW6QTt0,UCX5nh607M8hSBLiMB9MgbIQ,time,5,4.7187,29,6966.00,6496,9124.851106205757,0.7634095267698378,likely,0.45200155514623397,15,8,none,0
JnWDfW6QTt0,UCX5nh607M8hSBLiMB9MgbIQ,time,7,6.7187,29,6581.28,6496,9095.840315618865,0.7235482648791888,likely,0.4058347978111343,15,7,none,0
JnWDfW6QTt0,UCX5nh607M8hSBLiMB9MgbIQ,time,14,14.7187,29,7244.18,6496,9085.378039528492,0.7973454372305815,confirmed,0.35980523740031783,15,5,none,0
IX2o6hk3F9s,UCN7dywl5wDxTu1RM3eJ_h9Q,time,3,3.0412,28,2967.52,3928,11949.765342452665,0.24833311307624534,likely,,8,8,none,0
IX2o6hk3F9s,UCN7dywl5wDxTu1RM3eJ_h9Q,time,5,5.0412,28,2750.69,3928,11974.861158171228,0.22970499902750477,likely,0.3656044141174374,15,14,none,0
IX2o6hk3F9s,UCN7dywl5wDxTu1RM3eJ_h9Q,time,7,6.0412,28,3018.89,3928,12050.028175087726,0.25052955136838667,likely,0.43427587496726433,15,14,none,0
IX2o6hk3F9s,UCN7dywl5wDxTu1RM3eJ_h9Q,time,14,12.0412,28,3672.48,3928,12201,0.3009985871409514,confirmed,0.44504427175063566,15,13,none,0
BnfPYwhzoaM,UCPCPE5MoI7DS1WiVB_-mzNw,heldout,5,5.8103,27,8245.21,6131,4354.0869566043175,1.8936704037557686,likely,,15,15,none,0
BnfPYwhzoaM,UCPCPE5MoI7DS1WiVB_-mzNw,time,5,5.8103,27,8245.21,6131,4354.0869566043175,1.8936704037557686,likely,,15,15,none,0
BnfPYwhzoaM,UCPCPE5MoI7DS1WiVB_-mzNw,heldout,7,6.8103,27,6708.39,6131,4289.1673329373225,1.5640310748296566,likely,0.013204057458751927,15,15,none,0
BnfPYwhzoaM,UCPCPE5MoI7DS1WiVB_-mzNw,time,7,6.8103,27,6708.39,6131,4289.1673329373225,1.5640310748296566,likely,0.013204057458751927,15,15,none,0
BnfPYwhzoaM,UCPCPE5MoI7DS1WiVB_-mzNw,heldout,14,12.8103,27,6335.28,6131,4058.2667578940063,1.5610803008177003,confirmed,0.008588710231409337,15,15,none,0
BnfPYwhzoaM,UCPCPE5MoI7DS1WiVB_-mzNw,time,14,12.8103,27,6335.28,6131,4058.2667578940063,1.5610803008177003,confirmed,0.008588710231409337,15,15,none,0
miADlbTHPns,UCsvqVGtbbyHaMoevxPAq9Fg,time,7,7.8539,27,2887.04,2967,2950.359014382223,0.9785399342081361,confirmed,,15,15,none,0
miADlbTHPns,UCsvqVGtbbyHaMoevxPAq9Fg,time,14,12.8539,27,2872.65,2967,3042.733639010307,0.9441028077943273,confirmed,0.2624270239131679,15,15,none,0
pk-D6lXw6Lo,UC8fQzKHIhSoZeSq3bwQx4mw,time,5,6.7976,27,313.21,274,,,insufficient,,0,0,none,0
pk-D6lXw6Lo,UC8fQzKHIhSoZeSq3bwQx4mw,time,7,6.7976,27,313.21,274,,,insufficient,,0,0,none,0
pk-D6lXw6Lo,UC8fQzKHIhSoZeSq3bwQx4mw,time,14,12.7976,27,268.46,274,,,insufficient,0.07604871984441143,0,0,none,0
Zg4rV7douMs,UCEf_Bc-KVd7onSeifS3py9g,time,0.5,0.3745,28,584987.11,420979,357016.2100103229,1.6385449621723704,early,,13,12,none,0
Zg4rV7douMs,UCEf_Bc-KVd7onSeifS3py9g,time,1,0.3745,28,584987.11,420979,357016.2100103229,1.6385449621723704,early,,13,12,none,0
Zg4rV7douMs,UCEf_Bc-KVd7onSeifS3py9g,time,2,2.3745,28,370267.86,420979,154721.9414772789,2.3931179917282086,early,0.6124195568474032,15,13,none,0
Zg4rV7douMs,UCEf_Bc-KVd7onSeifS3py9g,time,3,3.3745,28,589927.09,420979,151342.80441184193,3.8979526533867923,likely,0.5275340737058761,15,13,none,0
Zg4rV7douMs,UCEf_Bc-KVd7onSeifS3py9g,time,5,5.3745,28,768328.37,420979,145678.01980745955,5.274154432848264,likely,0.4585603124689842,15,13,none,0
Zg4rV7douMs,UCEf_Bc-KVd7onSeifS3py9g,time,7,7.3745,28,411155.45,420979,141303.38595138738,2.90973533414903,confirmed,0.43596029717670354,15,12,none,0
Zg4rV7douMs,UCEf_Bc-KVd7onSeifS3py9g,time,14,12.3745,28,408820.07,420979,134207.25238545437,3.0461846030290087,confirmed,0.38765764910273104,15,9,none,0
MFtIWCYWwGw,UC5_SBQbLA9Kg7Jh5GpXoP3g,time,1,0.8328,28,91.57,249,728.9047630945834,0.12562260465552405,early,,9,8,none,0
MFtIWCYWwGw,UC5_SBQbLA9Kg7Jh5GpXoP3g,time,2,1.8328,28,105.37,249,730.2982021890002,0.1442803732983797,early,0.9092444695459587,9,8,none,0
MFtIWCYWwGw,UC5_SBQbLA9Kg7Jh5GpXoP3g,time,3,2.8328,28,399.86,249,348.5933235451148,1.1470745149589336,early,2.256911424483513,15,14,none,0
MFtIWCYWwGw,UC5_SBQbLA9Kg7Jh5GpXoP3g,time,5,4.8328,28,374.12,249,330.5941944854411,1.131660086574367,likely,1.526960112258604,15,12,none,0
MFtIWCYWwGw,UC5_SBQbLA9Kg7Jh5GpXoP3g,time,7,6.8328,28,343.53,249,349.1011054812489,0.984046342552557,likely,1.2401331859078635,15,12,none,0
MFtIWCYWwGw,UC5_SBQbLA9Kg7Jh5GpXoP3g,time,14,13.8328,28,327.63,249,386.82415626073816,0.8469727705195402,confirmed,0.8898976148907874,15,12,none,0
x5p9yM2TKF8,UCegFJbscuSjjsyFP4qhOyeA,time,14,13.5387,29,1838.25,2537,1369.7699995379799,1.3420148605746145,confirmed,0.7096730778776961,15,15,none,0
m0lOUwk_YHg,UCVGVbOl6F5rGF4wSYS6Y5yQ,time,5,4.5343,27,12000.68,10539,23152.49433355788,0.5183318926489326,likely,,13,12,none,0
m0lOUwk_YHg,UCVGVbOl6F5rGF4wSYS6Y5yQ,time,7,6.5343,27,11424.69,10539,21232.612116168766,0.538072591279908,likely,0.23539811870565172,15,13,none,0
m0lOUwk_YHg,UCVGVbOl6F5rGF4wSYS6Y5yQ,time,14,13.5343,27,11134.24,10539,20683.000000000007,0.5383281864961074,confirmed,0.15101459246135554,15,9,none,0
MHoK2X2q3jE,UCnHjOLBTYCC1cbJNW6jVzhg,time,5,5.6247,28,38065.03,34070,19228.37650723862,1.9796276900277467,likely,,15,14,none,0
MHoK2X2q3jE,UCnHjOLBTYCC1cbJNW6jVzhg,time,7,6.6247,28,31894.07,34070,19197.30674996512,1.6613823848179976,likely,0.22196583425588348,15,13,none,0
MHoK2X2q3jE,UCnHjOLBTYCC1cbJNW6jVzhg,time,14,13.6247,28,34876.41,34070,18637.850823595236,1.8712676502383925,confirmed,0.1682815252662544,15,11,none,0
euXpFbWr2Yw,UC3JhfsgFPLSLNEROQCdj-GQ,time,14,14.0407,29,2320.15,2427,4361.999999999997,0.5319006613781542,confirmed,,15,13,none,0
k7gaVsF-sjo,UCYzrlZP_m1cV51q9GGDHCMg,time,0.5,0.4268,29,294.70,125,281.99880773539326,1.0450568140954752,early,,12,12,none,0
k7gaVsF-sjo,UCYzrlZP_m1cV51q9GGDHCMg,time,1,1.4268,29,276.99,125,256.21642467059564,1.0810808505671823,early,0.3399945511943102,14,14,none,0
k7gaVsF-sjo,UCYzrlZP_m1cV51q9GGDHCMg,time,2,2.4268,29,172.42,125,240.7208622324233,0.7162556734322391,early,0.24512399734623574,15,15,none,0
k7gaVsF-sjo,UCYzrlZP_m1cV51q9GGDHCMg,time,3,3.4268,29,152.12,125,231.8565155863747,0.6561098536884375,likely,0.2044110091305405,15,15,none,0
k7gaVsF-sjo,UCYzrlZP_m1cV51q9GGDHCMg,time,5,5.4268,29,140.46,125,219.38406379076525,0.6402457850802369,likely,0.1646708652870389,15,15,none,0
k7gaVsF-sjo,UCYzrlZP_m1cV51q9GGDHCMg,time,7,7.4268,29,135.58,125,210.64068959092612,0.6436492429133807,confirmed,0.13954898510146727,15,15,none,0
k7gaVsF-sjo,UCYzrlZP_m1cV51q9GGDHCMg,time,14,13.4268,29,127.49,125,195.53987593066182,0.6520070094551884,confirmed,0.10711912955610538,15,15,none,0
np06L0fI-B0,UCHXLx_WGu4zQAq4fLVurzfA,heldout,5,4.9158,30,8710.74,14057,3917.019143668047,2.2238179234944293,likely,,15,12,none,0
np06L0fI-B0,UCHXLx_WGu4zQAq4fLVurzfA,heldout,7,7.9158,30,11492.89,14057,3863.5026027261824,2.974733818536448,confirmed,0.6318784606231092,15,11,none,0
np06L0fI-B0,UCHXLx_WGu4zQAq4fLVurzfA,heldout,14,13.9158,30,13203.11,14057,3831.0835111391293,3.446312614040891,confirmed,0.5628632825520073,15,11,none,0
zTxPLhbm-I0,UCFYwroBRnRal6AB0G7MDHgA,heldout,1,1.8736,30,559.87,467,,,insufficient,,4,4,none,0
zTxPLhbm-I0,UCFYwroBRnRal6AB0G7MDHgA,heldout,2,1.8736,30,559.87,467,,,insufficient,,4,4,none,0
zTxPLhbm-I0,UCFYwroBRnRal6AB0G7MDHgA,heldout,3,2.8736,30,385.97,467,,,insufficient,0.0772398684164353,4,4,none,0
zTxPLhbm-I0,UCFYwroBRnRal6AB0G7MDHgA,heldout,5,4.8736,30,373.42,467,,,insufficient,0.12054473213413386,4,4,none,0
zTxPLhbm-I0,UCFYwroBRnRal6AB0G7MDHgA,heldout,7,6.8736,30,374.77,467,,,insufficient,0.12417595721784733,4,4,none,0
zTxPLhbm-I0,UCFYwroBRnRal6AB0G7MDHgA,heldout,14,13.8736,30,376.26,467,,,insufficient,0.11594754683510207,4,4,none,0
ekspSM3gGhc,UC0COu43Li7CUL2jseBpH9kQ,time,5,5.5438,27,50.22,53,,,insufficient,,0,0,none,0
ekspSM3gGhc,UC0COu43Li7CUL2jseBpH9kQ,time,7,6.5438,27,41.89,53,,,insufficient,0.18753007900882118,0,0,none,0
ekspSM3gGhc,UC0COu43Li7CUL2jseBpH9kQ,time,14,13.5438,27,53.63,53,,,insufficient,0.3259054319612247,0,0,none,0
0TDI7Rg0Nns,UCWyL3FzhX0CaxgkOMTQMa0A,time,14,13.7916,29,103599.00,111319,11561.255773340943,8.960877782748181,confirmed,,15,14,none,0
UokgAhHN4gM,UC99GtVg2esxExp_J0uPxO-g,heldout,2,2.6257,30,236243.78,202509,148118.4522485818,1.5949651915275693,early,,15,14,none,0
UokgAhHN4gM,UC99GtVg2esxExp_J0uPxO-g,heldout,3,2.6257,30,236243.78,202509,148118.4522485818,1.5949651915275693,early,,15,14,none,0
UokgAhHN4gM,UC99GtVg2esxExp_J0uPxO-g,heldout,5,6.6257,30,186955.34,202509,147396.17265515335,1.2683866628068776,likely,0.18047186231610987,15,14,none,0
UokgAhHN4gM,UC99GtVg2esxExp_J0uPxO-g,heldout,7,6.6257,30,186955.34,202509,147396.17265515335,1.2683866628068776,likely,0.18047186231610987,15,14,none,0
UokgAhHN4gM,UC99GtVg2esxExp_J0uPxO-g,heldout,14,13.6257,30,193347.34,202509,146297.95141877077,1.3215997985018777,confirmed,0.1405454537689297,15,13,none,0
vLSs53YpXf4,UCOCsRROSlsrA31YJgCah32A,heldout,1,1.5827,32,10542.32,10707,21777.365173620496,0.48409537779790035,early,,15,10,none,0
vLSs53YpXf4,UCOCsRROSlsrA31YJgCah32A,heldout,2,1.5827,32,10542.32,10707,21777.365173620496,0.48409537779790035,early,,15,10,none,0
vLSs53YpXf4,UCOCsRROSlsrA31YJgCah32A,heldout,3,3.5827,32,9607.05,10707,22805.743678307637,0.4212557235813668,likely,0.379645355738314,15,9,none,0
vLSs53YpXf4,UCOCsRROSlsrA31YJgCah32A,heldout,5,4.5827,32,8546.59,10707,23171.402692400377,0.36884196497599153,likely,0.33119304017468615,15,9,none,0
vLSs53YpXf4,UCOCsRROSlsrA31YJgCah32A,heldout,7,6.5827,32,11303.81,10707,23550.75599406118,0.4799765585400771,likely,0.3658256840020063,15,9,none,0
vLSs53YpXf4,UCOCsRROSlsrA31YJgCah32A,heldout,14,13.5827,32,10431.19,10707,23643.453969174305,0.4411873972718556,confirmed,0.30724484578716826,15,6,none,0
_iKa95XBl8I,UC41S9MSkeQ1TWo1URYLeRuw,heldout,3,3.6600,30,2932.48,2298,4945.066394500693,0.593011091810684,likely,,15,13,none,0
_iKa95XBl8I,UC41S9MSkeQ1TWo1URYLeRuw,heldout,5,3.6600,30,2932.48,2298,4945.066394500693,0.593011091810684,likely,,15,13,none,0
_iKa95XBl8I,UC41S9MSkeQ1TWo1URYLeRuw,heldout,14,13.6600,30,2347.66,2298,4614.550210323288,0.5087515990573169,confirmed,0.13821501541236483,15,13,none,0
C9Pp7Y7Ixm8,UCxmSA11SbI_3yBcHu6pKi_Q,time,7,8.7919,27,6156.75,5730,18762.310169822944,0.3281447821873362,confirmed,,10,9,none,0
C9Pp7Y7Ixm8,UCxmSA11SbI_3yBcHu6pKi_Q,time,14,12.7919,27,5925.20,5730,20543.5012489893,0.2884219526763294,confirmed,0.24568259557692945,15,12,none,0
IBnLsKOhpyU,UCsvqVGtbbyHaMoevxPAq9Fg,time,14,13.6484,29,8164.76,7987,5490.5743022415845,1.487049964336056,confirmed,0.027587663462645223,15,15,none,0
woMQaKshRmU,UCHQ4lSaKRap5HyrpitrTOhQ,time,5,4.8737,28,26684.61,32750,6954.497758738644,3.837028626000125,likely,,10,10,none,0
woMQaKshRmU,UCHQ4lSaKRap5HyrpitrTOhQ,time,7,6.8737,28,28631.69,32750,6883.805761191424,4.159282143131424,likely,0.4582932165675529,15,15,none,0
woMQaKshRmU,UCHQ4lSaKRap5HyrpitrTOhQ,time,14,12.8737,28,31209.09,32750,6707.1036336284105,4.653139674262718,confirmed,0.3546075276912044,15,15,none,0
fqaDF7EUzw4,UCWyL3FzhX0CaxgkOMTQMa0A,time,14,13.7909,28,14299.99,14386,16217.000000000002,0.8817899759216613,confirmed,0.09349603555710204,15,14,none,0
WsoxkC31RRY,UCnp2wP2eA-YghOQr0j0wHrQ,heldout,1,1.0963,30,192.69,317,498.1967597017842,0.38677321400410963,early,,15,15,none,0
WsoxkC31RRY,UCnp2wP2eA-YghOQr0j0wHrQ,heldout,2,1.0963,30,192.69,317,498.1967597017842,0.38677321400410963,early,,15,15,none,0
WsoxkC31RRY,UCnp2wP2eA-YghOQr0j0wHrQ,heldout,14,13.0963,30,292.11,317,530.8977085242899,0.5502109805642378,confirmed,0.5586876383152217,15,15,none,0
G9WwukClfZo,UC_1mrs0pBzQdPqUSmbJEeNg,heldout,1,1.8766,30,17389.51,46953,36135.582217570496,0.48122961325210445,early,,15,14,none,0
G9WwukClfZo,UC_1mrs0pBzQdPqUSmbJEeNg,heldout,2,1.8766,30,17389.51,46953,36135.582217570496,0.48122961325210445,early,,15,14,none,0
G9WwukClfZo,UC_1mrs0pBzQdPqUSmbJEeNg,heldout,3,2.8766,30,12582.23,46953,38557.15311739552,0.32632686693379,early,0.23943969935677117,15,13,none,0
G9WwukClfZo,UC_1mrs0pBzQdPqUSmbJEeNg,heldout,5,4.8766,30,22119.39,46953,38965.97139241302,0.5676591318350267,likely,0.5878678216479944,15,13,none,0
G9WwukClfZo,UC_1mrs0pBzQdPqUSmbJEeNg,heldout,7,6.8766,30,24550.04,46953,38965.97139241302,0.6300380358216626,likely,0.6406693639843691,15,13,none,0
G9WwukClfZo,UC_1mrs0pBzQdPqUSmbJEeNg,heldout,14,13.8766,30,30969.50,46953,40911.82859461653,0.7569816803044713,confirmed,0.5907300080305831,15,13,none,0
5rTwOt9Qgik,UCn8ujwUInbJkBhffxqAPBVQ,time,1,1.0321,27,16947.01,23957,47647.416743884445,0.35567535350656854,early,,15,15,none,0
5rTwOt9Qgik,UCn8ujwUInbJkBhffxqAPBVQ,time,2,2.0321,27,38120.90,23957,47876.727829266194,0.7962302669963507,early,2.1461310400926066,15,15,none,0
5rTwOt9Qgik,UCn8ujwUInbJkBhffxqAPBVQ,time,3,3.0321,27,37911.29,23957,48810.52487131269,0.7767031720966077,likely,1.3330802467347538,15,15,none,0
5rTwOt9Qgik,UCn8ujwUInbJkBhffxqAPBVQ,time,5,5.0321,27,33710.97,23957,49322.767501188646,0.6834769037981387,likely,0.8871313224731309,15,15,none,0
5rTwOt9Qgik,UCn8ujwUInbJkBhffxqAPBVQ,time,7,7.0321,27,31002.11,23957,50426.17021668972,0.6148020421457393,confirmed,0.7278409487843417,15,15,none,0
5rTwOt9Qgik,UCn8ujwUInbJkBhffxqAPBVQ,time,14,13.0321,27,27169.61,23957,53876.77934093598,0.504291685564934,confirmed,0.5799814019440125,15,15,none,0
m-WNnabbAD4,UCoZQiN0o7f36H7PaW4fVhFw,time,3,3.9158,29,193129.48,181857,101088.46196192631,1.9104997533696306,likely,,15,13,none,0
m-WNnabbAD4,UCoZQiN0o7f36H7PaW4fVhFw,time,5,4.9158,29,144599.29,181857,101231.72305997173,1.4283989520990568,likely,0.23442333457223954,15,13,none,0
m-WNnabbAD4,UCoZQiN0o7f36H7PaW4fVhFw,time,7,6.9158,29,148545.78,181857,101760.99999999996,1.4597515534808758,likely,0.22187813458774064,15,12,none,0
m-WNnabbAD4,UCoZQiN0o7f36H7PaW4fVhFw,time,14,13.9158,29,167760.26,181857,101760.99999999996,1.648571305080871,confirmed,0.21623604224423823,15,9,none,0
u2a_FQa0f_8,UC3_BakzLfadvFrsnClMFWmQ,time,1,1.0898,29,1527.06,651,768.137409982902,1.9880057769059913,early,0.32227183965383405,15,15,none,0
u2a_FQa0f_8,UC3_BakzLfadvFrsnClMFWmQ,time,2,2.0898,29,930.19,651,756.8547103966921,1.229015482255379,early,0.21337675680657572,15,15,none,0
u2a_FQa0f_8,UC3_BakzLfadvFrsnClMFWmQ,time,3,3.0898,29,808.39,651,746.8529366287814,1.0823964885569717,likely,0.1693148373580384,15,15,none,0
u2a_FQa0f_8,UC3_BakzLfadvFrsnClMFWmQ,time,5,5.0898,29,734.27,651,733.845475365285,1.000582828845291,likely,0.13013877011766542,15,15,none,0
u2a_FQa0f_8,UC3_BakzLfadvFrsnClMFWmQ,time,7,7.0898,29,713.17,651,722.6724363638718,0.9868456006399691,confirmed,0.11479601303497887,15,15,none,0
u2a_FQa0f_8,UC3_BakzLfadvFrsnClMFWmQ,time,14,14.0898,29,622.73,651,692.508312253847,0.8992416805873942,confirmed,0.08873886769514851,15,11,none,0
-PXFrev--9A,UCI8gcSTo1FowsRJdilsjsZw,time,0.5,0.7302,27,29275.25,108026,40271.40662254173,0.7269488017181559,early,,12,12,none,0
-PXFrev--9A,UCI8gcSTo1FowsRJdilsjsZw,time,1,0.7302,27,29275.25,108026,40271.40662254173,0.7269488017181559,early,,12,12,none,0
-PXFrev--9A,UCI8gcSTo1FowsRJdilsjsZw,time,2,2.7302,27,21027.99,108026,34884.51465246068,0.6027886632025188,early,0.4133214037301653,15,15,none,0
-PXFrev--9A,UCI8gcSTo1FowsRJdilsjsZw,time,3,2.7302,27,21027.99,108026,34884.51465246068,0.6027886632025188,early,0.4133214037301653,15,15,none,0
-PXFrev--9A,UCI8gcSTo1FowsRJdilsjsZw,time,5,4.7302,27,26569.62,108026,32883.68826335291,0.8079878087725016,likely,0.45144700655811887,15,15,none,0
-PXFrev--9A,UCI8gcSTo1FowsRJdilsjsZw,time,7,6.7302,27,32100.50,108026,31998.098038815577,1.0032003235807854,likely,0.48795467777474755,15,15,none,0
-PXFrev--9A,UCI8gcSTo1FowsRJdilsjsZw,time,14,12.7302,27,35266.61,108026,34280.86185586223,1.0287550897096926,confirmed,0.4782494752652352,15,15,none,0
3sTKc5JBknQ,UC682ktH2UsgNdCjl83TpDWg,time,14,12.9165,27,41.46,43,85.48086104943255,0.4850355733590642,confirmed,0.10427446629840677,15,15,none,0
TNOqbQjtMzI,UC-ew9TfeD887qUSiWWAAj1w,heldout,2,2.9577,30,4432.97,3817,9292.53787881484,0.47704573929797867,early,,15,14,none,0
TNOqbQjtMzI,UC-ew9TfeD887qUSiWWAAj1w,heldout,3,2.9577,30,4432.97,3817,9292.53787881484,0.47704573929797867,early,,15,14,none,0
TNOqbQjtMzI,UC-ew9TfeD887qUSiWWAAj1w,heldout,5,4.9577,30,3425.85,3817,9066.854950323115,0.3778429125224914,likely,0.18356855400846578,15,14,none,0
TNOqbQjtMzI,UC-ew9TfeD887qUSiWWAAj1w,heldout,7,6.9577,30,3545.99,3817,9405.48167411661,0.3770130980167739,likely,0.20748128795537013,15,14,none,0
TNOqbQjtMzI,UC-ew9TfeD887qUSiWWAAj1w,heldout,14,13.9577,30,3807.19,3817,9864.341316184935,0.38595505398537944,confirmed,0.17198375776972433,15,14,none,0
lTcMzAGSJZQ,UCI8gcSTo1FowsRJdilsjsZw,time,1,0.9238,28,19174.98,17184,38806.79213017661,0.49411402428867174,early,,13,13,none,0
lTcMzAGSJZQ,UCI8gcSTo1FowsRJdilsjsZw,time,2,1.9238,28,16389.46,17184,37942.43892813445,0.43195593118049924,early,0.5899683232429468,15,15,none,0
lTcMzAGSJZQ,UCI8gcSTo1FowsRJdilsjsZw,time,3,2.9238,28,18335.47,17184,35044.24582521754,0.5232091509863384,early,0.4996916522474688,15,15,none,0
lTcMzAGSJZQ,UCI8gcSTo1FowsRJdilsjsZw,time,5,4.9238,28,15284.28,17184,34689.765921012,0.4405990199484537,likely,0.36419499501875846,15,15,none,0
lTcMzAGSJZQ,UCI8gcSTo1FowsRJdilsjsZw,time,7,6.9238,28,17941.44,17184,34972.94874223419,0.513009057146974,likely,0.40335814962046934,15,15,none,0
lTcMzAGSJZQ,UCI8gcSTo1FowsRJdilsjsZw,time,14,13.9238,28,18775.54,17184,34780.70540309282,0.5398264283593281,confirmed,0.34203781137567396,15,15,none,0
vUTiAx74tBQ,UCQNFJVAUF-qWtK0dawxcOaQ,heldout,5,4.9570,27,9215.63,7922,8914.470100051904,1.033783150026082,likely,,15,13,none,0
vUTiAx74tBQ,UCQNFJVAUF-qWtK0dawxcOaQ,time,5,4.9570,27,9215.63,7922,8914.470100051904,1.033783150026082,likely,,15,13,none,0
vUTiAx74tBQ,UCQNFJVAUF-qWtK0dawxcOaQ,heldout,7,6.9570,27,7844.83,7922,8914.470100051904,0.8800104966169923,likely,0.16247832457591904,15,13,none,0
vUTiAx74tBQ,UCQNFJVAUF-qWtK0dawxcOaQ,time,7,6.9570,27,7844.83,7922,8914.470100051904,0.8800104966169923,likely,0.16247832457591904,15,13,none,0
vUTiAx74tBQ,UCQNFJVAUF-qWtK0dawxcOaQ,heldout,14,15.9570,27,7951.23,7922,8730.215070133292,0.9107717021216722,confirmed,0.11661780306852874,15,11,none,0
vUTiAx74tBQ,UCQNFJVAUF-qWtK0dawxcOaQ,time,14,15.9570,27,7951.23,7922,8730.215070133292,0.9107717021216722,confirmed,0.11661780306852874,15,11,none,0
098ep9xrxSQ,UCGb34D3ThpmjLNn-FLv2_yQ,time,7,7.5417,27,1116.42,929,2868.651570316498,0.3891810250684801,confirmed,,15,15,none,0
098ep9xrxSQ,UCGb34D3ThpmjLNn-FLv2_yQ,time,14,12.5417,27,938.06,929,2868.999999999999,0.32696443793617913,confirmed,0.05094852645803852,15,11,none,0
zir51X51dVQ,UC6BW8DqrAmBEIeCtMa4bfBw,time,14,13.2167,28,3739.32,3464,3761.3558617490953,0.9941401999528714,confirmed,,15,15,none,0
NeC2f0FIS_Y,UCgdHSFcXvkN6O3NXvif0-pA,time,5,6.9481,29,1443.52,1377,,,insufficient,,0,0,none,0
NeC2f0FIS_Y,UCgdHSFcXvkN6O3NXvif0-pA,time,7,6.9481,29,1443.52,1377,,,insufficient,,0,0,none,0
NeC2f0FIS_Y,UCgdHSFcXvkN6O3NXvif0-pA,time,14,13.9481,29,1389.88,1377,,,insufficient,0.1755034350318372,0,0,none,0
kNBH1OgdbEw,UC-No2ITxJsNt50oJQ3fLmUA,time,14,13.7004,29,128312.88,122959,82198.14606117572,1.5610191088352807,confirmed,,15,13,none,0
OCluUTaAB9g,UCq6YaxJHA-t4bYBHHvaoZ8w,heldout,5,5.5830,31,8611.66,6898,9318.747121066977,0.9241219957649762,likely,,13,12,none,0
OCluUTaAB9g,UCq6YaxJHA-t4bYBHHvaoZ8w,heldout,7,5.5830,31,8611.66,6898,9318.747121066977,0.9241219957649762,likely,,13,12,none,0
QoDKNa_08cc,UCDVt6xCSRx3dqr_SGgc1hng,time,14,14.9576,27,8769.47,10611,3104.0348735339376,2.8251834155866367,confirmed,0.704270435953989,15,13,none,0
nB280m0HBe0,UCrzICdOsXhtn4zMlk4bnTIg,time,14,12.6249,28,5141.95,5396,2608.000000000001,1.9716062025230945,confirmed,0.3095605795738727,15,7,none,0
X1c1Xp45U1E,UC6QNjBn6KMq5-pe3OE11zZg,time,0.5,0.6120,27,4681.51,21937,10811.000000000007,0.43303192617836694,early,,15,9,none,0
X1c1Xp45U1E,UC6QNjBn6KMq5-pe3OE11zZg,time,1,0.6120,27,4681.51,21937,10811.000000000007,0.43303192617836694,early,,15,9,none,0
X1c1Xp45U1E,UC6QNjBn6KMq5-pe3OE11zZg,time,2,2.6120,27,40757.88,21937,10811.000000000007,3.7700377708087163,early,3.117143217034386,15,9,none,0
X1c1Xp45U1E,UC6QNjBn6KMq5-pe3OE11zZg,time,3,2.6120,27,40757.88,21937,10811.000000000007,3.7700377708087163,early,3.117143217034386,15,9,none,0
X1c1Xp45U1E,UC6QNjBn6KMq5-pe3OE11zZg,time,5,4.6120,27,34052.67,21937,10811.000000000007,3.14981673470984,likely,2.04525859024282,15,8,none,0
X1c1Xp45U1E,UC6QNjBn6KMq5-pe3OE11zZg,time,7,6.6120,27,31926.97,21937,10811.000000000007,2.953193083240446,likely,1.6590235673604514,15,7,none,0
X1c1Xp45U1E,UC6QNjBn6KMq5-pe3OE11zZg,time,14,13.6120,27,26045.41,21937,10811.000000000007,2.409158260858543,confirmed,1.1945461644296078,15,5,none,0
KihWWM1TE-w,UCfa9hkgsTHfK8bpDoiQZI5g,time,1,0.7756,29,2556.03,2235,2819.891653831608,0.9064266779979628,early,,14,14,none,0
KihWWM1TE-w,UCfa9hkgsTHfK8bpDoiQZI5g,time,2,1.7756,29,2137.34,2235,3242.687123584639,0.6591250507342249,early,0.6887863354205369,15,15,none,0
KihWWM1TE-w,UCfa9hkgsTHfK8bpDoiQZI5g,time,3,2.7756,29,2469.57,2235,3274.142490503033,0.7542647367077682,early,0.5954185924919033,15,15,none,0
KihWWM1TE-w,UCfa9hkgsTHfK8bpDoiQZI5g,time,5,4.7756,29,2436.54,2235,3264.19827482652,0.7464434599450236,likely,0.49997745686213413,15,15,none,0
KihWWM1TE-w,UCfa9hkgsTHfK8bpDoiQZI5g,time,7,6.7756,29,2389.90,2235,3218.7348266260196,0.7424967253597753,likely,0.4421230491574299,15,15,none,0
KihWWM1TE-w,UCfa9hkgsTHfK8bpDoiQZI5g,time,14,14.7756,29,2465.95,2235,3102.3278673840805,0.7948699618062423,confirmed,0.35487503798981807,15,11,none,0
yuQ8KP559BQ,UCDNHPNeWScAC8h8IxtEBtkQ,heldout,14,12.0820,31,55310.79,53127,68321.23398389666,0.8095696066260267,confirmed,,15,12,none,0
3YyF2njm2N8,UCnYMOamNKLGVlJgRUbamveA,heldout,14,15.9583,31,18183.87,17652,34169.73625656947,0.5321630605609654,confirmed,0.01570793725803717,15,14,none,0
KA5MUJzQYrM,UCPAt6z5uX_c5Eo_cSNROzYw,time,14,13.6457,29,1425.23,1410,10460.873145006804,0.1362439577914834,confirmed,0.020586759789967567,15,15,none,0
410kMINGZ0o,UCbvIIQc5Jo9-jIXnkPe03oA,time,1,0.9653,28,25073.49,34133,19807.999999999993,1.2658263030609747,early,,15,10,none,0
410kMINGZ0o,UCbvIIQc5Jo9-jIXnkPe03oA,time,2,1.9653,28,30918.53,34133,19807.999999999993,1.5609112837493682,early,0.7228582287521462,15,10,none,0
410kMINGZ0o,UCbvIIQc5Jo9-jIXnkPe03oA,time,3,2.9653,28,29042.86,34133,19807.999999999993,1.466218475776715,early,0.6209294116134236,15,10,none,0
410kMINGZ0o,UCbvIIQc5Jo9-jIXnkPe03oA,time,5,4.9653,28,34096.76,34133,19807.999999999993,1.7213630392600752,likely,0.5702431059241855,15,10,none,0
410kMINGZ0o,UCbvIIQc5Jo9-jIXnkPe03oA,time,7,6.9653,28,36112.15,34133,19807.999999999993,1.8231095068302423,likely,0.5542821104540577,15,10,none,0
410kMINGZ0o,UCbvIIQc5Jo9-jIXnkPe03oA,time,14,12.9653,28,38511.02,34133,19532.3144171565,1.9716569192451152,confirmed,0.5072979894858882,15,9,none,0
vhkqtvrnjE4,UC4AkVj-qnJxNtKuz3rkq16A,time,14,13.8738,28,4428.06,4464,6270.077610452272,0.7062213065934755,confirmed,0.06911789293036615,15,11,none,0
N8UbjuIMaEg,UCCZLVYAGIoGvaFUrTyyeaXA,time,5,5.0200,28,7680.60,6091,11196.556912602488,0.6859783503968214,likely,,6,6,none,0
N8UbjuIMaEg,UCCZLVYAGIoGvaFUrTyyeaXA,time,7,7.0200,28,6397.55,6091,10757.726613003711,0.5946936752105157,confirmed,0.08819952701591768,6,6,none,0
N8UbjuIMaEg,UCCZLVYAGIoGvaFUrTyyeaXA,time,14,13.0200,28,6210.90,6091,9787.576956063534,0.6345693672439431,confirmed,0.06763450304004698,6,6,none,0
i4TkaesMBtM,UCIp9sEZiv36cDG7cEnrVU7Q,time,1,0.9682,30,11862.43,29613,11153.380799096776,1.0635722698443935,early,,15,14,none,0
i4TkaesMBtM,UCIp9sEZiv36cDG7cEnrVU7Q,time,2,1.9682,30,14921.69,29613,11217.817962976173,1.330177314219993,early,0.9791640330906665,15,14,none,0
i4TkaesMBtM,UCIp9sEZiv36cDG7cEnrVU7Q,time,3,3.9682,30,18606.58,29613,11157.386596537533,1.6676471282537424,likely,0.8295671035772534,15,13,none,0
i4TkaesMBtM,UCIp9sEZiv36cDG7cEnrVU7Q,time,5,4.9682,30,21396.03,29613,11087.296913830904,1.929778627236049,likely,0.7818343958101098,15,13,none,0
i4TkaesMBtM,UCIp9sEZiv36cDG7cEnrVU7Q,time,7,6.9682,30,22815.69,29613,10957.962424453544,2.082110443918576,likely,0.7511955271608174,15,13,none,0
i4TkaesMBtM,UCIp9sEZiv36cDG7cEnrVU7Q,time,14,13.9682,30,32061.43,29613,10745.273666089792,2.9837705380956634,confirmed,0.7729595719643761,15,12,none,0
QXqtcIfgc64,UC2eftfsjqc-H1_c8_uXbZJA,time,1,0.9994,27,289.03,312,182.23284145081232,1.5860683542733058,early,,6,6,none,0
QXqtcIfgc64,UC2eftfsjqc-H1_c8_uXbZJA,time,2,1.9994,27,332.31,312,186.1475607567893,1.7852154779814013,early,0.7702165082419694,6,6,none,0
QXqtcIfgc64,UC2eftfsjqc-H1_c8_uXbZJA,time,3,2.9994,27,355.90,312,192.38617250732904,1.8498993369281524,early,0.5524187741119827,6,5,none,0
QXqtcIfgc64,UC2eftfsjqc-H1_c8_uXbZJA,time,5,4.9994,27,282.10,312,193.35947586543804,1.458922598047706,likely,0.48290875081555945,6,5,none,0
QXqtcIfgc64,UC2eftfsjqc-H1_c8_uXbZJA,time,7,6.9994,27,285.21,312,201.77608135358903,1.413493461805954,likely,0.4501574520361861,6,5,none,0
QXqtcIfgc64,UC2eftfsjqc-H1_c8_uXbZJA,time,14,12.9994,27,361.05,312,201.74281087423924,1.7896451079164677,confirmed,0.41093822482663755,6,4,none,0
a5isoMkmHOQ,UC8wwEsUeTG9cpzvWT5Dsdqw,time,1,1.0417,27,43819.92,45016,23792.00371514108,1.8417920814083668,early,2.1819573964338916,15,12,none,0
a5isoMkmHOQ,UC8wwEsUeTG9cpzvWT5Dsdqw,time,2,2.0417,27,59035.98,45016,23817.66591295581,2.478663501567191,early,1.6933519119434834,15,11,none,0
a5isoMkmHOQ,UC8wwEsUeTG9cpzvWT5Dsdqw,time,3,3.0417,27,63859.12,45016,23767.785496991462,2.686793212858755,likely,1.4405982804227748,15,11,none,0
a5isoMkmHOQ,UC8wwEsUeTG9cpzvWT5Dsdqw,time,5,4.0417,27,66034.15,45016,23714.813529000687,2.784510775818521,likely,1.3177116530313069,15,11,none,0
a5isoMkmHOQ,UC8wwEsUeTG9cpzvWT5Dsdqw,time,7,7.0417,27,70744.14,45016,23618.120818869837,2.995333347058576,confirmed,1.090940923064009,15,11,none,0
a5isoMkmHOQ,UC8wwEsUeTG9cpzvWT5Dsdqw,time,14,15.0417,27,57383.39,45016,23690.999999999978,2.422159889735653,confirmed,0.8514061901428419,15,9,none,0
CmkkuCfZJbc,UCfJT_eYDTmDE-ovKaxVE1ig,time,5,4.7914,27,262436.41,252086,,,insufficient,,0,0,none,0
CmkkuCfZJbc,UCfJT_eYDTmDE-ovKaxVE1ig,time,7,6.7914,27,275107.16,252086,,,insufficient,0.37426447685822545,0,0,none,0
CmkkuCfZJbc,UCfJT_eYDTmDE-ovKaxVE1ig,time,14,15.7914,27,262985.79,252086,,,insufficient,0.2093385334871405,0,0,none,0
xmQLP2dZLT4,UC4PIiYewI1YGyiZvgNlJNrA,time,0.5,0.5375,29,109172.77,133402,161479.93734104076,0.6760763717582609,early,,15,13,none,0
xmQLP2dZLT4,UC4PIiYewI1YGyiZvgNlJNrA,time,1,0.5375,29,109172.77,133402,161479.93734104076,0.6760763717582609,early,,15,13,none,0
xmQLP2dZLT4,UC4PIiYewI1YGyiZvgNlJNrA,time,2,1.5375,29,143206.08,133402,161900.53409508712,0.8845312523812161,early,1.057247580158903,15,13,none,0
xmQLP2dZLT4,UC4PIiYewI1YGyiZvgNlJNrA,time,3,2.5375,29,132689.31,133402,163688.34229497725,0.8106216507943045,early,0.7535036212802342,15,12,none,0
xmQLP2dZLT4,UC4PIiYewI1YGyiZvgNlJNrA,time,5,4.5375,29,142802.07,133402,164499.60410108202,0.8680997561985802,likely,0.6443759757634359,15,11,none,0
xmQLP2dZLT4,UC4PIiYewI1YGyiZvgNlJNrA,time,7,6.5375,29,127062.99,133402,165469.0833401744,0.7678956619666605,likely,0.5975442585362389,15,11,none,0
xmQLP2dZLT4,UC4PIiYewI1YGyiZvgNlJNrA,time,14,13.5375,29,155391.79,133402,175360.4185480924,0.8861280879257876,confirmed,0.530881378469967,15,10,none,0
y47-NKG4KrI,UCJP9OOLkOzsXbb_Bo_kqjTw,time,1,0.8047,29,6893.68,5115,28560.261465041887,0.24137316111589316,early,,15,13,none,0
y47-NKG4KrI,UCJP9OOLkOzsXbb_Bo_kqjTw,time,2,1.8047,29,5358.62,5115,28560.261465041887,0.18762499667560578,early,0.5322936480437388,15,12,none,0
y47-NKG4KrI,UCJP9OOLkOzsXbb_Bo_kqjTw,time,3,2.8047,29,4995.72,5115,28488.000000000022,0.17536228398803033,early,0.4376145685738085,15,11,none,0
y47-NKG4KrI,UCJP9OOLkOzsXbb_Bo_kqjTw,time,5,4.8047,29,4825.66,5115,28488.000000000022,0.16939280345765834,likely,0.38797479450736444,15,11,none,0
y47-NKG4KrI,UCJP9OOLkOzsXbb_Bo_kqjTw,time,7,6.8047,29,5420.47,5115,28488.000000000022,0.19027214210679128,likely,0.349363601295108,15,9,none,0
y47-NKG4KrI,UCJP9OOLkOzsXbb_Bo_kqjTw,time,14,13.8047,29,5293.61,5115,28414.496026283,0.18629949472418947,confirmed,0.2837800886851762,15,7,none,0
DN7U1eQ9o-s,UCM3hWnv_tshvTS660fhHH7A,heldout,1,0.8123,28,15778.29,35784,48567.56633164504,0.3248729291037131,early,,15,12,none,0
DN7U1eQ9o-s,UCM3hWnv_tshvTS660fhHH7A,time,1,0.8123,28,15778.29,35784,48567.56633164504,0.3248729291037131,early,,15,12,none,0
DN7U1eQ9o-s,UCM3hWnv_tshvTS660fhHH7A,heldout,2,1.8123,28,26244.84,35784,49184.56176047266,0.5335992229674534,early,1.4558127051154066,15,11,none,0
DN7U1eQ9o-s,UCM3hWnv_tshvTS660fhHH7A,time,2,1.8123,28,26244.84,35784,49184.56176047266,0.5335992229674534,early,1.4558127051154066,15,11,none,0
DN7U1eQ9o-s,UCM3hWnv_tshvTS660fhHH7A,heldout,3,2.8123,28,29719.51,35784,49512.518515592186,0.600242369577575,early,1.10825990804727,15,11,none,0
DN7U1eQ9o-s,UCM3hWnv_tshvTS660fhHH7A,time,3,2.8123,28,29719.51,35784,49512.518515592186,0.600242369577575,early,1.10825990804727,15,11,none,0
DN7U1eQ9o-s,UCM3hWnv_tshvTS660fhHH7A,heldout,5,4.8123,28,28016.49,35784,50704.61618609976,0.552543265813505,likely,0.7979448937393159,15,11,none,0
DN7U1eQ9o-s,UCM3hWnv_tshvTS660fhHH7A,time,5,4.8123,28,28016.49,35784,50704.61618609976,0.552543265813505,likely,0.7979448937393159,15,11,none,0
DN7U1eQ9o-s,UCM3hWnv_tshvTS660fhHH7A,heldout,7,6.8123,28,29247.46,35784,51685.80765801193,0.5658701784106202,likely,0.722585931553116,15,11,none,0
DN7U1eQ9o-s,UCM3hWnv_tshvTS660fhHH7A,time,7,6.8123,28,29247.46,35784,51685.80765801193,0.5658701784106202,likely,0.722585931553116,15,11,none,0
DN7U1eQ9o-s,UCM3hWnv_tshvTS660fhHH7A,heldout,14,13.8123,28,31941.18,35784,54256.28223264264,0.5887092709513125,confirmed,0.6502904045058684,15,11,none,0
DN7U1eQ9o-s,UCM3hWnv_tshvTS660fhHH7A,time,14,13.8123,28,31941.18,35784,54256.28223264264,0.5887092709513125,confirmed,0.6502904045058684,15,11,none,0
GFTDR8_q63M,UCN7dywl5wDxTu1RM3eJ_h9Q,time,5,4.9164,29,55139.05,145852,5726.04747937672,9.629513069484517,likely,,8,8,none,0
GFTDR8_q63M,UCN7dywl5wDxTu1RM3eJ_h9Q,time,7,6.9164,29,65642.28,145852,5975.999999999996,10.984317245060891,likely,0.537022343476069,15,14,none,0
GFTDR8_q63M,UCN7dywl5wDxTu1RM3eJ_h9Q,time,14,13.9164,29,106944.70,145852,6068.194995764856,17.62380727647578,confirmed,0.7975576299254676,15,13,none,0
0BsiuLBfqOY,UC6BW8DqrAmBEIeCtMa4bfBw,time,14,13.2593,27,2782.85,2747,4016.717683283637,0.6928167559920553,confirmed,,15,15,none,0
99z-N2yTpa4,UCZEEC1w4jP1cV2dibuDFwIQ,heldout,14,13.8748,32,7041.45,6868,11596.65928360643,0.6071965971052232,confirmed,,14,13,none,0
sI0SygjRExI,UC3KNWfcAsfHDqIzHExknhFQ,time,5,6.6374,27,106.09,179,,,insufficient,,1,1,none,0
sI0SygjRExI,UC3KNWfcAsfHDqIzHExknhFQ,time,7,6.6374,27,106.09,179,,,insufficient,,1,1,none,0
sI0SygjRExI,UC3KNWfcAsfHDqIzHExknhFQ,time,14,13.6374,27,156.13,179,,,insufficient,0.5986949124301848,1,1,none,0
0MaBOq9QlSY,UC9Nrmsn0jlFsbuzmeUVdIUw,time,2,2.0416,27,82.11,86,,,insufficient,,2,2,none,0
0MaBOq9QlSY,UC9Nrmsn0jlFsbuzmeUVdIUw,time,3,3.0416,27,65.66,86,118.69102158756226,0.5532109332091656,likely,0.3061008873526544,15,13,none,0
0MaBOq9QlSY,UC9Nrmsn0jlFsbuzmeUVdIUw,time,5,5.0416,27,85.74,86,117.86778206843032,0.7273846337026418,likely,0.49971139130096615,15,13,none,0
0MaBOq9QlSY,UC9Nrmsn0jlFsbuzmeUVdIUw,time,7,7.0416,27,99.49,86,119.32198442256829,0.8338244918628573,confirmed,0.5065354038762033,15,13,none,0
0MaBOq9QlSY,UC9Nrmsn0jlFsbuzmeUVdIUw,time,14,13.0416,27,94.80,86,124.66905172571481,0.7603845915180307,confirmed,0.3989559453387587,15,10,none,0
7k4tQoOSd-8,UCIcCXe3iWo6lq-iWKV40Oug,heldout,14,12.8315,30,18840.82,20029,16836.77081352769,1.1190282344801148,confirmed,,15,14,none,0
wmnIc2Qtd3o,UCQVakLjtBUGlQOThqRZ7uhw,time,14,13.7792,29,7292.81,7119,2953.3726433697684,2.4693151071280632,confirmed,0.24884788409971134,15,12,none,0
HzA07cvOfh8,UCnwAlhoB5rVhh6y5P96RXAw,heldout,14,12.9579,30,122499.74,128904,53317.12514452508,2.2975683590210676,confirmed,,8,8,none,0
Lz4UD7Uyor8,UC1J4DKcJXENzC-FkyMU6dow,time,7,8.5066,27,39640.66,44313,54262.58043136803,0.7305339363210326,confirmed,,13,13,none,0
Lz4UD7Uyor8,UC1J4DKcJXENzC-FkyMU6dow,time,14,13.5066,27,32767.87,44313,56673.74644644231,0.5781842764838143,confirmed,0.016901222591957994,15,11,none,0
E3vmC5QWZV4,UCanFJj7l5LIdEsxlJVK0c5g,time,14,14.9580,27,10186.25,9843,20919.81679202768,0.48691885093582055,confirmed,0.15009096883093292,15,14,none,0
qwOO7WVPYWE,UClPWZq1CXsdOE9GlD6qIcZA,time,1,0.9988,29,1679.52,5098,5462.5117423442425,0.30746296737604994,early,,15,12,none,0
qwOO7WVPYWE,UClPWZq1CXsdOE9GlD6qIcZA,time,2,1.9988,29,2129.50,5098,5518.441456045972,0.38588824728640064,early,0.8015836411266428,15,12,none,0
qwOO7WVPYWE,UClPWZq1CXsdOE9GlD6qIcZA,time,3,2.9988,29,2039.94,5098,5561.53407407624,0.36679482684031794,early,0.7879283326186983,15,12,none,0
qwOO7WVPYWE,UClPWZq1CXsdOE9GlD6qIcZA,time,5,4.9988,29,2837.84,5098,5697.369264249858,0.4980963799148025,likely,0.760682715463327,15,12,none,0
qwOO7WVPYWE,UClPWZq1CXsdOE9GlD6qIcZA,time,7,6.9988,29,3469.35,5098,5813.101335341433,0.5968149427108865,likely,0.8334606658029388,15,12,none,0
qwOO7WVPYWE,UClPWZq1CXsdOE9GlD6qIcZA,time,14,12.9988,29,4242.86,5098,5976.999999999995,0.7098641892028843,confirmed,0.7774591342712802,15,11,none,0
XYX2zn-zQn0,UCKegeYEy0lJxpkjWRthaRMw,time,14,14.0076,28,50326.55,48958,15318.000000000002,3.2854515548372913,confirmed,1.183311822135831,15,13,none,0
8iZl4ZzhW3E,UCa09am-cOsC-FSgr_nLkFFA,time,1,1.8708,27,67800.06,64324,100582.43923006422,0.6740745480916017,early,,15,14,none,0
8iZl4ZzhW3E,UCa09am-cOsC-FSgr_nLkFFA,time,2,1.8708,27,67800.06,64324,100582.43923006422,0.6740745480916017,early,,15,14,none,0
8iZl4ZzhW3E,UCa09am-cOsC-FSgr_nLkFFA,time,3,2.8708,27,55625.96,64324,100582.43923006422,0.5530384392686165,early,0.37708799402295784,15,14,none,0
8iZl4ZzhW3E,UCa09am-cOsC-FSgr_nLkFFA,time,5,4.8708,27,58965.11,64324,100582.43923006422,0.586236639389215,likely,0.33776314759153625,15,14,none,0
8iZl4ZzhW3E,UCa09am-cOsC-FSgr_nLkFFA,time,7,6.8708,27,66624.35,64324,101355.00623146091,0.6573365805406803,likely,0.3617523555431033,15,14,none,0
8iZl4ZzhW3E,UCa09am-cOsC-FSgr_nLkFFA,time,14,12.8708,27,65944.77,64324,102451.00000000003,0.6436713097532653,confirmed,0.3080477693316087,15,13,none,0
YhjqyX69Eto,UC1CVzH-XVr3E-kTT6D8hhfg,time,1,0.9160,29,21658.26,25531,46473.24531552151,0.46603721467787473,early,,15,8,none,0
YhjqyX69Eto,UC1CVzH-XVr3E-kTT6D8hhfg,time,2,1.9160,29,25172.75,25531,46473.429495926626,0.5416589307457452,early,0.7696207518082275,15,8,none,0
YhjqyX69Eto,UC1CVzH-XVr3E-kTT6D8hhfg,time,3,2.9160,29,21547.04,25531,46564.229055058044,0.46273804943775215,early,0.5536781246815744,15,7,none,0
YhjqyX69Eto,UC1CVzH-XVr3E-kTT6D8hhfg,time,5,4.9160,29,20002.85,25531,46041.91403842881,0.434448813196655,likely,0.49586715619230554,15,7,none,0
YhjqyX69Eto,UC1CVzH-XVr3E-kTT6D8hhfg,time,7,6.9160,29,21991.32,25531,44807.978925807605,0.4907903486439859,likely,0.44898030717841986,15,7,none,0
YhjqyX69Eto,UC1CVzH-XVr3E-kTT6D8hhfg,time,14,13.9160,29,25177.15,25531,42796.36661360068,0.5883011136368983,confirmed,0.43482664259043924,15,4,none,0
SpH5EJEiRnU,UC6BW8DqrAmBEIeCtMa4bfBw,time,14,13.3266,28,4478.30,4100,3761.3558617490953,1.1906082632076527,confirmed,,15,15,none,0
uzggnC5Jwts,UCznv7Vf9nBdJYvBagFdAHWw,time,5,6.5591,28,9671.47,11856,39077.88056901336,0.24749222206502433,likely,,15,14,none,0
uzggnC5Jwts,UCznv7Vf9nBdJYvBagFdAHWw,time,7,6.5591,28,9671.47,11856,39077.88056901336,0.24749222206502433,likely,,15,14,none,0
uzggnC5Jwts,UCznv7Vf9nBdJYvBagFdAHWw,time,14,13.5591,28,12170.22,11856,38647.352210811536,0.3149044356673341,confirmed,0.4667802323613257,15,13,none,0
pNAfBk_FIa0,UCxLipCsyGLyiRKRtpRtZHeg,heldout,1,1.8022,29,76.52,50,,,insufficient,,7,7,none,0
pNAfBk_FIa0,UCxLipCsyGLyiRKRtpRtZHeg,heldout,2,1.8022,29,76.52,50,,,insufficient,,7,7,none,0
pNAfBk_FIa0,UCxLipCsyGLyiRKRtpRtZHeg,heldout,3,2.8022,29,51.55,50,,,insufficient,0,8,8,none,0
pNAfBk_FIa0,UCxLipCsyGLyiRKRtpRtZHeg,heldout,5,4.8022,29,46.82,50,,,insufficient,0,8,8,none,0
pNAfBk_FIa0,UCxLipCsyGLyiRKRtpRtZHeg,heldout,7,6.8022,29,46.30,50,,,insufficient,0.02353261749459106,8,8,none,0
pNAfBk_FIa0,UCxLipCsyGLyiRKRtpRtZHeg,heldout,14,13.8022,29,46.64,50,,,insufficient,0.055931059706404766,8,8,none,0
k7D85T_RJb4,UC0r_-7jgl1yl0oWzGEJ6o3w,time,1,0.8739,27,1576064.87,2557126,1704502.9999999998,0.9246477542155249,early,,15,13,none,0
k7D85T_RJb4,UC0r_-7jgl1yl0oWzGEJ6o3w,time,2,1.8739,27,1940662.25,2557126,1704502.9999999998,1.1385502094158266,early,0.890791052016052,15,13,none,0
k7D85T_RJb4,UC0r_-7jgl1yl0oWzGEJ6o3w,time,3,2.8739,27,1947583.73,2557126,1704502.9999999998,1.142610914820876,early,0.7293188072679765,15,13,none,0
k7D85T_RJb4,UC0r_-7jgl1yl0oWzGEJ6o3w,time,5,4.8739,27,2200413.66,2557126,1704502.9999999998,1.290941498462483,likely,0.6724094768925076,15,13,none,0
k7D85T_RJb4,UC0r_-7jgl1yl0oWzGEJ6o3w,time,7,6.8739,27,2758724.56,2557126,1704502.9999999998,1.6184920544718213,likely,0.6661006973489736,15,13,none,0
k7D85T_RJb4,UC0r_-7jgl1yl0oWzGEJ6o3w,time,14,12.8739,27,3000748.62,2557126,1704502.9999999998,1.760483038707811,confirmed,0.5725848152086708,15,12,none,0
krH4kdFuZG0,UCnwlWgbcxwpsnB7LtOL1kPg,time,14,14.0824,29,14705.38,13332,7320.745061810678,2.0087277234056113,confirmed,,15,15,none,0
W6BOaobUC38,UCrwbBzP11NhxRUCRKx_BgoQ,time,14,12.9313,27,239552.51,220856,523738.2206077995,0.4573897749362531,confirmed,,15,15,none,0
F7Y-94Q6Vtc,UCboCCtnsCslt0ZT9W47thcA,time,5,6.7777,29,699.66,679,,,insufficient,,0,0,none,0
F7Y-94Q6Vtc,UCboCCtnsCslt0ZT9W47thcA,time,7,6.7777,29,699.66,679,,,insufficient,,0,0,none,0
F7Y-94Q6Vtc,UCboCCtnsCslt0ZT9W47thcA,time,14,13.7777,29,670.45,679,,,insufficient,0.16527299136165458,0,0,none,0
qfe5SGtQHd8,UCGb34D3ThpmjLNn-FLv2_yQ,time,14,13.5411,28,3390.49,3502,2372.075181112571,1.4293368257350734,confirmed,0.12013176980215325,15,11,none,0
qG0zAY2oaNQ,UCB5Nin2VBUeNLqamqEVh-2A,heldout,1,1.4553,30,12291.16,7706,46228.31140572931,0.26587949125833044,early,,15,14,none,0
qG0zAY2oaNQ,UCB5Nin2VBUeNLqamqEVh-2A,heldout,2,1.4553,30,12291.16,7706,46228.31140572931,0.26587949125833044,early,,15,14,none,0
qG0zAY2oaNQ,UCB5Nin2VBUeNLqamqEVh-2A,heldout,14,13.4553,30,7867.98,7706,45148.85518143541,0.1742675398138337,confirmed,0.1964526844326549,15,14,none,0
nvszAm0e2-g,UC5r1tWnU1rYAXxXaJ56nX2Q,time,14,13.6590,27,51.49,54,57.62219876545892,0.8936548058198777,confirmed,0.46007544540070155,15,14,none,0
i1EdSmxLylU,UCfYfK0tzHZTpNFrc_NDKfTA,heldout,5,5.8749,27,1331.45,1262,1587.5546962697713,0.8386785156817126,likely,,15,15,none,0
i1EdSmxLylU,UCfYfK0tzHZTpNFrc_NDKfTA,time,5,5.8749,27,1331.45,1262,1587.5546962697713,0.8386785156817126,likely,,15,15,none,0
i1EdSmxLylU,UCfYfK0tzHZTpNFrc_NDKfTA,heldout,7,6.8749,27,1103.37,1262,1565.7962217839113,0.7046691453424008,likely,0.1486148754444381,15,14,none,0
i1EdSmxLylU,UCfYfK0tzHZTpNFrc_NDKfTA,time,7,6.8749,27,1103.37,1262,1565.7962217839113,0.7046691453424008,likely,0.1486148754444381,15,14,none,0
i1EdSmxLylU,UCfYfK0tzHZTpNFrc_NDKfTA,heldout,14,12.8749,27,1212.47,1262,1517.399571697257,0.7990431848687777,confirmed,0.18105892694824952,15,13,none,0
i1EdSmxLylU,UCfYfK0tzHZTpNFrc_NDKfTA,time,14,12.8749,27,1212.47,1262,1517.399571697257,0.7990431848687777,confirmed,0.18105892694824952,15,13,none,0
Bkkps-ycDBU,UCll3zdukvI1oWlG-F13UCZw,time,1,1.0214,27,7187.31,3897,4191.494142500168,1.7147359620745095,early,,15,15,none,0
Bkkps-ycDBU,UCll3zdukvI1oWlG-F13UCZw,time,2,2.0214,27,4714.68,3897,4140.092330568056,1.1387866463364245,early,0.21551408641596015,15,15,none,0
Bkkps-ycDBU,UCll3zdukvI1oWlG-F13UCZw,time,3,3.0214,27,4138.76,3897,4096.807591623174,1.0102404500355873,likely,0.14281209442429552,15,15,none,0
Bkkps-ycDBU,UCll3zdukvI1oWlG-F13UCZw,time,5,5.0214,27,3915.74,3897,4056.0589247220914,0.9654058431169771,likely,0.12734925630283217,15,15,none,0
Bkkps-ycDBU,UCll3zdukvI1oWlG-F13UCZw,time,7,7.0214,27,3951.62,3897,4021.5286211471125,0.9826173208480149,confirmed,0.1331295888869722,15,15,none,0
Bkkps-ycDBU,UCll3zdukvI1oWlG-F13UCZw,time,14,13.0214,27,3971.93,3897,3920.3834146308736,1.0131471430966048,confirmed,0.12522104196285824,15,14,none,0
xshlLGJdX80,UC3KNWfcAsfHDqIzHExknhFQ,time,5,6.6374,28,204.59,397,,,insufficient,,2,2,none,0
xshlLGJdX80,UC3KNWfcAsfHDqIzHExknhFQ,time,7,6.6374,28,204.59,397,,,insufficient,,2,2,none,0
xshlLGJdX80,UC3KNWfcAsfHDqIzHExknhFQ,time,14,13.6374,28,319.81,397,,,insufficient,0.6913460080516339,2,2,none,0
_5g09wlF2pY,UC-2vh3f5tIDkt4K01ZsGDXw,heldout,2,2.8157,31,8577.62,15474,22943.966352989555,0.37385084413576636,early,,12,11,none,0
_5g09wlF2pY,UC-2vh3f5tIDkt4K01ZsGDXw,heldout,3,2.8157,31,8577.62,15474,22943.966352989555,0.37385084413576636,early,,12,11,none,0
Dt-XlIc8lgE,UCayab18rVcu2PA685_WZXig,time,14,13.7476,27,454.93,419,495.57666798090037,0.9179841107185623,confirmed,,11,10,none,0
Oq494uiCdnI,UCic4iGbudp-7bELJppHBNfw,time,7,7.8329,29,527.90,444,779.4992699897437,0.6772324557951667,confirmed,,15,14,none,0
Oq494uiCdnI,UCic4iGbudp-7bELJppHBNfw,time,14,14.8329,29,450.89,444,772.9227563760477,0.5833586628520163,confirmed,0.06830713134328338,15,12,none,0
BzJoiYVBSTQ,UCNRXCkyFGkmw_TcFMw7fBaQ,time,1,0.8747,28,41090.96,47708,69679.36434449947,0.5897149632999349,early,,6,5,none,0
BzJoiYVBSTQ,UCNRXCkyFGkmw_TcFMw7fBaQ,time,2,1.8747,28,47160.15,47708,68632.54357308846,0.6871397629043712,early,0.7265507073411251,6,5,none,0
BzJoiYVBSTQ,UCNRXCkyFGkmw_TcFMw7fBaQ,time,3,2.8747,28,47674.00,47708,67636.62009607509,0.7048549083417193,early,0.6426693706288928,6,5,none,0
BzJoiYVBSTQ,UCNRXCkyFGkmw_TcFMw7fBaQ,time,5,4.8747,28,40697.95,47708,66076.01461493644,0.6159262623234757,likely,0.47741972263381377,6,5,none,0
BzJoiYVBSTQ,UCNRXCkyFGkmw_TcFMw7fBaQ,time,7,7.8747,28,41422.81,47708,64463.856312449956,0.6425742237491705,confirmed,0.41518945904513255,6,5,none,0
BzJoiYVBSTQ,UCNRXCkyFGkmw_TcFMw7fBaQ,time,14,13.8747,28,44160.92,47708,62113.1135383799,0.7109758455212797,confirmed,0.36874457227135804,6,5,none,0
L0yG4EGiY_g,UCnjOBqS_4w-AsjyDr4bQEUg,time,1,0.9162,27,10841.17,11043,6179.000000000004,1.7545191737442758,early,,15,8,none,0
L0yG4EGiY_g,UCnjOBqS_4w-AsjyDr4bQEUg,time,2,1.9162,27,9564.14,11043,6179.000000000004,1.5478455649740976,early,0.6634096500808024,15,8,none,0
L0yG4EGiY_g,UCnjOBqS_4w-AsjyDr4bQEUg,time,3,2.9162,27,10769.12,11043,6179.000000000004,1.742857302314383,early,0.49639276948172034,15,7,none,0
L0yG4EGiY_g,UCnjOBqS_4w-AsjyDr4bQEUg,time,5,4.9162,27,11381.82,11043,6179.000000000004,1.8420173105140893,likely,0.3916009073726783,15,7,none,0
L0yG4EGiY_g,UCnjOBqS_4w-AsjyDr4bQEUg,time,7,6.9162,27,11286.57,11043,6179.000000000004,1.8266009524689502,likely,0.3651897642978146,15,7,none,0
L0yG4EGiY_g,UCnjOBqS_4w-AsjyDr4bQEUg,time,14,15.9162,27,11974.70,11043,6179.000000000004,1.9379672076008103,confirmed,0.3445289994152575,15,3,none,0
csBoh1NBNUM,UC_7aK9PpYTqt08ERh1MewlQ,heldout,1,0.9575,28,30124.54,44554,22948.629239517148,1.3126946077227077,early,,15,10,none,0
csBoh1NBNUM,UC_7aK9PpYTqt08ERh1MewlQ,heldout,2,2.9575,28,49710.56,44554,23222.14169085798,2.140653744346313,early,0.9329732309718599,15,9,none,0
csBoh1NBNUM,UC_7aK9PpYTqt08ERh1MewlQ,heldout,3,2.9575,28,49710.56,44554,23222.14169085798,2.140653744346313,early,0.9329732309718599,15,9,none,0
csBoh1NBNUM,UC_7aK9PpYTqt08ERh1MewlQ,heldout,5,4.9575,28,57273.20,44554,23669.29296411336,2.419725995432137,likely,0.8612215310155299,15,9,none,0
csBoh1NBNUM,UC_7aK9PpYTqt08ERh1MewlQ,heldout,7,6.9575,28,59754.56,44554,24315.255234482975,2.4574925414947906,likely,0.7727933956798969,15,9,none,0
csBoh1NBNUM,UC_7aK9PpYTqt08ERh1MewlQ,heldout,14,13.9575,28,50153.37,44554,25175.026790473094,1.9921873171831224,confirmed,0.5944141836287586,15,8,none,0
NsKflqx9Bf0,UCr3GuyRSJO1yRwzTt5rzFWA,time,14,13.9787,29,2279.35,2561,2989.4627681203865,0.7624619350750914,confirmed,0.30767226459551233,15,13,none,0
UknYGN61y98,UC1NVV2D3Jhv2ykmpTwooUwQ,time,5,6.8215,29,2755.70,2312,,,insufficient,,0,0,none,0
UknYGN61y98,UC1NVV2D3Jhv2ykmpTwooUwQ,time,7,6.8215,29,2755.70,2312,,,insufficient,,0,0,none,0
UknYGN61y98,UC1NVV2D3Jhv2ykmpTwooUwQ,time,14,13.8215,29,2368.47,2312,,,insufficient,0.07215915149947155,0,0,none,0
9jGCaysNceg,UCIjZGb-JlfZuUzggOcIx_Mg,time,14,15.0152,27,275.72,290,347,0.7945745495525873,confirmed,0.10626401833084437,9,8,none,0
aDizcTftOx8,UCYL1Kn00HYDP0gOZKHBC84w,heldout,14,13.6666,29,48257.14,45393,5532.516550093224,8.72245686919603,confirmed,,12,10,none,0
aDizcTftOx8,UCYL1Kn00HYDP0gOZKHBC84w,time,14,13.6666,29,48257.14,45393,5532.516550093224,8.72245686919603,confirmed,,12,10,none,0
5k3gxj2Sj2M,UCGy7EnfIC59wJNSSwt5nzdg,time,14,13.9642,28,491.32,518,332.3445135939705,1.4783331529183972,confirmed,0.029472181930096413,15,14,none,0
--He8I3JOwU,UCaYGMFDjbnjrowLyhYir_jw,time,14,13.1823,27,3044.72,2995,2739.677113061086,1.1113433966981907,confirmed,0.2794634191808729,15,14,none,0
2fphONHSp1A,UCq_2n18CJaRVGxEfxtCfI-Q,time,5,4.8261,28,194411.77,149208,118368.47744789424,1.6424285679240367,likely,,15,15,none,0
2fphONHSp1A,UCq_2n18CJaRVGxEfxtCfI-Q,time,7,6.8261,28,160143.82,149208,116888.2170764005,1.370059573967644,likely,0.04803395963273753,15,15,none,0
2fphONHSp1A,UCq_2n18CJaRVGxEfxtCfI-Q,time,14,13.8261,28,152780.59,149208,113074.72304103078,1.351147163174673,confirmed,0.030613424864958647,15,12,none,0
gzEc4CO2uHw,UCWZwfV3ICOt3uEPpW6hYK4g,time,7,8.8741,28,5276.50,5560,9506.600685031792,0.555035009463946,confirmed,,15,15,none,0
gzEc4CO2uHw,UCWZwfV3ICOt3uEPpW6hYK4g,time,14,13.8741,28,5264.86,5560,9459.709934621733,0.5565556686741792,confirmed,0.293575008621047,15,15,none,0
0zJqU2JG6VI,UChISHLovxnSLP0w81NEQj5w,time,14,12.8663,27,46651.17,45115,17197.318170573202,2.712700376543894,confirmed,0.017228012287556625,15,15,none,0
nx_Ek08Jj5Q,UCc8cHxAZ3jwWkrrDyaLwDUw,time,5,6.6041,28,3551.34,3078,,,insufficient,,1,1,none,0
nx_Ek08Jj5Q,UCc8cHxAZ3jwWkrrDyaLwDUw,time,7,6.6041,28,3551.34,3078,,,insufficient,,1,1,none,0
nx_Ek08Jj5Q,UCc8cHxAZ3jwWkrrDyaLwDUw,time,14,13.6041,28,3086.79,3078,,,insufficient,0.08788618085180773,1,1,none,0
9ddgWQ8wQo0,UCpXipTyhIY9kprpvVd-lu0A,time,3,3.9270,27,25661.18,21357,59927.2707874221,0.42820545544263644,likely,,15,15,none,0
9ddgWQ8wQo0,UCpXipTyhIY9kprpvVd-lu0A,time,5,4.9270,27,19067.12,21357,59548.945200880175,0.32019243550143356,likely,0.19367711804973597,15,15,none,0
9ddgWQ8wQo0,UCpXipTyhIY9kprpvVd-lu0A,time,7,6.9270,27,21859.27,21357,59103.37547408858,0.36984800955606945,likely,0.25558644312596757,15,15,none,0
9ddgWQ8wQo0,UCpXipTyhIY9kprpvVd-lu0A,time,14,12.9270,27,22015.98,21357,57093.8245592678,0.38561047847637825,confirmed,0.21906378196469237,15,15,none,0
WjLnnmeDV1w,UCPAt6z5uX_c5Eo_cSNROzYw,time,7,8.9418,28,559.48,456,8695.046751900161,0.06434413974403953,confirmed,,15,15,none,0
WjLnnmeDV1w,UCPAt6z5uX_c5Eo_cSNROzYw,time,14,13.9418,28,463.33,456,8338.769849958288,0.05556329908599708,confirmed,0.022063101071045414,15,15,none,0
TweVaQib0Z4,UCAGgFGwq4HZKLZ4gXo9xLiw,time,5,5.0428,27,2732.12,2293,3427.23399612331,0.7971778540860261,likely,,6,6,none,0
TweVaQib0Z4,UCAGgFGwq4HZKLZ4gXo9xLiw,time,7,7.0428,27,2591.82,2293,3283.2588780639107,0.789405487378767,confirmed,0.2416566330325141,6,6,none,0
TweVaQib0Z4,UCAGgFGwq4HZKLZ4gXo9xLiw,time,14,13.0428,27,2449.97,2293,3012.54981156556,0.8132541280998363,confirmed,0.132521973685533,6,6,none,0
LYw2CDwr62w,UCuVaqIpPgUyGP6AytqSfs0g,heldout,3,3.0829,31,2680.81,2008,2722.784691232863,0.9845821793584393,likely,,15,15,none,0
LYw2CDwr62w,UCuVaqIpPgUyGP6AytqSfs0g,heldout,5,3.0829,31,2680.81,2008,2722.784691232863,0.9845821793584393,likely,,15,15,none,0
grS5cSMnGeg,UCztm4C-jD0jpHlDFhRyEltw,time,1,1.6667,27,888.32,938,,,insufficient,,1,1,none,0
grS5cSMnGeg,UCztm4C-jD0jpHlDFhRyEltw,time,2,1.6667,27,888.32,938,,,insufficient,,1,1,none,0
grS5cSMnGeg,UCztm4C-jD0jpHlDFhRyEltw,time,3,2.6667,27,746.90,938,3162.2103686984783,0.23619422206229232,early,0.4308337385357438,15,14,none,0
grS5cSMnGeg,UCztm4C-jD0jpHlDFhRyEltw,time,5,4.6667,27,800.48,938,3162.2103686984783,0.2531386027004946,likely,0.3676463706717964,15,14,none,0
grS5cSMnGeg,UCztm4C-jD0jpHlDFhRyEltw,time,7,6.6667,27,905.28,938,3249.349078696598,0.27860486740876134,likely,0.37995595280749184,15,13,none,0
grS5cSMnGeg,UCztm4C-jD0jpHlDFhRyEltw,time,14,12.6667,27,901.68,938,3491.2259511400375,0.25827164343697245,confirmed,0.3230492775289101,15,13,none,0
R-AI8vjoFr0,UCg2EPgrZtxyZPdaprLgSqpQ,time,5,6.3505,28,106.09,98,,,insufficient,,2,2,none,0
R-AI8vjoFr0,UCg2EPgrZtxyZPdaprLgSqpQ,time,7,7.3505,28,92.59,98,,,insufficient,0,2,2,none,0
R-AI8vjoFr0,UCg2EPgrZtxyZPdaprLgSqpQ,time,14,14.3505,28,95.36,98,,,insufficient,0.12353892170569487,2,2,none,0
r9GNtMO7fYQ,UCAmsTmQTOPbSfXs6QIDgGXg,time,14,12.6662,27,743.37,749,614.7958966779063,1.2091349133821514,confirmed,0.1308903871539254,15,13,none,0
vP_TFGUrbx0,UC6BW8DqrAmBEIeCtMa4bfBw,time,14,13.3478,28,15786.12,14329,3761.3558617490953,4.196923627516172,confirmed,,15,15,none,0
QO3JA2e8_Bw,UCGpsgNbzdF7BECCVbB1COHw,time,14,13.6726,29,20249.36,19842,6807.611906603235,2.974516961405653,confirmed,0.24558944602727262,15,15,none,0
qjH5nhHZIGw,UCGuIM34mGnfTDjfd9vwPtAQ,heldout,1,1.9573,32,21166.76,25560,20528.999999999985,1.0310661831145442,early,,15,10,none,0
qjH5nhHZIGw,UCGuIM34mGnfTDjfd9vwPtAQ,heldout,2,1.9573,32,21166.76,25560,20528.999999999985,1.0310661831145442,early,,15,10,none,0
qjH5nhHZIGw,UCGuIM34mGnfTDjfd9vwPtAQ,heldout,3,3.9573,32,19681.94,25560,20528.999999999985,0.958738172930848,likely,0.4604844888234594,15,10,none,0
qjH5nhHZIGw,UCGuIM34mGnfTDjfd9vwPtAQ,heldout,5,4.9573,32,21360.51,25560,20528.999999999985,1.0405043398133087,likely,0.4410695255147232,15,10,none,0
qjH5nhHZIGw,UCGuIM34mGnfTDjfd9vwPtAQ,heldout,7,6.9573,32,21028.03,25560,20528.999999999985,1.024308439302293,likely,0.43566214484688764,15,10,none,0
qjH5nhHZIGw,UCGuIM34mGnfTDjfd9vwPtAQ,heldout,14,13.9573,32,22594.69,25560,20528.999999999985,1.1006229108516106,confirmed,0.3677799267367661,15,9,none,0
I1G0PGxQ9RY,UCll3zdukvI1oWlG-F13UCZw,time,1,0.8972,29,5525.36,2638,4481.469128830857,1.2329353522821556,early,,15,15,none,0
I1G0PGxQ9RY,UCll3zdukvI1oWlG-F13UCZw,time,2,1.8972,29,3555.57,2638,4469.920776748866,0.7954439379023329,early,0.15925470876276343,15,15,none,0
I1G0PGxQ9RY,UCll3zdukvI1oWlG-F13UCZw,time,3,2.8972,29,3106.58,2638,4468.8333504402735,0.6951668927066772,early,0.10324860847636445,15,15,none,0
I1G0PGxQ9RY,UCll3zdukvI1oWlG-F13UCZw,time,5,4.8972,29,2882.28,2638,4504.659349932077,0.6398439821291108,likely,0.08425069901128365,15,15,none,0
I1G0PGxQ9RY,UCll3zdukvI1oWlG-F13UCZw,time,7,6.8972,29,2807.47,2638,4517.008564983678,0.6215333690282653,likely,0.07335929570983812,15,15,none,0
I1G0PGxQ9RY,UCll3zdukvI1oWlG-F13UCZw,time,14,13.8972,29,2641.27,2638,4610.32922313111,0.5729029587437349,confirmed,0.05720148520903392,15,12,none,0
_w-InFZK32M,UCvt-PjJT5B3B2cqcewYjFBQ,time,14,13.0458,28,548.61,548,450.00000000000006,1.219130304362593,confirmed,0.29843253569846523,15,11,none,0
smwzRFwPef0,UCiDJtJKMICpb9B1qf7qjEOA,heldout,5,6.9156,30,100763.65,86738,110351.77545472236,0.9131130756813397,likely,,15,15,none,0
smwzRFwPef0,UCiDJtJKMICpb9B1qf7qjEOA,heldout,7,6.9156,30,100763.65,86738,110351.77545472236,0.9131130756813397,likely,,15,15,none,0
smwzRFwPef0,UCiDJtJKMICpb9B1qf7qjEOA,heldout,14,13.9156,30,85965.77,86738,107654.75729127543,0.7985320429299569,confirmed,0.061115795868169225,15,15,none,0
dl1-_VhkoNg,UCoNdHj3AnsFD8IjLCxm4EFw,heldout,7,8.8716,30,2518.27,2201,3249.7647555012218,0.7749084983730411,confirmed,,12,12,none,0
C5aK1Vji-mU,UCYNGKZuT3dj0J0bBt4qfqXQ,time,14,13.2839,28,11594.42,13071,8302.999999999996,1.3964136004666459,confirmed,0.3682600274419158,15,11,none,0
5NnV6CZardk,UCTJdHk01ygktpSPfVTQRE6Q,heldout,5,5.6475,30,5760.11,7182,7124.878460128319,0.8084499201123228,likely,,15,15,none,0
5NnV6CZardk,UCTJdHk01ygktpSPfVTQRE6Q,heldout,7,5.6475,30,5760.11,7182,7124.878460128319,0.8084499201123228,likely,,15,15,none,0
5NnV6CZardk,UCTJdHk01ygktpSPfVTQRE6Q,heldout,14,13.6475,30,5963.19,7182,7219.1417048579315,0.8260242258179995,confirmed,0.2900635669492158,15,14,none,0
WvO5lOVPyJM,UCUpbDOT-OVNBlaQpb9pbd2w,heldout,7,8.4122,30,44262.96,35506,16994.131649407398,2.604602517703232,confirmed,,15,15,none,0
WvO5lOVPyJM,UCUpbDOT-OVNBlaQpb9pbd2w,heldout,14,13.4122,30,36565.72,35506,15691.24071717127,2.3303269013520187,confirmed,0.015285486563271082,15,15,none,0
X61yahEIJoM,UC0Fh1HN4RvOw2hMk9n5PysA,time,7,8.8327,27,474.86,496,235.79389386712498,2.013874879625517,confirmed,,4,4,none,0
X61yahEIJoM,UC0Fh1HN4RvOw2hMk9n5PysA,time,14,12.8327,27,459.22,496,429.8829566314939,1.068249610545531,confirmed,0.2607631214732419,15,14,none,0
NB_u7v_9ebM,UCqXT5lnIuR8vCQbD9-gkWnA,time,14,14.9752,27,720.51,695,1446.6719816401487,0.4980499915778193,confirmed,0.21068316230289577,15,14,none,0
A5bu-OvOvos,UCC_ycdL5_Rw9b6UEmtmUE3g,time,5,6.9465,29,4427.81,4688,,,insufficient,,1,1,none,0
A5bu-OvOvos,UCC_ycdL5_Rw9b6UEmtmUE3g,time,7,6.9465,29,4427.81,4688,,,insufficient,,1,1,none,0
A5bu-OvOvos,UCC_ycdL5_Rw9b6UEmtmUE3g,time,14,13.9465,29,4543.06,4688,,,insufficient,0.2345632763296861,1,1,none,0
VQLKPautr4Y,UCUpbDOT-OVNBlaQpb9pbd2w,time,5,4.5056,28,75638.73,61220,30388.637020634073,2.489046607686891,likely,,15,15,none,0
VQLKPautr4Y,UCUpbDOT-OVNBlaQpb9pbd2w,time,7,6.5056,28,65094.32,61220,28652.83633532266,2.2718281363782626,likely,0.18700803520245757,15,15,none,0
VQLKPautr4Y,UCUpbDOT-OVNBlaQpb9pbd2w,time,14,12.5056,28,63107.14,61220,25798.943838245592,2.4461135057104615,confirmed,0.09855312660054923,15,15,none,0
OrNqEcNkoF0,UCAuUUnT6oDeKwE6v1NGQxug,heldout,5,6.8745,29,48097.20,60994,,,insufficient,,1,1,none,0
OrNqEcNkoF0,UCAuUUnT6oDeKwE6v1NGQxug,time,5,6.8745,29,48097.20,60994,,,insufficient,,1,1,none,0
OrNqEcNkoF0,UCAuUUnT6oDeKwE6v1NGQxug,heldout,7,6.8745,29,48097.20,60994,,,insufficient,,1,1,none,0
OrNqEcNkoF0,UCAuUUnT6oDeKwE6v1NGQxug,time,7,6.8745,29,48097.20,60994,,,insufficient,,1,1,none,0
OrNqEcNkoF0,UCAuUUnT6oDeKwE6v1NGQxug,heldout,14,13.8745,29,58724.63,60994,,,insufficient,0.43360756572434633,1,1,none,0
OrNqEcNkoF0,UCAuUUnT6oDeKwE6v1NGQxug,time,14,13.8745,29,58724.63,60994,,,insufficient,0.43360756572434633,1,1,none,0
C9zWKCEaWHw,UCNMZWa1QP42jHrmmzayFEeg,time,14,13.4866,28,5859.90,5862,5674.501371050693,1.0326719103205173,confirmed,0.19146525339353346,15,15,none,0
y-w3vnh_f4Q,UCFK6NCbuCIVzA6Yj1G_ZqCg,time,5,6.7908,28,6572.26,5848,,,insufficient,,0,0,none,0
y-w3vnh_f4Q,UCFK6NCbuCIVzA6Yj1G_ZqCg,time,7,6.7908,28,6572.26,5848,,,insufficient,,0,0,none,0
y-w3vnh_f4Q,UCFK6NCbuCIVzA6Yj1G_ZqCg,time,14,13.7908,28,6189.68,5848,,,insufficient,0.13844984130487048,0,0,none,0
TaBgZnScmY4,UC4eYXhJI4-7wSWc8UNRwD4A,time,5,5.1245,28,277575.02,311773,,,insufficient,,1,1,none,0
TaBgZnScmY4,UC4eYXhJI4-7wSWc8UNRwD4A,time,7,6.1245,28,276330.76,311773,,,insufficient,0.39261641551364845,1,1,none,0
TaBgZnScmY4,UC4eYXhJI4-7wSWc8UNRwD4A,time,14,12.1245,28,285828.45,311773,,,insufficient,0.2936415386789254,1,1,none,0
G0-x2z4wUgg,UC0WFn9iVCx3fCa31rqAvlXA,time,5,6.6451,29,50.52,46,,,insufficient,,0,0,none,0
G0-x2z4wUgg,UC0WFn9iVCx3fCa31rqAvlXA,time,7,6.6451,29,50.52,46,,,insufficient,,0,0,none,0
G0-x2z4wUgg,UC0WFn9iVCx3fCa31rqAvlXA,time,14,13.6451,29,42.50,46,,,insufficient,0.03798621813547768,0,0,none,0
_z1GUvjMNxs,UC_e2d5wMDP2gCf8IBNFyKKg,heldout,5,6.9576,30,162.92,229,,,insufficient,,0,0,none,0
_z1GUvjMNxs,UC_e2d5wMDP2gCf8IBNFyKKg,time,5,6.9576,30,162.92,229,,,insufficient,,0,0,none,0
_z1GUvjMNxs,UC_e2d5wMDP2gCf8IBNFyKKg,heldout,7,6.9576,30,162.92,229,,,insufficient,,0,0,none,0
_z1GUvjMNxs,UC_e2d5wMDP2gCf8IBNFyKKg,time,7,6.9576,30,162.92,229,,,insufficient,,0,0,none,0
_z1GUvjMNxs,UC_e2d5wMDP2gCf8IBNFyKKg,heldout,14,13.9576,30,249.30,229,,,insufficient,0.678907174404426,0,0,none,0
_z1GUvjMNxs,UC_e2d5wMDP2gCf8IBNFyKKg,time,14,13.9576,30,249.30,229,,,insufficient,0.678907174404426,0,0,none,0
TmsnVTkLDL0,UCGWNHkr2WZcRbxqoet-nyeg,time,14,14.4743,29,1148.42,1093,4780.711063092615,0.24022046979583347,confirmed,,15,15,none,0
q8g75De09eM,UC7F-suscQATns3qRYHpyijw,time,5,4.7907,27,53352.93,127435,,,insufficient,,0,0,none,0
q8g75De09eM,UC7F-suscQATns3qRYHpyijw,time,7,6.7907,27,63405.06,127435,,,insufficient,0.5212314895548573,0,0,none,0
q8g75De09eM,UC7F-suscQATns3qRYHpyijw,time,14,15.7907,27,94551.61,127435,,,insufficient,0.6080272467958165,0,0,none,0
uOiE40EKZtQ,UChzLnWVsl3puKQwc5PoO6Zg,time,14,13.5165,28,6060.60,6044,15272.47397217929,0.3968315457612365,confirmed,0.08170825303476166,15,15,none,0
p_LcLnx2bCk,UCPAt6z5uX_c5Eo_cSNROzYw,time,7,8.9368,28,4475.80,3685,8197.651249093027,0.5459859525955025,confirmed,,15,15,none,0
p_LcLnx2bCk,UCPAt6z5uX_c5Eo_cSNROzYw,time,14,13.9368,28,3743.95,3685,8018.554111983877,0.46691106473548866,confirmed,0.04663004794086322,15,15,none,0
k-cknRRQNbg,UCotuguzT1zNEbpsjbUT4sBA,time,2,2.1660,28,488.95,561,655.6951346557004,0.7456997973015462,early,,15,14,none,0
k-cknRRQNbg,UCotuguzT1zNEbpsjbUT4sBA,time,3,3.1660,28,559.06,561,665.5187358138937,0.8400308208492789,likely,0.7171439926217661,15,14,none,0
k-cknRRQNbg,UCotuguzT1zNEbpsjbUT4sBA,time,5,5.1660,28,432.10,561,700.5224182763918,0.6168323652398736,likely,0.3865334803714503,15,14,none,0
k-cknRRQNbg,UCotuguzT1zNEbpsjbUT4sBA,time,7,7.1660,28,476.20,561,753.2382040334095,0.6322003502224735,confirmed,0.37562844845942583,15,14,none,0
k-cknRRQNbg,UCotuguzT1zNEbpsjbUT4sBA,time,14,14.1660,28,546.54,561,876.2355847751851,0.6237390567560257,confirmed,0.3689455806743385,15,12,none,0
_qyy3oY6sXw,UC4wKN1tlnlNVMiRPOu7qyvQ,time,1,1.5828,27,877.13,899,2233.2730439802217,0.39275410134684274,early,,15,15,none,0
_qyy3oY6sXw,UC4wKN1tlnlNVMiRPOu7qyvQ,time,2,1.5828,27,877.13,899,2233.2730439802217,0.39275410134684274,early,,15,15,none,0
_qyy3oY6sXw,UC4wKN1tlnlNVMiRPOu7qyvQ,time,3,2.5828,27,641.18,899,2254.0536358959566,0.28445686857980534,early,0.249576370331942,15,15,none,0
_qyy3oY6sXw,UC4wKN1tlnlNVMiRPOu7qyvQ,time,5,4.5828,27,744.39,899,2380.479422702734,0.31270721992246475,likely,0.28174074751546685,15,15,none,0
_qyy3oY6sXw,UC4wKN1tlnlNVMiRPOu7qyvQ,time,7,6.5828,27,748.59,899,2358.503187714836,0.31739983909066694,likely,0.26166573470005716,15,15,none,0
_qyy3oY6sXw,UC4wKN1tlnlNVMiRPOu7qyvQ,time,14,13.5828,27,846.94,899,2299.7270541519633,0.3682765446905141,confirmed,0.27611928232693694,15,15,none,0
95CPy2MANY0,UCh7mi5sI3BSzKReLzXpgimA,time,7,7.3450,29,70.72,57,55.142465217393585,1.2825639929466268,confirmed,,15,13,none,0
95CPy2MANY0,UCh7mi5sI3BSzKReLzXpgimA,time,14,14.3450,29,59.08,57,54.056373006478566,1.0929755365690326,confirmed,0.029057309359739342,15,10,none,0
s7iMx07gXMY,UCqsvmrjWY7fPcKqWHnYVTMA,time,14,12.6509,27,14452.65,14477,,,insufficient,0.25195451499173616,12,12,none,0
yHGjW2oAP2E,UCYzz2SkhAaM0FDKuGk-IPZg,time,3,3.0830,28,40200.93,30117,10905.803419956857,3.6861960205145254,likely,,15,14,none,0
yHGjW2oAP2E,UCYzz2SkhAaM0FDKuGk-IPZg,time,5,5.0830,28,30321.03,30117,10905.803419956857,2.7802654820276707,likely,0.12730962839108942,15,14,none,0
yHGjW2oAP2E,UCYzz2SkhAaM0FDKuGk-IPZg,time,7,7.0830,28,30499.70,30117,10808.88868044182,2.8217240141468167,confirmed,0.13470990812843445,15,14,none,0
yHGjW2oAP2E,UCYzz2SkhAaM0FDKuGk-IPZg,time,14,13.0830,28,29646.87,30117,10653.17421967148,2.7829144857285963,confirmed,0.10105946673448708,15,13,none,0
Jk1FtgY8sSQ,UCYO_YUHK7ZROCqJMtSOuOHQ,time,0.5,0.7226,29,520.62,15009,869.7271474270208,0.5986053414624858,early,,14,13,none,0
Jk1FtgY8sSQ,UCYO_YUHK7ZROCqJMtSOuOHQ,time,1,0.7226,29,520.62,15009,869.7271474270208,0.5986053414624858,early,,14,13,none,0
Jk1FtgY8sSQ,UCYO_YUHK7ZROCqJMtSOuOHQ,time,2,1.7226,29,418.14,15009,880.3685742050959,0.4749596329710749,early,0.5841088982563076,14,13,none,0
Jk1FtgY8sSQ,UCYO_YUHK7ZROCqJMtSOuOHQ,time,3,3.7226,29,590.37,15009,561.7872228723239,1.0508855424015193,likely,0.6041789815693346,15,13,none,0
Jk1FtgY8sSQ,UCYO_YUHK7ZROCqJMtSOuOHQ,time,5,4.7226,29,914.31,15009,557.2959114251381,1.6406246382458551,likely,0.7690416820655107,15,12,none,0
Jk1FtgY8sSQ,UCYO_YUHK7ZROCqJMtSOuOHQ,time,7,6.7226,29,3028.59,15009,1880.281869499235,1.6107096389676308,likely,1.4929230337511767,15,12,none,0
Jk1FtgY8sSQ,UCYO_YUHK7ZROCqJMtSOuOHQ,time,14,14.7226,29,37077.28,15009,4790.555227896781,7.7396626186652195,confirmed,1.766583312691383,15,9,none,0
zAbo8YcIlrQ,UCMPaviJxybo1RTdzvYcU91A,time,14,15.0494,27,2183.24,2248,1621.0000000000002,1.3468467963467512,confirmed,0.709215557667603,15,9,none,0
6CVxv685hK0,UCNMZWa1QP42jHrmmzayFEeg,time,14,12.7101,27,5369.03,5888,7401.603432793379,0.7253879233986493,confirmed,0.1573455745334789,15,15,none,0
eTgsId6Rmes,UCgCsMxVCJs0TSqAIlBxiT7g,heldout,0.5,0.4418,31,4905.61,65185,9128.37858129686,0.5374017448258375,early,,15,14,none,0
eTgsId6Rmes,UCgCsMxVCJs0TSqAIlBxiT7g,heldout,1,0.4418,31,4905.61,65185,9128.37858129686,0.5374017448258375,early,,15,14,none,0
eTgsId6Rmes,UCgCsMxVCJs0TSqAIlBxiT7g,heldout,14,14.4418,31,68375.41,65185,9824.844211896356,6.959439469818753,confirmed,1.4869583905831467,15,14,none,0
foru-QnySpY,UCEKt2bUDBoRUw3wpPpDOUaA,time,3,3.8437,28,267344.62,284478,134600.99999999994,1.9862008542922251,likely,,15,14,none,0
foru-QnySpY,UCEKt2bUDBoRUw3wpPpDOUaA,time,5,5.8437,28,241946.88,284478,134600.99999999994,1.79751174175192,likely,0.3559963858738398,15,13,none,0
foru-QnySpY,UCEKt2bUDBoRUw3wpPpDOUaA,time,7,6.8437,28,256242.62,284478,134600.99999999994,1.9037199964120994,likely,0.37663028978431484,15,13,none,0
foru-QnySpY,UCEKt2bUDBoRUw3wpPpDOUaA,time,14,13.8437,28,287982.18,284478,134600.99999999994,2.1395248140142678,confirmed,0.34165237375348095,15,11,none,0
49PhdIW0Neo,UCQr41WBbI0oGTsYTm2FB99g,time,5,5.4231,29,25277.04,30337,157237.75014971072,0.16075681710769793,likely,0.13473297345274243,15,13,none,0
49PhdIW0Neo,UCQr41WBbI0oGTsYTm2FB99g,time,7,7.4231,29,25391.80,30337,156312.81033119236,0.16244222062352534,confirmed,0.1423977512936613,15,13,none,0
49PhdIW0Neo,UCQr41WBbI0oGTsYTm2FB99g,time,14,13.4231,29,26849.52,30337,151607.9009586543,0.17709843691956895,confirmed,0.13411675801272221,15,11,none,0
2_3dynQg0gw,UCQQFz2LkJMoqSFTas-oozOw,time,14,12.8991,27,15124.81,16195,7725.205599415111,1.9578518687351452,confirmed,,15,15,none,0
x82aevwtMfM,UC1pDMQF-E5YNgBgqc0MK6lQ,time,7,7.6874,27,809.53,789,1416.7603181547513,0.5713981624679096,confirmed,,13,12,none,0
x82aevwtMfM,UC1pDMQF-E5YNgBgqc0MK6lQ,time,14,13.6874,27,767.32,789,1383.2909161541002,0.5547031217460872,confirmed,0.181232267006599,15,13,none,0
Fqbp7ghZ6pU,UCc2lUKVOTXKlQR7Fm7h1JfQ,time,5,4.9164,27,26779.61,23192,,,insufficient,,1,1,none,0
Fqbp7ghZ6pU,UCc2lUKVOTXKlQR7Fm7h1JfQ,time,7,6.9164,27,22788.25,23192,,,insufficient,0.16031855480586438,1,1,none,0
Fqbp7ghZ6pU,UCc2lUKVOTXKlQR7Fm7h1JfQ,time,14,12.9164,27,24105.69,23192,,,insufficient,0.13510028619064535,1,1,none,0
QD72G14JEA4,UCFyP8J94wihApZc4N2BoX6A,heldout,14,13.8328,29,255454.12,283644,9082.364289853056,28.126389940366234,confirmed,0.15200991351407767,15,15,none,0
kmDkhO47Svs,UC8wXC0ZCfGt3HaVLy_fdTQw,time,5,5.8853,28,14811.51,17246,,,insufficient,,0,0,none,0
kmDkhO47Svs,UC8wXC0ZCfGt3HaVLy_fdTQw,time,7,6.8853,28,13538.28,17246,,,insufficient,0.23540370649023867,0,0,none,0
kmDkhO47Svs,UC8wXC0ZCfGt3HaVLy_fdTQw,time,14,13.8853,28,14904.05,17246,,,insufficient,0.26036525942759003,0,0,none,0
FnOHapHRqJs,UCLMtjmKyB2ORHx2A06crsmQ,time,3,3.8320,28,5879.29,5601,17561.99338754682,0.3347737452553397,likely,,10,10,none,0
FnOHapHRqJs,UCLMtjmKyB2ORHx2A06crsmQ,time,5,4.8320,28,4332.55,5601,15183.79687037352,0.2853406426314934,likely,0.14632295251167846,15,14,none,0
FnOHapHRqJs,UCLMtjmKyB2ORHx2A06crsmQ,time,7,6.8320,28,5026.24,5601,15291.85427918896,0.3286872341555018,likely,0.25909239871467,15,13,none,0
FnOHapHRqJs,UCLMtjmKyB2ORHx2A06crsmQ,time,14,13.8320,28,5438.04,5601,15552.51799252491,0.3496566418805061,confirmed,0.24660958058393562,15,12,none,0
HUH-JIHHQfw,UC5_SBQbLA9Kg7Jh5GpXoP3g,time,1,0.8329,28,15.70,175,770.4139739675793,0.020375000894840824,early,,11,10,none,0
HUH-JIHHQfw,UC5_SBQbLA9Kg7Jh5GpXoP3g,time,2,1.8329,28,27.54,175,770.4139739675793,0.03575221071225408,early,1.5919841218419692,11,10,none,0
HUH-JIHHQfw,UC5_SBQbLA9Kg7Jh5GpXoP3g,time,3,2.8329,28,134.01,175,702.7251885853151,0.19069756004544072,early,3.1656762768721016,15,14,none,0
HUH-JIHHQfw,UC5_SBQbLA9Kg7Jh5GpXoP3g,time,5,4.8329,28,135.05,175,632.7398709148234,0.21343413508317635,likely,2.1702546976311083,15,12,none,0
HUH-JIHHQfw,UC5_SBQbLA9Kg7Jh5GpXoP3g,time,7,7.8329,28,153.94,175,605.6992251591882,0.25415432340732,confirmed,1.7564277165334627,15,12,none,0
HUH-JIHHQfw,UC5_SBQbLA9Kg7Jh5GpXoP3g,time,14,13.8329,28,176.19,175,565.0892342995963,0.31179479000584903,confirmed,1.4366890670597519,15,12,none,0
dh9teT_Pe7w,UCCT5Ht1fD3xm0mi9rsmArYg,time,5,5.9687,29,47.50,72,,,insufficient,,0,0,none,0
dh9teT_Pe7w,UCCT5Ht1fD3xm0mi9rsmArYg,time,7,7.9687,29,68.06,72,,,insufficient,0.7226006196494977,0,0,none,0
dh9teT_Pe7w,UCCT5Ht1fD3xm0mi9rsmArYg,time,14,13.9687,29,70.51,72,,,insufficient,0.6147574734733722,0,0,none,0
4Nne92IjZ6M,UCNRMF4aKRFUCdzvJVBEMFdQ,time,7,8.4272,29,1957.53,1563,1470.6225320430394,1.331090784262099,confirmed,,15,15,none,0
4Nne92IjZ6M,UCNRMF4aKRFUCdzvJVBEMFdQ,time,14,14.4272,29,1613.88,1563,1401.802192246685,1.1512890292979379,confirmed,0.009148546485747205,15,15,none,0
flyw7NFt5wc,UCeKKrZ5GnBXRwnKlrixiREQ,time,5,4.8370,27,11712.94,9236,,,insufficient,,1,1,none,0
flyw7NFt5wc,UCeKKrZ5GnBXRwnKlrixiREQ,time,7,6.8370,27,9842.13,9236,,,insufficient,0.11559913566887953,1,1,none,0
flyw7NFt5wc,UCeKKrZ5GnBXRwnKlrixiREQ,time,14,12.8370,27,9452.13,9236,,,insufficient,0.06385579942155904,1,1,none,0
Hn1o3mcpWXs,UCsP7Bpw36J666Fct5M8u-ZA,time,14,15.1041,27,295737.97,298906,476399.32275600353,0.6207774859084387,confirmed,0.125755405022871,15,14,none,0
a8NA0WGI9OI,UCuwpzP90g1LuGk6JUNms_AQ,time,14,13.9583,30,5178.82,5435,6213.096437672454,0.8335329882155187,confirmed,0.30103275143906855,15,14,none,0
sSwiiBpEc5E,UCstwpLSByklww1YojZN-KiQ,heldout,0.5,0.5487,30,20349.98,73039,119552.86897872553,0.17021740169564395,early,,15,14,none,0
sSwiiBpEc5E,UCstwpLSByklww1YojZN-KiQ,heldout,1,0.5487,30,20349.98,73039,119552.86897872553,0.17021740169564395,early,,15,14,none,0
sSwiiBpEc5E,UCstwpLSByklww1YojZN-KiQ,heldout,14,13.5487,30,87863.39,73039,117350.09047245982,0.7487288195417353,confirmed,1.0508316545581378,15,14,none,0
ks_jjLJb-u4,UCWZVKz_sV9PPREGQfJy-9og,time,14,13.8538,28,53008.76,50646,103572.15333998062,0.5118051068968896,confirmed,0.40055685802340746,15,14,none,0
MyqkSP8Su28,UCFH4gw_N_l_umsg-Rh8Ytpw,time,5,4.7499,27,20552.62,28072,,,insufficient,,0,0,none,0
MyqkSP8Su28,UCFH4gw_N_l_umsg-Rh8Ytpw,time,7,6.7499,27,21455.62,28072,,,insufficient,0.35803356004561554,0,0,none,0
MyqkSP8Su28,UCFH4gw_N_l_umsg-Rh8Ytpw,time,14,12.7499,27,26458.74,28072,,,insufficient,0.45967458557584673,0,0,none,0
65VnyQkpBMU,UCPf9IYnKY-IKwgo58z0SOUQ,heldout,5,6.7909,31,2909.78,2450,2076.9999999999995,1.400951731659712,likely,,15,12,none,0
65VnyQkpBMU,UCPf9IYnKY-IKwgo58z0SOUQ,heldout,7,6.7909,31,2909.78,2450,2076.9999999999995,1.400951731659712,likely,,15,12,none,0
Tv9LKqpODgo,UCI8gcSTo1FowsRJdilsjsZw,time,1,0.9279,27,66752.34,61131,37942.43892813445,1.759305537979305,early,,13,13,none,0
Tv9LKqpODgo,UCI8gcSTo1FowsRJdilsjsZw,time,2,1.9279,27,105711.59,61131,34056.12725581519,3.1040401734893535,early,1.2155013066997689,15,15,none,0
Tv9LKqpODgo,UCI8gcSTo1FowsRJdilsjsZw,time,3,2.9279,27,114628.70,61131,32707.603971873836,3.5046497465227406,early,0.9119342446749144,15,15,none,0
Tv9LKqpODgo,UCI8gcSTo1FowsRJdilsjsZw,time,5,4.9279,27,88706.85,61131,30581.832029270165,2.900638754727422,likely,0.6399811397030395,15,15,none,0
Tv9LKqpODgo,UCI8gcSTo1FowsRJdilsjsZw,time,7,6.9279,27,81586.13,61131,31573.974144599357,2.583967661649928,likely,0.5348804764331744,15,15,none,0
Tv9LKqpODgo,UCI8gcSTo1FowsRJdilsjsZw,time,14,15.9279,27,70789.52,61131,34631.90113027065,2.0440553756902515,confirmed,0.35925527527232265,15,15,none,0
oRHoyBsT6e8,UC8jRs1LfVO5vsrSk-YRu5ZA,time,7,8.9062,28,2294.73,1840,2925.3651912072537,0.7844260939185618,confirmed,,9,7,none,0
oRHoyBsT6e8,UC8jRs1LfVO5vsrSk-YRu5ZA,time,14,13.9062,28,1892.71,1840,2729.0173422664775,0.6935487066879604,confirmed,0.012091988172626314,15,11,none,0
7axXvMi_ckE,UCnnOksyxFnRBGHK1ZyLRJGA,time,14,14.0415,28,28183.89,27521,26481.28851842119,1.064294506087935,confirmed,0.13533960777847387,15,13,none,0
bDlxnLu8mb0,UCkRhsBbu0tvQrXBtvpl0kIg,time,14,12.5623,27,3937.93,3972,4102.210810369688,0.9599534711611838,confirmed,,15,14,none,0
nnsv1JFqd48,UCtW1WA-bJ4s6l-ZCCT35QBg,heldout,2,2.9661,31,6981.56,7385,6146.000000000002,1.1359522335305179,early,,15,11,none,0
nnsv1JFqd48,UCtW1WA-bJ4s6l-ZCCT35QBg,heldout,3,2.9661,31,6981.56,7385,6146.000000000002,1.1359522335305179,early,,15,11,none,0
nnsv1JFqd48,UCtW1WA-bJ4s6l-ZCCT35QBg,heldout,5,5.9661,31,6946.82,7385,6146.000000000002,1.130299250163886,likely,0.38681499924507956,15,11,none,0
nnsv1JFqd48,UCtW1WA-bJ4s6l-ZCCT35QBg,heldout,7,6.9661,31,7170.97,7385,6146.000000000002,1.1667708201992906,likely,0.3595166851614843,15,11,none,0
nnsv1JFqd48,UCtW1WA-bJ4s6l-ZCCT35QBg,heldout,14,13.9661,31,6997.67,7385,6146.000000000002,1.1385736340782082,confirmed,0.2898712997093531,15,9,none,0
WfYYV2UfUCI,UCxXy4JFL-E7Ukr6smHpttjg,time,1,0.8955,29,67.44,384,191.36032501171263,0.3524304564207568,early,,15,12,none,0
WfYYV2UfUCI,UCxXy4JFL-E7Ukr6smHpttjg,time,2,1.8955,29,83.08,384,191.36032501171263,0.4341462978691685,early,0.9001315722100491,15,12,none,0
WfYYV2UfUCI,UCxXy4JFL-E7Ukr6smHpttjg,time,3,2.8955,29,270.28,384,194.3420734430706,1.3907692798833224,early,1.2917056566230494,15,12,none,0
WfYYV2UfUCI,UCxXy4JFL-E7Ukr6smHpttjg,time,5,4.8955,29,365.62,384,194.3420734430706,1.881340505701445,likely,1.164834254048944,15,12,none,0
WfYYV2UfUCI,UCxXy4JFL-E7Ukr6smHpttjg,time,7,6.8955,29,212.28,384,204.2986752066374,1.0390505101100953,likely,1.0814203897527952,15,12,none,0
WfYYV2UfUCI,UCxXy4JFL-E7Ukr6smHpttjg,time,14,13.8955,29,390.96,384,218.06850149515765,1.7928257430008365,confirmed,0.9703752969567676,15,12,none,0
o7RyfMOfS04,UCClMPKqtJ1LbRBCDP948g5Q,time,7,7.9571,29,4629.88,4385,3097.0016555690677,1.4949553346374072,confirmed,,15,14,none,0
o7RyfMOfS04,UCClMPKqtJ1LbRBCDP948g5Q,time,14,13.9571,29,4332.89,4385,3252.9113520127557,1.3320022777952893,confirmed,0.16076814223087113,15,12,none,0
cSzZ5xSVxkE,UCCZLVYAGIoGvaFUrTyyeaXA,time,5,5.9160,28,11607.08,8927,21310.384531337106,0.5446676899766162,likely,,5,5,none,0
cSzZ5xSVxkE,UCCZLVYAGIoGvaFUrTyyeaXA,time,7,7.9160,28,9607.35,8927,20625.37608785578,0.46580244567982393,confirmed,0.07478192122652762,5,5,none,0
cSzZ5xSVxkE,UCCZLVYAGIoGvaFUrTyyeaXA,time,14,13.9160,28,9132.88,8927,19396.655412680826,0.4708481184430107,confirmed,0.03881864838118347,5,5,none,0
68p9QqZJItY,UCCI37YB3l21oq_sLoc92YfA,time,14,13.8228,28,26522.45,30297,389.4825503015695,68.09662338754931,confirmed,1.843484267214636,15,12,none,0
tkMof3D6vtw,UCtOV5M-T3GcsJAq8QKaf0lg,heldout,14,13.6241,29,2205.74,2187,3182.0000000000027,0.6931926302822063,confirmed,0.032872483056834004,15,11,none,0
V8GyMt6n10Q,UC8wwEsUeTG9cpzvWT5Dsdqw,heldout,14,13.0410,31,54640.60,67840,23711.65242896424,2.304377685335058,confirmed,,15,15,none,0
03wNsPlpKjM,UCR3rfDiOfD1hk0IEdIwusIw,heldout,14,14.6875,29,6531.04,6109,104157.15744218847,0.06270371865241627,confirmed,,15,14,none,0
neI5pn3rqf4,UCJS9pqu9BzkAMNTmzNMNhvg,time,14,12.6130,27,2025.83,2013,2304.776183593668,0.8789724343807799,confirmed,0.47805860465168076,15,11,none,0
KP5CplhE4r8,UCiDJtJKMICpb9B1qf7qjEOA,time,1,0.9163,28,269680.53,287991,82927.88414380164,3.2519884959661076,early,,14,14,none,0
KP5CplhE4r8,UCiDJtJKMICpb9B1qf7qjEOA,time,2,1.9163,28,218921.78,287991,104959.20852981471,2.0857796208812505,early,0.46530687578320296,15,15,none,0
KP5CplhE4r8,UCiDJtJKMICpb9B1qf7qjEOA,time,3,2.9163,28,207567.27,287991,104182.00457420823,1.9923524534514923,early,0.4252642454052755,15,15,none,0
KP5CplhE4r8,UCiDJtJKMICpb9B1qf7qjEOA,time,5,4.9163,28,221151.03,287991,102999.83263026069,2.1471008964762923,likely,0.38852140324671436,15,15,none,0
KP5CplhE4r8,UCiDJtJKMICpb9B1qf7qjEOA,time,7,6.9163,28,250507.87,287991,102833.72208660399,2.436047909125638,likely,0.3973987972491127,15,15,none,0
KP5CplhE4r8,UCiDJtJKMICpb9B1qf7qjEOA,time,14,13.9163,28,294708.59,287991,105783.35758411406,2.7859636948621547,confirmed,0.4027680336139969,15,14,none,0
Z2lYnArJbMw,UCSLClJLzdUMRMe0E4SPfc-w,time,1,0.7911,27,68191.80,64386,79190.4531778777,0.8611113808740851,early,,15,11,none,0
Z2lYnArJbMw,UCSLClJLzdUMRMe0E4SPfc-w,time,2,1.7911,27,69187.62,64386,79702.52773605313,0.8680730828457296,early,0.6762575741791204,15,10,none,0
Z2lYnArJbMw,UCSLClJLzdUMRMe0E4SPfc-w,time,3,2.7911,27,67610.61,64386,80002.36952868098,0.8451076531657084,early,0.47775477536414207,15,9,none,0
Z2lYnArJbMw,UCSLClJLzdUMRMe0E4SPfc-w,time,5,4.7911,27,56532.37,64386,79478.76599155697,0.7112890350400345,likely,0.3604769301948164,15,9,none,0
Z2lYnArJbMw,UCSLClJLzdUMRMe0E4SPfc-w,time,7,6.7911,27,61034.39,64386,78965.19179091621,0.7729278333289813,likely,0.3447013910265876,15,9,none,0
Z2lYnArJbMw,UCSLClJLzdUMRMe0E4SPfc-w,time,14,12.7911,27,63402.09,64386,76931.66939848884,0.8241350494904109,confirmed,0.30700013618103456,15,6,none,0
kDoHzbiOQHs,UCB2zycIY_qMKZjlE98zO4gg,time,7,8.8749,28,1973.95,1967,2174.4945132642606,0.9077742430008827,confirmed,,12,8,none,0
kDoHzbiOQHs,UCB2zycIY_qMKZjlE98zO4gg,time,14,13.8749,28,1967.62,1967,2111.846371265987,0.9317044777130539,confirmed,0.29114274325794914,15,9,none,0
BaksFFzrdBQ,UCGxjDWAN1KwrkXYVi8CXtjQ,time,1,0.9998,27,19211.11,39293,21842.999999999993,0.8795087417956478,early,,15,9,none,0
BaksFFzrdBQ,UCGxjDWAN1KwrkXYVi8CXtjQ,time,2,1.9998,27,16559.93,39293,21842.999999999993,0.7581345882147908,early,0.6298753334968942,15,9,none,0
BaksFFzrdBQ,UCGxjDWAN1KwrkXYVi8CXtjQ,time,3,2.9998,27,20574.59,39293,21842.999999999993,0.9419303717359898,early,0.6201724712481499,15,8,none,0
BaksFFzrdBQ,UCGxjDWAN1KwrkXYVi8CXtjQ,time,5,5.9998,27,38857.14,39293,21842.999999999993,1.7789288922149518,likely,0.8961109227334202,15,7,none,0
BaksFFzrdBQ,UCGxjDWAN1KwrkXYVi8CXtjQ,time,7,6.9998,27,41818.66,39293,21842.999999999993,1.9145108811997609,likely,0.8539990799424119,15,7,none,0
BaksFFzrdBQ,UCGxjDWAN1KwrkXYVi8CXtjQ,time,14,14.9998,27,44488.13,39293,21842.999999999993,2.0367224983829386,confirmed,0.7126682216400987,15,3,none,0
ew9MdsRSM5k,UCX7dV4OPDSutwMUauSD5AAA,heldout,1,1.8954,29,48221.46,37979,39218.291954222084,1.2295656490691271,early,,14,11,none,0
ew9MdsRSM5k,UCX7dV4OPDSutwMUauSD5AAA,heldout,2,1.8954,29,48221.46,37979,39218.291954222084,1.2295656490691271,early,,14,11,none,0
ew9MdsRSM5k,UCX7dV4OPDSutwMUauSD5AAA,heldout,3,3.8954,29,37434.91,37979,39750.96716982414,0.9417359524550151,likely,0.27004304231991794,14,11,none,0
ew9MdsRSM5k,UCX7dV4OPDSutwMUauSD5AAA,heldout,5,4.8954,29,34475.44,37979,39705.78001583829,0.8682725564705115,likely,0.2188699675983696,14,9,none,0
ew9MdsRSM5k,UCX7dV4OPDSutwMUauSD5AAA,heldout,7,7.8954,29,36220.46,37979,40338.93465829623,0.897903271446459,confirmed,0.21415784103556085,14,8,none,0
ew9MdsRSM5k,UCX7dV4OPDSutwMUauSD5AAA,heldout,14,13.8954,29,37996.70,37979,42265.40883630939,0.8990022656449713,confirmed,0.19456982029286904,14,5,none,0
f7xro08O23A,UCMIjEnXruVHtvgSVf6TgfUg,time,14,13.6841,29,64437.01,64621,76583.84190134026,0.8413917769182215,confirmed,0.07289115520086857,12,11,none,0
zcMnpQee1rs,UCGpsgNbzdF7BECCVbB1COHw,heldout,14,14.2076,29,12494.35,12203,6798.74242148894,1.8377443149659833,confirmed,0.04400709089344457,15,15,none,0
zcMnpQee1rs,UCGpsgNbzdF7BECCVbB1COHw,time,14,14.2076,29,12494.35,12203,6798.74242148894,1.8377443149659833,confirmed,0.04400709089344457,15,15,none,0
Ntro6RYioLE,UCRte954rw0oeMWFroy_ClAw,heldout,1,1.8604,30,7780.30,23646,10252.054411886871,0.7589019827736189,early,,15,14,none,0
Ntro6RYioLE,UCRte954rw0oeMWFroy_ClAw,heldout,2,1.8604,30,7780.30,23646,10252.054411886871,0.7589019827736189,early,,15,14,none,0
Ntro6RYioLE,UCRte954rw0oeMWFroy_ClAw,heldout,3,2.8604,30,8094.25,23646,10235.345171681838,0.7908140073314778,early,0.6182468780357254,15,14,none,0
Ntro6RYioLE,UCRte954rw0oeMWFroy_ClAw,heldout,5,4.8604,30,8136.55,23646,10190.003326284266,0.798483382626734,likely,0.4803889427822406,15,13,none,0
Ntro6RYioLE,UCRte954rw0oeMWFroy_ClAw,heldout,7,6.8604,30,8337.28,23646,10194.714324401224,0.8178037154584863,likely,0.44662758517544876,15,12,none,0
Ntro6RYioLE,UCRte954rw0oeMWFroy_ClAw,heldout,14,13.8604,30,13059.88,23646,10340.683349265799,1.2629608093477893,confirmed,0.5832221543967625,15,12,none,0
lTfkgBNNqN8,UCLBVA29QFjSo3c8NpGD89lw,time,5,4.7909,28,1583.89,2172,,,insufficient,,5,5,none,0
lTfkgBNNqN8,UCLBVA29QFjSo3c8NpGD89lw,time,7,6.7909,28,1662.87,2172,,,insufficient,0.3793199211944468,13,13,none,0
lTfkgBNNqN8,UCLBVA29QFjSo3c8NpGD89lw,time,14,13.7909,28,1893.59,2172,,,insufficient,0.348453892308343,13,13,none,0
EjZPGbZDJx8,UC1KoulyXR8gBGyxv7r6pWQg,time,7,7.8957,27,66705.12,101983,20835.03828164878,3.2015835779455974,confirmed,,15,14,none,0
EjZPGbZDJx8,UC1KoulyXR8gBGyxv7r6pWQg,time,14,13.8957,27,86556.47,101983,20840.999999999996,4.153182347394174,confirmed,0.5112795028377786,15,10,none,0
BPfC0E4pWHc,UCI8gcSTo1FowsRJdilsjsZw,time,0.5,0.7175,27,22528.08,29078,37942.43892813445,0.5937435203397085,early,,12,12,none,0
BPfC0E4pWHc,UCI8gcSTo1FowsRJdilsjsZw,time,1,0.7175,27,22528.08,29078,37942.43892813445,0.5937435203397085,early,,12,12,none,0
BPfC0E4pWHc,UCI8gcSTo1FowsRJdilsjsZw,time,2,1.7175,27,19184.56,29078,34056.12725581519,0.5633219350560582,early,0.7103311608533768,14,14,none,0
BPfC0E4pWHc,UCI8gcSTo1FowsRJdilsjsZw,time,3,2.7175,27,21811.58,29078,33437.9609806312,0.6522999336023761,early,0.5844161301471872,15,15,none,0
BPfC0E4pWHc,UCI8gcSTo1FowsRJdilsjsZw,time,5,4.7175,27,27049.89,29078,32424.986940801537,0.8342297069625525,likely,0.5821154754705822,15,15,none,0
BPfC0E4pWHc,UCI8gcSTo1FowsRJdilsjsZw,time,7,6.7175,27,28413.71,29078,31862.92396594206,0.891748414959175,likely,0.5792554321038207,15,15,none,0
BPfC0E4pWHc,UCI8gcSTo1FowsRJdilsjsZw,time,14,15.7175,27,30675.42,29078,37382.55646999946,0.820581151886022,confirmed,0.4891643713523215,15,15,none,0
N0K0m7dZBJI,UC8butISFwT-Wl7EV0hUK0BQ,time,3,3.9578,27,17196.66,15156,30037.83927617675,0.57249980326712,likely,,3,3,none,0
N0K0m7dZBJI,UC8butISFwT-Wl7EV0hUK0BQ,time,5,4.9578,27,14719.61,15156,30782.90821574787,0.4781747295769103,likely,0.366479906648661,3,3,none,0
N0K0m7dZBJI,UC8butISFwT-Wl7EV0hUK0BQ,time,7,6.9578,27,15073.91,15156,31197.815778219898,0.4831718228175965,likely,0.3173072806163986,3,3,none,0
N0K0m7dZBJI,UC8butISFwT-Wl7EV0hUK0BQ,time,14,14.9578,27,16210.21,15156,34653.335652860005,0.4677821549125309,confirmed,0.2528046149731904,3,3,none,0
t33396oOt-A,UCdwo4k1RQHTcq_-WS7Cazqg,time,5,6.9572,29,762.81,667,,,insufficient,,0,0,none,0
t33396oOt-A,UCdwo4k1RQHTcq_-WS7Cazqg,time,7,6.9572,29,762.81,667,,,insufficient,,0,0,none,0
t33396oOt-A,UCdwo4k1RQHTcq_-WS7Cazqg,time,14,13.9572,29,666.49,667,,,insufficient,0.09914304506618772,0,0,none,0
6dNLIhtyVvg,UCxkIzPnPzWLz4IeuxIROflg,time,1,0.8749,28,2345.99,6691,1835.702189511039,1.277979925187505,early,,15,13,none,0
6dNLIhtyVvg,UCxkIzPnPzWLz4IeuxIROflg,time,2,1.8749,28,2729.43,6691,1823.1391651921724,1.4971038255152862,early,0.7584796501235954,15,13,none,0
6dNLIhtyVvg,UCxkIzPnPzWLz4IeuxIROflg,time,3,2.8749,28,3170.32,6691,1816.1380782778335,1.7456393638038334,early,0.8528164386824207,15,12,none,0
6dNLIhtyVvg,UCxkIzPnPzWLz4IeuxIROflg,time,5,4.8749,28,6927.66,6691,1904.0213299509724,3.6384365361157056,likely,0.8281209571546763,15,11,none,0
6dNLIhtyVvg,UCxkIzPnPzWLz4IeuxIROflg,time,7,6.8749,28,5694.10,6691,1911.5546805467081,2.978781574979314,likely,0.8830713100927539,15,10,none,0
6dNLIhtyVvg,UCxkIzPnPzWLz4IeuxIROflg,time,14,13.8749,28,6387.71,6691,1847.947054651793,3.4566536837696815,confirmed,0.7918263347702984,15,8,none,0
uCc3pJymQbw,UCaBOIBVD_f6eyRRRBRrCz8w,time,14,13.8122,28,38627.01,36633,39309.09249671062,0.982648319898569,confirmed,,4,4,none,0
xPIOR7t7_Z8,UC6h1nurnE-9auq41a5oiPnA,time,3,3.9231,27,246.90,325,449.084326306141,0.5497749597394948,likely,,14,13,none,0
xPIOR7t7_Z8,UC6h1nurnE-9auq41a5oiPnA,time,5,4.9231,27,233.70,325,445.52722273143905,0.5245416803390405,likely,0.46762231578402075,15,14,none,0
xPIOR7t7_Z8,UC6h1nurnE-9auq41a5oiPnA,time,7,6.9231,27,240.65,325,445.52722273143905,0.5401358803219009,likely,0.4167784658750693,15,14,none,0
xPIOR7t7_Z8,UC6h1nurnE-9auq41a5oiPnA,time,14,12.9231,27,282.05,325,447.30577451879026,0.6305499313629463,confirmed,0.42455428951614893,15,13,none,0
PNQGAKbQAhI,UC7vGEKe2pHPYgpQxsmsk6Pw,time,5,5.7912,28,614.83,614,,,insufficient,,0,0,none,0
PNQGAKbQAhI,UC7vGEKe2pHPYgpQxsmsk6Pw,time,7,6.7912,28,513.66,614,,,insufficient,0.20597060953639304,0,0,none,0
PNQGAKbQAhI,UC7vGEKe2pHPYgpQxsmsk6Pw,time,14,13.7912,28,641.35,614,,,insufficient,0.304132163054214,0,0,none,0
05TiKhSd0d4,UC3_BakzLfadvFrsnClMFWmQ,time,0.5,0.5659,27,2348.43,908,798.315630949344,2.941729548368554,early,,14,14,none,0
05TiKhSd0d4,UC3_BakzLfadvFrsnClMFWmQ,time,1,0.5659,27,2348.43,908,798.315630949344,2.941729548368554,early,,14,14,none,0
05TiKhSd0d4,UC3_BakzLfadvFrsnClMFWmQ,time,2,1.5659,27,1224.31,908,791.4154859454322,1.5469882279192138,early,0.20140083790550742,15,15,none,0
05TiKhSd0d4,UC3_BakzLfadvFrsnClMFWmQ,time,3,2.5659,27,1096.29,908,781.2183858702529,1.4033129206087787,early,0.1590783097999724,15,15,none,0
05TiKhSd0d4,UC3_BakzLfadvFrsnClMFWmQ,time,5,4.5659,27,1004.92,908,759.3954077858538,1.3233094051390042,likely,0.11042976383163915,15,15,none,0
05TiKhSd0d4,UC3_BakzLfadvFrsnClMFWmQ,time,7,6.5659,27,981.02,908,745.501203102714,1.3159157264298869,likely,0.09608128062571261,15,15,none,0
05TiKhSd0d4,UC3_BakzLfadvFrsnClMFWmQ,time,14,12.5659,27,868.92,908,709.6009880364259,1.2245250035340405,confirmed,0.07217388307500647,15,13,none,0
pG-GEyC5XJw,UCiMwMz3RMbW5mbx0iDcRQ2g,time,14,12.9686,28,1558.67,1527,1768.5219925226397,0.8813428613934359,confirmed,0.25065980068385374,15,12,none,0
pG39Zer2EVU,UCPAt6z5uX_c5Eo_cSNROzYw,time,7,8.8756,28,12078.60,9813,4135.195040937674,2.920927404027121,confirmed,,15,15,none,0
pG39Zer2EVU,UCPAt6z5uX_c5Eo_cSNROzYw,time,14,13.8756,28,10033.62,9813,3839.8381100501883,2.613033221041357,confirmed,0.029429268829547016,15,15,none,0
SOg-CUeEqdY,UCUpbDOT-OVNBlaQpb9pbd2w,heldout,14,14.6690,29,8314.02,8036,22633.934592773163,0.3673253899659422,confirmed,0.008046150686578376,15,15,none,0
yxlnqy72HHc,UCcqoA9k6BIY34CnAtrX6Gfg,time,14,14.9570,27,11308.38,10771,2405.463546279905,4.701124857745807,confirmed,0.17130649647288199,15,14,none,0
A1i-ZbNGw9M,UCwrJa8xO9xRzZUOf9Q1c7kw,time,14,12.8654,27,17441.51,18213,16720.06442733637,1.0431484208849489,confirmed,0.2670371017812713,15,14,none,0
4HYm1xo7PAg,UCZPqG0yh_xPm2AyLjffbDvw,heldout,5,4.8332,30,73216.07,91935,64207.16493734251,1.1403099421887253,likely,,15,13,none,0
4HYm1xo7PAg,UCZPqG0yh_xPm2AyLjffbDvw,heldout,7,7.8332,30,81422.13,91935,64206.361667303885,1.2681317457817505,confirmed,0.40993962993431077,15,13,none,0
4HYm1xo7PAg,UCZPqG0yh_xPm2AyLjffbDvw,heldout,14,13.8332,30,87211.27,91935,66404.84577024532,1.3133268917702026,confirmed,0.3287106740131436,15,11,none,0
DiDbiiIPcMM,UCglNXzBo6bmKc9otKf-OuGQ,time,14,13.7081,29,9088.31,9132,9069.590428926878,1.0020637561898624,confirmed,0.03243269153694945,15,15,none,0
Is-fFfhR_P4,UCdRpPAsQbIaVpn_vS2_omPw,time,7,8.2168,27,1076.01,875,357.50033793719956,3.0098186731317242,confirmed,,15,12,none,0
Is-fFfhR_P4,UCdRpPAsQbIaVpn_vS2_omPw,time,14,12.2168,27,887.27,875,356.42987654579804,2.48932816585376,confirmed,0.012994037803095484,15,12,none,0
TCFUrwug74s,UCKsP3v2JeT2hWI_HzkxWiMA,time,1,0.9371,28,25290.45,31318,74235.99999999999,0.34067639025221386,early,,15,8,none,0
TCFUrwug74s,UCKsP3v2JeT2hWI_HzkxWiMA,time,2,1.9371,28,30056.14,31318,82217.4040062939,0.36556901787888824,early,0.8300207661021011,15,8,none,0
TCFUrwug74s,UCKsP3v2JeT2hWI_HzkxWiMA,time,3,2.9371,28,31226.53,31318,88633.20962277066,0.3523118915312891,early,0.7456234067166918,15,7,none,0
TCFUrwug74s,UCKsP3v2JeT2hWI_HzkxWiMA,time,5,4.9371,28,32978.65,31318,90139.59508496159,0.3658619846642088,likely,0.6249259301978956,15,7,none,0
TCFUrwug74s,UCKsP3v2JeT2hWI_HzkxWiMA,time,7,6.9371,28,35459.65,31318,91034.49088657493,0.3895188457902434,likely,0.5838417964009348,15,6,none,0
TCFUrwug74s,UCKsP3v2JeT2hWI_HzkxWiMA,time,14,13.9371,28,35347.02,31318,93241.00000000007,0.3790931270438853,confirmed,0.4849761894124866,15,4,none,0
Ar4s4H7Pkjw,UC5_SBQbLA9Kg7Jh5GpXoP3g,time,1,0.8330,28,10.46,49,770.4139739675793,0.01358333392989388,early,,12,11,none,0
Ar4s4H7Pkjw,UC5_SBQbLA9Kg7Jh5GpXoP3g,time,2,1.8330,28,12.16,49,770.4139739675793,0.01578088096759921,early,0.9312796179456354,12,11,none,0
Ar4s4H7Pkjw,UC5_SBQbLA9Kg7Jh5GpXoP3g,time,3,2.8330,28,17.29,49,729.1336948513629,0.023714926674245164,early,0.9396086142938477,15,14,none,0
Ar4s4H7Pkjw,UC5_SBQbLA9Kg7Jh5GpXoP3g,time,5,4.8330,28,12.48,49,684.3918087499679,0.01823272001863716,likely,0.5987884887513285,15,12,none,0
Ar4s4H7Pkjw,UC5_SBQbLA9Kg7Jh5GpXoP3g,time,7,6.8330,28,32.41,49,670.8175962572856,0.04831216103973166,likely,1.10812501964173,15,12,none,0
Ar4s4H7Pkjw,UC5_SBQbLA9Kg7Jh5GpXoP3g,time,14,13.8330,28,48.05,49,641.5778523130823,0.07489711576252642,confirmed,1.0092333609881885,15,12,none,0
xNpDEbOUZEw,UCBRxDSTfr2aJVODDh4WG_7g,time,7,7.2612,28,335.94,277,2373.1176813918596,0.14155967459697893,confirmed,,10,10,none,0
xNpDEbOUZEw,UCBRxDSTfr2aJVODDh4WG_7g,time,14,12.2612,28,279.86,277,2323.7694731907377,0.12043513686213661,confirmed,0.0315371904932965,15,15,none,0
UypKP0JmlGY,UCnpWedLQdHpZqhgTLdB9Yyg,time,1,0.8956,28,99415.56,122411,73919.28577378692,1.3449205231915131,early,,14,14,none,0
UypKP0JmlGY,UCnpWedLQdHpZqhgTLdB9Yyg,time,2,1.8956,28,89661.98,122411,72557.3441733264,1.2357395813265442,early,0.7096768722091544,15,15,none,0
UypKP0JmlGY,UCnpWedLQdHpZqhgTLdB9Yyg,time,3,2.8956,28,120990.99,122411,72635.28812702288,1.6657328934963493,early,0.7141415233391898,15,15,none,0
UypKP0JmlGY,UCnpWedLQdHpZqhgTLdB9Yyg,time,5,4.8956,28,128732.63,122411,73000.53955382048,1.7634476775939798,likely,0.6106921154179449,15,15,none,0
UypKP0JmlGY,UCnpWedLQdHpZqhgTLdB9Yyg,time,7,6.8956,28,127904.54,122411,73385.87120513894,1.7429041743383316,likely,0.5660377181146632,15,15,none,0
UypKP0JmlGY,UCnpWedLQdHpZqhgTLdB9Yyg,time,14,12.8956,28,123863.82,122411,70852.99999999999,1.7481802979490568,confirmed,0.4829786162752264,15,13,none,0
M8HbJzbEnHc,UC_UnVDztkvE1hw064XFTNSQ,time,0.5,0.4865,27,1108314.05,1404820,695878.5979285354,1.5926830598659314,early,,15,11,none,0
M8HbJzbEnHc,UC_UnVDztkvE1hw064XFTNSQ,time,1,1.4865,27,1662635.27,1404820,697095.7905696944,2.3850886654037113,early,1.0641453083306547,15,11,none,0
M8HbJzbEnHc,UC_UnVDztkvE1hw064XFTNSQ,time,2,2.4865,27,1502358.97,1404820,700419.3953552135,2.144941986195981,early,0.8441404341798927,15,11,none,0
M8HbJzbEnHc,UC_UnVDztkvE1hw064XFTNSQ,time,3,3.4865,27,1458309.62,1404820,700579.9851117042,2.081574767161895,likely,0.7558988321822954,15,11,none,0
M8HbJzbEnHc,UC_UnVDztkvE1hw064XFTNSQ,time,5,4.4865,27,1514471.42,1404820,702029.8443271348,2.1572749840775702,likely,0.7193728767399312,15,11,none,0
M8HbJzbEnHc,UC_UnVDztkvE1hw064XFTNSQ,time,7,7.4865,27,1592054.58,1404820,706226.0643832777,2.2543129735965044,confirmed,0.6171416180303716,15,10,none,0
M8HbJzbEnHc,UC_UnVDztkvE1hw064XFTNSQ,time,14,15.4865,27,1643248.49,1404820,708998.0000000002,2.317705394103882,confirmed,0.5147008696136837,15,8,none,0
XQnJ4YfCFOg,UCAGgFGwq4HZKLZ4gXo9xLiw,time,5,4.8221,27,10366.56,8251,2727.1376065116306,3.801262045626254,likely,,7,7,none,0
XQnJ4YfCFOg,UCAGgFGwq4HZKLZ4gXo9xLiw,time,7,6.8221,27,8620.82,8251,2721.0293693823533,3.1682210543042144,likely,0.08017992857088695,7,7,none,0
XQnJ4YfCFOg,UCAGgFGwq4HZKLZ4gXo9xLiw,time,14,15.8221,27,8475.72,8251,2456.8111051605993,3.449885805590373,confirmed,0.06426689143469397,7,7,none,0
KOwBCWfboD4,UCQheERIaSGDBrcRfNahTBcA,time,14,13.7498,27,16178.93,16789,18334.16336514462,0.88244696454345,confirmed,0.2962003758880297,15,15,none,0
mwFwoyyUgKM,UCVbwsYKbh6Pz3RHXCXj4MdQ,heldout,1,0.9573,30,655.14,978,1997.0121113661426,0.32806168120994234,early,,15,14,none,0
mwFwoyyUgKM,UCVbwsYKbh6Pz3RHXCXj4MdQ,heldout,2,1.9573,30,1289.98,978,2004.6290930294172,0.6434993215514235,early,1.7583422810432128,15,14,none,0
mwFwoyyUgKM,UCVbwsYKbh6Pz3RHXCXj4MdQ,heldout,3,2.9573,30,1353.05,978,2009.8347749430995,0.6732136986619037,early,1.1840055045087652,15,13,none,0
mwFwoyyUgKM,UCVbwsYKbh6Pz3RHXCXj4MdQ,heldout,5,4.9573,30,1299.38,978,2009.8347749430995,0.646512606481112,likely,0.864527090223329,15,13,none,0
mwFwoyyUgKM,UCVbwsYKbh6Pz3RHXCXj4MdQ,heldout,7,6.9573,30,1244.49,978,2104.4447196964743,0.5913636321814777,likely,0.740076860520016,15,13,none,0
mwFwoyyUgKM,UCVbwsYKbh6Pz3RHXCXj4MdQ,heldout,14,13.9573,30,1109.25,978,2184.614757603284,0.5077537792994872,confirmed,0.5779037910358814,15,12,none,0
VBJ63rblwBY,UCCZLVYAGIoGvaFUrTyyeaXA,time,5,6.0256,29,4401.29,3638,21310.384531337106,0.2065326370640543,likely,,4,4,none,0
VBJ63rblwBY,UCCZLVYAGIoGvaFUrTyyeaXA,time,7,7.0256,29,3896.51,3638,20947.70793058215,0.18601129972641486,confirmed,0.107045529694028,4,4,none,0
VBJ63rblwBY,UCCZLVYAGIoGvaFUrTyyeaXA,time,14,14.0256,29,3717.00,3638,19396.655412680826,0.19163106942874095,confirmed,0.03758142607825731,4,4,none,0
99XP-52n-Ps,UCnwAlhoB5rVhh6y5P96RXAw,heldout,1,0.9582,30,81122.14,84378,41932.39483216903,1.9345934690418631,early,,11,11,none,0
99XP-52n-Ps,UCnwAlhoB5rVhh6y5P96RXAw,heldout,14,12.9582,30,90444.58,84378,33255.69834959896,2.7196716630925173,confirmed,0.4160796408523486,15,10,none,0
gXVpAVwN8F0,UCXuqSBlHAE6Xw-yeJA0Tunw,time,0.5,0.6570,27,1509532.92,1052514,1510898.6777912911,0.99909605986936,early,,15,15,none,0
gXVpAVwN8F0,UCXuqSBlHAE6Xw-yeJA0Tunw,time,1,0.6570,27,1509532.92,1052514,1510898.6777912911,0.99909605986936,early,,15,15,none,0
gXVpAVwN8F0,UCXuqSBlHAE6Xw-yeJA0Tunw,time,2,1.6570,27,1249103.41,1052514,1505821.3682539808,0.8295163252461678,early,0.6294327135051472,15,15,none,0
gXVpAVwN8F0,UCXuqSBlHAE6Xw-yeJA0Tunw,time,3,2.6570,27,1139798.58,1052514,1494223.7416448698,0.7628031552555338,early,0.46418311303300197,15,15,none,0
gXVpAVwN8F0,UCXuqSBlHAE6Xw-yeJA0Tunw,time,5,4.6570,27,1142225.33,1052514,1467096.9529498057,0.7785615845105873,likely,0.35852594073450716,15,15,none,0
gXVpAVwN8F0,UCXuqSBlHAE6Xw-yeJA0Tunw,time,7,6.6570,27,1060220.88,1052514,1436117.77953032,0.7382548268982075,likely,0.3224329335760399,15,14,none,0
gXVpAVwN8F0,UCXuqSBlHAE6Xw-yeJA0Tunw,time,14,12.6570,27,1063196.84,1052514,1345753.5585203555,0.7900382896310949,confirmed,0.2604434432190668,15,9,none,0
uLZVd6VvUD0,UCxEQsjgRRfGWiJJu_PDygxw,time,14,13.4576,27,303777.31,294917,228075.17559674528,1.3319174745241777,confirmed,0.012455653003386757,15,14,none,0
PqS_AMc-3iY,UCK09g6gYGMvU-0x1VCF1hgA,time,14,13.7498,29,61050.87,57945,39001.15378353142,1.565360548062138,confirmed,0.23523921227533204,15,15,none,0
l2RSwUeFXWU,UCQq79zHGZJNzm3SPOfLNmrw,time,3,3.9638,29,283.53,363,517.9162796724124,0.5474463883472218,likely,,15,13,none,0
l2RSwUeFXWU,UCQq79zHGZJNzm3SPOfLNmrw,time,5,5.9638,29,249.83,363,522.0684891780285,0.4785398217443932,likely,0.2845347087125033,15,13,none,0
l2RSwUeFXWU,UCQq79zHGZJNzm3SPOfLNmrw,time,7,6.9638,29,269.93,363,532.8918300400233,0.5065382761637602,likely,0.3697662189842424,15,12,none,0
l2RSwUeFXWU,UCQq79zHGZJNzm3SPOfLNmrw,time,14,13.9637,29,304.28,363,580,0.5246290070788303,confirmed,0.34336990371726595,15,10,none,0
_98yAEMZPsU,UC_Gz-8R2G8jBs20ro9AL9hA,heldout,7,8.8465,30,380.14,581,443.10131660359053,0.8579078649626075,confirmed,,15,15,none,0
_98yAEMZPsU,UC_Gz-8R2G8jBs20ro9AL9hA,heldout,14,13.8465,30,427.17,581,578.0961744679071,0.7389239003142459,confirmed,0.4694691454868906,15,15,none,0
I8-FADDae8M,UC6QNjBn6KMq5-pe3OE11zZg,heldout,0.5,0.5816,30,5762.09,5805,10340.067880966832,0.5572586560758005,early,,11,9,none,0
I8-FADDae8M,UC6QNjBn6KMq5-pe3OE11zZg,heldout,1,0.5816,30,5762.09,5805,10340.067880966832,0.5572586560758005,early,,11,9,none,0
I8-FADDae8M,UC6QNjBn6KMq5-pe3OE11zZg,heldout,14,12.5816,30,6520.94,5805,9622.356878383809,0.6776860056664031,confirmed,0.49040237982786644,13,9,none,0
Zdy-qZO93Qg,UCx0irbDsRLjMvEXaW56cqlQ,heldout,14,14.9992,29,3407.55,3148,5765.295791647097,0.5910447734776104,confirmed,,15,13,none,0
QUIFZaKIB4M,UC1jY1bsRgYKlQ08IVIzwhVw,heldout,7,8.0196,31,34462.67,33699,,,insufficient,,0,0,none,0
QUIFZaKIB4M,UC1jY1bsRgYKlQ08IVIzwhVw,heldout,14,14.0196,31,34590.28,33699,,,insufficient,0.24744261614307245,0,0,none,0
QCXmhhMlb2A,UCPb5icVxZvFpmORSjDKrrnw,time,1,0.7923,28,16722.73,12909,18989.766643199957,0.8806182387552427,early,,15,13,none,0
QCXmhhMlb2A,UCPb5icVxZvFpmORSjDKrrnw,time,2,2.7923,28,18867.71,12909,18886.421985323545,0.9990092521577343,early,0.6956269182540485,15,12,none,0
QCXmhhMlb2A,UCPb5icVxZvFpmORSjDKrrnw,time,3,2.7923,28,18867.71,12909,18886.421985323545,0.9990092521577343,early,0.6956269182540485,15,12,none,0
QCXmhhMlb2A,UCPb5icVxZvFpmORSjDKrrnw,time,5,4.7923,28,15854.44,12909,18772.3697999593,0.8445626968820427,likely,0.4649473647065772,15,12,none,0
QCXmhhMlb2A,UCPb5icVxZvFpmORSjDKrrnw,time,7,6.7923,28,15657.66,12909,18655.575677534096,0.8393018100970994,likely,0.39428079173974684,15,12,none,0
QCXmhhMlb2A,UCPb5icVxZvFpmORSjDKrrnw,time,14,12.7923,28,13736.59,12909,18349,0.7486285734885143,confirmed,0.31123105782267124,15,10,none,0
exWKlZWo2kA,UCI3yTtc0kShZ-S_Qsd5VTSQ,time,1,0.8743,27,666295.04,2458836,457646.7878255846,1.455915464992945,early,,14,14,none,0
exWKlZWo2kA,UCI3yTtc0kShZ-S_Qsd5VTSQ,time,2,1.8743,27,1017792.22,2458836,457646.7878255846,2.223968886185303,early,1.103523594589508,14,14,none,0
exWKlZWo2kA,UCI3yTtc0kShZ-S_Qsd5VTSQ,time,3,2.8743,27,1255276.51,2458836,457646.7878255846,2.7428937487378318,early,1.0214061697426728,14,14,none,0
exWKlZWo2kA,UCI3yTtc0kShZ-S_Qsd5VTSQ,time,5,4.8743,27,1800684.59,2458836,465286.043813016,3.870059309776526,likely,1.1132173105588177,14,14,none,0
exWKlZWo2kA,UCI3yTtc0kShZ-S_Qsd5VTSQ,time,7,6.8743,27,2105957.68,2458836,465286.043813016,4.52615699468388,likely,1.0778860666443293,14,14,none,0
exWKlZWo2kA,UCI3yTtc0kShZ-S_Qsd5VTSQ,time,14,12.8743,27,2279661.25,2458836,473909.35215398704,4.810331856291286,confirmed,0.9385215342906054,14,14,none,0
2H5xTcswgt4,UCLFgO1aEI66fh06p6u6-juw,time,0.5,0.7302,27,7348.90,8142,10395.6545212376,0.7069202765406383,early,,14,14,none,0
2H5xTcswgt4,UCLFgO1aEI66fh06p6u6-juw,time,1,0.7302,27,7348.90,8142,10395.6545212376,0.7069202765406383,early,,14,14,none,0
2H5xTcswgt4,UCLFgO1aEI66fh06p6u6-juw,time,2,2.7302,27,6958.67,8142,10322.56875512737,0.6741220703198036,early,0.5584724796494611,15,15,none,0
2H5xTcswgt4,UCLFgO1aEI66fh06p6u6-juw,time,3,2.7302,27,6958.67,8142,10322.56875512737,0.6741220703198036,early,0.5584724796494611,15,15,none,0
2H5xTcswgt4,UCLFgO1aEI66fh06p6u6-juw,time,5,4.7302,27,7113.26,8142,10288.197766391455,0.6913997211892283,likely,0.5052110875027955,15,15,none,0
2H5xTcswgt4,UCLFgO1aEI66fh06p6u6-juw,time,7,7.7302,27,8335.35,8142,10501.265092093865,0.7937474250973603,confirmed,0.472178003979238,15,15,none,0
2H5xTcswgt4,UCLFgO1aEI66fh06p6u6-juw,time,14,13.7302,27,8332.39,8142,11550.014746976958,0.7214181135970973,confirmed,0.4254049107774444,15,13,none,0
NYgLyDCvCe8,UCdOIkjWFRXVho4Ua_j9_q4A,time,1,0.8328,27,26792.48,18183,31709.799816681923,0.8449274183521696,early,,15,11,none,0
NYgLyDCvCe8,UCdOIkjWFRXVho4Ua_j9_q4A,time,2,1.8328,27,18466.66,18183,31709.799816681923,0.5823644688737409,early,0.4474806759069256,15,11,none,0
NYgLyDCvCe8,UCdOIkjWFRXVho4Ua_j9_q4A,time,3,2.8328,27,18034.17,18183,31709.799816681923,0.5687254455909595,early,0.34712432147482086,15,10,none,0
NYgLyDCvCe8,UCdOIkjWFRXVho4Ua_j9_q4A,time,5,4.8328,27,18670.27,18183,31751.85371288156,0.588005822442528,likely,0.30152653351195036,15,9,none,0
NYgLyDCvCe8,UCdOIkjWFRXVho4Ua_j9_q4A,time,7,6.8328,27,18515.25,18183,32295.64459056136,0.5733048571898192,likely,0.28128306492235783,15,9,none,0
NYgLyDCvCe8,UCdOIkjWFRXVho4Ua_j9_q4A,time,14,12.8328,27,19438.57,18183,33329.96806529089,0.5832161089688804,confirmed,0.23909011261377766,15,9,none,0
_ru4xguMmGA,UCnpWedLQdHpZqhgTLdB9Yyg,time,1,0.8954,29,96961.19,80821,69105.65490239995,1.4030861357633826,early,,14,14,none,0
_ru4xguMmGA,UCnpWedLQdHpZqhgTLdB9Yyg,time,2,1.8954,29,79758.51,80821,73919.28577378692,1.078994571107899,early,0.49237109456009764,15,15,none,0
_ru4xguMmGA,UCnpWedLQdHpZqhgTLdB9Yyg,time,3,2.8954,29,73080.88,80821,72557.3441733264,1.0072155196810402,early,0.39286289714164624,15,15,none,0
_ru4xguMmGA,UCnpWedLQdHpZqhgTLdB9Yyg,time,5,4.8954,29,78662.21,80821,72644.46950985308,1.0828382676252286,likely,0.3765091333843949,15,15,none,0
_ru4xguMmGA,UCnpWedLQdHpZqhgTLdB9Yyg,time,7,6.8954,29,84257.66,80821,73385.87120513894,1.1481455970637933,likely,0.3483541394194415,15,15,none,0
_ru4xguMmGA,UCnpWedLQdHpZqhgTLdB9Yyg,time,14,13.8954,29,84220.56,80821,70852.99999999999,1.1886660642352818,confirmed,0.29293484793025826,15,12,none,0
yKEz3es8ITs,UCE3qIUaYYSQfgZZZlFIenZw,time,14,12.6742,27,14682.09,15570,13602.25133367291,1.0793868416240413,confirmed,0.5329464906834828,15,14,none,0
dsnVXpwNm8I,UCsvqVGtbbyHaMoevxPAq9Fg,time,14,13.9371,29,2484.60,2493,5490.5743022415845,0.45252144578637393,confirmed,0.43468008080012777,15,15,none,0
rlAfC7QjQec,UCsWLcxLC1B-MLCeIpYtPiMw,heldout,14,13.5485,29,26783.26,27247,32394.616971571326,0.8267811994034965,confirmed,,15,14,none,0
xN7KiItharc,UC2OjGgjNiqyLr_1qkqAwsUQ,time,14,13.6661,28,3271.29,3245,10285.685754680988,0.318043285567315,confirmed,0.06732929595310982,15,12,none,0
oYoV1baxwE0,UCsvqVGtbbyHaMoevxPAq9Fg,time,14,13.8323,29,1384.43,1574,5490.5743022415845,0.25214731982766364,confirmed,0.21738660272810123,15,15,none,0
QIOt6znpgTk,UC-ZEQgA6jc9SPIg7wq4QxTA,heldout,14,14.8338,30,48542.30,46205,24305.864293215476,1.9971436022298819,confirmed,,15,15,none,0
TN0nLnLc9Go,UCLFgO1aEI66fh06p6u6-juw,heldout,1,1.7123,29,2920.65,2327,12167.207914151553,0.2400424813005889,early,,15,15,none,0
TN0nLnLc9Go,UCLFgO1aEI66fh06p6u6-juw,heldout,2,1.7123,29,2920.65,2327,12167.207914151553,0.2400424813005889,early,,15,15,none,0
TN0nLnLc9Go,UCLFgO1aEI66fh06p6u6-juw,heldout,3,2.7123,29,2071.89,2327,12194.947361397179,0.1698978065735993,early,0.16464976114117175,15,15,none,0
TN0nLnLc9Go,UCLFgO1aEI66fh06p6u6-juw,heldout,5,5.7123,29,2149.15,2327,12528.83813479169,0.17153609303259681,likely,0.20355227275948698,15,15,none,0
TN0nLnLc9Go,UCLFgO1aEI66fh06p6u6-juw,heldout,7,6.7123,29,2109.74,2327,12530.101954122192,0.16837350316781974,likely,0.19263566330724707,15,15,none,0
TN0nLnLc9Go,UCLFgO1aEI66fh06p6u6-juw,heldout,14,13.7123,29,2402.53,2327,13380.00000000001,0.17956153832974217,confirmed,0.1800661607507116,15,13,none,0
2wUZfbPeuJQ,UClhLazRwMSdXeF-MBFUo4gg,time,14,13.7500,28,3265.95,3182,1895.0469294225486,1.7234154993645905,confirmed,0.2412009253554882,15,15,none,0
YBmAT6cu9Js,UCf5LdDDOm1hYgDcSP3KimNA,time,1,0.9992,29,3384.10,12905,11077.770215330049,0.30548597245448056,early,,15,10,none,0
YBmAT6cu9Js,UCf5LdDDOm1hYgDcSP3KimNA,time,2,1.9992,29,4111.37,12905,11047.794045671497,0.3721436584426796,early,0.9060831850071611,15,9,none,0
YBmAT6cu9Js,UCf5LdDDOm1hYgDcSP3KimNA,time,3,2.9992,29,8740.78,12905,11047.794045671497,0.7911786239883378,early,1.5247735423927635,15,8,none,0
YBmAT6cu9Js,UCf5LdDDOm1hYgDcSP3KimNA,time,5,4.9992,29,7987.92,12905,11013.289527769768,0.725298618821833,likely,1.0340780987258502,15,8,none,0
YBmAT6cu9Js,UCf5LdDDOm1hYgDcSP3KimNA,time,7,6.9992,29,10371.01,12905,11013.289527769768,0.941681819382439,likely,1.141993440740527,15,8,none,0
YBmAT6cu9Js,UCf5LdDDOm1hYgDcSP3KimNA,time,14,13.9992,29,15220.86,12905,10920.201212429434,1.3938262253686369,confirmed,1.084377704197616,15,7,none,0
00J0Hso1lUg,UCsLt8oYvDYGpSHcGhRBBkyw,heldout,14,14.2854,28,16063.30,13366,2616.4598672950083,6.1393252122973125,confirmed,0.802191777219168,15,15,none,0
wUtSgoZ7_w8,UCD4NnnbISbr4dvmmzQxC2bA,time,5,6.8319,29,23745.50,22495,,,insufficient,,0,0,none,0
wUtSgoZ7_w8,UCD4NnnbISbr4dvmmzQxC2bA,time,7,6.8319,29,23745.50,22495,,,insufficient,,0,0,none,0
wUtSgoZ7_w8,UCD4NnnbISbr4dvmmzQxC2bA,time,14,13.8319,29,22764.79,22495,,,insufficient,0.1668583869251947,0,0,none,0
_K-lEOPTFXU,UC3KNWfcAsfHDqIzHExknhFQ,time,5,6.6374,28,131.34,172,,,insufficient,,0,0,none,0
_K-lEOPTFXU,UC3KNWfcAsfHDqIzHExknhFQ,time,7,6.6374,28,131.34,172,,,insufficient,,0,0,none,0
_K-lEOPTFXU,UC3KNWfcAsfHDqIzHExknhFQ,time,14,13.6374,28,153.31,172,,,insufficient,0.3548029485960391,0,0,none,0
hQcpJXeZz94,UC0Le_ilaOlp9HftXeiMglsg,heldout,14,15.4693,27,8465.35,8450,7274.366420826929,1.1637236776884066,confirmed,0.07560406077298881,15,10,none,0
hQcpJXeZz94,UC0Le_ilaOlp9HftXeiMglsg,time,14,15.4693,27,8465.35,8450,7274.366420826929,1.1637236776884066,confirmed,0.07560406077298881,15,10,none,0
9hrOmqGZ1RI,UCEh_IoMVGA7NPsx6-2H8Bqw,time,14,12.7716,27,1526.81,1521,1195.7636777302005,1.276849992075266,confirmed,0.03607151811077898,15,15,none,0
Y-cihfULrUc,UCDIaC10wqRZFutqWaJnm7QA,time,5,6.8424,29,53.04,49,,,insufficient,,0,0,none,0
Y-cihfULrUc,UCDIaC10wqRZFutqWaJnm7QA,time,7,6.8424,29,53.04,49,,,insufficient,,0,0,none,0
Y-cihfULrUc,UCDIaC10wqRZFutqWaJnm7QA,time,14,13.8424,29,50.07,49,,,insufficient,0.14260120267107104,0,0,none,0
55cNdkFLO7Y,UC4wKN1tlnlNVMiRPOu7qyvQ,time,2,2.5833,29,1247.22,1903,2233.2730439802217,0.5584716004876714,early,,15,15,none,0
55cNdkFLO7Y,UC4wKN1tlnlNVMiRPOu7qyvQ,time,3,2.5833,29,1247.22,1903,2233.2730439802217,0.5584716004876714,early,,15,15,none,0
55cNdkFLO7Y,UC4wKN1tlnlNVMiRPOu7qyvQ,time,5,4.5833,29,1337.19,1903,2334.136091860639,0.5728855184695801,likely,0.4759099508272012,15,15,none,0
55cNdkFLO7Y,UC4wKN1tlnlNVMiRPOu7qyvQ,time,7,6.5833,29,1358.56,1903,2366.6021570970743,0.5740564916641964,likely,0.4128132577584704,15,15,none,0
55cNdkFLO7Y,UC4wKN1tlnlNVMiRPOu7qyvQ,time,14,13.5833,29,1558.87,1903,2302.1393269167615,0.6771417099704093,confirmed,0.3785294776277429,15,15,none,0
PAYHOr73Zr4,UC5_SBQbLA9Kg7Jh5GpXoP3g,time,1,0.8328,28,10.46,43,728.9047630945834,0.014356869103488462,early,,7,6,none,0
PAYHOr73Zr4,UC5_SBQbLA9Kg7Jh5GpXoP3g,time,2,2.8328,28,19.45,43,345.32827770044923,0.05633124299086731,early,1.099173416979131,15,14,none,0
PAYHOr73Zr4,UC5_SBQbLA9Kg7Jh5GpXoP3g,time,3,2.8328,28,19.45,43,345.32827770044923,0.05633124299086731,early,1.099173416979131,15,14,none,0
PAYHOr73Zr4,UC5_SBQbLA9Kg7Jh5GpXoP3g,time,5,4.8328,28,20.07,43,318.25145829993676,0.06307825102889976,likely,0.8738254748746151,15,12,none,0
PAYHOr73Zr4,UC5_SBQbLA9Kg7Jh5GpXoP3g,time,7,6.8328,28,22.69,43,318.6362948359786,0.07119732994869671,likely,0.8624908842099287,15,12,none,0
PAYHOr73Zr4,UC5_SBQbLA9Kg7Jh5GpXoP3g,time,14,12.8328,28,34.95,43,288.53661964910424,0.12111859362802671,confirmed,0.8864745909061443,15,12,none,0
xTiBF2Hq40I,UC2Kyj04yISmHr1V-UlJz4eg,heldout,1,1.8891,30,403612.86,583890,160791.9999999999,2.5101550838433786,early,,15,13,none,0
xTiBF2Hq40I,UC2Kyj04yISmHr1V-UlJz4eg,heldout,2,1.8891,30,403612.86,583890,160791.9999999999,2.5101550838433786,early,,15,13,none,0
xTiBF2Hq40I,UC2Kyj04yISmHr1V-UlJz4eg,heldout,3,2.8891,30,474516.08,583890,160791.9999999999,2.951117464027357,early,0.7559661792919949,15,13,none,0
xTiBF2Hq40I,UC2Kyj04yISmHr1V-UlJz4eg,heldout,5,4.8891,30,539408.32,583890,160791.9999999999,3.354696256833301,likely,0.659097157887143,15,13,none,0
xTiBF2Hq40I,UC2Kyj04yISmHr1V-UlJz4eg,heldout,7,6.8891,30,540866.52,583890,160791.9999999999,3.363765098283743,likely,0.5905259202608807,15,13,none,0
xTiBF2Hq40I,UC2Kyj04yISmHr1V-UlJz4eg,heldout,14,13.8891,30,569054.10,583890,160791.9999999999,3.5390697527621744,confirmed,0.4246011812018384,15,13,none,0
eb6ToL9StIQ,UC5_SBQbLA9Kg7Jh5GpXoP3g,time,1,0.8325,28,222.38,368,728.9047630945834,0.3050834684491298,early,,6,5,none,0
eb6ToL9StIQ,UC5_SBQbLA9Kg7Jh5GpXoP3g,time,2,2.8325,28,460.38,368,333.9158046431383,1.378737524560657,early,1.2450305728510958,15,14,none,0
eb6ToL9StIQ,UC5_SBQbLA9Kg7Jh5GpXoP3g,time,3,2.8325,28,460.38,368,333.9158046431383,1.378737524560657,early,1.2450305728510958,15,14,none,0
eb6ToL9StIQ,UC5_SBQbLA9Kg7Jh5GpXoP3g,time,5,4.8325,28,430.69,368,297.667706458147,1.446897086361982,likely,0.8820179102986322,15,12,none,0
eb6ToL9StIQ,UC5_SBQbLA9Kg7Jh5GpXoP3g,time,7,6.8325,28,429.41,368,302.1346438596361,1.4212689317973133,likely,0.7827803567857428,15,12,none,0
eb6ToL9StIQ,UC5_SBQbLA9Kg7Jh5GpXoP3g,time,14,12.8325,28,432.47,368,274.0489113028244,1.5780795261047873,confirmed,0.6189314358884468,15,12,none,0
8i9V9AedZYc,UCAGgFGwq4HZKLZ4gXo9xLiw,time,5,5.8347,28,3542.38,2756,2260.4710205343,1.567100218565167,likely,,5,5,none,0
8i9V9AedZYc,UCAGgFGwq4HZKLZ4gXo9xLiw,time,7,6.8347,28,2915.49,2756,2233.312346802256,1.3054571723458965,likely,0.09755331217584992,5,5,none,0
8i9V9AedZYc,UCAGgFGwq4HZKLZ4gXo9xLiw,time,14,13.8347,28,2807.96,2756,2056.974434923216,1.365094130911724,confirmed,0.04804072499897081,5,5,none,0
lKSk8hauUsA,UCO1SasMJdmlfrCS5pNJJFQA,time,1,1.0407,29,5486.82,23250,5105.982777155303,1.0745872295641181,early,2.251880212400205,15,12,none,0
lKSk8hauUsA,UCO1SasMJdmlfrCS5pNJJFQA,time,2,2.0407,29,6778.12,23250,5090.543986757516,1.3315119216139317,early,1.6563592243168102,15,12,none,0
lKSk8hauUsA,UCO1SasMJdmlfrCS5pNJJFQA,time,3,3.0407,29,8967.73,23250,5027.204455240458,1.7838398194139509,likely,1.559855915320061,15,11,none,0
lKSk8hauUsA,UCO1SasMJdmlfrCS5pNJJFQA,time,5,5.0407,29,13176.33,23250,4943.991135463217,2.665120651244646,likely,1.5182119242299756,15,11,none,0
lKSk8hauUsA,UCO1SasMJdmlfrCS5pNJJFQA,time,7,7.0407,29,23713.84,23250,4902.333809263432,4.837255558444052,confirmed,1.514964293264244,15,11,none,0
lKSk8hauUsA,UCO1SasMJdmlfrCS5pNJJFQA,time,14,14.0407,29,21084.68,23250,4730.884022526336,4.4568161950112275,confirmed,1.3156170787873607,15,10,none,0
7INb9mzVWSE,UC4cTmHcWEXfkRdCvFLe4KiQ,time,14,13.9687,30,4815.62,4718,3581.96114906142,1.344407780530506,confirmed,,15,13,none,0
esRuyVoxqp4,UCPAt6z5uX_c5Eo_cSNROzYw,time,14,14.7276,29,12523.37,12853,10347.001698626493,1.2103383646478967,confirmed,0.04384847473726444,15,15,none,0
5Q_l8m6rsqI,UC6unsgtxsnMeFG3OBRX-PQw,time,7,7.0832,27,1413.21,1206,,,insufficient,,0,0,none,0
5Q_l8m6rsqI,UC6unsgtxsnMeFG3OBRX-PQw,time,14,15.0832,27,1221.03,1206,8281.50049390856,0.14744116265652388,confirmed,0.07468557653618925,15,10,none,0
OUQhHT9onaQ,UCUpbDOT-OVNBlaQpb9pbd2w,time,3,3.5436,27,14468.07,9600,31055.34180318275,0.4658800953532764,likely,,15,15,none,0
OUQhHT9onaQ,UCUpbDOT-OVNBlaQpb9pbd2w,time,5,4.5436,27,10525.34,9600,29415.71613528145,0.35781360962267145,likely,0.07362176898304698,15,15,none,0
OUQhHT9onaQ,UCUpbDOT-OVNBlaQpb9pbd2w,time,7,7.5436,27,10394.37,9600,27490.672799626856,0.37810528095759843,confirmed,0.05937288913084066,15,15,none,0
OUQhHT9onaQ,UCUpbDOT-OVNBlaQpb9pbd2w,time,14,15.5436,27,9905.09,9600,24839.562055465824,0.39876285345401996,confirmed,0.03928322246609968,15,15,none,0
0HG9SDtZkts,UCk7G9VbYTKntMsLmKuy942g,heldout,14,13.2335,30,13132.23,19685,,,insufficient,0.46407412509230833,2,1,none,0
VKoewh7wlb8,UCthfI4-SrAfqxLVngitqA4Q,time,14,13.8327,29,1254.76,1500,264.1149404216316,4.750812994733391,confirmed,0.31857161213586893,15,15,none,0
Z_qTdDy5LlQ,UCbJCFAtGMXQZm6WfSMMLzvw,time,14,13.9133,28,3659.42,3558,3260.085426214482,1.1224934868603937,confirmed,,15,15,none,0
132hnBjpudo,UCsLt8oYvDYGpSHcGhRBBkyw,time,14,14.1615,29,2895.88,2407,3060.088953499001,0.9463371822853489,confirmed,1.1271755370610022,15,15,none,0
1zfTDaO1cO8,UC2r2JPFr-m6Q0z2WRiCg7dA,time,7,7.0833,27,31386.19,27505,,,insufficient,,0,0,none,0
1zfTDaO1cO8,UC2r2JPFr-m6Q0z2WRiCg7dA,time,14,15.0833,27,27211.02,27505,28326.838104994196,0.9606092928585407,confirmed,0.07965905564927023,15,11,none,0
FMrZTjC31uc,UCI0vQvr9aFn27yR6Ej6n5UA,heldout,14,13.2660,30,872.14,807,1065.9999999999998,0.8181397620087899,confirmed,,15,13,none,0
Oexn81_0-9E,UCBRpqrzuuqE8TZcWw75JSdw,time,5,6.5686,29,49478.83,42997,,,insufficient,,1,1,none,0
Oexn81_0-9E,UCBRpqrzuuqE8TZcWw75JSdw,time,7,6.5686,29,49478.83,42997,,,insufficient,,1,1,none,0
Oexn81_0-9E,UCBRpqrzuuqE8TZcWw75JSdw,time,14,13.5686,29,42946.61,42997,,,insufficient,0.08545692906204377,1,1,none,0
CF5S8GHVx6Q,UCQskSBnZDt7yLHc7ZdS5Fpw,time,1,0.7620,27,2835.96,2371,4059.544454628781,0.6985902471536557,early,,15,15,none,0
CF5S8GHVx6Q,UCQskSBnZDt7yLHc7ZdS5Fpw,time,2,1.7620,27,2183.97,2371,4059.544454628781,0.5379852295464003,early,0.5013379335689855,15,15,none,0
CF5S8GHVx6Q,UCQskSBnZDt7yLHc7ZdS5Fpw,time,3,2.7620,27,2687.33,2371,4059.544454628781,0.6619785005910361,early,0.5665990454600963,15,15,none,0
CF5S8GHVx6Q,UCQskSBnZDt7yLHc7ZdS5Fpw,time,5,4.7620,27,2534.72,2371,4059.544454628781,0.6243853541297525,likely,0.4433481456079866,15,15,none,0
CF5S8GHVx6Q,UCQskSBnZDt7yLHc7ZdS5Fpw,time,7,6.7620,27,2428.10,2371,4059.544454628781,0.598120738087364,likely,0.38095191065153583,15,15,none,0
CF5S8GHVx6Q,UCQskSBnZDt7yLHc7ZdS5Fpw,time,14,13.7620,27,2305.05,2371,4122.683043079741,0.5591140804467444,confirmed,0.3027379922619772,15,15,none,0
cC-J0ZCUH28,UC67dKTEwpAhKv2oYDATwR8g,time,1,0.9118,28,16588.13,13066,44622.95763457015,0.3717397749776496,early,,15,9,none,0
cC-J0ZCUH28,UC67dKTEwpAhKv2oYDATwR8g,time,2,1.9118,28,12684.45,13066,44658.999999999985,0.2840290548460897,early,0.3823567888667621,15,8,none,0
cC-J0ZCUH28,UC67dKTEwpAhKv2oYDATwR8g,time,3,2.9118,28,11171.25,13066,44658.999999999985,0.25014557325013864,early,0.359240500854155,15,8,none,0
cC-J0ZCUH28,UC67dKTEwpAhKv2oYDATwR8g,time,5,4.9118,28,11577.87,13066,44658.999999999985,0.25925065413110876,likely,0.31616340194607867,15,8,none,0
cC-J0ZCUH28,UC67dKTEwpAhKv2oYDATwR8g,time,7,6.9118,28,12713.99,13066,44658.999999999985,0.2846904136096195,likely,0.3023430323508245,15,8,none,0
cC-J0ZCUH28,UC67dKTEwpAhKv2oYDATwR8g,time,14,13.9118,28,13044.53,13066,44658.999999999985,0.2920918271420434,confirmed,0.27040166687735273,15,7,none,0
PklOUF5ftZE,UCl-Zrl0QhF66lu1aGXaTbfw,time,1,0.9994,28,7182.49,6709,40957.27828897499,0.17536537611812442,early,,9,7,none,0
PklOUF5ftZE,UCl-Zrl0QhF66lu1aGXaTbfw,time,2,1.9994,28,8105.21,6709,40768.802790069094,0.19880906292591252,early,0.7241848228482803,9,7,none,0
PklOUF5ftZE,UCl-Zrl0QhF66lu1aGXaTbfw,time,3,2.9994,28,7039.32,6709,40448.23887921295,0.17403288278282766,early,0.5492584699932088,9,5,none,0
PklOUF5ftZE,UCl-Zrl0QhF66lu1aGXaTbfw,time,5,4.9994,28,6632.03,6709,39707.62799925082,0.16702165163357546,likely,0.4324603470878765,9,5,none,0
PklOUF5ftZE,UCl-Zrl0QhF66lu1aGXaTbfw,time,7,6.9994,28,6790.27,6709,39848.03674385019,0.17040413284416825,likely,0.41926920304633436,9,5,none,0
PklOUF5ftZE,UCl-Zrl0QhF66lu1aGXaTbfw,time,14,13.9994,28,8136.10,6709,39660.818478787245,0.2051418863716388,confirmed,0.3576726674671648,9,4,none,0
5_hQX0gwRS8,UCQ_bmgSrYsQS0LboA_tZpEw,heldout,1,1.9998,30,331589.52,392887,214786.3982823679,1.5438106077456977,early,,14,14,none,0
5_hQX0gwRS8,UCQ_bmgSrYsQS0LboA_tZpEw,heldout,2,1.9998,30,331589.52,392887,214786.3982823679,1.5438106077456977,early,,14,14,none,0
5_hQX0gwRS8,UCQ_bmgSrYsQS0LboA_tZpEw,heldout,3,2.9998,30,236799.47,392887,213364.2104814339,1.1098368938389467,early,0.20275954183345804,15,14,none,0
5_hQX0gwRS8,UCQ_bmgSrYsQS0LboA_tZpEw,heldout,5,4.9998,30,347909.35,392887,211208.69457451094,1.6472302361685414,likely,0.5017920702408103,15,14,none,0
5_hQX0gwRS8,UCQ_bmgSrYsQS0LboA_tZpEw,heldout,7,5.9998,30,372010.62,392887,211208.69457451094,1.761341422831849,likely,0.48954933285436436,15,14,none,0
5_hQX0gwRS8,UCQ_bmgSrYsQS0LboA_tZpEw,heldout,14,13.9998,30,390597.34,392887,205580.8338369646,1.8999696460389157,confirmed,0.40937900575730224,15,13,none,0
2sChlIik85Y,UCkU_KcVKHrxgE4uhbIWaQtg,time,5,5.7500,27,133646.98,147691,55075.16037874095,2.4266289527900913,likely,,15,14,none,0
2sChlIik85Y,UCkU_KcVKHrxgE4uhbIWaQtg,time,7,6.7500,27,122600.30,147691,54863.283608533646,2.2346511015616675,likely,0.2572149230222893,15,14,none,0
2sChlIik85Y,UCkU_KcVKHrxgE4uhbIWaQtg,time,14,12.7500,27,119812.28,147691,54519.76735350446,2.1975933661362026,confirmed,0.15667412365941008,15,10,none,0
uJI5dkS5oo0,UCK_qwlvj4ZQobgDsalN_Pvg,time,0.5,0.7493,27,346.31,2410,2486.881860073722,0.13925310207592662,early,,15,12,none,0
uJI5dkS5oo0,UCK_qwlvj4ZQobgDsalN_Pvg,time,1,0.7493,27,346.31,2410,2486.881860073722,0.13925310207592662,early,,15,12,none,0
uJI5dkS5oo0,UCK_qwlvj4ZQobgDsalN_Pvg,time,2,1.7493,27,594.49,2410,2312.367301393108,0.2570921116041694,early,1.9346261346238378,15,12,none,0
uJI5dkS5oo0,UCK_qwlvj4ZQobgDsalN_Pvg,time,3,2.7493,27,1139.07,2410,2238.2122562963323,0.508918587584381,early,2.079193301031502,15,11,none,0
uJI5dkS5oo0,UCK_qwlvj4ZQobgDsalN_Pvg,time,5,4.7493,27,3688.99,2410,2194.2072578284033,1.6812388799098554,likely,2.076655716600163,15,11,none,0
uJI5dkS5oo0,UCK_qwlvj4ZQobgDsalN_Pvg,time,7,6.7493,27,4126.29,2410,2217.9013035031826,1.8604500689437742,likely,1.7910842529937914,15,11,none,0
uJI5dkS5oo0,UCK_qwlvj4ZQobgDsalN_Pvg,time,14,15.7493,27,2768.72,2410,2529.5264037419606,1.0945609709861075,confirmed,1.2893240299292177,15,9,none,0
GdvrTH_SHxA,UCFNWnGcWFs8d_RjlLLXdh_A,heldout,3,3.8747,28,20651.60,35375,63152.875674223964,0.3270096322058435,likely,,15,15,none,0
GdvrTH_SHxA,UCFNWnGcWFs8d_RjlLLXdh_A,heldout,5,4.8747,28,22777.62,35375,63155.000000000015,0.3606621976876409,likely,0.6376023379176881,15,14,none,0
GdvrTH_SHxA,UCFNWnGcWFs8d_RjlLLXdh_A,heldout,7,6.8747,28,21869.27,35375,63155.000000000015,0.3462792990246805,likely,0.6212453276941451,15,14,none,0
GdvrTH_SHxA,UCFNWnGcWFs8d_RjlLLXdh_A,heldout,14,13.8747,28,30052.90,35375,63155.000000000015,0.47585934699411736,confirmed,0.5470849011337489,15,14,none,0
IdENz7Spr74,UCMyOj6fhvKFMjxUCp3b_3gA,heldout,7,7.8330,30,18098846.73,21205314,14343664.454628788,1.261800761118439,confirmed,,15,14,none,0
oPa8EGD92Ws,UCigUBIf-zt_DA6xyOQtq2WA,time,14,13.8322,28,474612.21,471181,305192.2668536048,1.5551252757200051,confirmed,0.06887244148951284,15,13,none,0
Z2R6ZsTOqwI,UCjB9rCM_kqa-tQj1UcwauAg,time,14,13.2773,28,8487.12,8782,3414.2326078504284,2.4858059129508487,confirmed,0.10622938189019164,15,11,none,0
tSzmW88tRJ8,UCyNlnI6hQO3pVHswmGYvQxA,time,0.5,0.7083,29,16199.50,25112,10418.05602134355,1.554944157421199,early,,15,15,none,0
tSzmW88tRJ8,UCyNlnI6hQO3pVHswmGYvQxA,time,1,0.7083,29,16199.50,25112,10418.05602134355,1.554944157421199,early,,15,15,none,0
tSzmW88tRJ8,UCyNlnI6hQO3pVHswmGYvQxA,time,2,1.7083,29,13427.10,25112,10418.05602134355,1.2888300590052693,early,0.6485764744752703,15,15,none,0
tSzmW88tRJ8,UCyNlnI6hQO3pVHswmGYvQxA,time,3,2.7083,29,15098.09,25112,10409,1.4504842906422144,early,0.533085403334108,15,14,none,0
tSzmW88tRJ8,UCyNlnI6hQO3pVHswmGYvQxA,time,5,4.7083,29,14891.65,25112,10409,1.4306516910334877,likely,0.4587171496553564,15,14,none,0
tSzmW88tRJ8,UCyNlnI6hQO3pVHswmGYvQxA,time,7,6.7083,29,15658.49,25112,10409,1.5043224931054882,likely,0.45538326127415546,15,14,none,0
tSzmW88tRJ8,UCyNlnI6hQO3pVHswmGYvQxA,time,14,13.7083,29,20558.50,25112,10409,1.9750695193794996,confirmed,0.4888716914057859,15,12,none,0
xIun4HFgHLQ,UCsga4ThrENksdN7RghkPJow,time,1,1.0155,27,5209.83,6008,8411.792434029549,0.6193487603566025,early,1.900206461468182,15,15,none,0
xIun4HFgHLQ,UCsga4ThrENksdN7RghkPJow,time,2,2.0155,27,6149.20,6008,8411.792434029549,0.7310212012906597,early,1.3933604094339707,15,15,none,0
xIun4HFgHLQ,UCsga4ThrENksdN7RghkPJow,time,3,2.0155,27,6149.20,6008,8411.792434029549,0.7310212012906597,early,1.3933604094339707,15,15,none,0
xIun4HFgHLQ,UCsga4ThrENksdN7RghkPJow,time,5,5.0155,27,7133.83,6008,8386.352147878237,0.8506480994879703,likely,1.0648637333421633,15,15,none,0
xIun4HFgHLQ,UCsga4ThrENksdN7RghkPJow,time,7,7.0155,27,6971.10,6008,8360.384585906948,0.8338252931974637,confirmed,0.9632858596036521,15,15,none,0
xIun4HFgHLQ,UCsga4ThrENksdN7RghkPJow,time,14,15.0155,27,6801.17,6008,8267.397553172292,0.8226491286928884,confirmed,0.7958109953470706,15,14,none,0
OSrqPK1EUyo,UC6gi5tigsPyfEnFXFPeYH0Q,time,5,4.8451,29,135.72,222,192.38238140175991,0.7054884551601288,likely,,15,15,none,0
OSrqPK1EUyo,UC6gi5tigsPyfEnFXFPeYH0Q,time,7,6.8451,29,165.82,222,199.09972880742896,0.8328622848556371,likely,0.6195381269740975,15,15,none,0
OSrqPK1EUyo,UC6gi5tigsPyfEnFXFPeYH0Q,time,14,13.8451,29,166.19,222,247.635842586699,0.6710915725109683,confirmed,0.3762137851435802,15,13,none,0
HSOVWcT3sjw,UCLJs1QDIwWlaqdRJS9dZESw,time,1,0.8626,27,7738.71,10784,11666.314668445448,0.6633382200432224,early,,15,13,none,0
HSOVWcT3sjw,UCLJs1QDIwWlaqdRJS9dZESw,time,2,1.8626,27,8155.87,10784,11690.12332859082,0.6976714271357276,early,0.7167087276978742,15,13,none,0
HSOVWcT3sjw,UCLJs1QDIwWlaqdRJS9dZESw,time,3,2.8626,27,7486.14,10784,11760.832480540215,0.6365311971420479,early,0.6175424976479637,15,13,none,0
HSOVWcT3sjw,UCLJs1QDIwWlaqdRJS9dZESw,time,5,4.8626,27,9185.61,10784,11799.071158299786,0.7785025026152083,likely,0.6005226772916262,15,13,none,0
HSOVWcT3sjw,UCLJs1QDIwWlaqdRJS9dZESw,time,7,6.8626,27,12794.93,10784,11928.332626516229,1.0726506820226784,likely,0.6817657698280574,15,13,none,0
HSOVWcT3sjw,UCLJs1QDIwWlaqdRJS9dZESw,time,14,12.8626,27,14343.18,10784,12014,1.1938725429835717,confirmed,0.5677877971996527,15,12,none,0
29KlQIDd750,UCRAoLjIeDYFOSuXFImfecqg,heldout,14,12.9166,30,168724.58,186373,211680.4752852926,0.7970719970461794,confirmed,0.1870414828433337,15,14,none,0
s9zMTn0QOMs,UCso1B56GyEtnhn2OPENKXoQ,time,14,15.1655,27,64.26,66,161.5822092823837,0.39772293548551163,confirmed,0.0792116390830274,15,15,none,0
HNTPo3EoBio,UCmH99cCLXOXzaEFJKyGJXTw,time,5,5.8773,29,293.16,268,1705.0012270067389,0.1719429061489905,likely,,12,12,none,0
HNTPo3EoBio,UCmH99cCLXOXzaEFJKyGJXTw,time,7,6.8773,29,270.36,268,1443.9555471470424,0.18723361297261534,likely,0.3006954912012448,15,14,none,0
HNTPo3EoBio,UCmH99cCLXOXzaEFJKyGJXTw,time,14,13.8773,29,264.48,268,1434.506845609351,0.18436932536084083,confirmed,0.15264613631441115,15,12,none,0
48un8_ywypI,UCrwbBzP11NhxRUCRKx_BgoQ,time,14,14.6458,27,392490.49,358954,523738.2206077995,0.7494020442029202,confirmed,,15,14,none,0
ITbUyiyQckY,UC4SVo0Ue36XCfOyb5Lh1viQ,time,7,7.9381,29,5210.82,5566,6356.390592494005,0.8197772117261647,confirmed,,15,13,none,0
ITbUyiyQckY,UC4SVo0Ue36XCfOyb5Lh1viQ,time,14,13.9381,29,5268.21,5566,6244.308485596594,0.8436814401270554,confirmed,0.2598184340971155,15,9,none,0
br-iVypB4a0,UCAXUwGU47XVY-0lH9qhUr1Q,heldout,1,1.6664,32,92904.56,80172,83801.6747651423,1.1086241561060088,early,,15,9,none,0
br-iVypB4a0,UCAXUwGU47XVY-0lH9qhUr1Q,heldout,2,1.6664,32,92904.56,80172,83801.6747651423,1.1086241561060088,early,,15,9,none,0
br-iVypB4a0,UCAXUwGU47XVY-0lH9qhUr1Q,heldout,3,2.6664,32,74793.55,80172,85345.79836849251,0.8763588454669106,early,0.2944365323226374,15,8,none,0
br-iVypB4a0,UCAXUwGU47XVY-0lH9qhUr1Q,heldout,5,4.6664,32,93837.27,80172,85723.52968141672,1.0946500649690356,likely,0.2843590378599769,15,8,none,0
br-iVypB4a0,UCAXUwGU47XVY-0lH9qhUr1Q,heldout,7,6.6664,32,97626.63,80172,85364.28149251276,1.1436472795939125,likely,0.2622439497274931,15,7,none,0
br-iVypB4a0,UCAXUwGU47XVY-0lH9qhUr1Q,heldout,14,14.6664,32,79640.45,80172,85073.51848709448,0.9361367259170542,confirmed,0.22469416743551998,15,5,none,0
CMcLEHqNkLY,UC6BW8DqrAmBEIeCtMa4bfBw,time,14,15.2469,27,5389.96,5524,3677.3270362195167,1.4657286516689862,confirmed,0.030238523350873243,15,15,none,0
0-3hjkqCX1k,UCFw5CGngtluNE5iBnnt64ww,time,14,13.6667,27,12456.00,12582,12573.04090435824,0.9906910082210206,confirmed,0.07561881381088292,15,11,none,0
IAGruxbR07Y,UCPAt6z5uX_c5Eo_cSNROzYw,time,7,8.9789,29,3139.63,2585,10685.044692090469,0.29383395140913804,confirmed,,15,15,none,0
IAGruxbR07Y,UCPAt6z5uX_c5Eo_cSNROzYw,time,14,13.9789,29,2624.50,2585,10347.001698626493,0.25364813270058556,confirmed,0.04514020293965157,15,15,none,0
0YtOfmWnyR0,UCdR7eGozLjafYMTd2BFnJaQ,time,1,0.8807,29,26179.23,18679,52046.65022914756,0.5029955078958309,early,,15,14,none,0
0YtOfmWnyR0,UCdR7eGozLjafYMTd2BFnJaQ,time,2,1.8807,29,19871.11,18679,52046.65022914756,0.3817941840953437,early,0.35995222062586335,15,14,none,0
0YtOfmWnyR0,UCdR7eGozLjafYMTd2BFnJaQ,time,3,2.8807,29,16477.10,18679,52516.187901008234,0.31375269493089214,early,0.2583688704464603,15,14,none,0
0YtOfmWnyR0,UCdR7eGozLjafYMTd2BFnJaQ,time,5,4.8807,29,15522.51,18679,52516.187901008234,0.2955757613427242,likely,0.19616985117655963,15,14,none,0
0YtOfmWnyR0,UCdR7eGozLjafYMTd2BFnJaQ,time,7,6.8807,29,15644.46,18679,52516.187901008234,0.29789789088163565,likely,0.1862359387379663,15,14,none,0
0YtOfmWnyR0,UCdR7eGozLjafYMTd2BFnJaQ,time,14,13.8807,29,18207.93,18679,53770.06691109079,0.33862583894102993,confirmed,0.1798799184806752,15,13,none,0
7suxIkUAbMQ,UCAGgFGwq4HZKLZ4gXo9xLiw,time,5,6.8292,29,9439.09,7816,2260.4710205343,4.175719753006321,likely,,3,3,none,0
7suxIkUAbMQ,UCAGgFGwq4HZKLZ4gXo9xLiw,time,7,6.8292,29,9439.09,7816,2260.4710205343,4.175719753006321,likely,,3,3,none,0
7suxIkUAbMQ,UCAGgFGwq4HZKLZ4gXo9xLiw,time,14,13.8292,29,7957.45,7816,2070.8762506741414,3.8425531344476522,confirmed,0.04195551546858062,3,3,none,0
ufIJSwVSBzI,UChISHLovxnSLP0w81NEQj5w,time,14,15.3871,27,47044.02,45410,16877.577765492053,2.787367805637511,confirmed,0.0014175226669792488,15,15,none,0
5wwGpoej35w,UC9vUu4vlIlMC0dHQCTvQPbg,time,5,5.7708,28,26973.70,21801,,,insufficient,,1,1,none,0
5wwGpoej35w,UC9vUu4vlIlMC0dHQCTvQPbg,time,7,6.7708,28,22310.97,21801,,,insufficient,0.132830825912159,1,1,none,0
5wwGpoej35w,UC9vUu4vlIlMC0dHQCTvQPbg,time,14,13.7708,28,22049.10,21801,,,insufficient,0.08714946662204816,1,1,none,0
4_gB3mJ3P8Q,UC8DqDLFZCni7Jkys3N3818w,time,5,4.8182,27,28.50,35,,,insufficient,,2,2,none,0
4_gB3mJ3P8Q,UC8DqDLFZCni7Jkys3N3818w,time,7,6.8182,27,34.55,35,,,insufficient,0.5900999404858832,2,2,none,0
4_gB3mJ3P8Q,UC8DqDLFZCni7Jkys3N3818w,time,14,12.8182,27,35.11,35,,,insufficient,0.4123422471021517,2,2,none,0
whvZomhSeEM,UCC_ycdL5_Rw9b6UEmtmUE3g,time,5,4.9882,28,18243.96,20797,,,insufficient,,2,2,none,0
whvZomhSeEM,UCC_ycdL5_Rw9b6UEmtmUE3g,time,7,6.9882,28,19092.46,20797,,,insufficient,0.3793970585423138,2,2,none,0
whvZomhSeEM,UCC_ycdL5_Rw9b6UEmtmUE3g,time,14,12.9882,28,20925.43,20797,,,insufficient,0.3362690231106134,2,2,none,0
eQH5AMqpuYU,UCXGR70CkW_pXb8n52LzCCRw,time,1,1.0825,28,306207.16,370931,385555.3741757397,0.7941976302325401,early,,15,12,none,0
eQH5AMqpuYU,UCXGR70CkW_pXb8n52LzCCRw,time,2,2.0825,28,353077.52,370931,386265.12516410346,0.9140807589044925,early,0.760248825036813,15,11,none,0
eQH5AMqpuYU,UCXGR70CkW_pXb8n52LzCCRw,time,3,3.0825,28,346816.18,370931,386837.5971268799,0.8965420670973667,likely,0.6248292540358318,15,11,none,0
eQH5AMqpuYU,UCXGR70CkW_pXb8n52LzCCRw,time,5,5.0825,28,362968.95,370931,380300.9302350789,0.9544256119610176,likely,0.5698287299158916,15,10,none,0
eQH5AMqpuYU,UCXGR70CkW_pXb8n52LzCCRw,time,7,7.0825,28,362757.66,370931,383906.96857359575,0.9449103326413361,confirmed,0.5404075792278089,15,10,none,0
eQH5AMqpuYU,UCXGR70CkW_pXb8n52LzCCRw,time,14,13.0825,28,368351.57,370931,383108.5853473129,0.9614808598204214,confirmed,0.47364283267717844,15,6,none,0
8Q-t16IzGt8,UC2OjGgjNiqyLr_1qkqAwsUQ,time,14,13.7498,28,1860.06,1891,10850.276957743426,0.17142977568439083,confirmed,0.17611249496056372,15,13,none,0
yesW-xqQ6ZM,UC6-X3epFE06GDWRHLQG_YMA,time,2,2.6429,27,53827.96,45206,183972.49805445367,0.2925869811231046,early,,12,11,none,0
yesW-xqQ6ZM,UC6-X3epFE06GDWRHLQG_YMA,time,3,2.6429,27,53827.96,45206,183972.49805445367,0.2925869811231046,early,,12,11,none,0
yesW-xqQ6ZM,UC6-X3epFE06GDWRHLQG_YMA,time,5,4.6429,27,42078.54,45206,184064.90282787784,0.22860705465473594,likely,0.19776856211931415,15,14,none,0
yesW-xqQ6ZM,UC6-X3epFE06GDWRHLQG_YMA,time,7,6.6429,27,43468.96,45206,186764.7191806062,0.23274718549846046,likely,0.2084010162731405,15,14,none,0
yesW-xqQ6ZM,UC6-X3epFE06GDWRHLQG_YMA,time,14,12.6429,27,46446.01,45206,193277.29754204518,0.24030761121158106,confirmed,0.1767102237423657,15,13,none,0
gp-61iLh08w,UCpXipTyhIY9kprpvVd-lu0A,heldout,14,14.9270,31,20000.91,19925,55234.294546883335,0.36211037437015,confirmed,0.060798537066584536,15,14,none,0
fxx_E0ojKrc,UC8butISFwT-Wl7EV0hUK0BQ,time,5,4.9064,27,29860.54,36896,,,insufficient,,2,2,none,0
fxx_E0ojKrc,UC8butISFwT-Wl7EV0hUK0BQ,time,7,6.9064,27,31268.60,36896,,,insufficient,0.377012129490225,2,2,none,0
fxx_E0ojKrc,UC8butISFwT-Wl7EV0hUK0BQ,time,14,12.9064,27,35394.18,36896,,,insufficient,0.3715676938752246,2,2,none,0
rvv9kUmROIM,UC5_SBQbLA9Kg7Jh5GpXoP3g,time,1,0.8321,28,34.01,121,,,insufficient,,2,2,none,0
rvv9kUmROIM,UC5_SBQbLA9Kg7Jh5GpXoP3g,time,2,2.8321,28,77.81,121,301.3550032510915,0.2582040571804079,early,1.3802785204808734,15,15,none,0
rvv9kUmROIM,UC5_SBQbLA9Kg7Jh5GpXoP3g,time,3,2.8321,28,77.81,121,301.3550032510915,0.2582040571804079,early,1.3802785204808734,15,15,none,0
rvv9kUmROIM,UC5_SBQbLA9Kg7Jh5GpXoP3g,time,5,4.8321,28,91.25,121,281.2139951894299,0.32448186855374855,likely,1.163368930986908,15,14,none,0
rvv9kUmROIM,UC5_SBQbLA9Kg7Jh5GpXoP3g,time,7,6.8321,28,105.33,121,269.1285333826087,0.39136729140841203,likely,1.1078482401108265,15,14,none,0
rvv9kUmROIM,UC5_SBQbLA9Kg7Jh5GpXoP3g,time,14,13.8321,28,124.76,121,250.21815055845613,0.498618368786329,confirmed,0.9089745729423434,15,14,none,0
3TkK6VY6hTU,UCf6AGqO98eGk11nfazociVQ,time,14,14.1406,29,1497.63,1452,4339.469581352416,0.34511735832824314,confirmed,0.15714592072452407,15,13,none,0
FvuTO_ZvuDM,UCGxjDWAN1KwrkXYVi8CXtjQ,heldout,5,6.9997,30,34297.23,46652,14576.71665985156,2.352877270515733,likely,,15,12,none,0
FvuTO_ZvuDM,UCGxjDWAN1KwrkXYVi8CXtjQ,heldout,7,6.9997,30,34297.23,46652,14576.71665985156,2.352877270515733,likely,,15,12,none,0
FvuTO_ZvuDM,UCGxjDWAN1KwrkXYVi8CXtjQ,heldout,14,14.9997,30,43240.04,46652,14426.546493446123,2.9972553619338655,confirmed,0.44412059575934965,15,10,none,0
eWJcg6j_7CE,UCsLt8oYvDYGpSHcGhRBBkyw,time,14,13.8704,27,5325.89,4956,2662.607904308847,2.000254562724192,confirmed,0.7457472023952023,15,15,none,0
YqeEsJahLeA,UCq33AlEZl8QBmxatFEwknew,time,14,14.3193,29,246.69,259,346.84886779357157,0.7112448985312311,confirmed,0.12738966477096095,15,11,none,0
zB6DdxyXSIE,UCN3U77hj4a8bJ0jpwSxaZFw,time,14,13.9415,29,4697.56,4685,5723.8793068168015,0.8206952541484899,confirmed,0.0634581881048552,15,15,none,0
hhqml53VRbQ,UCxa1v9wVMmjYUhUfQOJxbzw,time,14,14.6153,28,8107.77,7579,7190.099054956091,1.1276294055641747,confirmed,,15,13,none,0
xESqfiTJmws,UCll3zdukvI1oWlG-F13UCZw,heldout,1,1.0299,27,2931.28,1985,4140.092330568056,0.7080237932418035,early,1.2962850039248857,15,15,none,0
xESqfiTJmws,UCll3zdukvI1oWlG-F13UCZw,time,1,1.0299,27,2931.28,1985,4140.092330568056,0.7080237932418035,early,1.2962850039248857,15,15,none,0
xESqfiTJmws,UCll3zdukvI1oWlG-F13UCZw,heldout,2,2.0299,27,2826.69,1985,4096.807591623174,0.6899740945089535,early,0.9416161759243423,15,15,none,0
xESqfiTJmws,UCll3zdukvI1oWlG-F13UCZw,time,2,2.0299,27,2826.69,1985,4096.807591623174,0.6899740945089535,early,0.9416161759243423,15,15,none,0
xESqfiTJmws,UCll3zdukvI1oWlG-F13UCZw,heldout,3,3.0299,27,2648.07,1985,4059.8510658745613,0.6522576574007135,likely,0.8033146206582529,15,15,none,0
xESqfiTJmws,UCll3zdukvI1oWlG-F13UCZw,time,3,3.0299,27,2648.07,1985,4059.8510658745613,0.6522576574007135,likely,0.8033146206582529,15,15,none,0
xESqfiTJmws,UCll3zdukvI1oWlG-F13UCZw,heldout,5,5.0299,27,2587.69,1985,4040.38895323131,0.6404562821949993,likely,0.6730107181139587,15,15,none,0
xESqfiTJmws,UCll3zdukvI1oWlG-F13UCZw,time,5,5.0299,27,2587.69,1985,4040.38895323131,0.6404562821949993,likely,0.6730107181139587,15,15,none,0
xESqfiTJmws,UCll3zdukvI1oWlG-F13UCZw,heldout,7,7.0299,27,2393.37,1985,4004.682074402466,0.597643860378916,confirmed,0.6001108661702753,15,15,none,0
xESqfiTJmws,UCll3zdukvI1oWlG-F13UCZw,time,7,7.0299,27,2393.37,1985,4004.682074402466,0.597643860378916,confirmed,0.6001108661702753,15,15,none,0
xESqfiTJmws,UCll3zdukvI1oWlG-F13UCZw,heldout,14,15.0299,27,2155.54,1985,3872.6895302231515,0.5566008691587535,confirmed,0.4773006257549015,15,13,none,0
xESqfiTJmws,UCll3zdukvI1oWlG-F13UCZw,time,14,15.0299,27,2155.54,1985,3872.6895302231515,0.5566008691587535,confirmed,0.4773006257549015,15,13,none,0
fb8BDVvqSHk,UCdt0GYPfoQdIZTiqH4CDBaw,time,5,6.9166,29,9432.78,8038,,,insufficient,,0,0,none,0
fb8BDVvqSHk,UCdt0GYPfoQdIZTiqH4CDBaw,time,7,6.9166,29,9432.78,8038,,,insufficient,,0,0,none,0
fb8BDVvqSHk,UCdt0GYPfoQdIZTiqH4CDBaw,time,14,13.9166,29,8087.02,8038,,,insufficient,0.06885255329483861,0,0,none,0
NtF5Yf3VxFs,UCzVyNPJzI9y01jZf3fq609w,time,14,12.6664,27,271.96,412,684.4144367098493,0.39736234384476177,confirmed,0.810567749451066,15,14,none,0
ria70BFUIrs,UCnmGIkw-KdI0W5siakKPKog,heldout,14,12.8739,30,3451751.75,3725481,4480681.324855324,0.7703631441667212,confirmed,,15,15,none,0
85ASDTMMTOo,UCdLlUhD9LUGm0-NTYDASPFA,heldout,14,13.0415,31,2790.64,2995,4614.374374643394,0.6047699615357371,confirmed,0.19962846934983028,15,13,none,0
N4-K3TmP8BQ,UCll3zdukvI1oWlG-F13UCZw,heldout,14,12.9994,29,3524.05,3216,1165.7589303551906,3.0229704467687992,confirmed,,15,9,none,0
I9OUh7iTQ_I,UC-__rBmcQsAbJsdfe5R_xTA,time,14,12.6703,27,106.50,111,249.88652612282306,0.4261922004736516,confirmed,0.4312119985765911,15,15,none,0
gZQWDgUNQY8,UCMmfUj8CcXeqpqWkund3ELg,time,7,7.8741,29,60816.10,70775,45985.00000000003,1.3225204327203468,confirmed,,15,13,none,0
gZQWDgUNQY8,UCMmfUj8CcXeqpqWkund3ELg,time,14,13.8741,29,67175.56,70775,45985.00000000003,1.460814531397722,confirmed,0.3399940883343464,15,11,none,0
CFNRa5pyEUM,UCN-pFscDli0Md5_mKOHRPVw,heldout,1,0.0671,30,1784.01,345,210.26335377111587,8.48465880219394,early,,9,9,none,0
CFNRa5pyEUM,UCN-pFscDli0Md5_mKOHRPVw,heldout,7,7.0671,30,262.55,345,220.21699873567178,1.192244643546225,confirmed,0.650166861238359,9,9,none,0
CFNRa5pyEUM,UCN-pFscDli0Md5_mKOHRPVw,heldout,14,14.0671,30,307.21,345,221.67543614236618,1.3858760003965138,confirmed,0.5912344830169131,9,9,none,0
3NJv_7PxGws,UC8kGsMa0LygSX9nkBcBH1Sg,time,7,8.8333,28,4651.35,4065,10885.575913996861,0.4272946962127336,confirmed,,15,12,none,0
3NJv_7PxGws,UC8kGsMa0LygSX9nkBcBH1Sg,time,14,13.8333,28,3966.81,4065,10535.88683043082,0.3765042246637234,confirmed,0.09329478015344346,15,11,none,0
AK7M1WahKb4,UCDdUNivjRfrqIE71438HJqQ,time,5,5.5938,27,270.09,989,,,insufficient,,0,0,none,0
AK7M1WahKb4,UCDdUNivjRfrqIE71438HJqQ,time,7,7.5938,27,419.69,989,,,insufficient,0.9947540233838458,0,0,none,0
AK7M1WahKb4,UCDdUNivjRfrqIE71438HJqQ,time,14,13.5938,27,512.44,989,,,insufficient,0.9006096495263399,0,0,none,0
9na5zfZZK9s,UCLo67YCh8z836Mgl8-3-Zfw,time,14,14.1306,29,330.66,333,113.3666606989432,2.916708776707028,confirmed,,15,15,none,0
m6EfZ7WxuGA,UC6BW8DqrAmBEIeCtMa4bfBw,time,14,15.2826,27,2650.41,2751,3677.3270362195167,0.7207438773687689,confirmed,0.017314447660757102,15,15,none,0
sZXnZ0uyikQ,UCsilEv_20FmmBr5CDzmTMgg,time,1,0.8539,29,14870.47,11369,31880.85715933868,0.466438744200809,early,,15,9,none,0
sZXnZ0uyikQ,UCsilEv_20FmmBr5CDzmTMgg,time,2,1.8539,29,15758.55,11369,31814.600129756924,0.49532446038507155,early,0.7267445343702178,15,9,none,0
sZXnZ0uyikQ,UCsilEv_20FmmBr5CDzmTMgg,time,3,2.8539,29,13485.05,11369,31941.66381671241,0.4221773527646114,early,0.5271996318361853,15,8,none,0
sZXnZ0uyikQ,UCsilEv_20FmmBr5CDzmTMgg,time,5,4.8539,29,12322.36,11369,32507.09434444987,0.3790668759529937,likely,0.3910446811518644,15,8,none,0
sZXnZ0uyikQ,UCsilEv_20FmmBr5CDzmTMgg,time,7,6.8539,29,13144.49,11369,32602.42764294509,0.40317525063374665,likely,0.352849595183656,15,8,none,0
sZXnZ0uyikQ,UCsilEv_20FmmBr5CDzmTMgg,time,14,13.8539,29,11670.37,11369,33039.24045536675,0.35322768778095315,confirmed,0.29381966214203553,15,7,none,0
g_Iu0-nJR5E,UCsifPO4MT6BdV19vYx3KJ0Q,heldout,5,5.0823,29,2141.72,2423,1736.5161078703177,1.2333416283232528,likely,,13,12,none,0
g_Iu0-nJR5E,UCsifPO4MT6BdV19vYx3KJ0Q,time,5,5.0823,29,2141.72,2423,1736.5161078703177,1.2333416283232528,likely,,13,12,none,0
g_Iu0-nJR5E,UCsifPO4MT6BdV19vYx3KJ0Q,heldout,7,7.0823,29,2509.45,2423,1845.3667466626289,1.3598649252830606,confirmed,0.4941329491229036,15,13,none,0
g_Iu0-nJR5E,UCsifPO4MT6BdV19vYx3KJ0Q,time,7,7.0823,29,2509.45,2423,1845.3667466626289,1.3598649252830606,confirmed,0.4941329491229036,15,13,none,0
g_Iu0-nJR5E,UCsifPO4MT6BdV19vYx3KJ0Q,heldout,14,14.0823,29,2504.50,2423,1877.3053964806948,1.3340920301696666,confirmed,0.33546502296659686,15,11,none,0
g_Iu0-nJR5E,UCsifPO4MT6BdV19vYx3KJ0Q,time,14,14.0823,29,2504.50,2423,1877.3053964806948,1.3340920301696666,confirmed,0.33546502296659686,15,11,none,0
9XOZwFzp53g,UCaNycZiNY1X7T44Pipi7V4A,time,14,14.7499,29,2477.18,2518,4007.9999999999964,0.6180584705914791,confirmed,0.20391976271236079,15,14,none,0
p6ELIoDO24k,UCeW11HsUiXwnRbPqNlh6fHw,heldout,14,14.4501,29,44057.34,45501,21878.45572806521,2.013731819711462,confirmed,,15,15,none,0
p6ELIoDO24k,UCeW11HsUiXwnRbPqNlh6fHw,time,14,14.4501,29,44057.34,45501,21878.45572806521,2.013731819711462,confirmed,,15,15,none,0
pjSgFEvOGAY,UC6S0jAvcapqJ48ZzLfva12g,time,5,5.0406,27,167558.86,159660,,,insufficient,,1,1,none,0
pjSgFEvOGAY,UC6S0jAvcapqJ48ZzLfva12g,time,7,7.0406,27,145029.55,159660,63500.48681513632,2.2839123998246498,confirmed,0.2226725094735694,15,13,none,0
pjSgFEvOGAY,UC6S0jAvcapqJ48ZzLfva12g,time,14,12.0406,27,153057.19,159660,63789.241459231715,2.39942009779831,confirmed,0.16922025955912237,15,11,none,0
Fxp9-97auQ0,UCAGgFGwq4HZKLZ4gXo9xLiw,time,5,6.0307,29,1656.96,1380,4811.680767101077,0.3443612083093079,likely,,4,4,none,0
Fxp9-97auQ0,UCAGgFGwq4HZKLZ4gXo9xLiw,time,7,7.0307,29,1480.34,1380,4739.996428400406,0.3123089408123004,confirmed,0.17560783118244175,4,4,none,0
Fxp9-97auQ0,UCAGgFGwq4HZKLZ4gXo9xLiw,time,14,14.0307,29,1426.27,1380,4337.34968802988,0.3288338255566085,confirmed,0.06268439000427038,4,4,none,0
pouxMfSKm0k,UC5Qbo0AR3CwpmEq751BIy0g,time,1,0.8956,28,907505.74,646895,978814.4283772343,0.927147895598115,early,,15,11,none,0
pouxMfSKm0k,UC5Qbo0AR3CwpmEq751BIy0g,time,2,2.8956,28,680509.64,646895,977770.3793365279,0.695981032803139,early,0.3857804693352276,15,9,none,0
pouxMfSKm0k,UC5Qbo0AR3CwpmEq751BIy0g,time,3,2.8956,28,680509.64,646895,977770.3793365279,0.695981032803139,early,0.3857804693352276,15,9,none,0
pouxMfSKm0k,UC5Qbo0AR3CwpmEq751BIy0g,time,5,4.8956,28,551183.53,646895,975795.3566021173,0.5648556627045501,likely,0.2963108965293641,15,7,none,0
pouxMfSKm0k,UC5Qbo0AR3CwpmEq751BIy0g,time,7,6.8956,28,555110.74,646895,972489.369092736,0.5708141963913035,likely,0.27065541176436725,15,7,none,0
pouxMfSKm0k,UC5Qbo0AR3CwpmEq751BIy0g,time,14,13.8956,28,619025.85,646895,973482.9999999998,0.6358876856774774,confirmed,0.22875649806769308,15,6,none,0
l3yj7-dimxU,UC7u2HaYBKDaLPcWmldxgGEA,heldout,0.5,0.6210,27,165571.30,139695,202707.77213565528,0.8167979636499924,early,,14,11,none,0
l3yj7-dimxU,UC7u2HaYBKDaLPcWmldxgGEA,time,0.5,0.6210,27,165571.30,139695,202707.77213565528,0.8167979636499924,early,,14,11,none,0
l3yj7-dimxU,UC7u2HaYBKDaLPcWmldxgGEA,heldout,1,0.6210,27,165571.30,139695,202707.77213565528,0.8167979636499924,early,,14,11,none,0
l3yj7-dimxU,UC7u2HaYBKDaLPcWmldxgGEA,time,1,0.6210,27,165571.30,139695,202707.77213565528,0.8167979636499924,early,,14,11,none,0
l3yj7-dimxU,UC7u2HaYBKDaLPcWmldxgGEA,heldout,2,1.6210,27,141580.44,139695,202707.77213565528,0.6984460279495336,early,0.6868783906028895,14,11,none,0
l3yj7-dimxU,UC7u2HaYBKDaLPcWmldxgGEA,time,2,1.6210,27,141580.44,139695,202707.77213565528,0.6984460279495336,early,0.6868783906028895,14,11,none,0
l3yj7-dimxU,UC7u2HaYBKDaLPcWmldxgGEA,heldout,3,2.6210,27,154790.92,139695,202707.77213565528,0.7636161055564507,early,0.5179394133915449,14,11,none,0
l3yj7-dimxU,UC7u2HaYBKDaLPcWmldxgGEA,time,3,2.6210,27,154790.92,139695,202707.77213565528,0.7636161055564507,early,0.5179394133915449,14,11,none,0
l3yj7-dimxU,UC7u2HaYBKDaLPcWmldxgGEA,heldout,5,4.6210,27,147763.26,139695,205668.17158570117,0.718454666448596,likely,0.42124287835109736,14,11,none,0
l3yj7-dimxU,UC7u2HaYBKDaLPcWmldxgGEA,time,5,4.6210,27,147763.26,139695,205668.17158570117,0.718454666448596,likely,0.42124287835109736,14,11,none,0
l3yj7-dimxU,UC7u2HaYBKDaLPcWmldxgGEA,heldout,7,7.6210,27,151831.87,139695,205668.17158570117,0.738237060987294,confirmed,0.3790881623724124,14,11,none,0
l3yj7-dimxU,UC7u2HaYBKDaLPcWmldxgGEA,time,7,7.6210,27,151831.87,139695,205668.17158570117,0.738237060987294,confirmed,0.3790881623724124,14,11,none,0
l3yj7-dimxU,UC7u2HaYBKDaLPcWmldxgGEA,heldout,14,15.6210,27,146937.50,139695,207888.69349220901,0.7068085129411921,confirmed,0.31109904520897935,14,9,none,0
l3yj7-dimxU,UC7u2HaYBKDaLPcWmldxgGEA,time,14,15.6210,27,146937.50,139695,207888.69349220901,0.7068085129411921,confirmed,0.31109904520897935,14,9,none,0
xRg8IH2F5Xo,UCfkYw-BU8gjwP4yAL2M8Iiw,time,14,13.7906,28,1377.00,1345,290.7932172318974,4.7353236540654615,confirmed,,15,15,none,0
wh0uup4o7Mg,UCat0LyGytYMwfZEPbO_rOrA,heldout,14,13.9999,29,3079.53,3163,2414.6956891294953,1.2753304630733975,confirmed,0.12099784724208529,15,15,none,0
wh0uup4o7Mg,UCat0LyGytYMwfZEPbO_rOrA,time,14,13.9999,29,3079.53,3163,2414.6956891294953,1.2753304630733975,confirmed,0.12099784724208529,15,15,none,0
rvtZs_nTqr0,UC68TLK0mAEzUyHx5x5k-S1Q,time,1,1.8748,27,2148343.79,1690548,1869474.8680238333,1.149169655361941,early,,15,15,none,0
rvtZs_nTqr0,UC68TLK0mAEzUyHx5x5k-S1Q,time,2,1.8748,27,2148343.79,1690548,1869474.8680238333,1.149169655361941,early,,15,15,none,0
rvtZs_nTqr0,UC68TLK0mAEzUyHx5x5k-S1Q,time,3,2.8748,27,1554708.12,1690548,1866029.3695496144,0.833163802055504,early,0.2398859337546418,15,15,none,0
rvtZs_nTqr0,UC68TLK0mAEzUyHx5x5k-S1Q,time,5,4.8748,27,1538228.09,1690548,1860008.8180597892,0.8270004281667832,likely,0.21983896719312332,15,15,none,0
rvtZs_nTqr0,UC68TLK0mAEzUyHx5x5k-S1Q,time,7,6.8748,27,1543506.41,1690548,1864978.9999999993,0.8276266991293293,likely,0.19441630883555402,15,14,none,0
rvtZs_nTqr0,UC68TLK0mAEzUyHx5x5k-S1Q,time,14,12.8748,27,1649530.86,1690548,1864978.9999999993,0.8844769084111438,confirmed,0.17471157174035218,15,14,none,0
v2wc7Pde8Ms,UCObA5o3mcc1felIMAv6cukw,heldout,5,5.0135,29,55067.06,60606,64804.95239951957,0.8497354097161555,likely,0.14159815943147644,15,14,none,0
v2wc7Pde8Ms,UCObA5o3mcc1felIMAv6cukw,time,5,5.0135,29,55067.06,60606,64804.95239951957,0.8497354097161555,likely,0.14159815943147644,15,14,none,0
v2wc7Pde8Ms,UCObA5o3mcc1felIMAv6cukw,heldout,7,7.0135,29,56792.05,60606,64804.95239951957,0.8763535812146944,confirmed,0.19609180238433044,15,14,none,0
v2wc7Pde8Ms,UCObA5o3mcc1felIMAv6cukw,time,7,7.0135,29,56792.05,60606,64804.95239951957,0.8763535812146944,confirmed,0.19609180238433044,15,14,none,0
v2wc7Pde8Ms,UCObA5o3mcc1felIMAv6cukw,heldout,14,14.0135,29,62538.96,60606,64073.07973155572,0.9760566853052633,confirmed,0.18328191479432765,15,14,none,0
v2wc7Pde8Ms,UCObA5o3mcc1felIMAv6cukw,time,14,14.0135,29,62538.96,60606,64073.07973155572,0.9760566853052633,confirmed,0.18328191479432765,15,14,none,0
3Q4FIzaQMd0,UCKLIIdKEpjAnn8E76KP7sQg,heldout,5,5.1042,30,12003.39,10035,9151.46643869595,1.311635764480636,likely,,15,13,none,0
3Q4FIzaQMd0,UCKLIIdKEpjAnn8E76KP7sQg,heldout,7,6.1042,30,10025.11,10035,9151.46643869595,1.0954648102886375,likely,0.1844672338094158,15,13,none,0
3Q4FIzaQMd0,UCKLIIdKEpjAnn8E76KP7sQg,heldout,14,14.1042,30,10158.01,10035,9052.97952444944,1.1220624428564117,confirmed,0.11329260792662411,15,12,none,0
xnLGAHGPLwg,UC4FS7jCXHd1V9JRSbsQuAUg,time,2,2.5645,28,1791.98,2656,,,insufficient,,0,0,none,0
xnLGAHGPLwg,UC4FS7jCXHd1V9JRSbsQuAUg,time,3,2.5645,28,1791.98,2656,,,insufficient,,0,0,none,0
xnLGAHGPLwg,UC4FS7jCXHd1V9JRSbsQuAUg,time,5,5.5645,28,1695.28,2656,7912.093412228207,0.21426425644221322,likely,0.27412840210024475,15,15,none,0
xnLGAHGPLwg,UC4FS7jCXHd1V9JRSbsQuAUg,time,7,6.5645,28,1701.45,2656,7893.441951038969,0.21555195047537995,likely,0.30574383001192557,15,15,none,0
xnLGAHGPLwg,UC4FS7jCXHd1V9JRSbsQuAUg,time,14,13.5645,28,2185.00,2656,7762.999999999997,0.28146323616235913,confirmed,0.3598791358651387,15,13,none,0
X17k-PWcaAk,UChjqM-6MiqlF3qUq4GMVhkg,time,14,14.7496,29,32404.44,30042,20682.202116619777,1.5667789229332048,confirmed,,15,15,none,0
OlAmyf8_4O4,UC8butISFwT-Wl7EV0hUK0BQ,time,5,6.9053,29,26382.48,32516,,,insufficient,,1,1,none,0
OlAmyf8_4O4,UC8butISFwT-Wl7EV0hUK0BQ,time,7,6.9053,29,26382.48,32516,,,insufficient,,1,1,none,0
OlAmyf8_4O4,UC8butISFwT-Wl7EV0hUK0BQ,time,14,13.9053,29,30707.02,32516,,,insufficient,0.35941840355559707,1,1,none,0
y3QK3e4O2VU,UC70SrI3VkT1MXALRtf0pcHg,time,1,0.8000,28,136732.95,125029,73548.74489811098,1.859079307090445,early,,13,13,none,0
y3QK3e4O2VU,UC70SrI3VkT1MXALRtf0pcHg,time,2,1.8000,28,109743.94,125029,76119.54455614647,1.4417313980017978,early,0.6036443342593696,14,14,none,0
y3QK3e4O2VU,UC70SrI3VkT1MXALRtf0pcHg,time,3,2.8000,28,123980.17,125029,71010.51270379155,1.7459410319959252,early,0.5161738639961624,15,15,none,0
y3QK3e4O2VU,UC70SrI3VkT1MXALRtf0pcHg,time,5,4.8000,28,116920.71,125029,68861.10278053717,1.6979209053628386,likely,0.4111380005852972,15,15,none,0
y3QK3e4O2VU,UC70SrI3VkT1MXALRtf0pcHg,time,7,6.8000,28,115440.96,125029,67290.85459240702,1.7155519791260458,likely,0.3756820290713714,15,15,none,0
y3QK3e4O2VU,UC70SrI3VkT1MXALRtf0pcHg,time,14,12.8000,28,122261.64,125029,64784.48753469157,1.8872055175277698,confirmed,0.3400172090249856,15,15,none,0
50YZV2_mXGo,UCPq1_RaAg4lKCMwBktZniOw,time,5,5.0313,29,3141.50,4295,4233.923635619158,0.7419835266339608,likely,0.09505610195579457,15,14,none,0
50YZV2_mXGo,UCPq1_RaAg4lKCMwBktZniOw,time,7,6.0313,29,3193.26,4295,4235.054062696378,0.7540080033992901,likely,0.20598857751395172,15,14,none,0
50YZV2_mXGo,UCPq1_RaAg4lKCMwBktZniOw,time,14,14.0313,29,4083.84,4295,4351.511126420224,0.9384873680873684,confirmed,0.2753532656162744,15,13,none,0
T2t5S3ek5V4,UCEuQ7YIThAps6wERHfsY7fQ,heldout,0.5,0.6262,28,9012.80,5824,8101.184188003212,1.1125287875411656,early,,15,7,none,0
T2t5S3ek5V4,UCEuQ7YIThAps6wERHfsY7fQ,time,0.5,0.6262,28,9012.80,5824,8101.184188003212,1.1125287875411656,early,,15,7,none,0
T2t5S3ek5V4,UCEuQ7YIThAps6wERHfsY7fQ,heldout,1,0.6262,28,9012.80,5824,8101.184188003212,1.1125287875411656,early,,15,7,none,0
T2t5S3ek5V4,UCEuQ7YIThAps6wERHfsY7fQ,time,1,0.6262,28,9012.80,5824,8101.184188003212,1.1125287875411656,early,,15,7,none,0
T2t5S3ek5V4,UCEuQ7YIThAps6wERHfsY7fQ,heldout,2,2.6262,28,5064.86,5824,8097.625610395126,0.6254751126648002,early,0.3580946920564462,15,6,none,0
T2t5S3ek5V4,UCEuQ7YIThAps6wERHfsY7fQ,time,2,2.6262,28,5064.86,5824,8097.625610395126,0.6254751126648002,early,0.3580946920564462,15,6,none,0
T2t5S3ek5V4,UCEuQ7YIThAps6wERHfsY7fQ,heldout,3,2.6262,28,5064.86,5824,8097.625610395126,0.6254751126648002,early,0.3580946920564462,15,6,none,0
T2t5S3ek5V4,UCEuQ7YIThAps6wERHfsY7fQ,time,3,2.6262,28,5064.86,5824,8097.625610395126,0.6254751126648002,early,0.3580946920564462,15,6,none,0
T2t5S3ek5V4,UCEuQ7YIThAps6wERHfsY7fQ,heldout,5,4.6262,28,6171.53,5824,8080.035667014528,0.763800401146084,likely,0.2744198846832429,15,6,none,0
T2t5S3ek5V4,UCEuQ7YIThAps6wERHfsY7fQ,time,5,4.6262,28,6171.53,5824,8080.035667014528,0.763800401146084,likely,0.2744198846832429,15,6,none,0
T2t5S3ek5V4,UCEuQ7YIThAps6wERHfsY7fQ,heldout,7,6.6262,28,6598.30,5824,8106.259258852971,0.8139762366309312,likely,0.27851494240966773,15,6,none,0
T2t5S3ek5V4,UCEuQ7YIThAps6wERHfsY7fQ,time,7,6.6262,28,6598.30,5824,8106.259258852971,0.8139762366309312,likely,0.27851494240966773,15,6,none,0
T2t5S3ek5V4,UCEuQ7YIThAps6wERHfsY7fQ,heldout,14,12.6262,28,6231.80,5824,8329.187225058424,0.7481878301032652,confirmed,0.2295565178211304,15,5,none,0
T2t5S3ek5V4,UCEuQ7YIThAps6wERHfsY7fQ,time,14,12.6262,28,6231.80,5824,8329.187225058424,0.7481878301032652,confirmed,0.2295565178211304,15,5,none,0
tRE5_bQoGYw,UCcjhYlL1WRBjKaJsMH_h7Lg,time,1,0.8333,27,130414.83,163492,182263.0000000001,0.7155310324938939,early,,15,11,none,0
tRE5_bQoGYw,UCcjhYlL1WRBjKaJsMH_h7Lg,time,2,1.8333,27,218525.54,163492,182263.0000000001,1.1989572200645329,early,0.8943705774905404,15,10,none,0
tRE5_bQoGYw,UCcjhYlL1WRBjKaJsMH_h7Lg,time,3,2.8333,27,286539.00,163492,182263.0000000001,1.5721182864924734,early,0.7254569009803143,15,10,none,0
tRE5_bQoGYw,UCcjhYlL1WRBjKaJsMH_h7Lg,time,5,4.8333,27,160872.12,163492,201186.04864401126,0.7996186458930783,likely,0.6281409115296331,15,10,none,0
tRE5_bQoGYw,UCcjhYlL1WRBjKaJsMH_h7Lg,time,7,6.8333,27,161540.28,163492,217100.1652297631,0.7440818150050595,likely,0.5868897171801569,15,10,none,0
tRE5_bQoGYw,UCcjhYlL1WRBjKaJsMH_h7Lg,time,14,12.8333,27,183398.42,163492,279927.0519527636,0.6551650360995239,confirmed,0.5037782241574691,15,9,none,0
5vhZQOJU_7Q,UC_A0CYW-gTE4qR3nWQnkaIg,time,5,6.6249,29,531.69,490,,,insufficient,,0,0,none,0
5vhZQOJU_7Q,UC_A0CYW-gTE4qR3nWQnkaIg,time,7,6.6249,29,531.69,490,,,insufficient,,0,0,none,0
5vhZQOJU_7Q,UC_A0CYW-gTE4qR3nWQnkaIg,time,14,13.6249,29,474.73,490,,,insufficient,0.12933440136747018,0,0,none,0
ToEkEqL1RAQ,UC5rR0BFgdu-oz7HDHb-f-uw,time,14,13.0126,28,2470.56,2413,2572.675160403299,0.960307288115557,confirmed,0.34425300459933283,15,14,none,0
K9_gZJ0oM-0,UCgH_SmWw9WianYyOB5Y6tEA,heldout,14,12.6457,27,29254.03,27924,203.0195242140171,144.09465072067908,confirmed,-0.28734202106533535,15,15,none,0
K9_gZJ0oM-0,UCgH_SmWw9WianYyOB5Y6tEA,time,14,12.6457,27,29254.03,27924,203.0195242140171,144.09465072067908,confirmed,-0.28734202106533535,15,15,none,0
XKzB9HDuIA4,UC1R0kzpJLBJ8r5e1IVovIUg,time,1,1.0410,28,936.95,814,1739.3878672426772,0.5386671182763564,early,,15,8,none,0
XKzB9HDuIA4,UC1R0kzpJLBJ8r5e1IVovIUg,time,2,2.0410,28,705.65,814,1733.920823974119,0.40696792208851995,early,0.36531299042663384,15,8,none,0
XKzB9HDuIA4,UC1R0kzpJLBJ8r5e1IVovIUg,time,3,3.0410,28,653.88,814,1728.0204676615394,0.37839588030318627,likely,0.301631665668722,15,8,none,0
XKzB9HDuIA4,UC1R0kzpJLBJ8r5e1IVovIUg,time,5,5.0410,28,669.69,814,1715.087716613826,0.3904703845512478,likely,0.3374156986151324,15,8,none,0
XKzB9HDuIA4,UC1R0kzpJLBJ8r5e1IVovIUg,time,7,7.0410,28,790.90,814,1724.4767751055022,0.4586339313589927,confirmed,0.3619853069172764,15,7,none,0
XKzB9HDuIA4,UC1R0kzpJLBJ8r5e1IVovIUg,time,14,12.0410,28,808.43,814,1756.9999999999995,0.4601200034659424,confirmed,0.3327068639784744,15,5,none,0
gwLQ0oySpaE,UCSCydFbXzl_kheTt4XbRLhg,time,1,0.8325,29,2098.19,1498,1964.776900275081,1.067902645523881,early,,15,8,none,0
gwLQ0oySpaE,UCSCydFbXzl_kheTt4XbRLhg,time,2,1.8325,29,1506.96,1498,2081.654502591552,0.7239218162682866,early,0.4153329150952488,15,8,none,0
gwLQ0oySpaE,UCSCydFbXzl_kheTt4XbRLhg,time,3,2.8325,29,1424.03,1498,2096,0.6794020238893599,early,0.3535093078367082,15,8,none,0
gwLQ0oySpaE,UCSCydFbXzl_kheTt4XbRLhg,time,5,4.8325,29,1484.96,1498,2096,0.708474364285484,likely,0.3224938458539053,15,6,none,0
gwLQ0oySpaE,UCSCydFbXzl_kheTt4XbRLhg,time,7,6.8325,29,1452.30,1498,2077.132129388776,0.6991861792660762,likely,0.2882290619573237,15,6,none,0
gwLQ0oySpaE,UCSCydFbXzl_kheTt4XbRLhg,time,14,13.8325,29,1492.28,1498,2096,0.7119674752801077,confirmed,0.2605785192327099,15,4,none,0
Koz8u_gbQcA,UChbcn2mOzPHEEHxPmU66Sdg,time,1,0.9188,29,2045.32,38266,1957.7028830695856,1.0447558418353824,early,,15,6,none,0
Koz8u_gbQcA,UChbcn2mOzPHEEHxPmU66Sdg,time,2,1.9188,29,3481.84,38266,1934.1176221568294,1.800222968364432,early,1.0773120682404025,15,6,none,0
Koz8u_gbQcA,UChbcn2mOzPHEEHxPmU66Sdg,time,3,2.9188,29,4248.43,38266,1922.6669439738353,2.2096551315079607,early,0.9856677467684795,15,6,none,0
Koz8u_gbQcA,UChbcn2mOzPHEEHxPmU66Sdg,time,5,4.9188,29,5755.45,38266,1884.8251102588624,3.053571201008886,likely,0.9423163881888403,15,6,none,0
Koz8u_gbQcA,UChbcn2mOzPHEEHxPmU66Sdg,time,7,6.9188,29,8468.32,38266,1867.888709512482,4.533630353226957,likely,1.1251766354374386,15,6,none,0
Koz8u_gbQcA,UChbcn2mOzPHEEHxPmU66Sdg,time,14,14.9188,29,31574.18,38266,1788.5683503725081,17.653326680495443,confirmed,1.5042234330571567,15,4,none,0
cirBprnMyA4,UCJquYOG5EL82sKTfH9aMA9Q,time,1,1.8261,28,297515.93,318055,444007.9656181397,0.6700689013926149,early,,15,8,none,0
cirBprnMyA4,UCJquYOG5EL82sKTfH9aMA9Q,time,2,1.8261,28,297515.93,318055,444007.9656181397,0.6700689013926149,early,,15,8,none,0
cirBprnMyA4,UCJquYOG5EL82sKTfH9aMA9Q,time,3,2.8261,28,229767.44,318055,448223.19066987553,0.5126183696429859,early,0.43822139178122416,15,7,none,0
cirBprnMyA4,UCJquYOG5EL82sKTfH9aMA9Q,time,5,4.8261,28,335248.96,318055,452850.59224810207,0.7403080936077944,likely,0.5624840041816765,15,7,none,0
cirBprnMyA4,UCJquYOG5EL82sKTfH9aMA9Q,time,7,6.8261,28,339591.18,318055,459988.45841936994,0.7382602295139888,likely,0.53007041466436,15,6,none,0
cirBprnMyA4,UCJquYOG5EL82sKTfH9aMA9Q,time,14,13.8261,28,348273.74,318055,468613.1503516042,0.7432009427622028,confirmed,0.39897363760491267,15,4,none,0
0jMSYk576Tg,UCEjIjshJ8bvvCkGNk0pkYcA,time,0.5,0.7162,27,1088884.97,1272287,3648063.999999998,0.2984829689523539,early,,15,14,none,0
0jMSYk576Tg,UCEjIjshJ8bvvCkGNk0pkYcA,time,1,0.7162,27,1088884.97,1272287,3648063.999999998,0.2984829689523539,early,,15,14,none,0
0jMSYk576Tg,UCEjIjshJ8bvvCkGNk0pkYcA,time,2,1.7162,27,1180876.05,1272287,3648063.999999998,0.3236993775016333,early,0.733154929568402,15,14,none,0
0jMSYk576Tg,UCEjIjshJ8bvvCkGNk0pkYcA,time,3,2.7162,27,1063260.47,1272287,3648063.999999998,0.29145883261449684,early,0.595114583950338,15,14,none,0
0jMSYk576Tg,UCEjIjshJ8bvvCkGNk0pkYcA,time,5,4.7162,27,1046611.24,1272287,3648063.999999998,0.28689497656686097,likely,0.49700289206636233,15,13,none,0
0jMSYk576Tg,UCEjIjshJ8bvvCkGNk0pkYcA,time,7,6.7162,27,1198115.67,1272287,3648063.999999998,0.32842506760089857,likely,0.48821126180445423,15,13,none,0
0jMSYk576Tg,UCEjIjshJ8bvvCkGNk0pkYcA,time,14,12.7162,27,1334033.62,1272287,3648063.999999998,0.3656826256367563,confirmed,0.4557172224137732,15,13,none,0
00_HlYma2Qg,UCJHA_jMfCvEnv-3kRjTCQXw,time,1,0.9583,30,613800.98,547560,664118.2922227336,0.9242344176362358,early,,15,9,none,0
00_HlYma2Qg,UCJHA_jMfCvEnv-3kRjTCQXw,time,2,1.9583,30,579118.24,547560,672428.9671967492,0.8612333373672025,early,0.6319623709301831,15,9,none,0
00_HlYma2Qg,UCJHA_jMfCvEnv-3kRjTCQXw,time,3,2.9583,30,654612.06,547560,680171.0000000005,0.9624227672431611,early,0.48463343648243307,15,8,none,0
00_HlYma2Qg,UCJHA_jMfCvEnv-3kRjTCQXw,time,5,4.9583,30,613672.03,547560,680171.0000000005,0.9022319811414485,likely,0.38813643994116287,15,8,none,0
00_HlYma2Qg,UCJHA_jMfCvEnv-3kRjTCQXw,time,7,6.9583,30,599703.34,547560,680171.0000000005,0.8816949633211822,likely,0.34376646714871123,15,7,none,0
00_HlYma2Qg,UCJHA_jMfCvEnv-3kRjTCQXw,time,14,13.9583,30,591187.21,547560,680171.0000000005,0.8691743797694338,confirmed,0.285103008100027,15,5,none,0
NoVEbKJct5o,UC70SrI3VkT1MXALRtf0pcHg,time,1,0.9227,29,52661.95,29077,72272.40305303574,0.7286591525676773,early,,14,14,none,0
NoVEbKJct5o,UC70SrI3VkT1MXALRtf0pcHg,time,2,1.9227,29,35183.35,29077,73548.74489811098,0.4783677771258912,early,0.2505707710980111,15,15,none,0
NoVEbKJct5o,UC70SrI3VkT1MXALRtf0pcHg,time,3,3.9227,29,32691.43,29077,71010.51270379155,0.4603745447533398,likely,0.18440944832295267,15,15,none,0
NoVEbKJct5o,UC70SrI3VkT1MXALRtf0pcHg,time,5,4.9227,29,30132.61,29077,69912.02165166705,0.4310075221957934,likely,0.16712660375294605,15,15,none,0
NoVEbKJct5o,UC70SrI3VkT1MXALRtf0pcHg,time,7,6.9227,29,29642.14,29077,68043.02459353233,0.43563815644364534,likely,0.14617582984012278,15,15,none,0
NoVEbKJct5o,UC70SrI3VkT1MXALRtf0pcHg,time,14,13.9227,29,28955.51,29077,64784.48753469157,0.44695122971759826,confirmed,0.11957958532865179,15,15,none,0
45_D5IAIbkY,UCb_JYhqnSdEejiznUm3XNqQ,time,3,3.9871,27,559.10,7407,,,insufficient,,1,1,none,0
45_D5IAIbkY,UCb_JYhqnSdEejiznUm3XNqQ,time,5,4.9871,27,837.66,7407,,,insufficient,1.4679098422328203,1,1,none,0
45_D5IAIbkY,UCb_JYhqnSdEejiznUm3XNqQ,time,7,6.9871,27,1268.80,7407,,,insufficient,1.7035945344328673,1,1,none,0
45_D5IAIbkY,UCb_JYhqnSdEejiznUm3XNqQ,time,14,14.9871,27,2855.59,7407,,,insufficient,1.6017037660112705,1,1,none,0
NCIIbjtz_JA,UCQIcXQ2n0sa-7CD0NtqnrrA,heldout,2,2.7995,31,169156.74,165460,94151.4010785002,1.7966460490724814,early,,15,14,none,0
NCIIbjtz_JA,UCQIcXQ2n0sa-7CD0NtqnrrA,heldout,3,2.7995,31,169156.74,165460,94151.4010785002,1.7966460490724814,early,,15,14,none,0
NCIIbjtz_JA,UCQIcXQ2n0sa-7CD0NtqnrrA,heldout,5,4.7995,31,156729.16,165460,94190.74039289016,1.6639551066985394,likely,0.3465659296964192,15,14,none,0
NCIIbjtz_JA,UCQIcXQ2n0sa-7CD0NtqnrrA,heldout,7,6.7995,31,159770.18,165460,94190.74039289016,1.6962408445345858,likely,0.31258165285095363,15,13,none,0
NCIIbjtz_JA,UCQIcXQ2n0sa-7CD0NtqnrrA,heldout,14,14.7995,31,165482.04,165460,94769.24271310723,1.7461576810898636,confirmed,0.23340921255563588,15,13,none,0
zYwuhExmBC0,UCBhPkAuGks2UkizNMbtW6uw,time,5,5.3272,27,38.83,51,77.65527738087235,0.49998230603860344,likely,0.1735300124607411,6,6,none,0
zYwuhExmBC0,UCBhPkAuGks2UkizNMbtW6uw,time,7,7.3272,27,45.66,51,80.13821345503138,0.5697693240221853,confirmed,0.3158207253738163,6,6,none,0
zYwuhExmBC0,UCBhPkAuGks2UkizNMbtW6uw,time,14,15.3272,27,48.05,51,74.47397952162497,0.6451267394044409,confirmed,0.2363299728595234,6,6,none,0
lKDHTZKQ7p0,UCEcOWDGI1Q1ReD4xrtUorWQ,time,5,6.7812,29,5399.00,5483,,,insufficient,,0,0,none,0
lKDHTZKQ7p0,UCEcOWDGI1Q1ReD4xrtUorWQ,time,7,6.7812,29,5399.00,5483,,,insufficient,,0,0,none,0
lKDHTZKQ7p0,UCEcOWDGI1Q1ReD4xrtUorWQ,time,14,13.7812,29,5336.38,5483,,,insufficient,0.21361203489688785,0,0,none,0
_qt72Qp4V3I,UCAxo00B7pKkNnBryYwhE5xg,time,5,5.4679,28,492.68,804,,,insufficient,,0,0,none,0
_qt72Qp4V3I,UCAxo00B7pKkNnBryYwhE5xg,time,7,7.4679,28,572.09,804,,,insufficient,0.4879259424067494,0,0,none,0
_qt72Qp4V3I,UCAxo00B7pKkNnBryYwhE5xg,time,14,13.4679,28,701.31,804,,,insufficient,0.5318229769221983,0,0,none,0
WH8Nmk2R6hY,UCGbg3DjQdcqWwqOLHpYHXIg,time,0.5,0.7499,28,685841.42,761233,317669.0564264853,2.1589808985635024,early,,15,12,none,0
WH8Nmk2R6hY,UCGbg3DjQdcqWwqOLHpYHXIg,time,1,0.7499,28,685841.42,761233,317669.0564264853,2.1589808985635024,early,,15,12,none,0
WH8Nmk2R6hY,UCGbg3DjQdcqWwqOLHpYHXIg,time,2,1.7499,28,822905.50,761233,317669.0564264853,2.5904490485031246,early,0.9683685796445236,15,12,none,0
WH8Nmk2R6hY,UCGbg3DjQdcqWwqOLHpYHXIg,time,3,2.7499,28,803565.37,761233,317873.94030277367,2.5279372415601733,early,0.7335357157239792,15,12,none,0
WH8Nmk2R6hY,UCGbg3DjQdcqWwqOLHpYHXIg,time,5,4.7499,28,816884.14,761233,317873.94030277367,2.5698367608422545,likely,0.5817180386027612,15,11,none,0
WH8Nmk2R6hY,UCGbg3DjQdcqWwqOLHpYHXIg,time,7,6.7499,28,781395.04,761233,318137.78302814084,2.4561529130702713,likely,0.5165799041894736,15,11,none,0
WH8Nmk2R6hY,UCGbg3DjQdcqWwqOLHpYHXIg,time,14,13.7499,28,780525.35,761233,318228.5272940274,2.45271959843174,confirmed,0.4388532277506458,15,10,none,0
OnwxoND5icQ,UCJ901NqoRaXMnIm7aOjLyuA,heldout,1,0.7747,29,353992.87,497274,398083.40945754916,0.8892429664144993,early,,15,10,none,0
OnwxoND5icQ,UCJ901NqoRaXMnIm7aOjLyuA,time,1,0.7747,29,353992.87,497274,398083.40945754916,0.8892429664144993,early,,15,10,none,0
OnwxoND5icQ,UCJ901NqoRaXMnIm7aOjLyuA,heldout,2,1.7747,29,437301.74,497274,396241.8723383028,1.103623249409532,early,0.9206583288214908,15,10,none,0
OnwxoND5icQ,UCJ901NqoRaXMnIm7aOjLyuA,time,2,1.7747,29,437301.74,497274,396241.8723383028,1.103623249409532,early,0.9206583288214908,15,10,none,0
OnwxoND5icQ,UCJ901NqoRaXMnIm7aOjLyuA,heldout,3,2.7747,29,469877.98,497274,395816.7385032987,1.1871099209635059,early,0.6797103494162129,15,10,none,0
OnwxoND5icQ,UCJ901NqoRaXMnIm7aOjLyuA,time,3,2.7747,29,469877.98,497274,395816.7385032987,1.1871099209635059,early,0.6797103494162129,15,10,none,0
OnwxoND5icQ,UCJ901NqoRaXMnIm7aOjLyuA,heldout,5,4.7747,29,405533.06,497274,396197.69438119075,1.0235623906109044,likely,0.5681049003787749,15,9,none,0
OnwxoND5icQ,UCJ901NqoRaXMnIm7aOjLyuA,time,5,4.7747,29,405533.06,497274,396197.69438119075,1.0235623906109044,likely,0.5681049003787749,15,9,none,0
OnwxoND5icQ,UCJ901NqoRaXMnIm7aOjLyuA,heldout,7,6.7747,29,416668.11,497274,396269.40353858704,1.0514768716482863,likely,0.5540677127145882,15,9,none,0
OnwxoND5icQ,UCJ901NqoRaXMnIm7aOjLyuA,time,7,6.7747,29,416668.11,497274,396269.40353858704,1.0514768716482863,likely,0.5540677127145882,15,9,none,0
OnwxoND5icQ,UCJ901NqoRaXMnIm7aOjLyuA,heldout,14,14.7747,29,527647.92,497274,399006.66410404723,1.3224037838403122,confirmed,0.5115566269709539,15,6,none,0
OnwxoND5icQ,UCJ901NqoRaXMnIm7aOjLyuA,time,14,14.7747,29,527647.92,497274,399006.66410404723,1.3224037838403122,confirmed,0.5115566269709539,15,6,none,0
BEbr83HMO4g,UC-mP1nlk0qOutA08zuQHORA,time,0.5,0.6979,27,719205.79,742201,1059388.8875774117,0.6788874235984677,early,,15,10,none,0
BEbr83HMO4g,UC-mP1nlk0qOutA08zuQHORA,time,1,0.6979,27,719205.79,742201,1059388.8875774117,0.6788874235984677,early,,15,10,none,0
BEbr83HMO4g,UC-mP1nlk0qOutA08zuQHORA,time,2,1.6979,27,792585.95,742201,1068039.2769273869,0.7420943847316489,early,0.761558873186274,15,10,none,0
BEbr83HMO4g,UC-mP1nlk0qOutA08zuQHORA,time,3,2.6979,27,717248.04,742201,1072265.0000000005,0.6689093078916661,early,0.6177940172299532,15,10,none,0
BEbr83HMO4g,UC-mP1nlk0qOutA08zuQHORA,time,5,4.6979,27,867675.27,742201,1080937.7912358823,0.8027060171085525,likely,0.5311381131701479,15,10,none,0
BEbr83HMO4g,UC-mP1nlk0qOutA08zuQHORA,time,7,6.6979,27,858832.46,742201,1079196.45933562,0.7958073379871661,likely,0.4868541446419579,15,9,none,0
BEbr83HMO4g,UC-mP1nlk0qOutA08zuQHORA,time,14,15.6979,27,781481.57,742201,1072265.0000000005,0.7288138341136214,confirmed,0.37354070645941084,15,7,none,0
UQXMcNj8scw,UCS3lFRhXKfCZ8FvRqPjy9NA,time,3,3.9161,27,841.04,1040,705.5583006255677,1.1920162394511131,likely,,10,9,none,0
UQXMcNj8scw,UCS3lFRhXKfCZ8FvRqPjy9NA,time,5,4.9161,27,1129.66,1040,714.9999999999999,1.5799449953383704,likely,0.8587526868596904,15,13,none,0
UQXMcNj8scw,UCS3lFRhXKfCZ8FvRqPjy9NA,time,7,6.9161,27,1234.77,1040,723.1605437737636,1.7074624569527517,likely,0.7700710824812119,15,13,none,0
UQXMcNj8scw,UCS3lFRhXKfCZ8FvRqPjy9NA,time,14,12.9161,27,1143.24,1040,745.6735111782862,1.5331662556599595,confirmed,0.5210287087998231,15,11,none,0
7YOJx3D-3RQ,UCV6KDgJskWaEckne5aPA0aQ,time,0.5,0.6645,29,136209.71,118975,370629.3256702798,0.3675092626375021,early,,15,9,none,0
7YOJx3D-3RQ,UCV6KDgJskWaEckne5aPA0aQ,time,1,0.6645,29,136209.71,118975,370629.3256702798,0.3675092626375021,early,,15,9,none,0
7YOJx3D-3RQ,UCV6KDgJskWaEckne5aPA0aQ,time,2,1.6645,29,116062.67,118975,367231.24530436605,0.31604791404850124,early,0.6940084491009896,15,9,none,0
7YOJx3D-3RQ,UCV6KDgJskWaEckne5aPA0aQ,time,3,2.6645,29,127075.60,118975,366652.00000000023,0.3465836790541565,early,0.5248417032626351,15,9,none,0
7YOJx3D-3RQ,UCV6KDgJskWaEckne5aPA0aQ,time,5,4.6645,29,118689.34,118975,366652.00000000023,0.3237111497061275,likely,0.4081909288503271,15,9,none,0
7YOJx3D-3RQ,UCV6KDgJskWaEckne5aPA0aQ,time,7,6.6645,29,117098.74,118975,366652.00000000023,0.31937296696550915,likely,0.3725878422820024,15,8,none,0
7YOJx3D-3RQ,UCV6KDgJskWaEckne5aPA0aQ,time,14,13.6645,29,109106.68,118975,350592.03217063885,0.311206970900066,confirmed,0.3239756568630239,15,6,none,0
y7yC1YhfD_o,UCuVaqIpPgUyGP6AytqSfs0g,heldout,1,1.0821,28,4511.34,3171,3573.974932877725,1.2622738236916544,early,,15,15,none,0
y7yC1YhfD_o,UCuVaqIpPgUyGP6AytqSfs0g,time,1,1.0821,28,4511.34,3171,3573.974932877725,1.2622738236916544,early,,15,15,none,0
y7yC1YhfD_o,UCuVaqIpPgUyGP6AytqSfs0g,heldout,2,2.0821,28,3366.74,3171,3537.8358655861384,0.9516369390867306,early,0.34808240867547574,15,15,none,0
y7yC1YhfD_o,UCuVaqIpPgUyGP6AytqSfs0g,time,2,2.0821,28,3366.74,3171,3537.8358655861384,0.9516369390867306,early,0.34808240867547574,15,15,none,0
y7yC1YhfD_o,UCuVaqIpPgUyGP6AytqSfs0g,heldout,3,3.0821,28,2857.66,3171,3503.884209799432,0.8155680136478299,likely,0.28750570420878324,15,15,none,0
y7yC1YhfD_o,UCuVaqIpPgUyGP6AytqSfs0g,time,3,3.0821,28,2857.66,3171,3503.884209799432,0.8155680136478299,likely,0.28750570420878324,15,15,none,0
y7yC1YhfD_o,UCuVaqIpPgUyGP6AytqSfs0g,heldout,5,5.0821,28,3282.21,3171,3447.6128501009525,0.9520247429103482,likely,0.2969362322667488,15,15,none,0
y7yC1YhfD_o,UCuVaqIpPgUyGP6AytqSfs0g,time,5,5.0821,28,3282.21,3171,3447.6128501009525,0.9520247429103482,likely,0.2969362322667488,15,15,none,0
y7yC1YhfD_o,UCuVaqIpPgUyGP6AytqSfs0g,heldout,7,7.0821,28,3381.27,3171,3385.2307905395933,0.9988285186775051,confirmed,0.30013461008411807,15,15,none,0
y7yC1YhfD_o,UCuVaqIpPgUyGP6AytqSfs0g,time,7,7.0821,28,3381.27,3171,3385.2307905395933,0.9988285186775051,confirmed,0.30013461008411807,15,15,none,0
y7yC1YhfD_o,UCuVaqIpPgUyGP6AytqSfs0g,heldout,14,13.0821,28,3345.28,3171,3266.3739652564473,1.0241581824184072,confirmed,0.24538927853980763,15,15,none,0
y7yC1YhfD_o,UCuVaqIpPgUyGP6AytqSfs0g,time,14,13.0821,28,3345.28,3171,3266.3739652564473,1.0241581824184072,confirmed,0.24538927853980763,15,15,none,0
5M8J56xBoEw,UCOv0Sk_k3j2l8hOeo6cXa3w,heldout,1,0.9525,29,16243.70,13585,2445.6842071212454,6.6417799590060245,early,,15,11,none,0
5M8J56xBoEw,UCOv0Sk_k3j2l8hOeo6cXa3w,time,1,0.9525,29,16243.70,13585,2445.6842071212454,6.6417799590060245,early,,15,11,none,0
5M8J56xBoEw,UCOv0Sk_k3j2l8hOeo6cXa3w,heldout,2,1.9525,29,13148.88,13585,2440.134966516784,5.388587239451888,early,0.46561163826054763,15,10,none,0
5M8J56xBoEw,UCOv0Sk_k3j2l8hOeo6cXa3w,time,2,1.9525,29,13148.88,13585,2440.134966516784,5.388587239451888,early,0.46561163826054763,15,10,none,0
5M8J56xBoEw,UCOv0Sk_k3j2l8hOeo6cXa3w,heldout,3,2.9525,29,15411.02,13585,2440.6958745937145,6.314191645061975,early,0.4938855374664398,15,10,none,0
5M8J56xBoEw,UCOv0Sk_k3j2l8hOeo6cXa3w,time,3,2.9525,29,15411.02,13585,2440.6958745937145,6.314191645061975,early,0.4938855374664398,15,10,none,0
5M8J56xBoEw,UCOv0Sk_k3j2l8hOeo6cXa3w,heldout,5,4.9525,29,12905.95,13585,2439.212397686944,5.291031906168464,likely,0.40040752861286927,15,10,none,0
5M8J56xBoEw,UCOv0Sk_k3j2l8hOeo6cXa3w,time,5,4.9525,29,12905.95,13585,2439.212397686944,5.291031906168464,likely,0.40040752861286927,15,10,none,0
5M8J56xBoEw,UCOv0Sk_k3j2l8hOeo6cXa3w,heldout,7,6.9525,29,13036.81,13585,2435.4538601450786,5.352930332161835,likely,0.35814178378982614,15,10,none,0
5M8J56xBoEw,UCOv0Sk_k3j2l8hOeo6cXa3w,time,7,6.9525,29,13036.81,13585,2435.4538601450786,5.352930332161835,likely,0.35814178378982614,15,10,none,0
5M8J56xBoEw,UCOv0Sk_k3j2l8hOeo6cXa3w,heldout,14,12.9525,29,13398.15,13585,2420.999999999999,5.534140314886544,confirmed,0.31076678503165445,15,9,none,0
5M8J56xBoEw,UCOv0Sk_k3j2l8hOeo6cXa3w,time,14,12.9525,29,13398.15,13585,2420.999999999999,5.534140314886544,confirmed,0.31076678503165445,15,9,none,0
RELWFl0AiUI,UCdt0GYPfoQdIZTiqH4CDBaw,time,5,4.9166,27,22892.49,18807,,,insufficient,,1,1,none,0
RELWFl0AiUI,UCdt0GYPfoQdIZTiqH4CDBaw,time,7,6.9166,27,19323.83,18807,,,insufficient,0.13259510570412697,1,1,none,0
RELWFl0AiUI,UCdt0GYPfoQdIZTiqH4CDBaw,time,14,12.9166,27,18973.71,18807,,,insufficient,0.09565441122863953,1,1,none,0
Dv3Xce1uGJA,UCGWNHkr2WZcRbxqoet-nyeg,heldout,14,13.7024,27,2817.25,2622,2602.211854340116,1.0826353629293106,confirmed,,15,15,none,0
Dv3Xce1uGJA,UCGWNHkr2WZcRbxqoet-nyeg,time,14,13.7024,27,2817.25,2622,2602.211854340116,1.0826353629293106,confirmed,,15,15,none,0
5xbH27shJQM,UCKmkpoEqg1sOMGEiIysP8Tw,time,3,3.9583,28,81558.28,54870,63211.747971292745,1.2902393425454115,likely,,15,15,none,0
5xbH27shJQM,UCKmkpoEqg1sOMGEiIysP8Tw,time,5,4.9583,28,58610.53,54870,62719.55916835224,0.9344856880500626,likely,0.013059870388824137,15,15,none,0
5xbH27shJQM,UCKmkpoEqg1sOMGEiIysP8Tw,time,7,6.9583,28,56855.98,54870,63573.606614627715,0.8943331450351903,likely,0.01558661855957573,15,15,none,0
5xbH27shJQM,UCKmkpoEqg1sOMGEiIysP8Tw,time,14,15.9583,28,53935.91,54870,59511.43954624942,0.9063117107874206,confirmed,0.013123633616731427,15,14,none,0
EaM3EBLILKg,UCnmGIkw-KdI0W5siakKPKog,heldout,2,2.8747,31,3107701.62,2877921,3450440.9891656414,0.9006679536450516,early,,15,15,none,0
EaM3EBLILKg,UCnmGIkw-KdI0W5siakKPKog,heldout,3,2.8747,31,3107701.62,2877921,3450440.9891656414,0.9006679536450516,early,,15,15,none,0
59B9VDdR-yA,UC3JGnf8zOIQ06PGQ0Yb2_1Q,heldout,1,1.8745,27,10626.30,13574,20498.57092020647,0.5183923367794498,early,,15,14,none,0
59B9VDdR-yA,UC3JGnf8zOIQ06PGQ0Yb2_1Q,time,1,1.8745,27,10626.30,13574,20498.57092020647,0.5183923367794498,early,,15,14,none,0
59B9VDdR-yA,UC3JGnf8zOIQ06PGQ0Yb2_1Q,heldout,2,1.8745,27,10626.30,13574,20498.57092020647,0.5183923367794498,early,,15,14,none,0
59B9VDdR-yA,UC3JGnf8zOIQ06PGQ0Yb2_1Q,time,2,1.8745,27,10626.30,13574,20498.57092020647,0.5183923367794498,early,,15,14,none,0
59B9VDdR-yA,UC3JGnf8zOIQ06PGQ0Yb2_1Q,heldout,3,2.8745,27,8749.35,13574,20498.57092020647,0.4268273649558629,early,0.38943230006405816,15,14,none,0
59B9VDdR-yA,UC3JGnf8zOIQ06PGQ0Yb2_1Q,time,3,2.8745,27,8749.35,13574,20498.57092020647,0.4268273649558629,early,0.38943230006405816,15,14,none,0
59B9VDdR-yA,UC3JGnf8zOIQ06PGQ0Yb2_1Q,heldout,5,4.8745,27,10787.43,13574,21008.682676207754,0.5134746418482916,likely,0.4404945264532642,15,14,none,0
59B9VDdR-yA,UC3JGnf8zOIQ06PGQ0Yb2_1Q,time,5,4.8745,27,10787.43,13574,21008.682676207754,0.5134746418482916,likely,0.4404945264532642,15,14,none,0
59B9VDdR-yA,UC3JGnf8zOIQ06PGQ0Yb2_1Q,heldout,7,6.8745,27,13264.43,13574,21008.682676207754,0.6313784996837812,likely,0.518230749635529,15,14,none,0
59B9VDdR-yA,UC3JGnf8zOIQ06PGQ0Yb2_1Q,time,7,6.8745,27,13264.43,13574,21008.682676207754,0.6313784996837812,likely,0.518230749635529,15,14,none,0
59B9VDdR-yA,UC3JGnf8zOIQ06PGQ0Yb2_1Q,heldout,14,12.8745,27,13408.43,13574,21846.36323338162,0.613760178918703,confirmed,0.44416288428496176,15,14,none,0
59B9VDdR-yA,UC3JGnf8zOIQ06PGQ0Yb2_1Q,time,14,12.8745,27,13408.43,13574,21846.36323338162,0.613760178918703,confirmed,0.44416288428496176,15,14,none,0
dXPmeqvpCWQ,UCAXUwGU47XVY-0lH9qhUr1Q,heldout,0.5,0.6664,30,88657.70,56676,77057.8984032074,1.1505336250679536,early,,14,11,none,0
dXPmeqvpCWQ,UCAXUwGU47XVY-0lH9qhUr1Q,heldout,1,0.6664,30,88657.70,56676,77057.8984032074,1.1505336250679536,early,,14,11,none,0
dXPmeqvpCWQ,UCAXUwGU47XVY-0lH9qhUr1Q,heldout,7,7.6664,30,60580.40,56676,77778.13715496557,0.7788872341346246,confirmed,0.24094436905562513,15,11,none,0
dXPmeqvpCWQ,UCAXUwGU47XVY-0lH9qhUr1Q,heldout,14,13.6664,30,57587.87,56676,76794.07296177588,0.7498998825346499,confirmed,0.20486017630982947,15,10,none,0
wwm91eNl_yw,UCBWgT48azZkWSpw-iKMlBRw,time,5,5.1536,27,2869.72,2742,,,insufficient,0.21030773425716554,2,2,none,0
wwm91eNl_yw,UCBWgT48azZkWSpw-iKMlBRw,time,7,7.1536,27,2827.31,2742,,,insufficient,0.12594161325541894,2,2,none,0
wwm91eNl_yw,UCBWgT48azZkWSpw-iKMlBRw,time,14,15.1536,27,2803.82,2742,,,insufficient,0.09709049144100701,2,2,none,0
UBHsjUYB_Ik,UC3lJL1pUvQ2Ih2qZ-4ozrLw,time,5,6.9786,27,569.58,536,,,insufficient,,2,2,none,0
UBHsjUYB_Ik,UC3lJL1pUvQ2Ih2qZ-4ozrLw,time,7,6.9786,27,569.58,536,,,insufficient,,2,2,none,0
UBHsjUYB_Ik,UC3lJL1pUvQ2Ih2qZ-4ozrLw,time,14,14.9786,27,500.64,536,3292.7838206350507,0.15204298947608305,confirmed,0.09870531998921535,12,12,none,0
v3AgDM0Oeok,UCS7BAYpqOSaYy-pZp6oO4PA,time,14,13.8945,29,13910.25,13571,13513.82113446388,1.0293352318104552,confirmed,0.011457514983478245,15,15,none,0
Jg_KwMezX4I,UCammHPYWYI4q3WLbx-TP7GA,time,14,13.7081,29,44096.17,45561,4241.000000000001,10.397587619180646,confirmed,0.21058370580154953,15,11,none,0
bLMOgtfs_qQ,UCXUSs6sOB2GIcdyvLKljUrg,time,14,12.7910,27,5371.00,5389,7157.392865410121,0.7504131131376133,confirmed,0.22014070245226464,15,13,none,0
hDL2UuulKhk,UC8DqDLFZCni7Jkys3N3818w,time,5,4.8183,27,55.65,59,,,insufficient,,1,1,none,0
hDL2UuulKhk,UC8DqDLFZCni7Jkys3N3818w,time,7,6.8183,27,59.84,59,,,insufficient,0.46225095429181856,1,1,none,0
hDL2UuulKhk,UC8DqDLFZCni7Jkys3N3818w,time,14,15.8183,27,54.42,59,,,insufficient,0.1869611110232646,1,1,none,0
E-tYxgNA_bg,UCUJXaEduMHGB3Iap3DusmAA,heldout,14,13.5572,30,10364.72,13246,15520.102100429556,0.6678253602222615,confirmed,0.7754614598566634,15,14,none,0
7A6G5yvp804,UCN8fW1T36q7P9KjaHEifPYQ,time,1,0.9919,27,4710.83,1657,1999.3071913481488,2.356233198743721,early,,15,9,none,0
7A6G5yvp804,UCN8fW1T36q7P9KjaHEifPYQ,time,2,1.9919,27,1699.83,1657,1999.3071913481488,0.8502109254112422,early,0.28584051531189153,15,9,none,0
7A6G5yvp804,UCN8fW1T36q7P9KjaHEifPYQ,time,3,2.9919,27,1361.94,1657,1996.0866969430144,0.682302615133589,early,0.265988620839189,15,8,none,0
7A6G5yvp804,UCN8fW1T36q7P9KjaHEifPYQ,time,5,4.9919,27,1695.59,1657,1996.0866969430144,0.8494594997357703,likely,0.2816847428715296,15,8,none,0
7A6G5yvp804,UCN8fW1T36q7P9KjaHEifPYQ,time,7,6.9919,27,1537.56,1657,1991.8494320851994,0.7719273721625104,likely,0.2790480739665666,15,7,none,0
7A6G5yvp804,UCN8fW1T36q7P9KjaHEifPYQ,time,14,12.9919,27,1630.39,1657,1992.0142553332869,0.8184635544748217,confirmed,0.23441522838039242,15,6,none,0
j-Wbu2HVU9A,UCwrXi5ZknKThspJc-Gai04g,time,14,13.4791,27,51865.14,54900,14307.806052783279,3.6249539735724077,confirmed,0.5252622966971123,15,12,none,0
kcCj7bp9dIE,UCBXQM4wXOpzZPcjXMqecArA,heldout,1,1.9160,31,1237.31,8838,7328.725149405828,0.16883006540334256,early,,15,13,none,0
kcCj7bp9dIE,UCBXQM4wXOpzZPcjXMqecArA,heldout,2,1.9160,31,1237.31,8838,7328.725149405828,0.16883006540334256,early,,15,13,none,0
kcCj7bp9dIE,UCBXQM4wXOpzZPcjXMqecArA,heldout,3,2.9160,31,1938.79,8838,7372.704474041036,0.2629690179582884,early,1.0251732968642477,15,11,none,0
kcCj7bp9dIE,UCBXQM4wXOpzZPcjXMqecArA,heldout,5,5.9160,31,5250.46,8838,7701.392856848553,0.6817543919774729,likely,1.699495998171247,15,10,none,0
kcCj7bp9dIE,UCBXQM4wXOpzZPcjXMqecArA,heldout,7,6.9160,31,5635.86,8838,7701.392856848553,0.7317979937541496,likely,1.6596380255798755,15,10,none,0
kcCj7bp9dIE,UCBXQM4wXOpzZPcjXMqecArA,heldout,14,13.9160,31,8492.04,8838,8422.254285131372,1.0082860482617504,confirmed,1.294663644502873,15,7,none,0
Sopl5v4UTwc,UCLhu5JoRWPgEGDoUFfQHTPQ,time,5,5.7708,29,11081.83,9177,6765.638481820244,1.6379574241412713,likely,,11,11,none,0
Sopl5v4UTwc,UCLhu5JoRWPgEGDoUFfQHTPQ,time,7,6.7708,29,9208.33,9177,6188.909447744156,1.487876079546696,likely,0.166119656002178,15,15,none,0
Sopl5v4UTwc,UCLhu5JoRWPgEGDoUFfQHTPQ,time,14,13.7708,29,9128.73,9177,6023.999999999995,1.5153938544659993,confirmed,0.09703416660545701,15,11,none,0
rt3DAL29AQU,UCMmfUj8CcXeqpqWkund3ELg,heldout,14,14.4791,32,54738.19,53367,39830.156582250755,1.3742901016359579,confirmed,0.021658093106452298,15,13,none,0
LQXNL4CRZwA,UCE_--R1P5-kfBzHTca0dsnw,time,14,13.7080,28,259334.26,298010,441199.5180778529,0.587793616375191,confirmed,,14,14,none,0
JjjJydJuxOQ,UC2RAGL6c9iQZ0H8PHCLZY_w,time,5,4.5206,27,2041.28,1658,,,insufficient,,0,0,none,0
JjjJydJuxOQ,UC2RAGL6c9iQZ0H8PHCLZY_w,time,7,6.5206,27,1592.77,1658,,,insufficient,-0.12944405690767866,0,0,none,0
JjjJydJuxOQ,UC2RAGL6c9iQZ0H8PHCLZY_w,time,14,12.5206,27,1580.71,1658,,,insufficient,0.0154803355208634,0,0,none,0
Nq3XKbu1aaI,UCn7fYS0P7nkqmAEREjdtkDg,time,2,2.0410,27,1782.25,1239,917.9676528857436,1.9415147242911368,early,,12,11,none,0
Nq3XKbu1aaI,UCn7fYS0P7nkqmAEREjdtkDg,time,3,3.0410,27,1430.87,1239,1494.3480623357918,0.9575187892497199,likely,0.320141535405236,15,14,none,0
Nq3XKbu1aaI,UCn7fYS0P7nkqmAEREjdtkDg,time,5,5.0410,27,1286.98,1239,1494.3480623357918,0.8612293956489466,likely,0.24127101403635226,15,14,none,0
Nq3XKbu1aaI,UCn7fYS0P7nkqmAEREjdtkDg,time,7,7.0410,27,1276.42,1239,1479.9737719028185,0.8624639670364526,confirmed,0.19821685477148585,15,14,none,0
Nq3XKbu1aaI,UCn7fYS0P7nkqmAEREjdtkDg,time,14,15.0410,27,1320.22,1239,1462.4041864370856,0.902772657939072,confirmed,0.1438047222085218,15,13,none,0
kN66McRztJU,UC1QvDo-qeCVKTlmDq1LjDuw,time,7,7.7633,27,944.67,846,,,insufficient,,0,0,none,0
kN66McRztJU,UC1QvDo-qeCVKTlmDq1LjDuw,time,14,13.7633,27,825.08,846,,,insufficient,0.11924811355083897,0,0,none,0
EKBqqNFkIz8,UCuTaETsuCOkJ0H_GAztWt0Q,time,14,13.8652,29,130568.76,135946,154418.2198707665,0.845552802574832,confirmed,0.10253310401900291,15,12,none,0
6DmPXKSCPHo,UCfQgsKhHjSyRLOp9mnffqVg,time,1,0.8332,29,408846.27,408293,535465.1729722262,0.7635347649138731,early,,14,14,none,0
6DmPXKSCPHo,UCfQgsKhHjSyRLOp9mnffqVg,time,2,1.8332,29,449300.02,408293,540186.2635301828,0.8317501742229089,early,0.8036415748802785,15,15,none,0
6DmPXKSCPHo,UCfQgsKhHjSyRLOp9mnffqVg,time,3,2.8332,29,392582.63,408293,545316.9999999999,0.7199163539589455,early,0.6005743321232692,15,14,none,0
6DmPXKSCPHo,UCfQgsKhHjSyRLOp9mnffqVg,time,5,4.8332,29,378490.55,408293,545316.9999999999,0.6940743555850598,likely,0.48418339022031154,15,13,none,0
6DmPXKSCPHo,UCfQgsKhHjSyRLOp9mnffqVg,time,7,6.8332,29,378576.98,408293,545316.9999999999,0.6942328550746455,likely,0.4428980027678408,15,12,none,0
6DmPXKSCPHo,UCfQgsKhHjSyRLOp9mnffqVg,time,14,13.8332,29,440376.97,408293,545448.9999999997,0.8073659802998199,confirmed,0.4050934273919602,15,8,none,0
dfE7KMC9l2Y,UC2lvPVVm0Mv53QK7vdnC-rw,time,14,12.9370,27,10815.16,10838,20991.030566466645,0.5152278898035128,confirmed,,13,12,none,0
BOAOyymkuJc,UCUpbDOT-OVNBlaQpb9pbd2w,time,5,4.6757,28,62264.54,46783,30388.637020634073,2.048941363255765,likely,,15,15,none,0
BOAOyymkuJc,UCUpbDOT-OVNBlaQpb9pbd2w,time,7,6.6757,28,51015.08,46783,28652.83633532266,1.7804546576557239,likely,0.029188656987064947,15,15,none,0
BOAOyymkuJc,UCUpbDOT-OVNBlaQpb9pbd2w,time,14,13.6757,28,48326.21,46783,25506.04122048512,1.8946964721220496,confirmed,0.017002047311104797,15,15,none,0
Im51hMdp690,UC4lGf3Jn2331jdjMlsJyj5Q,time,14,12.8105,28,186303.47,191665,193530.99999999985,0.9626544105470097,confirmed,0.22150716016510805,15,12,none,0
d8FyWx5J5i4,UCg2EPgrZtxyZPdaprLgSqpQ,time,5,6.4119,29,167.97,165,,,insufficient,,1,1,none,0
d8FyWx5J5i4,UCg2EPgrZtxyZPdaprLgSqpQ,time,7,7.4119,29,148.81,165,,,insufficient,0.11793267675304299,1,1,none,0
d8FyWx5J5i4,UCg2EPgrZtxyZPdaprLgSqpQ,time,14,14.4119,29,167.61,165,,,insufficient,0.20026317977093536,1,1,none,0
DEN9s1yE8wI,UCihUiDJzjyo2ov_qGtW33lw,time,14,13.1894,28,6045.04,5468,22526.000000000015,0.2683583901220992,confirmed,,15,13,none,0
DQl1ozO_iwY,UCUpbDOT-OVNBlaQpb9pbd2w,time,5,5.7688,29,32622.51,25945,19738.61698499004,1.6527253290189599,likely,,15,15,none,0
DQl1ozO_iwY,UCUpbDOT-OVNBlaQpb9pbd2w,time,7,6.7688,29,26808.21,25945,19310.142970095978,1.3882969120686004,likely,0.08554498655315909,15,15,none,0
DQl1ozO_iwY,UCUpbDOT-OVNBlaQpb9pbd2w,time,14,14.7688,29,26124.74,25945,17241.182392712144,1.515252165106781,confirmed,0.0561065290448013,15,15,none,0
tAd-OOrdyMw,UCJVXj8BvHykEklEeKjFwaXQ,time,1,0.9052,28,216881.29,278685,64264,3.3748488460087236,early,,15,14,none,0
tAd-OOrdyMw,UCJVXj8BvHykEklEeKjFwaXQ,time,2,2.9052,28,223208.18,278685,64264,3.4733003998041863,early,0.5986733240027938,15,14,none,0
tAd-OOrdyMw,UCJVXj8BvHykEklEeKjFwaXQ,time,3,2.9052,28,223208.18,278685,64264,3.4733003998041863,early,0.5986733240027938,15,14,none,0
tAd-OOrdyMw,UCJVXj8BvHykEklEeKjFwaXQ,time,5,4.9052,28,226021.53,278685,64264,3.5170784698954747,likely,0.5270291572996352,15,14,none,0
tAd-OOrdyMw,UCJVXj8BvHykEklEeKjFwaXQ,time,7,6.9052,28,269188.21,278685,64264,4.188786989189838,likely,0.5423175891945872,15,14,none,0
tAd-OOrdyMw,UCJVXj8BvHykEklEeKjFwaXQ,time,14,13.9052,28,318475.85,278685,64264,4.955742672000723,confirmed,0.502092581404904,15,14,none,0
w2FbEhhhVMw,UCfXzRcRPMHw_AF7EdRtyiJQ,time,5,6.8853,29,12218.79,21941,,,insufficient,,0,0,none,0
w2FbEhhhVMw,UCfXzRcRPMHw_AF7EdRtyiJQ,time,7,6.8853,29,12218.79,21941,,,insufficient,,0,0,none,0
w2FbEhhhVMw,UCfXzRcRPMHw_AF7EdRtyiJQ,time,14,13.8853,29,20806.24,21941,,,insufficient,0.8425411034433423,0,0,none,0
nhB-cWIdaDA,UC8fQzKHIhSoZeSq3bwQx4mw,time,5,6.7953,27,420.55,350,,,insufficient,,2,2,none,0
nhB-cWIdaDA,UC8fQzKHIhSoZeSq3bwQx4mw,time,7,6.7953,27,420.55,350,,,insufficient,,2,2,none,0
nhB-cWIdaDA,UC8fQzKHIhSoZeSq3bwQx4mw,time,14,15.7953,27,357.60,350,,,insufficient,0.0461214565927574,2,2,none,0
iulluNrzRGk,UC675NhQ4EU5TzwCMwYp5XCw,heldout,5,6.8326,29,12307.19,10388,,,insufficient,,0,0,none,0
iulluNrzRGk,UC675NhQ4EU5TzwCMwYp5XCw,time,5,6.8326,29,12307.19,10388,,,insufficient,,0,0,none,0
iulluNrzRGk,UC675NhQ4EU5TzwCMwYp5XCw,heldout,7,6.8326,29,12307.19,10388,,,insufficient,,0,0,none,0
iulluNrzRGk,UC675NhQ4EU5TzwCMwYp5XCw,time,7,6.8326,29,12307.19,10388,,,insufficient,,0,0,none,0
iulluNrzRGk,UC675NhQ4EU5TzwCMwYp5XCw,heldout,14,13.8326,29,10631.70,10388,,,insufficient,0.08019359732440534,0,0,none,0
iulluNrzRGk,UC675NhQ4EU5TzwCMwYp5XCw,time,14,13.8326,29,10631.70,10388,,,insufficient,0.08019359732440534,0,0,none,0
rfzG9gP7Sng,UCqqJQ_cXSat0KIAVfIfKkVA,time,1,0.7754,28,100524.78,87410,103229.52370213055,0.9737986939590999,early,,15,12,none,0
rfzG9gP7Sng,UCqqJQ_cXSat0KIAVfIfKkVA,time,2,1.7754,28,107643.23,87410,103110.12355243342,1.043963778940104,early,0.725058091384636,15,12,none,0
rfzG9gP7Sng,UCqqJQ_cXSat0KIAVfIfKkVA,time,3,2.7754,28,96430.99,87410,103190.39538018397,0.9344957984529374,early,0.5858723407582646,15,11,none,0
rfzG9gP7Sng,UCqqJQ_cXSat0KIAVfIfKkVA,time,5,4.7754,28,90254.29,87410,103038.16634623325,0.8759306588220471,likely,0.4491647771756442,15,11,none,0
rfzG9gP7Sng,UCqqJQ_cXSat0KIAVfIfKkVA,time,7,6.7754,28,90014.05,87410,102723.39451040985,0.8762760638820414,likely,0.4128226082116366,15,11,none,0
rfzG9gP7Sng,UCqqJQ_cXSat0KIAVfIfKkVA,time,14,12.7754,28,92673.89,87410,101796.6808168467,0.9103822153030966,confirmed,0.3555893533844673,15,10,none,0
RNt__s1A9TI,UC0T6MVd3wQDB5ICAe45OxaQ,time,14,13.9162,29,6377.78,6407,9663.351111072516,0.6599965175450805,confirmed,0.08518751697779692,15,15,none,0
PmCCkltcTHg,UCArVi6FH57DfXJWn1Gc8iAQ,time,5,5.8327,28,13937.45,12069,,,insufficient,,0,0,none,0
PmCCkltcTHg,UCArVi6FH57DfXJWn1Gc8iAQ,time,7,6.8327,28,12765.66,12069,,,insufficient,0.2488207258213505,0,0,none,0
PmCCkltcTHg,UCArVi6FH57DfXJWn1Gc8iAQ,time,14,12.8327,28,12396.78,12069,,,insufficient,0.14689273727700028,0,0,none,0
l8hwq9IDRtw,UCFs23bEpTlHJt1RVN0UWI3Q,time,14,13.8539,29,2798.25,2695,2800.601725735925,0.999161617907119,confirmed,0.15495447931077455,15,15,none,0
xtwQWnIobTU,UChpleBmo18P08aKCIgti38g,time,0.5,0.3038,28,82333.45,91569,95260.18201653438,0.8643007979451847,early,,14,9,none,0
xtwQWnIobTU,UChpleBmo18P08aKCIgti38g,time,1,0.3038,28,82333.45,91569,95260.18201653438,0.8643007979451847,early,,14,9,none,0
xtwQWnIobTU,UChpleBmo18P08aKCIgti38g,time,2,2.3038,28,90579.91,91569,96840.99999999996,0.9353467380343679,early,0.8016056846223243,15,9,none,0
xtwQWnIobTU,UChpleBmo18P08aKCIgti38g,time,3,3.3038,28,87673.69,91569,96840.99999999996,0.9053364763267957,likely,0.7208306459158182,15,9,none,0
xtwQWnIobTU,UChpleBmo18P08aKCIgti38g,time,5,5.3038,28,95111.79,91569,96840.99999999996,0.9821438385964492,likely,0.6362436561662246,15,8,none,0
xtwQWnIobTU,UChpleBmo18P08aKCIgti38g,time,7,7.3038,28,81604.88,91569,96840.99999999996,0.8426687432520981,confirmed,0.5935381791270847,15,8,none,0
xtwQWnIobTU,UChpleBmo18P08aKCIgti38g,time,14,13.3038,28,90173.03,91569,96840.99999999996,0.9311451783015479,confirmed,0.5226654302502413,15,6,none,0
9g_MPKyYHTQ,UCJP9OOLkOzsXbb_Bo_kqjTw,heldout,2,2.0207,30,28545.82,35517,25043.900135497137,1.1398313731143808,early,,15,13,none,0
9g_MPKyYHTQ,UCJP9OOLkOzsXbb_Bo_kqjTw,heldout,3,2.0207,30,28545.82,35517,25043.900135497137,1.1398313731143808,early,,15,13,none,0
9g_MPKyYHTQ,UCJP9OOLkOzsXbb_Bo_kqjTw,heldout,14,12.0207,30,40316.89,35517,25184.8830632294,1.6008368438252418,confirmed,0.5056670926544254,15,7,none,0
_-8J69gZAL4,UCEtxsMx4qsoitFwjBdLU_gA,time,5,5.4213,27,836.06,696,,,insufficient,,2,2,none,0
_-8J69gZAL4,UCEtxsMx4qsoitFwjBdLU_gA,time,7,7.4213,27,702.14,696,,,insufficient,0.12363516666347787,2,2,none,0
_-8J69gZAL4,UCEtxsMx4qsoitFwjBdLU_gA,time,14,12.4213,27,687.22,696,,,insufficient,0.09973702768113323,2,2,none,0
do0Jcw2xvOQ,UCwMbSEgxhmOB5dXcxRTKHJQ,heldout,1,0.8524,33,4761.48,5905,13678.122471906718,0.34810914903262563,early,,15,14,none,0
do0Jcw2xvOQ,UCwMbSEgxhmOB5dXcxRTKHJQ,heldout,2,2.8524,33,6033.95,5905,14529.388062980715,0.41529291617874187,early,0.870642994058637,15,13,none,0
do0Jcw2xvOQ,UCwMbSEgxhmOB5dXcxRTKHJQ,heldout,3,2.8524,33,6033.95,5905,14529.388062980715,0.41529291617874187,early,0.870642994058637,15,13,none,0
do0Jcw2xvOQ,UCwMbSEgxhmOB5dXcxRTKHJQ,heldout,5,4.8524,33,8128.45,5905,15319.868946930112,0.5305820127426021,likely,0.7779715296057778,15,13,none,0
do0Jcw2xvOQ,UCwMbSEgxhmOB5dXcxRTKHJQ,heldout,7,6.8524,33,8136.19,5905,15865.904404857312,0.5128097842504108,likely,0.7025931341813979,15,13,none,0
do0Jcw2xvOQ,UCwMbSEgxhmOB5dXcxRTKHJQ,heldout,14,14.8524,33,7224.58,5905,18692.783011523323,0.38649038893767634,confirmed,0.5348628377841966,15,12,none,0
nUzfPPY1S8k,UC_Gz-8R2G8jBs20ro9AL9hA,time,2,2.9387,29,339.28,2362,364.4446663276822,0.9309560096924716,early,,15,15,none,0
nUzfPPY1S8k,UC_Gz-8R2G8jBs20ro9AL9hA,time,3,2.9387,29,339.28,2362,364.4446663276822,0.9309560096924716,early,,15,15,none,0
nUzfPPY1S8k,UC_Gz-8R2G8jBs20ro9AL9hA,time,5,4.9387,29,598.59,2362,381.7108006473477,1.5681830500699592,likely,1.0513324167723648,15,15,none,0
nUzfPPY1S8k,UC_Gz-8R2G8jBs20ro9AL9hA,time,7,6.9387,29,742.16,2362,391.25993774271916,1.8968413620295332,likely,1.0922727626087778,15,15,none,0
nUzfPPY1S8k,UC_Gz-8R2G8jBs20ro9AL9hA,time,14,13.9387,29,1038.74,2362,429.47862910850114,2.4186025680785277,confirmed,1.0157383684104546,15,14,none,0
UW4quI0Wv2k,UCcTiu6qN0sm433gR8wjoVCA,time,5,6.9583,30,6252.74,6327,,,insufficient,,0,0,none,0
UW4quI0Wv2k,UCcTiu6qN0sm433gR8wjoVCA,time,7,6.9583,30,6252.74,6327,,,insufficient,,0,0,none,0
UW4quI0Wv2k,UCcTiu6qN0sm433gR8wjoVCA,time,14,13.9583,30,5995.95,6327,,,insufficient,0.16923069009121125,0,0,none,0
EXIgjIBu4EU,UC4JX40jDee_tINbkjycV4Sg,time,3,3.9165,28,15377.60,29941,32597.43758410189,0.4717424813749854,likely,,14,13,none,0
EXIgjIBu4EU,UC4JX40jDee_tINbkjycV4Sg,time,5,4.9165,28,13003.94,29941,32597.43758410189,0.3989250883497185,likely,0.29819909816346757,15,14,none,0
EXIgjIBu4EU,UC4JX40jDee_tINbkjycV4Sg,time,7,6.9165,28,17005.11,29941,32453.853306641344,0.5239782504274629,likely,0.509524101978584,15,13,none,0
EXIgjIBu4EU,UC4JX40jDee_tINbkjycV4Sg,time,14,13.9165,28,23241.29,29941,32400.000000000004,0.7173238634590783,confirmed,0.5840105291082437,15,9,none,0
kTQy6RUkczs,UCmlqW3C9C0_gA0LufzbHfKg,heldout,14,14.8567,28,1733.18,1591,70299.55132731581,0.024654184123054732,confirmed,,15,15,none,0
ESxTjNZHqZM,UCsvqVGtbbyHaMoevxPAq9Fg,time,14,14.2911,29,3028.74,2942,5522.229205025112,0.5484641830949535,confirmed,0.00519075587753178,15,15,none,0
5j10v0wht2g,UCgCsMxVCJs0TSqAIlBxiT7g,time,1,0.8152,27,8230.56,6332,5756.593654036632,1.4297617730364298,early,,15,12,none,0
5j10v0wht2g,UCgCsMxVCJs0TSqAIlBxiT7g,time,2,1.8152,27,6273.70,6332,5756.593654036632,1.0898287475679125,early,0.4901628745124599,15,12,none,0
5j10v0wht2g,UCgCsMxVCJs0TSqAIlBxiT7g,time,3,2.8152,27,5780.92,6332,5756.593654036632,1.004225634350975,early,0.39731568449726806,15,12,none,0
5j10v0wht2g,UCgCsMxVCJs0TSqAIlBxiT7g,time,5,4.8152,27,5694.62,6332,5922.448149355424,0.9615313818525089,likely,0.3646602229160029,15,11,none,0
5j10v0wht2g,UCgCsMxVCJs0TSqAIlBxiT7g,time,7,6.8152,27,6600.70,6332,6070.928440460664,1.087262912090949,likely,0.36804597748958073,15,11,none,0
5j10v0wht2g,UCgCsMxVCJs0TSqAIlBxiT7g,time,14,12.8152,27,6779.39,6332,6409.166369184882,1.0577651379398902,confirmed,0.31555830536648644,15,10,none,0
wWEAEWcrYsI,UCxa1v9wVMmjYUhUfQOJxbzw,time,14,13.0603,28,9334.97,10036,7190.099054956091,1.2983093183264545,confirmed,,15,13,none,0
P7KdJhE9Yn8,UCZG-C5esGZyVfxO2qXa1Zmw,time,0.5,0.7118,28,118547.76,80993,45236.86948726588,2.6206004471554185,early,,15,13,none,0
P7KdJhE9Yn8,UCZG-C5esGZyVfxO2qXa1Zmw,time,1,0.7118,28,118547.76,80993,45236.86948726588,2.6206004471554185,early,,15,13,none,0
P7KdJhE9Yn8,UCZG-C5esGZyVfxO2qXa1Zmw,time,2,1.7118,28,94832.44,80993,45082.773219643816,2.1035182955720755,early,0.5724980046147728,15,13,none,0
P7KdJhE9Yn8,UCZG-C5esGZyVfxO2qXa1Zmw,time,3,2.7118,28,107920.70,80993,45103.16804473736,2.3927521582287876,early,0.5034866166137513,15,13,none,0
P7KdJhE9Yn8,UCZG-C5esGZyVfxO2qXa1Zmw,time,5,4.7118,28,83090.90,80993,44987.61787778727,1.8469727626445545,likely,0.38667059242574187,15,11,none,0
P7KdJhE9Yn8,UCZG-C5esGZyVfxO2qXa1Zmw,time,7,6.7118,28,87423.81,80993,45499.52973543614,1.9214222912318917,likely,0.34212617010120056,15,10,none,0
P7KdJhE9Yn8,UCZG-C5esGZyVfxO2qXa1Zmw,time,14,12.7118,28,82618.56,80993,47477.00000000003,1.7401807026293803,confirmed,0.2650261826963993,15,7,none,0
bVnaStHUmr0,UCLFgO1aEI66fh06p6u6-juw,time,1,0.7604,29,8785.19,15255,10912.301074412502,0.8050723100461685,early,,14,14,none,0
bVnaStHUmr0,UCLFgO1aEI66fh06p6u6-juw,time,2,1.7604,29,7370.51,15255,10787.097225983745,0.6832712510518396,early,0.691381600319062,15,15,none,0
bVnaStHUmr0,UCLFgO1aEI66fh06p6u6-juw,time,3,2.7604,29,8250.72,15255,10676.713863973006,0.772777063791179,early,0.5544657073390035,15,15,none,0
bVnaStHUmr0,UCLFgO1aEI66fh06p6u6-juw,time,5,4.7604,29,9820.44,15255,10479.844276417596,0.9370789213607126,likely,0.5302283411471892,15,15,none,0
bVnaStHUmr0,UCLFgO1aEI66fh06p6u6-juw,time,7,6.7604,29,9866.45,15255,10480.457862275756,0.9414138299159006,likely,0.5085065180741737,15,15,none,0
bVnaStHUmr0,UCLFgO1aEI66fh06p6u6-juw,time,14,14.7604,29,13818.26,15255,11550.014746976958,1.196385048092302,confirmed,0.5201822856082727,15,12,none,0
XVOvSJoWE6Y,UCrJhTwfygi-D-slK4gbZ8fA,time,2,2.9374,28,1855.70,3618,4778.93564319298,0.3883076069023107,early,,15,14,none,0
XVOvSJoWE6Y,UCrJhTwfygi-D-slK4gbZ8fA,time,3,2.9374,28,1855.70,3618,4778.93564319298,0.3883076069023107,early,,15,14,none,0
XVOvSJoWE6Y,UCrJhTwfygi-D-slK4gbZ8fA,time,5,5.9374,28,2108.81,3618,4829.46714442669,0.4366547330101306,likely,0.4754082700427144,15,14,none,0
XVOvSJoWE6Y,UCrJhTwfygi-D-slK4gbZ8fA,time,7,6.9374,28,2249.66,3618,4829.46714442669,0.4658196483277509,likely,0.47731988390879376,15,14,none,0
XVOvSJoWE6Y,UCrJhTwfygi-D-slK4gbZ8fA,time,14,13.9374,28,2912.24,3618,4954.472680409823,0.5878009911843819,confirmed,0.5143641157343967,15,13,none,0
-0jZnTfLpeM,UCBXQM4wXOpzZPcjXMqecArA,heldout,2,2.7083,30,3795.82,7592,7628.972435648218,0.4975527737373395,early,,15,12,none,0
-0jZnTfLpeM,UCBXQM4wXOpzZPcjXMqecArA,heldout,3,2.7083,30,3795.82,7592,7628.972435648218,0.4975527737373395,early,,15,12,none,0
-0jZnTfLpeM,UCBXQM4wXOpzZPcjXMqecArA,heldout,5,6.7083,30,7509.08,7592,8071.210461707968,0.9303540920750921,likely,0.9089005670608167,15,11,none,0
-0jZnTfLpeM,UCBXQM4wXOpzZPcjXMqecArA,heldout,7,6.7083,30,7509.08,7592,8071.210461707968,0.9303540920750921,likely,0.9089005670608167,15,11,none,0
-0jZnTfLpeM,UCBXQM4wXOpzZPcjXMqecArA,heldout,14,13.7083,30,7409.67,7592,8969.000000000007,0.826141735137646,confirmed,0.6561371399666819,15,8,none,0
afEXNqx5COs,UCLhu5JoRWPgEGDoUFfQHTPQ,time,5,4.7708,28,6182.21,5396,6823.135172337899,0.9060655407393884,likely,,11,11,none,0
afEXNqx5COs,UCLhu5JoRWPgEGDoUFfQHTPQ,time,7,6.7708,28,5267.73,5396,6705.467766387221,0.7855871491849261,likely,0.16133068368734646,15,15,none,0
afEXNqx5COs,UCLhu5JoRWPgEGDoUFfQHTPQ,time,14,13.7708,28,5652.02,5396,6526.840129808748,0.8659650521718928,confirmed,0.13947708101384587,15,11,none,0
X5T8UrpeLCY,UCuuq3lB_aWH9-bUubni59Rg,time,14,13.9166,28,203.53,198,459.3706748655653,0.4430608304033971,confirmed,0.1941913104696319,15,14,none,0
BKxzB6x9p_Y,UCgCsMxVCJs0TSqAIlBxiT7g,heldout,5,6.8130,31,16702.17,15485,5320.2998458832835,3.1393285203076635,likely,,15,14,none,0
BKxzB6x9p_Y,UCgCsMxVCJs0TSqAIlBxiT7g,heldout,7,6.8130,31,16702.17,15485,5320.2998458832835,3.1393285203076635,likely,,15,14,none,0
rRKQh5Etff4,UCZDXM1926FRjQGNWNGSpBQQ,time,2,2.7907,27,11545.14,9157,8595.927132444138,1.343094635287695,early,,15,14,none,0
rRKQh5Etff4,UCZDXM1926FRjQGNWNGSpBQQ,time,3,2.7907,27,11545.14,9157,8595.927132444138,1.343094635287695,early,,15,14,none,0
rRKQh5Etff4,UCZDXM1926FRjQGNWNGSpBQQ,time,5,4.7907,27,8884.36,9157,8519.302164996838,1.0428510154386001,likely,0.16717246818839723,15,13,none,0
rRKQh5Etff4,UCZDXM1926FRjQGNWNGSpBQQ,time,7,7.7907,27,9435.40,9157,8422.985225421528,1.1201963286473857,confirmed,0.19779716741605036,15,13,none,0
rRKQh5Etff4,UCZDXM1926FRjQGNWNGSpBQQ,time,14,15.7907,27,9761.78,9157,8370.000000000002,1.166282029841374,confirmed,0.14315223089807316,15,9,none,0
sHiM7k9dftk,UC8DqDLFZCni7Jkys3N3818w,time,5,4.8177,27,36.65,75,28.83473581424232,1.270875463571664,likely,,5,5,none,0
sHiM7k9dftk,UC8DqDLFZCni7Jkys3N3818w,time,7,7.8177,27,58.34,75,30.92802006731865,1.8861720149762988,confirmed,0.6917858522316284,5,5,none,0
sHiM7k9dftk,UC8DqDLFZCni7Jkys3N3818w,time,14,15.8177,27,61.69,75,37.068762953022464,1.6643325471716246,confirmed,0.5614416501784473,5,5,none,0
Gw8o6OvEAHY,UCAYLryveVTTC__-iYIvAP2g,time,5,6.9580,27,545.58,439,,,insufficient,,0,0,none,0
Gw8o6OvEAHY,UCAYLryveVTTC__-iYIvAP2g,time,7,6.9580,27,545.58,439,,,insufficient,,0,0,none,0
Gw8o6OvEAHY,UCAYLryveVTTC__-iYIvAP2g,time,14,13.9580,27,455.04,439,,,insufficient,0.025470690498029046,0,0,none,0
nLy2Oo7_hnk,UCHqH3S3G4wvIvGoRz4xWGqQ,heldout,3,3.9370,28,2303.29,2134,1529.9654213432473,1.5054551876758446,likely,,15,15,none,0
nLy2Oo7_hnk,UCHqH3S3G4wvIvGoRz4xWGqQ,heldout,5,3.9370,28,2303.29,2134,1529.9654213432473,1.5054551876758446,likely,,15,15,none,0
cQHE-iQBMek,UCpv6LoMeHrG-NPDCRnBWFpA,heldout,14,12.9159,27,538.15,628,375.02112463754247,1.4349876568996718,confirmed,,10,10,none,0
cQHE-iQBMek,UCpv6LoMeHrG-NPDCRnBWFpA,time,14,12.9159,27,538.15,628,375.02112463754247,1.4349876568996718,confirmed,,10,10,none,0
P_Q77OpMFlg,UCnpWedLQdHpZqhgTLdB9Yyg,heldout,2,2.8956,30,71730.26,90986,64156.083956337956,1.118058541202845,early,,15,15,none,0
P_Q77OpMFlg,UCnpWedLQdHpZqhgTLdB9Yyg,heldout,3,2.8956,30,71730.26,90986,64156.083956337956,1.118058541202845,early,,15,15,none,0
P_Q77OpMFlg,UCnpWedLQdHpZqhgTLdB9Yyg,heldout,7,7.8956,30,77557.80,90986,66186.82813669558,1.1718010678078263,confirmed,0.3658365908943555,15,15,none,0
P_Q77OpMFlg,UCnpWedLQdHpZqhgTLdB9Yyg,heldout,14,13.8956,30,88070.56,90986,69719.67028676858,1.263209660489874,confirmed,0.38284915378719625,15,13,none,0
KOFmvoeC97U,UCMQ_mPIBPi4IMpYEmuyOMqQ,time,1,1.9579,28,5204.91,4791,3212.999999999998,1.6199532578684128,early,,15,14,none,0
KOFmvoeC97U,UCMQ_mPIBPi4IMpYEmuyOMqQ,time,2,1.9579,28,5204.91,4791,3212.999999999998,1.6199532578684128,early,,15,14,none,0
KOFmvoeC97U,UCMQ_mPIBPi4IMpYEmuyOMqQ,time,3,2.9579,28,4218.73,4791,3212.999999999998,1.3130190553776204,early,0.3452314067952375,15,14,none,0
KOFmvoeC97U,UCMQ_mPIBPi4IMpYEmuyOMqQ,time,5,4.9579,28,4489.30,4791,3212.999999999998,1.3972306993942918,likely,0.33323440473111965,15,14,none,0
KOFmvoeC97U,UCMQ_mPIBPi4IMpYEmuyOMqQ,time,7,6.9579,28,4951.69,4791,3212.999999999998,1.5411421081003547,likely,0.33593093610612906,15,14,none,0
KOFmvoeC97U,UCMQ_mPIBPi4IMpYEmuyOMqQ,time,14,12.9579,28,4777.70,4791,3212.999999999998,1.4869902449852102,confirmed,0.27541969443631364,15,13,none,0
0jk1zGhHb-g,UCQ4FNww3XoNgqIlkBqEAVCg,heldout,1,0.8948,27,257336.38,543274,289251.5999817684,0.8896627566065257,early,,15,13,none,0
0jk1zGhHb-g,UCQ4FNww3XoNgqIlkBqEAVCg,time,1,0.8948,27,257336.38,543274,289251.5999817684,0.8896627566065257,early,,15,13,none,0
0jk1zGhHb-g,UCQ4FNww3XoNgqIlkBqEAVCg,heldout,2,1.8948,27,329407.79,543274,290551.0963361728,1.1337344581520423,early,0.9904327145359487,15,12,none,0
0jk1zGhHb-g,UCQ4FNww3XoNgqIlkBqEAVCg,time,2,1.8948,27,329407.79,543274,290551.0963361728,1.1337344581520423,early,0.9904327145359487,15,12,none,0
0jk1zGhHb-g,UCQ4FNww3XoNgqIlkBqEAVCg,heldout,3,2.8948,27,345365.32,543274,292801.96870613913,1.1795184452808947,early,0.8496629113426065,15,12,none,0
0jk1zGhHb-g,UCQ4FNww3XoNgqIlkBqEAVCg,time,3,2.8948,27,345365.32,543274,292801.96870613913,1.1795184452808947,early,0.8496629113426065,15,12,none,0
0jk1zGhHb-g,UCQ4FNww3XoNgqIlkBqEAVCg,heldout,5,4.8948,27,496334.18,543274,294539.9403876854,1.6851167421323816,likely,0.8361236794557674,15,12,none,0
0jk1zGhHb-g,UCQ4FNww3XoNgqIlkBqEAVCg,time,5,4.8948,27,496334.18,543274,294539.9403876854,1.6851167421323816,likely,0.8361236794557674,15,12,none,0
0jk1zGhHb-g,UCQ4FNww3XoNgqIlkBqEAVCg,heldout,7,6.8948,27,593297.34,543274,298038.17597462866,1.9906756557664063,likely,0.8480708159735377,15,12,none,0
0jk1zGhHb-g,UCQ4FNww3XoNgqIlkBqEAVCg,time,7,6.8948,27,593297.34,543274,298038.17597462866,1.9906756557664063,likely,0.8480708159735377,15,12,none,0
0jk1zGhHb-g,UCQ4FNww3XoNgqIlkBqEAVCg,heldout,14,12.8948,27,571071.84,543274,300209.00000000006,1.9022475625792112,confirmed,0.7033175882827499,15,10,none,0
0jk1zGhHb-g,UCQ4FNww3XoNgqIlkBqEAVCg,time,14,12.8948,27,571071.84,543274,300209.00000000006,1.9022475625792112,confirmed,0.7033175882827499,15,10,none,0
0SSjtMeaAP4,UC41S9MSkeQ1TWo1URYLeRuw,heldout,1,0.9108,29,8020.69,4413,4625.275043378955,1.7340993327331333,early,,14,12,none,0
0SSjtMeaAP4,UC41S9MSkeQ1TWo1URYLeRuw,heldout,7,8.9108,29,4683.53,4413,4625.275043378955,1.0125945532662515,confirmed,0.1480543488579785,15,13,none,0
0SSjtMeaAP4,UC41S9MSkeQ1TWo1URYLeRuw,heldout,14,14.9108,29,4462.27,4413,5325.0780936194715,0.8379723005497958,confirmed,0.12116486963529438,15,12,none,0
CmMMDqTJEMo,UCq33AlEZl8QBmxatFEwknew,time,7,8.3181,27,455.92,411,284.391846337259,1.6031245145463973,confirmed,,15,15,none,0
CmMMDqTJEMo,UCq33AlEZl8QBmxatFEwknew,time,14,15.3181,27,392.85,411,287.119592275039,1.3682292479735632,confirmed,0.08684054414325762,15,11,none,0
3CxEfJbpGPU,UC8DqDLFZCni7Jkys3N3818w,heldout,5,4.8180,27,61.08,91,28.83473581424232,2.1181257726194396,likely,,3,3,none,0
3CxEfJbpGPU,UC8DqDLFZCni7Jkys3N3818w,time,5,4.8180,27,61.08,91,28.83473581424232,2.1181257726194396,likely,,3,3,none,0
3CxEfJbpGPU,UC8DqDLFZCni7Jkys3N3818w,heldout,7,6.8180,27,74.62,91,31.75145347347159,2.3501347689250567,likely,0.6170554982731096,3,3,none,0
3CxEfJbpGPU,UC8DqDLFZCni7Jkys3N3818w,time,7,6.8180,27,74.62,91,31.75145347347159,2.3501347689250567,likely,0.6170554982731096,3,3,none,0
3CxEfJbpGPU,UC8DqDLFZCni7Jkys3N3818w,heldout,14,12.8180,27,65.92,91,33.840435032564045,1.9480370955073558,confirmed,0.31314619826371304,3,3,none,0
3CxEfJbpGPU,UC8DqDLFZCni7Jkys3N3818w,time,14,12.8180,27,65.92,91,33.840435032564045,1.9480370955073558,confirmed,0.31314619826371304,3,3,none,0
nSOgKuGUta0,UCGWNHkr2WZcRbxqoet-nyeg,time,14,13.9017,28,981.99,938,2602.211854340116,0.3773660087406222,confirmed,,15,15,none,0
9IMDTevhNX0,UCXxIurzUx2ztE6D5IzcyTcw,heldout,5,4.9582,31,20765.70,22872,19769.407619181296,1.0503958138477885,likely,,15,11,none,0
9IMDTevhNX0,UCXxIurzUx2ztE6D5IzcyTcw,heldout,7,7.9582,31,22531.52,22872,19776.01119646091,1.1393361554963137,confirmed,0.3567555252114585,15,11,none,0
9IMDTevhNX0,UCXxIurzUx2ztE6D5IzcyTcw,heldout,14,13.9582,31,22868.78,22872,19815.986234575073,1.1540568825573512,confirmed,0.3163044884431659,15,10,none,0
9VZ7hqx5p_I,UCSLClJLzdUMRMe0E4SPfc-w,heldout,1,1.7915,29,66463.84,74879,85878.2993773256,0.7739305915811229,early,,15,11,none,0
9VZ7hqx5p_I,UCSLClJLzdUMRMe0E4SPfc-w,heldout,2,1.7915,29,66463.84,74879,85878.2993773256,0.7739305915811229,early,,15,11,none,0
9VZ7hqx5p_I,UCSLClJLzdUMRMe0E4SPfc-w,heldout,3,3.7915,29,81955.98,74879,86365.5383999525,0.9489430797550962,likely,0.6601751777252439,15,10,none,0
9VZ7hqx5p_I,UCSLClJLzdUMRMe0E4SPfc-w,heldout,5,4.7915,29,79230.26,74879,85392.6348106502,0.9278348323708756,likely,0.6133533718601081,15,10,none,0
9VZ7hqx5p_I,UCSLClJLzdUMRMe0E4SPfc-w,heldout,7,6.7915,29,84433.28,74879,84159.55923940688,1.0032523563751172,likely,0.549081662313289,15,9,none,0
9VZ7hqx5p_I,UCSLClJLzdUMRMe0E4SPfc-w,heldout,14,13.7915,29,76455.24,74879,80221.46158912573,0.9530522000620838,confirmed,0.41348333355003875,15,6,none,0
V6LAU6acHh0,UCBXQM4wXOpzZPcjXMqecArA,time,0.5,0.7079,27,14598.38,14367,6165.324686199865,2.3678205404225396,early,,15,11,none,0
V6LAU6acHh0,UCBXQM4wXOpzZPcjXMqecArA,time,1,0.7079,27,14598.38,14367,6165.324686199865,2.3678205404225396,early,,15,11,none,0
V6LAU6acHh0,UCBXQM4wXOpzZPcjXMqecArA,time,2,1.7079,27,17191.15,14367,6147.605496581238,2.796396917981488,early,0.9090658772272431,15,11,none,0
V6LAU6acHh0,UCBXQM4wXOpzZPcjXMqecArA,time,3,2.7079,27,16251.19,14367,6327.696282020425,2.568262781159934,early,0.6552126959204561,15,10,none,0
V6LAU6acHh0,UCBXQM4wXOpzZPcjXMqecArA,time,5,4.7079,27,17183.81,14367,6511.0631707499315,2.6391711199238803,likely,0.5083322255428296,15,9,none,0
V6LAU6acHh0,UCBXQM4wXOpzZPcjXMqecArA,time,7,7.7079,27,18078.36,14367,7026.404815981414,2.5729178983463528,confirmed,0.43766144985799277,15,8,none,0
V6LAU6acHh0,UCBXQM4wXOpzZPcjXMqecArA,time,14,12.7079,27,16998.74,14367,7905.572705777397,2.1502223259546693,confirmed,0.38289674825431824,15,6,none,0
_lib9MjpKBw,UCMekTeLUP4PllG4z53Qny2Q,heldout,14,13.7706,31,466.44,506,657.0000000000002,0.7099530556564727,confirmed,0.03173481879427923,15,10,none,0
tO96suFjNgA,UCnpWedLQdHpZqhgTLdB9Yyg,heldout,1,1.8954,27,55354.19,47060,68528.81639595905,0.8077505322168219,early,,15,15,none,0
tO96suFjNgA,UCnpWedLQdHpZqhgTLdB9Yyg,heldout,2,1.8954,27,55354.19,47060,68528.81639595905,0.8077505322168219,early,,15,15,none,0
tO96suFjNgA,UCnpWedLQdHpZqhgTLdB9Yyg,heldout,3,3.8954,27,50872.36,47060,69914.70520120084,0.7276346211338157,likely,0.43067252998805156,15,15,none,0
tO96suFjNgA,UCnpWedLQdHpZqhgTLdB9Yyg,heldout,5,4.8954,27,49401.44,47060,70259.82470078264,0.7031250719017281,likely,0.3761703703520478,15,15,none,0
tO96suFjNgA,UCnpWedLQdHpZqhgTLdB9Yyg,heldout,7,6.8954,27,48919.00,47060,71022.38004061887,0.6887828722462076,likely,0.31569034540111546,15,15,none,0
tO96suFjNgA,UCnpWedLQdHpZqhgTLdB9Yyg,heldout,14,13.8954,27,53107.42,47060,73641,0.7211664618475373,confirmed,0.2448294936354677,15,11,none,0
rLmPiedNaTI,UCySH3WVP-5d4aJIfn8-WoPA,heldout,2,2.8933,27,117848.71,113948,110691.37985394742,1.06466023111319,early,,3,3,none,0
rLmPiedNaTI,UCySH3WVP-5d4aJIfn8-WoPA,time,2,2.8933,27,117848.71,113948,110691.37985394742,1.06466023111319,early,,3,3,none,0
rLmPiedNaTI,UCySH3WVP-5d4aJIfn8-WoPA,heldout,3,2.8933,27,117848.71,113948,110691.37985394742,1.06466023111319,early,,3,3,none,0
rLmPiedNaTI,UCySH3WVP-5d4aJIfn8-WoPA,time,3,2.8933,27,117848.71,113948,110691.37985394742,1.06466023111319,early,,3,3,none,0
rLmPiedNaTI,UCySH3WVP-5d4aJIfn8-WoPA,heldout,5,4.8933,27,192560.61,113948,111365.99999999997,1.729078961347942,likely,0.8562841973105685,15,14,none,0
rLmPiedNaTI,UCySH3WVP-5d4aJIfn8-WoPA,time,5,4.8933,27,192560.61,113948,111365.99999999997,1.729078961347942,likely,0.8562841973105685,15,14,none,0
rLmPiedNaTI,UCySH3WVP-5d4aJIfn8-WoPA,heldout,7,6.8933,27,155059.38,113948,111365.99999999997,1.3923404170085494,likely,0.5893363096555302,15,14,none,0
rLmPiedNaTI,UCySH3WVP-5d4aJIfn8-WoPA,time,7,6.8933,27,155059.38,113948,111365.99999999997,1.3923404170085494,likely,0.5893363096555302,15,14,none,0
rLmPiedNaTI,UCySH3WVP-5d4aJIfn8-WoPA,heldout,14,12.8933,27,132393.16,113948,110100.59371104406,1.202474502450142,confirmed,0.33378954643007386,15,13,none,0
rLmPiedNaTI,UCySH3WVP-5d4aJIfn8-WoPA,time,14,12.8933,27,132393.16,113948,110100.59371104406,1.202474502450142,confirmed,0.33378954643007386,15,13,none,0
dXAyP3i8m8c,UCmH99cCLXOXzaEFJKyGJXTw,time,3,3.8196,27,597.33,413,297.1546442605629,2.0101566385682808,likely,,12,12,none,0
dXAyP3i8m8c,UCmH99cCLXOXzaEFJKyGJXTw,time,5,4.8196,27,444.22,413,292.55513628315873,1.5184082950087407,likely,0.19440397926523345,15,14,none,0
dXAyP3i8m8c,UCmH99cCLXOXzaEFJKyGJXTw,time,7,6.8196,27,436.50,413,290.7932172318974,1.5010575137336586,likely,0.11259154206938105,15,14,none,0
dXAyP3i8m8c,UCmH99cCLXOXzaEFJKyGJXTw,time,14,12.8196,27,416.69,413,303.2430797433548,1.3740977956646285,confirmed,0.06600143317181281,15,12,none,0
emTHA3aquoQ,UCrtPXCqjm9c7nqgJL-vBSZg,time,5,5.0885,27,9715.94,10046,6535.999999999997,1.4865261941754517,likely,0.6745049420827912,15,14,none,0
emTHA3aquoQ,UCrtPXCqjm9c7nqgJL-vBSZg,time,7,7.0885,27,12242.37,10046,6535.999999999997,1.873067118005159,confirmed,0.6775384499625514,15,12,none,0
emTHA3aquoQ,UCrtPXCqjm9c7nqgJL-vBSZg,time,14,13.0885,27,9836.59,10046,6535.999999999997,1.5049865517657184,confirmed,0.4130393264695225,15,10,none,0
9ZsAWvf29qo,UCeKKrZ5GnBXRwnKlrixiREQ,time,5,6.4445,29,124067.12,107525,,,insufficient,,0,0,none,0
9ZsAWvf29qo,UCeKKrZ5GnBXRwnKlrixiREQ,time,7,7.4445,29,110657.59,107525,,,insufficient,0.17200408805883008,0,0,none,0
9ZsAWvf29qo,UCeKKrZ5GnBXRwnKlrixiREQ,time,14,13.4445,29,108221.14,107525,,,insufficient,0.0918827882102769,0,0,none,0
AKvM8OYr-Yw,UCiDJtJKMICpb9B1qf7qjEOA,heldout,14,13.9165,30,394604.42,409644,110670.37963116974,3.5655829411790507,confirmed,0.130196943546274,15,15,none,0
cON8atShXMU,UCw4T39MvmTCmYoSdpB2Rwuw,time,14,13.9159,29,525.69,568,565.533250523165,0.9295526737684655,confirmed,0.21913430396405256,15,14,none,0
2OI0jFCOfWg,UCF2UdeyQbFenSvnJ4aZUzHw,time,5,6.6458,28,8965.50,10689,,,insufficient,,1,1,none,0
2OI0jFCOfWg,UCF2UdeyQbFenSvnJ4aZUzHw,time,7,6.6458,28,8965.50,10689,,,insufficient,,1,1,none,0
2OI0jFCOfWg,UCF2UdeyQbFenSvnJ4aZUzHw,time,14,13.6458,28,9321.88,10689,,,insufficient,0.24841536359732913,1,1,none,0
tQW6i__5hbU,UCJ1RVDuSiJncq6VQYiqpzLA,heldout,14,13.9988,30,983.67,1060,1136.2034423963319,0.8657501993301874,confirmed,0.07656143989770561,15,15,none,0
1vj4lHoEq8E,UC99GtVg2esxExp_J0uPxO-g,time,0.5,0.6257,29,137389.62,92452,157042.2241352424,0.874857803681152,early,,15,12,none,0
1vj4lHoEq8E,UC99GtVg2esxExp_J0uPxO-g,time,1,0.6257,29,137389.62,92452,157042.2241352424,0.874857803681152,early,,15,12,none,0
1vj4lHoEq8E,UC99GtVg2esxExp_J0uPxO-g,time,2,1.6257,29,107185.25,92452,157042.2241352424,0.6825250067026214,early,0.4971236068615114,15,12,none,0
1vj4lHoEq8E,UC99GtVg2esxExp_J0uPxO-g,time,3,2.6257,29,91663.82,92452,157121.99999999988,0.5833926211871611,early,0.38323271366252354,15,11,none,0
1vj4lHoEq8E,UC99GtVg2esxExp_J0uPxO-g,time,5,4.6257,29,97836.71,92452,157121.99999999988,0.6226798737979808,likely,0.3057272967126456,15,11,none,0
1vj4lHoEq8E,UC99GtVg2esxExp_J0uPxO-g,time,7,6.6257,29,96695.29,92452,157121.99999999988,0.615415338761178,likely,0.27615560777884096,15,11,none,0
1vj4lHoEq8E,UC99GtVg2esxExp_J0uPxO-g,time,14,13.6257,29,98083.68,92452,157121.99999999988,0.624251711609532,confirmed,0.23360743016700208,15,10,none,0
UY4MJYq4Hko,UCbY9xX3_jW5c2fjlZVBI4cg,heldout,14,14.4942,29,9003.31,8746,43635.467738459585,0.2063301424074235,confirmed,0.010357201187730593,15,15,none,0
UY4MJYq4Hko,UCbY9xX3_jW5c2fjlZVBI4cg,time,14,14.4942,29,9003.31,8746,43635.467738459585,0.2063301424074235,confirmed,0.010357201187730593,15,15,none,0
xk6yKMFsHNI,UCtak3C1t8k3u8CVzVGYvemA,time,14,14.0403,29,12767.99,12827,25666.148863827053,0.4974643686328939,confirmed,0.09021435664627128,15,9,none,0
iJer4OuSOn8,UCihbzGj7YwFNq-aL-6-Titw,heldout,14,14.0204,32,40.42,42,62.79316409982027,0.6437759200160337,confirmed,0,15,14,none,0
pN7XXZavnaY,UCcTiu6qN0sm433gR8wjoVCA,time,3,3.9583,27,3317.95,2755,,,insufficient,,2,2,none,0
pN7XXZavnaY,UCcTiu6qN0sm433gR8wjoVCA,time,5,4.9583,27,2808.04,2755,,,insufficient,0.3048652418995958,2,2,none,0
pN7XXZavnaY,UCcTiu6qN0sm433gR8wjoVCA,time,7,6.9583,27,2527.50,2755,,,insufficient,0.20300281732999675,2,2,none,0
pN7XXZavnaY,UCcTiu6qN0sm433gR8wjoVCA,time,14,14.9583,27,2760.16,2755,,,insufficient,0.1683422994535728,2,2,none,0
AQF4eteGhck,UC1usuCeFHj1tQikOJ00SWyA,time,2,2.3332,29,2765.75,2811,1307.8892864338113,2.114666650394068,early,,15,15,none,0
AQF4eteGhck,UC1usuCeFHj1tQikOJ00SWyA,time,3,3.3332,29,2214.70,2811,1307.8892864338113,1.6933364291256208,likely,0.3369853270150382,15,15,none,0
AQF4eteGhck,UC1usuCeFHj1tQikOJ00SWyA,time,5,5.3332,29,1999.55,2811,1314.8726099522726,1.5207196612847627,likely,0.2598557103552483,15,15,none,0
AQF4eteGhck,UC1usuCeFHj1tQikOJ00SWyA,time,7,7.3332,29,2328.68,2811,1314.8726099522726,1.7710271424880366,confirmed,0.2927637025640874,15,15,none,0
AQF4eteGhck,UC1usuCeFHj1tQikOJ00SWyA,time,14,14.3332,29,2526.28,2811,1348.599462005414,1.873262885892556,confirmed,0.27679558040077473,15,15,none,0
jlSnIXTyo1w,UCEtxsMx4qsoitFwjBdLU_gA,time,5,4.8092,27,420.74,364,514.5390326478696,0.8177086195109292,likely,,3,3,none,0
jlSnIXTyo1w,UCEtxsMx4qsoitFwjBdLU_gA,time,7,7.8092,27,360.44,364,474.786220890373,0.7591648040176203,confirmed,0.12822721615398364,3,3,none,0
jlSnIXTyo1w,UCEtxsMx4qsoitFwjBdLU_gA,time,14,12.8092,27,356.57,364,453.566445431602,0.7861402144367343,confirmed,0.1201874555196194,3,3,none,0
Myd7c7yScbY,UC2qUDKqTsz00csykCYgdLuA,time,14,13.7497,28,2986.62,2928,5683.999999999995,0.525443516944174,confirmed,0.26896372016232095,15,14,none,0